# Fix print output for fix print_ss_high
333333.327058632 0 -0.0312166889564633
333666.660385691 0.001002 -0.0538663302008074
334000.660379404 0.002004 -0.0241069964688259
334334.660373117 0.003006 -0.0533721947261217
334668.660366829 0.004008 -0.0610002539950826
335002.660360542 0.00501 -0.05365791159634
335336.660354255 0.006012 -0.0587135869978068
335670.660347967 0.007014 -0.0478225899620999
336004.66034168 0.008016 -0.0289263063650075
336338.660335393 0.009018 -0.0122540684874866
336672.660329106 0.01002 -0.0485407111442233
337006.660322818 0.011022 -0.0489633836020247
337340.660316531 0.012024 -0.0602718096812091
337674.660310244 0.013026 -0.0380957152800816
338008.660303957 0.014028 -0.0472019937185538
338342.66029767 0.01503 -0.044623463956298
338676.660291382 0.016032 -0.0416660017807495
339010.660285095 0.017034 -0.0523118675200145
339344.660278808 0.018036 -0.0766807845722307
339678.660272521 0.019038 -0.0450027997320422
340012.660266233 0.02004 -0.0429820429967369
340346.660259946 0.021042 -0.0265058915520646
340680.660253659 0.022044 -0.0849050550080531
341014.660247372 0.023046 -0.0552005869551616
341348.660241084 0.024048 -0.0422765855845185
341682.660234797 0.02505 -0.0252939108389565
342016.66022851 0.026052 -0.0304011464333794
342350.660222222 0.027054 -0.0522444390313834
342684.660215935 0.028056 -0.0396179651050826
343018.660209648 0.029058 -0.0300873706382115
343352.660203361 0.03006 -0.0384805530603803
343686.660197074 0.031062 -0.0515933805034157
344020.660190786 0.032064 -0.0416118937890566
344354.660184499 0.033066 -0.0504528006761432
344688.660178212 0.034068 -0.0516576721296548
345022.660171924 0.03507 -0.0471146913410564
345356.660165637 0.036072 -0.0244950521163891
345690.66015935 0.037074 -0.0442970552594009
346024.660153063 0.038076 -0.0588590463744459
346358.660146775 0.039078 -0.0686941767677255
346692.660140488 0.04008 -0.0415548935728327
347026.660134201 0.041082 -0.0580891957721941
347360.660127914 0.042084 -0.0322348364285898
347694.660121627 0.043086 -0.0401261871970609
348028.660115339 0.044088 -0.0438645196399992
348362.660109052 0.04509 -0.0220246906834125
348696.660102765 0.046092 -0.0588215783316027
349030.660096477 0.047094 -0.0409695560620464
349364.66009019 0.048096 -0.0485525319078526
349698.660083903 0.049098 -0.032691590582394
350032.660077616 0.0501 -0.0404861259574837
350366.660071329 0.051102 -0.0408144335549609
350700.660065041 0.052104 -0.0356219018827955
351034.660058754 0.053106 -0.0582715272535117
351368.660052467 0.054108 -0.0506649701304457
351702.660046179 0.05511 -0.0315822679570756
352036.660039892 0.056112 -0.0374469537570094
352370.660033605 0.057114 -0.0607767634010165
352704.660027318 0.058116 -0.0782728665923863
353038.660021031 0.059118 -0.00996629104988102
353372.660014743 0.06012 -0.040023644523312
353706.660008456 0.061122 -0.0405434249831356
354040.660002169 0.062124 -0.0322595034091625
354374.659995881 0.063126 -0.0442637688018873
354708.659989594 0.064128 -0.0666827974072208
355042.659983307 0.06513 -0.00740064131737134
355376.65997702 0.066132 -0.0315530312369678
355710.659970732 0.067134 -0.0390099569562979
356044.659964445 0.068136 -0.0474120895676002
356378.659958158 0.069138 -0.0478058116376536
356712.659951871 0.07014 -0.0519135300680838
357046.659945584 0.071142 -0.0385753326522911
357380.659939296 0.072144 -0.0458476281396501
357714.659933009 0.073146 -0.0262147424653847
358048.659926722 0.074148 -0.0236703039158013
358382.659920434 0.07515 -0.0540559058754405
358716.659914147 0.076152 -0.0515419745369277
359050.65990786 0.077154 -0.0446205223656335
359384.659901573 0.078156 -0.0502500609159549
359718.659895285 0.079158 -0.0518470866264639
360052.659888998 0.08016 -0.0396844363220856
360386.659882711 0.081162 -0.0294656458880596
360720.659876424 0.082164 -0.0211576983705792
361054.659870136 0.083166 -0.0390773060040617
361388.659863849 0.084168 -0.0319526237760794
361722.659857562 0.08517 -0.0384041935085035
362056.659851275 0.086172 -0.014900549348016
362390.659844988 0.087174 -0.0509848708474982
362724.6598387 0.088176 -0.0504475019488149
363058.659832413 0.089178 -0.0225037465022269
363392.659826126 0.09018 -0.0320234446894889
363726.659819838 0.091182 -0.0389892358492733
364060.659813551 0.092184 -0.0453844060294937
364394.659807264 0.093186 -0.0415527810983825
364728.659800977 0.094188 -0.0686822885773097
365062.659794689 0.09519 -0.0280347820761743
365396.659788402 0.096192 -0.0222994975649138
365730.659782115 0.097194 -0.015262911648634
366064.659775828 0.098196 -0.0358573452654073
366398.659769541 0.099198 -0.0171775020055034
366732.659763253 0.1002 -0.0578360913779115
367066.659756966 0.101202 -0.070517694990048
367400.659750679 0.102204 -0.0197051723770119
367734.659744391 0.103206 -0.0335891431334226
368068.659738104 0.104208 -0.0443635442699998
368402.659731817 0.10521 -0.0416024236104286
368736.65972553 0.106212 -0.0433424678495073
369070.659719242 0.107214 -0.0375525638749516
369404.659712955 0.108216 -0.0360450302260073
369738.659706668 0.109218 -0.00990614528100861
370072.659700381 0.11022 -0.0234537863471705
370406.659694093 0.111222 -0.0358177860577526
370740.659687806 0.112224 -0.0403450325701157
371074.659681519 0.113226 -0.047228064989765
371408.659675232 0.114228 -0.0463891356983305
371742.659668944 0.11523 -0.0318209993661687
372076.659662657 0.116232 -0.0339185519392748
372410.65965637 0.117234 -0.0383317341929217
372744.659650083 0.118236 -0.0132357548415771
373078.659643795 0.119238 -0.0375961869937429
373412.659637508 0.12024 -0.00903114544753497
373746.659631221 0.121242 -0.042313369852702
374080.659624934 0.122244 -0.0373542438706107
374414.659618646 0.123246 -0.0194820096435795
374748.659612359 0.124248 -0.0254217324564197
375082.659606072 0.12525 -0.0299606878798946
375416.659599785 0.126252 -0.0110560531201904
375750.659593498 0.127254 -0.0337523901346377
376084.65958721 0.128256 -0.0433690459252956
376418.659580923 0.129258 -0.0263596251400041
376752.659574636 0.13026 -0.0353935896770151
377086.659568348 0.131262 -0.0583294946972822
377420.659562061 0.132264 -0.0273240456343034
377754.659555774 0.133266 -0.0319906205018797
378088.659549487 0.134268 -0.0248975984800354
378422.659543199 0.13527 -0.0484250629991996
378756.659536912 0.136272 -0.0312530414798647
379090.659530625 0.137274 -0.0429168841522442
379424.659524338 0.138276 -0.0459546062911234
379758.65951805 0.139278 -0.0210753932296847
380092.659511763 0.14028 -0.0254860853243937
380426.659505476 0.141282 -0.0358858287063668
380760.659499189 0.142284 -0.011090008276674
381094.659492901 0.143286 -0.0191190127032587
381428.659486614 0.144288 -0.0286383144328353
381762.659480327 0.14529 -0.0323765640672613
382096.65947404 0.146292 -0.0438154602023437
382430.659467752 0.147294 -0.0338222548941542
382764.659461465 0.148296 -0.0393249963260372
383098.659455178 0.149298 -0.0510711593091082
383432.659448891 0.1503 -0.0344988947776745
383766.659442603 0.151302 -0.0657550746538691
384100.659436316 0.152304 -0.0345412554274854
384434.659430029 0.153306 -0.0313519714056772
384768.659423742 0.154308 -0.0324828110763551
385102.659417455 0.15531 -0.0435184005946057
385436.659411167 0.156312 -0.0105034949927418
385770.65940488 0.157314 -0.0250076001713161
386104.659398593 0.158316 -0.00908341640877091
386438.659392305 0.159318 -0.0397942838818651
386772.659386018 0.16032 -0.0205440014776185
387106.659379731 0.161322 -0.0403940903329397
387440.659373444 0.162324 -0.0173481463499941
387774.659367156 0.163326 -0.0264346596334636
388108.659360869 0.164328 -0.0423353602212467
388442.659354582 0.16533 -0.0413745513523834
388776.659348295 0.166332 -0.0330714844072754
389110.659342007 0.167334 -0.00641826201790027
389444.65933572 0.168336 -0.00474468526958621
389778.659329433 0.169338 -0.0357180399177823
390112.659323146 0.17034 -0.0465138032024696
390446.659316858 0.171342 -0.0082022000921992
390780.659310571 0.172344 -0.0276034625436976
391114.659304284 0.173346 -0.0383845228074099
391448.659297997 0.174348 -0.02454446805567
391782.659291709 0.17535 -0.0529715753442747
392116.659285422 0.176352 -0.028974899189624
392450.659279135 0.177354 -0.00526565693553211
392784.659272848 0.178356 -0.0153864841896532
393118.65926656 0.179358 -0.0508194393210032
393452.659260273 0.18036 -0.0345385992570331
393786.659253986 0.181362 -0.0287573304188688
394120.659247699 0.182364 -0.0475967416521699
394454.659241411 0.183366 -0.0277923589458901
394788.659235124 0.184368 -0.0475990655623596
395122.659228837 0.18537 -0.0138200719933446
395456.65922255 0.186372 -0.0116810261249412
395790.659216262 0.187374 -0.0319155060794329
396124.659209975 0.188376 -0.0139671012728542
396458.659203688 0.189378 -0.0188917662868962
396792.659197401 0.19038 -0.0218885855443198
397126.659191113 0.191382 -0.0285855480659072
397460.659184826 0.192384 -0.0221882437016316
397794.659178539 0.193386 -0.0322560795610795
398128.659172252 0.194388 -0.0275761031726233
398462.659165964 0.19539 -0.00592125797287961
398796.659159677 0.196392 -0.0305367189908188
399130.65915339 0.197394 -0.0511993513362995
399464.659147103 0.198396 -0.0302454101079724
399798.659140815 0.199398 0.00042061674715455
400132.659134528 0.2004 -0.0257653757781524
400466.659128241 0.201402 -0.0353750099543509
400800.659121954 0.202404 -0.00467509986139081
401134.659115666 0.203406 -0.0366402482588212
401468.659109379 0.204408 -0.00272568101730489
401802.659103092 0.20541 -0.00780984656068236
402136.659096805 0.206412 -0.0211388120821575
402470.659090517 0.207414 -0.0189608807549527
402804.65908423 0.208416 -0.012562080957665
403138.659077943 0.209418 -0.0340143250580807
403472.659071656 0.21042 -0.0390644583288607
403806.659065368 0.211422 -0.0384738274668706
404140.659059081 0.212424 -0.0477740852239645
404474.659052794 0.213426 -0.0150102563217626
404808.659046507 0.214428 -0.0387862845172951
405142.659040219 0.21543 -0.00345822982113623
405476.659033932 0.216432 -0.0269339684525235
405810.659027645 0.217434 -0.0471508187544646
406144.659021358 0.218436 -0.015464495450632
406478.65901507 0.219438 -0.0242007240532428
406812.659008783 0.22044 -0.00673241267597
407146.659002496 0.221442 -0.0166787099368512
407480.658996209 0.222444 -0.00159476589754726
407814.658989921 0.223446 -0.0371220754112852
408148.658983634 0.224448 -0.011734311846073
408482.658977347 0.22545 -0.0199055437087361
408816.65897106 0.226452 -0.0180037548285566
409150.658964772 0.227454 -0.030173483596301
409484.658958485 0.228456 -0.0371571861176643
409818.658952198 0.229458 -0.0202575126017455
410152.658945911 0.23046 -0.0124214327000026
410486.658939623 0.231462 -0.0186587654255083
410820.658933336 0.232464 -0.0230983515224633
411154.658927049 0.233466 -0.0366226427324559
411488.658920762 0.234468 -0.0246221735580005
411822.658914474 0.23547 -0.0230639110001396
412156.658908187 0.236472 -0.00793005855184228
412490.6589019 0.237474 -0.0437171901377303
412824.658895613 0.238476 -0.0209680655165176
413158.658889325 0.239478 -0.0155720331029848
413492.658883038 0.24048 -0.0289305565729248
413826.658876751 0.241482 -0.041727424933144
414160.658870464 0.242484 -0.0147335840668328
414494.658864176 0.243486 -0.022831960621535
414828.658857889 0.244488 -0.0159498629547786
415162.658851602 0.24549 -0.0218795813889189
415496.658845315 0.246492 -0.0256446456544898
415830.658839027 0.247494 -0.0190764533373049
416164.65883274 0.248496 -0.0335179229615709
416498.658826453 0.249498 -0.0311086506974579
416832.658820166 0.2505 -0.0249542497227007
417166.658813878 0.251502 -0.0276483869173453
417500.658807591 0.252504 -0.0233031353224077
417834.658801304 0.253506 -0.0261625509914608
418168.658795017 0.254508 -0.0121437219044531
418502.658788729 0.25551 -0.014861894665861
418836.658782442 0.256512 -0.015187351616047
419170.658776155 0.257514 -0.0265973425467026
419504.658769868 0.258516 -0.0183367231889735
419838.65876358 0.259518 0.00970326735412221
420172.658757293 0.26052 -0.0395315649285751
420506.658751006 0.261522 -0.0113978183938584
420840.658744719 0.262524 -0.0137944951950618
421174.658738431 0.263526 -0.0243696922945427
421508.658732144 0.264528 -0.029609661851989
421842.658725857 0.26553 -0.0386538749292
422176.65871957 0.266532 -0.0283397265104094
422510.658713282 0.267534 -0.0157141294127695
422844.658706995 0.268536 -0.0106949118255284
423178.658700708 0.269538 -0.0227246370084573
423512.658694421 0.27054 -0.0197385597242187
423846.658688133 0.271542 -0.0069055126474288
424180.658681846 0.272544 -0.0145949551168535
424514.658675559 0.273546 -0.0205508762602191
424848.658669272 0.274548 -0.0161092631959747
425182.658662984 0.27555 -0.0322647155575355
425516.658656697 0.276552 -0.0373318322193234
425850.65865041 0.277554 -0.0147849149995963
426184.658644123 0.278556 -0.0306558622709092
426518.658637835 0.279558 -0.0149730883484088
426852.658631548 0.28056 -0.013347335787236
427186.658625261 0.281562 -0.0179013061802514
427520.658618974 0.282564 -0.0126815070893933
427854.658612686 0.283566 -0.0387127445526039
428188.658606399 0.284568 -0.0268660322249514
428522.658600112 0.28557 -0.0194143006152318
428856.658593825 0.286572 -0.0102335385502038
429190.658587537 0.287574 0.00620919345036276
429524.65858125 0.288576 -0.0142577660425469
429858.658574963 0.289578 -0.0201385608867273
430192.658568676 0.29058 -0.0191714620536436
430526.658562388 0.291582 -0.00870209000907526
430860.658556101 0.292584 -0.036705815779252
431194.658549814 0.293586 -0.0317477853540079
431528.658543527 0.294588 -0.0301168509724618
431862.658537239 0.29559 -0.00323071084260584
432196.658530952 0.296592 -0.0356834433872456
432530.658524665 0.297594 -0.0197362229929577
432864.658518378 0.298596 -0.0110126180095026
433198.65851209 0.299598 -0.00972704412294787
433532.658505803 0.3006 -0.0302938726047127
433866.658499516 0.301602 -0.0214342707353667
434200.658493229 0.302604 -0.0141954117061596
434534.658486941 0.303606 -0.0414815486696361
434868.658480654 0.304608 -0.0276913270349033
435202.658474367 0.30561 -0.00392825577327413
435536.65846808 0.306612 -0.0222030476515157
435870.658461792 0.307614 -0.00974281368034322
436204.658455505 0.308616 -0.0137401691606237
436538.658449218 0.309618 -0.0219915627453017
436872.658442931 0.31062 -0.0140664952966367
437206.658436643 0.311622 -0.0293650999671686
437540.658430356 0.312624 -0.0310373953089617
437874.658424069 0.313626 -0.00234369940696991
438208.658417782 0.314628 0.00155175801564205
438542.658411494 0.31563 -0.00990671252845546
438876.658405207 0.316632 -0.0183339559132724
439210.65839892 0.317634 -0.0479128385674938
439544.658392633 0.318636 -0.0152835102534266
439878.658386345 0.319638 -0.0219597680583726
440212.658380058 0.32064 -0.0230458915490736
440546.658373771 0.321642 -0.0258329349487785
440880.658367484 0.322644 -0.0159753589966379
441214.658361196 0.323646 -0.023001577686234
441548.658354909 0.324648 -0.0114380424014361
441882.658348622 0.32565 -0.0046371333312747
442216.658342335 0.326652 -0.0278282518183113
442550.658336047 0.327654 -0.00912306168577894
442884.65832976 0.328656 -0.00793032182414606
443218.658323473 0.329658 -0.0102165493663677
443552.658317186 0.33066 -0.00375120867529752
443886.658310898 0.331662 0.0107101127918214
444220.658304611 0.332664 -0.0242939604586062
444554.658298324 0.333666 -0.0089748212287566
444888.658292037 0.334668 -0.0318018542730859
445222.658285749 0.33567 -0.0123434647010565
445556.658279462 0.336672 -0.011901817108851
445890.658273175 0.337674 -0.0145318393593056
446224.658266888 0.338676 -0.0193423181094551
446558.6582606 0.339678 -0.0209759075881904
446892.658254313 0.34068 -0.00208712993554841
447226.658248026 0.341682 -0.00969828850831852
447560.658241739 0.342684 -0.0247095863642109
447894.658235451 0.343686 -0.0112500632644332
448228.658229164 0.344688 -0.0343897304739748
448562.658222877 0.34569 -0.0503481957049524
448896.65821659 0.346692 -0.0270794761446531
449230.658210302 0.347694 -0.00429463806508467
449564.658204015 0.348696 -0.00770781608318496
449898.658197728 0.349698 0.0179794289692382
450232.658191441 0.3507 -0.0127446163137177
450566.658185153 0.351702 -0.00328787133525866
450900.658178866 0.352704 0.001797585302913
451234.658172579 0.353706 -0.043693440157103
451568.658166292 0.354708 -0.0142847205615777
451902.658160004 0.35571 -0.0131030338774198
452236.658153717 0.356712 -0.01551650803888
452570.65814743 0.357714 -0.00751664916412337
452904.658141143 0.358716 -0.0159916332723349
453238.658134855 0.359718 -0.0115300448099678
453572.658128568 0.36072 -0.0114539812950887
453906.658122281 0.361722 -0.00323419712290392
454240.658115994 0.362724 -0.013232793615649
454574.658109706 0.363726 -0.00895482302849985
454908.658103419 0.364728 -0.0215119210473682
455242.658097132 0.36573 -0.0155711811350863
455576.658090845 0.366732 -0.0295328477620844
455910.658084557 0.367734 -0.0190291313344631
456244.65807827 0.368736 -0.0141301708963042
456578.658071983 0.369738 -0.0186134808318592
456912.658065696 0.37074 -0.0150804901396074
457246.658059408 0.371742 -0.0015171555423019
457580.658053121 0.372744 -0.0148715478072114
457914.658046834 0.373746 -0.0157734326271833
458248.658040547 0.374748 -0.0134975064093246
458582.658034259 0.37575 -0.0157467806209951
458916.658027972 0.376752 -0.007173465015372
459250.658021685 0.377754 -0.00864347213222394
459584.658015398 0.378756 -0.00645939513759131
459918.65800911 0.379758 -0.00511049380183462
460252.658002823 0.38076 -0.00203502711811225
460586.657996536 0.381762 -0.00878764312973029
460920.657990249 0.382764 -0.010276690884781
461254.657983961 0.383766 -0.0147141247717355
461588.657977674 0.384768 -0.0173695577891868
461922.657971387 0.38577 -0.0118271529205846
462256.6579651 0.386772 -0.00859210467251671
462590.657958812 0.387774 -0.00458332731405392
462924.657952525 0.388776 -0.0182373400099868
463258.657946238 0.389778 -0.00697659954801214
463592.657939951 0.39078 -0.0160217973648557
463926.657933663 0.391782 0.0112779297404611
464260.657927376 0.392784 -0.00355126539370567
464594.657921089 0.393786 -0.0239141182727408
464928.657914802 0.394788 -0.0095452057794991
465262.657908514 0.39579 -0.0224511553785477
465596.657902227 0.396792 -0.0164253167202432
465930.65789594 0.397794 -0.0241471300732452
466264.657889653 0.398796 -0.0109224043642626
466598.657883365 0.399798 -0.0124906051926157
466932.657877078 0.4008 0.00359064929669142
467266.657870791 0.401802 -0.0124509033171137
467600.657864504 0.402804 -0.0158526807252823
467934.657858216 0.403806 -0.0298168313248633
468268.657851929 0.404808 -0.00507800977044043
468602.657845642 0.40581 -0.0138500267900063
468936.657839355 0.406812 -0.0120087854979838
469270.657833067 0.407814 -0.00231816902184351
469604.65782678 0.408816 -0.00573907858934269
469938.657820493 0.409818 -0.0125558868591611
470272.657814206 0.41082 -0.0012031363594528
470606.657807918 0.411822 -0.01239322941783
470940.657801631 0.412824 -0.0142919424575198
471274.657795344 0.413826 3.74006229610655e-05
471608.657789057 0.414828 -0.0107941540423819
471942.657782769 0.41583 -0.00729406791960191
472276.657776482 0.416832 -0.0111817532359244
472610.657770195 0.417834 0.0030419386706848
472944.657763908 0.418836 -0.0125279607153644
473278.65775762 0.419838 0.00345553696550046
473612.657751333 0.42084 -0.0234362373137104
473946.657745046 0.421842 -0.0140541857509228
474280.657738759 0.422844 0.00346762862712522
474614.657732471 0.423846 -0.000913498807125935
474948.657726184 0.424848 0.000179803294935319
475282.657719897 0.42585 -0.0232959758340758
475616.65771361 0.426852 0.0014241325213496
475950.657707322 0.427854 -0.00571553725213055
476284.657701035 0.428856 -0.00356460612185854
476618.657694748 0.429858 -0.0175206319663256
476952.657688461 0.43086 -0.00787827984753196
477286.657682173 0.431862 -0.000634555362750483
477620.657675886 0.432864 -0.00900449434035891
477954.657669599 0.433866 -0.0126057615720853
478288.657663312 0.434868 -0.00358496529601021
478622.657657024 0.43587 -0.0144055602085405
478956.657650737 0.436872 0.0106578139388662
479290.65764445 0.437874 -0.00202939399420293
479624.657638163 0.438876 -0.00849470814643404
479958.657631875 0.439878 -0.0140201174723034
480292.657625588 0.44088 -0.0126599682390438
480626.657619301 0.441882 -0.0118250294698862
480960.657613014 0.442884 -0.017017580175884
481294.657606726 0.443886 -0.0146285588078897
481628.657600439 0.444888 -0.0300707774222073
481962.657594152 0.44589 -0.0135065036714339
482296.657587865 0.446892 -0.00118075651437607
482630.657581577 0.447894 -0.0178612854982691
482964.65757529 0.448896 -0.0254423295665475
483298.657569003 0.449898 -0.00150120183579343
483632.657562716 0.4509 -0.0139892257243104
483966.657556428 0.451902 -0.00107479067369057
484300.657550141 0.452904 -0.00434894913564574
484634.657543854 0.453906 -0.017394786681486
484968.657537567 0.454908 -0.0220780608283075
485302.657531279 0.45591 -0.00512749476096411
485636.657524992 0.456912 0.00109870601158077
485970.657518705 0.457914 -0.0122666741524612
486304.657512418 0.458916 -0.0180207955502725
486638.65750613 0.459918 -0.0184920226577467
486972.657499843 0.46092 0.00373193891037522
487306.657493556 0.461922 -0.00170483940791902
487640.657487269 0.462924 -0.0148896780309255
487974.657480981 0.463926 0.00089910441325976
488308.657474694 0.464928 -0.0202509380687118
488642.657468407 0.46593 -0.0146212344127938
488976.65746212 0.466932 -0.00353403190625971
489310.657455832 0.467934 -0.00877807950168632
489644.657449545 0.468936 -0.0047485034960221
489978.657443258 0.469938 -0.0344483107541224
490312.657436971 0.47094 -0.00747371883116501
490646.657430683 0.471942 -0.0101385657809383
490980.657424396 0.472944 -0.0185519585892131
491314.657418109 0.473946 -0.0176704950244199
491648.657411822 0.474948 -0.00351513586455518
491982.657405534 0.47595 -0.0231599919308869
492316.657399247 0.476952 0.00832650914120945
492650.65739296 0.477954 -0.011379846075645
492984.657386673 0.478956 -0.00781619870175026
493318.657380385 0.479958 -0.0117423402741614
493652.657374098 0.48096 -0.0221797769649111
493986.657367811 0.481962 -0.026018004757901
494320.657361524 0.482964 -0.000614305311651454
494654.657355236 0.483966 0.00159932967931406
494988.657348949 0.484968 0.0107208175242684
495322.657342662 0.48597 -0.0289895703898176
495656.657336375 0.486972 -0.0332567193818138
495990.657330087 0.487974 -0.023902509112558
496324.6573238 0.488976 -0.00200097783508263
496658.657317513 0.489978 -0.00592898328155532
496992.657311226 0.49098 -0.0207179573294028
497326.657304938 0.491982 -0.025813408444752
497660.657298651 0.492984 -0.00834416029414085
497994.657292364 0.493986 -0.00406456925414547
498328.657286077 0.494988 0.0016041512206896
498662.657279789 0.49599 -0.0294462730564049
498996.657273502 0.496992 0.011801288590669
499330.657267215 0.497994 -0.011032888138944
499664.657260928 0.498996 0.00837251394147811
499998.65725464 0.499998 0.0152676585901369
500332.657248353 0.501 -0.00216460028639991
500666.657242066 0.502002 -0.00564123955905681
501000.657235779 0.503004 -0.00690415776368249
501334.657229491 0.504006 -0.0279290458845509
501668.657223204 0.505008 -0.0104778177423901
502002.657216917 0.50601 0.0198442291328932
502336.65721063 0.507012 0.018621833059331
502670.657204342 0.508014 -0.00585628335628074
503004.657198055 0.509016 -0.0166483574872394
503338.657191768 0.510018 -0.0193992541409474
503672.657185481 0.51102 0.00305025410939086
504006.657179193 0.512022 -0.00209869716304651
504340.657172906 0.513024 -0.00379226899185438
504674.657166619 0.514026 -0.0138281563363045
505008.657160332 0.515028 -0.0076685416971761
505342.657154044 0.51603 -0.0166992312351232
505676.657147757 0.517032 -0.000641071145557389
506010.65714147 0.518034 -0.0307743550977031
506344.657135183 0.519036 -0.02341734530742
506678.657128895 0.520038 -0.0140900669989798
507012.657122608 0.52104 -0.0139508059963467
507346.657116321 0.522042 -0.00924588990144971
507680.657110034 0.523044 -0.00520662870722458
508014.657103746 0.524046 -0.00477907307995005
508348.657097459 0.525048 -0.00764353477050741
508682.657091172 0.52605 -0.0196975566648872
509016.657084885 0.527052 -0.00863020265377969
509350.657078597 0.528054 -0.0208205101663054
509684.65707231 0.529056 -0.00027898408754502
510018.657066023 0.530058 -0.0139330427522732
510352.657059736 0.53106 -0.0208400860779636
510686.657053448 0.532062 -0.0140077094275666
511020.657047161 0.533064 -0.0121500524603165
511354.657040874 0.534066 -0.00031260801949544
511688.657034587 0.535068 -0.00336494726183727
512022.657028299 0.53607 -0.00504198335654576
512356.657022012 0.537072 -0.0134773125963003
512690.657015725 0.538074 -0.00719803365945954
513024.657009438 0.539076 -0.00466572769994871
513358.65700315 0.540078 -0.00225275360951291
513692.656996863 0.54108 -0.0112551354809237
514026.656990576 0.542082 -0.0239899176599248
514360.656984289 0.543084 -0.0253440840896454
514694.656978001 0.544086 -0.0104911047002685
515028.656971714 0.545088 -0.0230039551619156
515362.656965427 0.54609 -0.0134679818978123
515696.65695914 0.547092 0.00555845613117886
516030.656952852 0.548094 -0.00850800103234117
516364.656946565 0.549096 -0.00164788491747319
516698.656940278 0.550098 -0.0140608146459986
517032.656933991 0.5511 -0.000833569023972602
517366.656927703 0.552102 -0.0271000510854415
517700.656921416 0.553104 -0.00985283165047508
518034.656915129 0.554106 -0.012951057181157
518368.656908842 0.555108 -0.00209487416596998
518702.656902554 0.55611 -0.0223410906681317
519036.656896267 0.557112 -0.0121436046097582
519370.65688998 0.558114 -0.00642434137292371
519704.656883693 0.559116 -0.00362134022469768
520038.656877405 0.560118 -0.0139671212055298
520372.656871118 0.56112 -0.0187943409750623
520706.656864831 0.562122 -0.00914185075548584
521040.656858544 0.563124 -0.0163050996635327
521374.656852256 0.564126 -0.00545877925974567
521708.656845969 0.565128 -0.0194604507396053
522042.656839682 0.56613 -0.000902422800780805
522376.656833394 0.567132 -0.00139178702236462
522710.656827107 0.568134 0.00258517384885401
523044.65682082 0.569136 0.00562977140525211
523378.656814533 0.570138 -0.0196250885705642
523712.656808246 0.57114 -0.00395821798863532
524046.656801958 0.572142 0.00524242524217606
524380.656795671 0.573144 0.00852201178210405
524714.656789384 0.574146 0.0010842250488158
525048.656783096 0.575148 -0.0203185563371631
525382.656776809 0.57615 -0.0106363236992887
525716.656770522 0.577152 0.00109679643242766
526050.656764235 0.578154 -0.00669236207863895
526384.656757948 0.579156 -0.0019082578194068
526718.65675166 0.580158 0.00830058128514265
527052.656745373 0.58116 0.00764133401051467
527386.656739086 0.582162 0.00429795560159198
527720.656732799 0.583164 -0.0358559591928759
528054.656726511 0.584166 -0.00904349011582846
528388.656720224 0.585168 -0.0258647690975237
528722.656713937 0.58617 -0.0086722206174684
529056.656707649 0.587172 0.00416925120232826
529390.656701362 0.588174 -0.00253660630108721
529724.656695075 0.589176 -0.00984828222310676
530058.656688788 0.590178 -0.0127870460500606
530392.656682501 0.59118 -0.00508728254581486
530726.656676213 0.592182 -0.011356557481313
531060.656669926 0.593184 -0.00977055635357457
531394.656663639 0.594186 0.00172241906437598
531728.656657352 0.595188 -0.0187063998800135
532062.656651064 0.59619 -0.0170898506462067
532396.656644777 0.597192 -0.0155065774653518
532730.65663849 0.598194 0.00510575982032289
533064.656632203 0.599196 0.00159400106944876
533398.656625915 0.600198 0.00258294507396553
533732.656619628 0.6012 0.00834007667429488
534066.656613341 0.602202 0.00605291255120707
534400.656607054 0.603204 -0.00688655756632193
534734.656600766 0.604206 -0.00318455055182034
535068.656594479 0.605208 -0.0274772611620349
535402.656588192 0.60621 -0.0101821957887094
535736.656581905 0.607212 0.00104278700334016
536070.656575617 0.608214 -0.00562372500251092
536404.65656933 0.609216 -0.0122498029156122
536738.656563043 0.610218 0.00378821290223026
537072.656556756 0.61122 -0.0128863004301926
537406.656550468 0.612222 -0.00588223740398386
537740.656544181 0.613224 -0.0284042451961143
538074.656537894 0.614226 -0.00397666560138941
538408.656531606 0.615228 0.00735937198005269
538742.656525319 0.61623 -0.00675774836204674
539076.656519032 0.617232 -0.00297803253279126
539410.656512745 0.618234 -0.0151245397818363
539744.656506458 0.619236 0.00286223444923284
540078.65650017 0.620238 -0.0155913407925627
540412.656493883 0.62124 -0.00726347661878278
540746.656487596 0.622242 -0.00175289071683062
541080.656481309 0.623244 -0.00029790888710158
541414.656475021 0.624246 -0.00239856239870968
541748.656468734 0.625248 -0.0168798867238865
542082.656462447 0.62625 -0.00583641222572886
542416.65645616 0.627252 -0.0180048399673489
542750.656449872 0.628254 0.00860708456576498
543084.656443585 0.629256 0.00249399317947089
543418.656437298 0.630258 -0.0030295561602456
543752.65643101 0.63126 -0.0337207668502836
544086.656424723 0.632262 -0.0165157157017057
544420.656418436 0.633264 -0.000386154837875091
544754.656412149 0.634266 -0.00295883024209681
545088.656405861 0.635268 -0.0104415435325816
545422.656399574 0.63627 0.00332952229795756
545756.656393287 0.637272 0.00135447145220422
546090.656387 0.638274 0.00359430145030034
546424.656380713 0.639276 -0.0147389943451638
546758.656374425 0.640278 0.00364790464432779
547092.656368138 0.64128 -0.0109691199235529
547426.656361851 0.642282 -0.00344040038775705
547760.656355563 0.643284 -0.000425795471608127
548094.656349276 0.644286 0.0158853993197486
548428.656342989 0.645288 -0.0181674815488902
548762.656336702 0.64629 0.00231831061385129
549096.656330415 0.647292 -0.0089903366942366
549430.656324127 0.648294 0.00234654233685987
549764.65631784 0.649296 -0.00641772992643392
550098.656311553 0.650298 -0.00968184766352742
550432.656305266 0.6513 -0.0221438079191545
550766.656298978 0.652302 0.0223805782555082
551100.656292691 0.653304 -0.00649734811183105
551434.656286404 0.654306 0.0181438365000396
551768.656280117 0.655308 -0.00531547498207038
552102.656273829 0.65631 -0.021753383676655
552436.656267542 0.657312 -0.00887423667749615
552770.656261255 0.658314 0.0113923183084524
553104.656254967 0.659316 0.00185367940353618
553438.65624868 0.660318 -0.0113597601378579
553772.656242393 0.66132 -0.00859710645777895
554106.656236106 0.662322 -0.00910799491195773
554440.656229818 0.663324 0.000508821449153472
554774.656223531 0.664326 -0.00502140410682475
555108.656217244 0.665328 -0.00212777044296561
555442.656210957 0.66633 0.00573141785518426
555776.65620467 0.667332 -0.00240984439201663
556110.656198382 0.668334 -0.00374808222557803
556444.656192095 0.669336 0.00804763916247584
556778.656185808 0.670338 -0.00693421908793145
557112.65617952 0.67134 -0.00417121452375761
557446.656173233 0.672342 0.00258590300435021
557780.656166946 0.673344 0.0017670891177982
558114.656160659 0.674346 0.00318095657924147
558448.656154372 0.675348 0.00866762130258332
558782.656148084 0.67635 -0.00537750889227801
559116.656141797 0.677352 0.00565681174695193
559450.65613551 0.678354 -0.0282359150809631
559784.656129223 0.679356 0.0120257300034887
560118.656122935 0.680358 -0.00464618189394743
560452.656116648 0.68136 -0.0105444651500203
560786.656110361 0.682362 -0.00583713425304724
561120.656104074 0.683364 -0.00526014359471806
561454.656097786 0.684366 -0.00341947120472661
561788.656091499 0.685368 -0.00221241453525007
562122.656085212 0.68637 0.00614475190644654
562456.656078924 0.687372 -0.00120948270880405
562790.656072637 0.688374 0.0075743876227794
563124.65606635 0.689376 0.0102480742943739
563458.656060063 0.690378 -0.00731437756136803
563792.656053775 0.69138 -0.00681349178748421
564126.656047488 0.692382 -0.0123266413777491
564460.656041201 0.693384 -0.014330179991533
564794.656034914 0.694386 -0.00238757712179908
565128.656028626 0.695388 0.00107854345380457
565462.656022339 0.69639 0.00766373536549452
565796.656016052 0.697392 -0.00385266564516887
566130.656009765 0.698394 -0.022447705307468
566464.656003477 0.699396 0.00759574075081483
566798.65599719 0.700398 -0.00911528295940713
567132.655990903 0.7014 -0.0122140543583882
567466.655984616 0.702402 -0.0223036917945659
567800.655978329 0.703404 0.010124419467454
568134.655972041 0.704406 0.00105850061584088
568468.655965754 0.705408 0.00823873648157507
568802.655959467 0.70641 -0.00265314033682894
569136.655953179 0.707412 0.00709951445979493
569470.655946892 0.708414 4.09032096632118e-06
569804.655940605 0.709416 -0.0294810330819881
570138.655934318 0.710418 0.0123907114503711
570472.65592803 0.71142 0.0151240147780279
570806.655921743 0.712422 0.000717620310352655
571140.655915456 0.713424 -0.01511611747088
571474.655909169 0.714426 0.00457799757089372
571808.655902882 0.715428 0.0121504462342189
572142.655896594 0.71643 0.00822989307317776
572476.655890307 0.717432 -0.0247198939478919
572810.65588402 0.718434 -0.00743187661256139
573144.655877732 0.719436 0.00398330311462525
573478.655871445 0.720438 0.00251555050148436
573812.655865158 0.72144 -0.0171412685117779
574146.655858871 0.722442 0.0037629197345733
574480.655852583 0.723444 -0.00217445509913514
574814.655846296 0.724446 -0.00232664407673869
575148.655840009 0.725448 0.000919363703464751
575482.655833722 0.72645 0.0146764836826074
575816.655827434 0.727452 -0.00311143917155925
576150.655821147 0.728454 -0.00563961135217838
576484.65581486 0.729456 -0.0113366500740834
576818.655808573 0.730458 -0.0024868226661954
577152.655802286 0.73146 0.0102580597086583
577486.655795998 0.732462 -0.0266123917373742
577820.655789711 0.733464 0.00764709909189232
578154.655783424 0.734466 -0.0141151113692751
578488.655777137 0.735468 -0.00871627842789624
578822.655770849 0.73647 -0.00261005704088944
579156.655764562 0.737472 -0.00252892209762091
579490.655758275 0.738474 0.00999693925502513
579824.655751987 0.739476 -0.00997078311031222
580158.6557457 0.740478 -0.00129088130062314
580492.655739413 0.74148 -0.00978505277433363
580826.655733126 0.742482 -0.00209789765681512
581160.655726839 0.743484 -0.00261948711480053
581494.655720551 0.744486 0.00635498653913081
581828.655714264 0.745488 -0.00768937275662476
582162.655707977 0.74649 -0.00230857083881723
582496.655701689 0.747492 0.00489905392581592
582830.655695402 0.748494 -0.0131871088030422
583164.655689115 0.749496 -0.00578155818264482
583498.655682828 0.750498 -0.00851688551064254
583832.65567654 0.7515 -0.0150163896471597
584166.655670253 0.752502 -0.00170015518263948
584500.655663966 0.753504 0.0148727066599951
584834.655657679 0.754506 -0.0132826492154367
585168.655651391 0.755508 -0.0017382397851047
585502.655645104 0.75651 -0.0100475980633125
585836.655638817 0.757512 -0.00281880348330604
586170.65563253 0.758514 -0.00103277041280359
586504.655626243 0.759516 -0.0216325698563253
586838.655619955 0.760518 -0.00226933670941563
587172.655613668 0.76152 0.00620305569354368
587506.655607381 0.762522 0.00368428014648366
587840.655601094 0.763524 0.00191144461270535
588174.655594806 0.764526 -0.00953508859734457
588508.655588519 0.765528 -0.0118048802565707
588842.655582232 0.76653 0.00176490800142666
589176.655575944 0.767532 0.00772502974425432
589510.655569657 0.768534 -0.00390248374048555
589844.65556337 0.769536 0.0182339605629323
590178.655557083 0.770538 0.0034300219355063
590512.655550795 0.77154 0.00807322202930063
590846.655544508 0.772542 -0.00341659698061447
591180.655538221 0.773544 0.0168608869716196
591514.655531934 0.774546 -0.0185501466513694
591848.655525646 0.775548 -0.000632753618345529
592182.655519359 0.77655 -0.0028986343208242
592516.655513072 0.777552 -0.00530238168014838
592850.655506785 0.778554 -0.00830161942140698
593184.655500497 0.779556 0.0216949708581297
593518.65549421 0.780558 0.0253828768758737
593852.655487923 0.78156 0.0135654893534325
594186.655481636 0.782562 -0.00909464852215692
594520.655475348 0.783564 -0.00824811829928009
594854.655469061 0.784566 -0.00615093913959678
595188.655462774 0.785568 -0.00520529306063111
595522.655456487 0.78657 -0.00292061893556189
595856.655450199 0.787572 0.00329182132985342
596190.655443912 0.788574 -4.63282097186188e-05
596524.655437625 0.789576 -0.01575571988206
596858.655431338 0.790578 0.0031518443131892
597192.655425051 0.79158 -0.00948984928883
597526.655418763 0.792582 0.0122782429531798
597860.655412476 0.793584 0.0130308711657493
598194.655406189 0.794586 0.00894491310248327
598528.655399901 0.795588 -0.0150883205353505
598862.655393614 0.79659 -0.00930319802640133
599196.655387327 0.797592 -0.011923185492338
599530.65538104 0.798594 -0.00671335644922972
599864.655374752 0.799596 0.00259149237093559
600198.655368465 0.800598 -0.00208761706273847
600532.655362178 0.8016 -0.00487452954116751
600866.655355891 0.802602 -0.00839456351313628
601200.655349603 0.803604 -0.0117459089056396
601534.655343316 0.804606 -0.0069723984919653
601868.655337029 0.805608 -0.0129234947715009
602202.655330742 0.80661 -0.0199978909798216
602536.655324455 0.807612 -0.00352655592836877
602870.655318167 0.808614 -0.0088241507463701
603204.65531188 0.809616 0.00623806390534515
603538.655305593 0.810618 -0.0152723080257517
603872.655299305 0.81162 -0.00665923934860847
604206.655293018 0.812622 0.00105840482485522
604540.655286731 0.813624 -0.00590338851228962
604874.655280444 0.814626 0.000767589496368447
605208.655274156 0.815628 0.0112435431894343
605542.655267869 0.81663 0.00197418975027383
605876.655261582 0.817632 0.00867342342714776
606210.655255295 0.818634 0.00726389378299022
606544.655249008 0.819636 -0.0111987818350229
606878.65524272 0.820638 -9.76032781344107e-05
607212.655236433 0.82164 -0.00632883637019688
607546.655230146 0.822642 -0.00508692195910638
607880.655223858 0.823644 0.00314375381109499
608214.655217571 0.824646 -0.0154050895872622
608548.655211284 0.825648 0.00435444782563261
608882.655204997 0.82665 -0.0138659882507293
609216.655198709 0.827652 0.00272881165234778
609550.655192422 0.828654 -0.00195902011803021
609884.655186135 0.829656 0.00611426977689559
610218.655179848 0.830658 0.00924254825654698
610552.65517356 0.83166 0.00167371192310402
610886.655167273 0.832662 0.000108956905713999
611220.655160986 0.833664 -0.00466763493972328
611554.655154699 0.834666 0.000960061616318323
611888.655148412 0.835668 0.0160312478441202
612222.655142124 0.83667 -0.00457545202215866
612556.655135837 0.837672 0.00475493806359088
612890.65512955 0.838674 0.0135957396226439
613224.655123262 0.839676 0.00434769540317846
613558.655116975 0.840678 -0.00161491538013494
613892.655110688 0.84168 -0.00327738347637991
614226.655104401 0.842682 -0.00631380408344695
614560.655098113 0.843684 0.012362883058056
614894.655091826 0.844686 -0.00220834676522683
615228.655085539 0.845688 -0.00256841725237833
615562.655079252 0.84669 0.00485705722327679
615896.655072964 0.847692 0.00447916235735971
616230.655066677 0.848694 -0.00943352460262027
616564.65506039 0.849696 -0.00824743453186368
616898.655054103 0.850698 0.00656400310715036
617232.655047815 0.8517 0.00159627507782126
617566.655041528 0.852702 0.0121827281482425
617900.655035241 0.853704 -0.00708406581137052
618234.655028954 0.854706 -0.0119539319570699
618568.655022666 0.855708 0.00302460098034083
618902.655016379 0.85671 0.00188576890654287
619236.655010092 0.857712 -0.0031199791791118
619570.655003805 0.858714 -0.00198018552307729
619904.654997518 0.859716 0.0141575140843333
620238.65499123 0.860718 0.00132717769228905
620572.654984943 0.86172 0.00756630877346758
620906.654978656 0.862722 -0.00144099932728626
621240.654972369 0.863724 -2.87060837282019e-05
621574.654966081 0.864726 -0.00987064218017754
621908.654959794 0.865728 -0.00339797768491056
622242.654953507 0.86673 -0.00633611383362076
622576.654947219 0.867732 0.0115723165532706
622910.654940932 0.868734 -0.00868846773289839
623244.654934645 0.869736 -0.0173447898234191
623578.654928358 0.870738 0.0217095893078087
623912.65492207 0.87174 0.00436054958507686
624246.654915783 0.872742 -0.0177137309419054
624580.654909496 0.873744 -0.0140263848121593
624914.654903209 0.874746 -0.00646764769543007
625248.654896921 0.875748 0.0102753208981339
625582.654890634 0.87675 0.0115927738298572
625916.654884347 0.877752 -0.00776411149997165
626250.65487806 0.878754 1.25306763820897e-07
626584.654871772 0.879756 -0.00425185650997917
626918.654865485 0.880758 0.00890553878958437
627252.654859198 0.88176 -0.00597884213279438
627586.654852911 0.882762 -0.00471914548364873
627920.654846623 0.883764 -0.000311202027268433
628254.654840336 0.884766 0.00757606829569275
628588.654834049 0.885768 -0.00201779199431211
628922.654827762 0.88677 0.00454267058932257
629256.654821474 0.887772 9.80624381769595e-05
629590.654815187 0.888774 -0.00634513574804906
629924.6548089 0.889776 -0.00765262113059484
630258.654802613 0.890778 -0.0103066781360897
630592.654796325 0.89178 0.00230724421284623
630926.654790038 0.892782 0.0013515894756359
631260.654783751 0.893784 -0.00444409603127949
631594.654777464 0.894786 -0.0056190993565234
631928.654771176 0.895788 0.0176827763389882
632262.654764889 0.89679 0.0130420059457141
632596.654758602 0.897792 0.0151281557802173
632930.654752315 0.898794 0.00116258666018446
633264.654746027 0.899796 0.00601040705781768
633598.65473974 0.900798 0.00349860477354038
633932.654733453 0.9018 -0.0107839530595627
634266.654727166 0.902802 0.00257047898316984
634600.654720878 0.903804 0.00269118749310194
634934.654714591 0.904806 0.00558668297200828
635268.654708304 0.905808 -0.00378665442106091
635602.654702017 0.90681 -0.00649226267176592
635936.654695729 0.907812 -0.00104973586526414
636270.654689442 0.908814 0.000515255348452711
636604.654683155 0.909816 0.00436614871701931
636938.654676868 0.910818 0.00148210763827474
637272.65467058 0.91182 -0.00997099443351092
637606.654664293 0.912822 -0.00446507653473776
637940.654658006 0.913824 -0.00111146355647316
638274.654651719 0.914826 -0.000440686621506082
638608.654645431 0.915828 -0.00183440555476896
638942.654639144 0.91683 0.00380478522391796
639276.654632857 0.917832 0.00401505004530055
639610.65462657 0.918834 0.00187963009009014
639944.654620282 0.919836 0.00420551333930437
640278.654613995 0.920838 0.00592967124272038
640612.654607708 0.92184 4.06859916090689e-05
640946.654601421 0.922842 0.00961456982798542
641280.654595133 0.923844 -0.00405567843408583
641614.654588846 0.924846 -0.00527026458801723
641948.654582559 0.925848 0.004584245233172
642282.654576272 0.92685 0.004693291420379
642616.654569984 0.927852 -0.00183208128001652
642950.654563697 0.928854 -0.0141579852809284
643284.65455741 0.929856 -0.0094961390708906
643618.654551123 0.930858 -0.000664794833330125
643952.654544835 0.93186 0.0118264707144544
644286.654538548 0.932862 0.00976922084981409
644620.654532261 0.933864 0.00678333559448813
644954.654525974 0.934866 -0.00351034449611039
645288.654519686 0.935868 -0.00359286826535571
645622.654513399 0.93687 0.00624140315614121
645956.654507112 0.937872 -0.00904641915599485
646290.654500825 0.938874 0.00608254603145513
646624.654494537 0.939876 -0.00806474894636357
646958.65448825 0.940878 0.0106865656573789
647292.654481963 0.94188 0.0145118145712161
647626.654475676 0.942882 -0.00759459031370524
647960.654469389 0.943884 -0.00354000946401898
648294.654463101 0.944886 0.0104101791225242
648628.654456814 0.945888 0.00551900976297716
648962.654450527 0.94689 -0.00199245499476494
649296.654444239 0.947892 0.000996368267081436
649630.654437952 0.948894 0.0163963040406438
649964.654431665 0.949896 0.00462723673208327
650298.654425378 0.950898 0.00173855916375241
650632.65441909 0.9519 0.00192838615948906
650966.654412803 0.952902 -0.000102773116307655
651300.654406516 0.953904 0.00224956458313285
651634.654400229 0.954906 -0.000762430893647925
651968.654393941 0.955908 0.0043293954818151
652302.654387654 0.95691 -0.00157982765953098
652636.654381367 0.957912 -0.00408792837696142
652970.65437508 0.958914 -0.0104174497541328
653304.654368792 0.959916 0.0158994054097527
653638.654362505 0.960918 0.00951233732395487
653972.654356218 0.96192 -0.0021685573961412
654306.654349931 0.962922 -0.000333533793977731
654640.654343643 0.963924 -0.0113018867236244
654974.654337356 0.964926 -0.00353245562095293
655308.654331069 0.965928 -0.00702806358454511
655642.654324782 0.96693 -0.0149480299382749
655976.654318494 0.967932 0.00367442486876465
656310.654312207 0.968934 -0.00316027712908654
656644.65430592 0.969936 0.0124641392350737
656978.654299633 0.970938 0.00518814330002387
657312.654293346 0.97194 -0.00351116080162984
657646.654287058 0.972942 0.00327796584047115
657980.654280771 0.973944 0.00370978265863516
658314.654274484 0.974946 0.00133371092140344
658648.654268196 0.975948 -0.00629278334757113
658982.654261909 0.97695 0.00454807931164497
659316.654255622 0.977952 0.00329271792532186
659650.654249335 0.978954 0.00193955134629447
659984.654243047 0.979956 -0.00178015040274505
660318.65423676 0.980958 -0.00670463405003232
660652.654230473 0.98196 -0.00227104082788999
660986.654224186 0.982962 -0.00209586236589766
661320.654217898 0.983964 0.00772965830348946
661654.654211611 0.984966 -0.00746027153368082
661988.654205324 0.985968 0.00891467373785579
662322.654199037 0.98697 -0.00117748792808421
662656.654192749 0.987972 -0.00570387085690697
662990.654186462 0.988974 0.00394869399217189
663324.654180175 0.989976 0.00301229230508613
663658.654173888 0.990978 0.0125157836910071
663992.6541676 0.99198 0.0165890768948065
664326.654161313 0.992982 -0.00921483541294097
664660.654155026 0.993984 -0.00226569079555133
664994.654148739 0.994986 0.00509016476558357
665328.654142451 0.995988 0.000353027200258946
665662.654136164 0.99699 1.78568052293506e-05
665996.654129877 0.997992 0.00900683004047989
666330.65412359 0.998994 -0.00853443260602658
666664.654117303 0.999996 0.0105094031766252
666998.654111015 1.000998 0.00613405689485961
667332.654104728 1.002 -0.0169299549811886
667666.654098441 1.003002 -0.0159853539444351
668000.654092153 1.004004 0.00438930845040679
668334.654085866 1.005006 -0.00558699319793299
668668.654079579 1.006008 -0.00593563040128733
669002.654073292 1.00701 -0.00683021422992
669336.654067004 1.008012 -0.00506515164944268
669670.654060717 1.009014 -0.00332412224759597
670004.65405443 1.010016 0.0128016314763248
670338.654048143 1.011018 -0.0155587845568376
670672.654041855 1.01202 0.00957557003146633
671006.654035568 1.013022 0.00820359857476054
671340.654029281 1.014024 -0.0164729057369754
671674.654022994 1.015026 0.0070109274783138
672008.654016706 1.016028 -0.00725579001600555
672342.654010419 1.01703 -0.00850035699622202
672676.654004132 1.018032 0.00253205809636925
673010.653997845 1.019034 0.00367802509951161
673344.653991557 1.020036 0.00408455749155534
673678.65398527 1.021038 0.0103507727668572
674012.653978983 1.02204 0.00811768824320774
674346.653972696 1.023042 0.0107997606553932
674680.653966408 1.024044 0.00176162597518797
675014.653960121 1.025046 0.00587721878957353
675348.653953834 1.026048 -0.00584781420143688
675682.653947547 1.02705 -0.0154510675305033
676016.653941259 1.028052 0.0104861425462097
676350.653934972 1.029054 -0.00529386447022629
676684.653928685 1.030056 -0.00733978639395893
677018.653922398 1.031058 0.00547492495496891
677352.65391611 1.03206 -0.00431657706229726
677686.653909823 1.033062 0.00517740365654523
678020.653903536 1.034064 -0.00149470626125281
678354.653897249 1.035066 -0.0183360198662101
678688.653890961 1.036068 -0.0128685320799009
679022.653884674 1.03707 -0.000906026222876319
679356.653878387 1.038072 0.00192962711279708
679690.6538721 1.039074 -0.000571222551253923
680024.653865812 1.040076 -0.00560480409125323
680358.653859525 1.041078 -0.00293341427526992
680692.653853238 1.04208 0.012428185021714
681026.653846951 1.043082 -0.00388420655775055
681360.653840663 1.044084 -0.00160634679541921
681694.653834376 1.045086 0.00897132646256346
682028.653828089 1.046088 -0.00103826035246398
682362.653821802 1.04709 0.00676073043472289
682696.653815514 1.048092 -0.0157277620235903
683030.653809227 1.049094 -0.00185471300835606
683364.65380294 1.050096 0.010743866093618
683698.653796653 1.051098 0.00353713091654985
684032.653790365 1.0521 -0.00576973206804955
684366.653784078 1.053102 0.00145578565282408
684700.653777791 1.054104 0.00644639818926874
685034.653771504 1.055106 0.00573466132265831
685368.653765216 1.056108 0.000458929764813987
685702.653758929 1.05711 0.00107482143978186
686036.653752642 1.058112 0.00264296476603371
686370.653746355 1.059114 0.0101952054954062
686704.653740067 1.060116 0.00442782789265298
687038.65373378 1.061118 0.00693079141903678
687372.653727493 1.06212 0.00399530007474034
687706.653721206 1.063122 0.0108756575302348
688040.653714918 1.064124 0.00670632164439404
688374.653708631 1.065126 -0.00125269731764853
688708.653702344 1.066128 0.00441360934754806
689042.653696057 1.06713 0.00288481538891181
689376.653689769 1.068132 0.00865492148767147
689710.653683482 1.069134 0.00527775700955598
690044.653677195 1.070136 -0.00550908778903362
690378.653670908 1.071138 0.0111382898064087
690712.65366462 1.07214 0.0116791368715461
691046.653658333 1.073142 0.0122333233406866
691380.653652046 1.074144 0.0164387386638426
691714.653645759 1.075146 0.00547679838759175
692048.653639471 1.076148 0.0118414602998534
692382.653633184 1.07715 0.00432421285198094
692716.653626897 1.078152 0.00972744097805451
693050.65362061 1.079154 0.00292083571866181
693384.653614322 1.080156 -0.00347529659160549
693718.653608035 1.081158 0.0026685935178312
694052.653601748 1.08216 0.0140222630939204
694386.653595461 1.083162 -0.00922017961831879
694720.653589173 1.084164 -0.00085819494270909
695054.653582886 1.085166 0.0062233937480584
695388.653576599 1.086168 -0.0107427474059728
695722.653570311 1.08717 0.0081957616066342
696056.653564024 1.088172 -0.010721494225221
696390.653557737 1.089174 0.00904894069864779
696724.65355145 1.090176 0.00822195423697964
697058.653545163 1.091178 0.0161752131100736
697392.653538875 1.09218 -0.00689841983837727
697726.653532588 1.093182 0.0209851031290091
698060.653526301 1.094184 -0.00167619107451167
698394.653520014 1.095186 0.00320153253132909
698728.653513726 1.096188 0.0111105880631272
699062.653507439 1.09719 0.0120858099615746
699396.653501152 1.098192 0.00130243335861814
699730.653494865 1.099194 0.00830150260438829
700064.653488577 1.100196 0.00214963958165621
700398.65348229 1.101198 -0.0108213102030205
700732.653476003 1.1022 -0.00511655977313852
701066.653469716 1.103202 0.0104490928618431
701400.653463428 1.104204 0.0118451358766997
701734.653457141 1.105206 0.0177837758442733
702068.653450854 1.106208 -0.0032281496918142
702402.653444567 1.10721 0.00953418651847397
702736.653438279 1.108212 -0.00172806117895897
703070.653431992 1.109214 -0.000612386048005059
703404.653425705 1.110216 0.0110705426151004
703738.653419418 1.111218 0.00332267951050068
704072.65341313 1.11222 0.00630703143787985
704406.653406843 1.113222 0.00557786115425754
704740.653400556 1.114224 0.0170133440347855
705074.653394268 1.115226 0.00669492462048307
705408.653387981 1.116228 -0.000436705802606928
705742.653381694 1.11723 0.000154995036758819
706076.653375407 1.118232 -0.000542534860337953
706410.65336912 1.119234 0.0193387444710865
706744.653362832 1.120236 0.0103382596947519
707078.653356545 1.121238 0.0069472435768533
707412.653350258 1.12224 0.0096196138996679
707746.653343971 1.123242 -0.00134791799063447
708080.653337683 1.124244 -0.00128199451863575
708414.653331396 1.125246 -0.00389733800518558
708748.653325109 1.126248 0.00140875365874316
709082.653318822 1.12725 -0.00554730984661542
709416.653312534 1.128252 -0.00752653725710508
709750.653306247 1.129254 -0.000602967155350012
710084.65329996 1.130256 0.00211504310750445
710418.653293673 1.131258 0.00948962473507722
710752.653287385 1.13226 0.00673572397686746
711086.653281098 1.133262 -0.00311954416598048
711420.653274811 1.134264 -0.00179562797193204
711754.653268524 1.135266 0.00697312297033304
712088.653262237 1.136268 0.00108743305206291
712422.653255949 1.13727 0.00858706874626494
712756.653249662 1.138272 0.0053646765397063
713090.653243375 1.139274 0.0100133011430308
713424.653237087 1.140276 0.00430393665192026
713758.6532308 1.141278 0.00937340437825503
714092.653224513 1.14228 0.00406168974923422
714426.653218226 1.143282 0.00343765298569821
714760.653211938 1.144284 -0.0037700126348888
715094.653205651 1.145286 0.00800169082478081
715428.653199364 1.146288 0.0060987303981775
715762.653193077 1.14729 -0.00292574943955471
716096.653186789 1.148292 0.0101593066744909
716430.653180502 1.149294 0.00950003133617926
716764.653174215 1.150296 0.0123660617022482
717098.653167928 1.151298 0.0146735183603167
717432.65316164 1.1523 0.0113864281084813
717766.653155353 1.153302 0.00310848623829178
718100.653149066 1.154304 0.00636984070595512
718434.653142779 1.155306 -0.000198867464236941
718768.653136491 1.156308 -0.00474722115836145
719102.653130204 1.15731 0.0175635681961568
719436.653123917 1.158312 0.0106757662682811
719770.65311763 1.159314 0.00426656141327287
720104.653111342 1.160316 -0.00315902962661881
720438.653105055 1.161318 0.00972547827135492
720772.653098768 1.16232 -0.00799057246661263
721106.653092481 1.163322 -0.00516049383295796
721440.653086193 1.164324 0.00191937620051244
721774.653079906 1.165326 0.0136913825812769
722108.653073619 1.166328 0.0168859263736275
722442.653067332 1.16733 0.00243055633277678
722776.653061044 1.168332 0.00565757969277505
723110.653054757 1.169334 0.019348823268716
723444.65304847 1.170336 0.00419743286749704
723778.653042182 1.171338 0.0077586928225616
724112.653035895 1.17234 0.00985543137947582
724446.653029608 1.173342 0.00474978784002416
724780.653023321 1.174344 0.00976643902905609
725114.653017034 1.175346 0.00217689756620765
725448.653010746 1.176348 0.00496001875735793
725782.653004459 1.17735 0.00469841689802253
726116.652998172 1.178352 0.00293086594636613
726450.652991885 1.179354 0.00207063771835881
726784.652985597 1.180356 0.0140945629568825
727118.65297931 1.181358 0.00240134178607017
727452.652973023 1.18236 0.0123778344810146
727786.652966736 1.183362 0.00296861113180237
728120.652960448 1.184364 -0.0100449590770728
728454.652954161 1.185366 -0.000630152801465084
728788.652947874 1.186368 0.00247245980076764
729122.652941587 1.18737 0.000342139961782132
729456.652935299 1.188372 0.0100706486662209
729790.652929012 1.189374 0.00658709637078718
730124.652922725 1.190376 0.00197602584569688
730458.652916438 1.191378 0.0148580907948398
730792.65291015 1.19238 0.00366146149810356
731126.652903863 1.193382 -6.67774547690882e-05
731460.652897576 1.194384 0.00159104407103602
731794.652891289 1.195386 0.0114092846208594
732128.652885001 1.196388 -0.0103289888615699
732462.652878714 1.19739 0.0106143247524233
732796.652872427 1.198392 0.00382935683179545
733130.65286614 1.199394 0.00474103325051507
733464.652859852 1.200396 0.014428401656149
733798.652853565 1.201398 0.00771463525749801
734132.652847278 1.2024 0.0138970140238137
734466.652840991 1.203402 0.0148995021449511
734800.652834703 1.204404 0.00209920610029971
735134.652828416 1.205406 0.00215878058233944
735468.652822129 1.206408 0.00622139074957787
735802.652815842 1.20741 0.0100703971964622
736136.652809554 1.208412 0.0115266825560453
736470.652803267 1.209414 0.0111700651895897
736804.65279698 1.210416 -0.00333643789943998
737138.652790693 1.211418 -0.0026042904121054
737472.652784405 1.21242 0.00187284551053839
737806.652778118 1.213422 0.0080962332639976
738140.652771831 1.214424 0.00439465698586256
738474.652765544 1.215426 0.000442088457262339
738808.652759256 1.216428 0.000646821785155436
739142.652752969 1.21743 0.00373648541811166
739476.652746682 1.218432 0.001848599822559
739810.652740395 1.219434 0.00356075174808641
740144.652734107 1.220436 0.00124193424792748
740478.65272782 1.221438 0.00264414368681776
740812.652721533 1.22244 0.00662908704283445
741146.652715245 1.223442 -0.00588172289565293
741480.652708958 1.224444 0.00373493236527372
741814.652702671 1.225446 0.00630672801741965
742148.652696384 1.226448 0.00196898255578095
742482.652690096 1.22745 -0.00792951802688987
742816.652683809 1.228452 0.0122121974623308
743150.652677522 1.229454 0.00513714633310364
743484.652671235 1.230456 0.0109116316513752
743818.652664948 1.231458 0.0151041533103264
744152.65265866 1.23246 0.0103101425328249
744486.652652373 1.233462 -0.00358409986553296
744820.652646086 1.234464 -0.00577229021005235
745154.652639799 1.235466 0.00761165957036695
745488.652633511 1.236468 -0.000323804762429734
745822.652627224 1.23747 0.00122460497116973
746156.652620937 1.238472 0.00244122843396526
746490.65261465 1.239474 -0.00126126340803703
746824.652608362 1.240476 0.000129851169955817
747158.652602075 1.241478 0.00234492664003129
747492.652595788 1.24248 -0.0108392967312434
747826.652589501 1.243482 0.0106618416272835
748160.652583213 1.244484 0.00305824170799481
748494.652576926 1.245486 0.00365337115641752
748828.652570639 1.246488 -0.000386051216601851
749162.652564352 1.24749 0.0133147804691624
749496.652558064 1.248492 0.00689205716647441
749830.652551777 1.249494 0.00765654649078047
750164.65254549 1.250496 0.0178754231636428
750498.652539202 1.251498 0.0135216998913604
750832.652532915 1.2525 -0.00139466778078834
751166.652526628 1.253502 0.00141444814095745
751500.652520341 1.254504 0.00443367376506345
751834.652514053 1.255506 0.00844800993412457
752168.652507766 1.256508 6.19144358702878e-05
752502.652501479 1.25751 0.0203354840140608
752836.652495192 1.258512 0.0026866745864732
753170.652488905 1.259514 -0.000833409926121493
753504.652482617 1.260516 0.0119803114392095
753838.65247633 1.261518 0.00172528918488907
754172.652470043 1.26252 0.00410290561168292
754506.652463756 1.263522 0.0199864773004889
754840.652457468 1.264524 -0.000909992436205516
755174.652451181 1.265526 0.00333544819166009
755508.652444894 1.266528 0.0176595772297229
755842.652438606 1.26753 -0.00260183360996585
756176.652432319 1.268532 0.000952309297219838
756510.652426032 1.269534 -0.000701550610925393
756844.652419745 1.270536 0.01122347406398
757178.652413458 1.271538 -0.00272750273796916
757512.65240717 1.27254 0.00160297790591974
757846.652400883 1.273542 0.00665060727387671
758180.652394596 1.274544 0.00699235208229021
758514.652388309 1.275546 0.00855616997806557
758848.652382021 1.276548 0.0185481360103771
759182.652375734 1.27755 -0.00805314753770347
759516.652369447 1.278552 0.00365269115811729
759850.652363159 1.279554 0.0167083003431521
760184.652356872 1.280556 0.0167479191380467
760518.652350585 1.281558 0.0094490947501409
760852.652344298 1.28256 0.0144486899443303
761186.652338011 1.283562 -0.00239364840578965
761520.652331723 1.284564 0.00409235536361377
761854.652325436 1.285566 0.0091219129381662
762188.652319149 1.286568 0.0177349759994285
762522.652312862 1.28757 0.0114782240029831
762856.652306574 1.288572 0.019195518932256
763190.652300287 1.289574 0.00625304864883185
763524.652294 1.290576 0.0137234961971841
763858.652287713 1.291578 0.00574042134456322
764192.652281425 1.29258 0.0169045033633327
764526.652275138 1.293582 0.00533057156570447
764860.652268851 1.294584 0.0104155604058637
765194.652262563 1.295586 0.00815758249842471
765528.652256276 1.296588 0.014335465714233
765862.652249989 1.29759 0.0133813183168797
766196.652243702 1.298592 0.0061413722570863
766530.652237414 1.299594 0.00252085759023092
766864.652231127 1.300596 0.00492964768624339
767198.65222484 1.301598 0.0158421009176036
767532.652218553 1.3026 0.0250880250623149
767866.652212266 1.303602 0.0125807927404963
768200.652205978 1.304604 0.0150424495637651
768534.652199691 1.305606 0.0152473195663348
768868.652193404 1.306608 -0.0020384107261413
769202.652187116 1.30761 -0.00775611127412831
769536.652180829 1.308612 -0.000292481544008173
769870.652174542 1.309614 0.0151421730850928
770204.652168255 1.310616 0.000113025949652059
770538.652161967 1.311618 0.010952232961532
770872.65215568 1.31262 0.0213306571955106
771206.652149393 1.313622 0.0136888718371874
771540.652143106 1.314624 0.0115719901510389
771874.652136819 1.315626 0.0060515579217541
772208.652130531 1.316628 0.00363645419766379
772542.652124244 1.31763 -0.00116744602171205
772876.652117957 1.318632 0.0108680707499741
773210.65211167 1.319634 -0.0121850222504291
773544.652105382 1.320636 0.00408399566357226
773878.652099095 1.321638 -0.00110499574893335
774212.652092808 1.32264 0.00507644395563704
774546.65208652 1.323642 0.00601652251518269
774880.652080233 1.324644 0.0102224281182515
775214.652073946 1.325646 0.0200798231930496
775548.652067659 1.326648 0.0113441403371614
775882.652061372 1.32765 0.00292675287200099
776216.652055084 1.328652 0.00824634132038633
776550.652048797 1.329654 0.0110729496282412
776884.65204251 1.330656 0.0173046464396391
777218.652036223 1.331658 0.0129298546350027
777552.652029935 1.33266 0.0101839826310955
777886.652023648 1.333662 0.00344280256812207
778220.652017361 1.334664 0.0164743226500252
778554.652011073 1.335666 0.00105191179437384
778888.652004786 1.336668 0.00477221345275661
779222.651998499 1.33767 0.0240315150761534
779556.651992212 1.338672 -0.00942338570740563
779890.651985925 1.339674 0.00885427660295307
780224.651979637 1.340676 0.00461801242669336
780558.65197335 1.341678 0.00842883714910857
780892.651967063 1.34268 0.0146794893647284
781226.651960776 1.343682 0.00562466455845471
781560.651954488 1.344684 0.0113584072381844
781894.651948201 1.345686 0.0113544515973204
782228.651941914 1.346688 0.0197794464576478
782562.651935627 1.34769 0.00149732108423879
782896.651929339 1.348692 0.0167685804471829
783230.651923052 1.349694 0.0125736576832758
783564.651916765 1.350696 0.0117260428881436
783898.651910478 1.351698 0.00205163484328999
784232.65190419 1.3527 0.0110850457829825
784566.651897903 1.353702 0.018919359310504
784900.651891616 1.354704 0.0145426872363225
785234.651885328 1.355706 0.0108053192959618
785568.651879041 1.356708 0.00777896393751736
785902.651872754 1.35771 0.010366353777097
786236.651866467 1.358712 0.0043137562610348
786570.651860179 1.359714 0.00546757951462361
786904.651853892 1.360716 -0.00409328327622581
787238.651847605 1.361718 0.00160221974917157
787572.651841318 1.36272 -0.000413539107420924
787906.651835031 1.363722 0.00441795749113949
788240.651828743 1.364724 0.00191075753913636
788574.651822456 1.365726 0.0113214503840635
788908.651816169 1.366728 0.0025310201490817
789242.651809882 1.36773 0.0119874418293878
789576.651803594 1.368732 0.00152268718631034
789910.651797307 1.369734 0.0150566899287661
790244.65179102 1.370736 -0.00197248146505009
790578.651784733 1.371738 0.00560071336497697
790912.651778445 1.37274 -0.00276284038454457
791246.651772158 1.373742 0.0103242991825509
791580.651765871 1.374744 0.0158865060143518
791914.651759584 1.375746 0.00479686301761566
792248.651753296 1.376748 0.0113363197364582
792582.651747009 1.37775 0.00979323789857601
792916.651740722 1.378752 0.0170039472254403
793250.651734434 1.379754 0.00679967790153462
793584.651728147 1.380756 0.0177008456583573
793918.65172186 1.381758 0.015643484921259
794252.651715573 1.38276 0.0102142706323815
794586.651709285 1.383762 0.00767146422546011
794920.651702998 1.384764 0.0239353939045313
795254.651696711 1.385766 0.0108711423932503
795588.651690424 1.386768 -0.00703905770968495
795922.651684136 1.38777 0.0108786220113466
796256.651677849 1.388772 0.00990141720037427
796590.651671562 1.389774 0.0111502731510128
796924.651665275 1.390776 0.00328716600583911
797258.651658988 1.391778 0.00401901114025569
797592.6516527 1.39278 0.0193531597906198
797926.651646413 1.393782 0.00926420366590506
798260.651640126 1.394784 0.0145690210022614
798594.651633838 1.395786 -0.000716165734004176
798928.651627551 1.396788 0.00870976649076669
799262.651621264 1.39779 0.0135079754683759
799596.651614977 1.398792 0.00676044950223964
799930.65160869 1.399794 0.00953142524372617
800264.651602402 1.400796 0.00149138129004412
800598.651596115 1.401798 0.00725115609580971
800932.651589828 1.4028 0.00758843500956145
801266.65158354 1.403802 0.0126907086960255
801600.651577253 1.404804 0.00686046971978573
801934.651570966 1.405806 0.00796187958254755
802268.651564679 1.406808 0.00368453512691043
802602.651558391 1.40781 0.00883741693366839
802936.651552104 1.408812 0.0104288320017707
803270.651545817 1.409814 0.0191461138372857
803604.65153953 1.410816 0.00723217811194328
803938.651533243 1.411818 -0.00478818465805688
804272.651526955 1.41282 0.0142760021853491
804606.651520668 1.413822 0.0103441291545361
804940.651514381 1.414824 0.0120422554229774
805274.651508094 1.415826 0.00265637901351671
805608.651501806 1.416828 0.0183768056648567
805942.651495519 1.41783 0.00260201017074094
806276.651489232 1.418832 0.0168868980300693
806610.651482944 1.419834 0.00776575115887167
806944.651476657 1.420836 0.012248104053894
807278.65147037 1.421838 0.00255749953838734
807612.651464083 1.42284 0.00724338445032579
807946.651457796 1.423842 0.0242693442037605
808280.651451508 1.424844 0.0121753750161531
808614.651445221 1.425846 0.00749023468967634
808948.651438934 1.426848 0.00387141096670606
809282.651432647 1.42785 0.0192244497691894
809616.651426359 1.428852 0.00219704386985926
809950.651420072 1.429854 0.00780271185979866
810284.651413785 1.430856 0.0127578174163535
810618.651407497 1.431858 0.0113264976836189
810952.65140121 1.43286 0.00652897595913592
811286.651394923 1.433862 0.00292741764136977
811620.651388636 1.434864 0.0100564523626319
811954.651382348 1.435866 0.00920543687457251
812288.651376061 1.436868 0.014177369546881
812622.651369774 1.43787 0.00720259219657503
812956.651363487 1.438872 0.00574599711024932
813290.651357199 1.439874 0.0112954363127998
813624.651350912 1.440876 0.00954169683543676
813958.651344625 1.441878 0.00844775930011148
814292.651338338 1.44288 0.0221421707705356
814626.651332051 1.443882 0.00119121241390188
814960.651325763 1.444884 0.0167438047916466
815294.651319476 1.445886 0.00198854977007446
815628.651313189 1.446888 0.0239706628287178
815962.651306901 1.44789 0.00633564913919901
816296.651300614 1.448892 0.0128606988139176
816630.651294327 1.449894 0.0129210216185259
816964.65128804 1.450896 0.00904816302207939
817298.651281753 1.451898 0.00693120336302454
817632.651275465 1.4529 0.00135758713974467
817966.651269178 1.453902 0.00785569739081042
818300.651262891 1.454904 0.00570195856270399
818634.651256604 1.455906 -0.00651855110307928
818968.651250316 1.456908 0.0119821959628087
819302.651244029 1.45791 0.0113269677993553
819636.651237742 1.458912 0.00192154277116922
819970.651231454 1.459914 0.00258794984923968
820304.651225167 1.460916 0.0126732305656533
820638.65121888 1.461918 0.00654483453741057
820972.651212593 1.46292 0.0068432317550428
821306.651206305 1.463922 0.00165088055203119
821640.651200018 1.464924 0.00803236972574872
821974.651193731 1.465926 0.0213509889291547
822308.651187444 1.466928 6.08335605607631e-05
822642.651181157 1.46793 0.0148559727670693
822976.651174869 1.468932 0.00960255899540506
823310.651168582 1.469934 0.0105367455938661
823644.651162295 1.470936 0.00525628910411884
823978.651156008 1.471938 0.00291516861622066
824312.65114972 1.47294 0.00140160719595848
824646.651143433 1.473942 0.00401937807547497
824980.651137146 1.474944 0.0124104181638884
825314.651130858 1.475946 0.0095790662415077
825648.651124571 1.476948 0.0103427136901852
825982.651118284 1.47795 0.0117070627601487
826316.651111997 1.478952 0.0204531246395586
826650.651105709 1.479954 0.00741342750245846
826984.651099422 1.480956 0.0125972591627948
827318.651093135 1.481958 0.0125557636389244
827652.651086848 1.48296 0.015743393833119
827986.651080561 1.483962 0.0189093615808141
828320.651074273 1.484964 0.00402454055883804
828654.651067986 1.485966 0.0142520538954822
828988.651061699 1.486968 0.0186412779181465
829322.651055411 1.48797 0.0109897386638117
829656.651049124 1.488972 0.0114175448412249
829990.651042837 1.489974 0.0194530083404065
830324.65103655 1.490976 0.00915250057916666
830658.651030262 1.491978 0.0133345170285046
830992.651023975 1.49298 0.0151071888401225
831326.651017688 1.493982 0.014923259148825
831660.651011401 1.494984 0.00171581644988667
831994.651005114 1.495986 0.013951541416552
832328.650998826 1.496988 0.0131699226944019
832662.650992539 1.49799 -0.00162158548784655
832996.650986252 1.498992 0.0128100980355839
833330.650979965 1.499994 0.0173492659839337
833664.650973677 1.500996 0.0143164464910658
833998.65096739 1.501998 0.0205220664402157
834332.650961103 1.503 0.0126228579649746
834666.650954815 1.504002 0.00180748126282288
835000.650948528 1.505004 0.011465577088745
835334.650942241 1.506006 0.00816403577849252
835668.650935954 1.507008 0.0136039391999765
836002.650929666 1.50801 0.0096715908166942
836336.650923379 1.509012 0.0113049485344147
836670.650917092 1.510014 0.01184375229318
837004.650910805 1.511016 -0.00455300801823045
837338.650904518 1.512018 0.00950167384422896
837672.65089823 1.51302 0.0193453832434641
838006.650891943 1.514022 0.0111362239913118
838340.650885656 1.515024 0.0157253022904623
838674.650879368 1.516026 0.0080560754141516
839008.650873081 1.517028 0.00984628098929797
839342.650866794 1.51803 0.011872523357644
839676.650860507 1.519032 0.00632285729124211
840010.650854219 1.520034 0.00882230789188346
840344.650847932 1.521036 0.0198146232276507
840678.650841645 1.522038 0.0116233146029618
841012.650835358 1.52304 0.00551337119766025
841346.65082907 1.524042 0.016655252089488
841680.650822783 1.525044 0.00180337550304365
842014.650816496 1.526046 0.00315068335072716
842348.650810209 1.527048 0.0030600304172532
842682.650803922 1.52805 0.00717770943281078
843016.650797634 1.529052 0.0116458990546983
843350.650791347 1.530054 -0.00128392576996109
843684.65078506 1.531056 -0.00222101049485538
844018.650778772 1.532058 0.038995859039193
844352.650772485 1.53306 0.00853665058367193
844686.650766198 1.534062 0.0137316853747137
845020.650759911 1.535064 0.0188355384734544
845354.650753623 1.536066 0.00461591802299353
845688.650747336 1.537068 0.0161082549861708
846022.650741049 1.53807 0.0143688418053962
846356.650734762 1.539072 0.00403344759996864
846690.650728474 1.540074 0.0110008959369714
847024.650722187 1.541076 -0.000903240036881516
847358.6507159 1.542078 0.0217013907110465
847692.650709613 1.54308 0.00289340293116953
848026.650703325 1.544082 0.0216564656597252
848360.650697038 1.545084 0.0149682554051967
848694.650690751 1.546086 0.000224735119825295
849028.650684464 1.547088 0.0126613860660172
849362.650678176 1.54809 0.0194703203642187
849696.650671889 1.549092 0.00953765513600744
850030.650665602 1.550094 0.00633810045292598
850364.650659315 1.551096 0.00990248169148533
850698.650653028 1.552098 0.00642516505284981
851032.65064674 1.5531 0.0148062232435101
851366.650640453 1.554102 0.0101222412020163
851700.650634166 1.555104 0.0163501967974791
852034.650627878 1.556106 0.0184088573879859
852368.650621591 1.557108 0.00449427446292929
852702.650615304 1.55811 0.0204246591337707
853036.650609017 1.559112 0.00290104236702436
853370.650602729 1.560114 0.0165488499914982
853704.650596442 1.561116 0.0233802190570212
854038.650590155 1.562118 0.0185964647789096
854372.650583868 1.56312 0.0254611289440649
854706.65057758 1.564122 0.0114492162122248
855040.650571293 1.565124 0.00866429975481252
855374.650565006 1.566126 0.00928992086388607
855708.650558719 1.567128 0.0206449737334121
856042.650552431 1.56813 0.000447270382366923
856376.650546144 1.569132 0.0088820435449149
856710.650539857 1.570134 0.0121688700604418
857044.65053357 1.571136 0.0108398696301836
857378.650527282 1.572138 0.00925393068181443
857712.650520995 1.57314 0.00681644640620605
858046.650514708 1.574142 0.0190014742471268
858380.650508421 1.575144 0.0105682273400922
858714.650502133 1.576146 0.0046431129223576
859048.650495846 1.577148 0.0172752993001861
859382.650489559 1.57815 0.0185006050407919
859716.650483272 1.579152 0.0217819177331191
860050.650476985 1.580154 0.0168126709061779
860384.650470697 1.581156 0.0109575860316581
860718.65046441 1.582158 0.0132282267453014
861052.650458123 1.58316 0.0157055993465314
861386.650451835 1.584162 0.0187215306795569
861720.650445548 1.585164 0.00539519996773058
862054.650439261 1.586166 0.00385179309795754
862388.650432974 1.587168 0.0140750154523384
862722.650426686 1.58817 0.00404302834158491
863056.650420399 1.589172 0.0230084276975012
863390.650414112 1.590174 0.010777850379355
863724.650407825 1.591176 0.0101176849804062
864058.650401537 1.592178 0.0129735307513988
864392.65039525 1.59318 0.014505487719884
864726.650388963 1.594182 0.00834426639900858
865060.650382676 1.595184 0.00870946254711657
865394.650376388 1.596186 0.0154948398919325
865728.650370101 1.597188 0.00754873316186484
866062.650363814 1.59819 0.01218168764676
866396.650357527 1.599192 0.0143554597479511
866730.650351239 1.600194 0.015681399185056
867064.650344952 1.601196 0.00636510471117862
867398.650338665 1.602198 0.000389199263597746
867732.650332378 1.6032 0.00296955763697234
868066.65032609 1.604202 0.00881771316759311
868400.650319803 1.605204 0.0216241408244977
868734.650313516 1.606206 0.0216880609631043
869068.650307229 1.607208 0.0275595354831952
869402.650300942 1.60821 0.0191726686172151
869736.650294654 1.609212 0.00894948466878604
870070.650288367 1.610214 0.00631665554668896
870404.65028208 1.611216 0.00916749210384216
870738.650275792 1.612218 0.0091954413773298
871072.650269505 1.61322 0.0185818490131996
871406.650263218 1.614222 0.00471142094207727
871740.650256931 1.615224 0.0148132177335799
872074.650250643 1.616226 0.00438083239562138
872408.650244356 1.617228 0.00765612101377318
872742.650238069 1.61823 0.00708785546765383
873076.650231782 1.619232 0.0172143009204359
873410.650225495 1.620234 0.00304938442259852
873744.650219207 1.621236 0.0129243247621664
874078.65021292 1.622238 0.0160630539172198
874412.650206633 1.62324 0.0143866597819511
874746.650200345 1.624242 0.0186062748739117
875080.650194058 1.625244 0.0174117429997381
875414.650187771 1.626246 0.0103479110960782
875748.650181484 1.627248 0.00169202882563648
876082.650175196 1.62825 0.000262904580644091
876416.650168909 1.629252 0.0159753305552818
876750.650162622 1.630254 0.0106552311370105
877084.650156335 1.631256 0.00890231852146063
877418.650150047 1.632258 0.00818812846181268
877752.65014376 1.63326 0.0109159832433496
878086.650137473 1.634262 0.017155219759621
878420.650131186 1.635264 0.0145733046854864
878754.650124899 1.636266 0.0141423776843155
879088.650118611 1.637268 0.0144737067199223
879422.650112324 1.63827 0.0285452158960457
879756.650106037 1.639272 0.0140213128257144
880090.650099749 1.640274 0.0131062348208514
880424.650093462 1.641276 0.0138768228112225
880758.650087175 1.642278 0.0179044156539869
881092.650080888 1.64328 0.0181474334204762
881426.6500746 1.644282 0.0223417389218078
881760.650068313 1.645284 0.00606914828883195
882094.650062026 1.646286 0.0197889204076415
882428.650055739 1.647288 0.00548096464206802
882762.650049451 1.64829 0.0178879441318994
883096.650043164 1.649292 0.0190644411645344
883430.650036877 1.650294 -0.000328202753154112
883764.65003059 1.651296 0.00820861885540356
884098.650024302 1.652298 0.0132201033391921
884432.650018015 1.6533 0.0147227181544233
884766.650011728 1.654302 0.0189652010852517
885100.650005441 1.655304 0.0152374475314103
885434.649999153 1.656306 0.00823486916393319
885768.649992866 1.657308 0.00790999205851663
886102.649986579 1.65831 0.00577939175441351
886436.649980292 1.659312 0.017471365908288
886770.649974004 1.660314 0.0136252830930972
887104.649967717 1.661316 0.0172809367859943
887438.64996143 1.662318 0.0185519824013653
887772.649955143 1.66332 0.0146012996255617
888106.649948855 1.664322 0.0175492857516046
888440.649942568 1.665324 0.014168993938266
888774.649936281 1.666326 0.0145843243073504
889108.649929994 1.667328 0.0161732271751064
889442.649923706 1.66833 0.0148254577996614
889776.649917419 1.669332 0.00543557230679835
890110.649911132 1.670334 0.0236679332243777
890444.649904845 1.671336 0.0178450792336725
890778.649898557 1.672338 0.0151937784960711
891112.64989227 1.67334 0.0128576328505219
891446.649885983 1.674342 0.0146835512967522
891780.649879696 1.675344 0.00742759601109674
892114.649873408 1.676346 0.01721017795218
892448.649867121 1.677348 0.00432601769050047
892782.649860834 1.67835 -0.000124621214945984
893116.649854547 1.679352 0.0156624354235479
893450.649848259 1.680354 0.0134793906832153
893784.649841972 1.681356 0.00802729337550954
894118.649835685 1.682358 0.0166209898189434
894452.649829398 1.68336 0.0198530576562576
894786.64982311 1.684362 0.0158552847103427
895120.649816823 1.685364 0.0240913251178429
895454.649810536 1.686366 0.0219203220101381
895788.649804249 1.687368 0.00788122302792848
896122.649797961 1.68837 0.00917879128392032
896456.649791674 1.689372 0.0151948147532036
896790.649785387 1.690374 0.0114794803715209
897124.6497791 1.691376 0.0216505607624552
897458.649772812 1.692378 0.016649006861618
897792.649766525 1.69338 0.0176123487915534
898126.649760238 1.694382 0.0101721588161518
898460.649753951 1.695384 0.024109745905101
898794.649747663 1.696386 0.0222382469844898
899128.649741376 1.697388 0.0181762592059777
899462.649735089 1.69839 0.0314365012897229
899796.649728802 1.699392 0.0209810693020393
900130.649722514 1.700394 0.0220779137244326
900464.649716227 1.701396 0.0121029402417047
900798.64970994 1.702398 0.0217070318620131
901132.649703653 1.7034 0.016285823563318
901466.649697365 1.704402 0.0143861907205716
901800.649691078 1.705404 0.0210517052252132
902134.649684791 1.706406 0.00380078601790044
902468.649678504 1.707408 0.018106103806305
902802.649672216 1.70841 0.0168601132239517
903136.649665929 1.709412 0.0183817399092983
903470.649659642 1.710414 0.0111998937949977
903804.649653355 1.711416 0.0174498120327361
904138.649647067 1.712418 0.0212929268128723
904472.64964078 1.71342 0.0162694626533552
904806.649634493 1.714422 0.0273217162239905
905140.649628206 1.715424 0.0155605043293576
905474.649621918 1.716426 0.0148123168921767
905808.649615631 1.717428 0.0190706446969556
906142.649609344 1.71843 0.0189456199037449
906476.649603057 1.719432 0.0173387381667791
906810.649596769 1.720434 0.0293977883614601
907144.649590482 1.721436 0.0195620083226744
907478.649584195 1.722438 0.0153781391903791
907812.649577908 1.72344 0.0154652238232643
908146.64957162 1.724442 0.0151879763757668
908480.649565333 1.725444 0.0161322896222653
908814.649559046 1.726446 0.00882120277106867
909148.649552759 1.727448 0.00348843017335398
909482.649546471 1.72845 0.0177157195826344
909816.649540184 1.729452 0.0101252055324156
910150.649533897 1.730454 0.0124152385755046
910484.64952761 1.731456 0.0107393120309794
910818.649521322 1.732458 0.00618989941009418
911152.649515035 1.73346 0.012011311976248
911486.649508748 1.734462 0.01105311290958
911820.649502461 1.735464 0.0121105487524769
912154.649496173 1.736466 0.00535454598177186
912488.649489886 1.737468 0.00934679591121757
912822.649483599 1.73847 0.0164845172482361
913156.649477312 1.739472 0.0195818940641102
913490.649471024 1.740474 0.0122568838333892
913824.649464737 1.741476 0.0142905284088255
914158.64945845 1.742478 0.0151128087960959
914492.649452163 1.74348 0.0162662454253318
914826.649445875 1.744482 0.00950700116794871
915160.649439588 1.745484 0.0142315051522989
915494.649433301 1.746486 0.00966139817136806
915828.649427014 1.747488 0.00369808185372574
916162.649420726 1.74849 0.0187020694597126
916496.649414439 1.749492 0.0142583321681475
916830.649408152 1.750494 0.00727380509700235
917164.649401865 1.751496 0.0276088723980887
917498.649395577 1.752498 0.00917813238010684
917832.64938929 1.7535 0.0144092414225722
918166.649383003 1.754502 0.0210936493782596
918500.649376716 1.755504 0.00860534372209888
918834.649370428 1.756506 0.0111963601962852
919168.649364141 1.757508 0.0162312735354986
919502.649357854 1.75851 0.0205942909744196
919836.649351567 1.759512 0.0125118406520992
920170.649345279 1.760514 0.030913494148573
920504.649338992 1.761516 0.0127779997599198
920838.649332705 1.762518 0.0171205545803405
921172.649326418 1.76352 0.0104037141022341
921506.64932013 1.764522 0.0232987284151128
921840.649313843 1.765524 0.0167507677121504
922174.649307556 1.766526 0.017057781911116
922508.649301269 1.767528 0.0129003613672613
922842.649294981 1.76853 0.021539193848589
923176.649288694 1.769532 0.0142241820253383
923510.649282407 1.770534 0.0253427055216637
923844.64927612 1.771536 0.023452982923651
924178.649269832 1.772538 0.0150369731455317
924512.649263545 1.77354 0.0254891985378399
924846.649257258 1.774542 0.0108779817008039
925180.649250971 1.775544 0.0208368315303939
925514.649244683 1.776546 0.00313632288374965
925848.649238396 1.777548 0.0212806338531605
926182.649232109 1.77855 0.0135496809622477
926516.649225821 1.779552 0.0158223065448139
926850.649219534 1.780554 0.0093099040139172
927184.649213247 1.781556 0.025514386140142
927518.64920696 1.782558 0.022308756572512
927852.649200673 1.78356 0.0202210884191089
928186.649194385 1.784562 0.0160642580834202
928520.649188098 1.785564 0.0261162381643019
928854.649181811 1.786566 0.0123408086882966
929188.649175524 1.787568 0.0168633337977639
929522.649169236 1.78857 0.00717899716372595
929856.649162949 1.789572 0.0229827410424086
930190.649156662 1.790574 0.0185849504898871
930524.649150375 1.791576 0.0138116708055718
930858.649144087 1.792578 0.0165347840386013
931192.6491378 1.79358 0.0214693385057228
931526.649131513 1.794582 0.0131990141420575
931860.649125225 1.795584 0.0226415123903021
932194.649118938 1.796586 0.0144650340763634
932528.649112651 1.797588 0.00906123241838352
932862.649106364 1.79859 0.0145189440405521
933196.649100077 1.799592 0.0177321815150808
933530.649093789 1.800594 0.0140839552750379
933864.649087502 1.801596 0.0343139201495551
934198.649081215 1.802598 0.0136987583941125
934532.649074928 1.8036 0.0170546010205867
934866.64906864 1.804602 0.0212894348752953
935200.649062353 1.805604 0.0239629763708533
935534.649056066 1.806606 0.010886172849445
935868.649049778 1.807608 0.0258731385210054
936202.649043491 1.80861 0.0162382514357237
936536.649037204 1.809612 0.0200833449484534
936870.649030917 1.810614 0.0250517090422861
937204.64902463 1.811616 0.0215289161146366
937538.649018342 1.812618 0.0129118921267332
937872.649012055 1.81362 0.0188385375968933
938206.649005768 1.814622 0.018838607600965
938540.648999481 1.815624 0.0201068907338753
938874.648993193 1.816626 0.0153322101290593
939208.648986906 1.817628 0.0237769677346823
939542.648980619 1.81863 0.0207458847155584
939876.648974332 1.819632 0.0187703449662714
940210.648968044 1.820634 0.0146789022472064
940544.648961757 1.821636 0.0221095260988729
940878.64895547 1.822638 0.0229552510690931
941212.648949183 1.82364 0.0212903651719339
941546.648942895 1.824642 0.0167707519331105
941880.648936608 1.825644 0.00888747331404511
942214.648930321 1.826646 0.0161760197326477
942548.648924034 1.827648 0.0113646515836414
942882.648917746 1.82865 0.0198999703494262
943216.648911459 1.829652 0.0277140123343074
943550.648905172 1.830654 0.00940138800069765
943884.648898885 1.831656 0.0228956886250126
944218.648892597 1.832658 0.0165363893223875
944552.64888631 1.83366 0.0179359720796788
944886.648880023 1.834662 0.0187980080515035
945220.648873735 1.835664 0.0287278408702919
945554.648867448 1.836666 0.0209278215694476
945888.648861161 1.837668 0.0295008134497109
946222.648854874 1.83867 0.0116142210342005
946556.648848587 1.839672 0.0213078743493378
946890.648842299 1.840674 0.0143422165210244
947224.648836012 1.841676 0.0187263947214513
947558.648829725 1.842678 0.0123722063529006
947892.648823438 1.84368 0.0318287508937084
948226.64881715 1.844682 0.0229106439339302
948560.648810863 1.845684 0.0157484087372738
948894.648804576 1.846686 0.0183234672385979
949228.648798289 1.847688 0.0137416932448308
949562.648792001 1.84869 0.0181369224382333
949896.648785714 1.849692 0.0252835758085164
950230.648779427 1.850694 0.0205432105859896
950564.64877314 1.851696 0.0134363101546319
950898.648766852 1.852698 0.0197218712856182
951232.648760565 1.8537 0.0198820713624431
951566.648754278 1.854702 0.0177378556738921
951900.64874799 1.855704 0.0169828354960766
952234.648741703 1.856706 0.0258418988303668
952568.648735416 1.857708 0.0272375410385608
952902.648729129 1.85871 0.0259261038751371
953236.648722842 1.859712 0.0134439803740122
953570.648716554 1.860714 0.0168782673370954
953904.648710267 1.861716 0.00780068613695902
954238.64870398 1.862718 0.0186065375254831
954572.648697693 1.86372 0.0136869856501665
954906.648691405 1.864722 0.0194579152291971
955240.648685118 1.865724 0.0200453583705152
955574.648678831 1.866726 0.0158246701581586
955908.648672544 1.867728 0.0166383278866076
956242.648666256 1.86873 0.0212698041283299
956576.648659969 1.869732 0.0179574967652994
956910.648653682 1.870734 0.0155795838674006
957244.648647395 1.871736 0.0104364347434036
957578.648641107 1.872738 0.0187904071767273
957912.64863482 1.87374 0.0137550225757634
958246.648628533 1.874742 0.0260259630591634
958580.648622246 1.875744 0.0197314957232681
958914.648615958 1.876746 0.0235963744388503
959248.648609671 1.877748 0.0155781068743332
959582.648603384 1.87875 0.0172342603002865
959916.648597097 1.879752 0.0255891380302292
960250.648590809 1.880754 0.0235995734022632
960584.648584522 1.881756 0.0291929908001833
960918.648578235 1.882758 0.0217064644402384
961252.648571947 1.88376 0.0188632572420916
961586.64856566 1.884762 0.0195621305766102
961920.648559373 1.885764 0.0233530884689639
962254.648553086 1.886766 0.0151610904172514
962588.648546799 1.887768 0.030501838454526
962922.648540511 1.88877 0.0192712329663201
963256.648534224 1.889772 0.0160475459253053
963590.648527937 1.890774 0.0194696627595816
963924.64852165 1.891776 0.0218465414836592
964258.648515362 1.892778 0.0260305661803783
964592.648509075 1.89378 0.00554794609926484
964926.648502788 1.894782 0.0274215277637974
965260.648496501 1.895784 0.019150560477969
965594.648490213 1.896786 0.0281328814679208
965928.648483926 1.897788 0.0220439641599065
966262.648477639 1.89879 0.0287247656114091
966596.648471352 1.899792 0.0151150193655399
966930.648465064 1.900794 0.0165272371499153
967264.648458777 1.901796 0.023512585662728
967598.64845249 1.902798 0.0250942430570016
967932.648446203 1.9038 0.0221632123659789
968266.648439915 1.904802 0.0192901156760599
968600.648433628 1.905804 0.0256717793495621
968934.648427341 1.906806 0.0175669763856786
969268.648421053 1.907808 0.0159217925631746
969602.648414766 1.90881 0.0257243138874603
969936.648408479 1.909812 0.0249234687424549
970270.648402192 1.910814 0.020137720216006
970604.648395905 1.911816 0.0198947441517161
970938.648389617 1.912818 0.0159499600231797
971272.64838333 1.91382 0.0248272498817469
971606.648377043 1.914822 0.0184206725505114
971940.648370755 1.915824 0.021012187063764
972274.648364468 1.916826 0.0235376973022615
972608.648358181 1.917828 0.0186489724548432
972942.648351894 1.91883 0.0242976008886416
973276.648345607 1.919832 0.022411853269906
973610.648339319 1.920834 0.0130389184902347
973944.648333032 1.921836 0.0266395602449348
974278.648326745 1.922838 0.0283156447942436
974612.648320458 1.92384 0.0254204517344247
974946.64831417 1.924842 0.00046145942354293
975280.648307883 1.925844 0.0214577138296279
975614.648301596 1.926846 0.0242300636549598
975948.648295309 1.927848 0.0292527976712131
976282.648289021 1.92885 0.0278602808189726
976616.648282734 1.929852 0.0239929953957973
976950.648276447 1.930854 0.0346057213502646
977284.648270159 1.931856 0.0266771536538174
977618.648263872 1.932858 0.0100627747845758
977952.648257585 1.93386 0.0198556189699485
978286.648251298 1.934862 0.0232538884128598
978620.648245011 1.935864 0.025155252153436
978954.648238723 1.936866 0.0221254210124023
979288.648232436 1.937868 0.022849897672248
979622.648226149 1.93887 0.0234368611100139
979956.648219862 1.939872 0.0198786054599717
980290.648213574 1.940874 0.014401872405726
980624.648207287 1.941876 0.0250306983591327
980958.648201 1.942878 0.0264171355569988
981292.648194713 1.94388 0.0217423141225854
981626.648188425 1.944882 0.0192558701520312
981960.648182138 1.945884 0.0327572174164989
982294.648175851 1.946886 0.022275018715389
982628.648169564 1.947888 0.0170658043581052
982962.648163276 1.94889 0.0264420846439077
983296.648156989 1.949892 0.0163595732599829
983630.648150702 1.950894 0.0203517814314705
983964.648144415 1.951896 0.0159035880097156
984298.648138127 1.952898 0.0171655492614901
984632.64813184 1.9539 0.0184504949108428
984966.648125553 1.954902 0.027903273604589
985300.648119266 1.955904 0.0216547577217234
985634.648112978 1.956906 0.0279476248779021
985968.648106691 1.957908 0.0228094333152772
986302.648100404 1.95891 0.0238076439806395
986636.648094117 1.959912 0.0195547052106001
986970.648087829 1.960914 0.0313484697036663
987304.648081542 1.961916 0.0199640336058917
987638.648075255 1.962918 0.0169864759976101
987972.648068968 1.96392 0.0158581435297103
988306.64806268 1.964922 0.0206876458072876
988640.648056393 1.965924 0.0243952759534291
988974.648050106 1.966926 0.0176781247920888
989308.648043819 1.967928 0.0273550224508207
989642.648037531 1.96893 0.024833534452922
989976.648031244 1.969932 0.0216196581249207
990310.648024957 1.970934 0.0255479799931131
990644.64801867 1.971936 0.0241101211848847
990978.648012382 1.972938 0.0183399586924727
991312.648006095 1.97394 0.0278782743732623
991646.647999808 1.974942 0.026470635979763
991980.64799352 1.975944 0.0192526316706382
992314.647987233 1.976946 0.0311434721813046
992648.647980946 1.977948 0.0216866110977922
992982.647974659 1.97895 0.0350435660817609
993316.647968372 1.979952 0.0270408907587734
993650.647962084 1.980954 0.0282529837030907
993984.647955797 1.981956 0.0166257993174442
994318.64794951 1.982958 0.00559493858490103
994652.647943223 1.98396 0.0338094870260803
994986.647936935 1.984962 0.0260651751854916
995320.647930648 1.985964 0.0295886283743711
995654.647924361 1.986966 0.0235308155980431
995988.647918074 1.987968 0.0198319990008872
996322.647911786 1.98897 0.0138625543831153
996656.647905499 1.989972 0.0288353011722141
996990.647899212 1.990974 0.0189918587073134
997324.647892924 1.991976 0.022804851416722
997658.647886637 1.992978 0.0282429448796529
997992.64788035 1.99398 0.0175450705125398
998326.647874063 1.994982 0.0224060706024129
998660.647867775 1.995984 0.0182970221902372
998994.647861488 1.996986 0.0130655703642752
999328.647855201 1.997988 0.0278411642946079
999662.647848914 1.99899 0.0253864689643855
999996.647842627 1.999992 0.0260702534384614
1000330.64783634 2.000994 0.0271022307398848
1000664.64783005 2.001996 0.0119139921892364
1000998.64782376 2.002998 0.0238923127411313
1001332.64781748 2.004 0.024143815492497
1001666.64781119 2.005002 0.0221942544164114
1002000.6478049 2.006004 0.0208811460852286
1002334.64779862 2.007006 0.0350868719244464
1002668.64779233 2.008008 0.0281813156697119
1003002.64778604 2.00901 0.0163380750553152
1003336.64777975 2.010012 0.0187823042601157
1003670.64777347 2.011014 0.0232783980851576
1004004.64776718 2.012016 0.0241358404775091
1004338.64776089 2.013018 0.0192109892073692
1004672.64775461 2.01402 0.0188126434038005
1005006.64774832 2.015022 0.022151838043034
1005340.64774203 2.016024 0.0301096490511505
1005674.64773574 2.017026 0.0265906265645465
1006008.64772946 2.018028 0.0214555972496759
1006342.64772317 2.01903 0.0165961122644218
1006676.64771688 2.020032 0.0249731263181859
1007010.64771059 2.021034 0.0285561210545091
1007344.64770431 2.022036 0.0225893986511993
1007678.64769802 2.023038 0.0213305488574361
1008012.64769173 2.02404 0.0234540116160474
1008346.64768545 2.025042 0.0162205298785816
1008680.64767916 2.026044 0.0227295124019573
1009014.64767287 2.027046 0.0232760759747948
1009348.64766658 2.028048 0.0287021996907191
1009682.6476603 2.02905 0.0315579003571779
1010016.64765401 2.030052 0.0285350584172227
1010350.64764772 2.031054 0.0115995254573675
1010684.64764143 2.032056 0.0269560763740026
1011018.64763515 2.033058 0.024307015946132
1011352.64762886 2.03406 0.0261122676616878
1011686.64762257 2.035062 0.0275812438552162
1012020.64761629 2.036064 0.0223372813928633
1012354.64761 2.037066 0.0264118313354185
1012688.64760371 2.038068 0.0191047016908344
1013022.64759742 2.03907 0.0255058018664548
1013356.64759114 2.040072 0.0178103556984113
1013690.64758485 2.041074 0.0230989107298528
1014024.64757856 2.042076 0.0238418472253088
1014358.64757227 2.043078 0.0226389180080355
1014692.64756599 2.04408 0.0171885962092961
1015026.6475597 2.045082 0.0190289962266216
1015360.64755341 2.046084 0.0181550118903464
1015694.64754713 2.047086 0.0160302949940692
1016028.64754084 2.048088 0.0260351305838432
1016362.64753455 2.04909 0.0308909391675994
1016696.64752826 2.050092 0.0297527866952375
1017030.64752198 2.051094 0.0273892139832331
1017364.64751569 2.052096 0.0262962390473876
1017698.6475094 2.053098 0.0294218550673474
1018032.64750312 2.0541 0.0129262009976064
1018366.64749683 2.055102 0.0217362668249756
1018700.64749054 2.056104 0.027278132290292
1019034.64748425 2.057106 0.0286269563917667
1019368.64747797 2.058108 0.0253356174069083
1019702.64747168 2.05911 0.0257255289693561
1020036.64746539 2.060112 0.0262703820398522
1020370.6474591 2.061114 0.0278648644000936
1020704.64745282 2.062116 0.0202972961232612
1021038.64744653 2.063118 0.0257232301618446
1021372.64744024 2.06412 0.031470596278341
1021706.64743396 2.065122 0.0277597710695876
1022040.64742767 2.066124 0.0264496738513281
1022374.64742138 2.067126 0.0215686182480978
1022708.64741509 2.068128 0.00965573729383069
1023042.64740881 2.06913 0.01864122236202
1023376.64740252 2.070132 0.0218575463323602
1023710.64739623 2.071134 0.0192654772835767
1024044.64738994 2.072136 0.0300020347182052
1024378.64738366 2.073138 0.0364813788819102
1024712.64737737 2.07414 0.0187102224811945
1025046.64737108 2.075142 0.0320837022265268
1025380.6473648 2.076144 0.0250398229632702
1025714.64735851 2.077146 0.0186467665765743
1026048.64735222 2.078148 0.035177468518204
1026382.64734593 2.07915 0.0279392782603827
1026716.64733965 2.080152 0.0275038403775368
1027050.64733336 2.081154 0.025167546270721
1027384.64732707 2.082156 0.0289576606247192
1027718.64732078 2.083158 0.037231551921875
1028052.6473145 2.08416 0.0279799457470994
1028386.64730821 2.085162 0.0251415108896114
1028720.64730192 2.086164 0.0245271433246805
1029054.64729564 2.087166 0.02712860142101
1029388.64728935 2.088168 0.019643580224326
1029722.64728306 2.08917 0.0274884143205963
1030056.64727677 2.090172 0.02039029956119
1030390.64727049 2.091174 0.0292417779401885
1030724.6472642 2.092176 0.0308074307913074
1031058.64725791 2.093178 0.0313600878810133
1031392.64725163 2.09418 0.0284465203109418
1031726.64724534 2.095182 0.0257406155012814
1032060.64723905 2.096184 0.0300037745556742
1032394.64723276 2.097186 0.0164693096064842
1032728.64722648 2.098188 0.0237457635047861
1033062.64722019 2.09919 0.0265296243289285
1033396.6472139 2.100192 0.0283173791342716
1033730.64720761 2.101194 0.0334023055747704
1034064.64720133 2.102196 0.0237972246369063
1034398.64719504 2.103198 0.0309270608482074
1034732.64718875 2.1042 0.0225983895209522
1035066.64718247 2.105202 0.0273918381875029
1035400.64717618 2.106204 0.0167756600179533
1035734.64716989 2.107206 0.0253270612363022
1036068.6471636 2.108208 0.0327777845405486
1036402.64715732 2.10921 0.0239691532609464
1036736.64715103 2.110212 0.027547379473966
1037070.64714474 2.111214 0.0294347142520395
1037404.64713845 2.112216 0.027708550065627
1037738.64713217 2.113218 0.0185365882392708
1038072.64712588 2.11422 0.0317076841029297
1038406.64711959 2.115222 0.0312225704269103
1038740.64711331 2.116224 0.0199101415985571
1039074.64710702 2.117226 0.0401059480263216
1039408.64710073 2.118228 0.0231005625039662
1039742.64709444 2.11923 0.0177038962785319
1040076.64708816 2.120232 0.0193780349518591
1040410.64708187 2.121234 0.0316437598173328
1040744.64707558 2.122236 0.0258749290741953
1041078.64706929 2.123238 0.0276793634666193
1041412.64706301 2.12424 0.0236143552764818
1041746.64705672 2.125242 0.0286222983132194
1042080.64705043 2.126244 0.0195507847243654
1042414.64704415 2.127246 0.034540807539682
1042748.64703786 2.128248 0.0288810030181965
1043082.64703157 2.12925 0.0267168454807561
1043416.64702528 2.130252 0.0302023528575234
1043750.647019 2.131254 0.0344413185003823
1044084.64701271 2.132256 0.0300796149043836
1044418.64700642 2.133258 0.0245246164815839
1044752.64700014 2.13426 0.0249993444641773
1045086.64699385 2.135262 0.0375243806753476
1045420.64698756 2.136264 0.028158599258577
1045754.64698127 2.137266 0.0270009239972181
1046088.64697499 2.138268 0.0308691182955066
1046422.6469687 2.13927 0.0349821169923765
1046756.64696241 2.140272 0.0315686456016459
1047090.64695612 2.141274 0.0347258449512757
1047424.64694984 2.142276 0.0255601543549317
1047758.64694355 2.143278 0.0335742516774916
1048092.64693726 2.14428 0.020320257961931
1048426.64693098 2.145282 0.0197555757756423
1048760.64692469 2.146284 0.0312634289986273
1049094.6469184 2.147286 0.0281855256298274
1049428.64691211 2.148288 0.0258086499172494
1049762.64690583 2.14929 0.0256085829108097
1050096.64689954 2.150292 0.0314369358127362
1050430.64689325 2.151294 0.0303831260338159
1050764.64688696 2.152296 0.0292289090341146
1051098.64688068 2.153298 0.0339473450566523
1051432.64687439 2.1543 0.0371201924573887
1051766.6468681 2.155302 0.0264559181818809
1052100.64686182 2.156304 0.0284411735064723
1052434.64685553 2.157306 0.0287188306124286
1052768.64684924 2.158308 0.0275743304652787
1053102.64684295 2.15931 0.0279571401403149
1053436.64683667 2.160312 0.0229212192353933
1053770.64683038 2.161314 0.032691682840566
1054104.64682409 2.162316 0.0337026054365557
1054438.6468178 2.163318 0.0284366115126544
1054772.64681152 2.16432 0.0292255576098146
1055106.64680523 2.165322 0.0344695105157635
1055440.64679894 2.166324 0.0244547535600498
1055774.64679266 2.167326 0.0270959541282521
1056108.64678637 2.168328 0.0384856615142254
1056442.64678008 2.16933 0.0313166945750093
1056776.64677379 2.170332 0.0312867288692478
1057110.64676751 2.171334 0.028229785388323
1057444.64676122 2.172336 0.030978281622094
1057778.64675493 2.173338 0.0226875922802402
1058112.64674864 2.17434 0.0297606757829072
1058446.64674236 2.175342 0.0447916639291773
1058780.64673607 2.176344 0.0270571181873037
1059114.64672978 2.177346 0.0251825343282028
1059448.6467235 2.178348 0.0416614153084673
1059782.64671721 2.17935 0.0316940620690383
1060116.64671092 2.180352 0.0237561874552465
1060450.64670463 2.181354 0.0303665816900835
1060784.64669835 2.182356 0.0368805501123604
1061118.64669206 2.183358 0.0270874372962243
1061452.64668577 2.18436 0.026185359650328
1061786.64667949 2.185362 0.0374833452829471
1062120.6466732 2.186364 0.0309779392596221
1062454.64666691 2.187366 0.0315028284845675
1062788.64666062 2.188368 0.024242181601696
1063122.64665434 2.18937 0.0264588490233275
1063456.64664805 2.190372 0.031022482924703
1063790.64664176 2.191374 0.0239845211730388
1064124.64663547 2.192376 0.0368906391144661
1064458.64662919 2.193378 0.0428829819922245
1064792.6466229 2.19438 0.0297246638219364
1065126.64661661 2.195382 0.0231412077205484
1065460.64661033 2.196384 0.0401169758097695
1065794.64660404 2.197386 0.0323893349333519
1066128.64659775 2.198388 0.0258399352369401
1066462.64659146 2.19939 0.0250294912205196
1066796.64658518 2.200392 0.0240523950687284
1067130.64657889 2.201394 0.0307232830644935
1067464.6465726 2.202396 0.0338545650614519
1067798.64656631 2.203398 0.0320247460752612
1068132.64656003 2.2044 0.0319205865971737
1068466.64655374 2.205402 0.0342204130977608
1068800.64654745 2.206404 0.0428462825482752
1069134.64654117 2.207406 0.0347590465196861
1069468.64653488 2.208408 0.0259126348527497
1069802.64652859 2.20941 0.0335257615841243
1070136.6465223 2.210412 0.0379057494484613
1070470.64651602 2.211414 0.0384922309936187
1070804.64650973 2.212416 0.0325093823070524
1071138.64650344 2.213418 0.0332172126475452
1071472.64649715 2.21442 0.0259906859643861
1071806.64649087 2.215422 0.032085843183537
1072140.64648458 2.216424 0.0366735695018068
1072474.64647829 2.217426 0.0256997796902252
1072808.64647201 2.218428 0.0374781731135962
1073142.64646572 2.21943 0.0258522698027571
1073476.64645943 2.220432 0.0285823465955205
1073810.64645314 2.221434 0.0387701554379311
1074144.64644686 2.222436 0.0241195703415725
1074478.64644057 2.223438 0.0230448849078428
1074812.64643428 2.22444 0.0343081154135376
1075146.646428 2.225442 0.038122097368222
1075480.64642171 2.226444 0.0324125941183344
1075814.64641542 2.227446 0.0346924982421172
1076148.64640913 2.228448 0.0262648758715457
1076482.64640285 2.22945 0.0359035697548155
1076816.64639656 2.230452 0.0423786664054431
1077150.64639027 2.231454 0.0298721144096257
1077484.64638398 2.232456 0.0308057592707575
1077818.6463777 2.233458 0.0229919768801375
1078152.64637141 2.23446 0.0364913894732175
1078486.64636512 2.235462 0.0229606523923039
1078820.64635884 2.236464 0.0331163250552994
1079154.64635255 2.237466 0.0259442772233022
1079488.64634626 2.238468 0.0366740982831082
1079822.64633997 2.23947 0.0312187888154157
1080156.64633369 2.240472 0.0381795575165848
1080490.6463274 2.241474 0.0351306322906683
1080824.64632111 2.242476 0.0392127766753531
1081158.64631482 2.243478 0.0332722113359841
1081492.64630854 2.24448 0.0171034772293646
1081826.64630225 2.245482 0.0363860831568129
1082160.64629596 2.246484 0.0316767965544331
1082494.64628968 2.247486 0.0271002239867075
1082828.64628339 2.248488 0.0293298062686389
1083162.6462771 2.24949 0.040712467284856
1083496.64627081 2.250492 0.0299312464268687
1083830.64626453 2.251494 0.028658321821266
1084164.64625824 2.252496 0.0426424193516153
1084498.64625195 2.253498 0.0294440129766695
1084832.64624566 2.2545 0.0323395268122328
1085166.64623938 2.255502 0.0308808492334019
1085500.64623309 2.256504 0.0346391321368545
1085834.6462268 2.257506 0.0338658407552335
1086168.64622052 2.258508 0.0342268383815471
1086502.64621423 2.25951 0.0329556075754823
1086836.64620794 2.260512 0.0331575073964175
1087170.64620165 2.261514 0.0370340399870276
1087504.64619537 2.262516 0.0326813245866881
1087838.64618908 2.263518 0.0307599960728979
1088172.64618279 2.26452 0.0335709239406864
1088506.64617651 2.265522 0.0305068091167048
1088840.64617022 2.266524 0.0340676507942268
1089174.64616393 2.267526 0.0333061833243139
1089508.64615764 2.268528 0.0283867688501096
1089842.64615136 2.26953 0.0369520063033976
1090176.64614507 2.270532 0.044510298546714
1090510.64613878 2.271534 0.0329002705583032
1090844.64613249 2.272536 0.0286070755460683
1091178.64612621 2.273538 0.0300417835322913
1091512.64611992 2.27454 0.0362843535910566
1091846.64611363 2.275542 0.0394061060596496
1092180.64610735 2.276544 0.036923927927696
1092514.64610106 2.277546 0.0401439632295154
1092848.64609477 2.278548 0.0370444358805897
1093182.64608848 2.27955 0.0380475495228537
1093516.6460822 2.280552 0.0392094698112941
1093850.64607591 2.281554 0.0346078130161089
1094184.64606962 2.282556 0.0317872760706672
1094518.64606333 2.283558 0.0398870927331619
1094852.64605705 2.28456 0.0418675484798129
1095186.64605076 2.285562 0.0288653246028526
1095520.64604447 2.286564 0.0415160761274173
1095854.64603819 2.287566 0.0544218705672391
1096188.6460319 2.288568 0.0319081130265854
1096522.64602561 2.28957 0.0293852364021988
1096856.64601932 2.290572 0.0330083246369479
1097190.64601304 2.291574 0.0319684852408473
1097524.64600675 2.292576 0.02361811241709
1097858.64600046 2.293578 0.0278080685161509
1098192.64599417 2.29458 0.0431281780100564
1098526.64598789 2.295582 0.0369617904283514
1098860.6459816 2.296584 0.0412960515598835
1099194.64597531 2.297586 0.0384241415724956
1099528.64596903 2.298588 0.0257624399844474
1099862.64596274 2.29959 0.0328519495357808
1100196.64595645 2.300592 0.0419176590315455
1100530.64595016 2.301594 0.0346308864972686
1100864.64594388 2.302596 0.0410963509430546
1101198.64593759 2.303598 0.0454685628204275
1101532.6459313 2.3046 0.0332105325373146
1101866.64592501 2.305602 0.0428507583900344
1102200.64591873 2.306604 0.0332071130837627
1102534.64591244 2.307606 0.0305201298688699
1102868.64590615 2.308608 0.032663450776235
1103202.64589987 2.30961 0.0431431739515978
1103536.64589358 2.310612 0.0394250617362579
1103870.64588729 2.311614 0.0239699202068956
1104204.645881 2.312616 0.0432305022022695
1104538.64587472 2.313618 0.0288825740669997
1104872.64586843 2.31462 0.0289984503883513
1105206.64586214 2.315622 0.0350840070239602
1105540.64585586 2.316624 0.0401849665531049
1105874.64584957 2.317626 0.0442982518858435
1106208.64584328 2.318628 0.0433410978973753
1106542.64583699 2.31963 0.0398017651076044
1106876.64583071 2.320632 0.0422261983592045
1107210.64582442 2.321634 0.0424180284196017
1107544.64581813 2.322636 0.0422955055650083
1107878.64581184 2.323638 0.0449993508318502
1108212.64580556 2.32464 0.0342129713772122
1108546.64579927 2.325642 0.0360409449824378
1108880.64579298 2.326644 0.0513254453119995
1109214.6457867 2.327646 0.0496925787697391
1109548.64578041 2.328648 0.0466906659831305
1109882.64577412 2.32965 0.0360958571021274
1110216.64576783 2.330652 0.0525909263733034
1110550.64576155 2.331654 0.0336135427167926
1110884.64575526 2.332656 0.0307326376944721
1111218.64574897 2.333658 0.0408978697741824
1111552.64574268 2.33466 0.0339835679331077
1111886.6457364 2.335662 0.0496644916963882
1112220.64573011 2.336664 0.0432183776311845
1112554.64572382 2.337666 0.038425756660231
1112888.64571754 2.338668 0.0372430821217633
1113222.64571125 2.33967 0.0353801370062793
1113556.64570496 2.340672 0.0412797096904515
1113890.64569867 2.341674 0.0295472169712062
1114224.64569239 2.342676 0.0345001186299338
1114558.6456861 2.343678 0.0340647538746496
1114892.64567981 2.34468 0.0413147643109594
1115226.64567353 2.345682 0.0420577883525991
1115560.64566724 2.346684 0.047088499405198
1115894.64566095 2.347686 0.0487080597197591
1116228.64565466 2.348688 0.0373594016641356
1116562.64564838 2.34969 0.0463654807750685
1116896.64564209 2.350692 0.0379422856354531
1117230.6456358 2.351694 0.0432715581575603
1117564.64562951 2.352696 0.0363657309107653
1117898.64562323 2.353698 0.0444320698659071
1118232.64561694 2.3547 0.0430242684478291
1118566.64561065 2.355702 0.0401103570686713
1118900.64560437 2.356704 0.0483592142695531
1119234.64559808 2.357706 0.0401993404627228
1119568.64559179 2.358708 0.0414104920083504
1119902.6455855 2.35971 0.0430658165820022
1120236.64557922 2.360712 0.0364359314251317
1120570.64557293 2.361714 0.0425369657787843
1120904.64556664 2.362716 0.0470102231354177
1121238.64556035 2.363718 0.0362863329182202
1121572.64555407 2.36472 0.0315159887083779
1121906.64554778 2.365722 0.0530566006918595
1122240.64554149 2.366724 0.0443913936456277
1122574.64553521 2.367726 0.0461606452735804
1122908.64552892 2.368728 0.0404428297937295
1123242.64552263 2.36973 0.0352603704208505
1123576.64551634 2.370732 0.0421011800898763
1123910.64551006 2.371734 0.0512110316585958
1124244.64550377 2.372736 0.0414606197221157
1124578.64549748 2.373738 0.0310639329260338
1124912.64549119 2.37474 0.0313549722084923
1125246.64548491 2.375742 0.0469298461191925
1125580.64547862 2.376744 0.0330980428914602
1125914.64547233 2.377746 0.0477546915198528
1126248.64546605 2.378748 0.0423949416639174
1126582.64545976 2.37975 0.0494493830593881
1126916.64545347 2.380752 0.0488117095888553
1127250.64544718 2.381754 0.0402567537545788
1127584.6454409 2.382756 0.0499690415499354
1127918.64543461 2.383758 0.0420115853104731
1128252.64542832 2.38476 0.0459325185934151
1128586.64542204 2.385762 0.0425693320938242
1128920.64541575 2.386764 0.0417475062583837
1129254.64540946 2.387766 0.0470681908489547
1129588.64540317 2.388768 0.0447456910056278
1129922.64539689 2.38977 0.0433241506354738
1130256.6453906 2.390772 0.0486828395024999
1130590.64538431 2.391774 0.0496497004124871
1130924.64537802 2.392776 0.036649210398034
1131258.64537174 2.393778 0.0431487794770631
1131592.64536545 2.39478 0.0373463601736026
1131926.64535916 2.395782 0.035958721505842
1132260.64535288 2.396784 0.0335850157466564
1132594.64534659 2.397786 0.057885346512906
1132928.6453403 2.398788 0.0326877919676431
1133262.64533401 2.39979 0.0461062605319966
1133596.64532773 2.400792 0.0559344059002266
1133930.64532144 2.401794 0.0458262781276032
1134264.64531515 2.402796 0.0407480306806286
1134598.64530886 2.403798 0.0389507070537834
1134932.64530258 2.4048 0.0458910252736954
1135266.64529629 2.405802 0.0532713580384427
1135600.64529 2.406804 0.0464219977215546
1135934.64528372 2.407806 0.0418526840161814
1136268.64527743 2.408808 0.0571839620648208
1136602.64527114 2.40981 0.0493560641440695
1136936.64526485 2.410812 0.0421399967610614
1137270.64525857 2.411814 0.0501111912380014
1137604.64525228 2.412816 0.0447236157197393
1137938.64524599 2.413818 0.0584344339094417
1138272.6452397 2.41482 0.051431583173236
1138606.64523342 2.415822 0.0388409593967091
1138940.64522713 2.416824 0.0499368197138447
1139274.64522084 2.417826 0.0554297799044435
1139608.64521456 2.418828 0.0382630991202468
1139942.64520827 2.41983 0.0471033276559169
1140276.64520198 2.420832 0.0454092369784331
1140610.64519569 2.421834 0.0535967686182926
1140944.64518941 2.422836 0.049239460003512
1141278.64518312 2.423838 0.0532019168206968
1141612.64517683 2.42484 0.0468601131087493
1141946.64517054 2.425842 0.0545730529847292
1142280.64516426 2.426844 0.0523638612407247
1142614.64515797 2.427846 0.0497718251966553
1142948.64515168 2.428848 0.0510890698823152
1143282.6451454 2.42985 0.0430298749787352
1143616.64513911 2.430852 0.0507586676004351
1143950.64513282 2.431854 0.0487621195399486
1144284.64512653 2.432856 0.0465167247502583
1144618.64512025 2.433858 0.0393600612918542
1144952.64511396 2.43486 0.0580796481759829
1145286.64510767 2.435862 0.048388433062272
1145620.64510139 2.436864 0.0558982515235653
1145954.6450951 2.437866 0.0468528444543525
1146288.64508881 2.438868 0.0518621796387835
1146622.64508252 2.43987 0.041025617542907
1146956.64507624 2.440872 0.0474022307712812
1147290.64506995 2.441874 0.0606790473291882
1147624.64506366 2.442876 0.0464904440695803
1147958.64505737 2.443878 0.0365237725696918
1148292.64505109 2.44488 0.0466663790635631
1148626.6450448 2.445882 0.052445977041866
1148960.64503851 2.446884 0.0478938140045338
1149294.64503223 2.447886 0.0534115239026702
1149628.64502594 2.448888 0.0501165794754533
1149962.64501965 2.44989 0.0507595404218656
1150296.64501336 2.450892 0.053396729971779
1150630.64500708 2.451894 0.042541149237412
1150964.64500079 2.452896 0.0563315870574449
1151298.6449945 2.453898 0.0515667795354991
1151632.64498821 2.4549 0.0554608573446307
1151966.64498193 2.455902 0.0521982827105768
1152300.64497564 2.456904 0.0641031881703792
1152634.64496935 2.457906 0.0439915396311182
1152968.64496307 2.458908 0.0430879170038139
1153302.64495678 2.45991 0.061620797067899
1153636.64495049 2.460912 0.0580499821007699
1153970.6449442 2.461914 0.0571126788719547
1154304.64493792 2.462916 0.0535229792352028
1154638.64493163 2.463918 0.0497038503615249
1154972.64492534 2.46492 0.0510024997972829
1155306.64491906 2.465922 0.0602247292262613
1155640.64491277 2.466924 0.0604539319178096
1155974.64490648 2.467926 0.0524311497016162
1156308.64490019 2.468928 0.055165512404981
1156642.64489391 2.46993 0.056014462850108
1156976.64488762 2.470932 0.060722297050778
1157310.64488133 2.471934 0.0517287949455741
1157644.64487504 2.472936 0.0532086404103045
1157978.64486876 2.473938 0.0692014005754401
1158312.64486247 2.47494 0.061386148859097
1158646.64485618 2.475942 0.0536059042237154
1158980.6448499 2.476944 0.0616972124086431
1159314.64484361 2.477946 0.0541433628792865
1159648.64483732 2.478948 0.0582747210345025
1159982.64483103 2.47995 0.0617352386091051
1160316.64482475 2.480952 0.0538223874097546
1160650.64481846 2.481954 0.0495089902738851
1160984.64481217 2.482956 0.0686216846262624
1161318.64480588 2.483958 0.0551513614182206
1161652.6447996 2.48496 0.0522621760350356
1161986.64479331 2.485962 0.0617697785652304
1162320.64478702 2.486964 0.0669757124346228
1162654.64478074 2.487966 0.0547570369248151
1162988.64477445 2.488968 0.0549361627853841
1163322.64476816 2.48997 0.0561565131110857
1163656.64476187 2.490972 0.0599559401433588
1163990.64475559 2.491974 0.0639938808023142
1164324.6447493 2.492976 0.0567737723086961
1164658.64474301 2.493978 0.0583508846021301
1164992.64473672 2.49498 0.0630549240186438
1165326.64473044 2.495982 0.0645356305890877
1165660.64472415 2.496984 0.0671689989097636
1165994.64471786 2.497986 0.0577275063474654
1166328.64471158 2.498988 0.050775652864691
1166662.64470529 2.49999 0.0596287104582783
1166996.644699 2.500992 0.0499219432536524
1167330.64469271 2.501994 0.0711507474316978
1167664.64468643 2.502996 0.0640820897486824
1167998.64468014 2.503998 0.0590295638713045
1168332.64467385 2.505 0.0593400367862986
1168666.64466757 2.506002 0.0614581109794951
1169000.64466128 2.507004 0.0612041611269498
1169334.64465499 2.508006 0.0744779186138939
1169668.6446487 2.509008 0.0643797655005462
1170002.64464242 2.51001 0.05924383889622
1170336.64463613 2.511012 0.0561331231474704
1170670.64462984 2.512014 0.0609680445239888
1171004.64462355 2.513016 0.0603292342312155
1171338.64461727 2.514018 0.0653866161892731
1171672.64461098 2.51502 0.0588450074412869
1172006.64460469 2.516022 0.0583929293161908
1172340.64459841 2.517024 0.0588299618360749
1172674.64459212 2.518026 0.0583826921324616
1173008.64458583 2.519028 0.0659311071901208
1173342.64457954 2.52003 0.0629280357305858
1173676.64457326 2.521032 0.0675716698293755
1174010.64456697 2.522034 0.0574157461656609
1174344.64456068 2.523036 0.0671973969019558
1174678.64455439 2.524038 0.0661171477326932
1175012.64454811 2.52504 0.064943609954962
1175346.64454182 2.526042 0.0712443780833364
1175680.64453553 2.527044 0.0652614040732211
1176014.64452925 2.528046 0.069408743077971
1176348.64452296 2.529048 0.0725434436608574
1176682.64451667 2.53005 0.0679629614651957
1177016.64451038 2.531052 0.0643888755571214
1177350.6445041 2.532054 0.0599666395934517
1177684.64449781 2.533056 0.0693596589194158
1178018.64449152 2.534058 0.0704865509726745
1178352.64448523 2.53506 0.0644883515404506
1178686.64447895 2.536062 0.0592692567883163
1179020.64447266 2.537064 0.0665546733135199
1179354.64446637 2.538066 0.0752217041854202
1179688.64446009 2.539068 0.0770466986073376
1180022.6444538 2.54007 0.0811591842208239
1180356.64444751 2.541072 0.072384373213707
1180690.64444122 2.542074 0.0648589546142886
1181024.64443494 2.543076 0.0804707269844796
1181358.64442865 2.544078 0.0684466252902323
1181692.64442236 2.54508 0.0723267408054213
1182026.64441608 2.546082 0.0742466698744969
1182360.64440979 2.547084 0.0726748875646525
1182694.6444035 2.548086 0.0649083289412303
1183028.64439721 2.549088 0.0689467622055176
1183362.64439093 2.55009 0.0687180330830986
1183696.64438464 2.551092 0.0711804749057332
1184030.64437835 2.552094 0.065090658569287
1184364.64437206 2.553096 0.0699295319496575
1184698.64436578 2.554098 0.076835597290158
1185032.64435949 2.5551 0.0752904164071801
1185366.6443532 2.556102 0.0762413494390263
1185700.64434692 2.557104 0.0665613791638305
1186034.64434063 2.558106 0.0843142187479107
1186368.64433434 2.559108 0.0831086693437817
1186702.64432805 2.56011 0.0768332045032322
1187036.64432177 2.561112 0.0762125285250347
1187370.64431548 2.562114 0.0756761553057955
1187704.64430919 2.563116 0.0787800207919912
1188038.6443029 2.564118 0.0782007206797814
1188372.64429662 2.56512 0.0788521609326795
1188706.64429033 2.566122 0.0763477076800423
1189040.64428404 2.567124 0.075616528192885
1189374.64427776 2.568126 0.0783839479641655
1189708.64427147 2.569128 0.0723123537766128
1190042.64426518 2.57013 0.0673952104509289
1190376.64425889 2.571132 0.0812989797811859
1190710.64425261 2.572134 0.0778594683579449
1191044.64424632 2.573136 0.0806181683036585
1191378.64424003 2.574138 0.0681361707469893
1191712.64423374 2.57514 0.0676575310819453
1192046.64422746 2.576142 0.0817487208444419
1192380.64422117 2.577144 0.0821455418602918
1192714.64421488 2.578146 0.0815173793147826
1193048.6442086 2.579148 0.084510679274735
1193382.64420231 2.58015 0.0779578896216113
1193716.64419602 2.581152 0.0884456285425599
1194050.64418973 2.582154 0.0731942168210227
1194384.64418345 2.583156 0.0784574942237694
1194718.64417716 2.584158 0.0857819396177115
1195052.64417087 2.58516 0.084896339690993
1195386.64416459 2.586162 0.0789880117329665
1195720.6441583 2.587164 0.0747110256504513
1196054.64415201 2.588166 0.0733133409900829
1196388.64414572 2.589168 0.0893703712308175
1196722.64413944 2.59017 0.077336579019326
1197056.64413315 2.591172 0.0853699840178706
1197390.64412686 2.592174 0.0841353085409189
1197724.64412057 2.593176 0.0767492023535629
1198058.64411429 2.594178 0.0863369267418454
1198392.644108 2.59518 0.0748262540870296
1198726.64410171 2.596182 0.084093159301687
1199060.64409543 2.597184 0.0897147148139839
1199394.64408914 2.598186 0.087694765764559
1199728.64408285 2.599188 0.0863314450504773
1200062.64407656 2.60019 0.0884923981801535
1200396.64407028 2.601192 0.0884555804044735
1200730.64406399 2.602194 0.0852647881421501
1201064.6440577 2.603196 0.071288243937456
1201398.64405141 2.604198 0.0844409460902822
1201732.64404513 2.6052 0.0809215927391777
1202066.64403884 2.606202 0.0827231876756292
1202400.64403255 2.607204 0.0827864797106036
1202734.64402627 2.608206 0.0859743168914368
1203068.64401998 2.609208 0.0852319005393272
1203402.64401369 2.61021 0.0835841188073517
1203736.6440074 2.611212 0.0769231539094
1204070.64400112 2.612214 0.0862926707235296
1204404.64399483 2.613216 0.0851021565767113
1204738.64398854 2.614218 0.0866891485214567
1205072.64398225 2.61522 0.0916086855632541
1205406.64397597 2.616222 0.0869047171005021
1205740.64396968 2.617224 0.088993745047717
1206074.64396339 2.618226 0.0893140418067988
1206408.64395711 2.619228 0.0842479286164546
1206742.64395082 2.62023 0.0911833571493877
1207076.64394453 2.621232 0.0857017690526787
1207410.64393824 2.622234 0.0905481763107469
1207744.64393196 2.623236 0.0923240432429797
1208078.64392567 2.624238 0.0942392192979554
1208412.64391938 2.62524 0.0901614155916198
1208746.6439131 2.626242 0.0928448414801547
1209080.64390681 2.627244 0.0973674804646647
1209414.64390052 2.628246 0.0892220346197215
1209748.64389423 2.629248 0.0797999214528776
1210082.64388795 2.63025 0.100824493445732
1210416.64388166 2.631252 0.0863087236028637
1210750.64387537 2.632254 0.0915058829220875
1211084.64386908 2.633256 0.0858269018407121
1211418.6438628 2.634258 0.0886249461547556
1211752.64385651 2.63526 0.103193837548238
1212086.64385022 2.636262 0.0905597412667843
1212420.64384394 2.637264 0.0954752224217564
1212754.64383765 2.638266 0.09532178155977
1213088.64383136 2.639268 0.103895755566529
1213422.64382507 2.64027 0.0954718885324507
1213756.64381879 2.641272 0.0862634250140378
1214090.6438125 2.642274 0.0949163516566338
1214424.64380621 2.643276 0.099838150160372
1214758.64379992 2.644278 0.101208300212626
1215092.64379364 2.64528 0.100638925999636
1215426.64378735 2.646282 0.0891351609903704
1215760.64378106 2.647284 0.106017803720261
1216094.64377478 2.648286 0.105663261430939
1216428.64376849 2.649288 0.109458743156024
1216762.6437622 2.65029 0.0970394562260461
1217096.64375591 2.651292 0.0997392165239268
1217430.64374963 2.652294 0.093795174768847
1217764.64374334 2.653296 0.107958712094722
1218098.64373705 2.654298 0.106403573169053
1218432.64373076 2.6553 0.0988056684795427
1218766.64372448 2.656302 0.0944307888428462
1219100.64371819 2.657304 0.0936274418313269
1219434.6437119 2.658306 0.0952250115627492
1219768.64370562 2.659308 0.101019875918626
1220102.64369933 2.66031 0.100606319201527
1220436.64369304 2.661312 0.104857651556995
1220770.64368675 2.662314 0.114964394574778
1221104.64368047 2.663316 0.101721444971794
1221438.64367418 2.664318 0.0987533519948846
1221772.64366789 2.66532 0.109600606803267
1222106.64366161 2.666322 0.109076882880574
1222440.64365532 2.667324 0.106682322891834
1222774.64364903 2.668326 0.105178530959798
1223108.64364274 2.669328 0.109022111611853
1223442.64363646 2.67033 0.105165788374903
1223776.64363017 2.671332 0.106089191393759
1224110.64362388 2.672334 0.110351479507397
1224444.64361759 2.673336 0.10113344423645
1224778.64361131 2.674338 0.116391788987083
1225112.64360502 2.67534 0.106433993271791
1225446.64359873 2.676342 0.103761976635795
1225780.64359245 2.677344 0.103122141460426
1226114.64358616 2.678346 0.108789986250191
1226448.64357987 2.679348 0.10510370569732
1226782.64357358 2.68035 0.115937911999173
1227116.6435673 2.681352 0.108535593115498
1227450.64356101 2.682354 0.116890596467506
1227784.64355472 2.683356 0.109160718724677
1228118.64354843 2.684358 0.116711608099565
1228452.64354215 2.68536 0.118735764353871
1228786.64353586 2.686362 0.109791247529959
1229120.64352957 2.687364 0.114770500941035
1229454.64352329 2.688366 0.113557474612203
1229788.643517 2.689368 0.114698829390035
1230122.64351071 2.69037 0.118194567630028
1230456.64350442 2.691372 0.111512423481242
1230790.64349814 2.692374 0.118378545798772
1231124.64349185 2.693376 0.110493717850211
1231458.64348556 2.694378 0.104664801287463
1231792.64347927 2.69538 0.12077358883694
1232126.64347299 2.696382 0.112259987622185
1232460.6434667 2.697384 0.118670964008674
1232794.64346041 2.698386 0.116773649043484
1233128.64345413 2.699388 0.119536517130024
1233462.64344784 2.70039 0.116010835102834
1233796.64344155 2.701392 0.117727331471919
1234130.64343526 2.702394 0.118641689110133
1234464.64342898 2.703396 0.11217346192033
1234798.64342269 2.704398 0.126849555808936
1235132.6434164 2.7054 0.117725642577606
1235466.64341012 2.706402 0.117059916892179
1235800.64340383 2.707404 0.116935965773155
1236134.64339754 2.708406 0.122429918646364
1236468.64339125 2.709408 0.120821891315654
1236802.64338497 2.71041 0.120418511011127
1237136.64337868 2.711412 0.118757813399662
1237470.64337239 2.712414 0.120015208206102
1237804.6433661 2.713416 0.124866852709123
1238138.64335982 2.714418 0.118466693871537
1238472.64335353 2.71542 0.114403486385706
1238806.64334724 2.716422 0.112612739645244
1239140.64334096 2.717424 0.125100156624399
1239474.64333467 2.718426 0.133151778362548
1239808.64332838 2.719428 0.132217598956514
1240142.64332209 2.72043 0.124173345897746
1240476.64331581 2.721432 0.124403094153819
1240810.64330952 2.722434 0.13378644240126
1241144.64330323 2.723436 0.116972314745384
1241478.64329694 2.724438 0.127952295999507
1241812.64329066 2.72544 0.122275791270778
1242146.64328437 2.726442 0.125150877660909
1242480.64327808 2.727444 0.12708707915137
1242814.6432718 2.728446 0.123354940858599
1243148.64326551 2.729448 0.13630131765986
1243482.64325922 2.73045 0.127466312140225
1243816.64325293 2.731452 0.126530166712303
1244150.64324665 2.732454 0.131776470189575
1244484.64324036 2.733456 0.126124692877655
1244818.64323407 2.734458 0.134587398255014
1245152.64322778 2.73546 0.133511178645734
1245486.6432215 2.736462 0.127528071338601
1245820.64321521 2.737464 0.128934764497931
1246154.64320892 2.738466 0.132158540052357
1246488.64320264 2.739468 0.122362487207209
1246822.64319635 2.74047 0.137340483126465
1247156.64319006 2.741472 0.136016730383522
1247490.64318377 2.742474 0.126539972998058
1247824.64317749 2.743476 0.124268289876288
1248158.6431712 2.744478 0.146119434384684
1248492.64316491 2.74548 0.127471646176313
1248826.64315863 2.746482 0.137869696422906
1249160.64315234 2.747484 0.145271945090677
1249494.64314605 2.748486 0.142955407661261
1249828.64313976 2.749488 0.140942814928461
1250162.64313348 2.75049 0.135668220115324
1250496.64312719 2.751492 0.150885331881822
1250830.6431209 2.752494 0.139998359775721
1251164.64311461 2.753496 0.130185582450728
1251498.64310833 2.754498 0.137677140955465
1251832.64310204 2.7555 0.141403680373876
1252166.64309575 2.756502 0.133141720982523
1252500.64308947 2.757504 0.14104475270531
1252834.64308318 2.758506 0.146562047656088
1253168.64307689 2.759508 0.141311751192057
1253502.6430706 2.76051 0.151443947972486
1253836.64306432 2.761512 0.156303491106037
1254170.64305803 2.762514 0.157124617529686
1254504.64305174 2.763516 0.152075227339668
1254838.64304545 2.764518 0.155412177446222
1255172.64303917 2.76552 0.151823098328264
1255506.64303288 2.766522 0.148583665482803
1255840.64302659 2.767524 0.143119105513994
1256174.64302031 2.768526 0.148860976131443
1256508.64301402 2.769528 0.147062930255238
1256842.64300773 2.77053 0.159824285928742
1257176.64300144 2.771532 0.149925804348751
1257510.64299516 2.772534 0.15665163724168
1257844.64298887 2.773536 0.150657659637727
1258178.64298258 2.774538 0.153732727900926
1258512.64297629 2.77554 0.153192589869704
1258846.64297001 2.776542 0.159553641313827
1259180.64296372 2.777544 0.151891013700968
1259514.64295743 2.778546 0.150170215476772
1259848.64295115 2.779548 0.145696453356194
1260182.64294486 2.78055 0.156044149952244
1260516.64293857 2.781552 0.153056864641832
1260850.64293228 2.782554 0.146901004329023
1261184.642926 2.783556 0.155636799443607
1261518.64291971 2.784558 0.156941054640386
1261852.64291342 2.78556 0.154199059665069
1262186.64290713 2.786562 0.163631863231906
1262520.64290085 2.787564 0.161626553533049
1262854.64289456 2.788566 0.158851854078489
1263188.64288827 2.789568 0.161824397457645
1263522.64288199 2.79057 0.164916306869846
1263856.6428757 2.791572 0.161329081523802
1264190.64286941 2.792574 0.165954987749025
1264524.64286312 2.793576 0.152847314188763
1264858.64285684 2.794578 0.154413634930094
1265192.64285055 2.79558 0.167389477833385
1265526.64284426 2.796582 0.159739524834532
1265860.64283798 2.797584 0.164698300391978
1266194.64283169 2.798586 0.162869321281409
1266528.6428254 2.799588 0.164236276010418
1266862.64281911 2.80059 0.162976587569198
1267196.64281283 2.801592 0.149423482462062
1267530.64280654 2.802594 0.166870489495371
1267864.64280025 2.803596 0.172380019319583
1268198.64279396 2.804598 0.168718347750083
1268532.64278768 2.8056 0.176021011095345
1268866.64278139 2.806602 0.16937181126575
1269200.6427751 2.807604 0.162550888401801
1269534.64276882 2.808606 0.178866804879822
1269868.64276253 2.809608 0.167355562270003
1270202.64275624 2.81061 0.175835120963451
1270536.64274995 2.811612 0.179441464969638
1270870.64274367 2.812614 0.180074707951293
1271204.64273738 2.813616 0.167450044878493
1271538.64273109 2.814618 0.180637562401863
1271872.6427248 2.81562 0.178651655988725
1272206.64271852 2.816622 0.167275092384708
1272540.64271223 2.817624 0.172105381463132
1272874.64270594 2.818626 0.176734108009244
1273208.64269966 2.819628 0.182484193659383
1273542.64269337 2.82063 0.187407295937917
1273876.64268708 2.821632 0.1803402004655
1274210.64268079 2.822634 0.152804814990181
1274544.64267451 2.823636 0.154157926191163
1274878.64266822 2.824638 0.151726327883982
1275212.64266193 2.82564 0.150538670993639
1275546.64265565 2.826642 0.146444516905873
1275880.64264936 2.827644 0.142827177027953
1276214.64264307 2.828646 0.142630164994676
1276548.64263678 2.829648 0.155139136615121
1276882.6426305 2.83065 0.152859329315494
1277216.64262421 2.831652 0.149850682989123
1277550.64261792 2.832654 0.155653230967657
1277884.64261163 2.833656 0.153546687238103
1278218.64260535 2.834658 0.149775832230993
1278552.64259906 2.83566 0.150571457454432
1278886.64259277 2.836662 0.155600452582893
1279220.64258649 2.837664 0.153745495724323
1279554.6425802 2.838666 0.156360292780914
1279888.64257391 2.839668 0.151223303444445
1280222.64256762 2.84067 0.159339023615305
1280556.64256134 2.841672 0.157829152661464
1280890.64255505 2.842674 0.155118651335286
1281224.64254876 2.843676 0.154082238311679
1281558.64254247 2.844678 0.16201784049089
1281892.64253619 2.84568 0.153022225307596
1282226.6425299 2.846682 0.161183602884966
1282560.64252361 2.847684 0.167147314663564
1282894.64251733 2.848686 0.168277580799418
1283228.64251104 2.849688 0.15525661605561
1283562.64250475 2.85069 0.162763453176902
1283896.64249846 2.851692 0.165201955586163
1284230.64249218 2.852694 0.162668018632738
1284564.64248589 2.853696 0.158147786592299
1284898.6424796 2.854698 0.159559601539991
1285232.64247331 2.8557 0.164049043173717
1285566.64246703 2.856702 0.162026615560656
1285900.64246074 2.857704 0.171074602198646
1286234.64245445 2.858706 0.173721685631572
1286568.64244817 2.859708 0.163377032168758
1286902.64244188 2.86071 0.1699041339993
1287236.64243559 2.861712 0.155412811983831
1287570.6424293 2.862714 0.166678185465141
1287904.64242302 2.863716 0.161468334425971
1288238.64241673 2.864718 0.170698516951726
1288572.64241044 2.86572 0.171699981444763
1288906.64240416 2.866722 0.173063832084849
1289240.64239787 2.867724 0.180537473501694
1289574.64239158 2.868726 0.180640822200135
1289908.64238529 2.869728 0.169221587614269
1290242.64237901 2.87073 0.180052533964272
1290576.64237272 2.871732 0.177989059672764
1290910.64236643 2.872734 0.170194662289
1291244.64236014 2.873736 0.171009250484501
1291578.64235386 2.874738 0.174927663727975
1291912.64234757 2.87574 0.181538459819064
1292246.64234128 2.876742 0.178012579167695
1292580.642335 2.877744 0.184905843160391
1292914.64232871 2.878746 0.166098583111913
1293248.64232242 2.879748 0.182676350565132
1293582.64231613 2.88075 0.180671548645895
1293916.64230985 2.881752 0.191619803798809
1294250.64230356 2.882754 0.187008113327501
1294584.64229727 2.883756 0.184805222969953
1294918.64229098 2.884758 0.178291970724144
1295252.6422847 2.88576 0.179566417734743
1295586.64227841 2.886762 0.186706444964839
1295920.64227212 2.887764 0.183261454677317
1296254.64226584 2.888766 0.18338921461552
1296588.64225955 2.889768 0.182507479700049
1296922.64225326 2.89077 0.180340313898731
1297256.64224697 2.891772 0.184388592714693
1297590.64224069 2.892774 0.171792888031156
1297924.6422344 2.893776 0.163889878369067
1298258.64222811 2.894778 0.153719453222895
1298592.64222182 2.89578 0.144986664108432
1298926.64221554 2.896782 0.150707838877689
1299260.64220925 2.897784 0.147395846733896
1299594.64220296 2.898786 0.14572270430774
1299928.64219668 2.899788 0.141522194902655
1300262.64219039 2.90079 0.15497451862327
1300596.6421841 2.901792 0.149071844866997
1300930.64217781 2.902794 0.147721752299432
1301264.64217153 2.903796 0.151581149242132
1301598.64216524 2.904798 0.153988870438067
1301932.64215895 2.9058 0.160667819833687
1302266.64215266 2.906802 0.154328850139608
1302600.64214638 2.907804 0.151471905930013
1302934.64214009 2.908806 0.155028362007695
1303268.6421338 2.909808 0.15509198611631
1303602.64212752 2.91081 0.156755249523746
1303936.64212123 2.911812 0.156892874428069
1304270.64211494 2.912814 0.159088518784743
1304604.64210865 2.913816 0.155633274273923
1304938.64210237 2.914818 0.162258947299463
1305272.64209608 2.91582 0.150336191182201
1305606.64208979 2.916822 0.159541269340862
1305940.64208351 2.917824 0.152032526740894
1306274.64207722 2.918826 0.155220509879351
1306608.64207093 2.919828 0.169193209691256
1306942.64206464 2.92083 0.151746239225968
1307276.64205836 2.921832 0.162416808658537
1307610.64205207 2.922834 0.167903003356565
1307944.64204578 2.923836 0.159945170150489
1308278.64203949 2.924838 0.166908088743561
1308612.64203321 2.92584 0.161282985176624
1308946.64202692 2.926842 0.171724330484268
1309280.64202063 2.927844 0.168377863431109
1309614.64201435 2.928846 0.170946898760593
1309948.64200806 2.929848 0.170877655212988
1310282.64200177 2.93085 0.166532344968127
1310616.64199548 2.931852 0.170786273974632
1310950.6419892 2.932854 0.162825045172766
1311284.64198291 2.933856 0.164588125258149
1311618.64197662 2.934858 0.159537605044201
1311952.64197033 2.93586 0.164471654817499
1312286.64196405 2.936862 0.173216409326423
1312620.64195776 2.937864 0.161207769973175
1312954.64195147 2.938866 0.175232342525679
1313288.64194519 2.939868 0.175531292968169
1313622.6419389 2.94087 0.176410526286625
1313956.64193261 2.941872 0.174710615390925
1314290.64192632 2.942874 0.179099891547103
1314624.64192004 2.943876 0.166815124918906
1314958.64191375 2.944878 0.17629628061316
1315292.64190746 2.94588 0.171336132860615
1315626.64190118 2.946882 0.174834031345318
1315960.64189489 2.947884 0.172447045686433
1316294.6418886 2.948886 0.173090494106532
1316628.64188231 2.949888 0.179211530675438
1316962.64187603 2.95089 0.172918153682298
1317296.64186974 2.951892 0.172433615064259
1317630.64186345 2.952894 0.173144227548773
1317964.64185716 2.953896 0.182441310176639
1318298.64185088 2.954898 0.175305477135632
1318632.64184459 2.9559 0.183863809376781
1318966.6418383 2.956902 0.174342937053279
1319300.64183202 2.957904 0.173687673304653
1319634.64182573 2.958906 0.181672200553541
1319968.64181944 2.959908 0.180633724740512
1320302.64181315 2.96091 0.183851064261972
1320636.64180687 2.961912 0.177204563649545
1320970.64180058 2.962914 0.173163196781433
1321304.64179429 2.963916 0.16572395174604
1321638.641788 2.964918 0.158380041063182
1321972.64178172 2.96592 0.150043568735722
1322306.64177543 2.966922 0.158954781163627
1322640.64176914 2.967924 0.156524329871267
1322974.64176286 2.968926 0.153026074266398
1323308.64175657 2.969928 0.157888766915614
1323642.64175028 2.97093 0.153203313522556
1323976.64174399 2.971932 0.153591294903199
1324310.64173771 2.972934 0.158626233751861
1324644.64173142 2.973936 0.162981246959805
1324978.64172513 2.974938 0.155306408041289
1325312.64171884 2.97594 0.156437238322407
1325646.64171256 2.976942 0.157079082445986
1325980.64170627 2.977944 0.150959410441523
1326314.64169998 2.978946 0.143763678312744
1326648.6416937 2.979948 0.152630247841221
1326982.64168741 2.98095 0.152421143311932
1327316.64168112 2.981952 0.160760689891678
1327650.64167483 2.982954 0.158660908146932
1327984.64166855 2.983956 0.158702207331416
1328318.64166226 2.984958 0.167876401351508
1328652.64165597 2.98596 0.160776744880586
1328986.64164968 2.986962 0.158374665119104
1329320.6416434 2.987964 0.168160433156547
1329654.64163711 2.988966 0.158136681081024
1329988.64163082 2.989968 0.161456620955582
1330322.64162454 2.99097 0.165318779779187
1330656.64161825 2.991972 0.172947840676989
1330990.64161196 2.992974 0.158963470638566
1331324.64160567 2.993976 0.166047371749106
1331658.64159939 2.994978 0.17299039244977
1331992.6415931 2.99598 0.172147513211718
1332326.64158681 2.996982 0.17029675861016
1332660.64158053 2.997984 0.173608484625238
1332994.64157424 2.998986 0.172030510113877
1333328.64156795 2.999988 0.178386987309689
1333662.64156166 3.00099 0.175973065333963
1333996.64155538 3.001992 0.17455692945089
1334330.64154909 3.002994 0.172792059434907
1334664.6415428 3.003996 0.171163844710202
1334998.64153651 3.004998 0.171645994845373
1335332.64153023 3.006 0.169082826610684
1335666.64152394 3.007002 0.172059238162389
1336000.64151765 3.008004 0.171372048175926
1336334.64151137 3.009006 0.178639588064977
1336668.64150508 3.010008 0.181773714010791
1337002.64149879 3.01101 0.171425326522469
1337336.6414925 3.012012 0.171422658959452
1337670.64148622 3.013014 0.1812928497608
1338004.64147993 3.014016 0.181623759535771
1338338.64147364 3.015018 0.175815992426237
1338672.64146735 3.01602 0.179045557767825
1339006.64146107 3.017022 0.183772836713191
1339340.64145478 3.018024 0.180522126770626
1339674.64144849 3.019026 0.188412124087742
1340008.64144221 3.020028 0.188477564827627
1340342.64143592 3.02103 0.181681204132957
1340676.64142963 3.022032 0.187639523916386
1341010.64142334 3.023034 0.183374426530863
1341344.64141706 3.024036 0.192137429062595
1341678.64141077 3.025038 0.186386299964875
1342012.64140448 3.02604 0.189718669608858
1342346.64139819 3.027042 0.18021627670133
1342680.64139191 3.028044 0.184259346398354
1343014.64138562 3.029046 0.197915235652914
1343348.64137933 3.030048 0.191971905437477
1343682.64137305 3.03105 0.191966924694631
1344016.64136676 3.032052 0.192939587177806
1344350.64136047 3.033054 0.19851017928904
1344684.64135418 3.034056 0.200596925851855
1345018.6413479 3.035058 0.193969032400478
1345352.64134161 3.03606 0.190709555883058
1345686.64133532 3.037062 0.193178091755904
1346020.64132904 3.038064 0.192807928287024
1346354.64132275 3.039066 0.203264937746142
1346688.64131646 3.040068 0.204055424976092
1347022.64131017 3.04107 0.200038641557298
1347356.64130389 3.042072 0.205252498050713
1347690.6412976 3.043074 0.195327705145004
1348024.64129131 3.044076 0.198629241558892
1348358.64128502 3.045078 0.215037129553905
1348692.64127874 3.04608 0.206489036280749
1349026.64127245 3.047082 0.209219410032174
1349360.64126616 3.048084 0.197274961046505
1349694.64125988 3.049086 0.209589532952115
1350028.64125359 3.050088 0.198118962185668
1350362.6412473 3.05109 0.216176273670588
1350696.64124101 3.052092 0.207691156695827
1351030.64123473 3.053094 0.217227299712769
1351364.64122844 3.054096 0.211459763545142
1351698.64122215 3.055098 0.216436612527064
1352032.64121586 3.0561 0.216603422769553
1352366.64120958 3.057102 0.217731876479647
1352700.64120329 3.058104 0.218192720656064
1353034.641197 3.059106 0.234553774825521
1353368.64119072 3.060108 0.212555990841062
1353702.64118443 3.06111 0.224054768553402
1354036.64117814 3.062112 0.228817099937318
1354370.64117185 3.063114 0.233335753318964
1354704.64116557 3.064116 0.225566783460919
1355038.64115928 3.065118 0.223206451128466
1355372.64115299 3.06612 0.228917477941549
1355706.6411467 3.067122 0.236494948738027
1356040.64114042 3.068124 0.225227820937913
1356374.64113413 3.069126 0.235832731255102
1356708.64112784 3.070128 0.239840936619243
1357042.64112156 3.07113 0.240458981257903
1357376.64111527 3.072132 0.247537284472845
1357710.64110898 3.073134 0.230998179539776
1358044.64110269 3.074136 0.238692438650967
1358378.64109641 3.075138 0.240613465772882
1358712.64109012 3.07614 0.240958612124223
1359046.64108383 3.077142 0.233813872397464
1359380.64107755 3.078144 0.23925872476665
1359714.64107126 3.079146 0.251127258131348
1360048.64106497 3.080148 0.2488594298994
1360382.64105868 3.08115 0.250766347488116
1360716.6410524 3.082152 0.245896285107808
1361050.64104611 3.083154 0.253709139427547
1361384.64103982 3.084156 0.255887505491754
1361718.64103353 3.085158 0.238978684723612
1362052.64102725 3.08616 0.260226265728218
1362386.64102096 3.087162 0.26096112650478
1362720.64101467 3.088164 0.255932866062615
1363054.64100839 3.089166 0.258165286709327
1363388.6410021 3.090168 0.260246706381938
1363722.64099581 3.09117 0.26537868599621
1364056.64098952 3.092172 0.250879663554276
1364390.64098324 3.093174 0.2583042644258
1364724.64097695 3.094176 0.259020756498796
1365058.64097066 3.095178 0.259047967827396
1365392.64096437 3.09618 0.261283247197375
1365726.64095809 3.097182 0.266286287362663
1366060.6409518 3.098184 0.274511691636871
1366394.64094551 3.099186 0.262789835517148
1366728.64093923 3.100188 0.26378224634733
1367062.64093294 3.10119 0.268344077866193
1367396.64092665 3.102192 0.262184187907138
1367730.64092036 3.103194 0.272829183892913
1368064.64091408 3.104196 0.27003911584813
1368398.64090779 3.105198 0.27149651065839
1368732.6409015 3.1062 0.260707160811295
1369066.64089521 3.107202 0.272409455134298
1369400.64088893 3.108204 0.278390998140527
1369734.64088264 3.109206 0.284003999051989
1370068.64087635 3.110208 0.291448766709705
1370402.64087007 3.11121 0.288477984498683
1370736.64086378 3.112212 0.28260649140014
1371070.64085749 3.113214 0.299162120887159
1371404.6408512 3.114216 0.286121456810221
1371738.64084492 3.115218 0.28613311720179
1372072.64083863 3.11622 0.292720186964961
1372406.64083234 3.117222 0.285317447901642
1372740.64082606 3.118224 0.290767344445572
1373074.64081977 3.119226 0.296331063756438
1373408.64081348 3.120228 0.29462372234137
1373742.64080719 3.12123 0.290330188308838
1374076.64080091 3.122232 0.308926828754191
1374410.64079462 3.123234 0.289221092216127
1374744.64078833 3.124236 0.302207235978045
1375078.64078204 3.125238 0.299615508255657
1375412.64077576 3.12624 0.311622037763419
1375746.64076947 3.127242 0.30409790388233
1376080.64076318 3.128244 0.303492384228025
1376414.6407569 3.129246 0.31484017034726
1376748.64075061 3.130248 0.306068290582483
1377082.64074432 3.13125 0.32011075017994
1377416.64073803 3.132252 0.310754244039104
1377750.64073175 3.133254 0.315035030405353
1378084.64072546 3.134256 0.307619780209527
1378418.64071917 3.135258 0.313320951195923
1378752.64071288 3.13626 0.311913032053137
1379086.6407066 3.137262 0.312551081623865
1379420.64070031 3.138264 0.320151662465141
1379754.64069402 3.139266 0.317042907355487
1380088.64068774 3.140268 0.323537235911564
1380422.64068145 3.14127 0.324544195715149
1380756.64067516 3.142272 0.325866659163346
1381090.64066887 3.143274 0.32790282215884
1381424.64066259 3.144276 0.335419519047721
1381758.6406563 3.145278 0.32106883533866
1382092.64065001 3.14628 0.330902819677388
1382426.64064372 3.147282 0.343878233862646
1382760.64063744 3.148284 0.340679921084063
1383094.64063115 3.149286 0.339406596588348
1383428.64062486 3.150288 0.338284016996209
1383762.64061858 3.15129 0.340858938539261
1384096.64061229 3.152292 0.341281447884776
1384430.640606 3.153294 0.345283979617187
1384764.64059971 3.154296 0.352141126340429
1385098.64059343 3.155298 0.350974835718763
1385432.64058714 3.1563 0.348243367173321
1385766.64058085 3.157302 0.335165060726509
1386100.64057456 3.158304 0.347489618068861
1386434.64056828 3.159306 0.352916153380234
1386768.64056199 3.160308 0.362060190231497
1387102.6405557 3.16131 0.346125297359548
1387436.64054942 3.162312 0.360416683150272
1387770.64054313 3.163314 0.365329359053196
1388104.64053684 3.164316 0.360166849285632
1388438.64053055 3.165318 0.364075310374419
1388772.64052427 3.16632 0.360668593880473
1389106.64051798 3.167322 0.369987735045092
1389440.64051169 3.168324 0.362223539247649
1389774.64050541 3.169326 0.360512871257741
1390108.64049912 3.170328 0.364777393053752
1390442.64049283 3.17133 0.362953051273103
1390776.64048654 3.172332 0.372338802613213
1391110.64048026 3.173334 0.37363429119371
1391444.64047397 3.174336 0.376251912677493
1391778.64046768 3.175338 0.379917674442787
1392112.64046139 3.17634 0.376552382492199
1392446.64045511 3.177342 0.378746625528241
1392780.64044882 3.178344 0.381377887206812
1393114.64044253 3.179346 0.380462332313114
1393448.64043625 3.180348 0.389548159788538
1393782.64042996 3.18135 0.389742856581403
1394116.64042367 3.182352 0.384798758677049
1394450.64041738 3.183354 0.395732821201572
1394784.6404111 3.184356 0.391680970447885
1395118.64040481 3.185358 0.390364276158574
1395452.64039852 3.18636 0.393247537453041
1395786.64039223 3.187362 0.391541727019243
1396120.64038595 3.188364 0.39953747165365
1396454.64037966 3.189366 0.387088178482988
1396788.64037337 3.190368 0.377626127123582
1397122.64036709 3.19137 0.372754871529084
1397456.6403608 3.192372 0.376453297309788
1397790.64035451 3.193374 0.367927493181493
1398124.64034822 3.194376 0.373735694064057
1398458.64034194 3.195378 0.36872764246175
1398792.64033565 3.19638 0.368742174235112
1399126.64032936 3.197382 0.370881085660111
1399460.64032308 3.198384 0.365273255994942
1399794.64031679 3.199386 0.361155643785817
1400128.6403105 3.200388 0.339230814655039
1400462.64030421 3.20139 0.333956291434034
1400796.64029793 3.202392 0.326641094517367
1401130.64029164 3.203394 0.326593580593956
1401464.64028535 3.204396 0.322976863350269
1401798.64027906 3.205398 0.326025350599096
1402132.64027278 3.2064 0.334394762294579
1402466.64026649 3.207402 0.332519574608319
1402800.6402602 3.208404 0.325473491620333
1403134.64025392 3.209406 0.337763859311044
1403468.64024763 3.210408 0.338488426277965
1403802.64024134 3.21141 0.345457620139838
1404136.64023505 3.212412 0.337333376512871
1404470.64022877 3.213414 0.338187424637389
1404804.64022248 3.214416 0.341679104770057
1405138.64021619 3.215418 0.343430164272657
1405472.6402099 3.21642 0.341976489705692
1405806.64020362 3.217422 0.347421273561243
1406140.64019733 3.218424 0.347095745327479
1406474.64019104 3.219426 0.350086703492611
1406808.64018476 3.220428 0.348195280617322
1407142.64017847 3.22143 0.354434100923318
1407476.64017218 3.222432 0.362385389167706
1407810.64016589 3.223434 0.352951578377551
1408144.64015961 3.224436 0.352168454964822
1408478.64015332 3.225438 0.369897552223132
1408812.64014703 3.22644 0.35918459819266
1409146.64014074 3.227442 0.363857407656251
1409480.64013446 3.228444 0.36508325117013
1409814.64012817 3.229446 0.368473122246173
1410148.64012188 3.230448 0.365013226773325
1410482.6401156 3.23145 0.353723943004879
1410816.64010931 3.232452 0.367831642961828
1411150.64010302 3.233454 0.368650502859831
1411484.64009673 3.234456 0.367618933781118
1411818.64009045 3.235458 0.371366758097241
1412152.64008416 3.23646 0.362152293107947
1412486.64007787 3.237462 0.375495830035473
1412820.64007158 3.238464 0.362527153819665
1413154.6400653 3.239466 0.387714077066184
1413488.64005901 3.240468 0.377429394688983
1413822.64005272 3.24147 0.385156534991219
1414156.64004644 3.242472 0.380610420695601
1414490.64004015 3.243474 0.388040604076747
1414824.64003386 3.244476 0.38395873947224
1415158.64002757 3.245478 0.393324435524671
1415492.64002129 3.24648 0.38189136515445
1415826.640015 3.247482 0.393835832183312
1416160.64000871 3.248484 0.397327215798881
1416494.64000243 3.249486 0.387019907224926
1416828.63999614 3.250488 0.391298679392024
1417162.63998985 3.25149 0.385094121310046
1417496.63998356 3.252492 0.398566785397089
1417830.63997728 3.253494 0.395542497815422
1418164.63997099 3.254496 0.395610555862688
1418498.6399647 3.255498 0.399623257874895
1418832.63995841 3.2565 0.399007975798765
1419166.63995213 3.257502 0.412625932917401
1419500.63994584 3.258504 0.409161202492743
1419834.63993955 3.259506 0.399021856164435
1420168.63993327 3.260508 0.398555120839843
1420502.63992698 3.26151 0.384580002896489
1420836.63992069 3.262512 0.386290850873434
1421170.6399144 3.263514 0.384992003528115
1421504.63990812 3.264516 0.384950124816152
1421838.63990183 3.265518 0.381146248937494
1422172.63989554 3.26652 0.390799830651483
1422506.63988925 3.267522 0.389243511682231
1422840.63988297 3.268524 0.390569262632793
1423174.63987668 3.269526 0.393308020759906
1423508.63987039 3.270528 0.399697031858024
1423842.63986411 3.27153 0.391241825320511
1424176.63985782 3.272532 0.391602028816916
1424510.63985153 3.273534 0.401074239033364
1424844.63984524 3.274536 0.404161886725389
1425178.63983896 3.275538 0.42149778502511
1425512.63983267 3.27654 0.399991424992897
1425846.63982638 3.277542 0.402078025415969
1426180.6398201 3.278544 0.404527062077954
1426514.63981381 3.279546 0.410590217186653
1426848.63980752 3.280548 0.407951265536021
1427182.63980123 3.28155 0.411776438416379
1427516.63979495 3.282552 0.413384873775963
1427850.63978866 3.283554 0.411465086432131
1428184.63978237 3.284556 0.430046900249717
1428518.63977608 3.285558 0.415300088517214
1428852.6397698 3.28656 0.423245660895425
1429186.63976351 3.287562 0.416594036518846
1429520.63975722 3.288564 0.419325171159759
1429854.63975094 3.289566 0.436430528311031
1430188.63974465 3.290568 0.433329044378345
1430522.63973836 3.29157 0.429665691082274
1430856.63973207 3.292572 0.423245143023155
1431190.63972579 3.293574 0.437313038886247
1431524.6397195 3.294576 0.432359446424204
1431858.63971321 3.295578 0.42950696090178
1432192.63970692 3.29658 0.440185912136232
1432526.63970064 3.297582 0.433866794635236
1432860.63969435 3.298584 0.434536112170016
1433194.63968806 3.299586 0.442236353387327
1433528.63968178 3.300588 0.441989481947154
1433862.63967549 3.30159 0.454637252121341
1434196.6396692 3.302592 0.450159535355862
1434530.63966291 3.303594 0.444084357220477
1434864.63965663 3.304596 0.45347061273114
1435198.63965034 3.305598 0.454580214538099
1435532.63964405 3.3066 0.458001612747267
1435866.63963776 3.307602 0.453153096191776
1436200.63963148 3.308604 0.448291935478914
1436534.63962519 3.309606 0.436714998035892
1436868.6396189 3.310608 0.43229300801152
1437202.63961262 3.31161 0.432851965314097
1437536.63960633 3.312612 0.434841280238253
1437870.63960004 3.313614 0.42871751130902
1438204.63959375 3.314616 0.429192783185626
1438538.63958747 3.315618 0.422459719335794
1438872.63958118 3.31662 0.439803353280739
1439206.63957489 3.317622 0.436587668215496
1439540.6395686 3.318624 0.443131369160724
1439874.63956232 3.319626 0.440092914265234
1440208.63955603 3.320628 0.440669016297765
1440542.63954974 3.32163 0.443826424683547
1440876.63954346 3.322632 0.445256662464303
1441210.63953717 3.323634 0.436334432240526
1441544.63953088 3.324636 0.445572901267825
1441878.63952459 3.325638 0.457735227681947
1442212.63951831 3.32664 0.449780206311886
1442546.63951202 3.327642 0.449904268342461
1442880.63950573 3.328644 0.456959960789598
1443214.63949945 3.329646 0.455592784327555
1443548.63949316 3.330648 0.460288156672766
1443882.63948687 3.33165 0.46744951286943
1444216.63948058 3.332652 0.456152922045787
1444550.6394743 3.333654 0.441656857508206
1444884.63946801 3.334656 0.44361045713629
1445218.63946172 3.335658 0.446427459117808
1445552.63945543 3.33666 0.445049697774313
1445886.63944915 3.337662 0.444248892991092
1446220.63944286 3.338664 0.433832277432991
1446554.63943657 3.339666 0.435871921120855
1446888.63943029 3.340668 0.436047888672079
1447222.639424 3.34167 0.442331592654999
1447556.63941771 3.342672 0.444653602693855
1447890.63941142 3.343674 0.451185489066844
1448224.63940514 3.344676 0.453907755071382
1448558.63939885 3.345678 0.453522658737858
1448892.63939256 3.34668 0.458277311960418
1449226.63938627 3.347682 0.450546936601397
1449560.63937999 3.348684 0.454341346883788
1449894.6393737 3.349686 0.459521450268429
1450228.63936741 3.350688 0.456042503433863
1450562.63936113 3.35169 0.460444677573716
1450896.63935484 3.352692 0.466674476630104
1451230.63934855 3.353694 0.466205244419579
1451564.63934226 3.354696 0.475128297135719
1451898.63933598 3.355698 0.465720553281235
1452232.63932969 3.3567 0.470646704148422
1452566.6393234 3.357702 0.474251238248587
1452900.63931712 3.358704 0.483985423895399
1453234.63931083 3.359706 0.48000413208237
1453568.63930454 3.360708 0.489091343237153
1453902.63929825 3.36171 0.48250175765868
1454236.63929197 3.362712 0.485846575559946
1454570.63928568 3.363714 0.492145687466807
1454904.63927939 3.364716 0.497753308565406
1455238.6392731 3.365718 0.494293904585413
1455572.63926682 3.36672 0.501892047486428
1455906.63926053 3.367722 0.495308814998561
1456240.63925424 3.368724 0.501132886991451
1456574.63924796 3.369726 0.509929719600796
1456908.63924167 3.370728 0.50594506145033
1457242.63923538 3.37173 0.511789293670858
1457576.63922909 3.372732 0.510673713971441
1457910.63922281 3.373734 0.506374990510818
1458244.63921652 3.374736 0.51035699600618
1458578.63921023 3.375738 0.515775057431638
1458912.63920394 3.37674 0.524398830020602
1459246.63919766 3.377742 0.51963701695111
1459580.63919137 3.378744 0.530611437952585
1459914.63918508 3.379746 0.527239409865456
1460248.6391788 3.380748 0.531516527737325
1460582.63917251 3.38175 0.5304410555932
1460916.63916622 3.382752 0.507712418393136
1461250.63915993 3.383754 0.512594219176793
1461584.63915365 3.384756 0.52007302991108
1461918.63914736 3.385758 0.520768795632147
1462252.63914107 3.38676 0.512777493001272
1462586.63913478 3.387762 0.522096725559917
1462920.6391285 3.388764 0.520560918419267
1463254.63912221 3.389766 0.520696372744041
1463588.63911592 3.390768 0.526478623898012
1463922.63910964 3.39177 0.520556705185927
1464256.63910335 3.392772 0.51191705813819
1464590.63909706 3.393774 0.516297846073891
1464924.63909077 3.394776 0.527957825938603
1465258.63908449 3.395778 0.534385949557775
1465592.6390782 3.39678 0.530607801249846
1465926.63907191 3.397782 0.54040563472798
1466260.63906562 3.398784 0.540964398805144
1466594.63905934 3.399786 0.541133610969574
1466928.63905305 3.400788 0.544996760894497
1467262.63904676 3.40179 0.541526334025215
1467596.63904048 3.402792 0.549727061809639
1467930.63903419 3.403794 0.547915104080086
1468264.6390279 3.404796 0.55242746514551
1468598.63902161 3.405798 0.555901378920966
1468932.63901533 3.4068 0.559510460582611
1469266.63900904 3.407802 0.557044431897286
1469600.63900275 3.408804 0.566420140581676
1469934.63899647 3.409806 0.56690490467358
1470268.63899018 3.410808 0.567765129930895
1470602.63898389 3.41181 0.567926634989691
1470936.6389776 3.412812 0.577594511399798
1471270.63897132 3.413814 0.586841774927361
1471604.63896503 3.414816 0.577584075500432
1471938.63895874 3.415818 0.577030790175202
1472272.63895245 3.41682 0.587755283853611
1472606.63894617 3.417822 0.586395475452331
1472940.63893988 3.418824 0.593021199330454
1473274.63893359 3.419826 0.600419432709773
1473608.63892731 3.420828 0.597023800668462
1473942.63892102 3.42183 0.593507068943175
1474276.63891473 3.422832 0.604877880550312
1474610.63890844 3.423834 0.605427454327929
1474944.63890216 3.424836 0.600390361179736
1475278.63889587 3.425838 0.613633658366772
1475612.63888958 3.42684 0.615283557464891
1475946.63888329 3.427842 0.616436722190207
1476280.63887701 3.428844 0.625532761262039
1476614.63887072 3.429846 0.619840972000771
1476948.63886443 3.430848 0.62628530215823
1477282.63885815 3.43185 0.624389980480181
1477616.63885186 3.432852 0.614777814348917
1477950.63884557 3.433854 0.607984102330881
1478284.63883928 3.434856 0.59965080557375
1478618.638833 3.435858 0.598130975398593
1478952.63882671 3.43686 0.602176093617698
1479286.63882042 3.437862 0.604402489139084
1479620.63881413 3.438864 0.609639000388993
1479954.63880785 3.439866 0.603824658332774
1480288.63880156 3.440868 0.603512038439721
1480622.63879527 3.44187 0.620297844880433
1480956.63878899 3.442872 0.613964895180599
1481290.6387827 3.443874 0.621379820816564
1481624.63877641 3.444876 0.623216776039917
1481958.63877012 3.445878 0.619456122628883
1482292.63876384 3.44688 0.626383191714748
1482626.63875755 3.447882 0.631683660055588
1482960.63875126 3.448884 0.632147345690657
1483294.63874498 3.449886 0.635788346359396
1483628.63873869 3.450888 0.631313391106161
1483962.6387324 3.45189 0.637403659254778
1484296.63872611 3.452892 0.643445862737341
1484630.63871983 3.453894 0.626259855743136
1484964.63871354 3.454896 0.628301379153972
1485298.63870725 3.455898 0.634900247660868
1485632.63870096 3.4569 0.62995859219513
1485966.63869468 3.457902 0.627244329947995
1486300.63868839 3.458904 0.633753200426083
1486634.6386821 3.459906 0.634745227250386
1486968.63867582 3.460908 0.635687513601119
1487302.63866953 3.46191 0.638117632960121
1487636.63866324 3.462912 0.64424208646109
1487970.63865695 3.463914 0.644637785814315
1488304.63865067 3.464916 0.653807254398562
1488638.63864438 3.465918 0.647556572204316
1488972.63863809 3.46692 0.655978315883358
1489306.6386318 3.467922 0.657854167764584
1489640.63862552 3.468924 0.654788374234899
1489974.63861923 3.469926 0.667444135390364
1490308.63861294 3.470928 0.660227211984298
1490642.63860666 3.47193 0.667469059692454
1490976.63860037 3.472932 0.671119153468053
1491310.63859408 3.473934 0.675052637705824
1491644.63858779 3.474936 0.665339519021723
1491978.63858151 3.475938 0.678653764734573
1492312.63857522 3.47694 0.677945192988876
1492646.63856893 3.477942 0.67234109317582
1492980.63856265 3.478944 0.665376148736109
1493314.63855636 3.479946 0.660915486210582
1493648.63855007 3.480948 0.661291873180525
1493982.63854378 3.48195 0.663582586618513
1494316.6385375 3.482952 0.661985840754532
1494650.63853121 3.483954 0.668418134066064
1494984.63852492 3.484956 0.660470997148349
1495318.63851863 3.485958 0.66319201208147
1495652.63851235 3.48696 0.672189352001143
1495986.63850606 3.487962 0.670958965011352
1496320.63849977 3.488964 0.660131660949638
1496654.63849349 3.489966 0.669836019440767
1496988.6384872 3.490968 0.670706460799826
1497322.63848091 3.49197 0.684200093249088
1497656.63847462 3.492972 0.687539596771305
1497990.63846834 3.493974 0.68263196487396
1498324.63846205 3.494976 0.691807659808781
1498658.63845576 3.495978 0.696794881503419
1498992.63844947 3.49698 0.689919214191655
1499326.63844319 3.497982 0.695871783567374
1499660.6384369 3.498984 0.688904986907125
1499994.63843061 3.499986 0.698460016626085
1500328.63842433 3.500988 0.697950501098377
1500662.63841804 3.50199 0.704621477547224
1500996.63841175 3.502992 0.709830820695449
1501330.63840546 3.503994 0.700536934809292
1501664.63839918 3.504996 0.703457481605414
1501998.63839289 3.505998 0.696140125734728
1502332.6383866 3.507 0.701588033313107
1502666.63838031 3.508002 0.699740014705503
1503000.63837403 3.509004 0.705702430320999
1503334.63836774 3.510006 0.707743230375843
1503668.63836145 3.511008 0.702452206901668
1504002.63835517 3.51201 0.708148979172364
1504336.63834888 3.513012 0.714174643928839
1504670.63834259 3.514014 0.714033828529157
1505004.6383363 3.515016 0.711474863094009
1505338.63833002 3.516018 0.719251365150673
1505672.63832373 3.51702 0.721188103135986
1506006.63831744 3.518022 0.728868109235513
1506340.63831116 3.519024 0.727463329398544
1506674.63830487 3.520026 0.728256948701295
1507008.63829858 3.521028 0.734299793029082
1507342.63829229 3.52203 0.726484598392868
1507676.63828601 3.523032 0.746175935676921
1508010.63827972 3.524034 0.744360780561326
1508344.63827343 3.525036 0.744307767531029
1508678.63826714 3.526038 0.753678885039754
1509012.63826086 3.52704 0.746845717917628
1509346.63825457 3.528042 0.761639391762512
1509680.63824828 3.529044 0.759563028870723
1510014.638242 3.530046 0.75848605001373
1510348.63823571 3.531048 0.762479988984062
1510682.63822942 3.53205 0.768551204380536
1511016.63822313 3.533052 0.773197637368497
1511350.63821685 3.534054 0.779199308900983
1511684.63821056 3.535056 0.769429430085639
1512018.63820427 3.536058 0.776370661752583
1512352.63819798 3.53706 0.776777590047317
1512686.6381917 3.538062 0.779613063153305
1513020.63818541 3.539064 0.774629108116959
1513354.63817912 3.540066 0.784055594666444
1513688.63817284 3.541068 0.787978470252712
1514022.63816655 3.54207 0.796745053711555
1514356.63816026 3.543072 0.791193217607918
1514690.63815397 3.544074 0.771450717166077
1515024.63814769 3.545076 0.76194324577508
1515358.6381414 3.546078 0.752847573543249
1515692.63813511 3.54708 0.74087959858501
1516026.63812882 3.548082 0.740391809119126
1516360.63812254 3.549084 0.735657405068612
1516694.63811625 3.550086 0.736955434267751
1517028.63810996 3.551088 0.70575368380564
1517362.63810368 3.55209 0.680712363045632
1517696.63809739 3.553092 0.662475202210542
1518030.6380911 3.554094 0.640156741757293
1518364.63808481 3.555096 0.625274749437118
1518698.63807853 3.556098 0.617841230589868
1519032.63807224 3.5571 0.617436212243976
1519366.63806595 3.558102 0.614335265574692
1519700.63805966 3.559104 0.608740826168397
1520034.63805338 3.560106 0.61366466707519
1520368.63804709 3.561108 0.612670755948333
1520702.6380408 3.56211 0.605075071757203
1521036.63803452 3.563112 0.61772610149124
1521370.63802823 3.564114 0.614866257843832
1521704.63802194 3.565116 0.620818034199136
1522038.63801565 3.566118 0.618142190588544
1522372.63800937 3.56712 0.62072473122562
1522706.63800308 3.568122 0.617334359664333
1523040.63799679 3.569124 0.623959716582827
1523374.6379905 3.570126 0.630307294133322
1523708.63798422 3.571128 0.624696124118499
1524042.63797793 3.57213 0.631305157346844
1524376.63797164 3.573132 0.640413813927299
1524710.63796536 3.574134 0.639493176285318
1525044.63795907 3.575136 0.634191663524891
1525378.63795278 3.576138 0.63730341743568
1525712.63794649 3.57714 0.635508459296583
1526046.63794021 3.578142 0.644510677230719
1526380.63793392 3.579144 0.646791712260317
1526714.63792763 3.580146 0.641733911401054
1527048.63792135 3.581148 0.649991779469265
1527382.63791506 3.58215 0.651671307866274
1527716.63790877 3.583152 0.661356617206231
1528050.63790248 3.584154 0.65278275110158
1528384.6378962 3.585156 0.667618277873422
1528718.63788991 3.586158 0.666265979030851
1529052.63788362 3.58716 0.664500089784761
1529386.63787733 3.588162 0.67010135063689
1529720.63787105 3.589164 0.668986054898078
1530054.63786476 3.590166 0.664427350525244
1530388.63785847 3.591168 0.684454159356841
1530722.63785219 3.59217 0.677294264123078
1531056.6378459 3.593172 0.685892420262355
1531390.63783961 3.594174 0.690265613263466
1531724.63783332 3.595176 0.687311718931169
1532058.63782704 3.596178 0.685870133489944
1532392.63782075 3.59718 0.685902728700233
1532726.63781446 3.598182 0.698956500006946
1533060.63780817 3.599184 0.688772121794723
1533394.63780189 3.600186 0.701195736967225
1533728.6377956 3.601188 0.693614508832358
1534062.63778931 3.60219 0.713003447185558
1534396.63778303 3.603192 0.711936925316692
1534730.63777674 3.604194 0.705442360253887
1535064.63777045 3.605196 0.716473165569861
1535398.63776416 3.606198 0.71047853456973
1535732.63775788 3.6072 0.718093330272544
1536066.63775159 3.608202 0.714635047356327
1536400.6377453 3.609204 0.721641168975478
1536734.63773902 3.610206 0.723590475595356
1537068.63773273 3.611208 0.727195448430077
1537402.63772644 3.61221 0.731902007025139
1537736.63772015 3.613212 0.733841661037142
1538070.63771387 3.614214 0.737470308398172
1538404.63770758 3.615216 0.738774698526033
1538738.63770129 3.616218 0.73512867095592
1539072.637695 3.61722 0.746033523856472
1539406.63768872 3.618222 0.751850054968293
1539740.63768243 3.619224 0.742234144527276
1540074.63767614 3.620226 0.736221953839006
1540408.63766986 3.621228 0.737027073250181
1540742.63766357 3.62223 0.73330061055425
1541076.63765728 3.623232 0.73006467247895
1541410.63765099 3.624234 0.74020744634825
1541744.63764471 3.625236 0.730229875767463
1542078.63763842 3.626238 0.728233863532477
1542412.63763213 3.62724 0.740193339201947
1542746.63762584 3.628242 0.744891048524592
1543080.63761956 3.629244 0.742314638835719
1543414.63761327 3.630246 0.745660188518849
1543748.63760698 3.631248 0.74982297079821
1544082.6376007 3.63225 0.749099541087793
1544416.63759441 3.633252 0.754589356425045
1544750.63758812 3.634254 0.744413874192249
1545084.63758183 3.635256 0.758359742203494
1545418.63757555 3.636258 0.755162296354417
1545752.63756926 3.63726 0.764161953693711
1546086.63756297 3.638262 0.766631226383961
1546420.63755669 3.639264 0.768323438039126
1546754.6375504 3.640266 0.774735054858693
1547088.63754411 3.641268 0.777232740318233
1547422.63753782 3.64227 0.772391073920192
1547756.63753154 3.643272 0.775209279251748
1548090.63752525 3.644274 0.773801110976577
1548424.63751896 3.645276 0.782687955270892
1548758.63751267 3.646278 0.771382238591363
1549092.63750639 3.64728 0.77717256848385
1549426.6375001 3.648282 0.772347826512819
1549760.63749381 3.649284 0.773762042485055
1550094.63748753 3.650286 0.779401939541434
1550428.63748124 3.651288 0.771533782637088
1550762.63747495 3.65229 0.758262610633231
1551096.63746866 3.653292 0.759739420069789
1551430.63746238 3.654294 0.753776533081326
1551764.63745609 3.655296 0.749775136777347
1552098.6374498 3.656298 0.751748705254626
1552432.63744351 3.6573 0.750709743560717
1552766.63743723 3.658302 0.758378228062953
1553100.63743094 3.659304 0.765804065710949
1553434.63742465 3.660306 0.750326940422126
1553768.63741837 3.661308 0.751994712210787
1554102.63741208 3.66231 0.740705909612482
1554436.63740579 3.663312 0.740388164826598
1554770.6373995 3.664314 0.742990773778466
1555104.63739322 3.665316 0.739668267213155
1555438.63738693 3.666318 0.73760280575226
1555772.63738064 3.66732 0.739835444044746
1556106.63737435 3.668322 0.752319352435
1556440.63736807 3.669324 0.751222580511769
1556774.63736178 3.670326 0.751875923745295
1557108.63735549 3.671328 0.75062961734447
1557442.63734921 3.67233 0.741493456010853
1557776.63734292 3.673332 0.740785535902252
1558110.63733663 3.674334 0.739715037165765
1558444.63733034 3.675336 0.733857202933424
1558778.63732406 3.676338 0.741416208541408
1559112.63731777 3.67734 0.740691302880747
1559446.63731148 3.678342 0.731276685418874
1559780.63730519 3.679344 0.733181806274978
1560114.63729891 3.680346 0.727362082088651
1560448.63729262 3.681348 0.715290742544721
1560782.63728633 3.68235 0.71669406384038
1561116.63728005 3.683352 0.714461938231365
1561450.63727376 3.684354 0.717501073508353
1561784.63726747 3.685356 0.71911699475742
1562118.63726118 3.686358 0.720259907907944
1562452.6372549 3.68736 0.723607211570305
1562786.63724861 3.688362 0.7325075605966
1563120.63724232 3.689364 0.729513108925863
1563454.63723604 3.690366 0.727344667349311
1563788.63722975 3.691368 0.741055045282258
1564122.63722346 3.69237 0.740265463106279
1564456.63721717 3.693372 0.745998666012481
1564790.63721089 3.694374 0.746036034035835
1565124.6372046 3.695376 0.750321394928769
1565458.63719831 3.696378 0.753812128650589
1565792.63719202 3.69738 0.76392734158271
1566126.63718574 3.698382 0.758941119076981
1566460.63717945 3.699384 0.769239306446301
1566794.63717316 3.700386 0.768488253739073
1567128.63716688 3.701388 0.761881715397487
1567462.63716059 3.70239 0.763907121327147
1567796.6371543 3.703392 0.76478821219461
1568130.63714801 3.704394 0.773742412934718
1568464.63714173 3.705396 0.773851133073975
1568798.63713544 3.706398 0.778247950657834
1569132.63712915 3.7074 0.779280343185993
1569466.63712286 3.708402 0.784228400108303
1569800.63711658 3.709404 0.780632758579879
1570134.63711029 3.710406 0.77403995091429
1570468.637104 3.711408 0.772497383002583
1570802.63709772 3.71241 0.765862762309738
1571136.63709143 3.713412 0.766002747213462
1571470.63708514 3.714414 0.773098823846827
1571804.63707885 3.715416 0.774261855601976
1572138.63707257 3.716418 0.782154622009298
1572472.63706628 3.71742 0.782812201923865
1572806.63705999 3.718422 0.791439579231074
1573140.6370537 3.719424 0.788927022081233
1573474.63704742 3.720426 0.789670217106162
1573808.63704113 3.721428 0.791138084888846
1574142.63703484 3.72243 0.804206419188934
1574476.63702856 3.723432 0.800664781190788
1574810.63702227 3.724434 0.801936001613362
1575144.63701598 3.725436 0.805147064782552
1575478.63700969 3.726438 0.807203842938157
1575812.63700341 3.72744 0.810604244741033
1576146.63699712 3.728442 0.802205855228612
1576480.63699083 3.729444 0.813252182069623
1576814.63698455 3.730446 0.819549248159899
1577148.63697826 3.731448 0.816380658938951
1577482.63697197 3.73245 0.82201976089437
1577816.63696568 3.733452 0.828871416115303
1578150.6369594 3.734454 0.838808441673024
1578484.63695311 3.735456 0.825932533921714
1578818.63694682 3.736458 0.829566294911493
1579152.63694053 3.73746 0.831725535401428
1579486.63693425 3.738462 0.841198958750348
1579820.63692796 3.739464 0.840401517512745
1580154.63692167 3.740466 0.84965791688646
1580488.63691539 3.741468 0.851290047079122
1580822.6369091 3.74247 0.85336108462141
1581156.63690281 3.743472 0.853487689551559
1581490.63689652 3.744474 0.85107283108885
1581824.63689024 3.745476 0.863184794174254
1582158.63688395 3.746478 0.869605305282873
1582492.63687766 3.74748 0.873690941590208
1582826.63687137 3.748482 0.871331367356204
1583160.63686509 3.749484 0.86793563753211
1583494.6368588 3.750486 0.881932590596015
1583828.63685251 3.751488 0.876216280817107
1584162.63684623 3.75249 0.880795226262932
1584496.63683994 3.753492 0.888038061669239
1584830.63683365 3.754494 0.892254631125444
1585164.63682736 3.755496 0.892758553728157
1585498.63682108 3.756498 0.886301008788235
1585832.63681479 3.7575 0.88380952614995
1586166.6368085 3.758502 0.874889667653041
1586500.63680221 3.759504 0.870557771848139
1586834.63679593 3.760506 0.876146890338979
1587168.63678964 3.761508 0.880181385233417
1587502.63678335 3.76251 0.895255040744108
1587836.63677707 3.763512 0.894537881868661
1588170.63677078 3.764514 0.891396818643762
1588504.63676449 3.765516 0.896112432760797
1588838.6367582 3.766518 0.896518022893551
1589172.63675192 3.76752 0.901392562783061
1589506.63674563 3.768522 0.905285373212982
1589840.63673934 3.769524 0.903766605165124
1590174.63673306 3.770526 0.910715472954465
1590508.63672677 3.771528 0.916478434561973
1590842.63672048 3.77253 0.92125376240963
1591176.63671419 3.773532 0.919872664393183
1591510.63670791 3.774534 0.916697773862281
1591844.63670162 3.775536 0.925644274489893
1592178.63669533 3.776538 0.93682905293997
1592512.63668904 3.77754 0.933800909282869
1592846.63668276 3.778542 0.927660470635208
1593180.63667647 3.779544 0.943055269860997
1593514.63667018 3.780546 0.93686633799748
1593848.6366639 3.781548 0.946190576565096
1594182.63665761 3.78255 0.95246354162121
1594516.63665132 3.783552 0.959182510697753
1594850.63664503 3.784554 0.955566375327101
1595184.63663875 3.785556 0.945954112323802
1595518.63663246 3.786558 0.938565152954972
1595852.63662617 3.78756 0.946692336392403
1596186.63661988 3.788562 0.940752861318451
1596520.6366136 3.789564 0.93936692501759
1596854.63660731 3.790566 0.939811280921887
1597188.63660102 3.791568 0.93580653541239
1597522.63659474 3.79257 0.921295346596822
1597856.63658845 3.793572 0.904026063706458
1598190.63658216 3.794574 0.899265291758301
1598524.63657587 3.795576 0.879211960671605
1598858.63656959 3.796578 0.884337271781428
1599192.6365633 3.79758 0.877615013307644
1599526.63655701 3.798582 0.860268491792021
1599860.63655072 3.799584 0.85553496605901
1600194.63654444 3.800586 0.867149631268718
1600528.63653815 3.801588 0.866448579554517
1600862.63653186 3.80259 0.865106699789114
1601196.63652558 3.803592 0.865937881104336
1601530.63651929 3.804594 0.855382278602779
1601864.636513 3.805596 0.850270114053547
1602198.63650671 3.806598 0.851294601340523
1602532.63650043 3.8076 0.842822152511268
1602866.63649414 3.808602 0.848664306789295
1603200.63648785 3.809604 0.843968663183584
1603534.63648157 3.810606 0.850952931770208
1603868.63647528 3.811608 0.852275760693669
1604202.63646899 3.81261 0.859927661580458
1604536.6364627 3.813612 0.867273114749931
1604870.63645642 3.814614 0.859279953099462
1605204.63645013 3.815616 0.865464656091169
1605538.63644384 3.816618 0.86633079305807
1605872.63643755 3.81762 0.881197105275712
1606206.63643127 3.818622 0.874355544663413
1606540.63642498 3.819624 0.87989340991389
1606874.63641869 3.820626 0.87719162560419
1607208.63641241 3.821628 0.880146882726201
1607542.63640612 3.82263 0.89059120855176
1607876.63639983 3.823632 0.886715637985295
1608210.63639354 3.824634 0.88653973314029
1608544.63638726 3.825636 0.897283563605033
1608878.63638097 3.826638 0.902530089397979
1609212.63637468 3.82764 0.90228177178062
1609546.63636839 3.828642 0.893558544280225
1609880.63636211 3.829644 0.893709928863691
1610214.63635582 3.830646 0.887402246063116
1610548.63634953 3.831648 0.882403694968473
1610882.63634325 3.83265 0.882141381268255
1611216.63633696 3.833652 0.873189317749026
1611550.63633067 3.834654 0.881273620762496
1611884.63632438 3.835656 0.880585043960642
1612218.6363181 3.836658 0.892113077880077
1612552.63631181 3.83766 0.891430088010839
1612886.63630552 3.838662 0.896170691437008
1613220.63629923 3.839664 0.888503729508999
1613554.63629295 3.840666 0.888713549324546
1613888.63628666 3.841668 0.887518968322026
1614222.63628037 3.84267 0.879538680401002
1614556.63627409 3.843672 0.881978043009909
1614890.6362678 3.844674 0.863716091621976
1615224.63626151 3.845676 0.861169562140869
1615558.63625522 3.846678 0.848250613629348
1615892.63624894 3.84768 0.841378491458856
1616226.63624265 3.848682 0.843505890147261
1616560.63623636 3.849684 0.846982166737213
1616894.63623008 3.850686 0.848392438523803
1617228.63622379 3.851688 0.851376374943293
1617562.6362175 3.85269 0.85042307670472
1617896.63621121 3.853692 0.857829716280818
1618230.63620493 3.854694 0.855533982392935
1618564.63619864 3.855696 0.861747382987102
1618898.63619235 3.856698 0.868310250661463
1619232.63618606 3.8577 0.878768849572374
1619566.63617978 3.858702 0.873765663464948
1619900.63617349 3.859704 0.879350336654365
1620234.6361672 3.860706 0.881775585492173
1620568.63616092 3.861708 0.880133229555642
1620902.63615463 3.86271 0.887611487259027
1621236.63614834 3.863712 0.879098071263339
1621570.63614205 3.864714 0.889636366831304
1621904.63613577 3.865716 0.896844035598905
1622238.63612948 3.866718 0.900917607357861
1622572.63612319 3.86772 0.901366722909225
1622906.6361169 3.868722 0.895750941581638
1623240.63611062 3.869724 0.910014112652937
1623574.63610433 3.870726 0.899819318502724
1623908.63609804 3.871728 0.912866483347942
1624242.63609176 3.87273 0.919782462488554
1624576.63608547 3.873732 0.918572153300631
1624910.63607918 3.874734 0.910524229164371
1625244.63607289 3.875736 0.891807547736405
1625578.63606661 3.876738 0.880098117789005
1625912.63606032 3.87774 0.874629345957498
1626246.63605403 3.878742 0.870312352486152
1626580.63604774 3.879744 0.869169878421632
1626914.63604146 3.880746 0.870556352050566
1627248.63603517 3.881748 0.876036450595698
1627582.63602888 3.88275 0.870272898330743
1627916.6360226 3.883752 0.871743388230312
1628250.63601631 3.884754 0.854870960041021
1628584.63601002 3.885756 0.854104066800164
1628918.63600373 3.886758 0.850929685310007
1629252.63599745 3.88776 0.847461303157024
1629586.63599116 3.888762 0.83919041050277
1629920.63598487 3.889764 0.836375231727957
1630254.63597859 3.890766 0.845114360023302
1630588.6359723 3.891768 0.844526599619576
1630922.63596601 3.89277 0.855919468569872
1631256.63595972 3.893772 0.861660882250018
1631590.63595344 3.894774 0.86229854696077
1631924.63594715 3.895776 0.853932166088334
1632258.63594086 3.896778 0.860911563147647
1632592.63593457 3.89778 0.866826238133954
1632926.63592829 3.898782 0.86589027842596
1633260.635922 3.899784 0.863001143850261
1633594.63591571 3.900786 0.8642627422631
1633928.63590943 3.901788 0.877654164222535
1634262.63590314 3.90279 0.868421004292289
1634596.63589685 3.903792 0.879042904407941
1634930.63589056 3.904794 0.879596823485711
1635264.63588428 3.905796 0.886226381036359
1635598.63587799 3.906798 0.886218554938824
1635932.6358717 3.9078 0.893134063879196
1636266.63586541 3.908802 0.892458206541143
1636600.63585913 3.909804 0.893968823884711
1636934.63585284 3.910806 0.896046226798982
1637268.63584655 3.911808 0.905122777578237
1637602.63584027 3.91281 0.90322714210313
1637936.63583398 3.913812 0.904798187134545
1638270.63582769 3.914814 0.908257360698666
1638604.6358214 3.915816 0.906930266199162
1638938.63581512 3.916818 0.915518207402905
1639272.63580883 3.91782 0.918918988847649
1639606.63580254 3.918822 0.915609727071577
1639940.63579625 3.919824 0.918311439781759
1640274.63578997 3.920826 0.918517523516019
1640608.63578368 3.921828 0.920075889058143
1640942.63577739 3.92283 0.917954749227459
1641276.63577111 3.923832 0.900614968679184
1641610.63576482 3.924834 0.89649299793994
1641944.63575853 3.925836 0.894363277796309
1642278.63575224 3.926838 0.889611599185538
1642612.63574596 3.92784 0.87952829416609
1642946.63573967 3.928842 0.872764482136858
1643280.63573338 3.929844 0.853372843170577
1643614.63572709 3.930846 0.849282214204884
1643948.63572081 3.931848 0.836690914063769
1644282.63571452 3.93285 0.823177934547255
1644616.63570823 3.933852 0.82382550722851
1644950.63570195 3.934854 0.799614360140661
1645284.63569566 3.935856 0.792436536585669
1645618.63568937 3.936858 0.781573927640386
1645952.63568308 3.93786 0.785623083938647
1646286.6356768 3.938862 0.786962859130394
1646620.63567051 3.939864 0.785032010751266
1646954.63566422 3.940866 0.78707005957346
1647288.63565794 3.941868 0.76936385634005
1647622.63565165 3.94287 0.768275182893664
1647956.63564536 3.943872 0.772001588462194
1648290.63563907 3.944874 0.770316844081353
1648624.63563279 3.945876 0.765204775954097
1648958.6356265 3.946878 0.758842003466769
1649292.63562021 3.94788 0.752725625046395
1649626.63561392 3.948882 0.745274585673108
1649960.63560764 3.949884 0.751141680604996
1650294.63560135 3.950886 0.745221293791713
1650628.63559506 3.951888 0.752183238751345
1650962.63558878 3.95289 0.755269427542531
1651296.63558249 3.953892 0.755085139891416
1651630.6355762 3.954894 0.750666836619124
1651964.63556991 3.955896 0.750195906119774
1652298.63556363 3.956898 0.766301787052872
1652632.63555734 3.9579 0.77412057836644
1652966.63555105 3.958902 0.770945135670802
1653300.63554476 3.959904 0.762473903609393
1653634.63553848 3.960906 0.766112620734127
1653968.63553219 3.961908 0.778331123822483
1654302.6355259 3.96291 0.780827782817872
1654636.63551962 3.963912 0.770785107877887
1654970.63551333 3.964914 0.761329074672224
1655304.63550704 3.965916 0.761359155242338
1655638.63550075 3.966918 0.754641819529418
1655972.63549447 3.96792 0.751829268763483
1656306.63548818 3.968922 0.761874619588547
1656640.63548189 3.969924 0.756855200881062
1656974.63547561 3.970926 0.764352605884596
1657308.63546932 3.971928 0.760718426303215
1657642.63546303 3.97293 0.763046553252342
1657976.63545674 3.973932 0.766774845675079
1658310.63545046 3.974934 0.76967181299901
1658644.63544417 3.975936 0.771797595371261
1658978.63543788 3.976938 0.768782437966916
1659312.63543159 3.97794 0.773371522723114
1659646.63542531 3.978942 0.774919205229643
1659980.63541902 3.979944 0.778811450242255
1660314.63541273 3.980946 0.779108255006782
1660648.63540645 3.981948 0.785254747502085
1660982.63540016 3.98295 0.78446229258526
1661316.63539387 3.983952 0.80004212714526
1661650.63538758 3.984954 0.789985961290548
1661984.6353813 3.985956 0.791719663475705
1662318.63537501 3.986958 0.795204823908995
1662652.63536872 3.98796 0.779284370781264
1662986.63536243 3.988962 0.76820657306051
1663320.63535615 3.989964 0.775277934741842
1663654.63534986 3.990966 0.77934712071488
1663988.63534357 3.991968 0.773844470636499
1664322.63533729 3.99297 0.777078948363121
1664656.635331 3.993972 0.776489897176292
1664990.63532471 3.994974 0.772120059054605
1665324.63531842 3.995976 0.79067744910852
1665658.63531214 3.996978 0.780036900175212
1665992.63530585 3.99798 0.783944209105079
1666326.63529956 3.998982 0.786336165171173
1666660.63529327 3.999984 0.794776462118627
1666994.63528699 4.000986 0.802903556838095
1667328.6352807 4.001988 0.795577207252162
1667662.63527441 4.00299 0.805368324915475
1667996.63526813 4.003992 0.803640046985216
1668330.63526184 4.004994 0.810134930246185
1668664.63525555 4.005996 0.809594690504833
1668998.63524926 4.006998 0.812181684805715
1669332.63524298 4.008 0.81098474322046
1669666.63523669 4.009002 0.816193502364387
1670000.6352304 4.010004 0.816088806378717
1670334.63522411 4.011006 0.823186978212576
1670668.63521783 4.012008 0.815202050323249
1671002.63521154 4.01301 0.825600719246175
1671336.63520525 4.014012 0.837182593250368
1671670.63519897 4.015014 0.821119287580301
1672004.63519268 4.016016 0.833877223370829
1672338.63518639 4.017018 0.837513780155213
1672672.6351801 4.01802 0.843628204656998
1673006.63517382 4.019022 0.831448269058921
1673340.63516753 4.020024 0.844396161218313
1673674.63516124 4.021026 0.848973450411828
1674008.63515495 4.022028 0.849353735210839
1674342.63514867 4.02303 0.848061224440448
1674676.63514238 4.024032 0.862189289228611
1675010.63513609 4.025034 0.84848115807446
1675344.63512981 4.026036 0.859995322017285
1675678.63512352 4.027038 0.86528509687547
1676012.63511723 4.02804 0.866773557624188
1676346.63511094 4.029042 0.871745735405571
1676680.63510466 4.030044 0.876019769260178
1677014.63509837 4.031046 0.878451563418998
1677348.63509208 4.032048 0.875499779440012
1677682.6350858 4.03305 0.875119751653301
1678016.63507951 4.034052 0.867581956815684
1678350.63507322 4.035054 0.876734462162727
1678684.63506693 4.036056 0.880955461509285
1679018.63506065 4.037058 0.872482601491364
1679352.63505436 4.03806 0.880045101509467
1679686.63504807 4.039062 0.881778788176932
1680020.63504178 4.040064 0.885305650945735
1680354.6350355 4.041066 0.896507848490196
1680688.63502921 4.042068 0.901768714392207
1681022.63502292 4.04307 0.887433157704081
1681356.63501664 4.044072 0.8952443735824
1681690.63501035 4.045074 0.879553502155059
1682024.63500406 4.046076 0.87856198207858
1682358.63499777 4.047078 0.883664477636614
1682692.63499149 4.04808 0.88387363631549
1683026.6349852 4.049082 0.884135711323879
1683360.63497891 4.050084 0.883922458501647
1683694.63497263 4.051086 0.892758899988477
1684028.63496634 4.052088 0.889725652710391
1684362.63496005 4.05309 0.888861300399748
1684696.63495376 4.054092 0.902978131611661
1685030.63494748 4.055094 0.900631829419034
1685364.63494119 4.056096 0.903664276010327
1685698.6349349 4.057098 0.903268128870144
1686032.63492861 4.0581 0.899178099143728
1686366.63492233 4.059102 0.898854424477779
1686700.63491604 4.060104 0.891103581943375
1687034.63490975 4.061106 0.887545702703675
1687368.63490347 4.062108 0.892054962826334
1687702.63489718 4.06311 0.883833258992807
1688036.63489089 4.064112 0.89016563836933
1688370.6348846 4.065114 0.888154809602972
1688704.63487832 4.066116 0.890546104671735
1689038.63487203 4.067118 0.897803976149413
1689372.63486574 4.06812 0.898705931122393
1689706.63485945 4.069122 0.905557508047462
1690040.63485317 4.070124 0.906351908521286
1690374.63484688 4.071126 0.909162557839196
1690708.63484059 4.072128 0.912812270678711
1691042.63483431 4.07313 0.91418359571486
1691376.63482802 4.074132 0.912664034268133
1691710.63482173 4.075134 0.923733878185302
1692044.63481544 4.076136 0.928734768545102
1692378.63480916 4.077138 0.936197858527347
1692712.63480287 4.07814 0.924161609299011
1693046.63479658 4.079142 0.918850140144406
1693380.63479029 4.080144 0.897067939220892
1693714.63478401 4.081146 0.906871127089509
1694048.63477772 4.082148 0.899678244430445
1694382.63477143 4.08315 0.91254530265074
1694716.63476515 4.084152 0.908252418200474
1695050.63475886 4.085154 0.902536097430868
1695384.63475257 4.086156 0.914944133446461
1695718.63474628 4.087158 0.905680240504183
1696052.63474 4.08816 0.897951624725314
1696386.63473371 4.089162 0.895821931420787
1696720.63472742 4.090164 0.897488255528021
1697054.63472114 4.091166 0.881631496899534
1697388.63471485 4.092168 0.881459725243607
1697722.63470856 4.09317 0.882923495180028
1698056.63470227 4.094172 0.86953662552024
1698390.63469599 4.095174 0.875533410015651
1698724.6346897 4.096176 0.875443623160994
1699058.63468341 4.097178 0.884887948946983
1699392.63467712 4.09818 0.884454306078388
1699726.63467084 4.099182 0.886335921486407
1700060.63466455 4.100184 0.882764599650995
1700394.63465826 4.101186 0.885146245601798
1700728.63465198 4.102188 0.884666252592661
1701062.63464569 4.10319 0.900916000639212
1701396.6346394 4.104192 0.892776846662126
1701730.63463311 4.105194 0.905951635709006
1702064.63462683 4.106196 0.903610947210051
1702398.63462054 4.107198 0.904993577732018
1702732.63461425 4.1082 0.916231349783732
1703066.63460796 4.109202 0.907374015491158
1703400.63460168 4.110204 0.907780649634193
1703734.63459539 4.111206 0.922224762345096
1704068.6345891 4.112208 0.92262432661362
1704402.63458282 4.11321 0.92289791196667
1704736.63457653 4.114212 0.936331617961072
1705070.63457024 4.115214 0.937806626527009
1705404.63456395 4.116216 0.936728886109744
1705738.63455767 4.117218 0.942136527294295
1706072.63455138 4.11822 0.948186102804688
1706406.63454509 4.119222 0.94741217548292
1706740.6345388 4.120224 0.940653233504884
1707074.63453252 4.121226 0.95062438436589
1707408.63452623 4.122228 0.951453945043257
1707742.63451994 4.12323 0.956023174657753
1708076.63451366 4.124232 0.957273332300285
1708410.63450737 4.125234 0.961861409865688
1708744.63450108 4.126236 0.963815228518764
1709078.63449479 4.127238 0.969862044578902
1709412.63448851 4.12824 0.971169611255449
1709746.63448222 4.129242 0.964209204731432
1710080.63447593 4.130244 0.970611697728382
1710414.63446965 4.131246 0.965181601950079
1710748.63446336 4.132248 0.961001196905512
1711082.63445707 4.13325 0.958280184339561
1711416.63445078 4.134252 0.951893130926931
1711750.6344445 4.135254 0.94052933242285
1712084.63443821 4.136256 0.94150588508699
1712418.63443192 4.137258 0.942659549117995
1712752.63442563 4.13826 0.935264233832552
1713086.63441935 4.139262 0.942058849361134
1713420.63441306 4.140264 0.936539168006082
1713754.63440677 4.141266 0.948199040459223
1714088.63440049 4.142268 0.955869872550463
1714422.6343942 4.14327 0.950797052778391
1714756.63438791 4.144272 0.953496643465861
1715090.63438162 4.145274 0.948619702432767
1715424.63437534 4.146276 0.950069387424459
1715758.63436905 4.147278 0.956138258564585
1716092.63436276 4.14828 0.95734771676361
1716426.63435647 4.149282 0.956418776919129
1716760.63435019 4.150284 0.955532617864807
1717094.6343439 4.151286 0.951369881866739
1717428.63433761 4.152288 0.958678387519629
1717762.63433133 4.15329 0.962901595428079
1718096.63432504 4.154292 0.960479620464038
1718430.63431875 4.155294 0.96157610752313
1718764.63431246 4.156296 0.956793377337782
1719098.63430618 4.157298 0.942353185570171
1719432.63429989 4.1583 0.931782349896341
1719766.6342936 4.159302 0.926201469459696
1720100.63428731 4.160304 0.906187218050333
1720434.63428103 4.161306 0.898881266628461
1720768.63427474 4.162308 0.895525246255799
1721102.63426845 4.16331 0.889737241599468
1721436.63426217 4.164312 0.885604928834553
1721770.63425588 4.165314 0.883368577033435
1722104.63424959 4.166316 0.891285733965272
1722438.6342433 4.167318 0.89217983987594
1722772.63423702 4.16832 0.898300178850123
1723106.63423073 4.169322 0.893061871461014
1723440.63422444 4.170324 0.904012536052762
1723774.63421815 4.171326 0.892851143962131
1724108.63421187 4.172328 0.904108652814227
1724442.63420558 4.17333 0.910871496071325
1724776.63419929 4.174332 0.900387241085219
1725110.63419301 4.175334 0.894960607925857
1725444.63418672 4.176336 0.886541594966136
1725778.63418043 4.177338 0.882989433145303
1726112.63417414 4.17834 0.876314728637777
1726446.63416786 4.179342 0.880434444777174
1726780.63416157 4.180344 0.884204263124438
1727114.63415528 4.181346 0.877481471169125
1727448.634149 4.182348 0.884658070134571
1727782.63414271 4.18335 0.879044129888915
1728116.63413642 4.184352 0.88540174959092
1728450.63413013 4.185354 0.884506036386269
1728784.63412385 4.186356 0.896307072500791
1729118.63411756 4.187358 0.895251284066144
1729452.63411127 4.18836 0.903817333029911
1729786.63410498 4.189362 0.910425359244957
1730120.6340987 4.190364 0.904563766384838
1730454.63409241 4.191366 0.906673651034047
1730788.63408612 4.192368 0.900997134555423
1731122.63407984 4.19337 0.909773218670385
1731456.63407355 4.194372 0.912428249949639
1731790.63406726 4.195374 0.91553208648312
1732124.63406097 4.196376 0.916067199917558
1732458.63405469 4.197378 0.918715708973082
1732792.6340484 4.19838 0.91735753883343
1733126.63404211 4.199382 0.914864197815152
1733460.63403582 4.200384 0.928910918516017
1733794.63402954 4.201386 0.932430007063345
1734128.63402325 4.202388 0.935482220220157
1734462.63401696 4.20339 0.934652039972776
1734796.63401068 4.204392 0.922557753022278
1735130.63400439 4.205394 0.918581796066424
1735464.6339981 4.206396 0.920282804284852
1735798.63399181 4.207398 0.922345203662759
1736132.63398553 4.2084 0.920803058037956
1736466.63397924 4.209402 0.923802417682781
1736800.63397295 4.210404 0.919621663057924
1737134.63396666 4.211406 0.914888377192703
1737468.63396038 4.212408 0.905746236108194
1737802.63395409 4.21341 0.903631690312304
1738136.6339478 4.214412 0.897075941451951
1738470.63394152 4.215414 0.896180775537724
1738804.63393523 4.216416 0.892685203533196
1739138.63392894 4.217418 0.880942928829836
1739472.63392265 4.21842 0.880932553881783
1739806.63391637 4.219422 0.876630351458836
1740140.63391008 4.220424 0.881838472209572
1740474.63390379 4.221426 0.876189627260575
1740808.63389751 4.222428 0.866496112601717
1741142.63389122 4.22343 0.870298899354051
1741476.63388493 4.224432 0.872063135033443
1741810.63387864 4.225434 0.858347915354579
1742144.63387236 4.226436 0.862394693718882
1742478.63386607 4.227438 0.859151124692359
1742812.63385978 4.22844 0.863846036488171
1743146.63385349 4.229442 0.870940065522608
1743480.63384721 4.230444 0.879933009563494
1743814.63384092 4.231446 0.886748825277443
1744148.63383463 4.232448 0.882664784951395
1744482.63382835 4.23345 0.884553584653347
1744816.63382206 4.234452 0.895658929148614
1745150.63381577 4.235454 0.88642332000915
1745484.63380948 4.236456 0.888338841302076
1745818.6338032 4.237458 0.892154003872908
1746152.63379691 4.23846 0.901189861644878
1746486.63379062 4.239462 0.899648570716588
1746820.63378433 4.240464 0.899775663035783
1747154.63377805 4.241466 0.892048263545319
1747488.63377176 4.242468 0.891692986105391
1747822.63376547 4.24347 0.881734826989549
1748156.63375919 4.244472 0.885144074716422
1748490.6337529 4.245474 0.890393929427612
1748824.63374661 4.246476 0.889882491158411
1749158.63374032 4.247478 0.893242804428602
1749492.63373404 4.24848 0.888056633447774
1749826.63372775 4.249482 0.888501657989916
1750160.63372146 4.250484 0.895909852934871
1750494.63371518 4.251486 0.909073180836761
1750828.63370889 4.252488 0.910515545471271
1751162.6337026 4.25349 0.908999830913363
1751496.63369631 4.254492 0.918550129231074
1751830.63369003 4.255494 0.915102946287545
1752164.63368374 4.256496 0.911056751550365
1752498.63367745 4.257498 0.922200915042731
1752832.63367116 4.2585 0.920441544911466
1753166.63366488 4.259502 0.924694298220325
1753500.63365859 4.260504 0.930682982508667
1753834.6336523 4.261506 0.930574968687437
1754168.63364602 4.262508 0.932501489445358
1754502.63363973 4.26351 0.938336039106342
1754836.63363344 4.264512 0.938665905735031
1755170.63362715 4.265514 0.948965879504591
1755504.63362087 4.266516 0.9475645183155
1755838.63361458 4.267518 0.944260796012604
1756172.63360829 4.26852 0.945115662785571
1756506.633602 4.269522 0.937297681472816
1756840.63359572 4.270524 0.940865083661603
1757174.63358943 4.271526 0.92755358949939
1757508.63358314 4.272528 0.921218670468217
1757842.63357686 4.27353 0.91830738748826
1758176.63357057 4.274532 0.913582384682548
1758510.63356428 4.275534 0.91390551280093
1758844.63355799 4.276536 0.923075937589035
1759178.63355171 4.277538 0.918004791181068
1759512.63354542 4.27854 0.919327726727324
1759846.63353913 4.279542 0.93146806843168
1760180.63353284 4.280544 0.927490040668337
1760514.63352656 4.281546 0.935570182563459
1760848.63352027 4.282548 0.931573038827585
1761182.63351398 4.28355 0.9396744675513
1761516.6335077 4.284552 0.926563352577068
1761850.63350141 4.285554 0.92905284427934
1762184.63349512 4.286556 0.922810007752649
1762518.63348883 4.287558 0.924441932897979
1762852.63348255 4.28856 0.928193276828379
1763186.63347626 4.289562 0.904637140356853
1763520.63346997 4.290564 0.898063332015702
1763854.63346368 4.291566 0.887728738909228
1764188.6334574 4.292568 0.882609506512787
1764522.63345111 4.29357 0.88447315023957
1764856.63344482 4.294572 0.889250997950572
1765190.63343854 4.295574 0.893321065876689
1765524.63343225 4.296576 0.906995352036351
1765858.63342596 4.297578 0.903322822339267
1766192.63341967 4.29858 0.898411621190419
1766526.63341339 4.299582 0.903472090842304
1766860.6334071 4.300584 0.904272781415991
1767194.63340081 4.301586 0.912546271281733
1767528.63339453 4.302588 0.905078945554187
1767862.63338824 4.30359 0.900785514722968
1768196.63338195 4.304592 0.903880404458524
1768530.63337566 4.305594 0.891473644186175
1768864.63336938 4.306596 0.895183959034273
1769198.63336309 4.307598 0.891392682264934
1769532.6333568 4.3086 0.885194086921824
1769866.63335051 4.309602 0.892949802858339
1770200.63334423 4.310604 0.889790966326918
1770534.63333794 4.311606 0.887288274558868
1770868.63333165 4.312608 0.876005328750053
1771202.63332537 4.31361 0.876740694294592
1771536.63331908 4.314612 0.869062858386711
1771870.63331279 4.315614 0.873007693409597
1772204.6333065 4.316616 0.875867352484328
1772538.63330022 4.317618 0.863043194274563
1772872.63329393 4.31862 0.864946803763782
1773206.63328764 4.319622 0.858004691403895
1773540.63328135 4.320624 0.856740571856958
1773874.63327507 4.321626 0.842929961578246
1774208.63326878 4.322628 0.844877106868602
1774542.63326249 4.32363 0.840709460080191
1774876.63325621 4.324632 0.835581488947608
1775210.63324992 4.325634 0.837000621489331
1775544.63324363 4.326636 0.848627428216371
1775878.63323734 4.327638 0.851840478748549
1776212.63323106 4.32864 0.849703193856049
1776546.63322477 4.329642 0.858336548543582
1776880.63321848 4.330644 0.857315223958667
1777214.6332122 4.331646 0.855703821713372
1777548.63320591 4.332648 0.863202619205295
1777882.63319962 4.33365 0.860685086063956
1778216.63319333 4.334652 0.86012540724053
1778550.63318705 4.335654 0.875041266901581
1778884.63318076 4.336656 0.871926870522093
1779218.63317447 4.337658 0.871281004425709
1779552.63316818 4.33866 0.870157810462972
1779886.6331619 4.339662 0.874824218242414
1780220.63315561 4.340664 0.876962841356313
1780554.63314932 4.341666 0.878541656962247
1780888.63314303 4.342668 0.875149127650742
1781222.63313675 4.34367 0.89122997842231
1781556.63313046 4.344672 0.886372700776969
1781890.63312417 4.345674 0.893270843513659
1782224.63311789 4.346676 0.887140577436859
1782558.6331116 4.347678 0.895419087949895
1782892.63310531 4.34868 0.895622982850191
1783226.63309902 4.349682 0.900435117054267
1783560.63309274 4.350684 0.900088074604233
1783894.63308645 4.351686 0.90479922542885
1784228.63308016 4.352688 0.9078245995918
1784562.63307388 4.35369 0.907391045235244
1784896.63306759 4.354692 0.909527828886587
1785230.6330613 4.355694 0.914856749173539
1785564.63305501 4.356696 0.919890807981013
1785898.63304873 4.357698 0.908263801176425
1786232.63304244 4.3587 0.913978218356896
1786566.63303615 4.359702 0.905498499458996
1786900.63302986 4.360704 0.90745913205131
1787234.63302358 4.361706 0.903115615734328
1787568.63301729 4.362708 0.903244798965446
1787902.633011 4.36371 0.903065364207788
1788236.63300472 4.364712 0.901758529310872
1788570.63299843 4.365714 0.902067758869345
1788904.63299214 4.366716 0.899709368852837
1789238.63298585 4.367718 0.908346125965493
1789572.63297957 4.36872 0.910200616992444
1789906.63297328 4.369722 0.907706675266957
1790240.63296699 4.370724 0.916074383964795
1790574.6329607 4.371726 0.91196906317829
1790908.63295442 4.372728 0.918074326334996
1791242.63294813 4.37373 0.92661722251812
1791576.63294184 4.374732 0.930745380662672
1791910.63293556 4.375734 0.928371723162953
1792244.63292927 4.376736 0.937139357971191
1792578.63292298 4.377738 0.92598963198193
1792912.63291669 4.37874 0.926797517046204
1793246.63291041 4.379742 0.920560938220236
1793580.63290412 4.380744 0.919547169931869
1793914.63289783 4.381746 0.913897117532713
1794248.63289155 4.382748 0.917388363509372
1794582.63288526 4.38375 0.920601069009393
1794916.63287897 4.384752 0.920362693360868
1795250.63287268 4.385754 0.920247405623226
1795584.6328664 4.386756 0.91935894476444
1795918.63286011 4.387758 0.921651836356038
1796252.63285382 4.38876 0.933088232844766
1796586.63284753 4.389762 0.926465377564968
1796920.63284125 4.390764 0.929894790050055
1797254.63283496 4.391766 0.932273892147006
1797588.63282867 4.392768 0.925906379107302
1797922.63282239 4.39377 0.929054632524562
1798256.6328161 4.394772 0.921168126853024
1798590.63280981 4.395774 0.908641667900575
1798924.63280352 4.396776 0.895936121962416
1799258.63279724 4.397778 0.89527825566728
1799592.63279095 4.39878 0.895195696163854
1799926.63278466 4.399782 0.891769548502453
1800260.63277837 4.400784 0.88995115627918
1800594.63277209 4.401786 0.892857401106244
1800928.6327658 4.402788 0.888384239819722
1801262.63275951 4.40379 0.886850662852956
1801596.63275323 4.404792 0.876010007728733
1801930.63274694 4.405794 0.88338580892256
1802264.63274065 4.406796 0.878303214546807
1802598.63273436 4.407798 0.875880109856938
1802932.63272808 4.4088 0.870757276774441
1803266.63272179 4.409802 0.869310367820413
1803600.6327155 4.410804 0.87209175952979
1803934.63270922 4.411806 0.864179031702445
1804268.63270293 4.412808 0.86766262243791
1804602.63269664 4.41381 0.862090438393119
1804936.63269035 4.414812 0.865204466067521
1805270.63268407 4.415814 0.858192671443171
1805604.63267778 4.416816 0.866601740402024
1805938.63267149 4.417818 0.872309610940525
1806272.6326652 4.41882 0.863249070059244
1806606.63265892 4.419822 0.857719626353322
1806940.63265263 4.420824 0.859695085878568
1807274.63264634 4.421826 0.859735534044316
1807608.63264006 4.422828 0.853643872046079
1807942.63263377 4.42383 0.839455584284316
1808276.63262748 4.424832 0.833884633528266
1808610.63262119 4.425834 0.832072859534633
1808944.63261491 4.426836 0.837132930632978
1809278.63260862 4.427838 0.824745404805216
1809612.63260233 4.42884 0.824442140369445
1809946.63259604 4.429842 0.836747630554447
1810280.63258976 4.430844 0.83018298691678
1810614.63258347 4.431846 0.836664319220743
1810948.63257718 4.432848 0.83775105453499
1811282.6325709 4.43385 0.8401185413548
1811616.63256461 4.434852 0.834046927269098
1811950.63255832 4.435854 0.843801335786352
1812284.63255203 4.436856 0.83990629262881
1812618.63254575 4.437858 0.84957240739953
1812952.63253946 4.43886 0.84129263201054
1813286.63253317 4.439862 0.853963052669882
1813620.63252688 4.440864 0.866795880997085
1813954.6325206 4.441866 0.853280019512068
1814288.63251431 4.442868 0.854718401509496
1814622.63250802 4.44387 0.846771517943547
1814956.63250174 4.444872 0.849162067573402
1815290.63249545 4.445874 0.841639463579117
1815624.63248916 4.446876 0.838666426884972
1815958.63248287 4.447878 0.843858802401286
1816292.63247659 4.44888 0.84061662971328
1816626.6324703 4.449882 0.836103318692705
1816960.63246401 4.450884 0.842129469551131
1817294.63245772 4.451886 0.848148025333852
1817628.63245144 4.452888 0.846748057266776
1817962.63244515 4.45389 0.842880582161287
1818296.63243886 4.454892 0.850163151783702
1818630.63243258 4.455894 0.849282893014436
1818964.63242629 4.456896 0.848150210812754
1819298.63242 4.457898 0.861465114449435
1819632.63241371 4.4589 0.860853780627856
1819966.63240743 4.459902 0.861697570225305
1820300.63240114 4.460904 0.860111574293232
1820634.63239485 4.461906 0.868970797761613
1820968.63238857 4.462908 0.884152105114433
1821302.63238228 4.46391 0.877674387631005
1821636.63237599 4.464912 0.876490334558444
1821970.6323697 4.465914 0.865878244231412
1822304.63236342 4.466916 0.855941969400213
1822638.63235713 4.467918 0.863806290179575
1822972.63235084 4.46892 0.857749589511749
1823306.63234455 4.469922 0.860563586676615
1823640.63233827 4.470924 0.863774931532507
1823974.63233198 4.471926 0.86873423712099
1824308.63232569 4.472928 0.870643882913783
1824642.63231941 4.47393 0.883049766065612
1824976.63231312 4.474932 0.872107852318867
1825310.63230683 4.475934 0.868777709234945
1825644.63230054 4.476936 0.882902793255484
1825978.63229426 4.477938 0.87794545977559
1826312.63228797 4.47894 0.87527779217906
1826646.63228168 4.479942 0.869091659593348
1826980.63227539 4.480944 0.870297092845004
1827314.63226911 4.481946 0.869699703268029
1827648.63226282 4.482948 0.872375223444383
1827982.63225653 4.48395 0.869175986452929
1828316.63225025 4.484952 0.869157774582851
1828650.63224396 4.485954 0.861566448731818
1828984.63223767 4.486956 0.855973647684529
1829318.63223138 4.487958 0.853153669895257
1829652.6322251 4.48896 0.853749256691299
1829986.63221881 4.489962 0.854294413151321
1830320.63221252 4.490964 0.862727849073348
1830654.63220623 4.491966 0.862065951049836
1830988.63219995 4.492968 0.861201875457166
1831322.63219366 4.49397 0.868179658944972
1831656.63218737 4.494972 0.856016765777301
1831990.63218109 4.495974 0.846483924389862
1832324.6321748 4.496976 0.823537302359299
1832658.63216851 4.497978 0.830869404615099
1832992.63216222 4.49898 0.828103422382388
1833326.63215594 4.499982 0.829957543639887
1833660.63214965 4.500984 0.834049803191306
1833994.63214336 4.501986 0.835842851900307
1834328.63213708 4.502988 0.832754914516622
1834662.63213079 4.50399 0.831566259770134
1834996.6321245 4.504992 0.843578468644301
1835330.63211821 4.505994 0.841963182594425
1835664.63211193 4.506996 0.853133234179209
1835998.63210564 4.507998 0.854433730369643
1836332.63209935 4.509 0.855741633217594
1836666.63209306 4.510002 0.852227292006943
1837000.63208678 4.511004 0.855752046218452
1837334.63208049 4.512006 0.860005945392936
1837668.6320742 4.513008 0.863738793461066
1838002.63206792 4.51401 0.862693451626134
1838336.63206163 4.515012 0.863368776725621
1838670.63205534 4.516014 0.863213590117622
1839004.63204905 4.517016 0.867530249964352
1839338.63204277 4.518018 0.871161412757229
1839672.63203648 4.51902 0.877857385388634
1840006.63203019 4.520022 0.876137201931849
1840340.6320239 4.521024 0.883187068155347
1840674.63201762 4.522026 0.887332623830225
1841008.63201133 4.523028 0.879821881268821
1841342.63200504 4.52403 0.890748576427607
1841676.63199876 4.525032 0.899577662496181
1842010.63199247 4.526034 0.896894956761412
1842344.63198618 4.527036 0.88861300639699
1842678.63197989 4.528038 0.896513342279857
1843012.63197361 4.52904 0.9040526070132
1843346.63196732 4.530042 0.904223515299155
1843680.63196103 4.531044 0.903642441784733
1844014.63195474 4.532046 0.914936601017285
1844348.63194846 4.533048 0.909739783346824
1844682.63194217 4.53405 0.911071583657496
1845016.63193588 4.535052 0.919669762746343
1845350.6319296 4.536054 0.92409254328606
1845684.63192331 4.537056 0.931853927701077
1846018.63191702 4.538058 0.928401039932604
1846352.63191073 4.53906 0.932348487435627
1846686.63190445 4.540062 0.931187269302189
1847020.63189816 4.541064 0.934046135073742
1847354.63189187 4.542066 0.936315253530094
1847688.63188559 4.543068 0.943135138373202
1848022.6318793 4.54407 0.946418260713207
1848356.63187301 4.545072 0.944676027407704
1848690.63186672 4.546074 0.954256074970115
1849024.63186044 4.547076 0.952962476243408
1849358.63185415 4.548078 0.963703625443556
1849692.63184786 4.54908 0.951713180081318
1850026.63184157 4.550082 0.96497271402302
1850360.63183529 4.551084 0.972396147249917
1850694.631829 4.552086 0.972073227635072
1851028.63182271 4.553088 0.980753600653828
1851362.63181643 4.55409 0.975146742047942
1851696.63181014 4.555092 0.982411416956137
1852030.63180385 4.556094 0.979999914216571
1852364.63179756 4.557096 0.985611002814623
1852698.63179128 4.558098 0.987673343602486
1853032.63178499 4.5591 0.988765855761146
1853366.6317787 4.560102 0.998317142013122
1853700.63177241 4.561104 0.998018057507202
1854034.63176613 4.562106 1.00235746577052
1854368.63175984 4.563108 1.00124686938787
1854702.63175355 4.56411 1.00185788397457
1855036.63174727 4.565112 1.00779764722036
1855370.63174098 4.566114 1.01802725060332
1855704.63173469 4.567116 1.02670687632886
1856038.6317284 4.568118 1.00892026532827
1856372.63172212 4.56912 1.00598377743161
1856706.63171583 4.570122 0.995394044401235
1857040.63170954 4.571124 0.984359483903638
1857374.63170325 4.572126 0.973922554551944
1857708.63169697 4.573128 0.960580167243452
1858042.63169068 4.57413 0.955014126765061
1858376.63168439 4.575132 0.957832934432809
1858710.63167811 4.576134 0.956870503703652
1859044.63167182 4.577136 0.954534122379906
1859378.63166553 4.578138 0.949258171953116
1859712.63165924 4.57914 0.946397426550475
1860046.63165296 4.580142 0.946942199848397
1860380.63164667 4.581144 0.954828181243775
1860714.63164038 4.582146 0.93846971778119
1861048.6316341 4.583148 0.946128840208183
1861382.63162781 4.58415 0.926592249964086
1861716.63162152 4.585152 0.928261218078916
1862050.63161523 4.586154 0.926993792446753
1862384.63160895 4.587156 0.916422667962043
1862718.63160266 4.588158 0.913707573294722
1863052.63159637 4.58916 0.913886763623211
1863386.63159008 4.590162 0.914655143058651
1863720.6315838 4.591164 0.927618995321913
1864054.63157751 4.592166 0.926237819612919
1864388.63157122 4.593168 0.939686989238198
1864722.63156494 4.59417 0.932429742154533
1865056.63155865 4.595172 0.93843649011168
1865390.63155236 4.596174 0.947724300735788
1865724.63154607 4.597176 0.945385885415143
1866058.63153979 4.598178 0.951721370368264
1866392.6315335 4.59918 0.953785216352561
1866726.63152721 4.600182 0.956692543875515
1867060.63152092 4.601184 0.955326917960786
1867394.63151464 4.602186 0.966098953243481
1867728.63150835 4.603188 0.954031065228551
1868062.63150206 4.60419 0.947274661226897
1868396.63149578 4.605192 0.953483920542778
1868730.63148949 4.606194 0.943676166827656
1869064.6314832 4.607196 0.943415892558242
1869398.63147691 4.608198 0.945474130763809
1869732.63147063 4.6092 0.950399379624683
1870066.63146434 4.610202 0.96094066504256
1870400.63145805 4.611204 0.958702106413302
1870734.63145176 4.612206 0.960667359676448
1871068.63144548 4.613208 0.97142214111914
1871402.63143919 4.61421 0.961146962395141
1871736.6314329 4.615212 0.970271545757296
1872070.63142662 4.616214 0.970714167723857
1872404.63142033 4.617216 0.973614757536334
1872738.63141404 4.618218 0.972180095983344
1873072.63140775 4.61922 0.979418427439742
1873406.63140147 4.620222 0.990987801991005
1873740.63139518 4.621224 0.986109167789807
1874074.63138889 4.622226 0.983654159327345
1874408.6313826 4.623228 0.991413281212813
1874742.63137632 4.62423 0.984038970428865
1875076.63137003 4.625232 1.00067196478619
1875410.63136374 4.626234 0.991983310888736
1875744.63135746 4.627236 0.995498375813999
1876078.63135117 4.628238 1.00866300459674
1876412.63134488 4.62924 1.00352961654391
1876746.63133859 4.630242 1.01187126280086
1877080.63133231 4.631244 1.01237638662725
1877414.63132602 4.632246 1.01840301409703
1877748.63131973 4.633248 1.02097806288022
1878082.63131345 4.63425 1.02029593184436
1878416.63130716 4.635252 1.02227017290614
1878750.63130087 4.636254 1.03118652182837
1879084.63129458 4.637256 1.04178561585916
1879418.6312883 4.638258 1.02979040837069
1879752.63128201 4.63926 1.03488571919974
1880086.63127572 4.640262 1.02113140130885
1880420.63126943 4.641264 1.01501019083507
1880754.63126315 4.642266 1.01204130030514
1881088.63125686 4.643268 1.02381744334726
1881422.63125057 4.64427 1.01989512959434
1881756.63124429 4.645272 1.02344425397337
1882090.631238 4.646274 1.01260952300582
1882424.63123171 4.647276 1.00894796858133
1882758.63122542 4.648278 0.995977432391303
1883092.63121914 4.64928 0.995757881807913
1883426.63121285 4.650282 0.990854722013061
1883760.63120656 4.651284 0.987166562074078
1884094.63120027 4.652286 0.999956596380048
1884428.63119399 4.653288 0.987153311164369
1884762.6311877 4.65429 0.976107079039048
1885096.63118141 4.655292 0.977963944349084
1885430.63117513 4.656294 0.969769494708184
1885764.63116884 4.657296 0.962164924356924
1886098.63116255 4.658298 0.959477317639259
1886432.63115626 4.6593 0.953733095790291
1886766.63114998 4.660302 0.950703063327847
1887100.63114369 4.661304 0.9613577964248
1887434.6311374 4.662306 0.957336993791682
1887768.63113112 4.663308 0.971054796624964
1888102.63112483 4.66431 0.965058195823863
1888436.63111854 4.665312 0.968135816127651
1888770.63111225 4.666314 0.965667705502584
1889104.63110597 4.667316 0.974441015338632
1889438.63109968 4.668318 0.980146372392321
1889772.63109339 4.66932 0.975982928279636
1890106.6310871 4.670322 0.971581230107751
1890440.63108082 4.671324 0.990407450159932
1890774.63107453 4.672326 0.988103871234258
1891108.63106824 4.673328 1.00194723249266
1891442.63106196 4.67433 1.01004542340698
1891776.63105567 4.675332 1.00055536320253
1892110.63104938 4.676334 1.00109090066711
1892444.63104309 4.677336 1.00522180423984
1892778.63103681 4.678338 0.995644043525145
1893112.63103052 4.67934 0.995093199724811
1893446.63102423 4.680342 0.996233534976544
1893780.63101794 4.681344 0.993247276706844
1894114.63101166 4.682346 0.992337867763318
1894448.63100537 4.683348 0.993817693790472
1894782.63099908 4.68435 1.00008944486255
1895116.6309928 4.685352 1.00061254056826
1895450.63098651 4.686354 1.00926103344816
1895784.63098022 4.687356 1.00528155391037
1896118.63097393 4.688358 1.00864408578958
1896452.63096765 4.68936 1.00635805384661
1896786.63096136 4.690362 0.992713523776781
1897120.63095507 4.691364 0.986150759104176
1897454.63094878 4.692366 0.982469500671863
1897788.6309425 4.693368 0.9904699221406
1898122.63093621 4.69437 0.974240866331291
1898456.63092992 4.695372 0.970056724586192
1898790.63092364 4.696374 0.969955611226683
1899124.63091735 4.697376 0.973053004952246
1899458.63091106 4.698378 0.97522144673498
1899792.63090477 4.69938 0.977242881322682
1900126.63089849 4.700382 0.964776716783101
1900460.6308922 4.701384 0.963807671770363
1900794.63088591 4.702386 0.95119547056717
1901128.63087962 4.703388 0.950963236567889
1901462.63087334 4.70439 0.94759970818676
1901796.63086705 4.705392 0.950526747012647
1902130.63086076 4.706394 0.954504942531215
1902464.63085448 4.707396 0.95197944561056
1902798.63084819 4.708398 0.940548018273775
1903132.6308419 4.7094 0.939825611863573
1903466.63083561 4.710402 0.947410139464927
1903800.63082933 4.711404 0.945788378304792
1904134.63082304 4.712406 0.951132323424322
1904468.63081675 4.713408 0.947295923239582
1904802.63081046 4.71441 0.955519075323039
1905136.63080418 4.715412 0.955602911084032
1905470.63079789 4.716414 0.944594052177929
1905804.6307916 4.717416 0.947019645100224
1906138.63078532 4.718418 0.944716575252171
1906472.63077903 4.71942 0.951001940630472
1906806.63077274 4.720422 0.940726439779038
1907140.63076645 4.721424 0.93680779446859
1907474.63076017 4.722426 0.943599058263227
1907808.63075388 4.723428 0.947024264610986
1908142.63074759 4.72443 0.945236895983651
1908476.63074131 4.725432 0.951201882067655
1908810.63073502 4.726434 0.952193900430326
1909144.63072873 4.727436 0.94817767751581
1909478.63072244 4.728438 0.935636042439155
1909812.63071616 4.72944 0.921730580566598
1910146.63070987 4.730442 0.915419908825698
1910480.63070358 4.731444 0.910601441966759
1910814.63069729 4.732446 0.917876120920164
1911148.63069101 4.733448 0.913341350006709
1911482.63068472 4.73445 0.911568433680217
1911816.63067843 4.735452 0.919017646969232
1912150.63067215 4.736454 0.924220438942752
1912484.63066586 4.737456 0.922866040867002
1912818.63065957 4.738458 0.927127642758529
1913152.63065328 4.73946 0.938770348670473
1913486.630647 4.740462 0.928203370874492
1913820.63064071 4.741464 0.939011783402315
1914154.63063442 4.742466 0.936912180544596
1914488.63062814 4.743468 0.93930914645405
1914822.63062185 4.74447 0.941672838652958
1915156.63061556 4.745472 0.937414972198629
1915490.63060927 4.746474 0.946904904562996
1915824.63060299 4.747476 0.943668546263863
1916158.6305967 4.748478 0.946261957057965
1916492.63059041 4.74948 0.947497387478907
1916826.63058412 4.750482 0.934102996144682
1917160.63057784 4.751484 0.935396647267804
1917494.63057155 4.752486 0.929884807665426
1917828.63056526 4.753488 0.922118803998825
1918162.63055898 4.75449 0.917903797571608
1918496.63055269 4.755492 0.915635270865908
1918830.6305464 4.756494 0.925967067359518
1919164.63054011 4.757496 0.926522206312172
1919498.63053383 4.758498 0.924444893640249
1919832.63052754 4.7595 0.92998359312152
1920166.63052125 4.760502 0.937207348899433
1920500.63051496 4.761504 0.927831796623749
1920834.63050868 4.762506 0.928275801221707
1921168.63050239 4.763508 0.921805305905412
1921502.6304961 4.76451 0.92212197266183
1921836.63048982 4.765512 0.927057804286294
1922170.63048353 4.766514 0.925907419509163
1922504.63047724 4.767516 0.929392228421944
1922838.63047095 4.768518 0.92842203844878
1923172.63046467 4.76952 0.933697118680965
1923506.63045838 4.770522 0.933549830654364
1923840.63045209 4.771524 0.940013656236647
1924174.6304458 4.772526 0.937611648237103
1924508.63043952 4.773528 0.929368807689384
1924842.63043323 4.77453 0.930812455787416
1925176.63042694 4.775532 0.9207978150084
1925510.63042066 4.776534 0.898399640770758
1925844.63041437 4.777536 0.898640225677686
1926178.63040808 4.778538 0.892828014791922
1926512.63040179 4.77954 0.879016170353109
1926846.63039551 4.780542 0.873757638226577
1927180.63038922 4.781544 0.873622041784421
1927514.63038293 4.782546 0.872211868580199
1927848.63037664 4.783548 0.877677290862154
1928182.63037036 4.78455 0.877691728743503
1928516.63036407 4.785552 0.874735011294062
1928850.63035778 4.786554 0.879972446447247
1929184.6303515 4.787556 0.881395539874715
1929518.63034521 4.788558 0.891957768390336
1929852.63033892 4.78956 0.893154118990184
1930186.63033263 4.790562 0.896334286565278
1930520.63032635 4.791564 0.902975704572246
1930854.63032006 4.792566 0.897268308197008
1931188.63031377 4.793568 0.900528633682925
1931522.63030748 4.79457 0.902297856318636
1931856.6303012 4.795572 0.907939079796761
1932190.63029491 4.796574 0.896188934510295
1932524.63028862 4.797576 0.910183120037658
1932858.63028234 4.798578 0.906975870987979
1933192.63027605 4.79958 0.910977967873001
1933526.63026976 4.800582 0.916639672486641
1933860.63026347 4.801584 0.910755341315284
1934194.63025719 4.802586 0.919959344121108
1934528.6302509 4.803588 0.919310739195
1934862.63024461 4.80459 0.920936596591944
1935196.63023833 4.805592 0.927031538972452
1935530.63023204 4.806594 0.930706539313979
1935864.63022575 4.807596 0.928375477404442
1936198.63021946 4.808598 0.935226909949889
1936532.63021318 4.8096 0.942078767420249
1936866.63020689 4.810602 0.933018525612551
1937200.6302006 4.811604 0.926057040356462
1937534.63019431 4.812606 0.9292421192401
1937868.63018803 4.813608 0.918775997086078
1938202.63018174 4.81461 0.923766750258654
1938536.63017545 4.815612 0.911378500495144
1938870.63016917 4.816614 0.912020097726779
1939204.63016288 4.817616 0.909379151024916
1939538.63015659 4.818618 0.909689954725598
1939872.6301503 4.81962 0.911921257280572
1940206.63014402 4.820622 0.920670450342483
1940540.63013773 4.821624 0.9156519657246
1940874.63013144 4.822626 0.926144939758314
1941208.63012516 4.823628 0.911275084778583
1941542.63011887 4.82463 0.914480555954853
1941876.63011258 4.825632 0.913287295609691
1942210.63010629 4.826634 0.897247049936237
1942544.63010001 4.827636 0.904600039525382
1942878.63009372 4.828638 0.896529743509047
1943212.63008743 4.82964 0.891986761078036
1943546.63008114 4.830642 0.897300868551258
1943880.63007486 4.831644 0.896979318027513
1944214.63006857 4.832646 0.896514131237293
1944548.63006228 4.833648 0.906181962776389
1944882.630056 4.83465 0.90393065453478
1945216.63004971 4.835652 0.907085007758331
1945550.63004342 4.836654 0.909522291997235
1945884.63003713 4.837656 0.920929792121543
1946218.63003085 4.838658 0.909628276038495
1946552.63002456 4.83966 0.894143881050644
1946886.63001827 4.840662 0.904893781665248
1947220.63001198 4.841664 0.895205564411957
1947554.6300057 4.842666 0.889763172074746
1947888.62999941 4.843668 0.887733407888046
1948222.62999312 4.84467 0.88207908563466
1948556.62998684 4.845672 0.886496880436187
1948890.62998055 4.846674 0.881127324521232
1949224.62997426 4.847676 0.884327854323108
1949558.62996797 4.848678 0.887401145465251
1949892.62996169 4.84968 0.874837073368247
1950226.6299554 4.850682 0.876796718597296
1950560.62994911 4.851684 0.863065716986573
1950894.62994282 4.852686 0.855536576049509
1951228.62993654 4.853688 0.853416449108123
1951562.62993025 4.85469 0.856049025995863
1951896.62992396 4.855692 0.849705085933874
1952230.62991768 4.856694 0.852826860859455
1952564.62991139 4.857696 0.848194465305375
1952898.6299051 4.858698 0.833375365155979
1953232.62989881 4.8597 0.835994806764538
1953566.62989253 4.860702 0.819073061285557
1953900.62988624 4.861704 0.81752322213513
1954234.62987995 4.862706 0.811220717904932
1954568.62987367 4.863708 0.795796733264791
1954902.62986738 4.86471 0.800799779791567
1955236.62986109 4.865712 0.791449512160599
1955570.6298548 4.866714 0.79268510764566
1955904.62984852 4.867716 0.792223260648376
1956238.62984223 4.868718 0.7889714794173
1956572.62983594 4.86972 0.786272892639875
1956906.62982965 4.870722 0.802100755197628
1957240.62982337 4.871724 0.804565751847797
1957574.62981708 4.872726 0.799664228778852
1957908.62981079 4.873728 0.803900714562047
1958242.62980451 4.87473 0.802584253235835
1958576.62979822 4.875732 0.811443399528131
1958910.62979193 4.876734 0.81009979430825
1959244.62978564 4.877736 0.809870655248808
1959578.62977936 4.878738 0.816194352687957
1959912.62977307 4.87974 0.814276065870006
1960246.62976678 4.880742 0.814163883956083
1960580.62976049 4.881744 0.820429812779177
1960914.62975421 4.882746 0.818083637880156
1961248.62974792 4.883748 0.825523983244056
1961582.62974163 4.88475 0.825698701135438
1961916.62973535 4.885752 0.833203677217215
1962250.62972906 4.886754 0.834918215263918
1962584.62972277 4.887756 0.83454676211111
1962918.62971648 4.888758 0.835462580231979
1963252.6297102 4.88976 0.838325881689729
1963586.62970391 4.890762 0.84444477194247
1963920.62969762 4.891764 0.842488862775621
1964254.62969133 4.892766 0.845432183938158
1964588.62968505 4.893768 0.842262813863694
1964922.62967876 4.89477 0.851112109186098
1965256.62967247 4.895772 0.846154031146516
1965590.62966619 4.896774 0.850960345431143
1965924.6296599 4.897776 0.852175652858485
1966258.62965361 4.898778 0.860266681420776
1966592.62964732 4.89978 0.860291077810131
1966926.62964104 4.900782 0.866225889636107
1967260.62963475 4.901784 0.862301516713556
1967594.62962846 4.902786 0.863042364867724
1967928.62962217 4.903788 0.87600539579545
1968262.62961589 4.90479 0.873477350378492
1968596.6296096 4.905792 0.873710473945005
1968930.62960331 4.906794 0.876491714739929
1969264.62959703 4.907796 0.886422599376172
1969598.62959074 4.908798 0.883254948958546
1969932.62958445 4.9098 0.888424011508858
1970266.62957816 4.910802 0.885078636506657
1970600.62957188 4.911804 0.889946797950017
1970934.62956559 4.912806 0.892643216511623
1971268.6295593 4.913808 0.892051666849784
1971602.62955302 4.91481 0.901280211270243
1971936.62954673 4.915812 0.896956704224245
1972270.62954044 4.916814 0.900876239493751
1972604.62953415 4.917816 0.904104371923422
1972938.62952787 4.918818 0.911765947962384
1973272.62952158 4.91982 0.901321653498651
1973606.62951529 4.920822 0.896392397975045
1973940.629509 4.921824 0.890297530572965
1974274.62950272 4.922826 0.893302041107419
1974608.62949643 4.923828 0.892241046563094
1974942.62949014 4.92483 0.890076607112149
1975276.62948386 4.925832 0.887295250168973
1975610.62947757 4.926834 0.883912513995702
1975944.62947128 4.927836 0.876925815912282
1976278.62946499 4.928838 0.880282590961361
1976612.62945871 4.92984 0.874478579067244
1976946.62945242 4.930842 0.876281799442327
1977280.62944613 4.931844 0.878054045318031
1977614.62943984 4.932846 0.885637896176605
1977948.62943356 4.933848 0.885472821219353
1978282.62942727 4.93485 0.878201980167319
1978616.62942098 4.935852 0.862783575420217
1978950.6294147 4.936854 0.85039562882317
1979284.62940841 4.937856 0.844799719911153
1979618.62940212 4.938858 0.842591984678844
1979952.62939583 4.93986 0.838802505810415
1980286.62938955 4.940862 0.839029116022089
1980620.62938326 4.941864 0.837213019056219
1980954.62937697 4.942866 0.842118327420955
1981288.62937068 4.943868 0.829965504904587
1981622.6293644 4.94487 0.841112367098578
1981956.62935811 4.945872 0.83436359781646
1982290.62935182 4.946874 0.830229487268608
1982624.62934554 4.947876 0.826368076251672
1982958.62933925 4.948878 0.831266308883039
1983292.62933296 4.94988 0.834717264324913
1983626.62932667 4.950882 0.838919207895234
1983960.62932039 4.951884 0.841533144550531
1984294.6293141 4.952886 0.844147056686464
1984628.62930781 4.953888 0.833009380927003
1984962.62930153 4.95489 0.831157328824993
1985296.62929524 4.955892 0.8307190662295
1985630.62928895 4.956894 0.826397005322982
1985964.62928266 4.957896 0.822224808867694
1986298.62927638 4.958898 0.813742002014683
1986632.62927009 4.9599 0.807303603309781
1986966.6292638 4.960902 0.79955432567169
1987300.62925751 4.961904 0.793494750267694
1987634.62925123 4.962906 0.779969123678396
1987968.62924494 4.963908 0.779164027540124
1988302.62923865 4.96491 0.769593613114553
1988636.62923237 4.965912 0.755327347713121
1988970.62922608 4.966914 0.75730665947344
1989304.62921979 4.967916 0.76023775875991
1989638.6292135 4.968918 0.751096904410023
1989972.62920722 4.96992 0.754933540059059
1990306.62920093 4.970922 0.759888330490176
1990640.62919464 4.971924 0.760909601937749
1990974.62918835 4.972926 0.769502413898197
1991308.62918207 4.973928 0.768916452600863
1991642.62917578 4.97493 0.765565275739541
1991976.62916949 4.975932 0.771979965946459
1992310.62916321 4.976934 0.773632512821227
1992644.62915692 4.977936 0.774137088897673
1992978.62915063 4.978938 0.77863776711529
1993312.62914434 4.97994 0.778901688766011
1993646.62913806 4.980942 0.783810830477004
1993980.62913177 4.981944 0.781448774665014
1994314.62912548 4.982946 0.780577543687176
1994648.62911919 4.983948 0.782088025396413
1994982.62911291 4.98495 0.793098664791931
1995316.62910662 4.985952 0.783713683712513
1995650.62910033 4.986954 0.788006458866543
1995984.62909405 4.987956 0.788844573038857
1996318.62908776 4.988958 0.79678603485294
1996652.62908147 4.98996 0.799331829159975
1996986.62907518 4.990962 0.790917452234303
1997320.6290689 4.991964 0.781952805785439
1997654.62906261 4.992966 0.773771004310239
1997988.62905632 4.993968 0.773159054214499
1998322.62905004 4.99497 0.770023007081612
1998656.62904375 4.995972 0.764677120865525
1998990.62903746 4.996974 0.758816594504866
1999324.62903117 4.997976 0.758964765176179
1999658.62902489 4.998978 0.767042409810556
1999992.6290186 4.99998 0.762637549410323
2000326.62901231 5.000982 0.772714756093758
2000660.62900602 5.001984 0.76534223179762
2000994.62899974 5.002986 0.770548177951261
2001328.62899345 5.003988 0.766237760507468
2001662.62898716 5.00499 0.780840847820028
2001996.62898088 5.005992 0.7726508070049
2002330.62897459 5.006994 0.765517370187007
2002664.6289683 5.007996 0.771463894811674
2002998.62896201 5.008998 0.767410707571638
2003332.62895573 5.01 0.761462184651138
2003666.62894944 5.011002 0.770192213814511
2004000.62894315 5.012004 0.773423506556295
2004334.62893686 5.013006 0.775446359486341
2004668.62893058 5.014008 0.772521250922143
2005002.62892429 5.01501 0.778485604044301
2005336.628918 5.016012 0.783107009107895
2005670.62891172 5.017014 0.777651266030026
2006004.62890543 5.018016 0.781169421551382
2006338.62889914 5.019018 0.784063114464618
2006672.62889285 5.02002 0.791671890031723
2007006.62888657 5.021022 0.791783415903567
2007340.62888028 5.022024 0.798950017185099
2007674.62887399 5.023026 0.795631272035349
2008008.62886771 5.024028 0.799868864157157
2008342.62886142 5.02503 0.799699792310546
2008676.62885513 5.026032 0.806386513086072
2009010.62884884 5.027034 0.799271524750507
2009344.62884256 5.028036 0.802500961618821
2009678.62883627 5.029038 0.803364855049809
2010012.62882998 5.03004 0.813565685741698
2010346.62882369 5.031042 0.815229013250826
2010680.62881741 5.032044 0.805770288393228
2011014.62881112 5.033046 0.807714443380268
2011348.62880483 5.034048 0.792487330870338
2011682.62879855 5.03505 0.792498524518532
2012016.62879226 5.036052 0.793215959431526
2012350.62878597 5.037054 0.795241948568529
2012684.62877968 5.038056 0.7880310026077
2013018.6287734 5.039058 0.789200223367178
2013352.62876711 5.04006 0.788676990065451
2013686.62876082 5.041062 0.791867179918594
2014020.62875453 5.042064 0.787859635228552
2014354.62874825 5.043066 0.793531151780254
2014688.62874196 5.044068 0.788153855559793
2015022.62873567 5.04507 0.789014751916749
2015356.62872939 5.046072 0.794832453049419
2015690.6287231 5.047074 0.796301862620023
2016024.62871681 5.048076 0.799569256729596
2016358.62871052 5.049078 0.79670213116121
2016692.62870424 5.05008 0.800412355023755
2017026.62869795 5.051082 0.794856114646233
2017360.62869166 5.052084 0.794759967195178
2017694.62868537 5.053086 0.801664887776302
2018028.62867909 5.054088 0.800820605357544
2018362.6286728 5.05509 0.798739433143258
2018696.62866651 5.056092 0.793156504617669
2019030.62866023 5.057094 0.783209150930377
2019364.62865394 5.058096 0.776725494690678
2019698.62864765 5.059098 0.764539061694575
2020032.62864136 5.0601 0.751415504279911
2020366.62863508 5.061102 0.744939799625093
2020700.62862879 5.062104 0.731440021730258
2021034.6286225 5.063106 0.735780318570577
2021368.62861621 5.064108 0.727331108181901
2021702.62860993 5.06511 0.72469868465125
2022036.62860364 5.066112 0.716846440804219
2022370.62859735 5.067114 0.718204317616176
2022704.62859107 5.068116 0.714848156064447
2023038.62858478 5.069118 0.712651458402824
2023372.62857849 5.07012 0.72199311075555
2023706.6285722 5.071122 0.718435267986468
2024040.62856592 5.072124 0.716114814546072
2024374.62855963 5.073126 0.714415988477724
2024708.62855334 5.074128 0.723353361562936
2025042.62854706 5.07513 0.722694008826936
2025376.62854077 5.076132 0.721926580616286
2025710.62853448 5.077134 0.723060997945974
2026044.62852819 5.078136 0.727771281467797
2026378.62852191 5.079138 0.73397782938892
2026712.62851562 5.08014 0.725668718131045
2027046.62850933 5.081142 0.730831150402348
2027380.62850304 5.082144 0.736541426968237
2027714.62849676 5.083146 0.736668567063836
2028048.62849047 5.084148 0.737265380813917
2028382.62848418 5.08515 0.738936783401446
2028716.6284779 5.086152 0.74174681429717
2029050.62847161 5.087154 0.746170038866614
2029384.62846532 5.088156 0.740898845375461
2029718.62845903 5.089158 0.749199967284671
2030052.62845275 5.09016 0.751070981159774
2030386.62844646 5.091162 0.749859090918407
2030720.62844017 5.092164 0.761641215986831
2031054.62843388 5.093166 0.757081676750163
2031388.6284276 5.094168 0.76139704377727
2031722.62842131 5.09517 0.766195243539302
2032056.62841502 5.096172 0.75740498617059
2032390.62840874 5.097174 0.765975007247202
2032724.62840245 5.098176 0.76140421361655
2033058.62839616 5.099178 0.754818737494032
2033392.62838987 5.10018 0.750422927309603
2033726.62838359 5.101182 0.752575264888058
2034060.6283773 5.102184 0.750424210665529
2034394.62837101 5.103186 0.751250561007967
2034728.62836473 5.104188 0.753208661719195
2035062.62835844 5.10519 0.745681601800394
2035396.62835215 5.106192 0.76057372766499
2035730.62834586 5.107194 0.767527060934449
2036064.62833958 5.108196 0.769994394240105
2036398.62833329 5.109198 0.768598151964451
2036732.628327 5.1102 0.759646218262577
2037066.62832071 5.111202 0.742346909368377
2037400.62831443 5.112204 0.747355547242389
2037734.62830814 5.113206 0.748893010805501
2038068.62830185 5.114208 0.750840793044308
2038402.62829557 5.11521 0.745780635068343
2038736.62828928 5.116212 0.748101583236409
2039070.62828299 5.117214 0.747932552773575
2039404.6282767 5.118216 0.743825716736094
2039738.62827042 5.119218 0.745499420891996
2040072.62826413 5.12022 0.752534692778132
2040406.62825784 5.121222 0.756820864534398
2040740.62825155 5.122224 0.74879872294256
2041074.62824527 5.123226 0.755609532459634
2041408.62823898 5.124228 0.756976256538616
2041742.62823269 5.12523 0.757176935463981
2042076.62822641 5.126232 0.765458879889762
2042410.62822012 5.127234 0.757224117993608
2042744.62821383 5.128236 0.757839581986386
2043078.62820754 5.129238 0.755524487012247
2043412.62820126 5.13024 0.748744332111547
2043746.62819497 5.131242 0.749753421632936
2044080.62818868 5.132244 0.749369199728445
2044414.62818239 5.133246 0.75238000130965
2044748.62817611 5.134248 0.754924982002073
2045082.62816982 5.13525 0.76149001030222
2045416.62816353 5.136252 0.761832528584712
2045750.62815725 5.137254 0.758378819258772
2046084.62815096 5.138256 0.763214409741554
2046418.62814467 5.139258 0.762865679038651
2046752.62813838 5.14026 0.76594484455888
2047086.6281321 5.141262 0.765574495853318
2047420.62812581 5.142264 0.781144831769244
2047754.62811952 5.143266 0.769810062262603
2048088.62811323 5.144268 0.770443312848421
2048422.62810695 5.14527 0.773275135494966
2048756.62810066 5.146272 0.777342939141449
2049090.62809437 5.147274 0.786131150390446
2049424.62808809 5.148276 0.787989622390914
2049758.6280818 5.149278 0.784747010157887
2050092.62807551 5.15028 0.785477430988853
2050426.62806922 5.151282 0.79753699982404
2050760.62806294 5.152284 0.790695724907513
2051094.62805665 5.153286 0.796416607620474
2051428.62805036 5.154288 0.797877438066341
2051762.62804408 5.15529 0.804626225621754
2052096.62803779 5.156292 0.806480153321654
2052430.6280315 5.157294 0.814552777292743
2052764.62802521 5.158296 0.809377615153254
2053098.62801893 5.159298 0.813192983971562
2053432.62801264 5.1603 0.817621299646355
2053766.62800635 5.161302 0.813095251356609
2054100.62800006 5.162304 0.817381828711867
2054434.62799378 5.163306 0.821189475926538
2054768.62798749 5.164308 0.822770875297511
2055102.6279812 5.16531 0.825291970112368
2055436.62797492 5.166312 0.822825817000756
2055770.62796863 5.167314 0.833921035635132
2056104.62796234 5.168316 0.827745327084303
2056438.62795605 5.169318 0.836973876773897
2056772.62794977 5.17032 0.838548699587769
2057106.62794348 5.171322 0.840967986592399
2057440.62793719 5.172324 0.84427934306407
2057774.6279309 5.173326 0.844602678501222
2058108.62792462 5.174328 0.843277671033395
2058442.62791833 5.17533 0.831944309579098
2058776.62791204 5.176332 0.832587535661554
2059110.62790576 5.177334 0.833613814889111
2059444.62789947 5.178336 0.828776538791526
2059778.62789318 5.179338 0.829364463160332
2060112.62788689 5.18034 0.827265750996195
2060446.62788061 5.181342 0.81957861116471
2060780.62787432 5.182344 0.823098114702002
2061114.62786803 5.183346 0.814345117560097
2061448.62786174 5.184348 0.815362998451115
2061782.62785546 5.18535 0.824161871276743
2062116.62784917 5.186352 0.822350510458727
2062450.62784288 5.187354 0.827065688154
2062784.6278366 5.188356 0.833421339972926
2063118.62783031 5.189358 0.837788891938983
2063452.62782402 5.19036 0.835275266100274
2063786.62781773 5.191362 0.842680522773612
2064120.62781145 5.192364 0.844036573500317
2064454.62780516 5.193366 0.847473781290479
2064788.62779887 5.194368 0.850351134736195
2065122.62779259 5.19537 0.84667223137278
2065456.6277863 5.196372 0.855608663653068
2065790.62778001 5.197374 0.858470820736992
2066124.62777372 5.198376 0.854406528669912
2066458.62776744 5.199378 0.859622984446328
2066792.62776115 5.20038 0.86753548167021
2067126.62775486 5.201382 0.866307515950131
2067460.62774857 5.202384 0.863192048629471
2067794.62774229 5.203386 0.872306774014447
2068128.627736 5.204388 0.876939142162517
2068462.62772971 5.20539 0.875527082387829
2068796.62772343 5.206392 0.87858826523955
2069130.62771714 5.207394 0.880483277837233
2069464.62771085 5.208396 0.871909559167382
2069798.62770456 5.209398 0.873866200363859
2070132.62769828 5.2104 0.872285010076615
2070466.62769199 5.211402 0.87662885771379
2070800.6276857 5.212404 0.872340825009358
2071134.62767941 5.213406 0.880688971401211
2071468.62767313 5.214408 0.877107088858008
2071802.62766684 5.21541 0.876247782847808
2072136.62766055 5.216412 0.872599481268205
2072470.62765427 5.217414 0.875048897833756
2072804.62764798 5.218416 0.863999732002669
2073138.62764169 5.219418 0.864114172591235
2073472.6276354 5.22042 0.863698884985407
2073806.62762912 5.221422 0.854407047297411
2074140.62762283 5.222424 0.849995051681941
2074474.62761654 5.223426 0.85891369237514
2074808.62761026 5.224428 0.858286272182781
2075142.62760397 5.22543 0.84831485736597
2075476.62759768 5.226432 0.853145953989361
2075810.62759139 5.227434 0.858137013168026
2076144.62758511 5.228436 0.859679468047561
2076478.62757882 5.229438 0.861793301894339
2076812.62757253 5.23044 0.861946766226826
2077146.62756624 5.231442 0.866803271824547
2077480.62755996 5.232444 0.869391771459374
2077814.62755367 5.233446 0.877488729956555
2078148.62754738 5.234448 0.870904180131855
2078482.6275411 5.23545 0.872424650957273
2078816.62753481 5.236452 0.880568437876177
2079150.62752852 5.237454 0.879260144094572
2079484.62752223 5.238456 0.881787224811433
2079818.62751595 5.239458 0.888698725261008
2080152.62750966 5.24046 0.888131199693877
2080486.62750337 5.241462 0.888292862717821
2080820.62749708 5.242464 0.89690710824987
2081154.6274908 5.243466 0.899270168001387
2081488.62748451 5.244468 0.904913036137036
2081822.62747822 5.24547 0.90162104337303
2082156.62747194 5.246472 0.8999192484309
2082490.62746565 5.247474 0.902301881595108
2082824.62745936 5.248476 0.907702940558464
2083158.62745307 5.249478 0.915765878961303
2083492.62744679 5.25048 0.920934811797144
2083826.6274405 5.251482 0.915987181589947
2084160.62743421 5.252484 0.914104822287737
2084494.62742792 5.253486 0.9104646544735
2084828.62742164 5.254488 0.912552240991591
2085162.62741535 5.25549 0.904506873632053
2085496.62740906 5.256492 0.914490323667924
2085830.62740278 5.257494 0.911266122435849
2086164.62739649 5.258496 0.911246180886662
2086498.6273902 5.259498 0.910504326700323
2086832.62738391 5.2605 0.90390436586871
2087166.62737763 5.261502 0.899583951964512
2087500.62737134 5.262504 0.896869073430379
2087834.62736505 5.263506 0.9033531726109
2088168.62735876 5.264508 0.897668791907152
2088502.62735248 5.26551 0.898897430496565
2088836.62734619 5.266512 0.896639213304498
2089170.6273399 5.267514 0.883193420924302
2089504.62733362 5.268516 0.887075530743892
2089838.62732733 5.269518 0.889934414144131
2090172.62732104 5.27052 0.896161742693845
2090506.62731475 5.271522 0.88845825119287
2090840.62730847 5.272524 0.890851942199448
2091174.62730218 5.273526 0.899349525014247
2091508.62729589 5.274528 0.896198777257813
2091842.62728961 5.27553 0.898096317198855
2092176.62728332 5.276532 0.905841701539827
2092510.62727703 5.277534 0.905090306824297
2092844.62727074 5.278536 0.907284501858946
2093178.62726446 5.279538 0.909041434944131
2093512.62725817 5.28054 0.906702621821221
2093846.62725188 5.281542 0.914262745603839
2094180.62724559 5.282544 0.915465660409044
2094514.62723931 5.283546 0.916170454748642
2094848.62723302 5.284548 0.918816284262964
2095182.62722673 5.28555 0.913804171173125
2095516.62722045 5.286552 0.892559182355307
2095850.62721416 5.287554 0.87426860875187
2096184.62720787 5.288556 0.863701805287629
2096518.62720158 5.289558 0.857874886050633
2096852.6271953 5.29056 0.8485226851471
2097186.62718901 5.291562 0.840190589655879
2097520.62718272 5.292564 0.834161820608841
2097854.62717643 5.293566 0.824881127832001
2098188.62717015 5.294568 0.814034616610196
2098522.62716386 5.29557 0.814834535580051
2098856.62715757 5.296572 0.813263355375142
2099190.62715129 5.297574 0.81836278204543
2099524.627145 5.298576 0.819233368462078
2099858.62713871 5.299578 0.824930216404187
2100192.62713242 5.30058 0.818162729980819
2100526.62712614 5.301582 0.83024816074065
2100860.62711985 5.302584 0.829028826683093
2101194.62711356 5.303586 0.835600809279029
2101528.62710728 5.304588 0.832361129114542
2101862.62710099 5.30559 0.838071472640293
2102196.6270947 5.306592 0.845288720591058
2102530.62708841 5.307594 0.83617492259836
2102864.62708213 5.308596 0.825044907734316
2103198.62707584 5.309598 0.813862053636985
2103532.62706955 5.3106 0.81053887101515
2103866.62706326 5.311602 0.796154344913911
2104200.62705698 5.312604 0.789931627677856
2104534.62705069 5.313606 0.776667482357985
2104868.6270444 5.314608 0.782172791029776
2105202.62703811 5.31561 0.781827583891842
2105536.62703183 5.316612 0.780910020306452
2105870.62702554 5.317614 0.779972661512907
2106204.62701925 5.318616 0.786015633636826
2106538.62701297 5.319618 0.789101956511274
2106872.62700668 5.32062 0.789002466999569
2107206.62700039 5.321622 0.791399508355723
2107540.6269941 5.322624 0.788842753622066
2107874.62698782 5.323626 0.788679641809716
2108208.62698153 5.324628 0.787223711173313
2108542.62697524 5.32563 0.785845387981733
2108876.62696896 5.326632 0.783791439916269
2109210.62696267 5.327634 0.791957971763338
2109544.62695638 5.328636 0.795551869570778
2109878.62695009 5.329638 0.792605084997022
2110212.62694381 5.33064 0.790813610816369
2110546.62693752 5.331642 0.799496058844445
2110880.62693123 5.332644 0.80391501906242
2111214.62692494 5.333646 0.796217921563556
2111548.62691866 5.334648 0.797867163437706
2111882.62691237 5.33565 0.794328098589629
2112216.62690608 5.336652 0.789538264071387
2112550.6268998 5.337654 0.781202699181446
2112884.62689351 5.338656 0.783537750928877
2113218.62688722 5.339658 0.785063186302679
2113552.62688093 5.34066 0.784612188840599
2113886.62687465 5.341662 0.772610019452651
2114220.62686836 5.342664 0.772360179492246
2114554.62686207 5.343666 0.762384474403578
2114888.62685578 5.344668 0.761757762733903
2115222.6268495 5.34567 0.76038717763202
2115556.62684321 5.346672 0.756867504200179
2115890.62683692 5.347674 0.757284926396073
2116224.62683064 5.348676 0.765026062448609
2116558.62682435 5.349678 0.763809431937532
2116892.62681806 5.35068 0.751063939758449
2117226.62681177 5.351682 0.749803790349504
2117560.62680549 5.352684 0.742017737492704
2117894.6267992 5.353686 0.734841981951152
2118228.62679291 5.354688 0.737850524264732
2118562.62678663 5.35569 0.73577360443619
2118896.62678034 5.356692 0.728949916988027
2119230.62677405 5.357694 0.734926321080106
2119564.62676776 5.358696 0.73115998494182
2119898.62676148 5.359698 0.731646082647911
2120232.62675519 5.3607 0.733681263387036
2120566.6267489 5.361702 0.736995567850686
2120900.62674261 5.362704 0.748237168769031
2121234.62673633 5.363706 0.748521088634552
2121568.62673004 5.364708 0.750529535380001
2121902.62672375 5.36571 0.753030610976498
2122236.62671746 5.366712 0.752893570928216
2122570.62671118 5.367714 0.752581743864343
2122904.62670489 5.368716 0.756246665827217
2123238.6266986 5.369718 0.75600518691132
2123572.62669232 5.37072 0.752035534161293
2123906.62668603 5.371722 0.753900603759666
2124240.62667974 5.372724 0.74865897836314
2124574.62667345 5.373726 0.744266966833812
2124908.62666717 5.374728 0.743440228859631
2125242.62666088 5.37573 0.744309436132864
2125576.62665459 5.376732 0.741169744702103
2125910.62664831 5.377734 0.741930381089026
2126244.62664202 5.378736 0.750014365244401
2126578.62663573 5.379738 0.751297913933761
2126912.62662944 5.38074 0.750877981750973
2127246.62662316 5.381742 0.750718505352905
2127580.62661687 5.382744 0.753315639647819
2127914.62661058 5.383746 0.76426885858033
2128248.62660429 5.384748 0.761738980244722
2128582.62659801 5.38575 0.754593034223502
2128916.62659172 5.386752 0.762073405798232
2129250.62658543 5.387754 0.767993019316201
2129584.62657915 5.388756 0.765708630455753
2129918.62657286 5.389758 0.764628054038472
2130252.62656657 5.39076 0.775350115480742
2130586.62656028 5.391762 0.763564436289727
2130920.626554 5.392764 0.763214677223119
2131254.62654771 5.393766 0.747148369389417
2131588.62654142 5.394768 0.734613017799402
2131922.62653513 5.39577 0.734168174076487
2132256.62652885 5.396772 0.729288749364026
2132590.62652256 5.397774 0.732225143933943
2132924.62651627 5.398776 0.727158581979315
2133258.62650999 5.399778 0.730654724588088
2133592.6265037 5.40078 0.719424914021738
2133926.62649741 5.401782 0.711835417045212
2134260.62649112 5.402784 0.712304619987764
2134594.62648484 5.403786 0.711561269126364
2134928.62647855 5.404788 0.710794460094094
2135262.62647226 5.40579 0.714812736370711
2135596.62646597 5.406792 0.715815429424894
2135930.62645969 5.407794 0.707306093857765
2136264.6264534 5.408796 0.701463469252794
2136598.62644711 5.409798 0.699573145958268
2136932.62644083 5.4108 0.704084953158394
2137266.62643454 5.411802 0.704437627032383
2137600.62642825 5.412804 0.699137812741923
2137934.62642196 5.413806 0.707128816195992
2138268.62641568 5.414808 0.700976306091027
2138602.62640939 5.41581 0.716864184395852
2138936.6264031 5.416812 0.706053052795721
2139270.62639682 5.417814 0.707830406971206
2139604.62639053 5.418816 0.711435588066189
2139938.62638424 5.419818 0.714066535852083
2140272.62637795 5.42082 0.713872501517499
2140606.62637167 5.421822 0.709914478413946
2140940.62636538 5.422824 0.704612299144053
2141274.62635909 5.423826 0.704154739127722
2141608.6263528 5.424828 0.70077135134162
2141942.62634652 5.42583 0.712345703950865
2142276.62634023 5.426832 0.706457479977952
2142610.62633394 5.427834 0.709233983665543
2142944.62632766 5.428836 0.699696351530173
2143278.62632137 5.429838 0.701765194600812
2143612.62631508 5.43084 0.695734711818702
2143946.62630879 5.431842 0.688802897170272
2144280.62630251 5.432844 0.690463079633872
2144614.62629622 5.433846 0.694746160405075
2144948.62628993 5.434848 0.698445909009138
2145282.62628365 5.43585 0.693098557233757
2145616.62627736 5.436852 0.704948591547962
2145950.62627107 5.437854 0.694233514966039
2146284.62626478 5.438856 0.704666280162889
2146618.6262585 5.439858 0.704427887403281
2146952.62625221 5.44086 0.703547166723498
2147286.62624592 5.441862 0.703107705072643
2147620.62623963 5.442864 0.71258043878056
2147954.62623335 5.443866 0.71318753443387
2148288.62622706 5.444868 0.712671567888537
2148622.62622077 5.44587 0.717193197086467
2148956.62621449 5.446872 0.717660547877598
2149290.6262082 5.447874 0.715942517821075
2149624.62620191 5.448876 0.724864740192236
2149958.62619562 5.449878 0.721872040885641
2150292.62618934 5.45088 0.721324868617072
2150626.62618305 5.451882 0.728406203183921
2150960.62617676 5.452884 0.726985153664045
2151294.62617047 5.453886 0.720400955577719
2151628.62616419 5.454888 0.728539919598817
2151962.6261579 5.45589 0.733608805815614
2152296.62615161 5.456892 0.733486215965824
2152630.62614533 5.457894 0.734846413185255
2152964.62613904 5.458896 0.74243702027058
2153298.62613275 5.459898 0.734930146769532
2153632.62612646 5.4609 0.745232539202144
2153966.62612018 5.461902 0.745482507072675
2154300.62611389 5.462904 0.750207909532863
2154634.6261076 5.463906 0.752229169600562
2154968.62610131 5.464908 0.747389678671361
2155302.62609503 5.46591 0.754118662694439
2155636.62608874 5.466912 0.759468365082489
2155970.62608245 5.467914 0.749628492407433
2156304.62607617 5.468916 0.760757966837361
2156638.62606988 5.469918 0.76143097607464
2156972.62606359 5.47092 0.759273101017037
2157306.6260573 5.471922 0.75908923275246
2157640.62605102 5.472924 0.768683112038442
2157974.62604473 5.473926 0.762909631744101
2158308.62603844 5.474928 0.762441640735435
2158642.62603216 5.47593 0.770727515471107
2158976.62602587 5.476932 0.770955771658841
2159310.62601958 5.477934 0.774215346293589
2159644.62601329 5.478936 0.775952117554914
2159978.62600701 5.479938 0.7730611877959
2160312.62600072 5.48094 0.764931809597508
2160646.62599443 5.481942 0.772409894583203
2160980.62598814 5.482944 0.764658837746081
2161314.62598186 5.483946 0.774969651466006
2161648.62597557 5.484948 0.773553031303562
2161982.62596928 5.48595 0.768412638931838
2162316.62596299 5.486952 0.769806292078738
2162650.62595671 5.487954 0.774969369998085
2162984.62595042 5.488956 0.767709839770843
2163318.62594413 5.489958 0.760970851125032
2163652.62593785 5.49096 0.762340753720153
2163986.62593156 5.491962 0.765396715963416
2164320.62592527 5.492964 0.758164368019208
2164654.62591898 5.493966 0.756443312392159
2164988.6259127 5.494968 0.749701419228316
2165322.62590641 5.49597 0.747962915558174
2165656.62590012 5.496972 0.741359787152807
2165990.62589384 5.497974 0.742172548205218
2166324.62588755 5.498976 0.735837649882594
2166658.62588126 5.499978 0.73617719291322
2166992.62587497 5.50098 0.739096326681519
2167326.62586869 5.501982 0.739927586082763
2167660.6258624 5.502984 0.737680794024017
2167994.62585611 5.503986 0.73675324668092
2168328.62584982 5.504988 0.72777332321929
2168662.62584354 5.50599 0.719072941062723
2168996.62583725 5.506992 0.712151003062617
2169330.62583096 5.507994 0.699698853089079
2169664.62582468 5.508996 0.695595428963066
2169998.62581839 5.509998 0.699657334018643
2170332.6258121 5.511 0.688671874895235
2170666.62580581 5.512002 0.687940743202979
2171000.62579953 5.513004 0.681724464784894
2171334.62579324 5.514006 0.676073889295775
2171668.62578695 5.515008 0.670875993489364
2172002.62578067 5.51601 0.668169866057261
2172336.62577438 5.517012 0.665335070148723
2172670.62576809 5.518014 0.662558125655642
2173004.6257618 5.519016 0.651979424784445
2173338.62575552 5.520018 0.645629742132696
2173672.62574923 5.52102 0.654744027932237
2174006.62574294 5.522022 0.652435070506008
2174340.62573665 5.523024 0.65696478468267
2174674.62573037 5.524026 0.657422709627076
2175008.62572408 5.525028 0.656872730202575
2175342.62571779 5.52603 0.661500159564487
2175676.6257115 5.527032 0.662530460104099
2176010.62570522 5.528034 0.665820537224458
2176344.62569893 5.529036 0.670398981072312
2176678.62569264 5.530038 0.673415301478032
2177012.62568636 5.53104 0.671968916408105
2177346.62568007 5.532042 0.67402608405522
2177680.62567378 5.533044 0.674693469966167
2178014.62566749 5.534046 0.670658101323672
2178348.62566121 5.535048 0.659904177436814
2178682.62565492 5.53605 0.662458877026824
2179016.62564863 5.537052 0.649708230452167
2179350.62564235 5.538054 0.651556676261321
2179684.62563606 5.539056 0.651290783696594
2180018.62562977 5.540058 0.652549963704028
2180352.62562348 5.54106 0.652579049810841
2180686.6256172 5.542062 0.653558790250322
2181020.62561091 5.543064 0.652741359310704
2181354.62560462 5.544066 0.65223035081079
2181688.62559833 5.545068 0.654586458778519
2182022.62559205 5.54607 0.639963248194622
2182356.62558576 5.547072 0.643256621985106
2182690.62557947 5.548074 0.642291614300895
2183024.62557319 5.549076 0.634268199439265
2183358.6255669 5.550078 0.636540093899064
2183692.62556061 5.55108 0.634682754426766
2184026.62555432 5.552082 0.629393041511756
2184360.62554804 5.553084 0.642894763630819
2184694.62554175 5.554086 0.636490225852709
2185028.62553546 5.555088 0.643280714650639
2185362.62552918 5.55609 0.646183783296868
2185696.62552289 5.557092 0.644210867120943
2186030.6255166 5.558094 0.645197011794561
2186364.62551031 5.559096 0.65021889259971
2186698.62550403 5.560098 0.641204189463846
2187032.62549774 5.5611 0.651992768919504
2187366.62549145 5.562102 0.648703047478168
2187700.62548516 5.563104 0.652396578234789
2188034.62547888 5.564106 0.658291169758262
2188368.62547259 5.565108 0.657979339850642
2188702.6254663 5.56611 0.666494406899139
2189036.62546002 5.567112 0.658272995322074
2189370.62545373 5.568114 0.662935717534424
2189704.62544744 5.569116 0.662552596000886
2190038.62544115 5.570118 0.667060320767013
2190372.62543487 5.57112 0.668267158087324
2190706.62542858 5.572122 0.668184098749753
2191040.62542229 5.573124 0.669660649208854
2191374.625416 5.574126 0.658284865761034
2191708.62540972 5.575128 0.655121340236325
2192042.62540343 5.57613 0.658967717854177
2192376.62539714 5.577132 0.663542103318542
2192710.62539086 5.578134 0.657668676024239
2193044.62538457 5.579136 0.665371781533492
2193378.62537828 5.580138 0.666057612499648
2193712.62537199 5.58114 0.664814630247712
2194046.62536571 5.582142 0.660582518884386
2194380.62535942 5.583144 0.66202425917022
2194714.62535313 5.584146 0.655690211519008
2195048.62534684 5.585148 0.652142956402051
2195382.62534056 5.58615 0.650623267889736
2195716.62533427 5.587152 0.641032045167365
2196050.62532798 5.588154 0.619190672267688
2196384.6253217 5.589156 0.609470184101161
2196718.62531541 5.590158 0.599519859890221
2197052.62530912 5.59116 0.586333722766625
2197386.62530283 5.592162 0.576451282389756
2197720.62529655 5.593164 0.569734946603952
2198054.62529026 5.594166 0.566543072398508
2198388.62528397 5.595168 0.557448911036772
2198722.62527769 5.59617 0.538631788983641
2199056.6252714 5.597172 0.529337826444885
2199390.62526511 5.598174 0.523214234027282
2199724.62525882 5.599176 0.507151334585885
2200058.62525254 5.600178 0.498218727629251
2200392.62524625 5.60118 0.50063068130854
2200726.62523996 5.602182 0.498658981944818
2201060.62523367 5.603184 0.490266652414543
2201394.62522739 5.604186 0.492730398536309
2201728.6252211 5.605188 0.490490386539907
2202062.62521481 5.60619 0.49164586348369
2202396.62520853 5.607192 0.487897031912074
2202730.62520224 5.608194 0.487575460527015
2203064.62519595 5.609196 0.491328658444867
2203398.62518966 5.610198 0.495751595566308
2203732.62518338 5.6112 0.495152007356911
2204066.62517709 5.612202 0.498489875543027
2204400.6251708 5.613204 0.501116127961436
2204734.62516451 5.614206 0.490606510371603
2205068.62515823 5.615208 0.497978948079437
2205402.62515194 5.61621 0.498489638111483
2205736.62514565 5.617212 0.500869734855283
2206070.62513937 5.618214 0.486406899384292
2206404.62513308 5.619216 0.485927782378575
2206738.62512679 5.620218 0.487277463383763
2207072.6251205 5.62122 0.484329167888995
2207406.62511422 5.622222 0.474836564643354
2207740.62510793 5.623224 0.467203811800358
2208074.62510164 5.624226 0.467564778647524
2208408.62509535 5.625228 0.458571635124317
2208742.62508907 5.62623 0.46663065831955
2209076.62508278 5.627232 0.471806244300085
2209410.62507649 5.628234 0.469307475898692
2209744.62507021 5.629236 0.46703464277963
2210078.62506392 5.630238 0.470807678001472
2210412.62505763 5.63124 0.472780361541366
2210746.62505134 5.632242 0.46451453407629
2211080.62504506 5.633244 0.468892744218585
2211414.62503877 5.634246 0.470409737304268
2211748.62503248 5.635248 0.473696265744197
2212082.62502619 5.63625 0.475144046019507
2212416.62501991 5.637252 0.478921376287732
2212750.62501362 5.638254 0.472807245819384
2213084.62500733 5.639256 0.479994128757727
2213418.62500105 5.640258 0.480141566808318
2213752.62499476 5.64126 0.474345336774197
2214086.62498847 5.642262 0.471206652128812
2214420.62498218 5.643264 0.466511828412406
2214754.6249759 5.644266 0.468991167945398
2215088.62496961 5.645268 0.465590252939299
2215422.62496332 5.64627 0.464094753784283
2215756.62495704 5.647272 0.461676471566201
2216090.62495075 5.648274 0.453064202327928
2216424.62494446 5.649276 0.451008044522336
2216758.62493817 5.650278 0.458392327365629
2217092.62493189 5.65128 0.454204132861113
2217426.6249256 5.652282 0.454092182635309
2217760.62491931 5.653284 0.448843155574234
2218094.62491302 5.654286 0.450394207786183
2218428.62490674 5.655288 0.44356537686942
2218762.62490045 5.65629 0.448296278698724
2219096.62489416 5.657292 0.452813482065513
2219430.62488788 5.658294 0.451595120319039
2219764.62488159 5.659296 0.452457906047626
2220098.6248753 5.660298 0.449397449461432
2220432.62486901 5.6613 0.452112656361707
2220766.62486273 5.662302 0.457717255264312
2221100.62485644 5.663304 0.460389411561968
2221434.62485015 5.664306 0.45400898089125
2221768.62484386 5.665308 0.454219982388698
2222102.62483758 5.66631 0.458748331781793
2222436.62483129 5.667312 0.460973098296481
2222770.624825 5.668314 0.456020603331378
2223104.62481872 5.669316 0.445895643663407
2223438.62481243 5.670318 0.44353807012648
2223772.62480614 5.67132 0.439667890493984
2224106.62479985 5.672322 0.442113587834035
2224440.62479357 5.673324 0.441039500030671
2224774.62478728 5.674326 0.437304896608235
2225108.62478099 5.675328 0.435283123216778
2225442.6247747 5.67633 0.434749667603138
2225776.62476842 5.677332 0.437207773322328
2226110.62476213 5.678334 0.44324997966345
2226444.62475584 5.679336 0.440660574571864
2226778.62474956 5.680338 0.439642554591668
2227112.62474327 5.68134 0.446477437568252
2227446.62473698 5.682342 0.442516399622016
2227780.62473069 5.683344 0.437453423922781
2228114.62472441 5.684346 0.446349720376138
2228448.62471812 5.685348 0.444206303303417
2228782.62471183 5.68635 0.445672106997741
2229116.62470555 5.687352 0.447645327090638
2229450.62469926 5.688354 0.446048778338887
2229784.62469297 5.689356 0.452241428025723
2230118.62468668 5.690358 0.457372330433865
2230452.6246804 5.69136 0.455179627151821
2230786.62467411 5.692362 0.453762585705904
2231120.62466782 5.693364 0.454647628955213
2231454.62466153 5.694366 0.454515622042219
2231788.62465525 5.695368 0.452553677253478
2232122.62464896 5.69637 0.459687775596333
2232456.62464267 5.697372 0.458777893289859
2232790.62463639 5.698374 0.462064378219779
2233124.6246301 5.699376 0.459153373727071
2233458.62462381 5.700378 0.465839609244817
2233792.62461752 5.70138 0.464552107146615
2234126.62461124 5.702382 0.465440572819729
2234460.62460495 5.703384 0.461692778260279
2234794.62459866 5.704386 0.468656059131837
2235128.62459237 5.705388 0.467518776686103
2235462.62458609 5.70639 0.466245654167972
2235796.6245798 5.707392 0.467439285432414
2236130.62457351 5.708394 0.471443387904549
2236464.62456723 5.709396 0.47093023828525
2236798.62456094 5.710398 0.478452022553386
2237132.62455465 5.7114 0.474140107732379
2237466.62454836 5.712402 0.474583325873327
2237800.62454208 5.713404 0.47981131521247
2238134.62453579 5.714406 0.482347800826063
2238468.6245295 5.715408 0.479340752491686
2238802.62452321 5.71641 0.483942523017348
2239136.62451693 5.717412 0.476914633749794
2239470.62451064 5.718414 0.485038418647421
2239804.62450435 5.719416 0.484831285020944
2240138.62449807 5.720418 0.48764374941416
2240472.62449178 5.72142 0.489281213544088
2240806.62448549 5.722422 0.493222198433821
2241140.6244792 5.723424 0.494570159890131
2241474.62447292 5.724426 0.490217221323567
2241808.62446663 5.725428 0.49211415419649
2242142.62446034 5.72643 0.494204792591407
2242476.62445405 5.727432 0.494971124674258
2242810.62444777 5.728434 0.497379638572408
2243144.62444148 5.729436 0.49840431515799
2243478.62443519 5.730438 0.497851278128609
2243812.62442891 5.73144 0.499283508638542
2244146.62442262 5.732442 0.494402825517977
2244480.62441633 5.733444 0.487161469205071
2244814.62441004 5.734446 0.482452379332509
2245148.62440376 5.735448 0.478868766012144
2245482.62439747 5.73645 0.482856969250733
2245816.62439118 5.737452 0.480608512783853
2246150.6243849 5.738454 0.475572704688044
2246484.62437861 5.739456 0.474358856920813
2246818.62437232 5.740458 0.462404940706796
2247152.62436603 5.74146 0.459452392132953
2247486.62435975 5.742462 0.455216109246325
2247820.62435346 5.743464 0.444282672197215
2248154.62434717 5.744466 0.452070030092424
2248488.62434088 5.745468 0.446330598310768
2248822.6243346 5.74647 0.445253730076914
2249156.62432831 5.747472 0.444984233841504
2249490.62432202 5.748474 0.448120341136296
2249824.62431574 5.749476 0.443974918773133
2250158.62430945 5.750478 0.44691477019764
2250492.62430316 5.75148 0.449710457004366
2250826.62429687 5.752482 0.445320907294839
2251160.62429059 5.753484 0.445006807804814
2251494.6242843 5.754486 0.443991036404803
2251828.62427801 5.755488 0.44977625461129
2252162.62427172 5.75649 0.449297050066837
2252496.62426544 5.757492 0.453831273854802
2252830.62425915 5.758494 0.450730182039241
2253164.62425286 5.759496 0.452916184034876
2253498.62424658 5.760498 0.459479156761052
2253832.62424029 5.7615 0.45480583424005
2254166.624234 5.762502 0.45711134153202
2254500.62422771 5.763504 0.460105790383909
2254834.62422143 5.764506 0.464716440683148
2255168.62421514 5.765508 0.460751846897519
2255502.62420885 5.76651 0.468723741083603
2255836.62420257 5.767512 0.458743060792063
2256170.62419628 5.768514 0.458358772111675
2256504.62418999 5.769516 0.450099965160262
2256838.6241837 5.770518 0.45513809475555
2257172.62417742 5.77152 0.451141344522398
2257506.62417113 5.772522 0.448156333909405
2257840.62416484 5.773524 0.448147947401493
2258174.62415855 5.774526 0.440449128225725
2258508.62415227 5.775528 0.448931905047692
2258842.62414598 5.77653 0.455777614554741
2259176.62413969 5.777532 0.453095655329883
2259510.62413341 5.778534 0.454853806129446
2259844.62412712 5.779536 0.454043498670644
2260178.62412083 5.780538 0.453413065957821
2260512.62411454 5.78154 0.454296172470893
2260846.62410826 5.782542 0.460832574301076
2261180.62410197 5.783544 0.456117638622394
2261514.62409568 5.784546 0.461687799597876
2261848.62408939 5.785548 0.465501794934193
2262182.62408311 5.78655 0.46145037518788
2262516.62407682 5.787552 0.468082103745087
2262850.62407053 5.788554 0.461396338253018
2263184.62406425 5.789556 0.463644381758828
2263518.62405796 5.790558 0.471089560339524
2263852.62405167 5.79156 0.467064348666665
2264186.62404538 5.792562 0.471176506628389
2264520.6240391 5.793564 0.477657565864452
2264854.62403281 5.794566 0.475840960546545
2265188.62402652 5.795568 0.475798570139741
2265522.62402023 5.79657 0.474342921190038
2265856.62401395 5.797572 0.481105524509876
2266190.62400766 5.798574 0.477366174864256
2266524.62400137 5.799576 0.473749126216523
2266858.62399509 5.800578 0.465876317342066
2267192.6239888 5.80158 0.465414798935309
2267526.62398251 5.802582 0.466477023198244
2267860.62397622 5.803584 0.46946722605511
2268194.62396994 5.804586 0.46287004616697
2268528.62396365 5.805588 0.459762125107654
2268862.62395736 5.80659 0.461289483795635
2269196.62395108 5.807592 0.470991377378109
2269530.62394479 5.808594 0.467181005011346
2269864.6239385 5.809596 0.464950263115673
2270198.62393221 5.810598 0.464314577588988
2270532.62392593 5.8116 0.46857720802581
2270866.62391964 5.812602 0.470763861984833
2271200.62391335 5.813604 0.467790281314489
2271534.62390706 5.814606 0.472593318484884
2271868.62390078 5.815608 0.47284741669952
2272202.62389449 5.81661 0.468491813800804
2272536.6238882 5.817612 0.476227044964263
2272870.62388192 5.818614 0.475604828027075
2273204.62387563 5.819616 0.474208634350771
2273538.62386934 5.820618 0.478390253670685
2273872.62386305 5.82162 0.480098829933333
2274206.62385677 5.822622 0.482680812737613
2274540.62385048 5.823624 0.47889280916397
2274874.62384419 5.824626 0.482794534125576
2275208.6238379 5.825628 0.484009792069762
2275542.62383162 5.82663 0.485148484891102
2275876.62382533 5.827632 0.487306250951565
2276210.62381904 5.828634 0.489898597450561
2276544.62381276 5.829636 0.499242854174833
2276878.62380647 5.830638 0.493533651328873
2277212.62380018 5.83164 0.496697214307409
2277546.62379389 5.832642 0.49734768731556
2277880.62378761 5.833644 0.494489995115475
2278214.62378132 5.834646 0.503917516208126
2278548.62377503 5.835648 0.500713205413223
2278882.62376874 5.83665 0.501615082638602
2279216.62376246 5.837652 0.500399248656071
2279550.62375617 5.838654 0.497903625001226
2279884.62374988 5.839656 0.499646505004665
2280218.6237436 5.840658 0.506958083361077
2280552.62373731 5.84166 0.502109456787562
2280886.62373102 5.842662 0.504153291238474
2281220.62372473 5.843664 0.504135140709772
2281554.62371845 5.844666 0.510087170213609
2281888.62371216 5.845668 0.512546559230726
2282222.62370587 5.84667 0.510715661505717
2282556.62369958 5.847672 0.509611959102172
2282890.6236933 5.848674 0.513970373783785
2283224.62368701 5.849676 0.51565752525631
2283558.62368072 5.850678 0.516002200547531
2283892.62367444 5.85168 0.512125403182595
2284226.62366815 5.852682 0.512063996413998
2284560.62366186 5.853684 0.508383007435308
2284894.62365557 5.854686 0.505771947817406
2285228.62364929 5.855688 0.51175626856463
2285562.623643 5.85669 0.509857819807331
2285896.62363671 5.857692 0.509773653800354
2286230.62363043 5.858694 0.516391473350255
2286564.62362414 5.859696 0.512694304984785
2286898.62361785 5.860698 0.51541882311453
2287232.62361156 5.8617 0.526106381814857
2287566.62360528 5.862702 0.516100524100376
2287900.62359899 5.863704 0.515602671314542
2288234.6235927 5.864706 0.514790173199101
2288568.62358641 5.865708 0.513228272792665
2288902.62358013 5.86671 0.519562938785832
2289236.62357384 5.867712 0.515675532188866
2289570.62356755 5.868714 0.512517678533751
2289904.62356127 5.869716 0.516751761852075
2290238.62355498 5.870718 0.513295162664502
2290572.62354869 5.87172 0.517184110302993
2290906.6235424 5.872722 0.516672976075044
2291240.62353612 5.873724 0.522127703814177
2291574.62352983 5.874726 0.523925808658371
2291908.62352354 5.875728 0.525433432914435
2292242.62351725 5.87673 0.525976299873646
2292576.62351097 5.877732 0.528241771021796
2292910.62350468 5.878734 0.529757587020283
2293244.62349839 5.879736 0.524164882950328
2293578.62349211 5.880738 0.527069152128981
2293912.62348582 5.88174 0.535086613946202
2294246.62347953 5.882742 0.535168934458118
2294580.62347324 5.883744 0.540099691277399
2294914.62346696 5.884746 0.530116272189307
2295248.62346067 5.885748 0.541010395262669
2295582.62345438 5.88675 0.540182304892763
2295916.6234481 5.887752 0.536579455426552
2296250.62344181 5.888754 0.540010988785394
2296584.62343552 5.889756 0.546155106355833
2296918.62342923 5.890758 0.547262078495317
2297252.62342295 5.89176 0.538637829016872
2297586.62341666 5.892762 0.541719077971651
2297920.62341037 5.893764 0.549534923549901
2298254.62340408 5.894766 0.543600202643493
2298588.6233978 5.895768 0.546193685665725
2298922.62339151 5.89677 0.553903796821449
2299256.62338522 5.897772 0.556402532117924
2299590.62337894 5.898774 0.54738623545879
2299924.62337265 5.899776 0.556096579947786
2300258.62336636 5.900778 0.545986010602307
2300592.62336007 5.90178 0.560264563472454
2300926.62335379 5.902782 0.558953155436894
2301260.6233475 5.903784 0.557642528154418
2301594.62334121 5.904786 0.559409417283728
2301928.62333492 5.905788 0.564280291761636
2302262.62332864 5.90679 0.561347872172566
2302596.62332235 5.907792 0.560901209077486
2302930.62331606 5.908794 0.558826938354165
2303264.62330978 5.909796 0.567223158021004
2303598.62330349 5.910798 0.570478304531191
2303932.6232972 5.9118 0.570294376214873
2304266.62329091 5.912802 0.566554042923908
2304600.62328463 5.913804 0.569877447792037
2304934.62327834 5.914806 0.572010981016171
2305268.62327205 5.915808 0.565310617988369
2305602.62326577 5.91681 0.569202032250688
2305936.62325948 5.917812 0.55967608812214
2306270.62325319 5.918814 0.560004454090598
2306604.6232469 5.919816 0.548595542304445
2306938.62324062 5.920818 0.548015757990519
2307272.62323433 5.92182 0.541250331726898
2307606.62322804 5.922822 0.54630522736599
2307940.62322175 5.923824 0.545260295318395
2308274.62321547 5.924826 0.549545403532636
2308608.62320918 5.925828 0.54613570332622
2308942.62320289 5.92683 0.549522518606606
2309276.62319661 5.927832 0.544919489660716
2309610.62319032 5.928834 0.541326473593531
2309944.62318403 5.929836 0.539235308892914
2310278.62317774 5.930838 0.531484371546662
2310612.62317146 5.93184 0.527265266587613
2310946.62316517 5.932842 0.52939257583721
2311280.62315888 5.933844 0.5257977877702
2311614.62315259 5.934846 0.527611627951669
2311948.62314631 5.935848 0.524459187073979
2312282.62314002 5.93685 0.518736914211569
2312616.62313373 5.937852 0.512654852943074
2312950.62312745 5.938854 0.506447591627975
2313284.62312116 5.939856 0.505540790026562
2313618.62311487 5.940858 0.498710322671955
2313952.62310858 5.94186 0.501302947217131
2314286.6231023 5.942862 0.50066380237071
2314620.62309601 5.943864 0.499189325838014
2314954.62308972 5.944866 0.502104409271287
2315288.62308343 5.945868 0.50542246203545
2315622.62307715 5.94687 0.501880675957114
2315956.62307086 5.947872 0.504381865848593
2316290.62306457 5.948874 0.502106578636324
2316624.62305829 5.949876 0.506199268754618
2316958.623052 5.950878 0.507100169043727
2317292.62304571 5.95188 0.508308692755663
2317626.62303942 5.952882 0.512205683433616
2317960.62303314 5.953884 0.50862806264776
2318294.62302685 5.954886 0.513706612845965
2318628.62302056 5.955888 0.520091127681194
2318962.62301427 5.95689 0.51153795557462
2319296.62300799 5.957892 0.516421452930981
2319630.6230017 5.958894 0.515474838583209
2319964.62299541 5.959896 0.514632032290906
2320298.62298913 5.960898 0.516184160568491
2320632.62298284 5.9619 0.516616423321805
2320966.62297655 5.962902 0.500422403565574
2321300.62297026 5.963904 0.498823868075757
2321634.62296398 5.964906 0.496607992712236
2321968.62295769 5.965908 0.499358188153761
2322302.6229514 5.96691 0.498469872454538
2322636.62294511 5.967912 0.501295261664108
2322970.62293883 5.968914 0.50499405713012
2323304.62293254 5.969916 0.503311066212549
2323638.62292625 5.970918 0.509476211282093
2323972.62291997 5.97192 0.509325070746977
2324306.62291368 5.972922 0.507138580970704
2324640.62290739 5.973924 0.507264898351926
2324974.6229011 5.974926 0.512698674784051
2325308.62289482 5.975928 0.506966870600824
2325642.62288853 5.97693 0.511004598786453
2325976.62288224 5.977932 0.507284226317255
2326310.62287595 5.978934 0.516572040124997
2326644.62286967 5.979936 0.509652912923464
2326978.62286338 5.980938 0.514155047500069
2327312.62285709 5.98194 0.50798374802564
2327646.62285081 5.982942 0.524293482411566
2327980.62284452 5.983944 0.517119989811641
2328314.62283823 5.984946 0.518245282588527
2328648.62283194 5.985948 0.522936484928576
2328982.62282566 5.98695 0.523181201544684
2329316.62281937 5.987952 0.523399300913611
2329650.62281308 5.988954 0.521743929377237
2329984.6228068 5.989956 0.515787599198092
2330318.62280051 5.990958 0.519450154036088
2330652.62279422 5.99196 0.516618934468325
2330986.62278793 5.992962 0.521084236117487
2331320.62278165 5.993964 0.518201293277061
2331654.62277536 5.994966 0.518619599011574
2331988.62276907 5.995968 0.515762790853811
2332322.62276278 5.99697 0.522178442087545
2332656.6227565 5.997972 0.518051330448854
2332990.62275021 5.998974 0.519531558867822
2333324.62274392 5.999976 0.520702845927175
2333658.62273764 6.000978 0.526143498195785
2333992.62273135 6.00198 0.526163826132187
2334326.62272506 6.002982 0.528498063882079
2334660.62271877 6.003984 0.526588547742964
2334994.62271249 6.004986 0.529992902320196
2335328.6227062 6.005988 0.523624946166496
2335662.62269991 6.00699 0.52664396110755
2335996.62269362 6.007992 0.534734482660862
2336330.62268734 6.008994 0.531027598329326
2336664.62268105 6.009996 0.531501123950005
2336998.62267476 6.010998 0.538503795809221
2337332.62266848 6.012 0.536255475585618
2337666.62266219 6.013002 0.529652022936024
2338000.6226559 6.014004 0.535335096163105
2338334.62264961 6.015006 0.537466942890971
2338668.62264333 6.016008 0.538802999220958
2339002.62263704 6.01701 0.538348208023696
2339336.62263075 6.018012 0.542022756769179
2339670.62262447 6.019014 0.548665242891958
2340004.62261818 6.020016 0.5470669777287
2340338.62261189 6.021018 0.544161949570982
2340672.6226056 6.02202 0.544908669414971
2341006.62259932 6.023022 0.550876562558294
2341340.62259303 6.024024 0.55254648950823
2341674.62258674 6.025026 0.547344815097398
2342008.62258045 6.026028 0.553072993027314
2342342.62257417 6.02703 0.552122023557812
2342676.62256788 6.028032 0.554173449617504
2343010.62256159 6.029034 0.551472238916652
2343344.62255531 6.030036 0.553771908420384
2343678.62254902 6.031038 0.551088948309707
2344012.62254273 6.03204 0.540284630777441
2344346.62253644 6.033042 0.537191311734636
2344680.62253016 6.034044 0.542856948954343
2345014.62252387 6.035046 0.546635097878025
2345348.62251758 6.036048 0.55106073906843
2345682.62251129 6.03705 0.539849452468473
2346016.62250501 6.038052 0.546417284425046
2346350.62249872 6.039054 0.553668235763122
2346684.62249243 6.040056 0.544597057455805
2347018.62248615 6.041058 0.538806269477774
2347352.62247986 6.04206 0.52713249506037
2347686.62247357 6.043062 0.509378981703382
2348020.62246728 6.044064 0.500711050941526
2348354.622461 6.045066 0.491636925398131
2348688.62245471 6.046068 0.487971565272969
2349022.62244842 6.04707 0.487366120291643
2349356.62244214 6.048072 0.485513559021025
2349690.62243585 6.049074 0.470704848885823
2350024.62242956 6.050076 0.448444847715618
2350358.62242327 6.051078 0.438506099652792
2350692.62241699 6.05208 0.434366909674824
2351026.6224107 6.053082 0.421005874356241
2351360.62240441 6.054084 0.412926125540007
2351694.62239812 6.055086 0.407342194801329
2352028.62239184 6.056088 0.405958178779521
2352362.62238555 6.05709 0.405703990477481
2352696.62237926 6.058092 0.401921257684244
2353030.62237298 6.059094 0.404231476202173
2353364.62236669 6.060096 0.40428424065923
2353698.6223604 6.061098 0.401838613988492
2354032.62235411 6.0621 0.398921392199094
2354366.62234783 6.063102 0.395543365419035
2354700.62234154 6.064104 0.402059218363993
2355034.62233525 6.065106 0.404593414054471
2355368.62232896 6.066108 0.400851916728373
2355702.62232268 6.06711 0.400112725522995
2356036.62231639 6.068112 0.396114727265921
2356370.6223101 6.069114 0.401582592343965
2356704.62230382 6.070116 0.406523587061197
2357038.62229753 6.071118 0.405961398138265
2357372.62229124 6.07212 0.41111100461732
2357706.62228495 6.073122 0.414658469273993
2358040.62227867 6.074124 0.414087253907888
2358374.62227238 6.075126 0.409836779563479
2358708.62226609 6.076128 0.414605861319213
2359042.6222598 6.07713 0.405762377028059
2359376.62225352 6.078132 0.400999125080435
2359710.62224723 6.079134 0.399276123924505
2360044.62224094 6.080136 0.393527387350573
2360378.62223466 6.081138 0.393615791453557
2360712.62222837 6.08214 0.396577623065837
2361046.62222208 6.083142 0.395593456542647
2361380.62221579 6.084144 0.390187901508809
2361714.62220951 6.085146 0.390135450658319
2362048.62220322 6.086148 0.389734421254122
2362382.62219693 6.08715 0.393864513415609
2362716.62219064 6.088152 0.390254110961603
2363050.62218436 6.089154 0.390216011134293
2363384.62217807 6.090156 0.390363106679603
2363718.62217178 6.091158 0.396716326308301
2364052.6221655 6.09216 0.389249479775693
2364386.62215921 6.093162 0.387256589630122
2364720.62215292 6.094164 0.383296790259052
2365054.62214663 6.095166 0.384459140648414
2365388.62214035 6.096168 0.384057290187749
2365722.62213406 6.09717 0.380445284053904
2366056.62212777 6.098172 0.385432666793531
2366390.62212148 6.099174 0.381356594829375
2366724.6221152 6.100176 0.382765161168274
2367058.62210891 6.101178 0.38407395094069
2367392.62210262 6.10218 0.383003482739701
2367726.62209634 6.103182 0.385440497363003
2368060.62209005 6.104184 0.383696875138549
2368394.62208376 6.105186 0.393067027244809
2368728.62207747 6.106188 0.389433957966617
2369062.62207119 6.10719 0.387304223436679
2369396.6220649 6.108192 0.3893514239512
2369730.62205861 6.109194 0.390871347574662
2370064.62205233 6.110196 0.391951153106287
2370398.62204604 6.111198 0.39435543942795
2370732.62203975 6.1122 0.395077206032671
2371066.62203346 6.113202 0.395838657919932
2371400.62202718 6.114204 0.3944833072671
2371734.62202089 6.115206 0.398383007111428
2372068.6220146 6.116208 0.400163306202661
2372402.62200831 6.11721 0.394429357828844
2372736.62200203 6.118212 0.400864907085089
2373070.62199574 6.119214 0.399950754531894
2373404.62198945 6.120216 0.406775635029841
2373738.62198317 6.121218 0.39989569479749
2374072.62197688 6.12222 0.405996423318519
2374406.62197059 6.123222 0.401256380221191
2374740.6219643 6.124224 0.408396139741417
2375074.62195802 6.125226 0.40355990433874
2375408.62195173 6.126228 0.403876362774577
2375742.62194544 6.12723 0.407561545444076
2376076.62193916 6.128232 0.406972125842872
2376410.62193287 6.129234 0.414191706062194
2376744.62192658 6.130236 0.411908026545105
2377078.62192029 6.131238 0.413480133465461
2377412.62191401 6.13224 0.409474352314055
2377746.62190772 6.133242 0.414374779528516
2378080.62190143 6.134244 0.411421390928592
2378414.62189514 6.135246 0.411047183638963
2378748.62188886 6.136248 0.416954990994142
2379082.62188257 6.13725 0.41780860494113
2379416.62187628 6.138252 0.420169874727271
2379750.62186999 6.139254 0.417712566593619
2380084.62186371 6.140256 0.423703449167108
2380418.62185742 6.141258 0.41491325339445
2380752.62185113 6.14226 0.423908839215969
2381086.62184485 6.143262 0.418874727346472
2381420.62183856 6.144264 0.420150030116999
2381754.62183227 6.145266 0.423491935834771
2382088.62182598 6.146268 0.426522022527964
2382422.6218197 6.14727 0.429219002599735
2382756.62181341 6.148272 0.427300111957359
2383090.62180712 6.149274 0.426901666060457
2383424.62180084 6.150276 0.43356132301817
2383758.62179455 6.151278 0.427741555124843
2384092.62178826 6.15228 0.416689500228455
2384426.62178197 6.153282 0.400227996823229
2384760.62177569 6.154284 0.386515577428276
2385094.6217694 6.155286 0.369989782513161
2385428.62176311 6.156288 0.364239929550371
2385762.62175682 6.15729 0.357418671017942
2386096.62175054 6.158292 0.351773764704316
2386430.62174425 6.159294 0.339434535394028
2386764.62173796 6.160296 0.328147030299846
2387098.62173168 6.161298 0.325916630441127
2387432.62172539 6.1623 0.316158990556136
2387766.6217191 6.163302 0.311705299119941
2388100.62171281 6.164304 0.316992275856117
2388434.62170653 6.165306 0.3114569008546
2388768.62170024 6.166308 0.307349140811098
2389102.62169395 6.16731 0.310991618837382
2389436.62168767 6.168312 0.305569917774091
2389770.62168138 6.169314 0.306778883600022
2390104.62167509 6.170316 0.310545393669816
2390438.6216688 6.171318 0.300722969831131
2390772.62166252 6.17232 0.305616621295815
2391106.62165623 6.173322 0.310129405966919
2391440.62164994 6.174324 0.307110490168597
2391774.62164365 6.175326 0.309236837848168
2392108.62163737 6.176328 0.307310747358363
2392442.62163108 6.17733 0.309204011550784
2392776.62162479 6.178332 0.306351500438908
2393110.62161851 6.179334 0.31460774539689
2393444.62161222 6.180336 0.311052324701398
2393778.62160593 6.181338 0.311049266077963
2394112.62159964 6.18234 0.315146493294816
2394446.62159336 6.183342 0.315025774568279
2394780.62158707 6.184344 0.31892308237205
2395114.62158078 6.185346 0.314917211216001
2395448.62157449 6.186348 0.314171298780533
2395782.62156821 6.18735 0.315902381417383
2396116.62156192 6.188352 0.321714907655012
2396450.62155563 6.189354 0.316829266088213
2396784.62154935 6.190356 0.320205309698802
2397118.62154306 6.191358 0.327076514554784
2397452.62153677 6.19236 0.324198428097939
2397786.62153048 6.193362 0.320874641261363
2398120.6215242 6.194364 0.315890615254887
2398454.62151791 6.195366 0.32305291368249
2398788.62151162 6.196368 0.329421115242039
2399122.62150533 6.19737 0.321629417241809
2399456.62149905 6.198372 0.328959142425583
2399790.62149276 6.199374 0.324891746480452
2400124.62148647 6.200376 0.324035465032879
2400458.62148019 6.201378 0.331192256607906
2400792.6214739 6.20238 0.327061548961025
2401126.62146761 6.203382 0.331090226631313
2401460.62146132 6.204384 0.332286889298379
2401794.62145504 6.205386 0.327314714795144
2402128.62144875 6.206388 0.334759175633496
2402462.62144246 6.20739 0.328265492981485
2402796.62143617 6.208392 0.330358979651054
2403130.62142989 6.209394 0.335587102259209
2403464.6214236 6.210396 0.337728084994464
2403798.62141731 6.211398 0.334207292449141
2404132.62141103 6.2124 0.341339971823821
2404466.62140474 6.213402 0.336749257568541
2404800.62139845 6.214404 0.342504149950469
2405134.62139216 6.215406 0.340819864663512
2405468.62138588 6.216408 0.340914939092837
2405802.62137959 6.21741 0.343651439501474
2406136.6213733 6.218412 0.348690330701866
2406470.62136702 6.219414 0.346418374045581
2406804.62136073 6.220416 0.342070181450532
2407138.62135444 6.221418 0.34770040855349
2407472.62134815 6.22242 0.343867340382346
2407806.62134187 6.223422 0.348062942140294
2408140.62133558 6.224424 0.350051534899302
2408474.62132929 6.225426 0.342210798563798
2408808.621323 6.226428 0.347120316196136
2409142.62131672 6.22743 0.354762600617881
2409476.62131043 6.228432 0.356857426114044
2409810.62130414 6.229434 0.351514146702031
2410144.62129786 6.230436 0.353708017705478
2410478.62129157 6.231438 0.353319795289047
2410812.62128528 6.23244 0.352183845353951
2411146.62127899 6.233442 0.354100813978864
2411480.62127271 6.234444 0.361484669351134
2411814.62126642 6.235446 0.361665072051767
2412148.62126013 6.236448 0.355044092621271
2412482.62125384 6.23745 0.357729135594831
2412816.62124756 6.238452 0.358713362726116
2413150.62124127 6.239454 0.36081907269604
2413484.62123498 6.240456 0.36387885905519
2413818.6212287 6.241458 0.364914800942643
2414152.62122241 6.24246 0.364062441727561
2414486.62121612 6.243462 0.363753569265795
2414820.62120983 6.244464 0.36728007609207
2415154.62120355 6.245466 0.366124675291332
2415488.62119726 6.246468 0.367355049440965
2415822.62119097 6.24747 0.365656016612642
2416156.62118468 6.248472 0.370847627676836
2416490.6211784 6.249474 0.375850487130187
2416824.62117211 6.250476 0.369900062033216
2417158.62116582 6.251478 0.368301684023717
2417492.62115954 6.25248 0.369987697456664
2417826.62115325 6.253482 0.372208095109722
2418160.62114696 6.254484 0.380079409393576
2418494.62114067 6.255486 0.375916695925682
2418828.62113439 6.256488 0.376942187654712
2419162.6211281 6.25749 0.379635721990828
2419496.62112181 6.258492 0.374801904788684
2419830.62111552 6.259494 0.368693650945479
2420164.62110924 6.260496 0.362183769272015
2420498.62110295 6.261498 0.356716321362616
2420832.62109666 6.2625 0.356899508003649
2421166.62109038 6.263502 0.359451398040809
2421500.62108409 6.264504 0.360443325634002
2421834.6210778 6.265506 0.349537032407846
2422168.62107151 6.266508 0.355106456923889
2422502.62106523 6.26751 0.352637151188991
2422836.62105894 6.268512 0.351323041514535
2423170.62105265 6.269514 0.347296085647217
2423504.62104637 6.270516 0.353543249552433
2423838.62104008 6.271518 0.351993424784812
2424172.62103379 6.27252 0.345386752501326
2424506.6210275 6.273522 0.353042746942067
2424840.62102122 6.274524 0.35445415652261
2425174.62101493 6.275526 0.356181468291686
2425508.62100864 6.276528 0.353745854984426
2425842.62100235 6.27753 0.357573744490105
2426176.62099607 6.278532 0.358064825255004
2426510.62098978 6.279534 0.354224419498167
2426844.62098349 6.280536 0.359899153588181
2427178.62097721 6.281538 0.362116963981546
2427512.62097092 6.28254 0.365992166613678
2427846.62096463 6.283542 0.363443029655584
2428180.62095834 6.284544 0.356936034984944
2428514.62095206 6.285546 0.358916629813585
2428848.62094577 6.286548 0.356297827548787
2429182.62093948 6.28755 0.346318154755324
2429516.62093319 6.288552 0.343449033871897
2429850.62092691 6.289554 0.335720024704617
2430184.62092062 6.290556 0.336634145500213
2430518.62091433 6.291558 0.331724411251341
2430852.62090805 6.29256 0.326075725155686
2431186.62090176 6.293562 0.334304287551143
2431520.62089547 6.294564 0.334155754842552
2431854.62088918 6.295566 0.328571299947666
2432188.6208829 6.296568 0.334154746129323
2432522.62087661 6.29757 0.332864494499643
2432856.62087032 6.298572 0.335546064820172
2433190.62086404 6.299574 0.329187624571957
2433524.62085775 6.300576 0.334765980560041
2433858.62085146 6.301578 0.33250236982226
2434192.62084517 6.30258 0.338177217595094
2434526.62083889 6.303582 0.333036761085861
2434860.6208326 6.304584 0.333893303746517
2435194.62082631 6.305586 0.337878762969841
2435528.62082002 6.306588 0.339772012586463
2435862.62081374 6.30759 0.343444887093184
2436196.62080745 6.308592 0.344097377316272
2436530.62080116 6.309594 0.334655243654761
2436864.62079488 6.310596 0.337762039568051
2437198.62078859 6.311598 0.33968135912499
2437532.6207823 6.3126 0.343150916373412
2437866.62077601 6.313602 0.343724004873265
2438200.62076973 6.314604 0.339687788884187
2438534.62076344 6.315606 0.343595886824486
2438868.62075715 6.316608 0.343864994492996
2439202.62075086 6.31761 0.345820718407221
2439536.62074458 6.318612 0.343390027236601
2439870.62073829 6.319614 0.347374128145525
2440204.620732 6.320616 0.348679664663611
2440538.62072572 6.321618 0.347315462670196
2440872.62071943 6.32262 0.351495709869598
2441206.62071314 6.323622 0.344364099753811
2441540.62070685 6.324624 0.341493316614692
2441874.62070057 6.325626 0.336314463010419
2442208.62069428 6.326628 0.339010353321714
2442542.62068799 6.32763 0.336588782865908
2442876.6206817 6.328632 0.335050305246191
2443210.62067542 6.329634 0.335054711601552
2443544.62066913 6.330636 0.334609867144969
2443878.62066284 6.331638 0.338923684305905
2444212.62065656 6.33264 0.336976909857963
2444546.62065027 6.333642 0.340571664067005
2444880.62064398 6.334644 0.336776246383015
2445214.62063769 6.335646 0.337604866557531
2445548.62063141 6.336648 0.342504358915833
2445882.62062512 6.33765 0.33528103907593
2446216.62061883 6.338652 0.337153489849582
2446550.62061255 6.339654 0.338288054009132
2446884.62060626 6.340656 0.336624274770034
2447218.62059997 6.341658 0.341716474146436
2447552.62059368 6.34266 0.339803376281237
2447886.6205874 6.343662 0.341201946674615
2448220.62058111 6.344664 0.343018374325032
2448554.62057482 6.345666 0.346557719621351
2448888.62056853 6.346668 0.345085935985204
2449222.62056225 6.34767 0.346379711882666
2449556.62055596 6.348672 0.345450366111265
2449890.62054967 6.349674 0.345811133420779
2450224.62054339 6.350676 0.345505231291318
2450558.6205371 6.351678 0.347854948997538
2450892.62053081 6.35268 0.348046526549642
2451226.62052452 6.353682 0.354816863733471
2451560.62051824 6.354684 0.348063453823405
2451894.62051195 6.355686 0.353096409961936
2452228.62050566 6.356688 0.349157203998301
2452562.62049937 6.35769 0.348366666209059
2452896.62049309 6.358692 0.35889929189156
2453230.6204868 6.359694 0.353987610294822
2453564.62048051 6.360696 0.358927317571853
2453898.62047423 6.361698 0.353138748990646
2454232.62046794 6.3627 0.345201270486798
2454566.62046165 6.363702 0.341586383988103
2454900.62045536 6.364704 0.339817385336933
2455234.62044908 6.365706 0.334851289890025
2455568.62044279 6.366708 0.33357629504897
2455902.6204365 6.36771 0.338674418337882
2456236.62043021 6.368712 0.332691834799096
2456570.62042393 6.369714 0.334182499622053
2456904.62041764 6.370716 0.333557478517314
2457238.62041135 6.371718 0.336874457670141
2457572.62040507 6.37272 0.331535892242185
2457906.62039878 6.373722 0.338006100531606
2458240.62039249 6.374724 0.333980422727551
2458574.6203862 6.375726 0.342463382889645
2458908.62037992 6.376728 0.334707797848856
2459242.62037363 6.37773 0.334234183277948
2459576.62036734 6.378732 0.340836197494156
2459910.62036106 6.379734 0.343351832584945
2460244.62035477 6.380736 0.344455726418368
2460578.62034848 6.381738 0.346023067825397
2460912.62034219 6.38274 0.341289550641815
2461246.62033591 6.383742 0.344763775955664
2461580.62032962 6.384744 0.340695362498429
2461914.62032333 6.385746 0.349536526465874
2462248.62031704 6.386748 0.346695177888006
2462582.62031076 6.38775 0.350245368765541
2462916.62030447 6.388752 0.349938553001877
2463250.62029818 6.389754 0.346291435236125
2463584.6202919 6.390756 0.352698907150814
2463918.62028561 6.391758 0.347155884962205
2464252.62027932 6.39276 0.350502666208649
2464586.62027303 6.393762 0.353124408719389
2464920.62026675 6.394764 0.349257291711623
2465254.62026046 6.395766 0.353269212587963
2465588.62025417 6.396768 0.355167094859519
2465922.62024788 6.39777 0.35328829698188
2466256.6202416 6.398772 0.354865478534363
2466590.62023531 6.399774 0.347866711399628
2466924.62022902 6.400776 0.345354231289402
2467258.62022274 6.401778 0.349957739455682
2467592.62021645 6.40278 0.343405429228818
2467926.62021016 6.403782 0.343700501262129
2468260.62020387 6.404784 0.342494539816141
2468594.62019759 6.405786 0.342273370779654
2468928.6201913 6.406788 0.329817887821721
2469262.62018501 6.40779 0.327999064899993
2469596.62017872 6.408792 0.32702083995078
2469930.62017244 6.409794 0.328190787785266
2470264.62016615 6.410796 0.327552957200157
2470598.62015986 6.411798 0.318735113832979
2470932.62015358 6.4128 0.310477600487575
2471266.62014729 6.413802 0.310468503867374
2471600.620141 6.414804 0.306922298269027
2471934.62013471 6.415806 0.301238033693817
2472268.62012843 6.416808 0.301783492588653
2472602.62012214 6.41781 0.298562988100095
2472936.62011585 6.418812 0.305465463348842
2473270.62010957 6.419814 0.29802918935464
2473604.62010328 6.420816 0.299479300622978
2473938.62009699 6.421818 0.300013504899477
2474272.6200907 6.42282 0.30272759032325
2474606.62008442 6.423822 0.293474271249619
2474940.62007813 6.424824 0.285939211910643
2475274.62007184 6.425826 0.287133456012687
2475608.62006555 6.426828 0.286568767084643
2475942.62005927 6.42783 0.282099941093338
2476276.62005298 6.428832 0.284868196140532
2476610.62004669 6.429834 0.282897640323957
2476944.62004041 6.430836 0.281565820868599
2477278.62003412 6.431838 0.27532188937729
2477612.62002783 6.43284 0.270423314748735
2477946.62002154 6.433842 0.268353552307203
2478280.62001526 6.434844 0.263184054467606
2478614.62000897 6.435846 0.259635655706035
2478948.62000268 6.436848 0.263684927871226
2479282.61999639 6.43785 0.25881809003846
2479616.61999011 6.438852 0.262347222831378
2479950.61998382 6.439854 0.262337342326928
2480284.61997753 6.440856 0.266887705957447
2480618.61997125 6.441858 0.262505338806052
2480952.61996496 6.44286 0.260807691867001
2481286.61995867 6.443862 0.265224680960194
2481620.61995238 6.444864 0.261402293091846
2481954.6199461 6.445866 0.268184062623153
2482288.61993981 6.446868 0.26488167461709
2482622.61993352 6.44787 0.267327008821707
2482956.61992723 6.448872 0.265084304684287
2483290.61992095 6.449874 0.268086134275344
2483624.61991466 6.450876 0.267657903537594
2483958.61990837 6.451878 0.270448117078222
2484292.61990209 6.45288 0.269502916509756
2484626.6198958 6.453882 0.271916919843047
2484960.61988951 6.454884 0.269883622094831
2485294.61988322 6.455886 0.271488688440794
2485628.61987694 6.456888 0.269725494739978
2485962.61987065 6.45789 0.268843035069143
2486296.61986436 6.458892 0.271729876798021
2486630.61985807 6.459894 0.26662427797374
2486964.61985179 6.460896 0.270196000062687
2487298.6198455 6.461898 0.271768703806514
2487632.61983921 6.4629 0.274667478398713
2487966.61983293 6.463902 0.27411348865734
2488300.61982664 6.464904 0.26953705152364
2488634.61982035 6.465906 0.276050298246474
2488968.61981406 6.466908 0.272336263702546
2489302.61980778 6.46791 0.276624176117341
2489636.61980149 6.468912 0.276865060334715
2489970.6197952 6.469914 0.280152669652887
2490304.61978892 6.470916 0.275134763551044
2490638.61978263 6.471918 0.27594452637983
2490972.61977634 6.47292 0.27849704081502
2491306.61977005 6.473922 0.279877142095854
2491640.61976377 6.474924 0.281180682221309
2491974.61975748 6.475926 0.281989206179641
2492308.61975119 6.476928 0.278998640586388
2492642.6197449 6.47793 0.274647434380725
2492976.61973862 6.478932 0.266069731735574
2493310.61973233 6.479934 0.272025244762422
2493644.61972604 6.480936 0.263666337699803
2493978.61971976 6.481938 0.256223241813547
2494312.61971347 6.48294 0.256648550861133
2494646.61970718 6.483942 0.25848742772603
2494980.61970089 6.484944 0.257815323623561
2495314.61969461 6.485946 0.257541729542
2495648.61968832 6.486948 0.258225962231145
2495982.61968203 6.48795 0.250579018058263
2496316.61967575 6.488952 0.254284028319799
2496650.61966946 6.489954 0.256148430683485
2496984.61966317 6.490956 0.255720963245591
2497318.61965688 6.491958 0.254764353404068
2497652.6196506 6.49296 0.252806338064219
2497986.61964431 6.493962 0.253386926148041
2498320.61963802 6.494964 0.256397121747561
2498654.61963173 6.495966 0.253258919404979
2498988.61962545 6.496968 0.251903551314974
2499322.61961916 6.49797 0.254663618169379
2499656.61961287 6.498972 0.255000255571433
2499990.61960659 6.499974 0.256976178475134
2500324.6196003 6.500976 0.25915617398176
2500658.61959401 6.501978 0.255670166392013
2500992.61958772 6.50298 0.257547073904792
2501326.61958144 6.503982 0.255753912170059
2501660.61957515 6.504984 0.258786414061461
2501994.61956886 6.505986 0.26040573693722
2502328.61956257 6.506988 0.257101423527087
2502662.61955629 6.50799 0.256934809872053
2502996.61955 6.508992 0.258822931641309
2503330.61954371 6.509994 0.261411648343742
2503664.61953743 6.510996 0.259553576945393
2503998.61953114 6.511998 0.26476077373846
2504332.61952485 6.513 0.262701431016347
2504666.61951856 6.514002 0.261474768667544
2505000.61951228 6.515004 0.265068388970715
2505334.61950599 6.516006 0.266999369260303
2505668.6194997 6.517008 0.265400265754105
2506002.61949341 6.51801 0.267337009172857
2506336.61948713 6.519012 0.267691157973519
2506670.61948084 6.520014 0.271270659523376
2507004.61947455 6.521016 0.263932999809446
2507338.61946827 6.522018 0.269237690796241
2507672.61946198 6.52302 0.271051412918539
2508006.61945569 6.524022 0.273669431204414
2508340.6194494 6.525024 0.271512219086346
2508674.61944312 6.526026 0.275008877381527
2509008.61943683 6.527028 0.274127968978345
2509342.61943054 6.52803 0.269697567066208
2509676.61942426 6.529032 0.272961766220314
2510010.61941797 6.530034 0.272749558075519
2510344.61941168 6.531036 0.274907588969577
2510678.61940539 6.532038 0.278533349093451
2511012.61939911 6.53304 0.276513523577917
2511346.61939282 6.534042 0.278919853620075
2511680.61938653 6.535044 0.27472572785602
2512014.61938024 6.536046 0.280816105789999
2512348.61937396 6.537048 0.279562010601256
2512682.61936767 6.53805 0.28299238061353
2513016.61936138 6.539052 0.284360708774884
2513350.6193551 6.540054 0.283546407507489
2513684.61934881 6.541056 0.288237568417995
2514018.61934252 6.542058 0.286759599106589
2514352.61933623 6.54306 0.282169506108698
2514686.61932995 6.544062 0.284833948960769
2515020.61932366 6.545064 0.285288517852421
2515354.61931737 6.546066 0.292053337742511
2515688.61931108 6.547068 0.28787868343198
2516022.6193048 6.54807 0.285861916252579
2516356.61929851 6.549072 0.294894979438886
2516690.61929222 6.550074 0.291676938731908
2517024.61928593 6.551076 0.288316467625881
2517358.61927965 6.552078 0.291460049012274
2517692.61927336 6.55308 0.294805258229427
2518026.61926707 6.554082 0.28891016208
2518360.61926079 6.555084 0.291081812841677
2518694.6192545 6.556086 0.29076130608053
2519028.61924821 6.557088 0.284221369077869
2519362.61924192 6.55809 0.281555099310859
2519696.61923564 6.559092 0.280732381169633
2520030.61922935 6.560094 0.275443404407313
2520364.61922306 6.561096 0.272599292455183
2520698.61921678 6.562098 0.272787445927862
2521032.61921049 6.5631 0.270441899424201
2521366.6192042 6.564102 0.269749254985607
2521700.61919791 6.565104 0.264177848926403
2522034.61919163 6.566106 0.264463665980961
2522368.61918534 6.567108 0.259677193686505
2522702.61917905 6.56811 0.260607084691494
2523036.61917276 6.569112 0.26221412668526
2523370.61916648 6.570114 0.260927343326745
2523704.61916019 6.571116 0.260823692970866
2524038.6191539 6.572118 0.261610526238276
2524372.61914762 6.57312 0.262480913669028
2524706.61914133 6.574122 0.252366646918726
2525040.61913504 6.575124 0.256469995454647
2525374.61912875 6.576126 0.261887482616837
2525708.61912247 6.577128 0.259517787815375
2526042.61911618 6.57813 0.260087938181697
2526376.61910989 6.579132 0.256465252035977
2526710.6191036 6.580134 0.259835490115367
2527044.61909732 6.581136 0.261998333901627
2527378.61909103 6.582138 0.259407580908282
2527712.61908474 6.58314 0.261827235161243
2528046.61907846 6.584142 0.270129705911012
2528380.61907217 6.585144 0.267358414897036
2528714.61906588 6.586146 0.257606404331538
2529048.61905959 6.587148 0.261011042105155
2529382.61905331 6.58815 0.263016397833675
2529716.61904702 6.589152 0.261332514278863
2530050.61904073 6.590154 0.266089311047768
2530384.61903444 6.591156 0.26666298627444
2530718.61902816 6.592158 0.266148452482032
2531052.61902187 6.59316 0.258116000585439
2531386.61901558 6.594162 0.254331803030508
2531720.6190093 6.595164 0.250200142351116
2532054.61900301 6.596166 0.242446979469871
2532388.61899672 6.597168 0.248065063463444
2532722.61899043 6.59817 0.237047866221523
2533056.61898415 6.599172 0.23901010664532
2533390.61897786 6.600174 0.23784271180818
2533724.61897157 6.601176 0.237932840297336
2534058.61896528 6.602178 0.239499937173643
2534392.618959 6.60318 0.241431198942298
2534726.61895271 6.604182 0.238951894069848
2535060.61894642 6.605184 0.240408407034472
2535394.61894014 6.606186 0.239189152464205
2535728.61893385 6.607188 0.244030413303155
2536062.61892756 6.60819 0.245000310179222
2536396.61892127 6.609192 0.247880818400296
2536730.61891499 6.610194 0.249734648655629
2537064.6189087 6.611196 0.24633626932475
2537398.61890241 6.612198 0.245840357787194
2537732.61889613 6.6132 0.242409287359002
2538066.61888984 6.614202 0.241622803013341
2538400.61888355 6.615204 0.244725553582721
2538734.61887726 6.616206 0.248069682653469
2539068.61887098 6.617208 0.248635656805099
2539402.61886469 6.61821 0.248385903822624
2539736.6188584 6.619212 0.252851627035412
2540070.61885211 6.620214 0.250354577871248
2540404.61884583 6.621216 0.25603886336267
2540738.61883954 6.622218 0.249653434156247
2541072.61883325 6.62322 0.251742042151869
2541406.61882697 6.624222 0.255230549676131
2541740.61882068 6.625224 0.253293964709575
2542074.61881439 6.626226 0.261397147731116
2542408.6188081 6.627228 0.257051912873671
2542742.61880182 6.62823 0.255988255312694
2543076.61879553 6.629232 0.260790128074718
2543410.61878924 6.630234 0.260102718908085
2543744.61878296 6.631236 0.26054876793964
2544078.61877667 6.632238 0.26333375218278
2544412.61877038 6.63324 0.267835969296305
2544746.61876409 6.634242 0.259975540262683
2545080.61875781 6.635244 0.260302658352701
2545414.61875152 6.636246 0.26422340073008
2545748.61874523 6.637248 0.265130985306628
2546082.61873894 6.63825 0.262125565274334
2546416.61873266 6.639252 0.264024646544257
2546750.61872637 6.640254 0.264416629626115
2547084.61872008 6.641256 0.266839226990455
2547418.6187138 6.642258 0.262432309313985
2547752.61870751 6.64326 0.270784994602127
2548086.61870122 6.644262 0.267745692774106
2548420.61869493 6.645264 0.267148472199734
2548754.61868865 6.646266 0.261438740135585
2549088.61868236 6.647268 0.267511099617263
2549422.61867607 6.64827 0.267137503283096
2549756.61866978 6.649272 0.277226834233991
2550090.6186635 6.650274 0.272270428609964
2550424.61865721 6.651276 0.27538437003045
2550758.61865092 6.652278 0.267063956078381
2551092.61864464 6.65328 0.272519536724224
2551426.61863835 6.654282 0.276247840951507
2551760.61863206 6.655284 0.271712339150291
2552094.61862577 6.656286 0.276536152103207
2552428.61861949 6.657288 0.274984776090863
2552762.6186132 6.65829 0.272051379393486
2553096.61860691 6.659292 0.262081784694392
2553430.61860062 6.660294 0.260625877447624
2553764.61859434 6.661296 0.260819035041612
2554098.61858805 6.662298 0.260582050633067
2554432.61858176 6.6633 0.257517828775679
2554766.61857548 6.664302 0.255114338384677
2555100.61856919 6.665304 0.253461048569603
2555434.6185629 6.666306 0.254952518842499
2555768.61855661 6.667308 0.254190857585691
2556102.61855033 6.66831 0.254985043175663
2556436.61854404 6.669312 0.25776431957381
2556770.61853775 6.670314 0.255162346986621
2557104.61853147 6.671316 0.255472986149168
2557438.61852518 6.672318 0.261812984761415
2557772.61851889 6.67332 0.256304869133276
2558106.6185126 6.674322 0.26074948830572
2558440.61850632 6.675324 0.261460549008295
2558774.61850003 6.676326 0.257426002191478
2559108.61849374 6.677328 0.257718817699652
2559442.61848745 6.67833 0.261815112691234
2559776.61848117 6.679332 0.258367070918813
2560110.61847488 6.680334 0.263235538711803
2560444.61846859 6.681336 0.258586006912546
2560778.61846231 6.682338 0.258657894485259
2561112.61845602 6.68334 0.261961491022228
2561446.61844973 6.684342 0.264163916437889
2561780.61844344 6.685344 0.262430873467752
2562114.61843716 6.686346 0.269016184437007
2562448.61843087 6.687348 0.268507562231516
2562782.61842458 6.68835 0.266310792959395
2563116.61841829 6.689352 0.264786422888753
2563450.61841201 6.690354 0.271481835081059
2563784.61840572 6.691356 0.268152603718864
2564118.61839943 6.692358 0.269671398460379
2564452.61839315 6.69336 0.279062306818372
2564786.61838686 6.694362 0.273901435422626
2565120.61838057 6.695364 0.274567586921408
2565454.61837428 6.696366 0.272162663566803
2565788.618368 6.697368 0.271430997285184
2566122.61836171 6.69837 0.276247961554285
2566456.61835542 6.699372 0.27068013318961
2566790.61834913 6.700374 0.27845383269225
2567124.61834285 6.701376 0.27538593143727
2567458.61833656 6.702378 0.276171443647939
2567792.61833027 6.70338 0.280058440681847
2568126.61832399 6.704382 0.27771387548872
2568460.6183177 6.705384 0.278472258088898
2568794.61831141 6.706386 0.276789974297844
2569128.61830512 6.707388 0.282960145194782
2569462.61829884 6.70839 0.279740801052991
2569796.61829255 6.709392 0.283065826283342
2570130.61828626 6.710394 0.2793611385923
2570464.61827997 6.711396 0.279479479726117
2570798.61827369 6.712398 0.28541740221035
2571132.6182674 6.7134 0.286242036622521
2571466.61826111 6.714402 0.287508718215782
2571800.61825483 6.715404 0.288451568875904
2572134.61824854 6.716406 0.289483732907535
2572468.61824225 6.717408 0.291122734042048
2572802.61823596 6.71841 0.284926697890954
2573136.61822968 6.719412 0.288516108317956
2573470.61822339 6.720414 0.288480167608645
2573804.6182171 6.721416 0.295181378125543
2574138.61821082 6.722418 0.289630462704276
2574472.61820453 6.72342 0.297294400686997
2574806.61819824 6.724422 0.290135423985767
2575140.61819195 6.725424 0.295161337939941
2575474.61818567 6.726426 0.295850055427305
2575808.61817938 6.727428 0.291491220876461
2576142.61817309 6.72843 0.297384290192031
2576476.6181668 6.729432 0.288416585188852
2576810.61816052 6.730434 0.281368495022326
2577144.61815423 6.731436 0.286845893822418
2577478.61814794 6.732438 0.286016279851712
2577812.61814166 6.73344 0.279706422392145
2578146.61813537 6.734442 0.284037135095188
2578480.61812908 6.735444 0.276995907368654
2578814.61812279 6.736446 0.272542428186368
2579148.61811651 6.737448 0.275068020000951
2579482.61811022 6.73845 0.273795292337491
2579816.61810393 6.739452 0.259544402896525
2580150.61809765 6.740454 0.261599065053434
2580484.61809136 6.741456 0.253550879634816
2580818.61808507 6.742458 0.249096527850067
2581152.61807878 6.74346 0.24313468922685
2581486.6180725 6.744462 0.242327221447507
2581820.61806621 6.745464 0.237146095236322
2582154.61805992 6.746466 0.235144942342405
2582488.61805363 6.747468 0.231092362820494
2582822.61804735 6.74847 0.240641322912035
2583156.61804106 6.749472 0.237430846986908
2583490.61803477 6.750474 0.238525344847173
2583824.61802849 6.751476 0.241724605038265
2584158.6180222 6.752478 0.239647124434724
2584492.61801591 6.75348 0.243370337374414
2584826.61800962 6.754482 0.242974881800344
2585160.61800334 6.755484 0.248698764773788
2585494.61799705 6.756486 0.244589825844666
2585828.61799076 6.757488 0.246695837024008
2586162.61798447 6.75849 0.244402766815925
2586496.61797819 6.759492 0.242933919098341
2586830.6179719 6.760494 0.243665554382505
2587164.61796561 6.761496 0.247345604230756
2587498.61795933 6.762498 0.247849935877089
2587832.61795304 6.7635 0.245403575206198
2588166.61794675 6.764502 0.251934156446627
2588500.61794046 6.765504 0.2454079020196
2588834.61793418 6.766506 0.246131826777778
2589168.61792789 6.767508 0.248281293432929
2589502.6179216 6.76851 0.24819027436541
2589836.61791531 6.769512 0.245802530047322
2590170.61790903 6.770514 0.248447139929473
2590504.61790274 6.771516 0.251441633476929
2590838.61789645 6.772518 0.250221568045313
2591172.61789017 6.77352 0.25519921883788
2591506.61788388 6.774522 0.251112682187751
2591840.61787759 6.775524 0.25270287298938
2592174.6178713 6.776526 0.251028371395497
2592508.61786502 6.777528 0.251843880524012
2592842.61785873 6.77853 0.254234409539158
2593176.61785244 6.779532 0.256529577902382
2593510.61784616 6.780534 0.256234107650374
2593844.61783987 6.781536 0.254501892553269
2594178.61783358 6.782538 0.253085081009457
2594512.61782729 6.78354 0.25848278274362
2594846.61782101 6.784542 0.25837577868477
2595180.61781472 6.785544 0.259731249759905
2595514.61780843 6.786546 0.259854617282822
2595848.61780214 6.787548 0.253402424753248
2596182.61779586 6.78855 0.254494880101879
2596516.61778957 6.789552 0.254212705940652
2596850.61778328 6.790554 0.247387200846966
2597184.617777 6.791556 0.243953182700826
2597518.61777071 6.792558 0.249437662881949
2597852.61776442 6.79356 0.23943344661053
2598186.61775813 6.794562 0.23974965473366
2598520.61775185 6.795564 0.237305493999254
2598854.61774556 6.796566 0.225137297307095
2599188.61773927 6.797568 0.211098390647569
2599522.61773298 6.79857 0.20862093998351
2599856.6177267 6.799572 0.202769155006988
2600190.61772041 6.800574 0.19989745006659
2600524.61771412 6.801576 0.196890559379677
2600858.61770784 6.802578 0.191333570652335
2601192.61770155 6.80358 0.194678778770556
2601526.61769526 6.804582 0.196000762110949
2601860.61768897 6.805584 0.197617264898799
2602194.61768269 6.806586 0.198702946402763
2602528.6176764 6.807588 0.200817581579204
2602862.61767011 6.80859 0.199824645769558
2603196.61766382 6.809592 0.197892937688854
2603530.61765754 6.810594 0.195241093105665
2603864.61765125 6.811596 0.193727495787277
2604198.61764496 6.812598 0.196816094749804
2604532.61763868 6.8136 0.19678538073636
2604866.61763239 6.814602 0.19245399385743
2605200.6176261 6.815604 0.196771727918343
2605534.61761981 6.816606 0.196464075889041
2605868.61761353 6.817608 0.202614157022345
2606202.61760724 6.81861 0.194733827228928
2606536.61760095 6.819612 0.198057275980803
2606870.61759466 6.820614 0.197465076249745
2607204.61758838 6.821616 0.196625449230379
2607538.61758209 6.822618 0.197954287075919
2607872.6175758 6.82362 0.198046433870399
2608206.61756952 6.824622 0.199960260858733
2608540.61756323 6.825624 0.20113510580133
2608874.61755694 6.826626 0.19946077606756
2609208.61755065 6.827628 0.198907151300738
2609542.61754437 6.82863 0.196729525840196
2609876.61753808 6.829632 0.20032442229134
2610210.61753179 6.830634 0.203300224119913
2610544.61752551 6.831636 0.204318169231087
2610878.61751922 6.832638 0.205816420210377
2611212.61751293 6.83364 0.206805496363936
2611546.61750664 6.834642 0.206196010637813
2611880.61750036 6.835644 0.206412329084476
2612214.61749407 6.836646 0.205412200488192
2612548.61748778 6.837648 0.202411962729274
2612882.61748149 6.83865 0.205282367339897
2613216.61747521 6.839652 0.2065640664785
2613550.61746892 6.840654 0.207221896511027
2613884.61746263 6.841656 0.20926790393905
2614218.61745635 6.842658 0.207397364007902
2614552.61745006 6.84366 0.20548477849087
2614886.61744377 6.844662 0.206526660932497
2615220.61743748 6.845664 0.214235938019942
2615554.6174312 6.846666 0.210389333864312
2615888.61742491 6.847668 0.211896291908543
2616222.61741862 6.84867 0.209647037843066
2616556.61741233 6.849672 0.214847757696469
2616890.61740605 6.850674 0.209448757251874
2617224.61739976 6.851676 0.213305390495268
2617558.61739347 6.852678 0.20974580287241
2617892.61738719 6.85368 0.208567970494745
2618226.6173809 6.854682 0.21274040655414
2618560.61737461 6.855684 0.213254394446498
2618894.61736832 6.856686 0.217194194723368
2619228.61736204 6.857688 0.215074145518089
2619562.61735575 6.85869 0.214977436891402
2619896.61734946 6.859692 0.216266081725636
2620230.61734318 6.860694 0.217679292680592
2620564.61733689 6.861696 0.217606540488064
2620898.6173306 6.862698 0.218358859864485
2621232.61732431 6.8637 0.215265547148138
2621566.61731803 6.864702 0.216980789665232
2621900.61731174 6.865704 0.222635417613737
2622234.61730545 6.866706 0.22419973710187
2622568.61729916 6.867708 0.214584337235638
2622902.61729288 6.86871 0.217894468786646
2623236.61728659 6.869712 0.221578773293317
2623570.6172803 6.870714 0.226657778346695
2623904.61727401 6.871716 0.222288564099839
2624238.61726773 6.872718 0.216795328717807
2624572.61726144 6.87372 0.218743333866422
2624906.61725515 6.874722 0.226530849108362
2625240.61724887 6.875724 0.228194270395483
2625574.61724258 6.876726 0.226982735897814
2625908.61723629 6.877728 0.226358412468944
2626242.61723 6.87873 0.22883018903495
2626576.61722372 6.879732 0.230366639916812
2626910.61721743 6.880734 0.227631475013323
2627244.61721114 6.881736 0.230976164842287
2627578.61720486 6.882738 0.23347526341306
2627912.61719857 6.88374 0.226609107558005
2628246.61719228 6.884742 0.231793417478428
2628580.61718599 6.885744 0.231790956997176
2628914.61717971 6.886746 0.229067419782876
2629248.61717342 6.887748 0.232885646703993
2629582.61716713 6.88875 0.231027292924596
2629916.61716084 6.889752 0.231157951928771
2630250.61715456 6.890754 0.234048999376225
2630584.61714827 6.891756 0.229639064219366
2630918.61714198 6.892758 0.230501268647942
2631252.6171357 6.89376 0.23442334004998
2631586.61712941 6.894762 0.234905519734852
2631920.61712312 6.895764 0.231213499815367
2632254.61711683 6.896766 0.235742805919742
2632588.61711055 6.897768 0.235257594528142
2632922.61710426 6.89877 0.233741501886183
2633256.61709797 6.899772 0.237524616584499
2633590.61709169 6.900774 0.23974321958624
2633924.6170854 6.901776 0.23973245032049
2634258.61707911 6.902778 0.239856026922267
2634592.61707282 6.90378 0.242080770414041
2634926.61706654 6.904782 0.241575684010404
2635260.61706025 6.905784 0.23558877175767
2635594.61705396 6.906786 0.235727866165683
2635928.61704767 6.907788 0.247212134797861
2636262.61704139 6.90879 0.238661376284732
2636596.6170351 6.909792 0.245833546937536
2636930.61702881 6.910794 0.244269628151208
2637264.61702252 6.911796 0.241854978489768
2637598.61701624 6.912798 0.242377129949565
2637932.61700995 6.9138 0.243617765513888
2638266.61700366 6.914802 0.244373883803404
2638600.61699738 6.915804 0.248434460110022
2638934.61699109 6.916806 0.246063721148484
2639268.6169848 6.917808 0.247535119556261
2639602.61697851 6.91881 0.247027063794116
2639936.61697223 6.919812 0.250331167609977
2640270.61696594 6.920814 0.252716598094197
2640604.61695965 6.921816 0.248509875662744
2640938.61695337 6.922818 0.248570348699003
2641272.61694708 6.92382 0.247295373320966
2641606.61694079 6.924822 0.24985789860768
2641940.6169345 6.925824 0.252250110124831
2642274.61692822 6.926826 0.248860117126144
2642608.61692193 6.927828 0.252657371141996
2642942.61691564 6.92883 0.252588217448451
2643276.61690935 6.929832 0.243948721489054
2643610.61690307 6.930834 0.246944297069921
2643944.61689678 6.931836 0.240760559092653
2644278.61689049 6.932838 0.235520259788208
2644612.61688421 6.93384 0.237133699014592
2644946.61687792 6.934842 0.232177365185275
2645280.61687163 6.935844 0.236041245455823
2645614.61686534 6.936846 0.230260919587245
2645948.61685906 6.937848 0.229729076596874
2646282.61685277 6.93885 0.227950659183423
2646616.61684648 6.939852 0.217721620905047
2646950.61684019 6.940854 0.220311083124841
2647284.61683391 6.941856 0.218760920794642
2647618.61682762 6.942858 0.218332370821953
2647952.61682133 6.94386 0.211799938447524
2648286.61681505 6.944862 0.21446605913326
2648620.61680876 6.945864 0.213151378310298
2648954.61680247 6.946866 0.216289140887481
2649288.61679618 6.947868 0.215049893565921
2649622.6167899 6.94887 0.215396898556756
2649956.61678361 6.949872 0.214717746133962
2650290.61677732 6.950874 0.218759169753412
2650624.61677103 6.951876 0.218715064010062
2650958.61676475 6.952878 0.21933251416028
2651292.61675846 6.95388 0.222557790713738
2651626.61675217 6.954882 0.217304067466101
2651960.61674589 6.955884 0.222763791312015
2652294.6167396 6.956886 0.223585922541922
2652628.61673331 6.957888 0.219495896049803
2652962.61672702 6.95889 0.224262325013998
2653296.61672074 6.959892 0.224156355096352
2653630.61671445 6.960894 0.222781330507306
2653964.61670816 6.961896 0.225460142453293
2654298.61670187 6.962898 0.228896970443075
2654632.61669559 6.9639 0.226086487597894
2654966.6166893 6.964902 0.226860558903436
2655300.61668301 6.965904 0.22466146202124
2655634.61667673 6.966906 0.226414232042906
2655968.61667044 6.967908 0.228812447577895
2656302.61666415 6.96891 0.226711534882813
2656636.61665786 6.969912 0.222833389497567
2656970.61665158 6.970914 0.225038773284857
2657304.61664529 6.971916 0.228179641898851
2657638.616639 6.972918 0.233863371934004
2657972.61663272 6.97392 0.231152829715813
2658306.61662643 6.974922 0.227683072343515
2658640.61662014 6.975924 0.230264113899614
2658974.61661385 6.976926 0.231226327028475
2659308.61660757 6.977928 0.231451460068467
2659642.61660128 6.97893 0.228602053176243
2659976.61659499 6.979932 0.225689873791783
2660310.6165887 6.980934 0.232788981697131
2660644.61658242 6.981936 0.229681550759721
2660978.61657613 6.982938 0.229857559993709
2661312.61656984 6.98394 0.233213979900686
2661646.61656356 6.984942 0.231895931264438
2661980.61655727 6.985944 0.230840094458267
2662314.61655098 6.986946 0.232882013116279
2662648.61654469 6.987948 0.237744093976549
2662982.61653841 6.98895 0.234909271148863
2663316.61653212 6.989952 0.236845098027938
2663650.61652583 6.990954 0.236510708656062
2663984.61651955 6.991956 0.240208375000156
2664318.61651326 6.992958 0.237121129509938
2664652.61650697 6.99396 0.240899896340803
2664986.61650068 6.994962 0.23818922305195
2665320.6164944 6.995964 0.240618319601422
2665654.61648811 6.996966 0.237381213720724
2665988.61648182 6.997968 0.242771109968477
2666322.61647553 6.99897 0.235650552662822
2666656.61646925 6.999972 0.22727944037454
2666990.61646296 7.000974 0.226147806718037
2667324.61645667 7.001976 0.216401241654663
2667658.61645039 7.002978 0.219083903239624
2667992.6164441 7.00398 0.217230765553705
2668326.61643781 7.004982 0.212758137280679
2668660.61643152 7.005984 0.216493707524448
2668994.61642524 7.006986 0.216461841542472
2669328.61641895 7.007988 0.213561069820936
2669662.61641266 7.00899 0.211546908336981
2669996.61640637 7.009992 0.215263564396059
2670330.61640009 7.010994 0.211952327128413
2670664.6163938 7.011996 0.214993432771609
2670998.61638751 7.012998 0.214840312967577
2671332.61638123 7.014 0.220286060948071
2671666.61637494 7.015002 0.213245455852863
2672000.61636865 7.016004 0.214731249749402
2672334.61636236 7.017006 0.21509347350347
2672668.61635608 7.018008 0.216433116021554
2673002.61634979 7.01901 0.212630601075965
2673336.6163435 7.020012 0.217797183780984
2673670.61633721 7.021014 0.215633068059682
2674004.61633093 7.022016 0.221797257911183
2674338.61632464 7.023018 0.220163160545732
2674672.61631835 7.02402 0.219160976893725
2675006.61631207 7.025022 0.218534342387368
2675340.61630578 7.026024 0.222599997409402
2675674.61629949 7.027026 0.218339981449141
2676008.6162932 7.028028 0.220770499665733
2676342.61628692 7.02903 0.221477324428225
2676676.61628063 7.030032 0.221667771333404
2677010.61627434 7.031034 0.221473537384578
2677344.61626806 7.032036 0.223772680772193
2677678.61626177 7.033038 0.228452503438393
2678012.61625548 7.03404 0.226910965587931
2678346.61624919 7.035042 0.22472083206961
2678680.61624291 7.036044 0.229227011738255
2679014.61623662 7.037046 0.229932109933654
2679348.61623033 7.038048 0.224560998068854
2679682.61622404 7.03905 0.232545640727492
2680016.61621776 7.040052 0.227254562389775
2680350.61621147 7.041054 0.223171327248857
2680684.61620518 7.042056 0.226994317155115
2681018.6161989 7.043058 0.231790056179041
2681352.61619261 7.04406 0.226334161043997
2681686.61618632 7.045062 0.230003204509181
2682020.61618003 7.046064 0.229685162055778
2682354.61617375 7.047066 0.233530333921951
2682688.61616746 7.048068 0.2308141740263
2683022.61616117 7.04907 0.228372123058658
2683356.61615488 7.050072 0.234183164227875
2683690.6161486 7.051074 0.230109062188723
2684024.61614231 7.052076 0.233784713790065
2684358.61613602 7.053078 0.235961349324009
2684692.61612974 7.05408 0.235586281673295
2685026.61612345 7.055082 0.239998773724609
2685360.61611716 7.056084 0.238116546277065
2685694.61611087 7.057086 0.240326136735406
2686028.61610459 7.058088 0.236653410872897
2686362.6160983 7.05909 0.236100501793395
2686696.61609201 7.060092 0.238102606366771
2687030.61608572 7.061094 0.241133877420114
2687364.61607944 7.062096 0.239042511685778
2687698.61607315 7.063098 0.243398337063942
2688032.61606686 7.0641 0.245750525470608
2688366.61606058 7.065102 0.240479344332481
2688700.61605429 7.066104 0.242674049686038
2689034.616048 7.067106 0.245137818942005
2689368.61604171 7.068108 0.242693801276481
2689702.61603543 7.06911 0.238975182611606
2690036.61602914 7.070112 0.24307221758592
2690370.61602285 7.071114 0.243440156332456
2690704.61601656 7.072116 0.241258382332218
2691038.61601028 7.073118 0.242184679875544
2691372.61600399 7.07412 0.241247710749921
2691706.6159977 7.075122 0.249397830053729
2692040.61599142 7.076124 0.240688710656794
2692374.61598513 7.077126 0.244752781997141
2692708.61597884 7.078128 0.251365289258121
2693042.61597255 7.07913 0.25125386466671
2693376.61596627 7.080132 0.248538312467571
2693710.61595998 7.081134 0.250989177556128
2694044.61595369 7.082136 0.251540859429389
2694378.61594741 7.083138 0.248938304938352
2694712.61594112 7.08414 0.250829517351287
2695046.61593483 7.085142 0.248708240455779
2695380.61592854 7.086144 0.253572747706784
2695714.61592226 7.087146 0.250901477804363
2696048.61591597 7.088148 0.25293841376953
2696382.61590968 7.08915 0.249137845727295
2696716.61590339 7.090152 0.252804484862299
2697050.61589711 7.091154 0.252488954431188
2697384.61589082 7.092156 0.255399727347147
2697718.61588453 7.093158 0.256721497827869
2698052.61587825 7.09416 0.257148254329773
2698386.61587196 7.095162 0.25792797014972
2698720.61586567 7.096164 0.260444582859929
2699054.61585938 7.097166 0.252812177140289
2699388.6158531 7.098168 0.259955891991836
2699722.61584681 7.09917 0.256497221833577
2700056.61584052 7.100172 0.255008042429508
2700390.61583424 7.101174 0.248699606282582
2700724.61582795 7.102176 0.246500892179033
2701058.61582166 7.103178 0.240307835664553
2701392.61581537 7.10418 0.238647843047468
2701726.61580909 7.105182 0.237276003816478
2702060.6158028 7.106184 0.230614196837342
2702394.61579651 7.107186 0.23094055208877
2702728.61579022 7.108188 0.227620008496749
2703062.61578394 7.10919 0.225294358139346
2703396.61577765 7.110192 0.219565400623626
2703730.61577136 7.111194 0.217693122928193
2704064.61576508 7.112196 0.211982405802685
2704398.61575879 7.113198 0.205336112289663
2704732.6157525 7.1142 0.204961494336369
2705066.61574621 7.115202 0.204768728056135
2705400.61573993 7.116204 0.205898750005992
2705734.61573364 7.117206 0.203394502127485
2706068.61572735 7.118208 0.206523871157406
2706402.61572106 7.11921 0.200326387281385
2706736.61571478 7.120212 0.202688704539462
2707070.61570849 7.121214 0.203523163041539
2707404.6157022 7.122216 0.201509628634102
2707738.61569592 7.123218 0.201455275042018
2708072.61568963 7.12422 0.204840185734812
2708406.61568334 7.125222 0.204269124645337
2708740.61567705 7.126224 0.204052671625127
2709074.61567077 7.127226 0.203768484623037
2709408.61566448 7.128228 0.202898704063127
2709742.61565819 7.12923 0.208200105269788
2710076.6156519 7.130232 0.208347724146032
2710410.61564562 7.131234 0.204860404522558
2710744.61563933 7.132236 0.201682779423416
2711078.61563304 7.133238 0.197005875727085
2711412.61562676 7.13424 0.190774122858967
2711746.61562047 7.135242 0.19355540541083
2712080.61561418 7.136244 0.18929311730756
2712414.61560789 7.137246 0.18820734063508
2712748.61560161 7.138248 0.191317201380304
2713082.61559532 7.13925 0.180977170697337
2713416.61558903 7.140252 0.186013082719301
2713750.61558275 7.141254 0.185607447187165
2714084.61557646 7.142256 0.178282587257722
2714418.61557017 7.143258 0.181125705428794
2714752.61556388 7.14426 0.188918210685976
2715086.6155576 7.145262 0.182057410024299
2715420.61555131 7.146264 0.186666792167359
2715754.61554502 7.147266 0.185467298738988
2716088.61553873 7.148268 0.187018666197189
2716422.61553245 7.14927 0.182321367877571
2716756.61552616 7.150272 0.187477232404601
2717090.61551987 7.151274 0.184777777009093
2717424.61551359 7.152276 0.187111001364045
2717758.6155073 7.153278 0.183721865890091
2718092.61550101 7.15428 0.185734158861198
2718426.61549472 7.155282 0.190489640762783
2718760.61548844 7.156284 0.189702409870468
2719094.61548215 7.157286 0.190084121026865
2719428.61547586 7.158288 0.193781606330761
2719762.61546957 7.15929 0.189648123768193
2720096.61546329 7.160292 0.188348244574176
2720430.615457 7.161294 0.188914412768805
2720764.61545071 7.162296 0.186104776617307
2721098.61544443 7.163298 0.193512552404715
2721432.61543814 7.1643 0.192501616032766
2721766.61543185 7.165302 0.192681358702044
2722100.61542556 7.166304 0.193205426287231
2722434.61541928 7.167306 0.194748995730098
2722768.61541299 7.168308 0.194309534680858
2723102.6154067 7.16931 0.19464706529141
2723436.61540041 7.170312 0.192778358195055
2723770.61539413 7.171314 0.191268422299256
2724104.61538784 7.172316 0.192974877976311
2724438.61538155 7.173318 0.191136561461652
2724772.61537527 7.17432 0.195058582287553
2725106.61536898 7.175322 0.195868095919985
2725440.61536269 7.176324 0.192155216371527
2725774.6153564 7.177326 0.195980655423174
2726108.61535012 7.178328 0.194324681931
2726442.61534383 7.17933 0.191273564077193
2726776.61533754 7.180332 0.197761477584744
2727110.61533125 7.181334 0.197346919718929
2727444.61532497 7.182336 0.191855177308031
2727778.61531868 7.183338 0.198522773601256
2728112.61531239 7.18434 0.199721764070227
2728446.61530611 7.185342 0.202970489735218
2728780.61529982 7.186344 0.200795200634853
2729114.61529353 7.187346 0.197204039261236
2729448.61528724 7.188348 0.20385599567675
2729782.61528096 7.18935 0.193535614997036
2730116.61527467 7.190352 0.200351630881389
2730450.61526838 7.191354 0.197397349163281
2730784.61526209 7.192356 0.200455376621256
2731118.61525581 7.193358 0.203688448700734
2731452.61524952 7.19436 0.20702292425407
2731786.61524323 7.195362 0.201178694623874
2732120.61523695 7.196364 0.201526729417536
2732454.61523066 7.197366 0.202137807739048
2732788.61522437 7.198368 0.203616485750785
2733122.61521808 7.19937 0.200539014485885
2733456.6152118 7.200372 0.204968377030527
2733790.61520551 7.201374 0.205482170315458
2734124.61519922 7.202376 0.202568528918204
2734458.61519293 7.203378 0.205976467731862
2734792.61518665 7.20438 0.203432228946302
2735126.61518036 7.205382 0.206788283087772
2735460.61517407 7.206384 0.204117893754448
2735794.61516779 7.207386 0.205983406607744
2736128.6151615 7.208388 0.203829601216451
2736462.61515521 7.20939 0.205087981381823
2736796.61514892 7.210392 0.204427989418762
2737130.61514264 7.211394 0.206412559218345
2737464.61513635 7.212396 0.208269721900563
2737798.61513006 7.213398 0.205641949703244
2738132.61512378 7.2144 0.211722083007702
2738466.61511749 7.215402 0.211842087049424
2738800.6151112 7.216404 0.209702134480513
2739134.61510491 7.217406 0.207890640810891
2739468.61509863 7.218408 0.207609278864056
2739802.61509234 7.21941 0.208175502959637
2740136.61508605 7.220412 0.213164625190696
2740470.61507976 7.221414 0.211354398062393
2740804.61507348 7.222416 0.214155695790426
2741138.61506719 7.223418 0.21627416246942
2741472.6150609 7.22442 0.216005091662957
2741806.61505462 7.225422 0.211014507647837
2742140.61504833 7.226424 0.220510856818878
2742474.61504204 7.227426 0.215536103616662
2742808.61503575 7.228428 0.208682056492547
2743142.61502947 7.22943 0.213761544314101
2743476.61502318 7.230432 0.204838761571247
2743810.61501689 7.231434 0.199272564450378
2744144.6150106 7.232436 0.193575148971568
2744478.61500432 7.233438 0.195747385948957
2744812.61499803 7.23444 0.191043972437393
2745146.61499174 7.235442 0.18797338398342
2745480.61498546 7.236444 0.189214291354829
2745814.61497917 7.237446 0.189579099461321
2746148.61497288 7.238448 0.189512173906571
2746482.61496659 7.23945 0.188820610475208
2746816.61496031 7.240452 0.184898218787594
2747150.61495402 7.241454 0.186234943052817
2747484.61494773 7.242456 0.183944807968614
2747818.61494145 7.243458 0.185354629167715
2748152.61493516 7.24446 0.191512787077947
2748486.61492887 7.245462 0.175818288746124
2748820.61492258 7.246464 0.171111553623027
2749154.6149163 7.247466 0.171864586955575
2749488.61491001 7.248468 0.165749505430029
2749822.61490372 7.24947 0.164922399074169
2750156.61489743 7.250472 0.161003330026445
2750490.61489115 7.251474 0.16015506703188
2750824.61488486 7.252476 0.156481752173896
2751158.61487857 7.253478 0.157310760746362
2751492.61487229 7.25448 0.159293444525826
2751826.614866 7.255482 0.15294196045563
2752160.61485971 7.256484 0.152282576573319
2752494.61485342 7.257486 0.148000303504477
2752828.61484714 7.258488 0.152829330272309
2753162.61484085 7.25949 0.152424487406701
2753496.61483456 7.260492 0.150219307667012
2753830.61482827 7.261494 0.150287975321829
2754164.61482199 7.262496 0.158681343198573
2754498.6148157 7.263498 0.148639839167836
2754832.61480941 7.2645 0.158621050294447
2755166.61480313 7.265502 0.152082978251972
2755500.61479684 7.266504 0.150227454672957
2755834.61479055 7.267506 0.153495036641202
2756168.61478426 7.268508 0.157568290431934
2756502.61477798 7.26951 0.155776738978559
2756836.61477169 7.270512 0.150961792252517
2757170.6147654 7.271514 0.154165359475197
2757504.61475912 7.272516 0.159599130145935
2757838.61475283 7.273518 0.157697693507181
2758172.61474654 7.27452 0.154271331580161
2758506.61474025 7.275522 0.16114010367877
2758840.61473397 7.276524 0.153222236228745
2759174.61472768 7.277526 0.160813401471487
2759508.61472139 7.278528 0.158418257545258
2759842.6147151 7.27953 0.156743178400134
2760176.61470882 7.280532 0.159032341294974
2760510.61470253 7.281534 0.162764696787276
2760844.61469624 7.282536 0.160650766247436
2761178.61468996 7.283538 0.162226140109822
2761512.61468367 7.28454 0.159707062542405
2761846.61467738 7.285542 0.160860449789689
2762180.61467109 7.286544 0.165914830437211
2762514.61466481 7.287546 0.166118589580134
2762848.61465852 7.288548 0.162873129351689
2763182.61465223 7.28955 0.161276172743299
2763516.61464594 7.290552 0.156437873468796
2763850.61463966 7.291554 0.152731171857676
2764184.61463337 7.292556 0.153015980331522
2764518.61462708 7.293558 0.151855429353342
2764852.6146208 7.29456 0.153176128842268
2765186.61461451 7.295562 0.151598836646245
2765520.61460822 7.296564 0.152969880900076
2765854.61460193 7.297566 0.154444431610729
2766188.61459565 7.298568 0.153027706930231
2766522.61458936 7.29957 0.154264878263051
2766856.61458307 7.300572 0.153267912580706
2767190.61457678 7.301574 0.15295988069071
2767524.6145705 7.302576 0.153375794663253
2767858.61456421 7.303578 0.153598204639143
2768192.61455792 7.30458 0.1552872265064
2768526.61455164 7.305582 0.151678494215998
2768860.61454535 7.306584 0.155981430266754
2769194.61453906 7.307586 0.157662166467568
2769528.61453277 7.308588 0.156109356475296
2769862.61452649 7.30959 0.158054765035454
2770196.6145202 7.310592 0.158019809990021
2770530.61451391 7.311594 0.159956827640798
2770864.61450763 7.312596 0.157700795945316
2771198.61450134 7.313598 0.158598535367604
2771532.61449505 7.3146 0.16011625011802
2771866.61448876 7.315602 0.157663817358558
2772200.61448248 7.316604 0.161921410537951
2772534.61447619 7.317606 0.162048864935767
2772868.6144699 7.318608 0.158902639495949
2773202.61446361 7.31961 0.154399229269007
2773536.61445733 7.320612 0.156616898345318
2773870.61445104 7.321614 0.159750597184356
2774204.61444475 7.322616 0.160920096458318
2774538.61443846 7.323618 0.15749117054352
2774872.61443218 7.32462 0.160748450940032
2775206.61442589 7.325622 0.159656104182535
2775540.6144196 7.326624 0.15831932149301
2775874.61441332 7.327626 0.163850276574893
2776208.61440703 7.328628 0.165663920802688
2776542.61440074 7.32963 0.162868890403149
2776876.61439445 7.330632 0.160974745822145
2777210.61438817 7.331634 0.163546226337702
2777544.61438188 7.332636 0.163195606638954
2777878.61437559 7.333638 0.16502039080421
2778212.61436931 7.33464 0.158939675985741
2778546.61436302 7.335642 0.165896368249101
2778880.61435673 7.336644 0.161913932692456
2779214.61435044 7.337646 0.162452912852165
2779548.61434416 7.338648 0.163380275681949
2779882.61433787 7.33965 0.167190618540901
2780216.61433158 7.340652 0.169073807140731
2780550.61432529 7.341654 0.164789386394587
2780884.61431901 7.342656 0.169046721501411
2781218.61431272 7.343658 0.16814931875961
2781552.61430643 7.34466 0.169779042090367
2781886.61430015 7.345662 0.168378592576552
2782220.61429386 7.346664 0.171010177214757
2782554.61428757 7.347666 0.168000149654467
2782888.61428128 7.348668 0.171997477742313
2783222.614275 7.34967 0.169810086414268
2783556.61426871 7.350672 0.173648547101734
2783890.61426242 7.351674 0.169920722956423
2784224.61425614 7.352676 0.171294095076942
2784558.61424985 7.353678 0.169949574169849
2784892.61424356 7.35468 0.169527759994552
2785226.61423727 7.355682 0.17242001902108
2785560.61423099 7.356684 0.170388431779538
2785894.6142247 7.357686 0.178834335637581
2786228.61421841 7.358688 0.175199048173714
2786562.61421212 7.35969 0.170839734962774
2786896.61420584 7.360692 0.17086906725569
2787230.61419955 7.361694 0.174445281405805
2787564.61419326 7.362696 0.176188419625625
2787898.61418698 7.363698 0.177997157986712
2788232.61418069 7.3647 0.179443256793722
2788566.6141744 7.365702 0.17803940376077
2788900.61416811 7.366704 0.172495186667353
2789234.61416183 7.367706 0.176902252649187
2789568.61415554 7.368708 0.176580516442634
2789902.61414925 7.36971 0.174833819030658
2790236.61414296 7.370712 0.177781285969209
2790570.61413668 7.371714 0.174771064929342
2790904.61413039 7.372716 0.177927165254421
2791238.6141241 7.373718 0.180396602952968
2791572.61411782 7.37472 0.178024027259111
2791906.61411153 7.375722 0.181463945614775
2792240.61410524 7.376724 0.177857562413551
2792574.61409895 7.377726 0.181230650707285
2792908.61409267 7.378728 0.183266662992896
2793242.61408638 7.37973 0.180501536774691
2793576.61408009 7.380732 0.178269370889626
2793910.6140738 7.381734 0.187553612966648
2794244.61406752 7.382736 0.187152144191193
2794578.61406123 7.383738 0.182119239586111
2794912.61405494 7.38474 0.185299913728188
2795246.61404866 7.385742 0.18318281697471
2795580.61404237 7.386744 0.179730997933118
2795914.61403608 7.387746 0.179919397014641
2796248.61402979 7.388748 0.188989446008653
2796582.61402351 7.38975 0.1877436847549
2796916.61401722 7.390752 0.187054564702613
2797250.61401093 7.391754 0.191925962500517
2797584.61400465 7.392756 0.182613223109702
2797918.61399836 7.393758 0.175817450929633
2798252.61399207 7.39476 0.171977986354145
2798586.61398578 7.395762 0.168508576787593
2798920.6139795 7.396764 0.162707241548762
2799254.61397321 7.397766 0.161638708730324
2799588.61396692 7.398768 0.16110719111854
2799922.61396063 7.39977 0.157663412485837
2800256.61395435 7.400772 0.153874109964635
2800590.61394806 7.401774 0.152545608979039
2800924.61394177 7.402776 0.155689307530491
2801258.61393549 7.403778 0.154351067229777
2801592.6139292 7.40478 0.154144755276939
2801926.61392291 7.405782 0.155566580806467
2802260.61391662 7.406784 0.151340081465821
2802594.61391034 7.407786 0.154542861612461
2802928.61390405 7.408788 0.154995616370315
2803262.61389776 7.40979 0.152627296694626
2803596.61389147 7.410792 0.154291777992264
2803930.61388519 7.411794 0.153300110294743
2804264.6138789 7.412796 0.160528157909594
2804598.61387261 7.413798 0.155457876702011
2804932.61386633 7.4148 0.153149661756377
2805266.61386004 7.415802 0.158396623076661
2805600.61385375 7.416804 0.155923215965301
2805934.61384746 7.417806 0.158003741774278
2806268.61384118 7.418808 0.162834304855117
2806602.61383489 7.41981 0.163833151013941
2806936.6138286 7.420812 0.160334837548163
2807270.61382231 7.421814 0.166174520451677
2807604.61381603 7.422816 0.162086140239582
2807938.61380974 7.423818 0.162096066188803
2808272.61380345 7.42482 0.163042523701283
2808606.61379717 7.425822 0.161761970298884
2808940.61379088 7.426824 0.158931957669692
2809274.61378459 7.427826 0.160294176001196
2809608.6137783 7.428828 0.16895761874068
2809942.61377202 7.42983 0.163792841882909
2810276.61376573 7.430832 0.164070250506429
2810610.61375944 7.431834 0.166630862448891
2810944.61375315 7.432836 0.167480080990753
2811278.61374687 7.433838 0.159895086748383
2811612.61374058 7.43484 0.167446177105793
2811946.61373429 7.435842 0.161454106551083
2812280.61372801 7.436844 0.166235663648006
2812614.61372172 7.437846 0.16558931296406
2812948.61371543 7.438848 0.162496798344594
2813282.61370914 7.43985 0.163563126033997
2813616.61370286 7.440852 0.168252731715318
2813950.61369657 7.441854 0.166725537331964
2814284.61369028 7.442856 0.167762436048395
2814618.613684 7.443858 0.169637862995473
2814952.61367771 7.44486 0.168801807530178
2815286.61367142 7.445862 0.166669289397142
2815620.61366513 7.446864 0.170619077011017
2815954.61365885 7.447866 0.172383334212031
2816288.61365256 7.448868 0.172579900177427
2816622.61364627 7.44987 0.17469796783396
2816956.61363998 7.450872 0.171218556065495
2817290.6136337 7.451874 0.174894016529832
2817624.61362741 7.452876 0.172459084801162
2817958.61362112 7.453878 0.168915546004037
2818292.61361484 7.45488 0.172118268368337
2818626.61360855 7.455882 0.173291203737209
2818960.61360226 7.456884 0.173799893883355
2819294.61359597 7.457886 0.17790123497789
2819628.61358969 7.458888 0.178372712134232
2819962.6135834 7.45989 0.173737085190245
2820296.61357711 7.460892 0.173794254532419
2820630.61357083 7.461894 0.17980198668131
2820964.61356454 7.462896 0.175774617547113
2821298.61355825 7.463898 0.179633894698524
2821632.61355196 7.4649 0.178213474201342
2821966.61354568 7.465902 0.179912739379026
2822300.61353939 7.466904 0.176442495782644
2822634.6135331 7.467906 0.171670924823789
2822968.61352681 7.468908 0.17218599144581
2823302.61352053 7.46991 0.175697387784633
2823636.61351424 7.470912 0.181964248284208
2823970.61350795 7.471914 0.179085749695874
2824304.61350166 7.472916 0.17860580019238
2824638.61349538 7.473918 0.178503281871156
2824972.61348909 7.47492 0.182083785579383
2825306.6134828 7.475922 0.182828652981786
2825640.61347652 7.476924 0.184130831804304
2825974.61347023 7.477926 0.181779961469387
2826308.61346394 7.478928 0.176975896628864
2826642.61345765 7.47993 0.182565982746912
2826976.61345137 7.480932 0.180785369925996
2827310.61344508 7.481934 0.187119272321642
2827644.61343879 7.482936 0.184615910190505
2827978.6134325 7.483938 0.184702443654453
2828312.61342622 7.48494 0.183548079774504
2828646.61341993 7.485942 0.184457870140217
2828980.61341364 7.486944 0.185764485396517
2829314.61340736 7.487946 0.183317896707783
2829648.61340107 7.488948 0.187531846268558
2829982.61339478 7.48995 0.185417497472266
2830316.61338849 7.490952 0.187793360702726
2830650.61338221 7.491954 0.190036319621675
2830984.61337592 7.492956 0.188258543504115
2831318.61336963 7.493958 0.188410183579284
2831652.61336335 7.49496 0.187323195382322
2831986.61335706 7.495962 0.190205479859307
2832320.61335077 7.496964 0.189800048457304
2832654.61334448 7.497966 0.189558580875557
2832988.6133382 7.498968 0.186717894218173
2833322.61333191 7.49997 0.185602336996719
2833656.61332562 7.500972 0.180206617331243
2833990.61331933 7.501974 0.176725268911995
2834324.61331305 7.502976 0.170936731896597
2834658.61330676 7.503978 0.169044825001774
2834992.61330047 7.50498 0.167388049937448
2835326.61329419 7.505982 0.159646729298309
2835660.6132879 7.506984 0.168216756473124
2835994.61328161 7.507986 0.16125064663286
2836328.61327532 7.508988 0.168205915526291
2836662.61326904 7.50999 0.164155494499812
2836996.61326275 7.510992 0.163445476147953
2837330.61325646 7.511994 0.16290079525338
2837664.61325018 7.512996 0.163862371403005
2837998.61324389 7.513998 0.16260593094631
2838332.6132376 7.515 0.166836178150581
2838666.61323131 7.516002 0.168188379956755
2839000.61322503 7.517004 0.164133658652924
2839334.61321874 7.518006 0.161223221796129
2839668.61321245 7.519008 0.162581525002543
2840002.61320616 7.52001 0.166473506641594
2840336.61319988 7.521012 0.166855857010566
2840670.61319359 7.522014 0.16332582814333
2841004.6131873 7.523016 0.16552813748327
2841338.61318102 7.524018 0.163877710114096
2841672.61317473 7.52502 0.170994823107221
2842006.61316844 7.526022 0.168458830637178
2842340.61316215 7.527024 0.169214724188192
2842674.61315587 7.528026 0.169827445084175
2843008.61314958 7.529028 0.165077260720488
2843342.61314329 7.53003 0.171392102859681
2843676.613137 7.531032 0.168266241532383
2844010.61313072 7.532034 0.166280106003658
2844344.61312443 7.533036 0.166187136912626
2844678.61311814 7.534038 0.166405256160854
2845012.61311185 7.53504 0.17120944571903
2845346.61310557 7.536042 0.174505714476493
2845680.61309928 7.537044 0.17067396770902
2846014.61309299 7.538046 0.171129790415257
2846348.61308671 7.539048 0.172757895251233
2846682.61308042 7.54005 0.170487258821665
2847016.61307413 7.541052 0.169608277090225
2847350.61306784 7.542054 0.170632838164713
2847684.61306156 7.543056 0.169966973051397
2848018.61305527 7.544058 0.170451644273064
2848352.61304898 7.54506 0.170219973695202
2848686.6130427 7.546062 0.169670153380108
2849020.61303641 7.547064 0.171584778765067
2849354.61303012 7.548066 0.165317934832802
2849688.61302383 7.549068 0.163244242206758
2850022.61301755 7.55007 0.16101872497318
2850356.61301126 7.551072 0.152629567551087
2850690.61300497 7.552074 0.150657012148103
2851024.61299868 7.553076 0.154251730508866
2851358.6129924 7.554078 0.152102775543822
2851692.61298611 7.55508 0.14925493966377
2852026.61297982 7.556082 0.15006900476634
2852360.61297354 7.557084 0.149811495039765
2852694.61296725 7.558086 0.152069425091349
2853028.61296096 7.559088 0.152200346292551
2853362.61295467 7.56009 0.144609026705681
2853696.61294839 7.561092 0.152285432607767
2854030.6129421 7.562094 0.152179097041147
2854364.61293581 7.563096 0.14851839818804
2854698.61292953 7.564098 0.149131407119408
2855032.61292324 7.5651 0.147212391910073
2855366.61291695 7.566102 0.150455039308436
2855700.61291066 7.567104 0.148054196579169
2856034.61290438 7.568106 0.151894739405777
2856368.61289809 7.569108 0.154538940644614
2856702.6128918 7.57011 0.152603808236963
2857036.61288551 7.571112 0.153908739929885
2857370.61287923 7.572114 0.154022654121983
2857704.61287294 7.573116 0.156104274245434
2858038.61286665 7.574118 0.155243875380574
2858372.61286036 7.57512 0.155406063567976
2858706.61285408 7.576122 0.153065215685455
2859040.61284779 7.577124 0.153821486358533
2859374.6128415 7.578126 0.151663020759387
2859708.61283522 7.579128 0.157924051888968
2860042.61282893 7.58013 0.153168057563641
2860376.61282264 7.581132 0.15680419556846
2860710.61281635 7.582134 0.147862672839312
2861044.61281007 7.583136 0.14818277086808
2861378.61280378 7.584138 0.138529065855767
2861712.61279749 7.58514 0.136512866593555
2862046.61279121 7.586142 0.131469095791037
2862380.61278492 7.587144 0.128722043758042
2862714.61277863 7.588146 0.130156511931135
2863048.61277234 7.589148 0.132359424868591
2863382.61276606 7.59015 0.128842630382724
2863716.61275977 7.591152 0.124319615072138
2864050.61275348 7.592154 0.119741474344563
2864384.61274719 7.593156 0.115026006622402
2864718.61274091 7.594158 0.114516093436624
2865052.61273462 7.59516 0.110085513200444
2865386.61272833 7.596162 0.111840285903406
2865720.61272205 7.597164 0.114876894477452
2866054.61271576 7.598166 0.106998549105303
2866388.61270947 7.599168 0.108060508248289
2866722.61270318 7.60017 0.106864681445386
2867056.6126969 7.601172 0.105855261427188
2867390.61269061 7.602174 0.107688900353757
2867724.61268432 7.603176 0.106848163437926
2868058.61267804 7.604178 0.101849930572361
2868392.61267175 7.60518 0.107794579400577
2868726.61266546 7.606182 0.106014870709407
2869060.61265917 7.607184 0.105256064466914
2869394.61265289 7.608186 0.105061222056119
2869728.6126466 7.609188 0.10837258037063
2870062.61264031 7.61019 0.101924205585877
2870396.61263402 7.611192 0.106054370746288
2870730.61262774 7.612194 0.104997796117285
2871064.61262145 7.613196 0.109981490364865
2871398.61261516 7.614198 0.103302390918129
2871732.61260888 7.6152 0.107377039965507
2872066.61260259 7.616202 0.106834235648828
2872400.6125963 7.617204 0.107519711740559
2872734.61259001 7.618206 0.105410775180885
2873068.61258373 7.619208 0.109054770431409
2873402.61257744 7.62021 0.107135166998148
2873736.61257115 7.621212 0.108656151897451
2874070.61256487 7.622214 0.108745272166819
2874404.61255858 7.623216 0.109929290293743
2874738.61255229 7.624218 0.11159063301001
2875072.612546 7.62522 0.108865992856483
2875406.61253972 7.626222 0.109558079160507
2875740.61253343 7.627224 0.111239654993174
2876074.61252714 7.628226 0.111503419643327
2876408.61252085 7.629228 0.113164604155826
2876742.61251457 7.63023 0.114397458748047
2877076.61250828 7.631232 0.107703051910766
2877410.61250199 7.632234 0.11546452607412
2877744.6124957 7.633236 0.113890775091396
2878078.61248942 7.634238 0.111556851946195
2878412.61248313 7.63524 0.111861604734242
2878746.61247684 7.636242 0.113086217625347
2879080.61247056 7.637244 0.11483358613183
2879414.61246427 7.638246 0.106440592778382
2879748.61245798 7.639248 0.10877212004079
2880082.61245169 7.64025 0.113114266118598
2880416.61244541 7.641252 0.119175821169863
2880750.61243912 7.642254 0.118204927944521
2881084.61243283 7.643256 0.110628155547807
2881418.61242655 7.644258 0.116900788993375
2881752.61242026 7.64526 0.114107460226992
2882086.61241397 7.646262 0.113166307526296
2882420.61240768 7.647264 0.117599902781512
2882754.6124014 7.648266 0.113987377519737
2883088.61239511 7.649268 0.113567508729123
2883422.61238882 7.65027 0.113319201283042
2883756.61238253 7.651272 0.114191274798651
2884090.61237625 7.652274 0.119388984161615
2884424.61236996 7.653276 0.11542195977924
2884758.61236367 7.654278 0.116004550722422
2885092.61235739 7.65528 0.111732532251488
2885426.6123511 7.656282 0.114540713042129
2885760.61234481 7.657284 0.117237729006717
2886094.61233852 7.658286 0.113347858007315
2886428.61233224 7.659288 0.117572013923628
2886762.61232595 7.66029 0.115754248764469
2887096.61231966 7.661292 0.115151922535191
2887430.61231337 7.662294 0.117216289643233
2887764.61230709 7.663296 0.120305940440258
2888098.6123008 7.664298 0.118293466254823
2888432.61229451 7.6653 0.11430621571042
2888766.61228823 7.666302 0.117186958588809
2889100.61228194 7.667304 0.117827962397971
2889434.61227565 7.668306 0.116357794401072
2889768.61226936 7.669308 0.118404107355793
2890102.61226308 7.67031 0.118399346603784
2890436.61225679 7.671312 0.119442418344706
2890770.6122505 7.672314 0.119231010075162
2891104.61224422 7.673316 0.119368477324685
2891438.61223793 7.674318 0.122411197027544
2891772.61223164 7.67532 0.11706999615521
2892106.61222535 7.676322 0.122008559435556
2892440.61221907 7.677324 0.120020101315174
2892774.61221278 7.678326 0.120515629218663
2893108.61220649 7.679328 0.120131240796316
2893442.6122002 7.68033 0.12203931844062
2893776.61219392 7.681332 0.122291513923073
2894110.61218763 7.682334 0.123823104724014
2894444.61218134 7.683336 0.122308176679638
2894778.61217505 7.684338 0.122493920114889
2895112.61216877 7.68534 0.123066811030241
2895446.61216248 7.686342 0.124260729142661
2895780.61215619 7.687344 0.126000292119455
2896114.61214991 7.688346 0.122782150785163
2896448.61214362 7.689348 0.12689081858363
2896782.61213733 7.69035 0.125580639359712
2897116.61213104 7.691352 0.124288183903718
2897450.61212476 7.692354 0.122505417953514
2897784.61211847 7.693356 0.125686123656329
2898118.61211218 7.694358 0.12547676998286
2898452.6121059 7.69536 0.127367375731875
2898786.61209961 7.696362 0.125524361209848
2899120.61209332 7.697364 0.12052392648262
2899454.61208703 7.698366 0.122822819142541
2899788.61208075 7.699368 0.128316666418803
2900122.61207446 7.70037 0.126515481075318
2900456.61206817 7.701372 0.131393175342931
2900790.61206188 7.702374 0.127488186959777
2901124.6120556 7.703376 0.128141608411754
2901458.61204931 7.704378 0.129361324867679
2901792.61204302 7.70538 0.125353364682094
2902126.61203674 7.706382 0.125184398773912
2902460.61203045 7.707384 0.126741121743232
2902794.61202416 7.708386 0.127650055823132
2903128.61201787 7.709388 0.124645624345885
2903462.61201159 7.71039 0.128590393324525
2903796.6120053 7.711392 0.129973647931326
2904130.61199901 7.712394 0.129093106881318
2904464.61199273 7.713396 0.126913075322498
2904798.61198644 7.714398 0.131528524024981
2905132.61198015 7.7154 0.132507270474118
2905466.61197386 7.716402 0.132480503716646
2905800.61196758 7.717404 0.133518884076271
2906134.61196129 7.718406 0.129498591170632
2906468.611955 7.719408 0.132372462224407
2906802.61194871 7.72041 0.129480124368967
2907136.61194243 7.721412 0.128123112549256
2907470.61193614 7.722414 0.134981730095548
2907804.61192985 7.723416 0.132861705174392
2908138.61192356 7.724418 0.129633303238837
2908472.61191728 7.72542 0.135709571617785
2908806.61191099 7.726422 0.129836146909325
2909140.6119047 7.727424 0.13034695494551
2909474.61189842 7.728426 0.134593151938358
2909808.61189213 7.729428 0.131508260875867
2910142.61188584 7.73043 0.132070478267147
2910476.61187955 7.731432 0.136148016474816
2910810.61187327 7.732434 0.134894987834399
2911144.61186698 7.733436 0.132832426489376
2911478.61186069 7.734438 0.136684146956642
2911812.61185441 7.73544 0.136955860459739
2912146.61184812 7.736442 0.135672397947872
2912480.61184183 7.737444 0.137842648026132
2912814.61183554 7.738446 0.134179306993777
2913148.61182926 7.739448 0.136949866349332
2913482.61182297 7.74045 0.13676142266078
2913816.61181668 7.741452 0.135604430232792
2914150.61181039 7.742454 0.137426054938965
2914484.61180411 7.743456 0.138497930376939
2914818.61179782 7.744458 0.139387426435839
2915152.61179153 7.74546 0.138750109483769
2915486.61178525 7.746462 0.136391498191125
2915820.61177896 7.747464 0.134125122823932
2916154.61177267 7.748466 0.136260514603896
2916488.61176638 7.749468 0.135913505817739
2916822.6117601 7.75047 0.140568336864413
2917156.61175381 7.751472 0.136055049689138
2917490.61174752 7.752474 0.141224115305115
2917824.61174124 7.753476 0.13740025832676
2918158.61173495 7.754478 0.138769510439336
2918492.61172866 7.75548 0.141276974436366
2918826.61172237 7.756482 0.140436210735635
2919160.61171609 7.757484 0.14185812614228
2919494.6117098 7.758486 0.142348905437652
2919828.61170351 7.759488 0.14077479409392
2920162.61169722 7.76049 0.134899253323831
2920496.61169094 7.761492 0.141011870030854
2920830.61168465 7.762494 0.142086006368307
2921164.61167836 7.763496 0.146557266510855
2921498.61167208 7.764498 0.144707353169619
2921832.61166579 7.7655 0.146486261162463
2922166.6116595 7.766502 0.146241844467085
2922500.61165321 7.767504 0.144939534713467
2922834.61164693 7.768506 0.143718627101859
2923168.61164064 7.769508 0.140180931760835
2923502.61163435 7.77051 0.144713215352727
2923836.61162806 7.771512 0.143762522319364
2924170.61162178 7.772514 0.147992875039462
2924504.61161549 7.773516 0.146511977536237
2924838.6116092 7.774518 0.146158960539852
2925172.61160292 7.77552 0.148152199622276
2925506.61159663 7.776522 0.146475637339751
2925840.61159034 7.777524 0.145015366881047
2926174.61158405 7.778526 0.142927451099661
2926508.61157777 7.779528 0.146259552789907
2926842.61157148 7.78053 0.141550307634539
2927176.61156519 7.781532 0.148030736065968
2927510.61155891 7.782534 0.144849644144393
2927844.61155262 7.783536 0.151125608106466
2928178.61154633 7.784538 0.150386973963127
2928512.61154004 7.78554 0.150312393944979
2928846.61153376 7.786542 0.147438680605536
2929180.61152747 7.787544 0.14650504084755
2929514.61152118 7.788546 0.148934223375147
2929848.61151489 7.789548 0.149588897640804
2930182.61150861 7.79055 0.151613066325457
2930516.61150232 7.791552 0.15107863016498
2930850.61149603 7.792554 0.148625208852855
2931184.61148974 7.793556 0.150989453838205
2931518.61148346 7.794558 0.149221591796556
2931852.61147717 7.79556 0.148529693900639
2932186.61147088 7.796562 0.151815369090043
2932520.6114646 7.797564 0.149926323863561
2932854.61145831 7.798566 0.148611585401297
2933188.61145202 7.799568 0.150104210640857
2933522.61144573 7.80057 0.152801662566298
2933856.61143945 7.801572 0.156049947843718
2934190.61143316 7.802574 0.154917308528021
2934524.61142687 7.803576 0.143038212248083
2934858.61142058 7.804578 0.144225576530034
2935192.6114143 7.80558 0.137193118635667
2935526.61140801 7.806582 0.130561919332668
2935860.61140172 7.807584 0.131362882103447
2936194.61139544 7.808586 0.128103062914812
2936528.61138915 7.809588 0.126667059897416
2936862.61138286 7.81059 0.127266135871908
2937196.61137657 7.811592 0.122752670640029
2937530.61137029 7.812594 0.119937056379899
2937864.611364 7.813596 0.118662880792064
2938198.61135771 7.814598 0.118195113780547
2938532.61135143 7.8156 0.117921775217596
2938866.61134514 7.816602 0.115686055017479
2939200.61133885 7.817604 0.114256212453592
2939534.61133256 7.818606 0.117144549295573
2939868.61132628 7.819608 0.116596894044239
2940202.61131999 7.82061 0.116786291359079
2940536.6113137 7.821612 0.115099440722358
2940870.61130741 7.822614 0.112336080940326
2941204.61130113 7.823616 0.111704880867207
2941538.61129484 7.824618 0.113665878417033
2941872.61128855 7.82562 0.11278078230222
2942206.61128227 7.826622 0.11268689293963
2942540.61127598 7.827624 0.107985545656983
2942874.61126969 7.828626 0.104434307903937
2943208.6112634 7.829628 0.0988291270888967
2943542.61125712 7.83063 0.100929843210495
2943876.61125083 7.831632 0.0949832121801986
2944210.61124454 7.832634 0.0906562770733897
2944544.61123825 7.833636 0.0895200202764703
2944878.61123197 7.834638 0.0926555236607666
2945212.61122568 7.83564 0.086171809127769
2945546.61121939 7.836642 0.087786699672313
2945880.61121311 7.837644 0.0842273799775552
2946214.61120682 7.838646 0.0834863883118275
2946548.61120053 7.839648 0.0856472101132572
2946882.61119424 7.84065 0.084553804659262
2947216.61118796 7.841652 0.0855328523329793
2947550.61118167 7.842654 0.0829500775397495
2947884.61117538 7.843656 0.0776610759733123
2948218.61116909 7.844658 0.0841594317271181
2948552.61116281 7.84566 0.0827403582368905
2948886.61115652 7.846662 0.0831012713036265
2949220.61115023 7.847664 0.0837517309410813
2949554.61114395 7.848666 0.0792452060956123
2949888.61113766 7.849668 0.0851952802154495
2950222.61113137 7.85067 0.0754945344199555
2950556.61112508 7.851672 0.0822774852687583
2950890.6111188 7.852674 0.0818584750861883
2951224.61111251 7.853676 0.0755066999055622
2951558.61110622 7.854678 0.0845332225688615
2951892.61109994 7.85568 0.0802337618455591
2952226.61109365 7.856682 0.0808854335108291
2952560.61108736 7.857684 0.0803960640892626
2952894.61108107 7.858686 0.0847950899984244
2953228.61107479 7.859688 0.0817226451416644
2953562.6110685 7.86069 0.082364743860606
2953896.61106221 7.861692 0.0842198202377255
2954230.61105592 7.862694 0.0821702132747377
2954564.61104964 7.863696 0.0750761313543986
2954898.61104335 7.864698 0.078293776281582
2955232.61103706 7.8657 0.0805637651087734
2955566.61103077 7.866702 0.0780134235610629
2955900.61102449 7.867704 0.0823344505762307
2956234.6110182 7.868706 0.0848976521025878
2956568.61101191 7.869708 0.081421460530862
2956902.61100563 7.87071 0.0805410252055121
2957236.61099934 7.871712 0.0871023681258523
2957570.61099305 7.872714 0.0810728322618458
2957904.61098676 7.873716 0.0845869016707836
2958238.61098048 7.874718 0.0806819186979415
2958572.61097419 7.87572 0.0809288831266472
2958906.6109679 7.876722 0.085100631993545
2959240.61096162 7.877724 0.088838919535793
2959574.61095533 7.878726 0.0832228537013466
2959908.61094904 7.879728 0.0864818771289462
2960242.61094275 7.88073 0.0838535761791436
2960576.61093647 7.881732 0.0837003271419133
2960910.61093018 7.882734 0.0814927936445217
2961244.61092389 7.883736 0.0863936090487077
2961578.6109176 7.884738 0.084128331874204
2961912.61091132 7.88574 0.0838821946057222
2962246.61090503 7.886742 0.0881105501174647
2962580.61089874 7.887744 0.0852006309412115
2962914.61089246 7.888746 0.0822626144493282
2963248.61088617 7.889748 0.0857893828396169
2963582.61087988 7.89075 0.0864110943063549
2963916.61087359 7.891752 0.0842381153331885
2964250.61086731 7.892754 0.0859574695080877
2964584.61086102 7.893756 0.0892739297867573
2964918.61085473 7.894758 0.0874234870953684
2965252.61084844 7.89576 0.0900196028734376
2965586.61084216 7.896762 0.087594618145505
2965920.61083587 7.897764 0.0887999470475093
2966254.61082958 7.898766 0.0848721812985216
2966588.6108233 7.899768 0.0862540719831265
2966922.61081701 7.90077 0.0894667117921972
2967256.61081072 7.901772 0.0892666302846521
2967590.61080443 7.902774 0.0904998413810261
2967924.61079815 7.903776 0.0876852281083063
2968258.61079186 7.904778 0.0896231939115761
2968592.61078557 7.90578 0.0909582162368078
2968926.61077929 7.906782 0.0881267935181936
2969260.610773 7.907784 0.0920131535222369
2969594.61076671 7.908786 0.0938204188965714
2969928.61076042 7.909788 0.0895956093945286
2970262.61075414 7.91079 0.0904932754339389
2970596.61074785 7.911792 0.0897877450287657
2970930.61074156 7.912794 0.0895588178749259
2971264.61073527 7.913796 0.0908748090761559
2971598.61072899 7.914798 0.0908432194462526
2971932.6107227 7.9158 0.0879582792802124
2972266.61071641 7.916802 0.0891693211702187
2972600.61071013 7.917804 0.0907063969073916
2972934.61070384 7.918806 0.0908480681048351
2973268.61069755 7.919808 0.0911890177439831
2973602.61069126 7.92081 0.0866133770978272
2973936.61068498 7.921812 0.0863239428941603
2974270.61067869 7.922814 0.0896846101787669
2974604.6106724 7.923816 0.0881764284834774
2974938.61066612 7.924818 0.0941528004423677
2975272.61065983 7.92582 0.0920232362423846
2975606.61065354 7.926822 0.0878802346559479
2975940.61064725 7.927824 0.091101358330255
2976274.61064097 7.928826 0.09107955569456
2976608.61063468 7.929828 0.0948031963658
2976942.61062839 7.93083 0.0919469413073526
2977276.6106221 7.931832 0.0887681419873619
2977610.61061582 7.932834 0.093627112966026
2977944.61060953 7.933836 0.0945188875884802
2978278.61060324 7.934838 0.0955939814403075
2978612.61059696 7.93584 0.0924328650368775
2978946.61059067 7.936842 0.0943333212190493
2979280.61058438 7.937844 0.0946079662353704
2979614.61057809 7.938846 0.0883003553931202
2979948.61057181 7.939848 0.0917429967933846
2980282.61056552 7.94085 0.0918329018726578
2980616.61055923 7.941852 0.0942979244191408
2980950.61055295 7.942854 0.0957892842394829
2981284.61054666 7.943856 0.0916345630289507
2981618.61054037 7.944858 0.0958327375694521
2981952.61053408 7.94586 0.0948512028956223
2982286.6105278 7.946862 0.0987686303616097
2982620.61052151 7.947864 0.0959693591112697
2982954.61051522 7.948866 0.0939473566159316
2983288.61050893 7.949868 0.0929638078673414
2983622.61050265 7.95087 0.0954408331578625
2983956.61049636 7.951872 0.0978453190461611
2984290.61049007 7.952874 0.0957207026667625
2984624.61048378 7.953876 0.096568533912013
2984958.6104775 7.954878 0.0946832450109685
2985292.61047121 7.95588 0.096298312187244
2985626.61046492 7.956882 0.0940333723318166
2985960.61045864 7.957884 0.0989096328658454
2986294.61045235 7.958886 0.0990970305847587
2986628.61044606 7.959888 0.0966573223631412
2986962.61043977 7.96089 0.0976313168067124
2987296.61043349 7.961892 0.0960466298373329
2987630.6104272 7.962894 0.0990419879517653
2987964.61042091 7.963896 0.0991820721689423
2988298.61041463 7.964898 0.0971634213637914
2988632.61040834 7.9659 0.0988484797614902
2988966.61040205 7.966902 0.0990537639002506
2989300.61039576 7.967904 0.101320347010911
2989634.61038948 7.968906 0.100090762925166
2989968.61038319 7.969908 0.0985481223145853
2990302.6103769 7.97091 0.0990634278535187
2990636.61037061 7.971912 0.10366983269666
2990970.61036433 7.972914 0.0977943495832747
2991304.61035804 7.973916 0.099066193595416
2991638.61035175 7.974918 0.0961927747829034
2991972.61034547 7.97592 0.099993803784235
2992306.61033918 7.976922 0.101265790849142
2992640.61033289 7.977924 0.10280370391877
2992974.6103266 7.978926 0.108021985249784
2993308.61032032 7.979928 0.103277015113018
2993642.61031403 7.98093 0.101506647333476
2993976.61030774 7.981932 0.101569045769287
2994310.61030145 7.982934 0.0977329799801379
2994644.61029517 7.983936 0.0998344757050917
2994978.61028888 7.984938 0.106812859145828
2995312.61028259 7.98594 0.10039544145013
2995646.61027631 7.986942 0.103822286136674
2995980.61027002 7.987944 0.104120678123616
2996314.61026373 7.988946 0.100691959087162
2996648.61025744 7.989948 0.102570047086611
2996982.61025116 7.99095 0.102556476177487
2997316.61024487 7.991952 0.10197503661381
2997650.61023858 7.992954 0.105921570908809
2997984.61023229 7.993956 0.100662875836653
2998318.61022601 7.994958 0.10534875228039
2998652.61021972 7.99596 0.103490999052084
2998986.61021343 7.996962 0.10479151118864
2999320.61020715 7.997964 0.100878837189728
2999654.61020086 7.998966 0.104468181665937
2999988.61019457 7.999968 0.102193655837056
3000322.61018828 8.00097 0.106630498461219
3000656.610182 8.001972 0.108175780824286
3000990.61017571 8.002974 0.102624361851346
3001324.61016942 8.003976 0.107136649225401
3001658.61016313 8.004978 0.103565285137265
3001992.61015685 8.00598 0.111365556673603
3002326.61015056 8.006982 0.105814619216149
3002660.61014427 8.007984 0.109226043512079
3002994.61013799 8.008986 0.111729976750856
3003328.6101317 8.009988 0.105846877047247
3003662.61012541 8.01099 0.104060155585852
3003996.61011912 8.011992 0.107267995685901
3004330.61011284 8.012994 0.105821859509468
3004664.61010655 8.013996 0.108907397820001
3004998.61010026 8.014998 0.107522065636229
3005332.61009398 8.016 0.105050389056254
3005666.61008769 8.017002 0.106601485828889
3006000.6100814 8.018004 0.104039919134981
3006334.61007511 8.019006 0.113402148934433
3006668.61006883 8.020008 0.107969358643821
3007002.61006254 8.02101 0.103803148939704
3007336.61005625 8.022012 0.101100903899517
3007670.61004996 8.023014 0.0951378370444698
3008004.61004368 8.024016 0.094875448873162
3008338.61003739 8.025018 0.0920169027269207
3008672.6100311 8.02602 0.0848835993783762
3009006.61002481 8.027022 0.0821888210930558
3009340.61001853 8.028024 0.0754760869290827
3009674.61001224 8.029026 0.0687027037486106
3010008.61000595 8.030028 0.06500259520504
3010342.60999967 8.03103 0.0602157872190215
3010676.60999338 8.032032 0.0598528898443507
3011010.60998709 8.033034 0.0550625566974411
3011344.6099808 8.034036 0.0542036262027735
3011678.60997452 8.035038 0.0555912937900369
3012012.60996823 8.03604 0.0541497649121624
3012346.60996194 8.037042 0.0564668691597461
3012680.60995566 8.038044 0.0548920414948984
3013014.60994937 8.039046 0.0540713296451815
3013348.60994308 8.040048 0.0457418326366701
3013682.60993679 8.04105 0.050062493105321
3014016.60993051 8.042052 0.0524295967586228
3014350.60992422 8.043054 0.0513190307560807
3014684.60991793 8.044056 0.0533455374940183
3015018.60991164 8.045058 0.0545460061163372
3015352.60990536 8.04606 0.0524875227287442
3015686.60989907 8.047062 0.0482266744872002
3016020.60989278 8.048064 0.0518552547677654
3016354.6098865 8.049066 0.0492337434358313
3016688.60988021 8.050068 0.0521004494718287
3017022.60987392 8.05107 0.0527358148972087
3017356.60986763 8.052072 0.0539705171243537
3017690.60986135 8.053074 0.0546565015025951
3018024.60985506 8.054076 0.0521298719961186
3018358.60984877 8.055078 0.0536139142661004
3018692.60984249 8.05608 0.0560006461185165
3019026.6098362 8.057082 0.0537192389176498
3019360.60982991 8.058084 0.0549162531728825
3019694.60982362 8.059086 0.0538191257837789
3020028.60981734 8.060088 0.0537688717724169
3020362.60981105 8.06109 0.0559819949556893
3020696.60980476 8.062092 0.0550857587695738
3021030.60979847 8.063094 0.0512546371459951
3021364.60979219 8.064096 0.05342766121559
3021698.6097859 8.065098 0.0505891058225815
3022032.60977961 8.0661 0.0548409856155949
3022366.60977333 8.067102 0.0520817617292005
3022700.60976704 8.068104 0.0572325811866093
3023034.60976075 8.069106 0.0563598343080739
3023368.60975446 8.070108 0.0498138363201528
3023702.60974818 8.07111 0.0484187693161757
3024036.60974189 8.072112 0.0579460815364542
3024370.6097356 8.073114 0.0544981209748517
3024704.60972932 8.074116 0.0542475060517294
3025038.60972303 8.075118 0.0529038128353814
3025372.60971674 8.07612 0.0566655826659447
3025706.60971045 8.077122 0.0515943834292187
3026040.60970417 8.078124 0.0514468832561314
3026374.60969788 8.079126 0.0505116816970433
3026708.60969159 8.080128 0.0572605393447249
3027042.6096853 8.08113 0.0552013167361273
3027376.60967902 8.082132 0.0518648242693829
3027710.60967273 8.083134 0.057075813817079
3028044.60966644 8.084136 0.0546827893304601
3028378.60966016 8.085138 0.0558480114419457
3028712.60965387 8.08614 0.0527799905818146
3029046.60964758 8.087142 0.053905777817991
3029380.60964129 8.088144 0.0563461027538149
3029714.60963501 8.089146 0.0527388740492455
3030048.60962872 8.090148 0.0567412191793265
3030382.60962243 8.09115 0.0552866115593696
3030716.60961614 8.092152 0.0545036143373138
3031050.60960986 8.093154 0.0531550370431696
3031384.60960357 8.094156 0.0522343409582975
3031718.60959728 8.095158 0.0563004303874971
3032052.60959099 8.09616 0.056873243427131
3032386.60958471 8.097162 0.0597741094849722
3032720.60957842 8.098164 0.0548123689296267
3033054.60957213 8.099166 0.0567158990541131
3033388.60956585 8.100168 0.0549667132378399
3033722.60955956 8.10117 0.0585475331866759
3034056.60955327 8.102172 0.0566838018623765
3034390.60954698 8.103174 0.0568625813636462
3034724.6095407 8.104176 0.054569808843172
3035058.60953441 8.105178 0.0586894768982758
3035392.60952812 8.10618 0.0533773923447836
3035726.60952184 8.107182 0.0566948067051287
3036060.60951555 8.108184 0.0572501503327701
3036394.60950926 8.109186 0.0553403117203429
3036728.60950297 8.110188 0.0553514532242291
3037062.60949669 8.11119 0.0573150632759994
3037396.6094904 8.112192 0.0560043209685414
3037730.60948411 8.113194 0.0589517224042856
3038064.60947782 8.114196 0.0605308179492707
3038398.60947154 8.115198 0.0600117844883015
3038732.60946525 8.1162 0.0576367516382386
3039066.60945896 8.117202 0.057615567493335
3039400.60945268 8.118204 0.0611608735113609
3039734.60944639 8.119206 0.0634554941340058
3040068.6094401 8.120208 0.0573196894487315
3040402.60943381 8.12121 0.0600878399413308
3040736.60942753 8.122212 0.0596709504460259
3041070.60942124 8.123214 0.0557013327164851
3041404.60941495 8.124216 0.0539821966325133
3041738.60940866 8.125218 0.0530732824116831
3042072.60940238 8.12622 0.0544755627261285
3042406.60939609 8.127222 0.0610564775874716
3042740.6093898 8.128224 0.0587684624574474
3043074.60938352 8.129226 0.0590837341266205
3043408.60937723 8.130228 0.0604776937114357
3043742.60937094 8.13123 0.0588846395932623
3044076.60936465 8.132232 0.0592568615778701
3044410.60935837 8.133234 0.0577254199622448
3044744.60935208 8.134236 0.059610333260251
3045078.60934579 8.135238 0.0602409188449426
3045412.6093395 8.13624 0.0540142739023242
3045746.60933322 8.137242 0.0556292908578727
3046080.60932693 8.138244 0.0641384711041264
3046414.60932064 8.139246 0.0591836830561325
3046748.60931436 8.140248 0.0586326847099955
3047082.60930807 8.14125 0.0592164598455908
3047416.60930178 8.142252 0.0595676338735122
3047750.60929549 8.143254 0.0612359634725649
3048084.60928921 8.144256 0.0599079532713163
3048418.60928292 8.145258 0.0589580528674644
3048752.60927663 8.14626 0.0604304439452323
3049086.60927034 8.147262 0.0632869820778197
3049420.60926406 8.148264 0.0571668601268794
3049754.60925777 8.149266 0.0618671537923591
3050088.60925148 8.150268 0.0599560101326575
3050422.6092452 8.15127 0.0658707326924718
3050756.60923891 8.152272 0.0573726933780829
3051090.60923262 8.153274 0.0616864718006776
3051424.60922633 8.154276 0.0619910744772895
3051758.60922005 8.155278 0.057658698817099
3052092.60921376 8.15628 0.0628574471626948
3052426.60920747 8.157282 0.0619944064466647
3052760.60920119 8.158284 0.0634632644681623
3053094.6091949 8.159286 0.0605690699398141
3053428.60918861 8.160288 0.0633731897497672
3053762.60918232 8.16129 0.0613016195736284
3054096.60917604 8.162292 0.0621902198058443
3054430.60916975 8.163294 0.0600326999896177
3054764.60916346 8.164296 0.0596999552779267
3055098.60915717 8.165298 0.0613262614774118
3055432.60915089 8.1663 0.0607606654200324
3055766.6091446 8.167302 0.0641547024779268
3056100.60913831 8.168304 0.0598749645405785
3056434.60913203 8.169306 0.0668681873958606
3056768.60912574 8.170308 0.061112922855033
3057102.60911945 8.17131 0.0636581040807555
3057436.60911316 8.172312 0.0598540344782323
3057770.60910688 8.173314 0.0626084311340091
3058104.60910059 8.174316 0.0637542786502964
3058438.6090943 8.175318 0.0625926745596205
3058772.60908802 8.17632 0.0662869507307996
3059106.60908173 8.177322 0.0610478756456079
3059440.60907544 8.178324 0.0630565401824739
3059774.60906915 8.179326 0.063304986107526
3060108.60906287 8.180328 0.0661787188282814
3060442.60905658 8.18133 0.0642079079467032
3060776.60905029 8.182332 0.0673573840381681
3061110.609044 8.183334 0.0648476442881932
3061444.60903772 8.184336 0.0625190047708475
3061778.60903143 8.185338 0.0655629558552347
3062112.60902514 8.18634 0.0636095845697136
3062446.60901886 8.187342 0.0659925272829917
3062780.60901257 8.188344 0.0633300536565709
3063114.60900628 8.189346 0.0669326646615659
3063448.60899999 8.190348 0.0637929753046041
3063782.60899371 8.19135 0.0646864278725651
3064116.60898742 8.192352 0.0659390546902261
3064450.60898113 8.193354 0.0671948420555992
3064784.60897485 8.194356 0.0636485101328114
3065118.60896856 8.195358 0.0682795319632803
3065452.60896227 8.19636 0.0666481743731045
3065786.60895598 8.197362 0.0669930324528455
3066120.6089497 8.198364 0.0617530718455813
3066454.60894341 8.199366 0.0657416799300709
3066788.60893712 8.200368 0.0631957511408184
3067122.60893083 8.20137 0.0631486803431912
3067456.60892455 8.202372 0.0689181531733742
3067790.60891826 8.203374 0.0670949682328615
3068124.60891197 8.204376 0.0654088195627284
3068458.60890568 8.205378 0.0687454641294976
3068792.6088994 8.20638 0.0677748895868048
3069126.60889311 8.207382 0.0679853360015547
3069460.60888682 8.208384 0.0690991887513654
3069794.60888054 8.209386 0.0683596671805401
3070128.60887425 8.210388 0.0688899565129437
3070462.60886796 8.21139 0.0723969676341634
3070796.60886167 8.212392 0.0672409967192417
3071130.60885539 8.213394 0.0705383878835313
3071464.6088491 8.214396 0.0681116222654047
3071798.60884281 8.215398 0.0720933508663341
3072132.60883653 8.2164 0.0702473853617235
3072466.60883024 8.217402 0.0692499133879499
3072800.60882395 8.218404 0.0683157706583559
3073134.60881766 8.219406 0.071320936444618
3073468.60881138 8.220408 0.0659607396800507
3073802.60880509 8.22141 0.0681846572315091
3074136.6087988 8.222412 0.0713281342936057
3074470.60879251 8.223414 0.0684251405464606
3074804.60878623 8.224416 0.0690516631215374
3075138.60877994 8.225418 0.0683595306374752
3075472.60877365 8.22642 0.0713528513659832
3075806.60876737 8.227422 0.0706975457369163
3076140.60876108 8.228424 0.0696845411215663
3076474.60875479 8.229426 0.0694906362917064
3076808.6087485 8.230428 0.0717992524922388
3077142.60874222 8.23143 0.0728849418396564
3077476.60873593 8.232432 0.068038612898855
3077810.60872964 8.233434 0.0722431221334812
3078144.60872335 8.234436 0.0706044423512419
3078478.60871707 8.235438 0.071887792895803
3078812.60871078 8.23644 0.070049975677671
3079146.60870449 8.237442 0.0753822950763606
3079480.60869821 8.238444 0.0706535860786069
3079814.60869192 8.239446 0.0707158275444279
3080148.60868563 8.240448 0.0705246415477943
3080482.60867934 8.24145 0.0694571589732521
3080816.60867306 8.242452 0.0727145743843062
3081150.60866677 8.243454 0.0705656961894875
3081484.60866048 8.244456 0.0706962956441049
3081818.60865419 8.245458 0.07298620800329
3082152.60864791 8.24646 0.0709587759951382
3082486.60864162 8.247462 0.0733267685262015
3082820.60863533 8.248464 0.0691780874126265
3083154.60862905 8.249466 0.0680196538787897
3083488.60862276 8.250468 0.0712923348255669
3083822.60861647 8.25147 0.0740786517078585
3084156.60861018 8.252472 0.0736813016596426
3084490.6086039 8.253474 0.0763769619190984
3084824.60859761 8.254476 0.0721710653711224
3085158.60859132 8.255478 0.0709617646791931
3085492.60858503 8.25648 0.0743823543284683
3085826.60857875 8.257482 0.071672456350985
3086160.60857246 8.258484 0.0748396499616545
3086494.60856617 8.259486 0.0769559886853523
3086828.60855989 8.260488 0.0721810235540296
3087162.6085536 8.26149 0.0764916873960157
3087496.60854731 8.262492 0.0737917118924955
3087830.60854102 8.263494 0.0729728186108275
3088164.60853474 8.264496 0.0701811588771128
3088498.60852845 8.265498 0.0750949494478522
3088832.60852216 8.2665 0.0761946599096516
3089166.60851588 8.267502 0.0739807577170881
3089500.60850959 8.268504 0.0749355552275931
3089834.6085033 8.269506 0.0691786858867696
3090168.60849701 8.270508 0.0745468591639383
3090502.60849073 8.27151 0.0748702551817058
3090836.60848444 8.272512 0.0752592268097867
3091170.60847815 8.273514 0.0770217504706449
3091504.60847186 8.274516 0.0731019665510986
3091838.60846558 8.275518 0.0741164839291101
3092172.60845929 8.27652 0.077708512552887
3092506.608453 8.277522 0.073432026575756
3092840.60844671 8.278524 0.075916594590559
3093174.60844043 8.279526 0.0761020446270958
3093508.60843414 8.280528 0.0735076093310997
3093842.60842785 8.28153 0.0743571113822434
3094176.60842157 8.282532 0.0781363183205444
3094510.60841528 8.283534 0.0748706240843768
3094844.60840899 8.284536 0.0775575798184146
3095178.6084027 8.285538 0.0752159296788097
3095512.60839642 8.28654 0.0766319445048614
3095846.60839013 8.287542 0.0729105824804821
3096180.60838384 8.288544 0.0762150697733294
3096514.60837756 8.289546 0.0738429674578001
3096848.60837127 8.290548 0.0759511593216257
3097182.60836498 8.29155 0.0793616949973677
3097516.60835869 8.292552 0.0776477892770577
3097850.60835241 8.293554 0.0788452507721723
3098184.60834612 8.294556 0.0766744041775218
3098518.60833983 8.295558 0.076597167699079
3098852.60833354 8.29656 0.0783146545478543
3099186.60832726 8.297562 0.077568167822736
3099520.60832097 8.298564 0.0807421615684815
3099854.60831468 8.299566 0.0777218749274851
3100188.6083084 8.300568 0.0797803006723383
3100522.60830211 8.30157 0.0769518424982621
3100856.60829582 8.302572 0.0777429613222666
3101190.60828953 8.303574 0.0806538388608525
3101524.60828325 8.304576 0.0787552427844808
3101858.60827696 8.305578 0.0771914590986216
3102192.60827067 8.30658 0.0810647665455524
3102526.60826439 8.307582 0.0805620142790989
3102860.6082581 8.308584 0.0771297590906832
3103194.60825181 8.309586 0.0776000901601182
3103528.60824552 8.310588 0.0803305112471887
3103862.60823924 8.31159 0.0830364991495866
3104196.60823295 8.312592 0.077145422978137
3104530.60822666 8.313594 0.0809250282865375
3104864.60822037 8.314596 0.079383318114782
3105198.60821409 8.315598 0.0793200454474089
3105532.6082078 8.3166 0.0825240016616237
3105866.60820151 8.317602 0.0787194958524589
3106200.60819523 8.318604 0.0789088044958652
3106534.60818894 8.319606 0.0823245526767216
3106868.60818265 8.320608 0.083122283577017
3107202.60817636 8.32161 0.0813892958267519
3107536.60817008 8.322612 0.0861431706413628
3107870.60816379 8.323614 0.0821285933198989
3108204.6081575 8.324616 0.0838619191580141
3108538.60815122 8.325618 0.0824710308414718
3108872.60814493 8.32662 0.0839817942606205
3109206.60813864 8.327622 0.0797791690013298
3109540.60813235 8.328624 0.0828197816475041
3109874.60812607 8.329626 0.0806945467769179
3110208.60811978 8.330628 0.0833383690404581
3110542.60811349 8.33163 0.0822160743450587
3110876.6081072 8.332632 0.0849965852192214
3111210.60810092 8.333634 0.0825522573568353
3111544.60809463 8.334636 0.0810919662803805
3111878.60808834 8.335638 0.0824737523820294
3112212.60808206 8.33664 0.0859845659392669
3112546.60807577 8.337642 0.0818204505939245
3112880.60806948 8.338644 0.0802897449996656
3113214.60806319 8.339646 0.0834463957338891
3113548.60805691 8.340648 0.0822746155410211
3113882.60805062 8.34165 0.0839645884279636
3114216.60804433 8.342652 0.0865243187087755
3114550.60803805 8.343654 0.0855677406582607
3114884.60803176 8.344656 0.0869892823594388
3115218.60802547 8.345658 0.0841731366202261
3115552.60801918 8.34666 0.0854414169280151
3115886.6080129 8.347662 0.0831204794130443
3116220.60800661 8.348664 0.0846032865840521
3116554.60800032 8.349666 0.088949555919013
3116888.60799403 8.350668 0.0857591216542897
3117222.60798775 8.35167 0.0871120357576909
3117556.60798146 8.352672 0.0852166359435616
3117890.60797517 8.353674 0.086418084140477
3118224.60796889 8.354676 0.0820755243234533
3118558.6079626 8.355678 0.0766179932646362
3118892.60795631 8.35668 0.0730444635533357
3119226.60795002 8.357682 0.0712160038539883
3119560.60794374 8.358684 0.0685302520513304
3119894.60793745 8.359686 0.0678898942771628
3120228.60793116 8.360688 0.0659409841216973
3120562.60792487 8.36169 0.0645897309991376
3120896.60791859 8.362692 0.0601221868863805
3121230.6079123 8.363694 0.0640067076141527
3121564.60790601 8.364696 0.0609197491306195
3121898.60789972 8.365698 0.06412834003038
3122232.60789344 8.3667 0.06554779010901
3122566.60788715 8.367702 0.0623994267979192
3122900.60788086 8.368704 0.0650054497128724
3123234.60787458 8.369706 0.0662374582549577
3123568.60786829 8.370708 0.0641255081712568
3123902.607862 8.37171 0.0650080059498311
3124236.60785571 8.372712 0.0609777313836932
3124570.60784943 8.373714 0.062029793405949
3124904.60784314 8.374716 0.0674105360101405
3125238.60783685 8.375718 0.0665219460851243
3125572.60783057 8.37672 0.0646158547298236
3125906.60782428 8.377722 0.0633470349159935
3126240.60781799 8.378724 0.0638840942054263
3126574.6078117 8.379726 0.0601114722348405
3126908.60780542 8.380728 0.0651869530880714
3127242.60779913 8.38173 0.0643914208202134
3127576.60779284 8.382732 0.0635459835770491
3127910.60778655 8.383734 0.0669396504289952
3128244.60778027 8.384736 0.0632281630462169
3128578.60777398 8.385738 0.0600583330759189
3128912.60776769 8.38674 0.0638045279275685
3129246.60776141 8.387742 0.0668238415218101
3129580.60775512 8.388744 0.0635367631000987
3129914.60774883 8.389746 0.0654663968612827
3130248.60774254 8.390748 0.0633566744687645
3130582.60773626 8.39175 0.0674169523034068
3130916.60772997 8.392752 0.0659519401293811
3131250.60772368 8.393754 0.0640500109006539
3131584.60771739 8.394756 0.070065412304039
3131918.60771111 8.395758 0.0673314601055804
3132252.60770482 8.39676 0.0657882009427653
3132586.60769853 8.397762 0.0661919763976327
3132920.60769225 8.398764 0.0697686817572717
3133254.60768596 8.399766 0.0644731481506665
3133588.60767967 8.400768 0.0649324352874854
3133922.60767338 8.40177 0.0641867914278639
3134256.6076671 8.402772 0.067749224848696
3134590.60766081 8.403774 0.0686820073398256
3134924.60765452 8.404776 0.070226390250397
3135258.60764823 8.405778 0.0674599965324169
3135592.60764195 8.40678 0.0646395015559089
3135926.60763566 8.407782 0.0655379633508986
3136260.60762937 8.408784 0.0715544577396403
3136594.60762309 8.409786 0.0712503327979165
3136928.6076168 8.410788 0.0670506968315374
3137262.60761051 8.41179 0.0696453838681268
3137596.60760422 8.412792 0.0681886809808192
3137930.60759794 8.413794 0.0655562571339179
3138264.60759165 8.414796 0.0716206308543756
3138598.60758536 8.415798 0.0681675547416891
3138932.60757907 8.4168 0.0697744638144455
3139266.60757279 8.417802 0.0703547678432598
3139600.6075665 8.418804 0.0713555545772458
3139934.60756021 8.419806 0.0682297918408278
3140268.60755393 8.420808 0.0715302982726221
3140602.60754764 8.42181 0.0674103668993699
3140936.60754135 8.422812 0.0693332722991526
3141270.60753506 8.423814 0.0690028597995496
3141604.60752878 8.424816 0.0704596324791254
3141938.60752249 8.425818 0.0678479672575398
3142272.6075162 8.42682 0.0703269476300727
3142606.60750992 8.427822 0.0693001752489915
3142940.60750363 8.428824 0.0660280046398898
3143274.60749734 8.429826 0.0703895038047255
3143608.60749105 8.430828 0.068592763370659
3143942.60748477 8.43183 0.0717459546611156
3144276.60747848 8.432832 0.0703315140519289
3144610.60747219 8.433834 0.0717956687257193
3144944.6074659 8.434836 0.0679602130613294
3145278.60745962 8.435838 0.0686646757564977
3145612.60745333 8.43684 0.0747848183319511
3145946.60744704 8.437842 0.0697523955980531
3146280.60744075 8.438844 0.0696382447270311
3146614.60743447 8.439846 0.0733823408519484
3146948.60742818 8.440848 0.0690790881360456
3147282.60742189 8.44185 0.073114828842146
3147616.60741561 8.442852 0.0685586147468871
3147950.60740932 8.443854 0.0743545817665408
3148284.60740303 8.444856 0.0695298948136595
3148618.60739674 8.445858 0.0703216510344584
3148952.60739046 8.44686 0.071436072637335
3149286.60738417 8.447862 0.0708877828827318
3149620.60737788 8.448864 0.0706784458190106
3149954.6073716 8.449866 0.073347549833846
3150288.60736531 8.450868 0.0741001780881868
3150622.60735902 8.45187 0.074943801195448
3150956.60735273 8.452872 0.0704200386855825
3151290.60734645 8.453874 0.0726172846632498
3151624.60734016 8.454876 0.0701862878424827
3151958.60733387 8.455878 0.0711193629668477
3152292.60732758 8.45688 0.0741334755096281
3152626.6073213 8.457882 0.0703906262569974
3152960.60731501 8.458884 0.0729158449173051
3153294.60730872 8.459886 0.0698886972923331
3153628.60730244 8.460888 0.0720349766264844
3153962.60729615 8.46189 0.0746343643718605
3154296.60728986 8.462892 0.0731537747105998
3154630.60728357 8.463894 0.0714677005355191
3154964.60727729 8.464896 0.0756534932357903
3155298.607271 8.465898 0.0700255727539485
3155632.60726471 8.4669 0.0747383328948024
3155966.60725843 8.467902 0.0731156545246864
3156300.60725214 8.468904 0.073603887293568
3156634.60724585 8.469906 0.0742855437015207
3156968.60723956 8.470908 0.075335514066359
3157302.60723328 8.47191 0.0733689012050549
3157636.60722699 8.472912 0.0727114363484117
3157970.6072207 8.473914 0.0708480889125157
3158304.60721441 8.474916 0.0743256480427032
3158638.60720813 8.475918 0.0780315826160857
3158972.60720184 8.47692 0.0742034518383772
3159306.60719555 8.477922 0.0718574013918575
3159640.60718927 8.478924 0.074895121689873
3159974.60718298 8.479926 0.0737484477314149
3160308.60717669 8.480928 0.0726291078173811
3160642.6071704 8.48193 0.0784010482046741
3160976.60716412 8.482932 0.072985836588248
3161310.60715783 8.483934 0.0719630157244364
3161644.60715154 8.484936 0.0723630429136715
3161978.60714525 8.485938 0.0777900421350406
3162312.60713897 8.48694 0.0755049823122944
3162646.60713268 8.487942 0.0789768239062086
3162980.60712639 8.488944 0.0764366128497951
3163314.60712011 8.489946 0.0740454812821241
3163648.60711382 8.490948 0.0743601479356902
3163982.60710753 8.49195 0.0753753873436893
3164316.60710124 8.492952 0.0769135142472238
3164650.60709496 8.493954 0.0730437847472578
3164984.60708867 8.494956 0.0756643428896833
3165318.60708238 8.495958 0.0748078371526115
3165652.6070761 8.49696 0.0770746908216417
3165986.60706981 8.497962 0.0766869376151571
3166320.60706352 8.498964 0.0806580088464662
3166654.60705723 8.499966 0.0744430235046149
3166988.60705095 8.500968 0.0757254104606654
3167322.60704466 8.50197 0.07850906718043
3167656.60703837 8.502972 0.0748811438403697
3167990.60703208 8.503974 0.0774901386642644
3168324.6070258 8.504976 0.0790732215683581
3168658.60701951 8.505978 0.0783312823369475
3168992.60701322 8.50698 0.0811705514791065
3169326.60700693 8.507982 0.0770626544007127
3169660.60700065 8.508984 0.0800781088980954
3169994.60699436 8.509986 0.0764032956361438
3170328.60698807 8.510988 0.0774435473038131
3170662.60698179 8.51199 0.0774301600951621
3170996.6069755 8.512992 0.0786383831868868
3171330.60696921 8.513994 0.0782492560481081
3171664.60696292 8.514996 0.0759454778106649
3171998.60695664 8.515998 0.0776205538337749
3172332.60695035 8.517 0.0824657605094743
3172666.60694406 8.518002 0.0789251466460921
3173000.60693778 8.519004 0.0773374318221865
3173334.60693149 8.520006 0.0794592416833876
3173668.6069252 8.521008 0.0791662951499971
3174002.60691891 8.52201 0.079914524617267
3174336.60691263 8.523012 0.0800438441862552
3174670.60690634 8.524014 0.0798414225169591
3175004.60690005 8.525016 0.082300450883609
3175338.60689376 8.526018 0.0820001853146897
3175672.60688748 8.52702 0.0796129605773291
3176006.60688119 8.528022 0.0802116935708956
3176340.6068749 8.529024 0.0820675919886006
3176674.60686862 8.530026 0.0791141050388772
3177008.60686233 8.531028 0.0824755930151031
3177342.60685604 8.53203 0.081774701955903
3177676.60684975 8.533032 0.0824090864238601
3178010.60684347 8.534034 0.080800456954842
3178344.60683718 8.535036 0.0812168428465945
3178678.60683089 8.536038 0.0801912833867931
3179012.60682461 8.53704 0.0859902665051499
3179346.60681832 8.538042 0.0844002208144377
3179680.60681203 8.539044 0.0807361088043527
3180014.60680574 8.540046 0.0815338838760343
3180348.60679946 8.541048 0.0819179345020055
3180682.60679317 8.54205 0.0810896802970859
3181016.60678688 8.543052 0.0847362936073615
3181350.60678059 8.544054 0.082555075921948
3181684.60677431 8.545056 0.0829233012302566
3182018.60676802 8.546058 0.0795534557051696
3182352.60676173 8.54706 0.0806447219281765
3182686.60675544 8.548062 0.0825878195061101
3183020.60674916 8.549064 0.080795785985156
3183354.60674287 8.550066 0.0816841413015813
3183688.60673658 8.551068 0.0848472870075007
3184022.6067303 8.55207 0.0829035486136559
3184356.60672401 8.553072 0.0842614019078892
3184690.60671772 8.554074 0.0840525235059648
3185024.60671143 8.555076 0.0836064813057102
3185358.60670515 8.556078 0.0842532645064202
3185692.60669886 8.55708 0.0874121425199746
3186026.60669257 8.558082 0.0867212700544161
3186360.60668629 8.559084 0.0871144467015398
3186694.60668 8.560086 0.0834464536539217
3187028.60667371 8.561088 0.0824927671906318
3187362.60666742 8.56209 0.074752301431382
3187696.60666114 8.563092 0.0699784680378029
3188030.60665485 8.564094 0.0670169062323803
3188364.60664856 8.565096 0.0646593495718629
3188698.60664227 8.566098 0.0564598875812431
3189032.60663599 8.5671 0.0569128080983219
3189366.6066297 8.568102 0.055917168736028
3189700.60662341 8.569104 0.0528961804157491
3190034.60661713 8.570106 0.0529361228301863
3190368.60661084 8.571108 0.051122649628176
3190702.60660455 8.57211 0.0492072365541755
3191036.60659826 8.573112 0.0525138207398214
3191370.60659198 8.574114 0.0529286552021011
3191704.60658569 8.575116 0.0480164517404617
3192038.6065794 8.576118 0.0499584138191408
3192372.60657312 8.57712 0.0521204989657904
3192706.60656683 8.578122 0.0481303514649278
3193040.60656054 8.579124 0.0525260891646188
3193374.60655425 8.580126 0.0517888583971166
3193708.60654797 8.581128 0.0496651420798535
3194042.60654168 8.58213 0.0508867260061321
3194376.60653539 8.583132 0.048182214729763
3194710.6065291 8.584134 0.0493901828389699
3195044.60652282 8.585136 0.0516870550882007
3195378.60651653 8.586138 0.052444340177237
3195712.60651024 8.58714 0.0489824568151886
3196046.60650396 8.588142 0.052288895642982
3196380.60649767 8.589144 0.0496249379952801
3196714.60649138 8.590146 0.0506589365487979
3197048.60648509 8.591148 0.0530063356534709
3197382.60647881 8.59215 0.0503837843431657
3197716.60647252 8.593152 0.0535667475502889
3198050.60646623 8.594154 0.0561616168651951
3198384.60645994 8.595156 0.0521664380090154
3198718.60645366 8.596158 0.0522639511286138
3199052.60644737 8.59716 0.0564385814291215
3199386.60644108 8.598162 0.0509509869838688
3199720.6064348 8.599164 0.0505377853944102
3200054.60642851 8.600166 0.0511649029491353
3200388.60642222 8.601168 0.0571127541599986
3200722.60641593 8.60217 0.0534419649891627
3201056.60640965 8.603172 0.0529770727167255
3201390.60640336 8.604174 0.0549937747173792
3201724.60639707 8.605176 0.0520047422999831
3202058.60639078 8.606178 0.0528534490503942
3202392.6063845 8.60718 0.0504753498752238
3202726.60637821 8.608182 0.0521788267340933
3203060.60637192 8.609184 0.0526243387582853
3203394.60636564 8.610186 0.0543768238906928
3203728.60635935 8.611188 0.050844653282269
3204062.60635306 8.61219 0.0533560962246334
3204396.60634677 8.613192 0.0506229962824465
3204730.60634049 8.614194 0.0517764642168108
3205064.6063342 8.615196 0.0518396790829073
3205398.60632791 8.616198 0.0517021389312078
3205732.60632162 8.6172 0.0534661317086247
3206066.60631534 8.618202 0.0493146266216578
3206400.60630905 8.619204 0.0519173956643649
3206734.60630276 8.620206 0.0506284151944213
3207068.60629648 8.621208 0.0573456320845509
3207402.60629019 8.62221 0.0539696601589357
3207736.6062839 8.623212 0.053089271076931
3208070.60627761 8.624214 0.0538951149733175
3208404.60627133 8.625216 0.0524665931118571
3208738.60626504 8.626218 0.0558159195616231
3209072.60625875 8.62722 0.0513590242130669
3209406.60625247 8.628222 0.0539643226516666
3209740.60624618 8.629224 0.0539696564178778
3210074.60623989 8.630226 0.0553991060160223
3210408.6062336 8.631228 0.0514935483425633
3210742.60622732 8.63223 0.0551886615905551
3211076.60622103 8.633232 0.0565456209809333
3211410.60621474 8.634234 0.0531019356903206
3211744.60620845 8.635236 0.0539132325615898
3212078.60620217 8.636238 0.0525754423046617
3212412.60619588 8.63724 0.0580262942896619
3212746.60618959 8.638242 0.0553767849885347
3213080.60618331 8.639244 0.0577203453948074
3213414.60617702 8.640246 0.0558921539214325
3213748.60617073 8.641248 0.0521781600776485
3214082.60616444 8.64225 0.0508490015286888
3214416.60615816 8.643252 0.0542689072401525
3214750.60615187 8.644254 0.0545748955280702
3215084.60614558 8.645256 0.0525367930611629
3215418.6061393 8.646258 0.0552839041711976
3215752.60613301 8.64726 0.0521879406064826
3216086.60612672 8.648262 0.0541347011729838
3216420.60612043 8.649264 0.0540077600061431
3216754.60611415 8.650266 0.0588455170727103
3217088.60610786 8.651268 0.052765485111817
3217422.60610157 8.65227 0.0546950214226641
3217756.60609528 8.653272 0.057017591033935
3218090.606089 8.654274 0.0534631155012638
3218424.60608271 8.655276 0.0570429045757082
3218758.60607642 8.656278 0.0579675173335325
3219092.60607013 8.65728 0.0522689130702911
3219426.60606385 8.658282 0.052862612197478
3219760.60605756 8.659284 0.0575132180553884
3220094.60605127 8.660286 0.0577158465002655
3220428.60604499 8.661288 0.0586800238164548
3220762.6060387 8.66229 0.0563680524805817
3221096.60603241 8.663292 0.0596164428696197
3221430.60602612 8.664294 0.0543131814611671
3221764.60601984 8.665296 0.0562742389195161
3222098.60601355 8.666298 0.0607307917489122
3222432.60600726 8.6673 0.0589280927491636
3222766.60600098 8.668302 0.0583700792215472
3223100.60599469 8.669304 0.0582821137848481
3223434.6059884 8.670306 0.0591975596379251
3223768.60598211 8.671308 0.0558301558385017
3224102.60597583 8.67231 0.0551437055530881
3224436.60596954 8.673312 0.0575223922272987
3224770.60596325 8.674314 0.0590122100307455
3225104.60595696 8.675316 0.0587462285835739
3225438.60595068 8.676318 0.0529384439443779
3225772.60594439 8.67732 0.0478316637068429
3226106.6059381 8.678322 0.0464553796701542
3226440.60593182 8.679324 0.0382875829554947
3226774.60592553 8.680326 0.0362269521946044
3227108.60591924 8.681328 0.0364260898947265
3227442.60591295 8.68233 0.0384587424696584
3227776.60590667 8.683332 0.0369585578480561
3228110.60590038 8.684334 0.0318718951943652
3228444.60589409 8.685336 0.0333014583748405
3228778.60588781 8.686338 0.0320906953927396
3229112.60588152 8.68734 0.0346416045716779
3229446.60587523 8.688342 0.0354912307933785
3229780.60586894 8.689344 0.0316273075884506
3230114.60586266 8.690346 0.0389454277380865
3230448.60585637 8.691348 0.0307949730611135
3230782.60585008 8.69235 0.0356183265722475
3231116.60584379 8.693352 0.0336290046089856
3231450.60583751 8.694354 0.0341807701255998
3231784.60583122 8.695356 0.0373265505914367
3232118.60582493 8.696358 0.0362508857796851
3232452.60581864 8.69736 0.0379721401721587
3232786.60581236 8.698362 0.0342637731181861
3233120.60580607 8.699364 0.0378981197120632
3233454.60579978 8.700366 0.0367379656901507
3233788.6057935 8.701368 0.0358469220774446
3234122.60578721 8.70237 0.0382262215190053
3234456.60578092 8.703372 0.0363742217229405
3234790.60577463 8.704374 0.0367805282181196
3235124.60576835 8.705376 0.0384330218033889
3235458.60576206 8.706378 0.0344822873354045
3235792.60575577 8.70738 0.0351277121559224
3236126.60574948 8.708382 0.0354395912031249
3236460.6057432 8.709384 0.0364605057147309
3236794.60573691 8.710386 0.0343687395031763
3237128.60573062 8.711388 0.0341620835172599
3237462.60572434 8.71239 0.0372985391641267
3237796.60571805 8.713392 0.0390062340832995
3238130.60571176 8.714394 0.0392403372416996
3238464.60570547 8.715396 0.0407999944007835
3238798.60569919 8.716398 0.0388322365362496
3239132.6056929 8.7174 0.0383502037759435
3239466.60568661 8.718402 0.0383275717412594
3239800.60568033 8.719404 0.0387051771650068
3240134.60567404 8.720406 0.0386332138068333
3240468.60566775 8.721408 0.0369959899255256
3240802.60566146 8.72241 0.0403162574878256
3241136.60565518 8.723412 0.0377195362114432
3241470.60564889 8.724414 0.0409524773547862
3241804.6056426 8.725416 0.0385506855418086
3242138.60563631 8.726418 0.0392829650705515
3242472.60563003 8.72742 0.0410982181152409
3242806.60562374 8.728422 0.0376886477548616
3243140.60561745 8.729424 0.0348087312503604
3243474.60561117 8.730426 0.0437217702732863
3243808.60560488 8.731428 0.0381123830747066
3244142.60559859 8.73243 0.0412385363917967
3244476.6055923 8.733432 0.040683277039567
3244810.60558602 8.734434 0.0420332380211102
3245144.60557973 8.735436 0.0426960333180158
3245478.60557344 8.736438 0.0428481995349422
3245812.60556716 8.73744 0.0411032872059564
3246146.60556087 8.738442 0.0458322485047556
3246480.60555458 8.739444 0.0391799174791754
3246814.60554829 8.740446 0.0403187971148124
3247148.60554201 8.741448 0.0414178976453874
3247482.60553572 8.74245 0.0387885711012913
3247816.60552943 8.743452 0.0403982842300426
3248150.60552314 8.744454 0.0421921591678106
3248484.60551686 8.745456 0.0426787353917314
3248818.60551057 8.746458 0.0407455815557407
3249152.60550428 8.74746 0.0436639402272293
3249486.605498 8.748462 0.0433043138986944
3249820.60549171 8.749464 0.0421944722167529
3250154.60548542 8.750466 0.0420274201388427
3250488.60547913 8.751468 0.0414320417384173
3250822.60547285 8.75247 0.0431464216173478
3251156.60546656 8.753472 0.0422027210009058
3251490.60546027 8.754474 0.039828915302107
3251824.60545398 8.755476 0.0438011078392312
3252158.6054477 8.756478 0.0425116521982395
3252492.60544141 8.75748 0.0426893126915333
3252826.60543512 8.758482 0.0427532225548621
3253160.60542883 8.759484 0.0409190085753262
3253494.60542255 8.760486 0.0419820607213404
3253828.60541626 8.761488 0.042470726491881
3254162.60540997 8.76249 0.044163902078297
3254496.60540369 8.763492 0.0386281454550802
3254830.6053974 8.764494 0.0445773037942615
3255164.60539111 8.765496 0.042696260711505
3255498.60538482 8.766498 0.0451266421992688
3255832.60537854 8.7675 0.039913223484609
3256166.60537225 8.768502 0.0430051017499113
3256500.60536596 8.769504 0.0425826923280791
3256834.60535968 8.770506 0.0455125421647016
3257168.60535339 8.771508 0.0406769880829516
3257502.6053471 8.77251 0.0400688670272225
3257836.60534081 8.773512 0.0423587181926881
3258170.60533453 8.774514 0.0438059836700844
3258504.60532824 8.775516 0.0433261791456619
3258838.60532195 8.776518 0.0431124460185488
3259172.60531566 8.77752 0.0420853958448632
3259506.60530938 8.778522 0.042971138424073
3259840.60530309 8.779524 0.0455788004878352
3260174.6052968 8.780526 0.0443988868163041
3260508.60529052 8.781528 0.0437726158127153
3260842.60528423 8.78253 0.0436681595700821
3261176.60527794 8.783532 0.0443080236326967
3261510.60527165 8.784534 0.0437259757034129
3261844.60526537 8.785536 0.0406821876027395
3262178.60525908 8.786538 0.0418654201475735
3262512.60525279 8.78754 0.0431358813513697
3262846.60524651 8.788542 0.043821261925283
3263180.60524022 8.789544 0.0431409922154058
3263514.60523393 8.790546 0.0430585972629961
3263848.60522764 8.791548 0.0437149331179181
3264182.60522136 8.79255 0.0433327400005944
3264516.60521507 8.793552 0.043346587904643
3264850.60520878 8.794554 0.0422507462031731
3265184.60520249 8.795556 0.04260285166853
3265518.60519621 8.796558 0.0420903054402648
3265852.60518992 8.79756 0.0423065069582637
3266186.60518363 8.798562 0.043291625637136
3266520.60517735 8.799564 0.0446869392773953
3266854.60517106 8.800566 0.0438911957940973
3267188.60516477 8.801568 0.0442466390586936
3267522.60515848 8.80257 0.0434050277831046
3267856.6051522 8.803572 0.0426537230916655
3268190.60514591 8.804574 0.0462464851297338
3268524.60513962 8.805576 0.0455325414400711
3268858.60513333 8.806578 0.0398561495569983
3269192.60512705 8.80758 0.0444695566419583
3269526.60512076 8.808582 0.046789383022928
3269860.60511447 8.809584 0.0415550767533208
3270194.60510819 8.810586 0.0471405194427418
3270528.6051019 8.811588 0.0452719760760334
3270862.60509561 8.81259 0.0420558217429503
3271196.60508932 8.813592 0.0438789509583194
3271530.60508304 8.814594 0.0452736964396706
3271864.60507675 8.815596 0.0423110679331115
3272198.60507046 8.816598 0.0438351926222315
3272532.60506417 8.8176 0.0447547833216503
3272866.60505789 8.818602 0.0422166181876079
3273200.6050516 8.819604 0.0456919942400098
3273534.60504531 8.820606 0.0442330075155817
3273868.60503903 8.821608 0.0432184178682052
3274202.60503274 8.82261 0.0449185825997305
3274536.60502645 8.823612 0.0466027612501073
3274870.60502016 8.824614 0.0444282861257527
3275204.60501388 8.825616 0.0440621323038442
3275538.60500759 8.826618 0.0446224298104538
3275872.6050013 8.82762 0.0450640933217852
3276206.60499502 8.828622 0.043528144460887
3276540.60498873 8.829624 0.0446959867060418
3276874.60498244 8.830626 0.0476157624399247
3277208.60497615 8.831628 0.0441452565821909
3277542.60496987 8.83263 0.0454706768980861
3277876.60496358 8.833632 0.0433911051420354
3278210.60495729 8.834634 0.0442407983984629
3278544.604951 8.835636 0.0493329372423073
3278878.60494472 8.836638 0.0464058043371258
3279212.60493843 8.83764 0.0455251391087133
3279546.60493214 8.838642 0.0467379415398591
3279880.60492585 8.839644 0.0465812811868729
3280214.60491957 8.840646 0.0435623937255455
3280548.60491328 8.841648 0.0497165894450135
3280882.60490699 8.84265 0.0437754120177525
3281216.60490071 8.843652 0.0440856352008738
3281550.60489442 8.844654 0.0464215954744675
3281884.60488813 8.845656 0.0477433150940423
3282218.60488184 8.846658 0.0462521586330904
3282552.60487556 8.84766 0.0476751567983884
3282886.60486927 8.848662 0.0458042700598293
3283220.60486298 8.849664 0.049025549306031
3283554.6048567 8.850666 0.0458865990274464
3283888.60485041 8.851668 0.0436539684067033
3284222.60484412 8.85267 0.0463250534432675
3284556.60483783 8.853672 0.0484253672566504
3284890.60483155 8.854674 0.0437008125027913
3285224.60482526 8.855676 0.0469610307689852
3285558.60481897 8.856678 0.0474166674872189
3285892.60481268 8.85768 0.0482756130395418
3286226.6048064 8.858682 0.0478299512720727
3286560.60480011 8.859684 0.0421472201269769
3286894.60479382 8.860686 0.0448115774463998
3287228.60478754 8.861688 0.0482536955319182
3287562.60478125 8.86269 0.0451053506397936
3287896.60477496 8.863692 0.0482308911366813
3288230.60476867 8.864694 0.0493588616903167
3288564.60476239 8.865696 0.0449913160438647
3288898.6047561 8.866698 0.0479666710166867
3289232.60474981 8.8677 0.044588707652601
3289566.60474352 8.868702 0.0459946537502236
3289900.60473724 8.869704 0.0472640626697908
3290234.60473095 8.870706 0.0454873473370735
3290568.60472466 8.871708 0.0511978732489022
3290902.60471838 8.87271 0.0475111745211541
3291236.60471209 8.873712 0.0487800048883889
3291570.6047058 8.874714 0.0486771665369602
3291904.60469951 8.875716 0.0475104924752107
3292238.60469323 8.876718 0.0474951994828261
3292572.60468694 8.87772 0.0501834134787735
3292906.60468065 8.878722 0.0501491126359459
3293240.60467437 8.879724 0.0473605387764034
3293574.60466808 8.880726 0.0478034789773712
3293908.60466179 8.881728 0.0448245238518327
3294242.6046555 8.88273 0.0478534507554033
3294576.60464922 8.883732 0.0486209896213698
3294910.60464293 8.884734 0.0450563485364412
3295244.60463664 8.885736 0.0494191535539583
3295578.60463035 8.886738 0.0527117096012934
3295912.60462407 8.88774 0.048438690115921
3296246.60461778 8.888742 0.0490001537558394
3296580.60461149 8.889744 0.0554163095081012
3296914.60460521 8.890746 0.0502713301334797
3297248.60459892 8.891748 0.0464000530611443
3297582.60459263 8.89275 0.0493447150292525
3297916.60458634 8.893752 0.0482897366218385
3298250.60458006 8.894754 0.0496784994300549
3298584.60457377 8.895756 0.0500835551019158
3298918.60456748 8.896758 0.0511251345226467
3299252.6045612 8.89776 0.047615771835478
3299586.60455491 8.898762 0.051135331190235
3299920.60454862 8.899764 0.0524271699335406
3300254.60454233 8.900766 0.0497557777931268
3300588.60453605 8.901768 0.0510453340708892
3300922.60452976 8.90277 0.0490142637819357
3301256.60452347 8.903772 0.0503428702586881
3301590.60451718 8.904774 0.052576749261516
3301924.6045109 8.905776 0.0520418971664808
3302258.60450461 8.906778 0.0468116608445981
3302592.60449832 8.90778 0.0489696921394128
3302926.60449204 8.908782 0.0509407220194506
3303260.60448575 8.909784 0.0496193622468893
3303594.60447946 8.910786 0.0501203447135082
3303928.60447317 8.911788 0.0507729746429845
3304262.60446689 8.91279 0.0498755963964086
3304596.6044606 8.913792 0.0510706026615766
3304930.60445431 8.914794 0.0519578396093522
3305264.60444803 8.915796 0.0498788378501781
3305598.60444174 8.916798 0.0503977574507697
3305932.60443545 8.9178 0.0542416044355099
3306266.60442916 8.918802 0.0496430753374927
3306600.60442288 8.919804 0.0504826837560433
3306934.60441659 8.920806 0.0505476715905709
3307268.6044103 8.921808 0.0509128235397144
3307602.60440401 8.92281 0.054189860464872
3307936.60439773 8.923812 0.0531661687434855
3308270.60439144 8.924814 0.0491035731651405
3308604.60438515 8.925816 0.0525728821255428
3308938.60437886 8.926818 0.051284121410863
3309272.60437258 8.92782 0.0511701696580982
3309606.60436629 8.928822 0.0552576631092026
3309940.60436 8.929824 0.0460714779277823
3310274.60435372 8.930826 0.05173345640865
3310608.60434743 8.931828 0.0498046844166914
3310942.60434114 8.93283 0.0538640805420205
3311276.60433485 8.933832 0.050495502769123
3311610.60432857 8.934834 0.0532335221822583
3311944.60432228 8.935836 0.0504258183995647
3312278.60431599 8.936838 0.0540217228679036
3312612.60430971 8.93784 0.0524073985151605
3312946.60430342 8.938842 0.0536419868814439
3313280.60429713 8.939844 0.0557235950254327
3313614.60429084 8.940846 0.0515255196878458
3313948.60428456 8.941848 0.0496124816318163
3314282.60427827 8.94285 0.0536787811001867
3314616.60427198 8.943852 0.0527573699779354
3314950.60426569 8.944854 0.0496958794645142
3315284.60425941 8.945856 0.0533356326371877
3315618.60425312 8.946858 0.0531134064165746
3315952.60424683 8.94786 0.052702366847355
3316286.60424055 8.948862 0.0522932418150997
3316620.60423426 8.949864 0.0558077086444504
3316954.60422797 8.950866 0.0515086530671982
3317288.60422168 8.951868 0.0535319595924364
3317622.6042154 8.95287 0.0537841437522792
3317956.60420911 8.953872 0.0501801644720804
3318290.60420282 8.954874 0.0545670854299582
3318624.60419653 8.955876 0.0558177487549738
3318958.60419025 8.956878 0.0528206348337199
3319292.60418396 8.95788 0.0533175619952492
3319626.60417767 8.958882 0.0554161266678614
3319960.60417139 8.959884 0.0537560520226175
3320294.6041651 8.960886 0.0542528913643673
3320628.60415881 8.961888 0.0535245211603123
3320962.60415252 8.96289 0.0551762487514374
3321296.60414624 8.963892 0.0504159223955035
3321630.60413995 8.964894 0.0518232266994292
3321964.60413366 8.965896 0.0579864410606684
3322298.60412737 8.966898 0.0560562841778109
3322632.60412109 8.9679 0.0566729633591727
3322966.6041148 8.968902 0.0539465617304541
3323300.60410851 8.969904 0.0537133001634687
3323634.60410223 8.970906 0.0551859722300801
3323968.60409594 8.971908 0.0517098426938738
3324302.60408965 8.97291 0.0580654119734826
3324636.60408336 8.973912 0.0553840807029441
3324970.60407708 8.974914 0.0520571020742491
3325304.60407079 8.975916 0.0563768537431465
3325638.6040645 8.976918 0.0584880600951083
3325972.60405821 8.97792 0.0557946951679963
3326306.60405193 8.978922 0.0547567229963588
3326640.60404564 8.979924 0.0567888588553626
3326974.60403935 8.980926 0.0557960664408313
3327308.60403307 8.981928 0.058526896378961
3327642.60402678 8.98293 0.0544351677117866
3327976.60402049 8.983932 0.0551022027803313
3328310.6040142 8.984934 0.0552447908596317
3328644.60400792 8.985936 0.0584796242648171
3328978.60400163 8.986938 0.05077726344312
3329312.60399534 8.98794 0.0520447330276366
3329646.60398906 8.988942 0.0472944049024558
3329980.60398277 8.989944 0.0431520483909565
3330314.60397648 8.990946 0.0350954596894033
3330648.60397019 8.991948 0.0375113444611899
3330982.60396391 8.99295 0.0355232178417984
3331316.60395762 8.993952 0.0362335066603537
3331650.60395133 8.994954 0.0364790301051149
3331984.60394504 8.995956 0.0311176845488265
3332318.60393876 8.996958 0.0348529727130326
3332652.60393247 8.99796 0.0370008637632918
3332986.60392618 8.998962 0.0363554720774867
3333320.6039199 8.999964 0.0316553963931905
3333654.60391361 9.000966 0.033473469959448
3333988.60390732 9.001968 0.0354686641088685
3334322.60390103 9.00297 0.0349059667718438
3334656.60389475 9.003972 0.0338580462893987
3334990.60388846 9.004974 0.0296689241989893
3335324.60388217 9.005976 0.0320856973979166
3335658.60387589 9.006978 0.0324396025225098
3335992.6038696 9.00798 0.0341700614440071
3336326.60386331 9.008982 0.0349072328357692
3336660.60385702 9.009984 0.0343987844506805
3336994.60385074 9.010986 0.03358756922765
3337328.60384445 9.011988 0.0314718651510481
3337662.60383816 9.01299 0.0361619984110037
3337996.60383187 9.013992 0.0314402445815065
3338330.60382559 9.014994 0.0321399916964563
3338664.6038193 9.015996 0.032402474252118
3338998.60381301 9.016998 0.0362724065194654
3339332.60380672 9.018 0.032506958948298
3339666.60380044 9.019002 0.0277971756045834
3340000.60379415 9.020004 0.0329532696528436
3340334.60378786 9.021006 0.0321199569603244
3340668.60378158 9.022008 0.0339049214970516
3341002.60377529 9.02301 0.0342771073407093
3341336.603769 9.024012 0.0312328780968674
3341670.60376271 9.025014 0.0327838424531407
3342004.60375643 9.026016 0.0336874274363482
3342338.60375014 9.027018 0.0336803779993271
3342672.60374385 9.02802 0.037072851148474
3343006.60373757 9.029022 0.0324438099226094
3343340.60373128 9.030024 0.0324079970095469
3343674.60372499 9.031026 0.0328360325352507
3344008.6037187 9.032028 0.0314388263266181
3344342.60371242 9.03303 0.0333225543794089
3344676.60370613 9.034032 0.0329349883569138
3345010.60369984 9.035034 0.0366151036614041
3345344.60369355 9.036036 0.0333062767554353
3345678.60368727 9.037038 0.0335906420119226
3346012.60368098 9.03804 0.0362732415517322
3346346.60367469 9.039042 0.0352570586300548
3346680.60366841 9.040044 0.0335110210037272
3347014.60366212 9.041046 0.0345801851415864
3347348.60365583 9.042048 0.0331993282158407
3347682.60364954 9.04305 0.0353380050285273
3348016.60364326 9.044052 0.0315685179233682
3348350.60363697 9.045054 0.0304232802476625
3348684.60363068 9.046056 0.0325951298829196
3349018.60362439 9.047058 0.0346355235241574
3349352.60361811 9.04806 0.0373547002599125
3349686.60361182 9.049062 0.0332123942063043
3350020.60360553 9.050064 0.0353478266952769
3350354.60359925 9.051066 0.0329457563225941
3350688.60359296 9.052068 0.0353687723847128
3351022.60358667 9.05307 0.0366574829765575
3351356.60358038 9.054072 0.0371407728221999
3351690.6035741 9.055074 0.0372898156028104
3352024.60356781 9.056076 0.0367234265070508
3352358.60356152 9.057078 0.0328532457609196
3352692.60355524 9.05808 0.032554455897762
3353026.60354895 9.059082 0.0346584170228936
3353360.60354266 9.060084 0.0332082388893256
3353694.60353637 9.061086 0.0364714194014356
3354028.60353009 9.062088 0.0352581045381662
3354362.6035238 9.06309 0.0361084780386197
3354696.60351751 9.064092 0.0367286743503049
3355030.60351122 9.065094 0.0336825832907129
3355364.60350494 9.066096 0.033670588052913
3355698.60349865 9.067098 0.0374175159086029
3356032.60349236 9.0681 0.0387419654738675
3356366.60348607 9.069102 0.0365032915920165
3356700.60347979 9.070104 0.036009667001454
3357034.6034735 9.071106 0.0362379223010928
3357368.60346721 9.072108 0.035580362360206
3357702.60346093 9.07311 0.0383264955307442
3358036.60345464 9.074112 0.0375806138377304
3358370.60344835 9.075114 0.0363473285917124
3358704.60344206 9.076116 0.0395864816102865
3359038.60343578 9.077118 0.0382868379861623
3359372.60342949 9.07812 0.0375978656412424
3359706.6034232 9.079122 0.0396601819815978
3360040.60341692 9.080124 0.0369378971287488
3360374.60341063 9.081126 0.0379622807768633
3360708.60340434 9.082128 0.0399855378910902
3361042.60339805 9.08313 0.0378916953730099
3361376.60339177 9.084132 0.0386528260762923
3361710.60338548 9.085134 0.0403934453337145
3362044.60337919 9.086136 0.0373072067144966
3362378.6033729 9.087138 0.0392697431370125
3362712.60336662 9.08814 0.0382103066408868
3363046.60336033 9.089142 0.0379167239174774
3363380.60335404 9.090144 0.0413775652671623
3363714.60334776 9.091146 0.035099747684877
3364048.60334147 9.092148 0.0402424961918275
3364382.60333518 9.09315 0.0375348316792868
3364716.60332889 9.094152 0.0387617985000966
3365050.60332261 9.095154 0.0380198910403109
3365384.60331632 9.096156 0.0369344655952798
3365718.60331003 9.097158 0.0413784879101496
3366052.60330374 9.09816 0.0343515654606219
3366386.60329746 9.099162 0.0380977808166113
3366720.60329117 9.100164 0.0412143104910192
3367054.60328488 9.101166 0.0368124577692277
3367388.6032786 9.102168 0.0394640486575667
3367722.60327231 9.10317 0.0388583124143512
3368056.60326602 9.104172 0.036776303424586
3368390.60325973 9.105174 0.0429001347165297
3368724.60325345 9.106176 0.0382004924936598
3369058.60324716 9.107178 0.0388063561770405
3369392.60324087 9.10818 0.0386183296553065
3369726.60323458 9.109182 0.0400292902514096
3370060.6032283 9.110184 0.0400688540050201
3370394.60322201 9.111186 0.0407136102456938
3370728.60321572 9.112188 0.0396325148802916
3371062.60320944 9.11319 0.0398967537325129
3371396.60320315 9.114192 0.0393915014858655
3371730.60319686 9.115194 0.0433041340976469
3372064.60319057 9.116196 0.0402287853417995
3372398.60318429 9.117198 0.0388062832784042
3372732.603178 9.1182 0.0397802108240072
3373066.60317171 9.119202 0.041134642178504
3373400.60316542 9.120204 0.0394104327023899
3373734.60315914 9.121206 0.0387971706317387
3374068.60315285 9.122208 0.0401684160247333
3374402.60314656 9.12321 0.0414118290944689
3374736.60314028 9.124212 0.0386870845501368
3375070.60313399 9.125214 0.0406471001553274
3375404.6031277 9.126216 0.0409767822355093
3375738.60312141 9.127218 0.0386181209322041
3376072.60311513 9.12822 0.0420000305395217
3376406.60310884 9.129222 0.0409919803074884
3376740.60310255 9.130224 0.0391970200634864
3377074.60309627 9.131226 0.0366078548177417
3377408.60308998 9.132228 0.0403693858420403
3377742.60308369 9.13323 0.0403462714802501
3378076.6030774 9.134232 0.0382294036563778
3378410.60307112 9.135234 0.0368322159635267
3378744.60306483 9.136236 0.0400631900152386
3379078.60305854 9.137238 0.0374632205241361
3379412.60305225 9.13824 0.0406385571414949
3379746.60304597 9.139242 0.0380443320279109
3380080.60303968 9.140244 0.0383837372041298
3380414.60303339 9.141246 0.0413712787862376
3380748.60302711 9.142248 0.0391776476446919
3381082.60302082 9.14325 0.0398568225565504
3381416.60301453 9.144252 0.0390612716953089
3381750.60300824 9.145254 0.0400833081360428
3382084.60300196 9.146256 0.0415412213817891
3382418.60299567 9.147258 0.042678117331354
3382752.60298938 9.14826 0.0386725104616546
3383086.6029831 9.149262 0.0408291182391704
3383420.60297681 9.150264 0.0413987070422593
3383754.60297052 9.151266 0.0394808071631926
3384088.60296423 9.152268 0.0392806849710085
3384422.60295795 9.15327 0.0375416055564189
3384756.60295166 9.154272 0.0428007612642902
3385090.60294537 9.155274 0.0384270283134132
3385424.60293908 9.156276 0.0409847332904318
3385758.6029328 9.157278 0.0399469791526716
3386092.60292651 9.15828 0.0381166208312979
3386426.60292022 9.159282 0.0387457717819504
3386760.60291394 9.160284 0.0414488681518879
3387094.60290765 9.161286 0.0401983609408647
3387428.60290136 9.162288 0.0422844579653644
3387762.60289507 9.16329 0.0342208421255745
3388096.60288879 9.164292 0.0404006539110452
3388430.6028825 9.165294 0.0421994956151905
3388764.60287621 9.166296 0.0449832289739709
3389098.60286993 9.167298 0.0403906076869871
3389432.60286364 9.1683 0.042626754062707
3389766.60285735 9.169302 0.040040720520788
3390100.60285106 9.170304 0.04299188850096
3390434.60284478 9.171306 0.0424586268609165
3390768.60283849 9.172308 0.0417869154842255
3391102.6028322 9.17331 0.0382090985916923
3391436.60282591 9.174312 0.0421884689866625
3391770.60281963 9.175314 0.0399530263796669
3392104.60281334 9.176316 0.0384139578732847
3392438.60280705 9.177318 0.0381672646061498
3392772.60280076 9.17832 0.0393802220892258
3393106.60279448 9.179322 0.0383757306677716
3393440.60278819 9.180324 0.0428574298312108
3393774.6027819 9.181326 0.0366656910857677
3394108.60277562 9.182328 0.0422574349832985
3394442.60276933 9.18333 0.0396643772018237
3394776.60276304 9.184332 0.0428558639564982
3395110.60275675 9.185334 0.0399294759585631
3395444.60275047 9.186336 0.0400994872333771
3395778.60274418 9.187338 0.0396493360985044
3396112.60273789 9.18834 0.0440663183202422
3396446.60273161 9.189342 0.0417555862456464
3396780.60272532 9.190344 0.0412661895511853
3397114.60271903 9.191346 0.0434797220259143
3397448.60271274 9.192348 0.0407953066773499
3397782.60270646 9.19335 0.0430252907335787
3398116.60270017 9.194352 0.0461788713127846
3398450.60269388 9.195354 0.0390451435403391
3398784.60268759 9.196356 0.0396878446276216
3399118.60268131 9.197358 0.0432473537160628
3399452.60267502 9.19836 0.0439708257460089
3399786.60266873 9.199362 0.0451652733476134
3400120.60266245 9.200364 0.0422886034623796
3400454.60265616 9.201366 0.0420478829619914
3400788.60264987 9.202368 0.0404978533854082
3401122.60264358 9.20337 0.0433874840355795
3401456.6026373 9.204372 0.043227619994196
3401790.60263101 9.205374 0.0418094460977751
3402124.60262472 9.206376 0.0447626838997593
3402458.60261843 9.207378 0.043806411336606
3402792.60261215 9.20838 0.0423316889614951
3403126.60260586 9.209382 0.044492181490101
3403460.60259957 9.210384 0.0417134852475987
3403794.60259329 9.211386 0.0446207099362207
3404128.602587 9.212388 0.0422028148821937
3404462.60258071 9.21339 0.0435028071418952
3404796.60257442 9.214392 0.0471967251101803
3405130.60256814 9.215394 0.0432930653340502
3405464.60256185 9.216396 0.0421990885758596
3405798.60255556 9.217398 0.0417215009244905
3406132.60254927 9.2184 0.0436033915770388
3406466.60254299 9.219402 0.0427539856553249
3406800.6025367 9.220404 0.0406595607306927
3407134.60253041 9.221406 0.0451488266377195
3407468.60252413 9.222408 0.0446951508543202
3407802.60251784 9.22341 0.0391156515098138
3408136.60251155 9.224412 0.0364940168579161
3408470.60250526 9.225414 0.0348749695793093
3408804.60249898 9.226416 0.0310135530079021
3409138.60249269 9.227418 0.0264513589877605
3409472.6024864 9.22842 0.0206945304745947
3409806.60248011 9.229422 0.0220295093486189
3410140.60247383 9.230424 0.0189894894180161
3410474.60246754 9.231426 0.0175508322619092
3410808.60246125 9.232428 0.0172489132858473
3411142.60245497 9.23343 0.0134274531052234
3411476.60244868 9.234432 0.017408560336346
3411810.60244239 9.235434 0.0155333460274076
3412144.6024361 9.236436 0.0164349172281139
3412478.60242982 9.237438 0.0147979934072806
3412812.60242353 9.23844 0.0157298381937853
3413146.60241724 9.239442 0.0163474913952489
3413480.60241096 9.240444 0.0155958775182502
3413814.60240467 9.241446 0.0121589146846412
3414148.60239838 9.242448 0.0147370452645427
3414482.60239209 9.24345 0.0129406515019817
3414816.60238581 9.244452 0.00839132684844851
3415150.60237952 9.245454 0.0120881071395603
3415484.60237323 9.246456 0.0122615714722567
3415818.60236694 9.247458 0.0106399130234136
3416152.60236066 9.24846 0.00897258770013186
3416486.60235437 9.249462 0.0108603509442952
3416820.60234808 9.250464 0.0120949282225588
3417154.60234179 9.251466 0.0110747121467023
3417488.60233551 9.252468 0.0089037769522104
3417822.60232922 9.25347 0.0111560209447483
3418156.60232293 9.254472 0.00803692257008191
3418490.60231665 9.255474 0.00738799675071459
3418824.60231036 9.256476 0.0119323227380601
3419158.60230407 9.257478 0.0113180480160779
3419492.60229778 9.25848 0.0102490994660026
3419826.6022915 9.259482 0.0110208036569753
3420160.60228521 9.260484 0.00705542304878741
3420494.60227892 9.261486 0.0104667282370506
3420828.60227264 9.262488 0.00810863864933009
3421162.60226635 9.26349 0.00790266457150703
3421496.60226006 9.264492 0.00825837961184301
3421830.60225377 9.265494 0.00891412088349647
3422164.60224749 9.266496 0.00966968769982064
3422498.6022412 9.267498 0.0110745218158466
3422832.60223491 9.2685 0.00389268822891504
3423166.60222862 9.269502 0.00711919894038106
3423500.60222234 9.270504 0.0078429753962617
3423834.60221605 9.271506 0.00891393191731828
3424168.60220976 9.272508 0.00815095383072413
3424502.60220348 9.27351 0.00811585060653294
3424836.60219719 9.274512 0.0039565217403332
3425170.6021909 9.275514 0.00555375300960642
3425504.60218461 9.276516 0.00748969668375515
3425838.60217833 9.277518 0.00982065523005409
3426172.60217204 9.27852 0.00705180974954244
3426506.60216575 9.279522 0.00748793464568163
3426840.60215947 9.280524 0.00575184386712209
3427174.60215318 9.281526 0.00668229444456272
3427508.60214689 9.282528 0.00313637962563026
3427842.6021406 9.28353 0.00449240818233439
3428176.60213432 9.284532 0.00893941997578757
3428510.60212803 9.285534 0.0096505604962678
3428844.60212174 9.286536 0.00373217203748908
3429178.60211545 9.287538 0.00776347352045093
3429512.60210917 9.28854 0.00519610673799145
3429846.60210288 9.289542 0.00635704912459188
3430180.60209659 9.290544 0.00807047970260274
3430514.60209031 9.291546 0.00720239334352506
3430848.60208402 9.292548 0.0115694548928134
3431182.60207773 9.29355 0.00734539692960681
3431516.60207144 9.294552 0.00465439837479658
3431850.60206516 9.295554 0.00304695410959414
3432184.60205887 9.296556 0.00654669560340823
3432518.60205258 9.297558 0.00522537152954088
3432852.6020463 9.29856 0.0045550630732628
3433186.60204001 9.299562 0.00676605801768662
3433520.60203372 9.300564 0.00633031612679663
3433854.60202743 9.301566 0.00445103531821888
3434188.60202115 9.302568 0.00424199795824446
3434522.60201486 9.30357 0.00451838489171018
3434856.60200857 9.304572 0.00302549692903036
3435190.60200228 9.305574 0.00481041668540121
3435524.601996 9.306576 0.00644164307729054
3435858.60198971 9.307578 0.00408811431232419
3436192.60198342 9.30858 0.00462965396534519
3436526.60197714 9.309582 0.00361962831107271
3436860.60197085 9.310584 0.00475206343782703
3437194.60196456 9.311586 0.00477158887915299
3437528.60195827 9.312588 0.00574638498156681
3437862.60195199 9.31359 0.00568926022906583
3438196.6019457 9.314592 0.00469838631966725
3438530.60193941 9.315594 0.0067932147720464
3438864.60193312 9.316596 0.00407421525727252
3439198.60192684 9.317598 0.00444550560729066
3439532.60192055 9.3186 0.00408442185384562
3439866.60191426 9.319602 0.00333650734961228
3440200.60190798 9.320604 0.00449662469069651
3440534.60190169 9.321606 0.00310182900066077
3440868.6018954 9.322608 0.000904392653337488
3441202.60188911 9.32361 0.00363776981124252
3441536.60188283 9.324612 0.00279409140182348
3441870.60187654 9.325614 0.0030022540789432
3442204.60187025 9.326616 0.00436891120474658
3442538.60186397 9.327618 0.0076402077504002
3442872.60185768 9.32862 0.00609028604284323
3443206.60185139 9.329622 0.0045493448987729
3443540.6018451 9.330624 0.00220938670151964
3443874.60183882 9.331626 0.00613440433581842
3444208.60183253 9.332628 0.00512847806831491
3444542.60182624 9.33363 0.00566942853015741
3444876.60181995 9.334632 0.00743196081476687
3445210.60181367 9.335634 0.00405791286812297
3445544.60180738 9.336636 0.00041639909836527
3445878.60180109 9.337638 0.00451070681407909
3446212.6017948 9.33864 0.00199079977706118
3446546.60178852 9.339642 0.00132479915335988
3446880.60178223 9.340644 0.00474670758456649
3447214.60177594 9.341646 0.0037218446101306
3447548.60176966 9.342648 0.00183490786643985
3447882.60176337 9.34365 0.0052111986850936
3448216.60175708 9.344652 0.0046307016087697
3448550.60175079 9.345654 0.0020438512472458
3448884.60174451 9.346656 8.47201923201089e-05
3449218.60173822 9.347658 0.00196180631639388
3449552.60173193 9.34866 0.00184039958769379
3449886.60172565 9.349662 0.00409809147656518
3450220.60171936 9.350664 0.00364248135992912
3450554.60171307 9.351666 0.00330693911860017
3450888.60170678 9.352668 0.0055350340042681
3451222.6017005 9.35367 0.00402757933966939
3451556.60169421 9.354672 0.00319565393944696
3451890.60168792 9.355674 0.00215564147803697
3452224.60168163 9.356676 0.00105229061052246
3452558.60167535 9.357678 0.00210252330298242
3452892.60166906 9.35868 0.00283257639529188
3453226.60166277 9.359682 0.00648523641815137
3453560.60165649 9.360684 0.00392835181938055
3453894.6016502 9.361686 -0.000447351602932126
3454228.60164391 9.362688 0.00243922063868178
3454562.60163762 9.36369 -0.00032450738139586
3454896.60163134 9.364692 0.00274040253063713
3455230.60162505 9.365694 0.00215075057928168
3455564.60161876 9.366696 -0.0007954620048394
3455898.60161247 9.367698 0.00450135418397448
3456232.60160619 9.3687 0.00140394981632114
3456566.6015999 9.369702 0.00319102364182981
3456900.60159361 9.370704 0.00223261472871508
3457234.60158732 9.371706 0.000393518485144369
3457568.60158104 9.372708 0.00229028748444525
3457902.60157475 9.37371 0.00732937024480102
3458236.60156846 9.374712 0.00171590771136847
3458570.60156218 9.375714 0.00271999012532428
3458904.60155589 9.376716 0.00435504496631819
3459238.6015496 9.377718 0.00277767372512979
3459572.60154331 9.37872 0.00124055355037648
3459906.60153703 9.379722 0.00551071704106196
3460240.60153074 9.380724 0.00340311621847221
3460574.60152445 9.381726 0.00206490252432882
3460908.60151817 9.382728 0.00207807220984196
3461242.60151188 9.38373 0.002649313772662
3461576.60150559 9.384732 0.00364553856639871
3461910.6014993 9.385734 0.00269848277679406
3462244.60149302 9.386736 0.00226644756903826
3462578.60148673 9.387738 0.000496566567681602
3462912.60148044 9.38874 -0.000318486195827914
3463246.60147415 9.389742 0.00377343522392891
3463580.60146787 9.390744 0.000825777210110283
3463914.60146158 9.391746 -0.00102222534071065
3464248.60145529 9.392748 0.00362838040100443
3464582.60144901 9.39375 0.00380893802206501
3464916.60144272 9.394752 -0.000497742753180053
3465250.60143643 9.395754 0.000396621785483712
3465584.60143014 9.396756 7.27794847977384e-05
3465918.60142386 9.397758 1.81864643076363e-05
3466252.60141757 9.39876 0.00368897236260961
3466586.60141128 9.399762 -0.000179219560561678
3466920.601405 9.400764 0.00203950352346199
3467254.60139871 9.401766 0.00253519690083314
3467588.60139242 9.402768 -0.000105019063328823
3467922.60138613 9.40377 -0.000421396820038804
3468256.60137985 9.404772 0.00185825188053414
3468590.60137356 9.405774 -2.23402165094386e-07
3468924.60136727 9.406776 0.00338708349148952
3469258.60136098 9.407778 0.00341874452307389
3469592.6013547 9.40878 0.00138657877624763
3469926.60134841 9.409782 0.000807608461548012
3470260.60134212 9.410784 -0.00029569486726764
3470594.60133583 9.411786 0.00398938301935812
3470928.60132955 9.412788 0.000566926967882821
3471262.60132326 9.41379 -8.64910174322364e-05
3471596.60131697 9.414792 0.00179507211820056
3471930.60131069 9.415794 0.000690210061986012
3472264.6013044 9.416796 0.00248428952656546
3472598.60129811 9.417798 -0.000894664786816593
3472932.60129182 9.4188 -0.00218558121130321
3473266.60128554 9.419802 0.0018818078626673
3473600.60127925 9.420804 0.00169248763101081
3473934.60127296 9.421806 -0.000569544902033491
3474268.60126668 9.422808 0.00180885342383138
3474602.60126039 9.42381 0.00215398867331474
3474936.6012541 9.424812 0.00253851982575863
3475270.60124781 9.425814 0.00149276027315552
3475604.60124153 9.426816 -0.00143811212648732
3475938.60123524 9.427818 0.000498072354138176
3476272.60122895 9.42882 0.00140219814764809
3476606.60122266 9.429822 0.000188466632310282
3476940.60121638 9.430824 0.00120926395193039
3477274.60121009 9.431826 0.00175030288297338
3477608.6012038 9.432828 0.00257397649330505
3477942.60119752 9.43383 0.00103084861648885
3478276.60119123 9.434832 0.00183502178979267
3478610.60118494 9.435834 0.000635633449520641
3478944.60117865 9.436836 0.00125133322002115
3479278.60117237 9.437838 0.00230950201007209
3479612.60116608 9.43884 0.00255480363817149
3479946.60115979 9.439842 0.00289619163876075
3480280.60115351 9.440844 0.0022861232126397
3480614.60114722 9.441846 0.000151222471323897
3480948.60114093 9.442848 -0.00088352575143234
3481282.60113464 9.44385 0.00152776816906456
3481616.60112836 9.444852 0.000847802394814428
3481950.60112207 9.445854 -0.000345172544393809
3482284.60111578 9.446856 7.79106225888431e-05
3482618.60110949 9.447858 0.00147469901220967
3482952.60110321 9.44886 -5.66219765961865e-05
3483286.60109692 9.449862 -0.00119339570660457
3483620.60109063 9.450864 -0.000445099094217629
3483954.60108435 9.451866 0.0019966190568431
3484288.60107806 9.452868 0.000786590630807001
3484622.60107177 9.45387 -0.000202320427091268
3484956.60106548 9.454872 0.00127894433468512
3485290.6010592 9.455874 -0.000479114623969296
3485624.60105291 9.456876 0.00512934363349961
3485958.60104662 9.457878 0.000422270234434999
3486292.60104033 9.45888 0.00139953727810141
3486626.60103405 9.459882 0.000480633241590652
3486960.60102776 9.460884 0.00216810018385045
3487294.60102147 9.461886 0.000817338595789242
3487628.60101519 9.462888 0.000966627063505846
3487962.6010089 9.46389 0.00133317701984384
3488296.60100261 9.464892 0.000936864611328637
3488630.60099632 9.465894 0.000470100149662028
3488964.60099004 9.466896 0.00224195914778219
3489298.60098375 9.467898 0.00200680190158733
3489632.60097746 9.4689 -0.00108785003223262
3489966.60097118 9.469902 3.70705764750529e-06
3490300.60096489 9.470904 0.00100614405805156
3490634.6009586 9.471906 0.0037649361576133
3490968.60095231 9.472908 0.00226896423922576
3491302.60094603 9.47391 -4.70624852189585e-05
3491636.60093974 9.474912 -0.000679143229603445
3491970.60093345 9.475914 0.000297313749421401
3492304.60092716 9.476916 0.0013771905631155
3492638.60092088 9.477918 0.0014596046660784
3492972.60091459 9.47892 0.000320388022553881
3493306.6009083 9.479922 -0.00143589945307746
3493640.60090201 9.480924 0.000359093879656962
3493974.60089573 9.481926 0.00160166155173284
3494308.60088944 9.482928 0.00260642676496953
3494642.60088315 9.48393 -0.000461525074034619
3494976.60087687 9.484932 -0.00124856218630589
3495310.60087058 9.485934 -0.000675547424782707
3495644.60086429 9.486936 0.00188337176029966
3495978.600858 9.487938 0.00286894291640197
3496312.60085172 9.48894 -0.000573328394940846
3496646.60084543 9.489942 0.000869491956876933
3496980.60083914 9.490944 0.00225317620487557
3497314.60083286 9.491946 0.00179295335172944
3497648.60082657 9.492948 0.00151586523759799
3497982.60082028 9.49395 -0.000315573519374565
3498316.60081399 9.494952 4.05018287436413e-05
3498650.60080771 9.495954 -0.000785708052153822
3498984.60080142 9.496956 0.00122037132687959
3499318.60079513 9.497958 -0.00343470753987204
3499652.60078884 9.49896 -0.000685414369983908
3499986.60078256 9.499962 -0.00113015246793571
3500320.60077627 9.500964 -0.000324992564273398
3500654.60076998 9.501966 0.00268171870382691
3500988.6007637 9.502968 -0.00157595765201896
3501322.60075741 9.50397 0.00135669534315937
3501656.60075112 9.504972 0.000932656245001768
3501990.60074483 9.505974 0.00188571912480382
3502324.60073855 9.506976 -0.00148313199030363
3502658.60073226 9.507978 0.00124525628218705
3502992.60072597 9.50898 -0.000278199886250705
3503326.60071969 9.509982 -0.000216648314704089
3503660.6007134 9.510984 0.000326638088664596
3503994.60070711 9.511986 0.00147431746681466
3504328.60070082 9.512988 0.00135306794065703
3504662.60069454 9.51399 6.38930170851768e-06
3504996.60068825 9.514992 0.000729814213538973
3505330.60068196 9.515994 -4.393093273709e-05
3505664.60067567 9.516996 0.00345393758459799
3505998.60066939 9.517998 -2.60978242813767e-05
3506332.6006631 9.519 0.000728751629981631
3506666.60065681 9.520002 3.23636964041704e-05
3507000.60065052 9.521004 0.000299165678477185
3507334.60064424 9.522006 -0.000493292334135083
3507668.60063795 9.523008 -0.000649264595613436
3508002.60063166 9.52401 0.00196467830454289
3508336.60062538 9.525012 0.00169141600790153
3508670.60061909 9.526014 0.000792117919696721
3509004.6006128 9.527016 0.00119148700396128
3509338.60060651 9.528018 -0.00108413096699736
3509672.60060023 9.52902 0.00194355628968896
3510006.60059394 9.530022 -0.000323526738531921
3510340.60058765 9.531024 -0.00179543915026392
3510674.60058137 9.532026 -0.00203331345914318
3511008.60057508 9.533028 -0.00011835210021429
3511342.60056879 9.53403 0.000912585237584392
3511676.6005625 9.535032 0.000765712081977676
3512010.60055622 9.536034 -0.000950805527059197
3512344.60054993 9.537036 0.000766942197086735
3512678.60054364 9.538038 -0.000163753073298368
3513012.60053735 9.53904 -0.00110119675483328
3513346.60053107 9.540042 0.00178993750772082
3513680.60052478 9.541044 0.00112837217464749
3514014.60051849 9.542046 0.000184152624557173
3514348.60051221 9.543048 0.00175315163743074
3514682.60050592 9.54405 0.00148101699506009
3515016.60049963 9.545052 -0.000541162328533393
3515350.60049334 9.546054 -0.000610528837493501
3515684.60048706 9.547056 0.000842832584750705
3516018.60048077 9.548058 0.00191315744744471
3516352.60047448 9.54906 0.000810425489291352
3516686.6004682 9.550062 0.000617721095449619
3517020.60046191 9.551064 0.00286714130514077
3517354.60045562 9.552066 0.00089671765569471
3517688.60044933 9.553068 0.00346046980821036
3518022.60044305 9.55407 -0.000773054760920662
3518356.60043676 9.555072 0.000419186350527512
3518690.60043047 9.556074 0.000131053086377118
3519024.60042418 9.557076 -0.000199221383936766
3519358.6004179 9.558078 0.000223964193787816
3519692.60041161 9.55908 0.00234153065581504
3520026.60040532 9.560082 -6.99366355207724e-05
3520360.60039904 9.561084 0.000660219488585657
3520694.60039275 9.562086 0.000304344612565511
3521028.60038646 9.563088 0.00176601279639843
3521362.60038017 9.56409 0.00230873876749829
3521696.60037389 9.565092 4.99026313343057e-05
3522030.6003676 9.566094 -0.00221489778055656
3522364.60036131 9.567096 -0.00250919545361696
3522698.60035502 9.568098 -0.000180072191318934
3523032.60034874 9.5691 0.00210101702030744
3523366.60034245 9.570102 -0.00115315628264401
3523700.60033616 9.571104 0.00124254678585626
3524034.60032988 9.572106 -0.000681414998623016
3524368.60032359 9.573108 0.00226623427137102
3524702.6003173 9.57411 0.000891056710046306
3525036.60031101 9.575112 0.00158152181464324
3525370.60030473 9.576114 -0.00133170783488191
3525704.60029844 9.577116 0.00290995226587351
3526038.60029215 9.578118 0.00099280453852896
3526372.60028586 9.57912 0.00303933421343742
3526706.60027958 9.580122 -0.00107180794788743
3527040.60027329 9.581124 1.03336188215336e-05
3527374.600267 9.582126 0.00158423840155969
3527708.60026072 9.583128 0.000268812652023993
3528042.60025443 9.58413 -0.000351989186226273
3528376.60024814 9.585132 0.00165739116667295
3528710.60024185 9.586134 0.0021269722614491
3529044.60023557 9.587136 0.00075308445147289
3529378.60022928 9.588138 0.00361633125305133
3529712.60022299 9.58914 0.000167212750379501
3530046.6002167 9.590142 0.00124180719923915
3530380.60021042 9.591144 0.000885685556454813
3530714.60020413 9.592146 0.000677345809920603
3531048.60019784 9.593148 0.000682396872658805
3531382.60019156 9.59415 8.70364397986278e-05
3531716.60018527 9.595152 -0.00401593454467049
3532050.60017898 9.596154 -0.000322454019315891
3532384.60017269 9.597156 -0.00242388076501244
3532718.60016641 9.598158 0.000156472363807147
3533052.60016012 9.59916 -0.000245296247083075
3533386.60015383 9.600162 -0.0022078223497788
3533720.60014755 9.601164 0.00571261310512463
3534054.60014126 9.602166 -0.00215245875947466
3534388.60013497 9.603168 0.000899087787679148
3534722.60012868 9.60417 -0.000227521566743797
3535056.6001224 9.605172 0.00307491886920606
3535390.60011611 9.606174 0.00010634378606366
3535724.60010982 9.607176 0.00132182620001955
3536058.60010353 9.608178 0.000528967308573599
3536392.60009725 9.60918 0.000369868932051317
3536726.60009096 9.610182 0.00164241601668443
3537060.60008467 9.611184 -0.0020273187244487
3537394.60007839 9.612186 -0.000372160178153389
3537728.6000721 9.613188 -0.000549774972531134
3538062.60006581 9.61419 -0.00136946884050952
3538396.60005952 9.615192 0.0014531528289118
3538730.60005324 9.616194 -0.000852338025940332
3539064.60004695 9.617196 0.00184981979552965
3539398.60004066 9.618198 0.00197186951111575
3539732.60003438 9.6192 0.00084495138095956
3540066.60002809 9.620202 0.00129982859831299
3540400.6000218 9.621204 0.000759457594156048
3540734.60001551 9.622206 -0.00251851929443429
3541068.60000923 9.623208 -0.000487598078797144
3541402.60000294 9.62421 -0.000534712214408874
3541736.59999665 9.625212 0.000829931043839487
3542070.59999036 9.626214 -0.000252180054614113
3542404.59998408 9.627216 0.00170195985975841
3542738.59997779 9.628218 0.00132198932998817
3543072.5999715 9.62922 0.0029466004848855
3543406.59996521 9.630222 -0.00174119190866346
3543740.59995893 9.631224 -0.00148064459231477
3544074.59995264 9.632226 -0.00277451342704846
3544408.59994635 9.633228 0.000680055591346858
3544742.59994007 9.63423 -0.00146264954937949
3545076.59993378 9.635232 0.00161860132578273
3545410.59992749 9.636234 0.00391036250549948
3545744.5999212 9.637236 0.001587130664576
3546078.59991492 9.638238 0.00195745552709048
3546412.59990863 9.63924 0.00185537150602858
3546746.59990234 9.640242 0.00246992661862757
3547080.59989606 9.641244 0.00243987081941753
3547414.59988977 9.642246 0.00150169354718772
3547748.59988348 9.643248 -0.000671580355166922
3548082.59987719 9.64425 -0.00010768887696931
3548416.59987091 9.645252 0.000323021254062283
3548750.59986462 9.646254 -0.00126937684507312
3549084.59985833 9.647256 0.000572312236078454
3549418.59985204 9.648258 -0.00114033897565089
3549752.59984576 9.64926 -0.000581851918061255
3550086.59983947 9.650262 -0.00141261784434313
3550420.59983318 9.651264 0.000369719054831486
3550754.5998269 9.652266 -0.000576867572135926
3551088.59982061 9.653268 0.000941125084026383
3551422.59981432 9.65427 -0.0011531536426479
3551756.59980803 9.655272 0.00020991898141122
3552090.59980175 9.656274 0.000748994245082466
3552424.59979546 9.657276 0.00145030347392379
3552758.59978917 9.658278 0.00391919387889867
3553092.59978288 9.65928 0.0028265689699139
3553426.5997766 9.660282 0.000709687819831788
3553760.59977031 9.661284 0.000397794594860446
3554094.59976402 9.662286 -0.00131306499634111
3554428.59975773 9.663288 -0.000172195292868343
3554762.59975145 9.66429 0.00118830086699479
3555096.59974516 9.665292 0.000472282517129897
3555430.59973887 9.666294 0.00234224735342192
3555764.59973259 9.667296 0.000145362369060203
3556098.5997263 9.668298 -0.000859943814404843
3556432.59972001 9.6693 0.000869232338169008
3556766.59971372 9.670302 -0.00131812027607542
3557100.59970744 9.671304 0.000377050101119739
3557434.59970115 9.672306 0.000671846643128505
3557768.59969486 9.673308 -0.000304419582854341
3558102.59968858 9.67431 0.00270826827790588
3558436.59968229 9.675312 -0.000237146186939135
3558770.599676 9.676314 0.00267686195314792
3559104.59966971 9.677316 0.00132334180778048
3559438.59966343 9.678318 -4.64924700406282e-05
3559772.59965714 9.67932 -0.000850680468203229
3560106.59965085 9.680322 -0.00168266689397923
3560440.59964456 9.681324 0.000438029478619011
3560774.59963828 9.682326 -0.000384643646197219
3561108.59963199 9.683328 0.00118134262940253
3561442.5996257 9.68433 0.000369302654341435
3561776.59961942 9.685332 0.00113471906525763
3562110.59961313 9.686334 -0.000469277577987088
3562444.59960684 9.687336 0.000186818981274225
3562778.59960055 9.688338 -0.000871843343771736
3563112.59959427 9.68934 -0.00044780910236485
3563446.59958798 9.690342 -0.00152369491832295
3563780.59958169 9.691344 0.000832079352571059
3564114.59957541 9.692346 0.00199536693922459
3564448.59956912 9.693348 0.00052888114519499
3564782.59956283 9.69435 0.000973313374474116
3565116.59955654 9.695352 -9.94368171549997e-05
3565450.59955026 9.696354 0.000750566224221913
3565784.59954397 9.697356 0.00178079489332392
3566118.59953768 9.698358 0.0012019869447634
3566452.59953139 9.69936 0.000513175440432207
3566786.59952511 9.700362 0.00156906011045576
3567120.59951882 9.701364 -0.000362672082063229
3567454.59951253 9.702366 6.15412120080322e-05
3567788.59950625 9.703368 -0.00172911823734592
3568122.59949996 9.70437 0.00127678126488943
3568456.59949367 9.705372 0.00228191126089985
3568790.59948738 9.706374 0.000912761451466269
3569124.5994811 9.707376 -9.30537165896956e-05
3569458.59947481 9.708378 -0.000260398309987704
3569792.59946852 9.70938 -0.000370564266559196
3570126.59946223 9.710382 -0.000463172492357616
3570460.59945595 9.711384 0.00137247193571936
3570794.59944966 9.712386 -0.00101279270476857
3571128.59944337 9.713388 0.000386401400070399
3571462.59943709 9.71439 0.000907286725528175
3571796.5994308 9.715392 0.00320362430315284
3572130.59942451 9.716394 -0.000101539552972746
3572464.59941822 9.717396 -0.00185118123031798
3572798.59941194 9.718398 0.000142442320031612
3573132.59940565 9.7194 0.00043705044074388
3573466.59939936 9.720402 0.00066284435449792
3573800.59939308 9.721404 -0.0019611621353394
3574134.59938679 9.722406 -0.000508735572064622
3574468.5993805 9.723408 -0.000443522494274464
3574802.59937421 9.72441 -0.00016818966093675
3575136.59936793 9.725412 -0.000620006869370362
3575470.59936164 9.726414 -0.0015738021330616
3575804.59935535 9.727416 0.000347059098447468
3576138.59934906 9.728418 -0.00122582505497171
3576472.59934278 9.72942 -0.000322255312321247
3576806.59933649 9.730422 0.00153409489596736
3577140.5993302 9.731424 0.00132091629575905
3577474.59932392 9.732426 0.00109682658675577
3577808.59931763 9.733428 0.00145200780055826
3578142.59931134 9.73443 -0.000163464384692599
3578476.59930505 9.735432 -0.000251739008395317
3578810.59929877 9.736434 0.00297888541463792
3579144.59929248 9.737436 0.00052080023673311
3579478.59928619 9.738438 -0.000647776494604349
3579812.59927991 9.73944 0.000508000713633357
3580146.59927362 9.740442 -0.00125661452359137
3580480.59926733 9.741444 -0.000474629037929468
3580814.59926104 9.742446 0.00173732744598842
3581148.59925476 9.743448 -0.000161367141864346
3581482.59924847 9.74445 -0.000890285586084471
3581816.59924218 9.745452 -0.00311312789556288
3582150.59923589 9.746454 -0.000608002387241497
3582484.59922961 9.747456 0.00307372500036527
3582818.59922332 9.748458 0.000753427760171177
3583152.59921703 9.74946 -0.00130170901213069
3583486.59921074 9.750462 -0.000808595280624612
3583820.59920446 9.751464 -0.00114434558378509
3584154.59919817 9.752466 -0.000290034419664289
3584488.59919188 9.753468 0.00017174731999614
3584822.5991856 9.75447 -0.000199822111435302
3585156.59917931 9.755472 0.000609705010651582
3585490.59917302 9.756474 0.000480358201755952
3585824.59916673 9.757476 0.000864910853368194
3586158.59916045 9.758478 0.000408704143167063
3586492.59915416 9.75948 0.00161310583037488
3586826.59914787 9.760482 -0.00105026550651283
3587160.59914159 9.761484 -0.00104981368554945
3587494.5991353 9.762486 -0.00195538263255648
3587828.59912901 9.763488 0.000228503351712809
3588162.59912272 9.76449 -0.000740278914588157
3588496.59911644 9.765492 0.000341876038405809
3588830.59911015 9.766494 -0.000449625670881847
3589164.59910386 9.767496 0.00148196793535751
3589498.59909757 9.768498 0.00201135947231065
3589832.59909129 9.7695 -0.00301795294566101
3590166.599085 9.770502 0.00012325956484959
3590500.59907871 9.771504 0.00141790937309371
3590834.59907243 9.772506 0.000941562317807574
3591168.59906614 9.773508 0.00184330987595361
3591502.59905985 9.77451 -0.000255725016621996
3591836.59905356 9.775512 0.0013075591680892
3592170.59904728 9.776514 -0.000759603182320532
3592504.59904099 9.777516 0.00188205026966217
3592838.5990347 9.778518 0.00149600035075928
3593172.59902841 9.77952 0.00291562215579991
3593506.59902213 9.780522 -0.00191357080681855
3593840.59901584 9.781524 -0.00141813417617018
3594174.59900955 9.782526 0.00209016794845376
3594508.59900327 9.783528 0.0010477237866373
3594842.59899698 9.78453 -5.81500733829465e-05
3595176.59899069 9.785532 0.00117389847992877
3595510.5989844 9.786534 0.000266454008150941
3595844.59897812 9.787536 -0.00103122722164652
3596178.59897183 9.788538 0.000783402291981847
3596512.59896554 9.78954 -0.00155644259954945
3596846.59895925 9.790542 0.00174456092399007
3597180.59895297 9.791544 0.00405767772982813
3597514.59894668 9.792546 -0.000294999349648238
3597848.59894039 9.793548 0.00141396231298261
3598182.59893411 9.79455 0.00280269430729444
3598516.59892782 9.795552 -0.000776770626718436
3598850.59892153 9.796554 0.00154083609662829
3599184.59891524 9.797556 -0.0019067822263034
3599518.59890896 9.798558 0.00289602215579954
3599852.59890267 9.79956 0.00146559225404128
3600186.59889638 9.800562 -0.000594089982643738
3600520.5988901 9.801564 -0.00101163988928486
3600854.59888381 9.802566 0.00109022075958332
3601188.59887752 9.803568 -0.000284840208178534
3601522.59887123 9.80457 0.000508501417620592
3601856.59886495 9.805572 0.00266369298640936
3602190.59885866 9.806574 0.00162314474778874
3602524.59885237 9.807576 -0.000151597201182413
3602858.59884608 9.808578 0.00137991455464372
3603192.5988398 9.80958 0.000613461122412734
3603526.59883351 9.810582 0.00046252115053276
3603860.59882722 9.811584 -0.00070484722626753
3604194.59882094 9.812586 0.00114998126710504
3604528.59881465 9.813588 -0.00117823373215079
3604862.59880836 9.81459 -0.000817648071607994
3605196.59880207 9.815592 -0.00138991527422298
3605530.59879579 9.816594 0.000647602377276063
3605864.5987895 9.817596 -0.00116221242517022
3606198.59878321 9.818598 0.00282280800156107
3606532.59877692 9.8196 -0.000646097043357426
3606866.59877064 9.820602 -0.000126646020142275
3607200.59876435 9.821604 0.000159679488799729
3607534.59875806 9.822606 0.000274409071217655
3607868.59875177 9.823608 0.00086033194439316
3608202.59874549 9.82461 0.00100792155049818
3608536.5987392 9.825612 -0.00120018299538494
3608870.59873291 9.826614 0.00127839445309244
3609204.59872663 9.827616 -0.0012598851914553
3609538.59872034 9.828618 0.00250714216074885
3609872.59871405 9.82962 -0.000521866444512092
3610206.59870776 9.830622 -0.000590013065045116
3610540.59870148 9.831624 -0.000395445679978381
3610874.59869519 9.832626 -0.00126679825845851
3611208.5986889 9.833628 -0.000844765674360009
3611542.59868262 9.83463 0.000413016057901489
3611876.59867633 9.835632 0.000895567438092954
3612210.59867004 9.836634 6.74728338863599e-05
3612544.59866375 9.837636 -0.000321462818144107
3612878.59865747 9.838638 2.15996652475363e-05
3613212.59865118 9.83964 0.000565107548096635
3613546.59864489 9.840642 0.00124300058948254
3613880.5986386 9.841644 2.54996503435686e-05
3614214.59863232 9.842646 0.0011546150871415
3614548.59862603 9.843648 -0.0016291458751987
3614882.59861974 9.84465 -0.00139020585107946
3615216.59861346 9.845652 -0.000572363564169889
3615550.59860717 9.846654 0.000810372286114698
3615884.59860088 9.847656 0.000991211644035824
3616218.59859459 9.848658 -0.00220850375026994
3616552.59858831 9.84966 -0.00103101690095609
3616886.59858202 9.850662 0.0024209653240324
3617220.59857573 9.851664 0.00045014117836379
3617554.59856945 9.852666 -0.000361164743729079
3617888.59856316 9.853668 -0.000354024869187936
3618222.59855687 9.85467 0.000113784575846281
3618556.59855058 9.855672 0.000138160434774956
3618890.5985443 9.856674 -0.00144351010599159
3619224.59853801 9.857676 -0.00137647516218116
3619558.59853172 9.858678 -0.000361039094694968
3619892.59852543 9.85968 0.00146490334850789
3620226.59851915 9.860682 -0.000507678554418347
3620560.59851286 9.861684 0.000250184353557072
3620894.59850657 9.862686 -0.00266435004802541
3621228.59850029 9.863688 0.0023956262458162
3621562.598494 9.86469 0.00122549397745998
3621896.59848771 9.865692 -0.000779511310391647
3622230.59848142 9.866694 0.000133877222147082
3622564.59847514 9.867696 -0.00128357913528291
3622898.59846885 9.868698 -0.00225955566013086
3623232.59846256 9.8697 0.000677682916087217
3623566.59845628 9.870702 -0.000680059584864954
3623900.59844999 9.871704 -0.00206366296590905
3624234.5984437 9.872706 0.0034366120553143
3624568.59843741 9.873708 0.00107998116448046
3624902.59843113 9.87471 -0.00270655555617756
3625236.59842484 9.875712 -0.00105617773964844
3625570.59841855 9.876714 0.00146373069030235
3625904.59841226 9.877716 -0.00120744777616844
3626238.59840598 9.878718 0.00440766042799278
3626572.59839969 9.87972 0.00229870559380925
3626906.5983934 9.880722 -0.000653641347440205
3627240.59838712 9.881724 0.000852646054234616
3627574.59838083 9.882726 0.00156016973786196
3627908.59837454 9.883728 -0.000987165103830593
3628242.59836825 9.88473 -0.00181048115144147
3628576.59836197 9.885732 0.00286998274172997
3628910.59835568 9.886734 0.000822207037442007
3629244.59834939 9.887736 0.000665591450000568
3629578.59834311 9.888738 -0.00199503366969555
3629912.59833682 9.88974 -0.00179297551100355
3630246.59833053 9.890742 -0.00203645013688038
3630580.59832424 9.891744 0.00113094687517462
3630914.59831796 9.892746 -0.000997405024216567
3631248.59831167 9.893748 -0.000638667042529454
3631582.59830538 9.89475 -5.25690481037012e-05
3631916.59829909 9.895752 -0.000380862236831267
3632250.59829281 9.896754 -0.000197740923408809
3632584.59828652 9.897756 -0.000401987237117844
3632918.59828023 9.898758 0.00054644126456695
3633252.59827394 9.89976 -0.000615952566331409
3633586.59826766 9.900762 0.00163084068362411
3633920.59826137 9.901764 0.00264209643259151
3634254.59825508 9.902766 -0.00113685773094335
3634588.5982488 9.903768 0.0021298985617906
3634922.59824251 9.90477 0.00158625963347652
3635256.59823622 9.905772 -0.00145769315518998
3635590.59822993 9.906774 0.00125712835745312
3635924.59822365 9.907776 0.000867888413713378
3636258.59821736 9.908778 0.00210261697070733
3636592.59821107 9.90978 -5.68409390321006e-05
3636926.59820479 9.910782 -0.000478604266313041
3637260.5981985 9.911784 -0.00122126602950883
3637594.59819221 9.912786 0.00165729732718589
3637928.59818592 9.913788 -0.00031884394582658
3638262.59817964 9.91479 -0.00236715961990098
3638596.59817335 9.915792 -0.00158916432689104
3638930.59816706 9.916794 9.72209736030972e-06
3639264.59816077 9.917796 -0.00150360839450881
3639598.59815449 9.918798 -0.000227508743422908
3639932.5981482 9.9198 0.00162994467058258
3640266.59814191 9.920802 0.00318117280212325
3640600.59813563 9.921804 0.000353480909853141
3640934.59812934 9.922806 -0.000148319032365821
3641268.59812305 9.923808 0.00089696896939497
3641602.59811676 9.92481 0.0028548552261352
3641936.59811048 9.925812 0.00231252315665764
3642270.59810419 9.926814 -0.00106450969762713
3642604.5980979 9.927816 -0.000611541589874264
3642938.59809161 9.928818 -0.00108922946593839
3643272.59808533 9.92982 -0.00113563745439551
3643606.59807904 9.930822 0.000846892293074799
3643940.59807275 9.931824 -0.000994367635231147
3644274.59806646 9.932826 -4.74263647396531e-05
3644608.59806018 9.933828 0.00107504778388019
3644942.59805389 9.93483 0.00313280333047229
3645276.5980476 9.935832 -0.00116559954282085
3645610.59804132 9.936834 -0.000219350237533198
3645944.59803503 9.937836 -0.00199961715465974
3646278.59802874 9.938838 0.00147277423713204
3646612.59802245 9.93984 0.000795969508980275
3646946.59801617 9.940842 0.00131100120051614
3647280.59800988 9.941844 0.00139080893325705
3647614.59800359 9.942846 -0.00233997174792173
3647948.59799731 9.943848 -0.000106152753188532
3648282.59799102 9.94485 -0.000531605985376242
3648616.59798473 9.945852 -0.00152884374802169
3648950.59797844 9.946854 0.00270521774159862
3649284.59797216 9.947856 -0.00315539159386818
3649618.59796587 9.948858 -0.000621274263555649
3649952.59795958 9.94986 -0.000216373678278105
3650286.59795329 9.950862 0.000803071588924124
3650620.59794701 9.951864 0.000701722896385354
3650954.59794072 9.952866 -0.0014007690870213
3651288.59793443 9.953868 -0.000829111442039526
3651622.59792815 9.95487 0.000256337963002996
3651956.59792186 9.955872 -0.00202612710354182
3652290.59791557 9.956874 0.000343164543083857
3652624.59790928 9.957876 -0.000249274356890236
3652958.597903 9.958878 -0.000364556383310395
3653292.59789671 9.95988 0.000390451812295425
3653626.59789042 9.960882 0.00134694036857441
3653960.59788414 9.961884 0.00274111011545119
3654294.59787785 9.962886 0.00108277261028346
3654628.59787156 9.963888 0.00010479980424218
3654962.59786527 9.96489 0.00190613036588648
3655296.59785899 9.965892 0.00152552307898476
3655630.5978527 9.966894 -0.000894200040277179
3655964.59784641 9.967896 -0.00103847549595094
3656298.59784012 9.968898 -0.00152958230187994
3656632.59783384 9.9699 -0.00108952736404719
3656966.59782755 9.970902 0.000973758104440457
3657300.59782126 9.971904 0.000611259843971513
3657634.59781498 9.972906 0.00174728679647078
3657968.59780869 9.973908 -0.00187329634032978
3658302.5978024 9.97491 8.3466680129508e-05
3658636.59779611 9.975912 -0.000210056816160205
3658970.59778983 9.976914 -0.00121381858207254
3659304.59778354 9.977916 0.000982467988966061
3659638.59777725 9.978918 0.00119937084529875
3659972.59777096 9.97992 -0.00368879108946636
3660306.59776468 9.980922 -0.0015468188767174
3660640.59775839 9.981924 3.14502169246399e-05
3660974.5977521 9.982926 0.000873272027148745
3661308.59774581 9.983928 -0.00182554115586941
3661642.59773953 9.98493 -0.00171790234930236
3661976.59773324 9.985932 0.00261338532080826
3662310.59772695 9.986934 -0.000599918534449426
3662644.59772067 9.987936 0.00137292477100602
3662978.59771438 9.988938 -0.00123958469763389
3663312.59770809 9.98994 -0.00115474884012084
3663646.5977018 9.990942 -0.000458900788541017
3663980.59769552 9.991944 0.000210638700578753
3664314.59768923 9.992946 0.000859520535510242
3664648.59768294 9.993948 0.000112520662843473
3664982.59767666 9.99495 0.00117681407208539
3665316.59767037 9.995952 0.00126986916435096
3665650.59766408 9.996954 -0.00343760852025829
3665984.59765779 9.997956 0.000523201602516812
3666318.59765151 9.998958 0.00160206126012918
3666652.59764522 9.99996 0.000485375147069599
3666986.59763893 10.000962 0.00289999545890187
3667320.59763264 10.001964 0.000978507658152506
3667654.59762636 10.002966 0.000397859847589063
3667988.59762007 10.003968 -0.000916881022322491
3668322.59761378 10.00497 0.00164365720740591
3668656.5976075 10.005972 -0.000247481175455553
3668990.59760121 10.006974 -0.0006886747630277
3669324.59759492 10.007976 0.00208479621175302
3669658.59758863 10.008978 -0.000127204999510069
3669992.59758235 10.00998 -0.000933381251039371
3670326.59757606 10.010982 -0.000832779206921157
3670660.59756977 10.011984 0.00148785612526934
3670994.59756349 10.012986 -0.00177790041163292
3671328.5975572 10.013988 0.00212265633912824
3671662.59755091 10.01499 -0.00152494454570686
3671996.59754462 10.015992 0.000541163993783627
3672330.59753834 10.016994 0.00251808770805337
3672664.59753205 10.017996 -0.000524750440863419
3672998.59752576 10.018998 0.002966148249777
3673332.59751947 10.02 -0.00207590660589791
3673666.59751319 10.021002 -0.0010292219826942
3674000.5975069 10.022004 0.000196809427117847
3674334.59750061 10.023006 -0.000733584808010581
3674668.59749433 10.024008 0.00150635257278079
3675002.59748804 10.02501 -0.00267768236679213
3675336.59748175 10.026012 0.00132851691631671
3675670.59747546 10.027014 0.000840636477541579
3676004.59746918 10.028016 0.000924539016868202
3676338.59746289 10.029018 0.00180339601939467
3676672.5974566 10.03002 -0.000107953644644202
3677006.59745032 10.031022 0.00171025380791152
3677340.59744403 10.032024 0.000720563827820442
3677674.59743774 10.033026 -0.0014406931862149
3678008.59743145 10.034028 -0.000127537624635147
3678342.59742517 10.03503 -0.00262174921040245
3678676.59741888 10.036032 -7.75196730880879e-05
3679010.59741259 10.037034 0.000630580413562584
3679344.5974063 10.038036 -0.000984938501964974
3679678.59740002 10.039038 -0.00161745219233183
3680012.59739373 10.04004 -0.00161104917017162
3680346.59738744 10.041042 -0.000466704846785196
3680680.59738115 10.042044 -0.00233788855845503
3681014.59737487 10.043046 0.000973708952007096
3681348.59736858 10.044048 -0.0014191007594889
3681682.59736229 10.04505 0.000219245857051281
3682016.59735601 10.046052 -4.20705451873495e-05
3682350.59734972 10.047054 0.00188466199950068
3682684.59734343 10.048056 0.000141884880872606
3683018.59733714 10.049058 0.000206664445460022
3683352.59733086 10.05006 0.000785669532971062
3683686.59732457 10.051062 0.00070272826728283
3684020.59731828 10.052064 -0.000883921677869428
3684354.59731199 10.053066 -0.00130961820705366
3684688.59730571 10.054068 0.000127840613082277
3685022.59729942 10.05507 -0.000364038745482238
3685356.59729313 10.056072 -6.60823782175055e-05
3685690.59728685 10.057074 0.00193506704887478
3686024.59728056 10.058076 0.000404980466732647
3686358.59727427 10.059078 0.000480040226943473
3686692.59726798 10.06008 0.00217735548848855
3687026.5972617 10.061082 -0.00189176059209404
3687360.59725541 10.062084 0.000111497138657113
3687694.59724912 10.063086 -0.000111307135699121
3688028.59724284 10.064088 -0.00305257378674434
3688362.59723655 10.06509 0.00130277468737395
3688696.59723026 10.066092 -0.00149759783554397
3689030.59722397 10.067094 -0.00116846071969356
3689364.59721769 10.068096 -0.000554008088767419
3689698.5972114 10.069098 0.00161745245959271
3690032.59720511 10.0701 -0.00285838616048117
3690366.59719882 10.071102 0.00192422955925767
3690700.59719254 10.072104 -0.000217971749442904
3691034.59718625 10.073106 0.000195088057426405
3691368.59717996 10.074108 -0.000818706205854877
3691702.59717367 10.07511 0.000117210528194583
3692036.59716739 10.076112 -0.000554893260156547
3692370.5971611 10.077114 0.000327148345391971
3692704.59715481 10.078116 -0.000945167141168193
3693038.59714853 10.079118 0.00128911036517747
3693372.59714224 10.08012 0.00186635824804197
3693706.59713595 10.081122 0.00207629006539801
3694040.59712966 10.082124 -0.0036476973299816
3694374.59712338 10.083126 0.00133904112464821
3694708.59711709 10.084128 -0.000663833386605408
3695042.5971108 10.08513 -0.00162560866953923
3695376.59710452 10.086132 -0.00191123457248306
3695710.59709823 10.087134 -0.00119771975229001
3696044.59709194 10.088136 0.00330356737145107
3696378.59708565 10.089138 -0.000924594156520098
3696712.59707937 10.09014 -0.000251160306472142
3697046.59707308 10.091142 -0.000527422241551386
3697380.59706679 10.092144 -0.000460636627671873
3697714.5970605 10.093146 0.000807484402405351
3698048.59705422 10.094148 0.00114165994636353
3698382.59704793 10.09515 -0.000842881231818645
3698716.59704164 10.096152 0.00077088261183187
3699050.59703536 10.097154 0.00120579888262411
3699384.59702907 10.098156 0.00311557589988473
3699718.59702278 10.099158 -0.0021106259977329
3700052.59701649 10.10016 0.00015605691605868
3700386.59701021 10.101162 0.00297499012505967
3700720.59700392 10.102164 -0.00116710119119362
3701054.59699763 10.103166 0.000749680561652652
3701388.59699135 10.104168 0.00118692477213783
3701722.59698506 10.10517 0.000117208087367268
3702056.59697877 10.106172 -0.00118491798598373
3702390.59697248 10.107174 0.00148726540799833
3702724.5969662 10.108176 1.51360088580184e-05
3703058.59695991 10.109178 0.000965560522583653
3703392.59695362 10.11018 0.000153236555125036
3703726.59694733 10.111182 0.000347234151565163
3704060.59694105 10.112184 -0.00259206123358886
3704394.59693476 10.113186 0.000116741818921571
3704728.59692847 10.114188 -0.000801655904607399
3705062.59692219 10.11519 0.000121633088208676
3705396.5969159 10.116192 0.00261480412203073
3705730.59690961 10.117194 0.00134847033053079
3706064.59690332 10.118196 0.00168517960326493
3706398.59689704 10.119198 0.000625358212043306
3706732.59689075 10.1202 -0.000623385936569287
3707066.59688446 10.121202 0.000431658322684018
3707400.59687818 10.122204 -0.00170951889352037
3707734.59687189 10.123206 0.000683122279716748
3708068.5968656 10.124208 -0.00127833811480124
3708402.59685931 10.12521 0.00346997987625836
3708736.59685303 10.126212 -0.000547539075681764
3709070.59684674 10.127214 0.00189073611150264
3709404.59684045 10.128216 0.000578371487957502
3709738.59683416 10.129218 0.00221898791187659
3710072.59682788 10.13022 0.00128092160463299
3710406.59682159 10.131222 0.00366789136639631
3710740.5968153 10.132224 0.000113434898160942
3711074.59680902 10.133226 -0.000121032709000258
3711408.59680273 10.134228 0.000930100864893694
3711742.59679644 10.13523 0.000845429118865238
3712076.59679015 10.136232 0.00129635665443333
3712410.59678387 10.137234 0.00279308369861695
3712744.59677758 10.138236 -0.000316554527869952
3713078.59677129 10.139238 -0.000721357729764887
3713412.59676501 10.14024 0.00299063333174392
3713746.59675872 10.141242 0.00201747342947436
3714080.59675243 10.142244 0.00122892886837424
3714414.59674614 10.143246 0.00126152347561186
3714748.59673986 10.144248 -0.000251177997000441
3715082.59673357 10.14525 -0.00095554887878065
3715416.59672728 10.146252 0.000979364320266889
3715750.59672099 10.147254 -0.000958786335927735
3716084.59671471 10.148256 0.000245943789643684
3716418.59670842 10.149258 -0.000208373706264208
3716752.59670213 10.15026 -0.000851235156503248
3717086.59669584 10.151262 0.00183675928528706
3717420.59668956 10.152264 -0.00260289191686184
3717754.59668327 10.153266 0.000819573527246036
3718088.59667698 10.154268 0.000319716082467703
3718422.5966707 10.15527 0.000456830207472948
3718756.59666441 10.156272 -0.00315402914292356
3719090.59665812 10.157274 -0.000627743433494454
3719424.59665183 10.158276 0.00100117837534995
3719758.59664555 10.159278 -0.000344269813363339
3720092.59663926 10.16028 0.00151455201639354
3720426.59663297 10.161282 0.00197283423931759
3720760.59662669 10.162284 0.0019619665230829
3721094.5966204 10.163286 -0.000839946875671182
3721428.59661411 10.164288 0.00119110761805578
3721762.59660782 10.16529 -0.0015665942102817
3722096.59660154 10.166292 -0.000728097862303725
3722430.59659525 10.167294 0.00132671407780956
3722764.59658896 10.168296 -0.00146045917263386
3723098.59658267 10.169298 0.000584808808078869
3723432.59657639 10.1703 0.000907861668249384
3723766.5965701 10.171302 -0.000429280911749396
3724100.59656381 10.172304 5.29787632640866e-05
3724434.59655753 10.173306 0.00059044102230748
3724768.59655124 10.174308 -0.000218255610605091
3725102.59654495 10.17531 0.000774379440040539
3725436.59653866 10.176312 -0.00214865678705552
3725770.59653238 10.177314 0.00180124964741521
3726104.59652609 10.178316 -0.000182354096283082
3726438.5965198 10.179318 -0.000416892704328415
3726772.59651351 10.18032 -0.00270111988908038
3727106.59650723 10.181322 -5.6516201969633e-05
3727440.59650094 10.182324 0.00146405790905284
3727774.59649465 10.183326 0.00105062983335792
3728108.59648837 10.184328 0.00138792515493284
3728442.59648208 10.18533 -0.00102623921505106
3728776.59647579 10.186332 0.00209228539351112
3729110.5964695 10.187334 -0.00183377587773988
3729444.59646322 10.188336 -0.0019569403170001
3729778.59645693 10.189338 0.000569147176541706
3730112.59645064 10.19034 -0.000634809840821915
3730446.59644435 10.191342 0.00119166789670351
3730780.59643807 10.192344 -0.00168060573527644
3731114.59643178 10.193346 -6.91485484437432e-05
3731448.59642549 10.194348 0.00221700323302689
3731782.59641921 10.19535 0.0023945765242441
3732116.59641292 10.196352 -0.00214115689524013
3732450.59640663 10.197354 0.000536551724651135
3732784.59640034 10.198356 -0.00344236494750616
3733118.59639406 10.199358 0.000568613218703665
3733452.59638777 10.20036 -0.000409031529845092
3733786.59638148 10.201362 -0.00013819486314855
3734120.59637519 10.202364 0.000768224370221674
3734454.59636891 10.203366 -0.000551264749422126
3734788.59636262 10.204368 -0.00053637689673422
3735122.59635633 10.20537 -0.000569337558474933
3735456.59635005 10.206372 -8.99916116849034e-05
3735790.59634376 10.207374 -0.000323232130573025
3736124.59633747 10.208376 0.00249700520791364
3736458.59633118 10.209378 -0.000929565424843452
3736792.5963249 10.21038 0.00115230574739719
3737126.59631861 10.211382 -0.00189159769931533
3737460.59631232 10.212384 0.00175364041800981
3737794.59630604 10.213386 -0.000144507213517146
3738128.59629975 10.214388 -0.00105345608367392
3738462.59629346 10.21539 0.000702428753853461
3738796.59628717 10.216392 -0.00128630065029256
3739130.59628089 10.217394 0.00253122131046346
3739464.5962746 10.218396 0.0005893962692784
3739798.59626831 10.219398 -0.000541212618028279
3740132.59626202 10.2204 -0.000187499185148348
3740466.59625574 10.221402 0.000239080432554922
3740800.59624945 10.222404 0.000701606249563395
3741134.59624316 10.223406 0.00058852555961226
3741468.59623687 10.224408 0.00134377666356859
3741802.59623059 10.22541 -0.00108848382102468
3742136.5962243 10.226412 -0.000126941584569869
3742470.59621801 10.227414 0.00149107807433281
3742804.59621173 10.228416 -0.000391212457947344
3743138.59620544 10.229418 -0.00173816927370975
3743472.59619915 10.23042 -0.00214132725857683
3743806.59619286 10.231422 0.0004756809735544
3744140.59618658 10.232424 -0.00124403673536155
3744474.59618029 10.233426 -0.000907902009031293
3744808.596174 10.234428 -0.000392777148255617
3745142.59616772 10.23543 -0.000883175938702009
3745476.59616143 10.236432 0.00151384074521861
3745810.59615514 10.237434 0.000318042223487646
3746144.59614885 10.238436 -0.000843071771378667
3746478.59614257 10.239438 0.000279746051971981
3746812.59613628 10.24044 0.000934511029448621
3747146.59612999 10.241442 0.00124262321187045
3747480.5961237 10.242444 -0.00273802216677531
3747814.59611742 10.243446 -0.000384056145413519
3748148.59611113 10.244448 -0.00104688510740002
3748482.59610484 10.24545 -0.00194872537507051
3748816.59609856 10.246452 -0.0029042741524522
3749150.59609227 10.247454 -0.00207050642938195
3749484.59608598 10.248456 0.0018395827985235
3749818.59607969 10.249458 -0.000840666351667254
3750152.59607341 10.25046 0.00293684564862616
3750486.59606712 10.251462 0.00133742681448747
3750820.59606083 10.252464 0.00056383575142723
3751154.59605455 10.253466 0.00141041409359477
3751488.59604826 10.254468 0.000186059011932249
3751822.59604197 10.25547 -0.00129597000981847
3752156.59603568 10.256472 -0.00180953198922427
3752490.5960294 10.257474 -0.00153167300532856
3752824.59602311 10.258476 0.00248358346700524
3753158.59601682 10.259478 -4.89359206956867e-05
3753492.59601053 10.26048 0.000368414761513989
3753826.59600425 10.261482 0.000519916530421533
3754160.59599796 10.262484 -0.00163890238510222
3754494.59599167 10.263486 0.00230234140495556
3754828.59598539 10.264488 0.000540578994250451
3755162.5959791 10.26549 0.00152550649684683
3755496.59597281 10.266492 0.000260383423504907
3755830.59596652 10.267494 -0.000211475283833084
3756164.59596024 10.268496 -0.00049705379226023
3756498.59595395 10.269498 -0.00063804007246462
3756832.59594766 10.2705 6.19505000072723e-05
3757166.59594137 10.271502 0.00130580419059787
3757500.59593509 10.272504 -0.00146581204016613
3757834.5959288 10.273506 -0.0020923465579998
3758168.59592251 10.274508 -0.000214765653551837
3758502.59591623 10.27551 0.00185653365123293
3758836.59590994 10.276512 -0.000789466919330419
3759170.59590365 10.277514 -0.000580322721805594
3759504.59589736 10.278516 -0.000305566618019611
3759838.59589108 10.279518 -0.000316577132701556
3760172.59588479 10.28052 -0.00119751553243182
3760506.5958785 10.281522 -0.0017074204881244
3760840.59587222 10.282524 0.000725309577427544
3761174.59586593 10.283526 -0.0013238837937185
3761508.59585964 10.284528 -0.00199275044413788
3761842.59585335 10.28553 0.000834370828829416
3762176.59584707 10.286532 -0.00059435022590778
3762510.59584078 10.287534 0.000114161754424797
3762844.59583449 10.288536 -0.00159671417053911
3763178.5958282 10.289538 0.000304984944351993
3763512.59582192 10.29054 -0.00252281168838917
3763846.59581563 10.291542 0.000980404020770306
3764180.59580934 10.292544 0.000890808272719104
3764514.59580306 10.293546 -0.000208099038185561
3764848.59579677 10.294548 0.000228148707451569
3765182.59579048 10.29555 -0.000934228634219121
3765516.59578419 10.296552 -0.00260302300074372
3765850.59577791 10.297554 -0.000856572187364005
3766184.59577162 10.298556 -0.00280007692536484
3766518.59576533 10.299558 -0.00069576930930039
3766852.59575904 10.30056 0.0017821806003459
3767186.59575276 10.301562 0.00058836455518389
3767520.59574647 10.302564 -0.000728344919581272
3767854.59574018 10.303566 -0.000545958009855944
3768188.59573389 10.304568 0.000158950750978593
3768522.59572761 10.30557 -0.00128852561676837
3768856.59572132 10.306572 -0.000333854319756108
3769190.59571503 10.307574 -0.000453748004095101
3769524.59570875 10.308576 0.00268415936467909
3769858.59570246 10.309578 -0.000327552690949367
3770192.59569617 10.31058 -0.00086292352304568
3770526.59568988 10.311582 -0.00285032112755913
3770860.5956836 10.312584 -0.000469094387439823
3771194.59567731 10.313586 -0.00083144869122563
3771528.59567102 10.314588 3.51731195492138e-05
3771862.59566474 10.31559 0.00160210232480719
3772196.59565845 10.316592 -0.00050862207729353
3772530.59565216 10.317594 -0.00235774682818341
3772864.59564587 10.318596 0.00106002154926358
3773198.59563959 10.319598 0.000313986272738705
3773532.5956333 10.3206 0.000715427548229407
3773866.59562701 10.321602 -0.0023416654918951
3774200.59562072 10.322604 -0.00242525528844892
3774534.59561444 10.323606 -0.00185453182346665
3774868.59560815 10.324608 -0.00215173371376812
3775202.59560186 10.32561 7.58712862601584e-05
3775536.59559558 10.326612 -0.000920142980025847
3775870.59558929 10.327614 -0.00153735555869141
3776204.595583 10.328616 0.0026964667946036
3776538.59557671 10.329618 -0.00106514880456409
3776872.59557043 10.33062 0.00143932008323692
3777206.59556414 10.331622 -0.00145453569050301
3777540.59555785 10.332624 0.000624678386667289
3777874.59555157 10.333626 0.000424191762172769
3778208.59554528 10.334628 -5.83592825380807e-05
3778542.59553899 10.33563 0.000650953852834457
3778876.5955327 10.336632 -0.00115690251521574
3779210.59552642 10.337634 0.00196158209699524
3779544.59552013 10.338636 -0.00223817140400401
3779878.59551384 10.339638 0.00081892291811017
3780212.59550755 10.34064 -2.05173362069089e-05
3780546.59550127 10.341642 -0.00126601442071467
3780880.59549498 10.342644 0.00199911925957332
3781214.59548869 10.343646 0.00173352961543187
3781548.5954824 10.344648 -0.000697099536445525
3781882.59547612 10.34565 0.000862032832443882
3782216.59546983 10.346652 0.00101485575663203
3782550.59546354 10.347654 -0.00168952289114256
3782884.59545726 10.348656 0.00197302271646053
3783218.59545097 10.349658 0.00153448770657123
3783552.59544468 10.35066 -0.000637400974374667
3783886.59543839 10.351662 -0.00107396226808758
3784220.59543211 10.352664 0.0024090259717208
3784554.59542582 10.353666 0.00224851533949501
3784888.59541953 10.354668 0.000107649934918455
3785222.59541325 10.35567 -0.00097213138714971
3785556.59540696 10.356672 -0.000791804904961349
3785890.59540067 10.357674 0.000585205454117272
3786224.59539438 10.358676 5.98510249698649e-05
3786558.5953881 10.359678 0.00219705134945208
3786892.59538181 10.36068 -0.00116333827503518
3787226.59537552 10.361682 0.000488588286591713
3787560.59536923 10.362684 -0.00065485961352506
3787894.59536295 10.363686 0.00122838108276702
3788228.59535666 10.364688 0.00105673946830226
3788562.59535037 10.36569 0.00212966405802555
3788896.59534409 10.366692 -0.000146617261947311
3789230.5953378 10.367694 0.000211020944667387
3789564.59533151 10.368696 0.00046657602595592
3789898.59532522 10.369698 -0.00011750210560017
3790232.59531894 10.3707 0.000473575240237224
3790566.59531265 10.371702 0.00102219170424359
3790900.59530636 10.372704 0.000159207708123266
3791234.59530008 10.373706 -0.000807160089007923
3791568.59529379 10.374708 0.00227256456037258
3791902.5952875 10.37571 0.000480232302946008
3792236.59528121 10.376712 0.0022796051131076
3792570.59527493 10.377714 -0.000177534517099407
3792904.59526864 10.378716 -0.00104147092602776
3793238.59526235 10.379718 -0.00177634433147947
3793572.59525606 10.38072 -0.00112057374591432
3793906.59524978 10.381722 -0.00192094226145213
3794240.59524349 10.382724 0.00043251016712724
3794574.5952372 10.383726 -0.000335095240487947
3794908.59523092 10.384728 0.0014178945702256
3795242.59522463 10.38573 -0.00179240119932113
3795576.59521834 10.386732 0.000405297254253151
3795910.59521205 10.387734 -0.000956384394623385
3796244.59520577 10.388736 0.00135140752977002
3796578.59519948 10.389738 4.58355705337577e-05
3796912.59519319 10.39074 0.000521198337579596
3797246.5951869 10.391742 0.000271711245477433
3797580.59518062 10.392744 -0.000324180258810481
3797914.59517433 10.393746 0.00226430743171405
3798248.59516804 10.394748 -0.000549148567613159
3798582.59516176 10.39575 -0.00010758248594195
3798916.59515547 10.396752 -0.000283648568060795
3799250.59514918 10.397754 -0.000567750290864206
3799584.59514289 10.398756 0.000800872405790328
3799918.59513661 10.399758 0.0022449576978407
3800252.59513032 10.40076 0.00292565860613805
3800586.59512403 10.401762 0.00131370724857001
3800920.59511774 10.402764 0.00167871115544426
3801254.59511146 10.403766 -0.000827173208538578
3801588.59510517 10.404768 -0.000124767111534067
3801922.59509888 10.40577 0.00123151673128812
3802256.5950926 10.406772 0.00119861183493682
3802590.59508631 10.407774 0.00211640385505097
3802924.59508002 10.408776 -0.000839800571785592
3803258.59507373 10.409778 0.000398610386979345
3803592.59506745 10.41078 0.00215259164037185
3803926.59506116 10.411782 0.00042896295609876
3804260.59505487 10.412784 0.00129072775560346
3804594.59504858 10.413786 -0.000661562993747321
3804928.5950423 10.414788 0.00119767300197578
3805262.59503601 10.41579 -0.00125193734509084
3805596.59502972 10.416792 0.0017631603474933
3805930.59502344 10.417794 0.00105524830325437
3806264.59501715 10.418796 0.000778124225932642
3806598.59501086 10.419798 0.000625572147070027
3806932.59500457 10.4208 0.000347589035208749
3807266.59499829 10.421802 0.000433248589294594
3807600.594992 10.422804 -0.0023098761272906
3807934.59498571 10.423806 0.00174515141420486
3808268.59497943 10.424808 0.000106485316802125
3808602.59497314 10.42581 -0.000293438310621327
3808936.59496685 10.426812 -0.00267276085653934
3809270.59496056 10.427814 -0.00225708168386227
3809604.59495428 10.428816 -0.00240983882550956
3809938.59494799 10.429818 0.00235179501556489
3810272.5949417 10.43082 -0.00239395324109747
3810606.59493541 10.431822 -0.000575604907397382
3810940.59492913 10.432824 0.000501358893055741
3811274.59492284 10.433826 -0.00315225608865115
3811608.59491655 10.434828 0.00274267442734384
3811942.59491027 10.43583 -0.000599481704953469
3812276.59490398 10.436832 -0.00217222300809055
3812610.59489769 10.437834 -0.00165736133506028
3812944.5948914 10.438836 -0.000511548799536785
3813278.59488512 10.439838 -0.00114494691272331
3813612.59487883 10.44084 0.00136348574988874
3813946.59487254 10.441842 -0.000941265418905199
3814280.59486626 10.442844 0.000149858010939958
3814614.59485997 10.443846 0.00156243400500033
3814948.59485368 10.444848 0.000150523682958323
3815282.59484739 10.44585 -0.00360865951451347
3815616.59484111 10.446852 0.00201362425384514
3815950.59483482 10.447854 -0.000971007563724343
3816284.59482853 10.448856 -0.000278128265687453
3816618.59482224 10.449858 -0.000778584698362303
3816952.59481596 10.45086 -0.00130465649659119
3817286.59480967 10.451862 -0.000675322399327221
3817620.59480338 10.452864 -0.00104635570650239
3817954.59479709 10.453866 0.00303763774402954
3818288.59479081 10.454868 -0.00153241174233847
3818622.59478452 10.45587 -0.00189685953672673
3818956.59477823 10.456872 -0.00122320399406579
3819290.59477195 10.457874 -0.00114113563855251
3819624.59476566 10.458876 0.000379584776807868
3819958.59475937 10.459878 0.00203500335072925
3820292.59475308 10.46088 -0.00116047550184768
3820626.5947468 10.461882 -0.000350393504920977
3820960.59474051 10.462884 0.000968969265429647
3821294.59473422 10.463886 0.00229385261854029
3821628.59472794 10.464888 -0.00123874741927368
3821962.59472165 10.46589 0.00307487860954608
3822296.59471536 10.466892 0.000372566626811409
3822630.59470907 10.467894 0.000558367432216608
3822964.59470279 10.468896 0.00113449907092639
3823298.5946965 10.469898 0.00128950887766253
3823632.59469021 10.4709 -0.000539772088333891
3823966.59468392 10.471902 0.00110488641026503
3824300.59467764 10.472904 -0.0021075931039287
3824634.59467135 10.473906 -0.00163506451630396
3824968.59466506 10.474908 0.0012068242158033
3825302.59465878 10.47591 -0.000133626409946375
3825636.59465249 10.476912 0.000948237055906699
3825970.5946462 10.477914 0.000261693972612591
3826304.59463991 10.478916 -0.000374056416126674
3826638.59463363 10.479918 0.00198227712426416
3826972.59462734 10.48092 0.000180025789686468
3827306.59462105 10.481922 0.000672046829127692
3827640.59461477 10.482924 0.00269197309998926
3827974.59460848 10.483926 0.00162981842229232
3828308.59460219 10.484928 -0.000537412519996041
3828642.5945959 10.48593 -0.00236697800271104
3828976.59458962 10.486932 0.000660674572873123
3829310.59458333 10.487934 0.00181042185603199
3829644.59457704 10.488936 -0.000684414276634793
3829978.59457075 10.489938 -0.000390050482084738
3830312.59456447 10.49094 0.00248584577641558
3830646.59455818 10.491942 0.000653432579420742
3830980.59455189 10.492944 0.000954938266162905
3831314.5945456 10.493946 0.000300405617675315
3831648.59453932 10.494948 -0.000382077961037238
3831982.59453303 10.49595 0.000221828408923082
3832316.59452674 10.496952 0.00277339501516829
3832650.59452046 10.497954 -0.000767025066013953
3832984.59451417 10.498956 -0.000442200967181829
3833318.59450788 10.499958 -8.21370858449975e-05
3833652.59450159 10.50096 -8.42394683235306e-05
3833986.59449531 10.501962 -3.92050323428456e-05
3834320.59448902 10.502964 -0.000529521603442014
3834654.59448273 10.503966 -0.00198336045188902
3834988.59447645 10.504968 0.000984906045296534
3835322.59447016 10.50597 0.00074633946763433
3835656.59446387 10.506972 -0.00300202817071627
3835990.59445758 10.507974 -0.00104180607696919
3836324.5944513 10.508976 0.00103547046787036
3836658.59444501 10.509978 0.00160999383685432
3836992.59443872 10.51098 0.00114359338328318
3837326.59443243 10.511982 9.84478937594926e-06
3837660.59442615 10.512984 -0.00217704604133265
3837994.59441986 10.513986 0.00123723683695529
3838328.59441357 10.514988 0.00154734254627655
3838662.59440729 10.51599 0.00177315060262513
3838996.594401 10.516992 0.00131206587945202
3839330.59439471 10.517994 -0.000994578962886356
3839664.59438842 10.518996 -0.000353910044549084
3839998.59438214 10.519998 0.000870732229373321
3840332.59437585 10.521 0.000248605624955605
3840666.59436956 10.522002 -0.00162658568082525
3841000.59436327 10.523004 -0.00102343968311431
3841334.59435699 10.524006 0.000723915076994057
3841668.5943507 10.525008 0.000753729908268142
3842002.59434441 10.52601 -0.0011947027378202
3842336.59433813 10.527012 -0.00107936016768048
3842670.59433184 10.528014 -0.00169386544303305
3843004.59432555 10.529016 0.00102518801209815
3843338.59431926 10.530018 2.52634016222045e-05
3843672.59431298 10.53102 0.000167892045037584
3844006.59430669 10.532022 0.000374314305931787
3844340.5943004 10.533024 -0.000494193763928335
3844674.59429412 10.534026 -0.000258814176805914
3845008.59428783 10.535028 0.000826468456726009
3845342.59428154 10.53603 0.00132972808958039
3845676.59427525 10.537032 -0.00140945819854091
3846010.59426897 10.538034 -0.000159490144623838
3846344.59426268 10.539036 -0.00277069036110408
3846678.59425639 10.540038 0.0012461818860767
3847012.5942501 10.54104 0.00335286639305093
3847346.59424382 10.542042 0.00203963382434003
3847680.59423753 10.543044 -0.000116263573522618
3848014.59423124 10.544046 -0.000424792593456532
3848348.59422496 10.545048 -0.000601575303108903
3848682.59421867 10.54605 -0.000639134706221713
3849016.59421238 10.547052 -0.000145949827104793
3849350.59420609 10.548054 -0.000965274729260597
3849684.59419981 10.549056 -0.00141979573588707
3850018.59419352 10.550058 0.00104163218700966
3850352.59418723 10.55106 -0.00213015709948331
3850686.59418095 10.552062 -0.00252132822169397
3851020.59417466 10.553064 0.000783227028884098
3851354.59416837 10.554066 0.00328875526600574
3851688.59416208 10.555068 -0.000681396296264161
3852022.5941558 10.55607 -0.000182380141520159
3852356.59414951 10.557072 -0.000891914283664977
3852690.59414322 10.558074 0.000367100979750137
3853024.59413693 10.559076 0.00163120818534616
3853358.59413065 10.560078 -0.00122875005049581
3853692.59412436 10.56108 -0.00111291381437505
3854026.59411807 10.562082 0.00107755334118971
3854360.59411178 10.563084 0.00114436808511992
3854694.5941055 10.564086 0.00120927084862379
3855028.59409921 10.565088 -7.68893637532095e-06
3855362.59409292 10.56609 0.000222753016692115
3855696.59408664 10.567092 0.00102488895073411
3856030.59408035 10.568094 -0.00192930266764801
3856364.59407406 10.569096 0.000547121632012571
3856698.59406777 10.570098 -0.000396363935743708
3857032.59406149 10.5711 0.000891749473175939
3857366.5940552 10.572102 0.00146449013274198
3857700.59404891 10.573104 -0.000200378845633694
3858034.59404263 10.574106 0.0022173587525059
3858368.59403634 10.575108 0.00275618890304505
3858702.59403005 10.57611 0.000720687144271469
3859036.59402376 10.577112 -0.00260597470372402
3859370.59401748 10.578114 0.0021106535246581
3859704.59401119 10.579116 -0.000349017695638399
3860038.5940049 10.580118 -0.00215199007471407
3860372.59399861 10.58112 -0.00112307064710517
3860706.59399233 10.582122 -0.00171417533398008
3861040.59398604 10.583124 -0.0013128256489331
3861374.59397975 10.584126 7.84172662391547e-05
3861708.59397347 10.585128 -0.00103857486636984
3862042.59396718 10.58613 -0.000568416795867672
3862376.59396089 10.587132 -0.0017823379943624
3862710.5939546 10.588134 0.000272934912166976
3863044.59394832 10.589136 0.000594725953839184
3863378.59394203 10.590138 -0.000164707246090949
3863712.59393574 10.59114 0.00380258218627095
3864046.59392945 10.592142 0.00270043794855601
3864380.59392317 10.593144 -0.000784477311369951
3864714.59391688 10.594146 0.00325390329391007
3865048.59391059 10.595148 -0.000148568057120054
3865382.59390431 10.59615 -0.000681894890150659
3865716.59389802 10.597152 -0.00106134628731921
3866050.59389173 10.598154 0.00104801988477906
3866384.59388544 10.599156 -8.7672251593192e-05
3866718.59387916 10.600158 -0.000387769810505873
3867052.59387287 10.60116 0.00193075779045345
3867386.59386658 10.602162 0.00150350944285308
3867720.59386029 10.603164 -0.00162161316703047
3868054.59385401 10.604166 0.000437055750583682
3868388.59384772 10.605168 0.000280241827285348
3868722.59384143 10.60617 0.00110564778444638
3869056.59383515 10.607172 -0.00110031799487288
3869390.59382886 10.608174 -6.45703998453207e-05
3869724.59382257 10.609176 -0.000146039828480076
3870058.59381628 10.610178 0.000149730301057074
3870392.59381 10.61118 0.000708469148924049
3870726.59380371 10.612182 0.00114624038570395
3871060.59379742 10.613184 -0.000171068588711093
3871394.59379113 10.614186 -0.00131321302715488
3871728.59378485 10.615188 0.00215643980972901
3872062.59377856 10.61619 0.00232431745635726
3872396.59377227 10.617192 0.000101388688718488
3872730.59376599 10.618194 0.000943030858234192
3873064.5937597 10.619196 0.00152253689279378
3873398.59375341 10.620198 0.00235584329785954
3873732.59374712 10.6212 -0.00229554234402048
3874066.59374084 10.622202 0.00024304723391509
3874400.59373455 10.623204 0.00149147443512103
3874734.59372826 10.624206 0.00108267305239401
3875068.59372198 10.625208 -8.59352733084804e-05
3875402.59371569 10.62621 0.00160885291824873
3875736.5937094 10.627212 0.000447723505660474
3876070.59370311 10.628214 -0.000400075961079176
3876404.59369683 10.629216 -0.0013201094022807
3876738.59369054 10.630218 0.000114858108485378
3877072.59368425 10.63122 -0.00181665382303968
3877406.59367796 10.632222 -0.00116441877119363
3877740.59367168 10.633224 -0.00138122217886503
3878074.59366539 10.634226 0.000943946832134054
3878408.5936591 10.635228 -0.000175179364031735
3878742.59365281 10.63623 0.00275020460532856
3879076.59364653 10.637232 -0.000462569043654522
3879410.59364024 10.638234 0.000260110217331216
3879744.59363395 10.639236 -0.0012195037943582
3880078.59362767 10.640238 -0.000402495043075461
3880412.59362138 10.64124 0.000421374493555995
3880746.59361509 10.642242 0.00125525661239232
3881080.5936088 10.643244 0.00269296925208639
3881414.59360252 10.644246 0.00234313888600084
3881748.59359623 10.645248 0.00361760923545271
3882082.59358994 10.64625 0.000352964224815296
3882416.59358366 10.647252 -0.000427837608247886
3882750.59357737 10.648254 -0.000681289191198033
3883084.59357108 10.649256 0.000550675807654542
3883418.59356479 10.650258 -0.000515192033732494
3883752.59355851 10.65126 0.00161790135274604
3884086.59355222 10.652262 -0.000753848802677988
3884420.59354593 10.653264 0.00079921285126291
3884754.59353964 10.654266 -0.000245143548103758
3885088.59353336 10.655268 0.00255771622178048
3885422.59352707 10.65627 0.000316505003492855
3885756.59352078 10.657272 -0.00155369535125584
3886090.5935145 10.658274 0.000911604255094614
3886424.59350821 10.659276 -0.000238708370297263
3886758.59350192 10.660278 0.000370618306300849
3887092.59349563 10.66128 0.00149000616584892
3887426.59348935 10.662282 -7.99566663299072e-05
3887760.59348306 10.663284 0.00133673250221241
3888094.59347677 10.664286 -0.00326762891723976
3888428.59347048 10.665288 -0.00236283316995924
3888762.5934642 10.66629 -0.00238106460061658
3889096.59345791 10.667292 -0.00139894705546965
3889430.59345162 10.668294 0.000958719436534526
3889764.59344534 10.669296 -0.000756470093997261
3890098.59343905 10.670298 0.00120468620194693
3890432.59343276 10.6713 0.000587979208787766
3890766.59342647 10.672302 0.000256762922868335
3891100.59342019 10.673304 9.11953160392982e-05
3891434.5934139 10.674306 -0.000379346893501466
3891768.59340761 10.675308 -0.000283021957417917
3892102.59340133 10.67631 -0.0025219067895454
3892436.59339504 10.677312 -0.000860276874699661
3892770.59338875 10.678314 0.000254345543858865
3893104.59338246 10.679316 0.000673057748238916
3893438.59337618 10.680318 0.00134364097390506
3893772.59336989 10.68132 -0.000432602958957736
3894106.5933636 10.682322 0.00302447284233303
3894440.59335731 10.683324 -0.0031544637684564
3894774.59335103 10.684326 -0.0012836513714959
3895108.59334474 10.685328 -0.000722420190288822
3895442.59333845 10.68633 -0.00084180891956647
3895776.59333217 10.687332 -0.000143947822235641
3896110.59332588 10.688334 -0.000404360474591118
3896444.59331959 10.689336 0.00352879385288198
3896778.5933133 10.690338 -0.00107203671507724
3897112.59330702 10.69134 0.000188991660388934
3897446.59330073 10.692342 0.000402916075684341
3897780.59329444 10.693344 -0.000505958547562517
3898114.59328816 10.694346 0.00112667487806438
3898448.59328187 10.695348 0.000341591375269853
3898782.59327558 10.69635 0.00130591872152092
3899116.59326929 10.697352 0.000914469550994661
3899450.59326301 10.698354 0.000612084366456687
3899784.59325672 10.699356 -0.00130433935712309
3900118.59325043 10.700358 0.000805847956841283
3900452.59324414 10.70136 -0.000174308456260969
3900786.59323786 10.702362 -0.000905850024083158
3901120.59323157 10.703364 -0.00171066939779237
3901454.59322528 10.704366 7.77390999705781e-06
3901788.593219 10.705368 -0.000756818164063875
3902122.59321271 10.70637 -0.00116999314528964
3902456.59320642 10.707372 -0.00234244283937613
3902790.59320013 10.708374 0.000615596415757436
3903124.59319385 10.709376 0.000280280530424679
3903458.59318756 10.710378 0.00110558577851868
3903792.59318127 10.71138 0.000599300384478583
3904126.59317499 10.712382 0.000924267101828638
3904460.5931687 10.713384 0.000979103093397247
3904794.59316241 10.714386 -0.00183831074353539
3905128.59315612 10.715388 -0.000663195325744764
3905462.59314984 10.71639 -0.00216364966548193
3905796.59314355 10.717392 0.00176092749409348
3906130.59313726 10.718394 -0.00111703679203044
3906464.59313097 10.719396 -0.00150659482629853
3906798.59312469 10.720398 -0.000823369180370209
3907132.5931184 10.7214 -0.000924551628031389
3907466.59311211 10.722402 0.000587496234505619
3907800.59310582 10.723404 0.000335438632903576
3908134.59309954 10.724406 -2.22333330996192e-05
3908468.59309325 10.725408 0.000251668663766423
3908802.59308696 10.72641 0.000366130480362948
3909136.59308068 10.727412 0.000388977153767175
3909470.59307439 10.728414 0.00175835467899984
3909804.5930681 10.729416 -0.00176745825410387
3910138.59306181 10.730418 0.000849523043807387
3910472.59305553 10.73142 0.00037400485144959
3910806.59304924 10.732422 -0.00212844851474646
3911140.59304295 10.733424 0.000417258215714934
3911474.59303667 10.734426 0.00148228189046498
3911808.59303038 10.735428 -0.000931982314355548
3912142.59302409 10.73643 0.000134136226083713
3912476.5930178 10.737432 0.00265844672523747
3912810.59301152 10.738434 0.0013527118841755
3913144.59300523 10.739436 0.000435935858074373
3913478.59299894 10.740438 -0.000631236805326935
3913812.59299265 10.74144 -0.00132787117639939
3914146.59298637 10.742442 0.000593593640526835
3914480.59298008 10.743444 -0.00167081088774582
3914814.59297379 10.744446 -0.000425461233501943
3915148.59296751 10.745448 -0.000800815379335811
3915482.59296122 10.74645 0.000182149475962292
3915816.59295493 10.747452 0.000836072274117832
3916150.59294864 10.748454 -0.000939574840966944
3916484.59294236 10.749456 0.00172293250086936
3916818.59293607 10.750458 -0.000169254388886026
3917152.59292978 10.75146 2.47317961797315e-06
3917486.59292349 10.752462 -0.00191575967862949
3917820.59291721 10.753464 0.000106232605906931
3918154.59291092 10.754466 0.00101919683859833
3918488.59290463 10.755468 0.00163078943860785
3918822.59289835 10.75647 0.00126327109085171
3919156.59289206 10.757472 0.00118858155021665
3919490.59288577 10.758474 -0.00126817067432889
3919824.59287948 10.759476 0.00232298130680628
3920158.5928732 10.760478 -0.00146483767185462
3920492.59286691 10.76148 -0.0013642755520504
3920826.59286062 10.762482 -0.00144360165990225
3921160.59285433 10.763484 0.000751733566672365
3921494.59284805 10.764486 -0.000303433196212506
3921828.59284176 10.765488 0.00122400242409205
3922162.59283547 10.76649 0.000849897568607328
3922496.59282919 10.767492 0.00040242247449513
3922830.5928229 10.768494 -0.00187717685110745
3923164.59281661 10.769496 8.79667887429588e-06
3923498.59281032 10.770498 -0.000558795559341701
3923832.59280404 10.7715 -0.000988735526899283
3924166.59279775 10.772502 0.000416853209578255
3924500.59279146 10.773504 0.00122716799310598
3924834.59278517 10.774506 0.000359024150421108
3925168.59277889 10.775508 0.00172055573611655
3925502.5927726 10.77651 -0.0002013712162116
3925836.59276631 10.777512 -9.44034135546216e-06
3926170.59276003 10.778514 0.00170385115987988
3926504.59275374 10.779516 -0.00108175449242558
3926838.59274745 10.780518 0.00145967204387516
3927172.59274116 10.78152 0.00115705171305517
3927506.59273488 10.782522 0.00160757497919659
3927840.59272859 10.783524 -0.00040281020485735
3928174.5927223 10.784526 7.17862980283672e-05
3928508.59271602 10.785528 -0.00124875985614077
3928842.59270973 10.78653 0.000200129360121843
3929176.59270344 10.787532 -0.00100521845786723
3929510.59269715 10.788534 0.000290118298189527
3929844.59269087 10.789536 0.00145712816231002
3930178.59268458 10.790538 -0.000584417241850318
3930512.59267829 10.79154 -0.00170055171315933
3930846.592672 10.792542 -0.000286431754828733
3931180.59266572 10.793544 0.00108671842630619
3931514.59265943 10.794546 0.000160606464571072
3931848.59265314 10.795548 0.00182597939095479
3932182.59264685 10.79655 0.00249446534362575
3932516.59264057 10.797552 0.000734486098921148
3932850.59263428 10.798554 0.00013042021389648
3933184.59262799 10.799556 0.000861659574437805
3933518.59262171 10.800558 -0.000417917947481327
3933852.59261542 10.80156 -0.000106494135169229
3934186.59260913 10.802562 0.000124852181496552
3934520.59260284 10.803564 0.000545653770385283
3934854.59259656 10.804566 -0.00166013803498201
3935188.59259027 10.805568 0.00203646625428525
3935522.59258398 10.80657 -0.000357410810400223
3935856.5925777 10.807572 0.000937892235973685
3936190.59257141 10.808574 -0.00220189504626796
3936524.59256512 10.809576 0.000409975805833122
3936858.59255883 10.810578 -0.000205267197338333
3937192.59255255 10.81158 -0.000837658093242775
3937526.59254626 10.812582 -0.000177802927923384
3937860.59253997 10.813584 0.00163221947720037
3938194.59253368 10.814586 -0.00102188415043824
3938528.5925274 10.815588 -0.000734653817529143
3938862.59252111 10.81659 0.00223128832931101
3939196.59251482 10.817592 0.00159940502250473
3939530.59250854 10.818594 -0.00129383445399508
3939864.59250225 10.819596 0.00175469251116144
3940198.59249596 10.820598 2.19978289179687e-05
3940532.59248967 10.8216 0.00144881397922242
3940866.59248339 10.822602 -0.000333668049099297
3941200.5924771 10.823604 -0.000355148970397695
3941534.59247081 10.824606 -0.00281167779700863
3941868.59246453 10.825608 0.000845490010353242
3942202.59245824 10.82661 -0.00352079845116685
3942536.59245195 10.827612 -0.00092967122493905
3942870.59244566 10.828614 -0.00152754911671663
3943204.59243938 10.829616 0.00212955660588687
3943538.59243309 10.830618 0.00227517505851373
3943872.5924268 10.83162 -0.000535241511222264
3944206.59242051 10.832622 -0.00200757080668892
3944540.59241423 10.833624 -0.000411851852601253
3944874.59240794 10.834626 -0.00189498709224969
3945208.59240165 10.835628 0.00115191004825015
3945542.59239537 10.83663 0.00137399517556896
3945876.59238908 10.837632 -0.0025116508891053
3946210.59238279 10.838634 0.00276504468093919
3946544.5923765 10.839636 -0.00102513824737517
3946878.59237022 10.840638 3.13747949297864e-05
3947212.59236393 10.84164 0.00208773466367992
3947546.59235764 10.842642 0.000519768829790013
3947880.59235136 10.843644 3.33203501069722e-06
3948214.59234507 10.844646 0.000226595399177606
3948548.59233878 10.845648 0.00172466616065452
3948882.59233249 10.84665 0.00122729983804318
3949216.59232621 10.847652 -0.00152565631375057
3949550.59231992 10.848654 0.00183303077660489
3949884.59231363 10.849656 0.0026352170461233
3950218.59230734 10.850658 -0.000242564782506371
3950552.59230106 10.85166 -0.000792963776822847
3950886.59229477 10.852662 -0.000705667877989625
3951220.59228848 10.853664 0.0007587375771181
3951554.5922822 10.854666 -0.000245319350738218
3951888.59227591 10.855668 -0.000634901751855221
3952222.59226962 10.85667 0.00163591024258189
3952556.59226333 10.857672 -0.00141000911525982
3952890.59225705 10.858674 0.000926536658018058
3953224.59225076 10.859676 -0.000445821625574111
3953558.59224447 10.860678 0.00132408721986816
3953892.59223818 10.86168 -0.00153772986515838
3954226.5922319 10.862682 0.00120835819572453
3954560.59222561 10.863684 0.00105333877995245
3954894.59221932 10.864686 0.00153249251468407
3955228.59221304 10.865688 4.63589782038076e-05
3955562.59220675 10.86669 -0.00169437190986882
3955896.59220046 10.867692 0.000885244939153329
3956230.59219417 10.868694 0.000103509839250805
3956564.59218789 10.869696 0.00173810524743215
3956898.5921816 10.870698 -0.00202753726961795
3957232.59217531 10.8717 0.000776831631992825
3957566.59216902 10.872702 -0.00169864911550452
3957900.59216274 10.873704 0.000504178301662365
3958234.59215645 10.874706 -0.000884755736763942
3958568.59215016 10.875708 0.000706099069946919
3958902.59214388 10.87671 0.000884358909023564
3959236.59213759 10.877712 -0.000886345786204956
3959570.5921313 10.878714 -0.00111618859972735
3959904.59212501 10.879716 5.9544741015438e-05
3960238.59211873 10.880718 -0.0012830531888901
3960572.59211244 10.88172 0.000430053221295225
3960906.59210615 10.882722 0.00128516155375368
3961240.59209986 10.883724 0.000117522748558751
3961574.59209358 10.884726 -0.000717950765318332
3961908.59208729 10.885728 -0.000704254461699693
3962242.592081 10.88673 -0.00101414003367795
3962576.59207472 10.887732 0.00166289011729736
3962910.59206843 10.888734 0.00111263289526533
3963244.59206214 10.889736 -0.000525281408442941
3963578.59205585 10.890738 0.000476626799596486
3963912.59204957 10.89174 -0.00112981309493932
3964246.59204328 10.892742 -0.00140218317525644
3964580.59203699 10.893744 -0.000481891469265105
3964914.59203071 10.894746 -0.000803875970179476
3965248.59202442 10.895748 0.00141279135241431
3965582.59201813 10.89675 -0.000108335543779184
3965916.59201184 10.897752 -0.00401786156132534
3966250.59200556 10.898754 -0.00133207758483152
3966584.59199927 10.899756 0.000690666730480209
3966918.59199298 10.900758 0.000312253386641813
3967252.59198669 10.90176 0.000441926099497364
3967586.59198041 10.902762 0.00229850838355256
3967920.59197412 10.903764 -0.00199962669068685
3968254.59196783 10.904766 -0.0021219112089931
3968588.59196154 10.905768 -0.00115287296369674
3968922.59195526 10.90677 0.0006698254159876
3969256.59194897 10.907772 -0.000387714861366109
3969590.59194268 10.908774 -0.00144687656621106
3969924.5919364 10.909776 0.000647083444710561
3970258.59193011 10.910778 0.000663095808286067
3970592.59192382 10.91178 0.00110217573984814
3970926.59191753 10.912782 0.000460871376076011
3971260.59191125 10.913784 0.00208736009256455
3971594.59190496 10.914786 0.000378043778207601
3971928.59189867 10.915788 0.00143543445701705
3972262.59189238 10.91679 0.00104504437193146
3972596.5918861 10.917792 0.000401488233591609
3972930.59187981 10.918794 0.000105886546512847
3973264.59187352 10.919796 -0.00256408068695906
3973598.59186724 10.920798 0.000310863858996551
3973932.59186095 10.9218 0.00152765055663684
3974266.59185466 10.922802 -0.0021826896368113
3974600.59184837 10.923804 -0.000391165881863288
3974934.59184209 10.924806 -0.000797486783282643
3975268.5918358 10.925808 0.00174827496842723
3975602.59182951 10.92681 -0.000749435221735014
3975936.59182323 10.927812 -0.00152897334178667
3976270.59181694 10.928814 -5.07076165475995e-05
3976604.59181065 10.929816 0.000195099514247439
3976938.59180436 10.930818 0.00108025918387012
3977272.59179808 10.93182 3.08712369111105e-05
3977606.59179179 10.932822 0.000869499685029449
3977940.5917855 10.933824 0.000598358351736886
3978274.59177921 10.934826 -0.000756142836342034
3978608.59177293 10.935828 0.00226865148490685
3978942.59176664 10.93683 0.00118594432463061
3979276.59176035 10.937832 -0.00216719821645996
3979610.59175407 10.938834 -0.000405048870779194
3979944.59174778 10.939836 0.00167746258250154
3980278.59174149 10.940838 8.85921382108818e-05
3980612.5917352 10.94184 0.00135075477101472
3980946.59172892 10.942842 0.000894137820143643
3981280.59172263 10.943844 0.00171829181024026
3981614.59171634 10.944846 0.00244052416303329
3981948.59171006 10.945848 0.000414637593935718
3982282.59170377 10.94685 0.00218127160567353
3982616.59169748 10.947852 0.00142405153056466
3982950.59169119 10.948854 -0.000544233649337848
3983284.59168491 10.949856 0.00137892736994371
3983618.59167862 10.950858 -0.000842174936513735
3983952.59167233 10.95186 -0.000202309026324673
3984286.59166604 10.952862 0.00115692913397292
3984620.59165976 10.953864 0.00183779845988352
3984954.59165347 10.954866 -0.000229831803075549
3985288.59164718 10.955868 -0.00431191146653607
3985622.59164089 10.95687 0.0010816388705614
3985956.59163461 10.957872 0.00063766362434569
3986290.59162832 10.958874 -0.00113811017673206
3986624.59162203 10.959876 0.000649554484577446
3986958.59161575 10.960878 0.000387776941485919
3987292.59160946 10.96188 0.000387131457236027
3987626.59160317 10.962882 0.000134597530675237
3987960.59159688 10.963884 0.00110215690573259
3988294.5915906 10.964886 -0.000395296419296313
3988628.59158431 10.965888 -0.00333946920389531
3988962.59157802 10.96689 -0.00239628351682132
3989296.59157174 10.967892 -0.00069916940500746
3989630.59156545 10.968894 0.000334966770193111
3989964.59155916 10.969896 -0.00114276198479465
3990298.59155287 10.970898 0.00123765058073367
3990632.59154659 10.9719 0.00063670925040142
3990966.5915403 10.972902 0.00115731801896407
3991300.59153401 10.973904 0.00109140653659512
3991634.59152772 10.974906 0.00145735826410146
3991968.59152144 10.975908 0.000472925192160628
3992302.59151515 10.97691 0.000432936538175897
3992636.59150886 10.977912 0.000225403918618049
3992970.59150258 10.978914 -0.00269189248793547
3993304.59149629 10.979916 -0.00136288745385567
3993638.59149 10.980918 -0.00147221368388833
3993972.59148371 10.98192 0.000204771050006718
3994306.59147743 10.982922 0.0011592360945397
3994640.59147114 10.983924 -0.00193393002440662
3994974.59146485 10.984926 -0.000127051524310291
3995308.59145857 10.985928 -0.00204188537088423
3995642.59145228 10.98693 -0.00226426262476332
3995976.59144599 10.987932 0.00100316298728348
3996310.5914397 10.988934 -0.000169279939503279
3996644.59143342 10.989936 -0.00108961210179464
3996978.59142713 10.990938 -0.00266113560815861
3997312.59142084 10.99194 0.000317012039857671
3997646.59141455 10.992942 0.00284059916009623
3997980.59140827 10.993944 0.00183890807272584
3998314.59140198 10.994946 0.000808596319218426
3998648.59139569 10.995948 -0.00109844641591678
3998982.59138941 10.99695 -0.000113902873331286
3999316.59138312 10.997952 -0.000806799855240988
3999650.59137683 10.998954 0.00011893348102685
3999984.59137054 10.999956 -0.000272974973495811
4000318.59136426 11.000958 0.000567409240749471
4000652.59135797 11.00196 0.00208735567219929
4000986.59135168 11.002962 -0.00233590642858355
4001320.59134539 11.003964 -0.00226989980919444
4001654.59133911 11.004966 -0.000109970868795331
4001988.59133282 11.005968 0.000445942793226095
4002322.59132653 11.00697 -0.000434469085814705
4002656.59132025 11.007972 -0.00193975125174526
4002990.59131396 11.008974 0.0010042592011722
4003324.59130767 11.009976 -0.00059911624297126
4003658.59130138 11.010978 -0.00166273742220623
4003992.5912951 11.01198 -0.00291680138839801
4004326.59128881 11.012982 -0.000340455483994827
4004660.59128252 11.013984 -0.00326385779548561
4004994.59127623 11.014986 0.000689799180646525
4005328.59126995 11.015988 -0.000738133907561491
4005662.59126366 11.01699 0.000821080362147791
4005996.59125737 11.017992 6.70838110466362e-05
4006330.59125109 11.018994 -0.00082725586027464
4006664.5912448 11.019996 0.00197467270780177
4006998.59123851 11.020998 -0.00149536351889897
4007332.59123222 11.022 -0.000252831758035749
4007666.59122594 11.023002 0.00118640993364334
4008000.59121965 11.024004 0.000415066595506125
4008334.59121336 11.025006 0.00122963102789365
4008668.59120707 11.026008 0.00315466150404115
4009002.59120079 11.02701 0.00150840409894399
4009336.5911945 11.028012 -0.000553524646850382
4009670.59118821 11.029014 0.000926853407180376
4010004.59118193 11.030016 -0.00236949190267664
4010338.59117564 11.031018 -0.00103823866621717
4010672.59116935 11.03202 0.000659161973049068
4011006.59116306 11.033022 -0.000676206181951013
4011340.59115678 11.034024 -0.00153771156771088
4011674.59115049 11.035026 0.00285584966383817
4012008.5911442 11.036028 -0.000580517071953572
4012342.59113792 11.03703 -0.000834254644352203
4012676.59113163 11.038032 -0.000568908577063049
4013010.59112534 11.039034 -7.4392342260301e-05
4013344.59111905 11.040036 0.00130110971738764
4013678.59111277 11.041038 -0.000867613231389513
4014012.59110648 11.04204 0.00167791498111914
4014346.59110019 11.043042 0.000687710978591243
4014680.5910939 11.044044 0.000773937775147864
4015014.59108762 11.045046 0.00107570486741077
4015348.59108133 11.046048 0.00109648481915115
4015682.59107504 11.04705 0.00185871787254106
4016016.59106875 11.048052 0.000420289525238779
4016350.59106247 11.049054 0.00146122426617754
4016684.59105618 11.050056 0.00373237156771837
4017018.59104989 11.051058 0.000685243777395796
4017352.59104361 11.05206 1.20646319960543e-05
4017686.59103732 11.053062 -0.00239038457461259
4018020.59103103 11.054064 0.00164290542706383
4018354.59102474 11.055066 0.00137698179896572
4018688.59101846 11.056068 0.00176375325968466
4019022.59101217 11.05707 -0.00149520084753841
4019356.59100588 11.058072 0.000304195097056476
4019690.5909996 11.059074 -1.90344318529212e-05
4020024.59099331 11.060076 -0.00249417090533711
4020358.59098702 11.061078 -0.00225788955880405
4020692.59098073 11.06208 -0.000689516905922439
4021026.59097445 11.063082 0.000127579127322984
4021360.59096816 11.064084 -0.000989150486241287
4021694.59096187 11.065086 0.00015305589358109
4022028.59095558 11.066088 -0.000584838090728891
4022362.5909493 11.06709 0.00171732380462605
4022696.59094301 11.068092 0.00240681862903382
4023030.59093672 11.069094 -0.000551260266614237
4023364.59093044 11.070096 0.000820458608116871
4023698.59092415 11.071098 -0.000122727717361317
4024032.59091786 11.0721 0.00143706945159728
4024366.59091157 11.073102 -0.00188736646930725
4024700.59090529 11.074104 -0.00166859398043571
4025034.590899 11.075106 -0.000946071491121616
4025368.59089271 11.076108 -0.000405340243330414
4025702.59088643 11.07711 0.0010005045597382
4026036.59088014 11.078112 -0.00046894529989627
4026370.59087385 11.079114 -0.000710710638067276
4026704.59086756 11.080116 -0.00267282128048863
4027038.59086128 11.081118 -0.00016628326496438
4027372.59085499 11.08212 -0.000291804357995
4027706.5908487 11.083122 -0.00166142379016259
4028040.59084241 11.084124 -0.00212629791842316
4028374.59083613 11.085126 0.000426252796331182
4028708.59082984 11.086128 -0.000284630257959853
4029042.59082355 11.08713 -5.60139862301237e-05
4029376.59081727 11.088132 -0.00095586299305786
4029710.59081098 11.089134 0.000675459899230908
4030044.59080469 11.090136 -0.000694862770536425
4030378.5907984 11.091138 -0.00101946670633716
4030712.59079212 11.09214 0.00162091106420467
4031046.59078583 11.093142 -0.00115299947879091
4031380.59077954 11.094144 0.00180750141067831
4031714.59077326 11.095146 0.00100050042958768
4032048.59076697 11.096148 0.00061128801049348
4032382.59076068 11.09715 0.00107915758182419
4032716.59075439 11.098152 -0.00251146455958868
4033050.59074811 11.099154 0.000558321531447717
4033384.59074182 11.100156 -0.00113721558805948
4033718.59073553 11.101158 0.00098200547159479
4034052.59072924 11.10216 -0.000969014047641088
4034386.59072296 11.103162 -0.00131450327415739
4034720.59071667 11.104164 -0.000367531472992217
4035054.59071038 11.105166 0.00201554861976431
4035388.5907041 11.106168 0.000646747780256732
4035722.59069781 11.10717 0.00177804591056035
4036056.59069152 11.108172 -0.000282132222044896
4036390.59068523 11.109174 -0.000365902321780638
4036724.59067895 11.110176 -0.00082226542166582
4037058.59067266 11.111178 0.00197472388994356
4037392.59066637 11.11218 0.00188727115018478
4037726.59066008 11.113182 0.000167182156788744
4038060.5906538 11.114184 -0.0016324578794219
4038394.59064751 11.115186 0.00056346288582083
4038728.59064122 11.116188 0.00273420058284357
4039062.59063494 11.11719 -0.000238434832087657
4039396.59062865 11.118192 0.00028666847960271
4039730.59062236 11.119194 -0.00127544077801687
4040064.59061607 11.120196 0.00107130559172711
4040398.59060979 11.121198 0.00363919551422125
4040732.5906035 11.1222 -0.00055685773904042
4041066.59059721 11.123202 0.00072515585036861
4041400.59059093 11.124204 0.000871668931925744
4041734.59058464 11.125206 0.00112122067992634
4042068.59057835 11.126208 0.00201381818446315
4042402.59057206 11.12721 0.00132290629071767
4042736.59056578 11.128212 -0.00180580661066194
4043070.59055949 11.129214 -0.000345493650186899
4043404.5905532 11.130216 0.000708034244149891
4043738.59054691 11.131218 -0.00102362073461126
4044072.59054063 11.13222 0.000326682870176821
4044406.59053434 11.133222 -0.000905196428567065
4044740.59052805 11.134224 0.00139483316702834
4045074.59052176 11.135226 0.000837546881903268
4045408.59051548 11.136228 0.00245050412717079
4045742.59050919 11.13723 0.00179075463284108
4046076.5905029 11.138232 -0.000938681481234466
4046410.59049662 11.139234 0.000155577481645384
4046744.59049033 11.140236 0.00161847529630817
4047078.59048404 11.141238 -0.00137044099236071
4047412.59047775 11.14224 -0.000358378210117435
4047746.59047147 11.143242 -0.000203034819900432
4048080.59046518 11.144244 0.000579232196467689
4048414.59045889 11.145246 0.000212049919424378
4048748.59045261 11.146248 0.00165879721582166
4049082.59044632 11.14725 -0.000697261061613679
4049416.59044003 11.148252 0.00274457530291403
4049750.59043374 11.149254 -0.000277809926329641
4050084.59042746 11.150256 -0.000843459689759126
4050418.59042117 11.151258 0.00069547799425958
4050752.59041488 11.15226 -0.000910446673342615
4051086.59040859 11.153262 0.00147953620715779
4051420.59040231 11.154264 -0.000770523993523248
4051754.59039602 11.155266 0.00102002678428842
4052088.59038973 11.156268 -0.000512346826117235
4052422.59038345 11.15727 -0.00155122438705516
4052756.59037716 11.158272 -0.000770150771010993
4053090.59037087 11.159274 0.000208786377362968
4053424.59036458 11.160276 -0.000185891707550534
4053758.5903583 11.161278 0.000874366192720811
4054092.59035201 11.16228 -0.000983973478422953
4054426.59034572 11.163282 -0.00212824950871094
4054760.59033943 11.164284 -0.00227317601639259
4055094.59033315 11.165286 0.00285103268376811
4055428.59032686 11.166288 -0.000299159611226781
4055762.59032057 11.16729 -0.00195455168276141
4056096.59031429 11.168292 0.00158528370741583
4056430.590308 11.169294 0.000331310806521877
4056764.59030171 11.170296 0.000958867443379941
4057098.59029542 11.171298 -0.00198957144150413
4057432.59028914 11.1723 -0.000463533892329268
4057766.59028285 11.173302 0.000286485817593126
4058100.59027656 11.174304 -0.000872973614999154
4058434.59027027 11.175306 0.00208243911151375
4058768.59026399 11.176308 -0.000532118321394099
4059102.5902577 11.17731 0.00186235464871466
4059436.59025141 11.178312 -0.000945854179011972
4059770.59024513 11.179314 0.00168302878799329
4060104.59023884 11.180316 -0.00100627781932479
4060438.59023255 11.181318 0.000740106237071756
4060772.59022626 11.18232 -0.000393754313164713
4061106.59021998 11.183322 0.00197818072573809
4061440.59021369 11.184324 0.00101211432943218
4061774.5902074 11.185326 0.000992178096846905
4062108.59020112 11.186328 -0.000997345955755663
4062442.59019483 11.18733 0.000939585029449775
4062776.59018854 11.188332 0.000620925422875797
4063110.59018225 11.189334 0.00125482300692807
4063444.59017597 11.190336 0.00288685965173477
4063778.59016968 11.191338 3.54568194289865e-05
4064112.59016339 11.19234 -0.000598975269201634
4064446.5901571 11.193342 -0.000509978564006198
4064780.59015082 11.194344 -0.000504808248874896
4065114.59014453 11.195346 0.000619520948293257
4065448.59013824 11.196348 -0.000638746808474173
4065782.59013196 11.19735 0.0018758251040968
4066116.59012567 11.198352 -0.000831562429995608
4066450.59011938 11.199354 -0.00024898399935001
4066784.59011309 11.200356 -0.000540366079030953
4067118.59010681 11.201358 0.00248327492016824
4067452.59010052 11.20236 -0.00121500618516061
4067786.59009423 11.203362 0.000101710735782991
4068120.59008794 11.204364 0.000273440861317399
4068454.59008166 11.205366 0.000592134610474609
4068788.59007537 11.206368 -0.000876671910312524
4069122.59006908 11.20737 -0.000221269384779454
4069456.59006279 11.208372 0.00222179664481908
4069790.59005651 11.209374 0.00012399275101905
4070124.59005022 11.210376 -0.000692342432206797
4070458.59004393 11.211378 0.00117778768260671
4070792.59003765 11.21238 0.000862700412331472
4071126.59003136 11.213382 0.000371931316713851
4071460.59002507 11.214384 9.99055123326549e-05
4071794.59001878 11.215386 -0.000245276570731953
4072128.5900125 11.216388 0.00173829367265287
4072462.59000621 11.21739 0.000886902344177178
4072796.58999992 11.218392 0.000371700850064646
4073130.58999364 11.219394 0.00155655286733216
4073464.58998735 11.220396 0.00189307782410847
4073798.58998106 11.221398 0.00143705580478137
4074132.58997477 11.2224 -0.000189042234604348
4074466.58996849 11.223402 0.00341565006463658
4074800.5899622 11.224404 0.00231135103132072
4075134.58995591 11.225406 0.000282205119099254
4075468.58994962 11.226408 -0.00130330707987455
4075802.58994334 11.22741 0.000389446346594234
4076136.58993705 11.228412 0.00148606511147694
4076470.58993076 11.229414 0.000478459799250299
4076804.58992448 11.230416 -0.000992679477876718
4077138.58991819 11.231418 -0.00242214982215862
4077472.5899119 11.23242 -0.000163694087874933
4077806.58990561 11.233422 -3.46905637998555e-05
4078140.58989933 11.234424 -0.00156410186418112
4078474.58989304 11.235426 -0.000352884164964137
4078808.58988675 11.236428 -4.13663887624112e-05
4079142.58988047 11.23743 0.000456990478309727
4079476.58987418 11.238432 -0.00108136430981407
4079810.58986789 11.239434 0.00144141873626459
4080144.5898616 11.240436 0.00170733552362104
4080478.58985532 11.241438 0.000788733057965457
4080812.58984903 11.24244 0.000997743295900212
4081146.58984274 11.243442 6.39373127999441e-05
4081480.58983645 11.244444 0.0005661589375027
4081814.58983017 11.245446 0.000446089468900768
4082148.58982388 11.246448 -0.00127906251900179
4082482.58981759 11.24745 0.00201629576616442
4082816.58981131 11.248452 -4.68652521465835e-05
4083150.58980502 11.249454 -0.00106627420072241
4083484.58979873 11.250456 -0.000203001598623505
4083818.58979244 11.251458 8.75090671179547e-05
4084152.58978616 11.25246 0.00171766959075005
4084486.58977987 11.253462 0.0014326641060689
4084820.58977358 11.254464 0.000495904197943442
4085154.58976729 11.255466 0.00136276752049238
4085488.58976101 11.256468 -0.00069241680350882
4085822.58975472 11.25747 0.00145612535137585
4086156.58974843 11.258472 -0.00100947600276944
4086490.58974215 11.259474 0.00111371262654315
4086824.58973586 11.260476 -0.000869406267510511
4087158.58972957 11.261478 -0.00049746292024072
4087492.58972328 11.26248 0.00145316607800695
4087826.589717 11.263482 0.000267107456579798
4088160.58971071 11.264484 -0.00104718154161562
4088494.58970442 11.265486 0.000443892964547607
4088828.58969814 11.266488 0.00240474260497507
4089162.58969185 11.26749 -0.0016162355370194
4089496.58968556 11.268492 0.000894062604158721
4089830.58967927 11.269494 0.000270246558367152
4090164.58967299 11.270496 -0.00146553478740382
4090498.5896667 11.271498 -0.000621619144236889
4090832.58966041 11.2725 -0.000314982482932465
4091166.58965412 11.273502 0.00243094686997452
4091500.58964784 11.274504 -0.00242063222133396
4091834.58964155 11.275506 0.000401346247705075
4092168.58963526 11.276508 -0.00154143801539967
4092502.58962897 11.27751 -0.00143477036873676
4092836.58962269 11.278512 0.00120683154127469
4093170.5896164 11.279514 -0.0018549025193353
4093504.58961011 11.280516 -0.00148773821354113
4093838.58960383 11.281518 -0.00236787470395799
4094172.58959754 11.28252 0.00149040362770633
4094506.58959125 11.283522 -0.000736328542908027
4094840.58958496 11.284524 4.43937316284942e-05
4095174.58957868 11.285526 0.00227307180567769
4095508.58957239 11.286528 -0.0020510076429816
4095842.5895661 11.28753 0.00152119123346089
4096176.58955982 11.288532 0.000222833711742493
4096510.58955353 11.289534 -0.00127601587198475
4096844.58954724 11.290536 -0.000107425698081423
4097178.58954095 11.291538 -0.0026558344158343
4097512.58953467 11.29254 6.87102098439916e-05
4097846.58952838 11.293542 -0.00142947788810383
4098180.58952209 11.294544 0.000723056094122443
4098514.5895158 11.295546 0.0015520612942754
4098848.58950952 11.296548 -0.0013102555428557
4099182.58950323 11.29755 -0.00310605131547434
4099516.58949694 11.298552 -0.00103659141995419
4099850.58949066 11.299554 0.00112003084295515
4100184.58948437 11.300556 -0.000857687119559891
4100518.58947808 11.301558 0.00066943867046305
4100852.58947179 11.30256 0.000766826139541243
4101186.58946551 11.303562 -0.000461635420050925
4101520.58945922 11.304564 0.000492032099862271
4101854.58945293 11.305566 0.00106552704365023
4102188.58944665 11.306568 -0.00323378834478009
4102522.58944036 11.30757 0.00226069025015178
4102856.58943407 11.308572 0.000459548204292714
4103190.58942778 11.309574 0.00103545882387487
4103524.5894215 11.310576 0.000610857447028623
4103858.58941521 11.311578 -0.000511728561919666
4104192.58940892 11.31258 0.00147058301245816
4104526.58940263 11.313582 0.000133920447022877
4104860.58939635 11.314584 -0.00169004948323985
4105194.58939006 11.315586 -0.00236566512632303
4105528.58938377 11.316588 0.000278195223834774
4105862.58937748 11.31759 -0.0011132614428978
4106196.5893712 11.318592 -0.000562989096736753
4106530.58936491 11.319594 -2.86979503274422e-05
4106864.58935862 11.320596 -0.00150104759182517
4107198.58935234 11.321598 0.000597244706951253
4107532.58934605 11.3226 0.000927596690895088
4107866.58933976 11.323602 -0.000483765825960226
4108200.58933347 11.324604 0.00167340858258865
4108534.58932719 11.325606 -0.000601282397696358
4108868.5893209 11.326608 0.00188935046721611
4109202.58931461 11.32761 -0.00190946241763998
4109536.58930833 11.328612 0.0019507848465325
4109870.58930204 11.329614 -0.000887037337012671
4110204.58929575 11.330616 0.000238479026076619
4110538.58928946 11.331618 0.0013816183988041
4110872.58928318 11.33262 -0.00018082135277402
4111206.58927689 11.333622 -0.00224623504691089
4111540.5892706 11.334624 -0.000260080991055488
4111874.58926431 11.335626 -0.000368586202602822
4112208.58925803 11.336628 -0.000525906724574217
4112542.58925174 11.33763 -0.00114937078415459
4112876.58924545 11.338632 0.00150002410989742
4113210.58923917 11.339634 -0.00198815579054135
4113544.58923288 11.340636 -0.000873218607985305
4113878.58922659 11.341638 0.000496951284965522
4114212.5892203 11.34264 0.00126658604437724
4114546.58921402 11.343642 0.000429514609728077
4114880.58920773 11.344644 -0.000827850182612971
4115214.58920144 11.345646 -7.88947826415545e-06
4115548.58919516 11.346648 0.000434343280192418
4115882.58918887 11.34765 0.000716098842389752
4116216.58918258 11.348652 -0.00113138876564938
4116550.58917629 11.349654 -0.000749478038977083
4116884.58917001 11.350656 0.000529028040281254
4117218.58916372 11.351658 0.00359437623119531
4117552.58915743 11.35266 -0.000260317644992832
4117886.58915114 11.353662 0.00046338437790066
4118220.58914486 11.354664 -0.000546635637255425
4118554.58913857 11.355666 0.00129113121476084
4118888.58913228 11.356668 0.000871188548238283
4119222.589126 11.35767 -0.00112737988762602
4119556.58911971 11.358672 0.000568324684817746
4119890.58911342 11.359674 0.00259220425743743
4120224.58910713 11.360676 -0.00179894694894272
4120558.58910085 11.361678 -0.000152087976600402
4120892.58909456 11.36268 0.00101932175885277
4121226.58908827 11.363682 0.000898476424385766
4121560.58908198 11.364684 0.00105907497306993
4121894.5890757 11.365686 -0.000943771652551604
4122228.58906941 11.366688 0.000401863181674154
4122562.58906312 11.36769 0.00037547456878847
4122896.58905684 11.368692 -0.00141885471800354
4123230.58905055 11.369694 0.00110569158392873
4123564.58904426 11.370696 -0.00212328835932189
4123898.58903797 11.371698 0.00175379928456167
4124232.58903169 11.3727 0.00176142337109913
4124566.5890254 11.373702 0.00134239729865155
4124900.58901911 11.374704 0.00149206123179159
4125234.58901282 11.375706 0.00212925388521375
4125568.58900654 11.376708 0.00131684608417072
4125902.58900025 11.37771 -0.000342133075399342
4126236.58899396 11.378712 -0.000195537840451642
4126570.58898768 11.379714 -0.000782024550217569
4126904.58898139 11.380716 -0.00047169606680929
4127238.5889751 11.381718 -0.00221502389911491
4127572.58896881 11.38272 0.00124165970438219
4127906.58896253 11.383722 0.000188076555755048
4128240.58895624 11.384724 -0.000422015229241391
4128574.58894995 11.385726 -0.00073244151761746
4128908.58894366 11.386728 0.00130510196497371
4129242.58893738 11.38773 0.000449837980833686
4129576.58893109 11.388732 -6.03011103651281e-05
4129910.5889248 11.389734 0.00231945449333382
4130244.58891852 11.390736 -0.000763314375486746
4130578.58891223 11.391738 0.000316641675435468
4130912.58890594 11.39274 0.0021404241467013
4131246.58889965 11.393742 0.000145276735957316
4131580.58889337 11.394744 0.000595291500224074
4131914.58888708 11.395746 0.000628734478525603
4132248.58888079 11.396748 -0.0001363693474258
4132582.58887451 11.39775 -0.000641752357507126
4132916.58886822 11.398752 0.000238726154807733
4133250.58886193 11.399754 -0.000381281702439433
4133584.58885564 11.400756 6.79914811074609e-05
4133918.58884936 11.401758 0.000968609926534727
4134252.58884307 11.40276 0.00170721610427224
4134586.58883678 11.403762 0.000195258833552373
4134920.58883049 11.404764 -0.000975262739225472
4135254.58882421 11.405766 -0.00122141778799914
4135588.58881792 11.406768 0.0016450758173227
4135922.58881163 11.40777 -0.000756070173304307
4136256.58880535 11.408772 0.0020256096595432
4136590.58879906 11.409774 0.000550574888716483
4136924.58879277 11.410776 0.000537777305474877
4137258.58878648 11.411778 0.00125574307315899
4137592.5887802 11.41278 0.000217217381162357
4137926.58877391 11.413782 -0.000552690360215839
4138260.58876762 11.414784 -0.000870689069100406
4138594.58876134 11.415786 0.000919668435444722
4138928.58875505 11.416788 -0.00135722440076843
4139262.58874876 11.41779 0.000825039746505718
4139596.58874247 11.418792 -0.000789037569285011
4139930.58873619 11.419794 -0.000974641749129054
4140264.5887299 11.420796 0.000996222824332198
4140598.58872361 11.421798 0.00132363567395049
4140932.58871732 11.4228 0.000387786909955281
4141266.58871104 11.423802 -0.00118831379709588
4141600.58870475 11.424804 0.000457400357529211
4141934.58869846 11.425806 0.000168956944221782
4142268.58869217 11.426808 -0.000530792296333759
4142602.58868589 11.42781 -0.000958556601219989
4142936.5886796 11.428812 -0.00180414109705691
4143270.58867331 11.429814 0.000661802653695347
4143604.58866703 11.430816 -0.000443369196380852
4143938.58866074 11.431818 0.00151867789169158
4144272.58865445 11.43282 0.00105414114145101
4144606.58864816 11.433822 0.000938887303457125
4144940.58864188 11.434824 -0.000975725944808635
4145274.58863559 11.435826 0.0012519945509044
4145608.5886293 11.436828 -0.000777989604297403
4145942.58862302 11.43783 0.000297768331483647
4146276.58861673 11.438832 -0.000739886009734318
4146610.58861044 11.439834 0.00074589936664087
4146944.58860415 11.440836 0.00178407797686746
4147278.58859787 11.441838 0.00138581594714247
4147612.58859158 11.44284 -0.00140562702743968
4147946.58858529 11.443842 -0.00256708403075882
4148280.588579 11.444844 -0.00117756972504432
4148614.58857272 11.445846 0.00224250623744848
4148948.58856643 11.446848 -0.00275392179473885
4149282.58856014 11.44785 0.000209344920969545
4149616.58855386 11.448852 0.000992239939496875
4149950.58854757 11.449854 -0.00159353095788521
4150284.58854128 11.450856 0.000780674711573709
4150618.58853499 11.451858 -0.00179920485265878
4150952.58852871 11.45286 -6.01599413944189e-05
4151286.58852242 11.453862 0.000368535794178473
4151620.58851613 11.454864 0.000173904008419398
4151954.58850985 11.455866 -0.00123003724662802
4152288.58850356 11.456868 -0.00139910821155185
4152622.58849727 11.45787 -0.00070058822744706
4152956.58849098 11.458872 -0.000524739629869655
4153290.5884847 11.459874 -0.000480304335708686
4153624.58847841 11.460876 -0.00131145122021498
4153958.58847212 11.461878 0.000138121841416172
4154292.58846583 11.46288 -0.000741396105070887
4154626.58845955 11.463882 -0.000283931087041908
4154960.58845326 11.464884 -0.000208831285932508
4155294.58844697 11.465886 -0.000511251084603458
4155628.58844068 11.466888 -0.000499383101761447
4155962.5884344 11.46789 -0.000371980924287635
4156296.58842811 11.468892 0.000579997000261626
4156630.58842182 11.469894 0.00138670213428164
4156964.58841554 11.470896 0.00170415504203892
4157298.58840925 11.471898 -0.000439917021687039
4157632.58840296 11.4729 -2.93182754190517e-05
4157966.58839667 11.473902 4.63754485485212e-05
4158300.58839039 11.474904 0.00041526831987624
4158634.5883841 11.475906 0.000783956860221774
4158968.58837781 11.476908 0.00189980658251427
4159302.58837153 11.47791 -0.00105848152684257
4159636.58836524 11.478912 0.0011777474081963
4159970.58835895 11.479914 0.000184473799386503
4160304.58835266 11.480916 0.000419598635290518
4160638.58834638 11.481918 -0.00178391187331597
4160972.58834009 11.48292 -0.00120463277404886
4161306.5883338 11.483922 0.000172335298353867
4161640.58832751 11.484924 -0.00194924684290261
4161974.58832123 11.485926 0.00232740557016056
4162308.58831494 11.486928 -0.00125434948562308
4162642.58830865 11.48793 -0.000412561247447843
4162976.58830237 11.488932 -0.00194297465964529
4163310.58829608 11.489934 -0.000934941029046434
4163644.58828979 11.490936 0.00129425724869091
4163978.5882835 11.491938 0.000397464785458115
4164312.58827722 11.49294 -0.000936262818019604
4164646.58827093 11.493942 -0.00324232246716086
4164980.58826464 11.494944 -0.00112882411490394
4165314.58825835 11.495946 -6.55915469509501e-05
4165648.58825207 11.496948 -0.00117990393686611
4165982.58824578 11.49795 -0.000517327280509077
4166316.58823949 11.498952 -0.000394625172088344
4166650.58823321 11.499954 0.00114572822529103
4166984.58822692 11.500956 -0.00109449595266704
4167318.58822063 11.501958 -0.00150326959489527
4167652.58821434 11.50296 -0.000939383349559593
4167986.58820806 11.503962 -0.000271790981022439
4168320.58820177 11.504964 -0.000478795244376347
4168654.58819548 11.505966 -0.000432177302109141
4168988.5881892 11.506968 0.000408351080073486
4169322.58818291 11.50797 -0.000414415577755016
4169656.58817662 11.508972 0.000294269969590485
4169990.58817033 11.509974 0.00141407200612762
4170324.58816405 11.510976 0.000153308909558964
4170658.58815776 11.511978 -0.000218901098148278
4170992.58815147 11.51298 0.000316147747556966
4171326.58814518 11.513982 -0.000410436360782552
4171660.5881389 11.514984 -0.000123670069761289
4171994.58813261 11.515986 -0.000770504822048197
4172328.58812632 11.516988 0.00215547115703491
4172662.58812004 11.51799 8.00748716495855e-05
4172996.58811375 11.518992 0.000100697230897342
4173330.58810746 11.519994 0.000205127901693263
4173664.58810117 11.520996 -0.000274309487632853
4173998.58809489 11.521998 -0.00231640618101208
4174332.5880886 11.523 0.000766028325680366
4174666.58808231 11.524002 0.00284793769261153
4175000.58807602 11.525004 -0.000166600505503885
4175334.58806974 11.526006 -0.000419036108499262
4175668.58806345 11.527008 0.000196120117144901
4176002.58805716 11.52801 -0.00123283276758662
4176336.58805087 11.529012 0.00046268152776729
4176670.58804459 11.530014 0.00170181643285925
4177004.5880383 11.531016 -0.000439825521522722
4177338.58803201 11.532018 -0.00104880420063284
4177672.58802573 11.53302 0.00139446036790091
4178006.58801944 11.534022 0.00185014734625955
4178340.58801315 11.535024 0.000381739967595851
4178674.58800686 11.536026 0.00151234326681093
4179008.58800058 11.537028 0.00081000725914316
4179342.58799429 11.53803 0.000382086895905923
4179676.587988 11.539032 -0.000942366310030114
4180010.58798172 11.540034 0.000101912842513895
4180344.58797543 11.541036 0.000215771255425108
4180678.58796914 11.542038 -0.000901636083107947
4181012.58796285 11.54304 0.00111560093481023
4181346.58795657 11.544042 0.00286899897717671
4181680.58795028 11.545044 0.000198702642797743
4182014.58794399 11.546046 -8.54525406154468e-05
4182348.5879377 11.547048 0.00141560012043234
4182682.58793142 11.54805 0.0012089908192592
4183016.58792513 11.549052 0.00226641125723501
4183350.58791884 11.550054 0.000207726834036133
4183684.58791256 11.551056 -0.00130758854799386
4184018.58790627 11.552058 0.00236824756885257
4184352.58789998 11.55306 0.0014389419511221
4184686.58789369 11.554062 0.000305365123945924
4185020.58788741 11.555064 0.00094547151469238
4185354.58788112 11.556066 -0.000450227652759503
4185688.58787483 11.557068 0.000855202887225142
4186022.58786855 11.55807 -0.000500212327348114
4186356.58786226 11.559072 0.000244277594150335
4186690.58785597 11.560074 -0.000841081395157632
4187024.58784968 11.561076 -0.00256532005286486
4187358.5878434 11.562078 -0.00159662282303852
4187692.58783711 11.56308 0.000534957641524081
4188026.58783082 11.564082 0.00142062783598947
4188360.58782453 11.565084 0.00071266172287135
4188694.58781825 11.566086 0.00337292355175143
4189028.58781196 11.567088 0.000947208633459276
4189362.58780567 11.56809 -0.00260604125251797
4189696.58779939 11.569092 0.00152000050657528
4190030.5877931 11.570094 -0.000396445835141899
4190364.58778681 11.571096 0.000480191178130757
4190698.58778052 11.572098 0.00310579517275503
4191032.58777424 11.5731 -0.000899162069868278
4191366.58776795 11.574102 -0.00096355145528025
4191700.58776166 11.575104 -0.00105738222603356
4192034.58775537 11.576106 -0.00124036789557134
4192368.58774909 11.577108 0.000582569341739738
4192702.5877428 11.57811 0.0011357566284906
4193036.58773651 11.579112 0.00237341839033358
4193370.58773023 11.580114 0.000398922455469396
4193704.58772394 11.581116 -0.00165887548181262
4194038.58771765 11.582118 0.000879124993343963
4194372.58771136 11.58312 0.00143522849061055
4194706.58770508 11.584122 0.0019886615940172
4195040.58769879 11.585124 -0.000504211143556885
4195374.5876925 11.586126 -0.00143182588716652
4195708.58768621 11.587128 -0.001269963861095
4196042.58767993 11.58813 -0.00190468371709783
4196376.58767364 11.589132 0.00238666575677487
4196710.58766735 11.590134 -0.0017903250461732
4197044.58766107 11.591136 0.000370444928536867
4197378.58765478 11.592138 0.00203508029503211
4197712.58764849 11.59314 -0.000138070669057415
4198046.5876422 11.594142 0.000309429549815336
4198380.58763592 11.595144 0.000301296842849807
4198714.58762963 11.596146 0.000779955433676673
4199048.58762334 11.597148 0.000801331341966077
4199382.58761706 11.59815 0.00147912852621692
4199716.58761077 11.599152 0.0015730016510072
4200050.58760448 11.600154 0.000228278530788792
4200384.58759819 11.601156 0.00114966429852345
4200718.58759191 11.602158 -0.00122699414371219
4201052.58758562 11.60316 0.0027837333551791
4201386.58757933 11.604162 -0.00138222254851947
4201720.58757304 11.605164 -0.00122627942304351
4202054.58756676 11.606166 2.08373285575353e-05
4202388.58756047 11.607168 0.000697892864577044
4202722.58755418 11.60817 -0.00065785966365144
4203056.58754789 11.609172 -0.00145981228630495
4203390.58754161 11.610174 0.000521461317367778
4203724.58753532 11.611176 0.00172031674717607
4204058.58752903 11.612178 0.00146505375403783
4204392.58752275 11.61318 0.000386840345437782
4204726.58751646 11.614182 0.00270797924963409
4205060.58751017 11.615184 0.00253434219778426
4205394.58750388 11.616186 0.000912220080773402
4205728.5874976 11.617188 -0.00210385448363819
4206062.58749131 11.61819 0.000394764438318387
4206396.58748502 11.619192 -0.000786076125171449
4206730.58747874 11.620194 0.0026708922317543
4207064.58747245 11.621196 -0.00154032012380193
4207398.58746616 11.622198 -0.00123260422717263
4207732.58745987 11.6232 0.00053270313821866
4208066.58745359 11.624202 -5.93923720975722e-05
4208400.5874473 11.625204 0.000819591995419941
4208734.58744101 11.626206 -0.000232094168683699
4209068.58743472 11.627208 -0.00126482135835838
4209402.58742844 11.62821 0.000578576994192854
4209736.58742215 11.629212 0.000223312922135543
4210070.58741586 11.630214 -0.000900422176231713
4210404.58740958 11.631216 0.000780398746796733
4210738.58740329 11.632218 -0.00163876507642557
4211072.587397 11.63322 0.00168342519724225
4211406.58739071 11.634222 7.85113299781707e-05
4211740.58738443 11.635224 -0.000683497598684703
4212074.58737814 11.636226 0.000682600868571313
4212408.58737185 11.637228 -0.000427152569920703
4212742.58736556 11.63823 0.00108928941920179
4213076.58735928 11.639232 0.000260288088133819
4213410.58735299 11.640234 -0.000798034375411631
4213744.5873467 11.641236 0.00127043774740095
4214078.58734042 11.642238 -0.000510046562854081
4214412.58733413 11.64324 0.000192869768367493
4214746.58732784 11.644242 0.00152708497421513
4215080.58732155 11.645244 0.000564096433640655
4215414.58731527 11.646246 -0.000107989426867401
4215748.58730898 11.647248 0.00163673086843496
4216082.58730269 11.64825 0.000424388036518522
4216416.58729641 11.649252 -0.0017267956941052
4216750.58729012 11.650254 -0.00100468889805599
4217084.58728383 11.651256 0.0028928441040621
4217418.58727754 11.652258 0.000117146672895638
4217752.58727126 11.65326 0.000776435392032314
4218086.58726497 11.654262 0.00113255838999041
4218420.58725868 11.655264 0.00116364375877617
4218754.58725239 11.656266 -0.000353931898037762
4219088.58724611 11.657268 -0.000116737505246937
4219422.58723982 11.65827 0.000159835626345424
4219756.58723353 11.659272 -0.000690989440492142
4220090.58722725 11.660274 0.00108479906671201
4220424.58722096 11.661276 -0.00114456091661429
4220758.58721467 11.662278 0.00208988055229372
4221092.58720838 11.66328 0.000176619833700145
4221426.5872021 11.664282 -0.000615682269285866
4221760.58719581 11.665284 0.000328079819765584
4222094.58718952 11.666286 -0.00295407007380737
4222428.58718324 11.667288 -0.000179108346550117
4222762.58717695 11.66829 -0.00036363769115855
4223096.58717066 11.669292 0.00109494487206684
4223430.58716437 11.670294 -0.00212957621681912
4223764.58715809 11.671296 -0.00125671979177081
4224098.5871518 11.672298 -0.00252564357799159
4224432.58714551 11.6733 0.000319755728382164
4224766.58713922 11.674302 0.00193981379116512
4225100.58713294 11.675304 0.000149367684020966
4225434.58712665 11.676306 -9.98561171883655e-05
4225768.58712036 11.677308 0.00162143718635913
4226102.58711408 11.67831 -0.00115591804287791
4226436.58710779 11.679312 -0.000438909447067224
4226770.5871015 11.680314 0.00142571686550972
4227104.58709521 11.681316 -0.00142637765281074
4227438.58708893 11.682318 -0.00196647752061644
4227772.58708264 11.68332 0.00168968790923996
4228106.58707635 11.684322 0.00116334468327306
4228440.58707006 11.685324 0.00127462621605971
4228774.58706378 11.686326 0.00092025343468527
4229108.58705749 11.687328 0.00192875772754344
4229442.5870512 11.68833 -3.13681584412623e-05
4229776.58704492 11.689332 -0.00057577427256844
4230110.58703863 11.690334 0.000935462436635773
4230444.58703234 11.691336 0.00103261127000215
4230778.58702605 11.692338 0.000897535845594122
4231112.58701977 11.69334 0.00154292693203866
4231446.58701348 11.694342 0.00166068693956283
4231780.58700719 11.695344 -0.0028279591576945
4232114.5870009 11.696346 0.00197751510526582
4232448.58699462 11.697348 -8.86188797242283e-05
4232782.58698833 11.69835 0.000575163308444375
4233116.58698204 11.699352 -0.000807851840833439
4233450.58697576 11.700354 0.00159054167631938
4233784.58696947 11.701356 -0.00166288190459056
4234118.58696318 11.702358 0.000628491975366944
4234452.58695689 11.70336 -0.00137957363494603
4234786.58695061 11.704362 0.00176143970956874
4235120.58694432 11.705364 -0.002075380174207
4235454.58693803 11.706366 0.000737912277352201
4235788.58693174 11.707368 -0.000769566952752399
4236122.58692546 11.70837 0.000392230877883896
4236456.58691917 11.709372 0.000816196912333662
4236790.58691288 11.710374 0.000416892466485092
4237124.5869066 11.711376 -0.000168699914476728
4237458.58690031 11.712378 0.00206287532612138
4237792.58689402 11.71338 0.00118488375348729
4238126.58688773 11.714382 0.000138962971240623
4238460.58688145 11.715384 -0.0015223078115571
4238794.58687516 11.716386 4.54221699318313e-05
4239128.58686887 11.717388 0.000411886502716974
4239462.58686259 11.71839 -0.00108120513041405
4239796.5868563 11.719392 -0.000478813040950264
4240130.58685001 11.720394 -0.000578242202349806
4240464.58684372 11.721396 -0.000144155465074966
4240798.58683744 11.722398 -0.000301521422631323
4241132.58683115 11.7234 -0.00150473212342031
4241466.58682486 11.724402 0.000656539120661438
4241800.58681857 11.725404 0.00123135679967396
4242134.58681229 11.726406 -0.00103653535592297
4242468.586806 11.727408 0.000932042143462624
4242802.58679971 11.72841 0.0010788251929082
4243136.58679342 11.729412 -0.00106825466954464
4243470.58678714 11.730414 -0.00150659843463319
4243804.58678085 11.731416 0.000471841926187775
4244138.58677456 11.732418 0.000324736700549538
4244472.58676828 11.73342 -0.000646382370820688
4244806.58676199 11.734422 -0.000197140120857768
4245140.5867557 11.735424 -8.79027449318981e-05
4245474.58674941 11.736426 0.000283113490992609
4245808.58674313 11.737428 0.000763327175167929
4246142.58673684 11.73843 -0.000782107051809403
4246476.58673055 11.739432 -0.000127207273100143
4246810.58672427 11.740434 -0.00160462913095642
4247144.58671798 11.741436 0.000892435773090978
4247478.58671169 11.742438 0.00076618047315121
4247812.5867054 11.74344 0.000382837354062262
4248146.58669912 11.744442 0.0015702078637261
4248480.58669283 11.745444 -0.000663288343573887
4248814.58668654 11.746446 0.000434792661982957
4249148.58668025 11.747448 -0.000780410608745682
4249482.58667397 11.74845 -0.0014959287133313
4249816.58666768 11.749452 0.00167739792905622
4250150.58666139 11.750454 -1.35340081017566e-06
4250484.58665511 11.751456 -0.00176841374396813
4250818.58664882 11.752458 0.000278093333647386
4251152.58664253 11.75346 -0.000119278696640913
4251486.58663624 11.754462 -0.00260388886489107
4251820.58662996 11.755464 -6.61983826495092e-05
4252154.58662367 11.756466 -0.0011228395859271
4252488.58661738 11.757468 -0.00189504671155466
4252822.58661109 11.75847 -0.000134735352392373
4253156.58660481 11.759472 0.000399527990559922
4253490.58659852 11.760474 0.000735853642167729
4253824.58659223 11.761476 -0.000833810109346538
4254158.58658595 11.762478 -0.00196345292835472
4254492.58657966 11.76348 0.000528445511316627
4254826.58657337 11.764482 -0.00221636994153779
4255160.58656708 11.765484 6.37618482989013e-05
4255494.5865608 11.766486 0.000982929869593238
4255828.58655451 11.767488 -0.000154981828182373
4256162.58654822 11.76849 0.00227020724705494
4256496.58654193 11.769492 9.85099857571536e-05
4256830.58653565 11.770494 -0.000979093989965528
4257164.58652936 11.771496 -0.00120269154930124
4257498.58652307 11.772498 0.00179452007784208
4257832.58651679 11.7735 0.000381368990052772
4258166.5865105 11.774502 -0.0009627012337124
4258500.58650421 11.775504 -0.00085039460765102
4258834.58649792 11.776506 -0.00246807567301384
4259168.58649164 11.777508 0.000294672825469663
4259502.58648535 11.77851 -0.000538014691942619
4259836.58647906 11.779512 0.000152954782926983
4260170.58647277 11.780514 0.00185547934124423
4260504.58646649 11.781516 0.00226888226811696
4260838.5864602 11.782518 -0.00222550239743114
4261172.58645391 11.78352 0.000673561681434493
4261506.58644763 11.784522 -0.00123020445606822
4261840.58644134 11.785524 -0.000385164368837187
4262174.58643505 11.786526 0.00182790505021953
4262508.58642876 11.787528 -0.000307541880813968
4262842.58642248 11.78853 -2.67065168341901e-05
4263176.58641619 11.789532 -0.00148779467880479
4263510.5864099 11.790534 0.000518714991839256
4263844.58640362 11.791536 -0.00222606780977879
4264178.58639733 11.792538 0.000413088236117636
4264512.58639104 11.79354 -0.00060791761386976
4264846.58638475 11.794542 -0.000371774478977313
4265180.58637847 11.795544 -0.00182116491596788
4265514.58637218 11.796546 -0.000218985324908335
4265848.58636589 11.797548 -0.000129708274312709
4266182.58635961 11.79855 0.000472470677972511
4266516.58635332 11.799552 -0.000309200813517741
4266850.58634703 11.800554 -0.000429977545555827
4267184.58634074 11.801556 0.00104414941891342
4267518.58633446 11.802558 -0.000925488364573751
4267852.58632817 11.80356 -0.00048167129239732
4268186.58632188 11.804562 0.000608336587939869
4268520.58631559 11.805564 -0.000613323719211224
4268854.58630931 11.806566 -0.00149013869211523
4269188.58630302 11.807568 0.00223686277938618
4269522.58629673 11.80857 0.00322020909204342
4269856.58629045 11.809572 -4.22700721489365e-05
4270190.58628416 11.810574 -0.00153692138965973
4270524.58627787 11.811576 0.000438292218699978
4270858.58627158 11.812578 -0.00011415012940759
4271192.5862653 11.81358 -0.00140947944108995
4271526.58625901 11.814582 0.00255743663505275
4271860.58625272 11.815584 -0.00172686138811702
4272194.58624643 11.816586 0.000652935400283678
4272528.58624015 11.817588 0.000943423393520557
4272862.58623386 11.81859 -0.00342786723737258
4273196.58622757 11.819592 0.00366008732302743
4273530.58622129 11.820594 -0.000225894156834888
4273864.586215 11.821596 0.000470233153099599
4274198.58620871 11.822598 0.00060872029245657
4274532.58620242 11.8236 -0.00138797927779279
4274866.58619614 11.824602 0.000581414331736062
4275200.58618985 11.825604 -0.000934007734294128
4275534.58618356 11.826606 -7.02551731814807e-05
4275868.58617728 11.827608 0.00220113332297617
4276202.58617099 11.82861 -0.000206380824112283
4276536.5861647 11.829612 -0.000252564473933909
4276870.58615841 11.830614 -0.000675519581328774
4277204.58615213 11.831616 -0.00126222923823065
4277538.58614584 11.832618 -0.000606025209189184
4277872.58613955 11.83362 0.000450379494301384
4278206.58613326 11.834622 -0.00088134014290387
4278540.58612698 11.835624 0.000507691114824245
4278874.58612069 11.836626 -0.00368247812185917
4279208.5861144 11.837628 -0.00198522355003401
4279542.58610811 11.83863 0.000216813246310605
4279876.58610183 11.839632 0.000606529775922548
4280210.58609554 11.840634 0.000841062034525918
4280544.58608925 11.841636 0.00101621703977045
4280878.58608297 11.842638 0.00108700117741097
4281212.58607668 11.84364 -0.000694078691593764
4281546.58607039 11.844642 -0.00167097994365761
4281880.5860641 11.845644 0.000615758740216328
4282214.58605782 11.846646 0.000177599578821416
4282548.58605153 11.847648 -0.00225780264028497
4282882.58604524 11.84865 -0.00090052989252508
4283216.58603896 11.849652 -0.000692620084677215
4283550.58603267 11.850654 -0.00127473845496615
4283884.58602638 11.851656 0.0013432320210102
4284218.58602009 11.852658 0.00149027336995137
4284552.58601381 11.85366 -0.00171715898085097
4284886.58600752 11.854662 0.000988285255337929
4285220.58600123 11.855664 0.00108843465233698
4285554.58599494 11.856666 0.000340034423928464
4285888.58598866 11.857668 -0.00033204572968571
4286222.58598237 11.85867 0.00124611746542614
4286556.58597608 11.859672 0.000590140189802063
4286890.5859698 11.860674 6.33874792049114e-05
4287224.58596351 11.861676 -0.000975503923327668
4287558.58595722 11.862678 0.000646176605605822
4287892.58595093 11.86368 -0.00128145604442893
4288226.58594465 11.864682 0.00070042645361591
4288560.58593836 11.865684 -0.00127046253552435
4288894.58593207 11.866686 -0.000803226104684251
4289228.58592578 11.867688 0.000387586521178084
4289562.5859195 11.86869 -0.000447413367844048
4289896.58591321 11.869692 0.00272622784147675
4290230.58590692 11.870694 -0.00115573589406837
4290564.58590064 11.871696 0.000921198673580556
4290898.58589435 11.872698 -0.000636629630393469
4291232.58588806 11.8737 0.00333117854942409
4291566.58588177 11.874702 -5.9618776208108e-05
4291900.58587549 11.875704 -0.000423454237572916
4292234.5858692 11.876706 0.00184416839436741
4292568.58586291 11.877708 0.000953782670108019
4292902.58585662 11.87871 -0.000577810186758604
4293236.58585034 11.879712 -5.11407229780089e-05
4293570.58584405 11.880714 -0.000538304745333114
4293904.58583776 11.881716 -0.00180348858422253
4294238.58583148 11.882718 -1.77418833728285e-05
4294572.58582519 11.88372 -0.000690897232694523
4294906.5858189 11.884722 -0.000220296452080251
4295240.58581261 11.885724 0.00162926864776516
4295574.58580633 11.886726 0.00014536233150642
4295908.58580004 11.887728 0.00219647563723126
4296242.58579375 11.88873 0.00174009499086328
4296576.58578746 11.889732 -0.000764689232680086
4296910.58578118 11.890734 0.00167498382697653
4297244.58577489 11.891736 0.000268930067421142
4297578.5857686 11.892738 -3.45937992273491e-05
4297912.58576232 11.89374 -0.000204077731623568
4298246.58575603 11.894742 0.000783323872298817
4298580.58574974 11.895744 0.000589859320730497
4298914.58574345 11.896746 -0.00164301074648502
4299248.58573717 11.897748 0.00243370586321427
4299582.58573088 11.89875 0.00102502188384795
4299916.58572459 11.899752 0.00191084251647026
4300250.58571831 11.900754 0.00130457823283085
4300584.58571202 11.901756 0.000850435202370992
4300918.58570573 11.902758 0.00124889384692803
4301252.58569944 11.90376 -0.000720162729796803
4301586.58569316 11.904762 -0.000238776216458936
4301920.58568687 11.905764 0.00101810008186973
4302254.58568058 11.906766 -0.00117756029995388
4302588.5856743 11.907768 -0.000552887056437808
4302922.58566801 11.90877 0.00145194642346377
4303256.58566172 11.909772 0.000871165799876428
4303590.58565543 11.910774 0.0014432269836435
4303924.58564915 11.911776 0.00143474256274484
4304258.58564286 11.912778 0.000574534329924487
4304592.58563657 11.91378 0.000714344880802071
4304926.58563028 11.914782 -0.00178424428197718
4305260.585624 11.915784 0.00131023373563962
4305594.58561771 11.916786 0.00140669747459669
4305928.58561142 11.917788 0.000499374671113818
4306262.58560514 11.91879 0.000737090268325913
4306596.58559885 11.919792 -0.00108310273294455
4306930.58559256 11.920794 0.0010891391896159
4307264.58558627 11.921796 -0.00219532604568381
4307598.58557999 11.922798 -0.000257362011756229
4307932.5855737 11.9238 0.000520909678729287
4308266.58556741 11.924802 -0.000148497006726405
4308600.58556112 11.925804 -0.00182682094921409
4308934.58555484 11.926806 0.00136777658257999
4309268.58554855 11.927808 0.000736584998028637
4309602.58554226 11.92881 0.00250875223765432
4309936.58553598 11.929812 -0.00103881461202573
4310270.58552969 11.930814 0.00240120241498359
4310604.5855234 11.931816 -9.69829064396076e-05
4310938.58551711 11.932818 -0.000523223401005602
4311272.58551083 11.93382 0.0020434428145445
4311606.58550454 11.934822 0.000295873410014556
4311940.58549825 11.935824 -0.0012661481873078
4312274.58549197 11.936826 -0.00138227016367443
4312608.58548568 11.937828 0.00132259456031914
4312942.58547939 11.93883 0.00121390208095016
4313276.5854731 11.939832 -0.00110408357477528
4313610.58546682 11.940834 -0.000820367103634348
4313944.58546053 11.941836 0.00135609627631923
4314278.58545424 11.942838 -3.20202341961217e-05
4314612.58544795 11.94384 -6.63993822708939e-05
4314946.58544167 11.944842 -0.000703647623433253
4315280.58543538 11.945844 -0.00170092583641211
4315614.58542909 11.946846 0.0014961700403042
4315948.5854228 11.947848 -0.000952737570382702
4316282.58541652 11.94885 -0.000811266317318113
4316616.58541023 11.949852 -0.000702220168731448
4316950.58540394 11.950854 0.000629586775423762
4317284.58539766 11.951856 0.000544885560308935
4317618.58539137 11.952858 0.000769198583573971
4317952.58538508 11.95386 0.00197385980982437
4318286.58537879 11.954862 -0.000707879492018705
4318620.58537251 11.955864 0.00045779350254885
4318954.58536622 11.956866 -0.00112381254284953
4319288.58535993 11.957868 0.00147132787995676
4319622.58535365 11.95887 0.00159125342029468
4319956.58534736 11.959872 -0.00207709563105774
4320290.58534107 11.960874 0.000395867637402374
4320624.58533478 11.961876 -0.000934443667152286
4320958.5853285 11.962878 0.00028955072299301
4321292.58532221 11.96388 0.00269324002556878
4321626.58531592 11.964882 -0.000970549026954933
4321960.58530963 11.965884 -0.0011853797420217
4322294.58530335 11.966886 -0.000135086913174706
4322628.58529706 11.967888 -0.000303188012508525
4322962.58529077 11.96889 0.000561003270791897
4323296.58528449 11.969892 -0.000840941974338481
4323630.5852782 11.970894 -0.000504142043646699
4323964.58527191 11.971896 0.000148274544439309
4324298.58526562 11.972898 -0.000312606025104292
4324632.58525934 11.9739 -0.000154353009181085
4324966.58525305 11.974902 0.000664950914794782
4325300.58524676 11.975904 -9.99414747489905e-05
4325634.58524047 11.976906 2.51544336111881e-05
4325968.58523419 11.977908 0.000776191492960295
4326302.5852279 11.97891 0.00030305050670216
4326636.58522161 11.979912 -0.00120576035763341
4326970.58521533 11.980914 -0.000242932597698153
4327304.58520904 11.981916 -0.000752404102340761
4327638.58520275 11.982918 0.000605432685880654
4327972.58519646 11.98392 0.00250402124030572
4328306.58519018 11.984922 -0.00148628434218123
4328640.58518389 11.985924 0.0013254924900767
4328974.5851776 11.986926 0.00130974374050241
4329308.58517131 11.987928 -0.000431795195293035
4329642.58516503 11.98893 0.000297634994048749
4329976.58515874 11.989932 0.000852267350691571
4330310.58515245 11.990934 -0.000502841259893305
4330644.58514617 11.991936 -0.00114786743701235
4330978.58513988 11.992938 -0.000458962945890825
4331312.58513359 11.99394 -0.000933544391470632
4331646.5851273 11.994942 0.00121052695439504
4331980.58512102 11.995944 0.00103812925315141
4332314.58511473 11.996946 -0.000301345259897684
4332648.58510844 11.997948 -0.000104026297752814
4332982.58510215 11.99895 -0.000821179135325271
4333316.58509587 11.999952 0.00118408396246159
4333650.58508958 12.000954 -0.000309748463769253
4333984.58508329 12.001956 -0.00100359344183015
4334318.58507701 12.002958 -0.000209010689759902
4334652.58507072 12.00396 0.000921067651049023
4334986.58506443 12.004962 0.000371816800092093
4335320.58505814 12.005964 0.000747253911462228
4335654.58505186 12.006966 0.000437997230384969
4335988.58504557 12.007968 0.00316394425029958
4336322.58503928 12.00897 -0.000500678282183517
4336656.58503299 12.009972 0.00233793375472205
4336990.58502671 12.010974 0.000399858444922554
4337324.58502042 12.011976 0.00025031298612619
4337658.58501413 12.012978 -0.00170006246785318
4337992.58500785 12.01398 0.000245777221639126
4338326.58500156 12.014982 -0.00209902788334099
4338660.58499527 12.015984 -0.000655349075249312
4338994.58498898 12.016986 0.00117952445302396
4339328.5849827 12.017988 -0.00120504168061529
4339662.58497641 12.01899 -0.000696715682656507
4339996.58497012 12.019992 0.000699764163462986
4340330.58496383 12.020994 -0.00157119126351875
4340664.58495755 12.021996 -0.00167277557951564
4340998.58495126 12.022998 0.00106474275119407
4341332.58494497 12.024 -3.85250368724945e-05
4341666.58493869 12.025002 0.000882750220607312
4342000.5849324 12.026004 -0.000301285216828213
4342334.58492611 12.027006 -0.00192017725187889
4342668.58491982 12.028008 -0.000401400529712684
4343002.58491354 12.02901 0.000603147937726693
4343336.58490725 12.030012 0.000483933227776198
4343670.58490096 12.031014 -0.000120013565610984
4344004.58489467 12.032016 -0.000289614642301854
4344338.58488839 12.033018 -0.000722660224680675
4344672.5848821 12.03402 -0.000620722768527717
4345006.58487581 12.035022 0.000171377411925916
4345340.58486953 12.036024 0.000537438849685426
4345674.58486324 12.037026 -0.00139444026088501
4346008.58485695 12.038028 0.000419770479251466
4346342.58485066 12.03903 -0.000942225919216093
4346676.58484438 12.040032 0.00121499530433305
4347010.58483809 12.041034 -0.00160949486182239
4347344.5848318 12.042036 -0.00150148574723288
4347678.58482552 12.043038 0.00087306227768163
4348012.58481923 12.04404 -0.000882185477548865
4348346.58481294 12.045042 0.00087157638423146
4348680.58480665 12.046044 -0.000580845894141868
4349014.58480037 12.047046 -0.000634083628709361
4349348.58479408 12.048048 -0.000880435278817268
4349682.58478779 12.04905 -0.00124864782708212
4350016.58478151 12.050052 0.000698312599819123
4350350.58477522 12.051054 0.000661071437474408
4350684.58476893 12.052056 -0.00148873829418359
4351018.58476264 12.053058 0.000365202341288518
4351352.58475636 12.05406 0.000273834685407699
4351686.58475007 12.055062 0.0023668608806196
4352020.58474378 12.056064 -0.00139007422751638
4352354.58473749 12.057066 0.000894084613262312
4352688.58473121 12.058068 -0.00153227213560817
4353022.58472492 12.05907 0.000670045742788257
4353356.58471863 12.060072 -0.00150353128480472
4353690.58471235 12.061074 -0.000172366232385303
4354024.58470606 12.062076 0.000167238033799238
4354358.58469977 12.063078 0.00131451560148373
4354692.58469348 12.06408 0.000535870028502494
4355026.5846872 12.065082 0.000620041142545916
4355360.58468091 12.066084 0.000311251828041467
4355694.58467462 12.067086 0.00344998852726552
4356028.58466833 12.068088 0.000597659665279435
4356362.58466205 12.06909 -0.000840393366335496
4356696.58465576 12.070092 0.000359719766586764
4357030.58464947 12.071094 -0.00167020569790531
4357364.58464319 12.072096 -0.00186325302037463
4357698.5846369 12.073098 -0.000641911518684874
4358032.58463061 12.0741 0.00182571811646434
4358366.58462432 12.075102 0.000800908296814496
4358700.58461804 12.076104 0.000408227869374368
4359034.58461175 12.077106 -0.00250551240107062
4359368.58460546 12.078108 -0.000794659296384697
4359702.58459918 12.07911 0.000829410001126634
4360036.58459289 12.080112 0.00130335526322123
4360370.5845866 12.081114 0.000377238366845183
4360704.58458031 12.082116 0.000117710279801934
4361038.58457403 12.083118 -0.000783181512027419
4361372.58456774 12.08412 0.000653159641100917
4361706.58456145 12.085122 -0.00113064999808269
4362040.58455516 12.086124 0.000136226883630644
4362374.58454888 12.087126 0.00204870961597145
4362708.58454259 12.088128 -0.00145803803077096
4363042.5845363 12.08913 -0.00079503854478906
4363376.58453002 12.090132 -0.000736336621395311
4363710.58452373 12.091134 0.00119692676599601
4364044.58451744 12.092136 0.00107800433111355
4364378.58451115 12.093138 0.000484946469789604
4364712.58450487 12.09414 -0.000794155754834693
4365046.58449858 12.095142 -0.00317663839639582
4365380.58449229 12.096144 0.00173328848288683
4365714.584486 12.097146 -0.00291102046352661
4366048.58447972 12.098148 0.000367259925546946
4366382.58447343 12.09915 0.000166601031516381
4366716.58446714 12.100152 0.00116861954864102
4367050.58446086 12.101154 -0.00151062286632619
4367384.58445457 12.102156 -0.000256191981953792
4367718.58444828 12.103158 -0.000357702530088749
4368052.58444199 12.10416 -0.00104883369947694
4368386.58443571 12.105162 -0.000468540191354683
4368720.58442942 12.106164 0.000559551459729242
4369054.58442313 12.107166 -0.000947786501706213
4369388.58441684 12.108168 -0.000201271855897113
4369722.58441056 12.10917 -0.00187535340948281
4370056.58440427 12.110172 -1.1345779300601e-05
4370390.58439798 12.111174 -1.92457594573479e-05
4370724.5843917 12.112176 0.00175642444281546
4371058.58438541 12.113178 -0.00106874864501422
4371392.58437912 12.11418 0.000980102803891913
4371726.58437283 12.115182 0.00129531935304007
4372060.58436655 12.116184 0.00017750398298842
4372394.58436026 12.117186 -0.000715609704561204
4372728.58435397 12.118188 0.000923123018772253
4373062.58434768 12.11919 -0.00264678614520636
4373396.5843414 12.120192 0.00108373578623303
4373730.58433511 12.121194 0.000590838199308565
4374064.58432882 12.122196 -0.000611168260387357
4374398.58432254 12.123198 0.00302940727541954
4374732.58431625 12.1242 0.000352464682330622
4375066.58430996 12.125202 -0.0023451834658924
4375400.58430367 12.126204 0.00165372125710454
4375734.58429739 12.127206 0.000405828435986618
4376068.5842911 12.128208 -0.000449330406974986
4376402.58428481 12.12921 -0.00209134199523877
4376736.58427853 12.130212 -0.0012636628436041
4377070.58427224 12.131214 0.0017966005449129
4377404.58426595 12.132216 0.00149156692905212
4377738.58425966 12.133218 0.000682347207880707
4378072.58425338 12.13422 0.000741429320620449
4378406.58424709 12.135222 0.000187790531456172
4378740.5842408 12.136224 0.00105629758338839
4379074.58423451 12.137226 0.000302872819811452
4379408.58422823 12.138228 0.00122832090295741
4379742.58422194 12.13923 -2.50791986101908e-05
4380076.58421565 12.140232 -0.00116889575975513
4380410.58420936 12.141234 0.00185905856399141
4380744.58420308 12.142236 -0.000161928531562428
4381078.58419679 12.143238 -3.39922208993243e-05
4381412.5841905 12.14424 -0.00045909258863403
4381746.58418422 12.145242 0.00220210636492702
4382080.58417793 12.146244 -0.00077537380692265
4382414.58417164 12.147246 -0.000713245578153634
4382748.58416535 12.148248 0.00100472523177548
4383082.58415907 12.14925 -0.000433393595854751
4383416.58415278 12.150252 0.000140296337992641
4383750.58414649 12.151254 -0.000332020117998102
4384084.58414021 12.152256 0.000234969959251777
4384418.58413392 12.153258 -0.000944517083629932
4384752.58412763 12.15426 0.000223540243079228
4385086.58412134 12.155262 -0.00188208812314101
4385420.58411506 12.156264 0.000666109575627967
4385754.58410877 12.157266 -0.00135974639654081
4386088.58410248 12.158268 0.00066058552503666
4386422.5840962 12.15927 0.00294498649617506
4386756.58408991 12.160272 0.000135228001987495
4387090.58408362 12.161274 -0.000450737685952502
4387424.58407733 12.162276 0.00157248828430156
4387758.58407105 12.163278 0.000654053264941846
4388092.58406476 12.16428 -0.00126677263750677
4388426.58405847 12.165282 -0.00195338820324251
4388760.58405218 12.166284 -0.000206101352394838
4389094.5840459 12.167286 0.00108512307234681
4389428.58403961 12.168288 0.000265031129261711
4389762.58403332 12.16929 0.00137681927231872
4390096.58402704 12.170292 -0.000551149782236949
4390430.58402075 12.171294 0.00201766704820123
4390764.58401446 12.172296 -0.00154571871753586
4391098.58400817 12.173298 0.000459143025113069
4391432.58400189 12.1743 6.53030750328281e-05
4391766.5839956 12.175302 -0.000181487796502342
4392100.58398931 12.176304 0.00127142728517233
4392434.58398302 12.177306 0.00446289593065904
4392768.58397674 12.178308 -0.002300420549273
4393102.58397045 12.17931 0.000612227982226867
4393436.58396416 12.180312 -8.17946367658161e-05
4393770.58395788 12.181314 -0.00201059361741751
4394104.58395159 12.182316 -3.45688042775015e-05
4394438.5839453 12.183318 -0.00141728241340451
4394772.58393901 12.18432 -0.000624938963801958
4395106.58393273 12.185322 0.000410138012677308
4395440.58392644 12.186324 0.000144366969989708
4395774.58392015 12.187326 0.00144910203855396
4396108.58391386 12.188328 0.00067750284205634
4396442.58390758 12.18933 0.000264427318273102
4396776.58390129 12.190332 0.0015581569986725
4397110.583895 12.191334 9.1919106582783e-05
4397444.58388872 12.192336 0.000950202420831903
4397778.58388243 12.193338 0.00128635194383583
4398112.58387614 12.19434 -0.000845565257531183
4398446.58386985 12.195342 0.000439306284923251
4398780.58386357 12.196344 0.00104345543387261
4399114.58385728 12.197346 0.000395069658591928
4399448.58385099 12.198348 -0.00174553950585629
4399782.5838447 12.19935 0.000409398454178155
4400116.58383842 12.200352 -0.000210695939981593
4400450.58383213 12.201354 -3.59701051603795e-05
4400784.58382584 12.202356 -4.31845198041251e-05
4401118.58381956 12.203358 0.000329500424644736
4401452.58381327 12.20436 0.00173116884321668
4401786.58380698 12.205362 0.00164221237918178
4402120.58380069 12.206364 -0.000937503177875626
4402454.58379441 12.207366 0.000711118487501789
4402788.58378812 12.208368 0.000429038965679201
4403122.58378183 12.20937 0.00336187844794999
4403456.58377555 12.210372 0.000212619394403446
4403790.58376926 12.211374 -8.58193862132404e-05
4404124.58376297 12.212376 0.00165476551590394
4404458.58375668 12.213378 0.00101201859345832
4404792.5837504 12.21438 0.00169471442680019
4405126.58374411 12.215382 -0.0012398439817265
4405460.58373782 12.216384 0.000600567256313742
4405794.58373153 12.217386 0.00125591404161773
4406128.58372525 12.218388 0.00148453583683608
4406462.58371896 12.21939 0.00105343270063006
4406796.58371267 12.220392 0.00145072012218923
4407130.58370639 12.221394 -0.000867241992492903
4407464.5837001 12.222396 0.000554420591761501
4407798.58369381 12.223398 0.00228645757841116
4408132.58368752 12.2244 8.54635027321834e-06
4408466.58368124 12.225402 -2.09484378167758e-05
4408800.58367495 12.226404 0.00148451456827683
4409134.58366866 12.227406 0.000469389186267293
4409468.58366237 12.228408 0.000102329729625368
4409802.58365609 12.22941 -0.00365940492242162
4410136.5836498 12.230412 -0.000465612387699782
4410470.58364351 12.231414 0.000173744920153614
4410804.58363723 12.232416 -0.00112464771901499
4411138.58363094 12.233418 0.00172366767562907
4411472.58362465 12.23442 -0.000479962541093384
4411806.58361836 12.235422 -4.04550071704978e-05
4412140.58361208 12.236424 -0.00286134119323402
4412474.58360579 12.237426 -0.00130979838078773
4412808.5835995 12.238428 0.00145606819092233
4413142.58359322 12.23943 -0.00155599839403686
4413476.58358693 12.240432 0.000510745963738416
4413810.58358064 12.241434 -4.60950251916032e-05
4414144.58357435 12.242436 -0.000429926401655211
4414478.58356807 12.243438 0.000647849005304517
4414812.58356178 12.24444 -0.000774840954812669
4415146.58355549 12.245442 0.00271619829863944
4415480.58354921 12.246444 0.00118277860382604
4415814.58354292 12.247446 0.000927730906505913
4416148.58353663 12.248448 0.000218914352847748
4416482.58353034 12.24945 -0.000363750564703788
4416816.58352405 12.250452 0.00195563825481935
4417150.58351777 12.251454 0.000212486958794142
4417484.58351148 12.252456 -0.00143976717506531
4417818.58350519 12.253458 -0.000521975437198646
4418152.58349891 12.25446 -0.00316973102463545
4418486.58349262 12.255462 -0.00158356567714733
4418820.58348633 12.256464 -0.00104991361790077
4419154.58348004 12.257466 0.000397238216308994
4419488.58347376 12.258468 -0.00168318474858316
4419822.58346747 12.25947 0.000173807382809736
4420156.58346118 12.260472 0.00167655992165801
4420490.5834549 12.261474 0.00114293942043334
4420824.58344861 12.262476 -0.0005298387153546
4421158.58344232 12.263478 0.00226976466726478
4421492.58343603 12.26448 -0.00103371176767817
4421826.58342975 12.265482 0.000384921921452154
4422160.58342346 12.266484 -0.00162707752707135
4422494.58341717 12.267486 0.000364448114530099
4422828.58341088 12.268488 -5.19395987290403e-05
4423162.5834046 12.26949 -0.00149296511585819
4423496.58339831 12.270492 -0.00147306594096416
4423830.58339202 12.271494 0.000574385210061996
4424164.58338574 12.272496 0.000725949191752331
4424498.58337945 12.273498 -0.00110369250334105
4424832.58337316 12.2745 0.00121062984344882
4425166.58336687 12.275502 -0.00193549602723289
4425500.58336059 12.276504 0.000910388933562964
4425834.5833543 12.277506 -0.000501768302750674
4426168.58334801 12.278508 -0.000955709845868368
4426502.58334173 12.27951 -0.0023325399680359
4426836.58333544 12.280512 0.00148863294402242
4427170.58332915 12.281514 3.92306859205814e-05
4427504.58332286 12.282516 -0.00100371765945566
4427838.58331658 12.283518 -0.000784024023946513
4428172.58331029 12.28452 -0.00071416121402437
4428506.583304 12.285522 0.00160448821725623
4428840.58329771 12.286524 -0.000655913111291446
4429174.58329143 12.287526 0.000187039885452638
4429508.58328514 12.288528 -0.00162225184552968
4429842.58327885 12.28953 6.14609182755649e-05
4430176.58327256 12.290532 -0.00144719782648723
4430510.58326628 12.291534 -0.000311507823320049
4430844.58325999 12.292536 0.0012429922975678
4431178.5832537 12.293538 -0.000942477279268197
4431512.58324742 12.29454 0.00112739315279152
4431846.58324113 12.295542 -0.000971626975298733
4432180.58323484 12.296544 -0.000367312026361374
4432514.58322855 12.297546 -0.00179163561037748
4432848.58322227 12.298548 0.000768895524532496
4433182.58321598 12.29955 -0.000591240156596905
4433516.58320969 12.300552 -0.00263140973704108
4433850.58320341 12.301554 -0.000234128199133085
4434184.58319712 12.302556 -0.000952666309891371
4434518.58319083 12.303558 0.00157773817020401
4434852.58318454 12.30456 -6.78378596695956e-05
4435186.58317826 12.305562 -0.000331033538269571
4435520.58317197 12.306564 -0.000465644802711009
4435854.58316568 12.307566 -0.00202761477230751
4436188.58315939 12.308568 -4.30956633911364e-05
4436522.58315311 12.30957 0.000368685550601928
4436856.58314682 12.310572 -0.000599930941791447
4437190.58314053 12.311574 -0.000535915128656787
4437524.58313425 12.312576 -0.000676712073545895
4437858.58312796 12.313578 0.000795915045382806
4438192.58312167 12.31458 -0.00110696104356775
4438526.58311538 12.315582 -0.000438982592600026
4438860.5831091 12.316584 -0.000990095126404735
4439194.58310281 12.317586 0.000288525651171734
4439528.58309652 12.318588 0.00192993124662004
4439862.58309023 12.31959 -0.000642321736798316
4440196.58308395 12.320592 -0.0010381153180003
4440530.58307766 12.321594 -2.54136778382748e-05
4440864.58307137 12.322596 0.000288366596384347
4441198.58306509 12.323598 -0.00216174652751367
4441532.5830588 12.3246 -0.000153845356099225
4441866.58305251 12.325602 0.00127142332773502
4442200.58304622 12.326604 -0.000510548021247452
4442534.58303994 12.327606 -0.0011200704024663
4442868.58303365 12.328608 -0.000485672797478913
4443202.58302736 12.32961 0.000672927878573449
4443536.58302108 12.330612 0.000336520585852129
4443870.58301479 12.331614 0.00029807842638386
4444204.5830085 12.332616 -0.000668038064929622
4444538.58300221 12.333618 0.000815211687428496
4444872.58299593 12.33462 0.00106347305260612
4445206.58298964 12.335622 -0.00103455509535386
4445540.58298335 12.336624 -0.00103246045078369
4445874.58297706 12.337626 0.000996488567620202
4446208.58297078 12.338628 -0.00146006087253717
4446542.58296449 12.33963 0.000171021817629089
4446876.5829582 12.340632 -0.00116875066480243
4447210.58295191 12.341634 0.00134813611320103
4447544.58294563 12.342636 -0.000506156987942462
4447878.58293934 12.343638 0.000933553730565252
4448212.58293305 12.34464 -0.000314910903137129
4448546.58292677 12.345642 0.000372641854817297
4448880.58292048 12.346644 0.000865670200134595
4449214.58291419 12.347646 -0.00129271436857476
4449548.5829079 12.348648 -0.00109645183932176
4449882.58290162 12.34965 -0.00092088588602279
4450216.58289533 12.350652 4.05053742802025e-05
4450550.58288904 12.351654 0.00085862765173247
4450884.58288276 12.352656 -0.000744625153694225
4451218.58287647 12.353658 -0.000859086814456696
4451552.58287018 12.35466 -7.22496101944745e-05
4451886.58286389 12.355662 -2.0370069802427e-05
4452220.58285761 12.356664 2.59646527761996e-05
4452554.58285132 12.357666 0.00134337684807511
4452888.58284503 12.358668 0.000871349500864525
4453222.58283874 12.35967 -0.000206744611764767
4453556.58283246 12.360672 -0.000245495655688888
4453890.58282617 12.361674 0.000321461759262313
4454224.58281988 12.362676 0.000960766714343018
4454558.5828136 12.363678 0.00151999180809502
4454892.58280731 12.36468 0.000339310083089792
4455226.58280102 12.365682 0.000653152572785192
4455560.58279473 12.366684 -3.95384354937088e-05
4455894.58278845 12.367686 -0.00236991729947756
4456228.58278216 12.368688 0.000914096551844504
4456562.58277587 12.36969 0.00116166311916273
4456896.58276958 12.370692 -0.000144629254134373
4457230.5827633 12.371694 0.000673598603663958
4457564.58275701 12.372696 0.00049881753310606
4457898.58275072 12.373698 -0.000515490746271437
4458232.58274444 12.3747 -0.00246302803429911
4458566.58273815 12.375702 -0.00110153186802759
4458900.58273186 12.376704 0.00155427012160597
4459234.58272557 12.377706 -0.000238403539900632
4459568.58271929 12.378708 -0.00150696006404447
4459902.582713 12.37971 -0.00081872615742876
4460236.58270671 12.380712 -0.00231446603438703
4460570.58270043 12.381714 -0.00035793803496689
4460904.58269414 12.382716 -0.000912666331310713
4461238.58268785 12.383718 0.0017402819416724
4461572.58268156 12.38472 -0.000533192999241006
4461906.58267528 12.385722 -0.000119198928668624
4462240.58266899 12.386724 0.0022036955987599
4462574.5826627 12.387726 0.000524683240947783
4462908.58265642 12.388728 -0.00118456542455102
4463242.58265013 12.38973 -0.000244883338376885
4463576.58264384 12.390732 -0.000216755499309869
4463910.58263755 12.391734 -0.00111419148273527
4464244.58263127 12.392736 -0.00100238107368391
4464578.58262498 12.393738 0.000403511094832284
4464912.58261869 12.39474 -0.000693819518812997
4465246.5826124 12.395742 -0.00181075945652555
4465580.58260612 12.396744 0.00121998254093982
4465914.58259983 12.397746 -0.000160457780340425
4466248.58259354 12.398748 0.00131297360596552
4466582.58258725 12.39975 0.00042690780817821
4466916.58258097 12.400752 -0.00274018784613479
4467250.58257468 12.401754 0.000511641450914669
4467584.58256839 12.402756 -0.00114195328209266
4467918.58256211 12.403758 0.00134884046963791
4468252.58255582 12.40476 -0.00143948936899743
4468586.58254953 12.405762 -0.00261378829829024
4468920.58254324 12.406764 0.0006123780988219
4469254.58253696 12.407766 -0.000495610775045297
4469588.58253067 12.408768 -0.000157090042452646
4469922.58252438 12.40977 0.000365847603885388
4470256.5825181 12.410772 0.000440183354658726
4470590.58251181 12.411774 -0.000267146138810726
4470924.58250552 12.412776 0.000194357840242537
4471258.58249923 12.413778 6.21173016031935e-05
4471592.58249295 12.41478 -0.000854925665235237
4471926.58248666 12.415782 2.24878620018945e-06
4472260.58248037 12.416784 0.00187394979607968
4472594.58247408 12.417786 4.08130711398041e-05
4472928.5824678 12.418788 0.00125064935041779
4473262.58246151 12.41979 0.000601327897367461
4473596.58245522 12.420792 -0.000829358379650794
4473930.58244894 12.421794 0.000744399585895122
4474264.58244265 12.422796 0.0024107673846236
4474598.58243636 12.423798 0.000877134419204304
4474932.58243007 12.4248 0.00295069037672016
4475266.58242379 12.425802 -0.000234797912315252
4475600.5824175 12.426804 -0.00105486811154312
4475934.58241121 12.427806 0.00223325865369486
4476268.58240492 12.428808 -0.00118617168769282
4476602.58239864 12.42981 0.000631130806171936
4476936.58239235 12.430812 0.000117806799422633
4477270.58238606 12.431814 0.000100049402727131
4477604.58237978 12.432816 -0.00135406622953697
4477938.58237349 12.433818 -0.000490878276149558
4478272.5823672 12.43482 8.89246069254907e-05
4478606.58236091 12.435822 -0.00197372189275935
4478940.58235463 12.436824 0.0011072964238971
4479274.58234834 12.437826 -0.00110649241143882
4479608.58234205 12.438828 -0.00104356046842607
4479942.58233576 12.43983 -0.00135271938243592
4480276.58232948 12.440832 -0.00148779246215877
4480610.58232319 12.441834 -0.000319396935205109
4480944.5823169 12.442836 -0.00114563651249229
4481278.58231062 12.443838 -0.000373492859514253
4481612.58230433 12.44484 0.000619071409371741
4481946.58229804 12.445842 -0.00242865669295678
4482280.58229175 12.446844 0.000637391896971086
4482614.58228547 12.447846 -0.000820157765006265
4482948.58227918 12.448848 0.00105233392903941
4483282.58227289 12.44985 0.00176439669280335
4483616.5822666 12.450852 -0.000330564886201682
4483950.58226032 12.451854 -0.00190304504596434
4484284.58225403 12.452856 2.10286857746279e-06
4484618.58224774 12.453858 0.000533474403280206
4484952.58224146 12.45486 0.000549944944149796
4485286.58223517 12.455862 0.0021359202310426
4485620.58222888 12.456864 -0.00111189888192005
4485954.58222259 12.457866 0.00123238989160827
4486288.58221631 12.458868 0.000258114885904899
4486622.58221002 12.45987 0.00185454192312576
4486956.58220373 12.460872 0.00112426805480699
4487290.58219745 12.461874 0.00209391775150519
4487624.58219116 12.462876 -0.00147697800542616
4487958.58218487 12.463878 0.00202004166687984
4488292.58217858 12.46488 0.00165097837169632
4488626.5821723 12.465882 0.000718626284017373
4488960.58216601 12.466884 0.00167993816224662
4489294.58215972 12.467886 -1.68218164530729e-05
4489628.58215343 12.468888 -0.000319577363085347
4489962.58214715 12.46989 0.00132109742460042
4490296.58214086 12.470892 -0.00178275461948254
4490630.58213457 12.471894 0.000801754368864261
4490964.58212829 12.472896 0.000307789243337774
4491298.582122 12.473898 -0.000499364875127767
4491632.58211571 12.4749 -0.000759392620380903
4491966.58210942 12.475902 0.000178367524570216
4492300.58210314 12.476904 2.13859887129705e-05
4492634.58209685 12.477906 0.00269596778914443
4492968.58209056 12.478908 -0.000327699055839332
4493302.58208427 12.47991 0.000239682975153262
4493636.58207799 12.480912 0.000965140592536611
4493970.5820717 12.481914 -0.000871237423424285
4494304.58206541 12.482916 -0.000466688179126196
4494638.58205913 12.483918 0.000589304712361332
4494972.58205284 12.48492 0.000327540062861747
4495306.58204655 12.485922 -0.00114870313291576
4495640.58204026 12.486924 -0.000476064938806639
4495974.58203398 12.487926 0.000911056596000455
4496308.58202769 12.488928 0.000941158124828252
4496642.5820214 12.48993 0.00205137767734078
4496976.58201512 12.490932 0.000409215671381517
4497310.58200883 12.491934 0.000121811264724786
4497644.58200254 12.492936 -0.0012040174792323
4497978.58199625 12.493938 -0.000318889692373281
4498312.58198997 12.49494 0.00123239765503159
4498646.58198368 12.495942 -0.00196274112528899
4498980.58197739 12.496944 -0.00135847911510784
4499314.58197111 12.497946 0.000185123630200221
4499648.58196482 12.498948 0.0019068303051989
4499982.58195853 12.49995 -0.000358865007285572
4500316.58195224 12.500952 -0.000622647976430889
4500650.58194596 12.501954 -0.00167183398258873
4500984.58193967 12.502956 0.000738625134892758
4501318.58193338 12.503958 0.000899829096958656
4501652.58192709 12.50496 0.00273833583686338
4501986.58192081 12.505962 -0.000135645332927936
4502320.58191452 12.506964 -0.0011403350819981
4502654.58190823 12.507966 0.000762777714094886
4502988.58190194 12.508968 -0.000688959087532678
4503322.58189566 12.50997 0.000447172138902769
4503656.58188937 12.510972 0.00128378348755793
4503990.58188308 12.511974 0.000334507652252516
4504324.5818768 12.512976 -0.000569495963898126
4504658.58187051 12.513978 0.00176037134206667
4504992.58186422 12.51498 0.000724227238709368
4505326.58185793 12.515982 -0.000300679763171419
4505660.58185165 12.516984 -0.00196549412266506
4505994.58184536 12.517986 -0.00136644553109031
4506328.58183907 12.518988 -0.000364923811206064
4506662.58183279 12.51999 -2.92604001309912e-05
4506996.5818265 12.520992 0.00155091824038477
4507330.58182021 12.521994 0.000499647095282375
4507664.58181392 12.522996 0.000967531726416408
4507998.58180764 12.523998 -0.00048376397016401
4508332.58180135 12.525 0.00139848622837
4508666.58179506 12.526002 0.0012608168580571
4509000.58178877 12.527004 0.00123324554813083
4509334.58178249 12.528006 0.00137929316783612
4509668.5817762 12.529008 0.00235362661599414
4510002.58176991 12.53001 0.000804789071586079
4510336.58176363 12.531012 0.00172078913004267
4510670.58175734 12.532014 0.000657761614698171
4511004.58175105 12.533016 -0.000538352977638962
4511338.58174476 12.534018 0.00156390599991566
4511672.58173848 12.53502 0.000785822645707366
4512006.58173219 12.536022 0.000209602241192929
4512340.5817259 12.537024 0.000533773196386743
4512674.58171961 12.538026 0.000678171269982404
4513008.58171333 12.539028 0.0028179504652618
4513342.58170704 12.54003 -0.00215364055934929
4513676.58170075 12.541032 -0.000176506460909798
4514010.58169447 12.542034 -0.00155440696835134
4514344.58168818 12.543036 -0.000707244669302531
4514678.58168189 12.544038 0.00127026230089031
4515012.5816756 12.54504 -0.000536217191035596
4515346.58166932 12.546042 0.00138848715083753
4515680.58166303 12.547044 -4.92477258613784e-05
4516014.58165674 12.548046 -0.0020618037767927
4516348.58165045 12.549048 0.00197051513006484
4516682.58164417 12.55005 0.000662246217799782
4517016.58163788 12.551052 -0.00155028840297664
4517350.58163159 12.552054 -0.000815112566365016
4517684.58162531 12.553056 0.000227601359540829
4518018.58161902 12.554058 0.00290445596739893
4518352.58161273 12.55506 0.00127939981185232
4518686.58160644 12.556062 -0.00160586824911085
4519020.58160016 12.557064 -0.000307417610797846
4519354.58159387 12.558066 -0.00131823001765371
4519688.58158758 12.559068 0.000569358496726277
4520022.58158129 12.56007 0.00118683202729779
4520356.58157501 12.561072 -0.00091877842237331
4520690.58156872 12.562074 0.000621874648144238
4521024.58156243 12.563076 7.55874122948633e-05
4521358.58155615 12.564078 0.000832632892098981
4521692.58154986 12.56508 0.000527665104257321
4522026.58154357 12.566082 -0.000839186867233258
4522360.58153728 12.567084 0.00159621324408517
4522694.581531 12.568086 0.000898201986397105
4523028.58152471 12.569088 1.28185604224413e-05
4523362.58151842 12.57009 -0.00164680283831382
4523696.58151214 12.571092 0.000735934003434955
4524030.58150585 12.572094 -0.000825377720814017
4524364.58149956 12.573096 -0.000891660281029195
4524698.58149327 12.574098 -0.00117522416289143
4525032.58148699 12.5751 -0.000943283788980297
4525366.5814807 12.576102 -0.00143186549372469
4525700.58147441 12.577104 -4.05750220893078e-05
4526034.58146812 12.578106 0.000530688485963635
4526368.58146184 12.579108 -0.000729245120834885
4526702.58145555 12.58011 0.00142321990395086
4527036.58144926 12.581112 0.00160582202086792
4527370.58144298 12.582114 -0.000595836845111989
4527704.58143669 12.583116 -0.000327214101891395
4528038.5814304 12.584118 -0.000103003037294364
4528372.58142411 12.58512 0.000297143338668677
4528706.58141783 12.586122 0.000119069648086521
4529040.58141154 12.587124 -0.000318161534679435
4529374.58140525 12.588126 -0.000478840065987358
4529708.58139896 12.589128 0.000731410291551461
4530042.58139268 12.59013 -0.000456770731951421
4530376.58138639 12.591132 0.000608545751492359
4530710.5813801 12.592134 0.000582219271548718
4531044.58137381 12.593136 -9.92667313156539e-05
4531378.58136753 12.594138 0.000455241507241436
4531712.58136124 12.59514 -0.0012284365048066
4532046.58135495 12.596142 0.00212195430769346
4532380.58134867 12.597144 -0.000273911087886966
4532714.58134238 12.598146 -0.000535202944139681
4533048.58133609 12.599148 -0.0018914505649324
4533382.5813298 12.60015 0.00185282763069816
4533716.58132352 12.601152 -1.57844411195629e-05
4534050.58131723 12.602154 0.000100331786429258
4534384.58131094 12.603156 -0.000903553987260997
4534718.58130466 12.604158 -0.0026435173066065
4535052.58129837 12.60516 0.00168974045059553
4535386.58129208 12.606162 0.0012334567734537
4535720.58128579 12.607164 -0.00113370723731567
4536054.58127951 12.608166 -0.000453814714369441
4536388.58127322 12.609168 0.00115809401597051
4536722.58126693 12.61017 -0.00119426222485922
4537056.58126064 12.611172 0.000404029725431371
4537390.58125436 12.612174 -0.00132285771577573
4537724.58124807 12.613176 0.000417664793820459
4538058.58124178 12.614178 0.00058285100355532
4538392.5812355 12.61518 0.000872971994148081
4538726.58122921 12.616182 -4.15741316149971e-05
4539060.58122292 12.617184 -0.000457807844701213
4539394.58121663 12.618186 0.000768446036585096
4539728.58121035 12.619188 -0.00110894343344604
4540062.58120406 12.62019 0.00085365023016168
4540396.58119777 12.621192 6.41893011801189e-05
4540730.58119148 12.622194 -0.000330528336547844
4541064.5811852 12.623196 -0.000865064349212274
4541398.58117891 12.624198 -0.000641999902243608
4541732.58117262 12.6252 -0.00115247996985445
4542066.58116634 12.626202 0.000300090519591781
4542400.58116005 12.627204 -0.000788470467573229
4542734.58115376 12.628206 -0.0016544881911624
4543068.58114747 12.629208 6.47987170335869e-05
4543402.58114119 12.63021 -0.000455905806072775
4543736.5811349 12.631212 0.000605359880120471
4544070.58112861 12.632214 -0.0020719144133033
4544404.58112233 12.633216 0.0011347437247497
4544738.58111604 12.634218 -0.00163086987410785
4545072.58110975 12.63522 -0.00131730206645631
4545406.58110346 12.636222 -0.00124624723074796
4545740.58109718 12.637224 0.000410518186290163
4546074.58109089 12.638226 -0.00150393595989792
4546408.5810846 12.639228 -0.000553407162829511
4546742.58107832 12.64023 -5.58054633508607e-05
4547076.58107203 12.641232 0.00157695868751857
4547410.58106574 12.642234 -0.000513863031000605
4547744.58105945 12.643236 0.000241973880632479
4548078.58105317 12.644238 0.000596541855548408
4548412.58104688 12.64524 0.000793870606833079
4548746.58104059 12.646242 -0.000104362256419549
4549080.5810343 12.647244 -0.000224293033637647
4549414.58102802 12.648246 -0.000919070725015232
4549748.58102173 12.649248 3.17024673102586e-05
4550082.58101544 12.65025 0.000586017840859525
4550416.58100916 12.651252 0.00212851043670163
4550750.58100287 12.652254 0.000442128942241962
4551084.58099658 12.653256 0.0016195788152544
4551418.58099029 12.654258 0.0015464348232627
4551752.58098401 12.65526 -0.00130352527906493
4552086.58097772 12.656262 0.000236070907786373
4552420.58097143 12.657264 -0.000118227920270245
4552754.58096514 12.658266 0.000959261166735015
4553088.58095886 12.659268 -0.00195099503641067
4553422.58095257 12.66027 1.93756837231709e-05
4553756.58094628 12.661272 -0.00139557215635068
4554090.58094 12.662274 -0.000514650190737529
4554424.58093371 12.663276 -0.00215923257687093
4554758.58092742 12.664278 0.00134446940055332
4555092.58092113 12.66528 0.000911834462018838
4555426.58091485 12.666282 8.69481323306823e-05
4555760.58090856 12.667284 0.000495279887409561
4556094.58090227 12.668286 -0.000695552348201753
4556428.58089598 12.669288 -0.000872152315098835
4556762.5808897 12.67029 0.00143121255612391
4557096.58088341 12.671292 0.00136986694292794
4557430.58087712 12.672294 -0.000123822099540403
4557764.58087084 12.673296 -8.4360598394657e-05
4558098.58086455 12.674298 -0.00110196463468403
4558432.58085826 12.6753 0.000363972920853769
4558766.58085197 12.676302 0.000395116702744911
4559100.58084569 12.677304 -0.00200997086406844
4559434.5808394 12.678306 0.00159267540434456
4559768.58083311 12.679308 0.000394161067717954
4560102.58082682 12.68031 -0.00118134662581894
4560436.58082054 12.681312 -0.000370138789818575
4560770.58081425 12.682314 -0.000631092461356526
4561104.58080796 12.683316 -0.000608429393319228
4561438.58080168 12.684318 0.000213035456308055
4561772.58079539 12.68532 -0.0020565166682463
4562106.5807891 12.686322 0.00029891153565841
4562440.58078281 12.687324 -0.000192847318904721
4562774.58077653 12.688326 -0.00153041958120419
4563108.58077024 12.689328 0.00100121888636162
4563442.58076395 12.69033 0.000340639515217606
4563776.58075767 12.691332 0.00141572185631831
4564110.58075138 12.692334 -0.000142863213539195
4564444.58074509 12.693336 -4.93696928408098e-05
4564778.5807388 12.694338 -0.00012792182795122
4565112.58073252 12.69534 0.00268660670188822
4565446.58072623 12.696342 -7.25673425697949e-05
4565780.58071994 12.697344 4.66749105424702e-05
4566114.58071365 12.698346 0.00217937998382385
4566448.58070737 12.699348 -0.000135610113524249
4566782.58070108 12.70035 -0.00139345713515525
4567116.58069479 12.701352 0.000618208886447171
4567450.5806885 12.702354 2.19771065765806e-05
4567784.58068222 12.703356 -0.000963904950893928
4568118.58067593 12.704358 -0.000403045292864784
4568452.58066964 12.70536 4.71799565530998e-05
4568786.58066336 12.706362 -0.00173229876939889
4569120.58065707 12.707364 0.00147816599461098
4569454.58065078 12.708366 0.00112796855019505
4569788.58064449 12.709368 0.00131430478193515
4570122.58063821 12.71037 -0.000439366911665943
4570456.58063192 12.711372 0.0024894325819612
4570790.58062563 12.712374 -0.000432779118879464
4571124.58061935 12.713376 0.00146448791594799
4571458.58061306 12.714378 -0.000339136524290834
4571792.58060677 12.71538 0.00178912904177599
4572126.58060048 12.716382 0.00214813671085955
4572460.5805942 12.717384 -0.000103961604137824
4572794.58058791 12.718386 0.00111832216715696
4573128.58058162 12.719388 -0.00291589594539729
4573462.58057533 12.72039 -0.000619577044756899
4573796.58056905 12.721392 -0.000259938659963572
4574130.58056276 12.722394 0.000313866646347154
4574464.58055647 12.723396 -0.000211658717193836
4574798.58055019 12.724398 -0.00241415441639976
4575132.5805439 12.7254 -5.83785825203714e-05
4575466.58053761 12.726402 -0.00133282990719664
4575800.58053132 12.727404 0.00195050997059398
4576134.58052504 12.728406 -0.00187403782969697
4576468.58051875 12.729408 -0.000810208819641866
4576802.58051246 12.73041 0.0012908077847657
4577136.58050617 12.731412 0.00104911043146871
4577470.58049989 12.732414 -0.00234156650563515
4577804.5804936 12.733416 0.00140878272265349
4578138.58048731 12.734418 -0.000399498457168092
4578472.58048103 12.73542 -0.000409397869153737
4578806.58047474 12.736422 0.00171441321270354
4579140.58046845 12.737424 -0.000933698979528352
4579474.58046216 12.738426 0.00145053198503194
4579808.58045588 12.739428 0.00201347639193506
4580142.58044959 12.74043 0.00101265330810316
4580476.5804433 12.741432 -2.93662623443136e-05
4580810.58043702 12.742434 4.6815284928301e-05
4581144.58043073 12.743436 -0.00263597635607762
4581478.58042444 12.744438 0.00117136572293171
4581812.58041815 12.74544 0.00114418775481412
4582146.58041187 12.746442 0.0018210397425882
4582480.58040558 12.747444 -0.000792477146624454
4582814.58039929 12.748446 -0.000785314862823965
4583148.58039301 12.749448 0.00132898368212469
4583482.58038672 12.75045 -0.00100252821183894
4583816.58038043 12.751452 0.000710781961304784
4584150.58037414 12.752454 -0.000688971127217783
4584484.58036785 12.753456 -0.000246947882892315
4584818.58036157 12.754458 -0.000936266082644331
4585152.58035528 12.75546 -0.00211932877459791
4585486.58034899 12.756462 0.00159863613388185
4585820.58034271 12.757464 -0.000116181262522866
4586154.58033642 12.758466 -0.00034302753698097
4586488.58033013 12.759468 -0.00119393126524723
4586822.58032384 12.76047 0.00275225943169004
4587156.58031756 12.761472 0.00147856518364817
4587490.58031127 12.762474 0.00133006039040479
4587824.58030498 12.763476 0.000361781737528227
4588158.5802987 12.764478 0.00186437762794897
4588492.58029241 12.76548 0.000868988718152852
4588826.58028612 12.766482 5.524882273955e-05
4589160.58027983 12.767484 -0.000305927470696526
4589494.58027355 12.768486 0.000735018524400749
4589828.58026726 12.769488 -6.32568449223965e-05
4590162.58026097 12.77049 -0.00054903378294079
4590496.58025469 12.771492 0.000335185612222662
4590830.5802484 12.772494 -0.000184166028118726
4591164.58024211 12.773496 -0.000544286120306544
4591498.58023582 12.774498 0.00105581844414714
4591832.58022954 12.7755 -0.00131790590651624
4592166.58022325 12.776502 -0.000583607581974893
4592500.58021696 12.777504 0.000118290838110577
4592834.58021067 12.778506 -0.000831299234582676
4593168.58020439 12.779508 0.00191999474251373
4593502.5801981 12.78051 -0.000731942691532314
4593836.58019181 12.781512 0.00054410781448925
4594170.58018553 12.782514 0.000859032423018257
4594504.58017924 12.783516 0.000819925196711941
4594838.58017295 12.784518 -0.000463875549897357
4595172.58016666 12.78552 -0.00111834826645163
4595506.58016038 12.786522 -0.00115836492909815
4595840.58015409 12.787524 0.000303137036717025
4596174.5801478 12.788526 -0.00190814696299743
4596508.58014151 12.789528 0.000463447163560613
4596842.58013523 12.79053 -0.000188657753481085
4597176.58012894 12.791532 6.28042343057997e-05
4597510.58012265 12.792534 0.00120263276956603
4597844.58011637 12.793536 0.000391846020265938
4598178.58011008 12.794538 -0.000273951284420362
4598512.58010379 12.79554 1.56606188352566e-05
4598846.5800975 12.796542 0.000899400061707906
4599180.58009122 12.797544 0.000757085952875882
4599514.58008493 12.798546 0.000913697937190338
4599848.58007864 12.799548 0.00242460501751847
4600182.58007236 12.80055 -0.00213443434128586
4600516.58006607 12.801552 0.00242431531693883
4600850.58005978 12.802554 0.00146112084106037
4601184.58005349 12.803556 -0.00078914734697721
4601518.58004721 12.804558 0.00115183767170854
4601852.58004092 12.80556 0.00140602840273848
4602186.58003463 12.806562 -0.00140996570395626
4602520.58002834 12.807564 -0.000282123330054364
4602854.58002206 12.808566 -0.00118011423585518
4603188.58001577 12.809568 0.0010529444115618
4603522.58000948 12.81057 0.000879756204766742
4603856.58000319 12.811572 -0.000213552183734655
4604190.57999691 12.812574 -0.000299823718588659
4604524.57999062 12.813576 0.00141811953869938
4604858.57998433 12.814578 -0.000548005985254559
4605192.57997805 12.81558 0.000251314997309248
4605526.57997176 12.816582 -0.000819941183881183
4605860.57996547 12.817584 0.000691422449316447
4606194.57995918 12.818586 0.00160042892742439
4606528.5799529 12.819588 0.00185368496740268
4606862.57994661 12.82059 0.00200923391770992
4607196.57994032 12.821592 -0.00299144524890724
4607530.57993404 12.822594 0.000690764036409871
4607864.57992775 12.823596 -0.00142768250299514
4608198.57992146 12.824598 0.00312549936842336
4608532.57991517 12.8256 -0.000615156676730278
4608866.57990889 12.826602 0.000919386904688998
4609200.5799026 12.827604 -0.00196837961661549
4609534.57989631 12.828606 -0.000702503724115221
4609868.57989002 12.829608 9.2491713473249e-05
4610202.57988374 12.83061 0.000932595644588846
4610536.57987745 12.831612 0.00040358239770085
4610870.57987116 12.832614 -0.00101474964492601
4611204.57986488 12.833616 -0.00158338706542705
4611538.57985859 12.834618 -0.000433117395164595
4611872.5798523 12.83562 0.000178026095858935
4612206.57984601 12.836622 0.00185639747719904
4612540.57983973 12.837624 -0.0004111456144642
4612874.57983344 12.838626 -0.000602752634886873
4613208.57982715 12.839628 -0.000540035402257947
4613542.57982086 12.84063 0.00034247438724839
4613876.57981458 12.841632 -0.000827885440312169
4614210.57980829 12.842634 0.000439012710157196
4614544.579802 12.843636 0.00107034409951065
4614878.57979572 12.844638 -7.11529691679153e-05
4615212.57978943 12.84564 0.000541517184742226
4615546.57978314 12.846642 -0.00140234740438237
4615880.57977685 12.847644 0.00178254880381282
4616214.57977057 12.848646 5.23580325539516e-05
4616548.57976428 12.849648 -3.23552486322266e-05
4616882.57975799 12.85065 0.00129772877290852
4617216.5797517 12.851652 1.21413194523093e-05
4617550.57974542 12.852654 0.000961648651544781
4617884.57973913 12.853656 -0.000332998320372033
4618218.57973284 12.854658 0.000799545288203622
4618552.57972656 12.85566 -0.00250843032681381
4618886.57972027 12.856662 0.00138304051838086
4619220.57971398 12.857664 0.000109691009237629
4619554.57970769 12.858666 -0.00166881441579104
4619888.57970141 12.859668 -0.000197460662556231
4620222.57969512 12.86067 -0.000255822120320715
4620556.57968883 12.861672 -0.00123827792037922
4620890.57968254 12.862674 -0.000499251508837874
4621224.57967626 12.863676 -0.000360291198752624
4621558.57966997 12.864678 0.000298658860581763
4621892.57966368 12.86568 0.00150553091425453
4622226.5796574 12.866682 0.000939053682265124
4622560.57965111 12.867684 -0.000180519514602249
4622894.57964482 12.868686 0.00064986844738927
4623228.57963853 12.869688 -0.00174714512951388
4623562.57963225 12.87069 0.000546457015046272
4623896.57962596 12.871692 -0.00106827130410533
4624230.57961967 12.872694 0.00108566417712393
4624564.57961339 12.873696 -0.000209717425477495
4624898.5796071 12.874698 0.0017907531082226
4625232.57960081 12.8757 -0.00117166206401967
4625566.57959452 12.876702 -0.000925518012146912
4625900.57958824 12.877704 -0.00101121039817245
4626234.57958195 12.878706 0.000217178540886075
4626568.57957566 12.879708 0.00127927717656281
4626902.57956937 12.88071 -6.86479187160678e-05
4627236.57956309 12.881712 -0.000264447287326552
4627570.5795568 12.882714 0.00137973716930021
4627904.57955051 12.883716 0.00133208528219304
4628238.57954423 12.884718 0.000276898851977857
4628572.57953794 12.88572 -0.00115468385705831
4628906.57953165 12.886722 -0.000621167764688884
4629240.57952536 12.887724 -0.000128520393182903
4629574.57951908 12.888726 0.000420543037500092
4629908.57951279 12.889728 0.000183536967309812
4630242.5795065 12.89073 0.00194612316104236
4630576.57950022 12.891732 -0.000807827669231983
4630910.57949393 12.892734 -0.00286477602626809
4631244.57948764 12.893736 0.000129513077592421
4631578.57948135 12.894738 -0.000654358139667991
4631912.57947507 12.89574 -0.000589182281830012
4632246.57946878 12.896742 -0.00156927033039879
4632580.57946249 12.897744 0.000327220555634058
4632914.5794562 12.898746 -0.000916582017639888
4633248.57944992 12.899748 0.00138482500850203
4633582.57944363 12.90075 -0.000838649925079771
4633916.57943734 12.901752 0.000909629422282371
4634250.57943106 12.902754 0.00172200118940253
4634584.57942477 12.903756 -0.00211333949121371
4634918.57941848 12.904758 -0.000605256284630858
4635252.57941219 12.90576 -0.00115148044634562
4635586.57940591 12.906762 -0.00131145561590961
4635920.57939962 12.907764 -0.000404627932147953
4636254.57939333 12.908766 -0.00235945404348602
4636588.57938704 12.909768 -0.00274998632599568
4636922.57938076 12.91077 0.000199354371738767
4637256.57937447 12.911772 -0.00147967110971345
4637590.57936818 12.912774 0.00137606731105747
4637924.5793619 12.913776 -0.000177329401760262
4638258.57935561 12.914778 -6.6972730983909e-05
4638592.57934932 12.91578 8.37054655958036e-05
4638926.57934303 12.916782 -0.000542144783118214
4639260.57933675 12.917784 0.00378737495030291
4639594.57933046 12.918786 0.00268469186050715
4639928.57932417 12.919788 0.00128658542182403
4640262.57931788 12.92079 -0.000654249943987749
4640596.5793116 12.921792 -0.000602318289349596
4640930.57930531 12.922794 -0.000153597811851794
4641264.57929902 12.923796 -0.00077901057402241
4641598.57929274 12.924798 -0.00031299068093061
4641932.57928645 12.9258 0.000603467057443596
4642266.57928016 12.926802 0.000800197738846033
4642600.57927387 12.927804 -0.000344344444301926
4642934.57926759 12.928806 0.000113406266800281
4643268.5792613 12.929808 -0.000758092002797267
4643602.57925501 12.93081 0.000948832633824682
4643936.57924872 12.931812 -0.00190830501795172
4644270.57924244 12.932814 -0.000997932330946733
4644604.57923615 12.933816 0.00146962425000531
4644938.57922986 12.934818 -0.000119287916165453
4645272.57922358 12.93582 -0.000110989954733692
4645606.57921729 12.936822 -0.00139675030314723
4645940.579211 12.937824 0.000608997418972425
4646274.57920471 12.938826 -0.00094758927108935
4646608.57919843 12.939828 0.000561035543298332
4646942.57919214 12.94083 0.000839574825576731
4647276.57918585 12.941832 -0.000801894502364356
4647610.57917957 12.942834 0.000529196821209476
4647944.57917328 12.943836 -5.31179205347766e-05
4648278.57916699 12.944838 -0.000858427551016363
4648612.5791607 12.94584 -0.000679801108546802
4648946.57915442 12.946842 0.00066219004197186
4649280.57914813 12.947844 -0.00230961234898341
4649614.57914184 12.948846 0.000646422466413989
4649948.57913555 12.949848 -0.00277659055068218
4650282.57912927 12.95085 -0.00068228511125298
4650616.57912298 12.951852 0.000255462275615413
4650950.57911669 12.952854 0.00067496211994849
4651284.57911041 12.953856 0.00068428751757676
4651618.57910412 12.954858 0.000281322211067053
4651952.57909783 12.95586 -0.000110083378752282
4652286.57909154 12.956862 0.00110689910694477
4652620.57908526 12.957864 -0.00102602627650568
4652954.57907897 12.958866 -0.000931248919397147
4653288.57907268 12.959868 -0.0004969810676404
4653622.57906639 12.96087 -0.00193043122969362
4653956.57906011 12.961872 -0.000902974601570865
4654290.57905382 12.962874 0.00018075352236546
4654624.57904753 12.963876 0.00172080491485521
4654958.57904125 12.964878 0.00152496235134203
4655292.57903496 12.96588 0.000862797637292721
4655626.57902867 12.966882 -0.00140342270754965
4655960.57902238 12.967884 0.00274759863559953
4656294.5790161 12.968886 0.000227170538562091
4656628.57900981 12.969888 0.00049427926703241
4656962.57900352 12.97089 0.000483812368930494
4657296.57899723 12.971892 0.0022524314553248
4657630.57899095 12.972894 0.00119140391728896
4657964.57898466 12.973896 -0.00262136028823956
4658298.57897837 12.974898 -0.00127622297055156
4658632.57897209 12.9759 0.00232254077655366
4658966.5789658 12.976902 -0.000245629259772248
4659300.57895951 12.977904 0.000291351538457778
4659634.57895322 12.978906 0.000633502357023043
4659968.57894694 12.979908 -0.000599537944984886
4660302.57894065 12.98091 -0.00140529308208158
4660636.57893436 12.981912 0.000384704728429531
4660970.57892807 12.982914 0.000875157320259876
4661304.57892179 12.983916 -0.00237679063016697
4661638.5789155 12.984918 -0.00176378865795123
4661972.57890921 12.98592 0.000892095625200544
4662306.57890293 12.986922 0.000288518380746322
4662640.57889664 12.987924 -0.000869790437862701
4662974.57889035 12.988926 0.000528400712439851
4663308.57888406 12.989928 -8.30321519588526e-05
4663642.57887778 12.99093 0.00348160759956834
4663976.57887149 12.991932 0.000544929058513274
4664310.5788652 12.992934 0.000499771885163029
4664644.57885891 12.993936 0.00113115615020315
4664978.57885263 12.994938 -0.00199995097490558
4665312.57884634 12.99594 0.00174522678418764
4665646.57884005 12.996942 0.00174941786611994
4665980.57883377 12.997944 -0.000452064621721412
4666314.57882748 12.998946 -0.0023319039834071
4666648.57882119 12.999948 5.94829451650975e-05
4666982.5788149 13.00095 -0.000442468808155296
4667316.57880862 13.001952 0.00239085655642486
4667650.57880233 13.002954 0.000476568970531896
4667984.57879604 13.003956 -0.00103463571610161
4668318.57878975 13.004958 0.000572031080620418
4668652.57878347 13.00596 0.000866392614757191
4668986.57877718 13.006962 -0.000872343270072859
4669320.57877089 13.007964 -0.000264112951544587
4669654.57876461 13.008966 -0.0017956995853716
4669988.57875832 13.009968 0.000221962612575985
4670322.57875203 13.01097 -0.000467069974321412
4670656.57874574 13.011972 0.000384931181784573
4670990.57873946 13.012974 -7.36418002057165e-05
4671324.57873317 13.013976 -0.000123533599447861
4671658.57872688 13.014978 0.00147315323888572
4671992.5787206 13.01598 -0.00123506852282532
4672326.57871431 13.016982 0.000440953383305515
4672660.57870802 13.017984 0.00237858884463048
4672994.57870173 13.018986 -4.88319974542783e-05
4673328.57869545 13.019988 -0.00103757738691655
4673662.57868916 13.02099 0.00071177807453481
4673996.57868287 13.021992 0.000946031256135416
4674330.57867659 13.022994 0.000961188067698221
4674664.5786703 13.023996 0.00246823262347643
4674998.57866401 13.024998 -0.000287006984779981
4675332.57865772 13.026 -0.000146413880106188
4675666.57865144 13.027002 0.000184162315818679
4676000.57864515 13.028004 -0.000998318802301583
4676334.57863886 13.029006 0.00135566904774522
4676668.57863257 13.030008 6.71227666316748e-05
4677002.57862629 13.03101 -0.000860866764152692
4677336.57862 13.032012 -0.000384866136977501
4677670.57861371 13.033014 -1.44679887558357e-06
4678004.57860743 13.034016 0.000675806992755874
4678338.57860114 13.035018 -0.000558614294482694
4678672.57859485 13.03602 0.000955911172610726
4679006.57858856 13.037022 -0.00147672287355728
4679340.57858228 13.038024 -0.000208088833578176
4679674.57857599 13.039026 0.00183244053311049
4680008.5785697 13.040028 -0.000328836440374443
4680342.57856341 13.04103 0.00151414594982115
4680676.57855713 13.042032 0.000974786753780963
4681010.57855084 13.043034 0.000949478918926385
4681344.57854455 13.044036 0.000865006585731513
4681678.57853827 13.045038 0.000458065445001482
4682012.57853198 13.04604 -0.00149772229743945
4682346.57852569 13.047042 -0.00138959661793385
4682680.5785194 13.048044 -0.000346581295769704
4683014.57851312 13.049046 -0.000233683780023785
4683348.57850683 13.050048 0.000451703459778784
4683682.57850054 13.05105 0.000715873856046428
4684016.57849426 13.052052 -0.00119003317235968
4684350.57848797 13.053054 0.000198274130814512
4684684.57848168 13.054056 -0.00161866227341394
4685018.57847539 13.055058 0.00338503216550791
4685352.57846911 13.05606 0.00165899260451459
4685686.57846282 13.057062 -0.000439618483588841
4686020.57845653 13.058064 0.00051524008327956
4686354.57845024 13.059066 -5.91566597814958e-05
4686688.57844396 13.060068 0.000399280570973681
4687022.57843767 13.06107 -3.3497944916984e-05
4687356.57843138 13.062072 -0.000893769374782338
4687690.5784251 13.063074 0.00130598797814789
4688024.57841881 13.064076 0.000312828913902032
4688358.57841252 13.065078 -0.000889972253951561
4688692.57840623 13.06608 0.000894818785136262
4689026.57839995 13.067082 0.000357502677769725
4689360.57839366 13.068084 -0.000968395448480076
4689694.57838737 13.069086 0.000782200073470408
4690028.57838108 13.070088 -0.00189459986624317
4690362.5783748 13.07109 -0.000172681196516897
4690696.57836851 13.072092 -0.00152815372212771
4691030.57836222 13.073094 -0.000602281718130382
4691364.57835594 13.074096 -0.00188765847502456
4691698.57834965 13.075098 0.00139418947692775
4692032.57834336 13.0761 0.000554160918184509
4692366.57833707 13.077102 -0.0014598318610512
4692700.57833079 13.078104 -0.000227905953993873
4693034.5783245 13.079106 0.000409559354518446
4693368.57831821 13.080108 0.000404956557341197
4693702.57831192 13.08111 -0.000202746039466012
4694036.57830564 13.082112 -0.00135942743643904
4694370.57829935 13.083114 0.00196495747175042
4694704.57829306 13.084116 0.000725912066009168
4695038.57828678 13.085118 0.0013396356629432
4695372.57828049 13.08612 -0.00041841523352462
4695706.5782742 13.087122 0.00016140648897316
4696040.57826791 13.088124 0.000320258277008411
4696374.57826163 13.089126 -0.00100272264138226
4696708.57825534 13.090128 0.000575954723960856
4697042.57824905 13.09113 -0.000263997377952058
4697376.57824276 13.092132 -0.0014724345338212
4697710.57823648 13.093134 -0.000706537206535027
4698044.57823019 13.094136 0.00301759160844644
4698378.5782239 13.095138 0.00355471821341016
4698712.57821762 13.09614 0.00105374244613044
4699046.57821133 13.097142 -0.00109677841834546
4699380.57820504 13.098144 0.000343846607581726
4699714.57819875 13.099146 0.00104480954503738
4700048.57819247 13.100148 0.00059179158747087
4700382.57818618 13.10115 -0.000756656004502394
4700716.57817989 13.102152 0.00100254539911906
4701050.57817361 13.103154 0.000925940108360929
4701384.57816732 13.104156 0.00114776071350147
4701718.57816103 13.105158 -0.00100150535575797
4702052.57815474 13.10616 0.00053519744028158
4702386.57814846 13.107162 -0.00107353829135776
4702720.57814217 13.108164 0.00170420678844466
4703054.57813588 13.109166 -0.00103173016606824
4703388.57812959 13.110168 -0.000974720690376373
4703722.57812331 13.11117 -0.00163659648706048
4704056.57811702 13.112172 -1.23126686234492e-05
4704390.57811073 13.113174 -0.00113687104174691
4704724.57810444 13.114176 3.28475500674144e-05
4705058.57809816 13.115178 0.00107343660288742
4705392.57809187 13.11618 0.00140941436482971
4705726.57808558 13.117182 0.00127162675411087
4706060.5780793 13.118184 -6.08325415098664e-05
4706394.57807301 13.119186 -0.00308392353075605
4706728.57806672 13.120188 -0.000128662700810414
4707062.57806043 13.12119 -0.00179232562796391
4707396.57805415 13.122192 0.000168499012426799
4707730.57804786 13.123194 -0.000264167120660923
4708064.57804157 13.124196 -0.000205462411625285
4708398.57803529 13.125198 -5.94900277210649e-05
4708732.578029 13.1262 0.00154017557913159
4709066.57802271 13.127202 -3.85414555662911e-05
4709400.57801642 13.128204 -0.000886340011699465
4709734.57801014 13.129206 0.000412542123869193
4710068.57800385 13.130208 0.000698778167127663
4710402.57799756 13.13121 -0.000787961071861241
4710736.57799128 13.132212 -0.000618347626904359
4711070.57798499 13.133214 0.000570461543994744
4711404.5779787 13.134216 -0.000416249613862714
4711738.57797241 13.135218 -0.00123769051363566
4712072.57796613 13.13622 -0.000134253566503784
4712406.57795984 13.137222 -0.00128541428921639
4712740.57795355 13.138224 0.000321955736457117
4713074.57794726 13.139226 3.13354250362744e-05
4713408.57794098 13.140228 0.00206842794250079
4713742.57793469 13.14123 0.000830913205480628
4714076.5779284 13.142232 0.000821588927712767
4714410.57792212 13.143234 -0.000293913713663749
4714744.57791583 13.144236 -4.14281872072573e-05
4715078.57790954 13.145238 0.000723462612430718
4715412.57790325 13.14624 -0.00154507142123885
4715746.57789697 13.147242 8.0249196132686e-05
4716080.57789068 13.148244 0.00062867376202629
4716414.57788439 13.149246 0.000630370411727265
4716748.5778781 13.150248 0.000813476264461376
4717082.57787182 13.15125 0.000261370308872756
4717416.57786553 13.152252 0.000653620382665177
4717750.57785924 13.153254 0.000658006848258224
4718084.57785296 13.154256 0.00150064876685801
4718418.57784667 13.155258 0.000208410128746286
4718752.57784038 13.15626 -0.000571594039301212
4719086.57783409 13.157262 0.00103094245037499
4719420.57782781 13.158264 0.000659692377293144
4719754.57782152 13.159266 0.00063748223391031
4720088.57781523 13.160268 0.000389313078552541
4720422.57780894 13.16127 -0.00106608943728651
4720756.57780266 13.162272 -0.000462437003245146
4721090.57779637 13.163274 0.000635732135901952
4721424.57779008 13.164276 -0.00179370246720311
4721758.5777838 13.165278 -0.00173305921028864
4722092.57777751 13.16628 0.000219072267698113
4722426.57777122 13.167282 0.00019784289135956
4722760.57776493 13.168284 0.00129812424
4723094.57775865 13.169286 -0.000660048555805867
4723428.57775236 13.170288 -0.00018527180147162
4723762.57774607 13.17129 0.00104740259948493
4724096.57773978 13.172292 -0.00031476095606397
4724430.5777335 13.173294 0.000401546156971434
4724764.57772721 13.174296 -0.00043465301729721
4725098.57772092 13.175298 0.00119165965587615
4725432.57771464 13.1763 0.00118650656778347
4725766.57770835 13.177302 0.000706606130743533
4726100.57770206 13.178304 -0.000374437971236982
4726434.57769577 13.179306 -0.00169475212462408
4726768.57768949 13.180308 0.000251746779344394
4727102.5776832 13.18131 -0.000783303230058784
4727436.57767691 13.182312 0.00112704388361599
4727770.57767063 13.183314 -0.000362673468406441
4728104.57766434 13.184316 0.00195600454876835
4728438.57765805 13.185318 0.000953460462470317
4728772.57765176 13.18632 -0.000978909186885476
4729106.57764548 13.187322 -0.00144948361324732
4729440.57763919 13.188324 -0.000496669518944218
4729774.5776329 13.189326 0.000436266099455426
4730108.57762661 13.190328 0.000717113642596966
4730442.57762033 13.19133 9.04769877104319e-05
4730776.57761404 13.192332 3.16456813061753e-05
4731110.57760775 13.193334 0.000111748694582352
4731444.57760147 13.194336 0.000690053321996657
4731778.57759518 13.195338 -0.000602337122791785
4732112.57758889 13.19634 0.00176344175274344
4732446.5775826 13.197342 -4.80841915733595e-05
4732780.57757632 13.198344 -0.00109942240965756
4733114.57757003 13.199346 0.000919638240392609
4733448.57756374 13.200348 0.000524168835353951
4733782.57755745 13.20135 0.00143358160824661
4734116.57755117 13.202352 -0.00233623326956944
4734450.57754488 13.203354 -0.000834627109541377
4734784.57753859 13.204356 0.00118947391794616
4735118.57753231 13.205358 -0.000617261895254531
4735452.57752602 13.20636 0.00121046499008703
4735786.57751973 13.207362 -0.000857551905311085
4736120.57751344 13.208364 -0.000850816784030655
4736454.57750716 13.209366 0.000531017813816157
4736788.57750087 13.210368 0.000242307303054025
4737122.57749458 13.21137 0.000385856471696077
4737456.5774883 13.212372 -7.38974162091286e-05
4737790.57748201 13.213374 0.000362026318528764
4738124.57747572 13.214376 -0.000317659453468559
4738458.57746943 13.215378 -0.000794504923987495
4738792.57746315 13.21638 -0.00200377246801656
4739126.57745686 13.217382 -0.000468447558742364
4739460.57745057 13.218384 0.00088061591965485
4739794.57744428 13.219386 0.000140510602070615
4740128.577438 13.220388 0.000701487521213224
4740462.57743171 13.22139 0.000379918496357687
4740796.57742542 13.222392 -0.00140762893193002
4741130.57741913 13.223394 -0.000866452218286237
4741464.57741285 13.224396 0.000531219665559784
4741798.57740656 13.225398 -0.000133792557035254
4742132.57740027 13.2264 0.000154529086712024
4742466.57739399 13.227402 -2.26008445839832e-05
4742800.5773877 13.228404 0.00122994292754462
4743134.57738141 13.229406 0.00113831712728136
4743468.57737512 13.230408 0.000183812321767868
4743802.57736884 13.23141 -0.000534146878313821
4744136.57736255 13.232412 -0.000824797675309419
4744470.57735626 13.233414 0.000530471393649331
4744804.57734998 13.234416 0.00199227721887736
4745138.57734369 13.235418 -0.000701963674833966
4745472.5773374 13.23642 -0.000146930050343098
4745806.57733111 13.237422 -0.000153128007970196
4746140.57732483 13.238424 -0.000497715216038048
4746474.57731854 13.239426 -0.00120104952073195
4746808.57731225 13.240428 0.00119207569880841
4747142.57730596 13.24143 -0.00122093158099562
4747476.57729968 13.242432 0.000543745967251193
4747810.57729339 13.243434 0.000193803303842175
4748144.5772871 13.244436 -0.00124325682767649
4748478.57728082 13.245438 0.000330280467633518
4748812.57727453 13.24644 -0.000601620352252495
4749146.57726824 13.247442 -0.000602086359277039
4749480.57726195 13.248444 -0.000391045394060513
4749814.57725567 13.249446 0.001829215649676
4750148.57724938 13.250448 0.000734505482413091
4750482.57724309 13.25145 0.0006776718205176
4750816.57723681 13.252452 0.000611233157851357
4751150.57723052 13.253454 -0.00155196931531608
4751484.57722423 13.254456 -9.79529673533205e-06
4751818.57721794 13.255458 0.000820046579687733
4752152.57721165 13.25646 0.00183660658172574
4752486.57720537 13.257462 0.00144475356941997
4752820.57719908 13.258464 0.000477837004407166
4753154.57719279 13.259466 -4.51548508078356e-05
4753488.57718651 13.260468 -0.000199481325582039
4753822.57718022 13.26147 0.000846222877610602
4754156.57717393 13.262472 -0.000314758666551035
4754490.57716764 13.263474 -0.00130890937944648
4754824.57716136 13.264476 -8.39560467682747e-05
4755158.57715507 13.265478 0.000647566203117253
4755492.57714878 13.26648 -0.000886695462851647
4755826.5771425 13.267482 0.000565796044758559
4756160.57713621 13.268484 -0.000917224322103767
4756494.57712992 13.269486 -0.00125325421226904
4756828.57712363 13.270488 -0.00043164590585642
4757162.57711735 13.27149 0.000112352307262108
4757496.57711106 13.272492 0.000311811874836516
4757830.57710477 13.273494 0.00243991466511816
4758164.57709849 13.274496 0.000165128399697318
4758498.5770922 13.275498 0.000367385966077928
4758832.57708591 13.2765 -0.00127575175232521
4759166.57707962 13.277502 0.000994286144468378
4759500.57707334 13.278504 -0.000578359277482685
4759834.57706705 13.279506 0.000377420090879429
4760168.57706076 13.280508 0.000212934526372694
4760502.57705447 13.28151 0.00106059932845452
4760836.57704819 13.282512 -0.000328234245117587
4761170.5770419 13.283514 -0.00115400140328081
4761504.57703561 13.284516 -0.000494454606018781
4761838.57702933 13.285518 0.000119319276634355
4762172.57702304 13.28652 -0.00170881658335847
4762506.57701675 13.287522 -0.000588122669772769
4762840.57701046 13.288524 -0.0011761109439467
4763174.57700418 13.289526 -0.000872643957148107
4763508.57699789 13.290528 8.62013885089132e-05
4763842.5769916 13.29153 -2.88995959066448e-05
4764176.57698531 13.292532 -0.000225920414525373
4764510.57697903 13.293534 0.000578409865820546
4764844.57697274 13.294536 -0.00119563093622327
4765178.57696645 13.295538 6.7347342393917e-05
4765512.57696017 13.29654 -0.00129546152199092
4765846.57695388 13.297542 0.00282405564318238
4766180.57694759 13.298544 -0.000640832479229977
4766514.5769413 13.299546 0.000239165641389713
4766848.57693502 13.300548 0.00115292778752014
4767182.57692873 13.30155 0.000782071863374225
4767516.57692244 13.302552 -0.000654069906711967
4767850.57691616 13.303554 0.000500396082693054
4768184.57690987 13.304556 0.000849603678613676
4768518.57690358 13.305558 0.000208818265565403
4768852.57689729 13.30656 0.00204522751677085
4769186.57689101 13.307562 0.000556591916240608
4769520.57688472 13.308564 -0.00138016171078554
4769854.57687843 13.309566 0.000593349812891385
4770188.57687214 13.310568 9.82994569877724e-05
4770522.57686586 13.31157 -0.000161573325331622
4770856.57685957 13.312572 0.00116148748506653
4771190.57685328 13.313574 0.000372347388329973
4771524.576847 13.314576 -0.00105433566041714
4771858.57684071 13.315578 0.000686884529836499
4772192.57683442 13.31658 -0.000696136220889997
4772526.57682813 13.317582 0.00134210445770007
4772860.57682185 13.318584 0.000500652474763139
4773194.57681556 13.319586 -0.000401700639098525
4773528.57680927 13.320588 0.00121263255287557
4773862.57680298 13.32159 -0.000617181839924663
4774196.5767967 13.322592 -0.0012040826920205
4774530.57679041 13.323594 -0.000810820597315793
4774864.57678412 13.324596 -9.99788068998654e-06
4775198.57677784 13.325598 -1.1584710624867e-05
4775532.57677155 13.3266 -0.00031181058419568
4775866.57676526 13.327602 -0.000343544821365576
4776200.57675897 13.328604 -0.0011872783192031
4776534.57675269 13.329606 -0.00104299492750605
4776868.5767464 13.330608 0.000446123838224365
4777202.57674011 13.33161 0.00172120364928999
4777536.57673382 13.332612 -0.00178206194145304
4777870.57672754 13.333614 -0.00088065441699831
4778204.57672125 13.334616 0.00158754935597185
4778538.57671496 13.335618 -0.00030555434936229
4778872.57670868 13.33662 0.00105824881595016
4779206.57670239 13.337622 0.000293991266495755
4779540.5766961 13.338624 -0.00205608883035703
4779874.57668981 13.339626 0.0007643434307183
4780208.57668353 13.340628 -0.000611675865610131
4780542.57667724 13.34163 -0.000705679712375803
4780876.57667095 13.342632 -0.000429713796551617
4781210.57666466 13.343634 0.000807612820659875
4781544.57665838 13.344636 0.000208649501289388
4781878.57665209 13.345638 0.00228200356213849
4782212.5766458 13.34664 -0.00101228961114474
4782546.57663952 13.347642 0.00223053261043609
4782880.57663323 13.348644 0.000237990873230373
4783214.57662694 13.349646 0.000245119924351776
4783548.57662065 13.350648 0.00129336883663796
4783882.57661437 13.35165 -0.000105992453380392
4784216.57660808 13.352652 0.000623254551964118
4784550.57660179 13.353654 0.00036741319548392
4784884.57659551 13.354656 0.00192089115974668
4785218.57658922 13.355658 -0.00109653376792274
4785552.57658293 13.35666 -0.000531837016674661
4785886.57657664 13.357662 -0.002381227844109
4786220.57657036 13.358664 0.000822183218910576
4786554.57656407 13.359666 0.000202873304644988
4786888.57655778 13.360668 -0.000505849006967981
4787222.5765515 13.36167 -0.000245673967698809
4787556.57654521 13.362672 0.000241709749359427
4787890.57653892 13.363674 0.00103157813012428
4788224.57653263 13.364676 -0.000883438139656975
4788558.57652635 13.365678 -0.000785077624136878
4788892.57652006 13.36668 -0.00173888845067077
4789226.57651377 13.367682 0.000658969623383828
4789560.57650748 13.368684 0.00180146356751366
4789894.5765012 13.369686 -0.000273482279896582
4790228.57649491 13.370688 9.75940514365245e-05
4790562.57648862 13.37169 -0.000858309464788873
4790896.57648233 13.372692 0.000637449218430378
4791230.57647605 13.373694 -0.000160875272836678
4791564.57646976 13.374696 -0.000954016512711582
4791898.57646347 13.375698 5.57800667892271e-05
4792232.57645719 13.3767 -0.000521002842388885
4792566.5764509 13.377702 -0.000165693679936141
4792900.57644461 13.378704 0.00134400395232743
4793234.57643832 13.379706 0.000515780786721567
4793568.57643204 13.380708 -0.000821094555641698
4793902.57642575 13.38171 -0.00158027644696609
4794236.57641946 13.382712 -0.000935145036472974
4794570.57641318 13.383714 0.00114392182096804
4794904.57640689 13.384716 0.00207149385680148
4795238.5764006 13.385718 -0.000924777453469015
4795572.57639431 13.38672 -0.000526205749925279
4795906.57638803 13.387722 3.16579033454649e-05
4796240.57638174 13.388724 -0.00187685042771517
4796574.57637545 13.389726 0.000426009680010137
4796908.57636916 13.390728 -0.00158775015412921
4797242.57636288 13.39173 0.00136362900269444
4797576.57635659 13.392732 0.00104308234493255
4797910.5763503 13.393734 -6.39702226071817e-05
4798244.57634402 13.394736 -0.000656020604189367
4798578.57633773 13.395738 0.00332283146802537
4798912.57633144 13.39674 -0.00110550272132681
4799246.57632515 13.397742 0.0023946268442293
4799580.57631887 13.398744 0.000569461849267158
4799914.57631258 13.399746 0.000348644073985671
4800248.57630629 13.400748 0.00219009313509351
4800582.5763 13.40175 -0.00180121705249792
4800916.57629372 13.402752 0.00163699030724081
4801250.57628743 13.403754 2.57896236700985e-05
4801584.57628114 13.404756 0.00248065758099903
4801918.57627486 13.405758 -0.00134783622167357
4802252.57626857 13.40676 0.00010424288418781
4802586.57626228 13.407762 -0.0011111002221398
4802920.57625599 13.408764 0.000457739603921894
4803254.57624971 13.409766 0.00198363862023868
4803588.57624342 13.410768 -0.000311524831848915
4803922.57623713 13.41177 -0.00122090808108966
4804256.57623084 13.412772 -0.000888898248535455
4804590.57622456 13.413774 0.000806571227219128
4804924.57621827 13.414776 0.000348681728068989
4805258.57621198 13.415778 -0.000838735583273766
4805592.5762057 13.41678 9.80571021024994e-05
4805926.57619941 13.417782 0.00130481661983516
4806260.57619312 13.418784 0.00171529911098446
4806594.57618683 13.419786 0.000824878114769446
4806928.57618055 13.420788 0.000503730342071611
4807262.57617426 13.42179 7.23565660142966e-07
4807596.57616797 13.422792 -0.000730352129891579
4807930.57616168 13.423794 0.000705610480443009
4808264.5761554 13.424796 0.000630363697923414
4808598.57614911 13.425798 0.00143011808850002
4808932.57614282 13.4268 0.000533365462375269
4809266.57613654 13.427802 -0.00252292671202324
4809600.57613025 13.428804 0.00015223628229677
4809934.57612396 13.429806 -0.000619784041552428
4810268.57611767 13.430808 -0.00143466102171934
4810602.57611139 13.43181 0.000732981410394078
4810936.5761051 13.432812 -0.00140066557885545
4811270.57609881 13.433814 0.000915004176534812
4811604.57609253 13.434816 0.00105591337762081
4811938.57608624 13.435818 -0.000543232162242459
4812272.57607995 13.43682 -7.54737648050177e-05
4812606.57607366 13.437822 0.00124890802194172
4812940.57606738 13.438824 -0.00113288413498177
4813274.57606109 13.439826 -0.00229311322119138
4813608.5760548 13.440828 -0.000472260430914426
4813942.57604851 13.44183 -0.000627838424860764
4814276.57604223 13.442832 0.000338067426027949
4814610.57603594 13.443834 0.000863446613150479
4814944.57602965 13.444836 -0.000169770498230156
4815278.57602337 13.445838 -0.00160624445317738
4815612.57601708 13.44684 0.000830645458713226
4815946.57601079 13.447842 -0.000314178922579888
4816280.5760045 13.448844 -0.0013203928352845
4816614.57599822 13.449846 0.000776430778139152
4816948.57599193 13.450848 0.000170709319488794
4817282.57598564 13.45185 -8.90179780389402e-05
4817616.57597935 13.452852 -0.000260198304790254
4817950.57597307 13.453854 0.00151667892528277
4818284.57596678 13.454856 0.000695997007966199
4818618.57596049 13.455858 0.00042514277282094
4818952.57595421 13.45686 0.000307720198542389
4819286.57594792 13.457862 0.0012124446710722
4819620.57594163 13.458864 0.00151129288455629
4819954.57593534 13.459866 0.000928018631599287
4820288.57592906 13.460868 -0.0011813911045467
4820622.57592277 13.46187 0.000174048494017144
4820956.57591648 13.462872 0.000749621551107269
4821290.5759102 13.463874 0.000832341864296984
4821624.57590391 13.464876 -0.00156668122742689
4821958.57589762 13.465878 -0.000972762356962677
4822292.57589133 13.46688 0.00173250654061277
4822626.57588505 13.467882 -0.000534587999417065
4822960.57587876 13.468884 0.000421636311785031
4823294.57587247 13.469886 -0.00122235533175265
4823628.57586619 13.470888 0.000142471106141104
4823962.5758599 13.47189 -0.000992683934246608
4824296.57585361 13.472892 0.000706686322505363
4824630.57584732 13.473894 0.000437079780133433
4824964.57584104 13.474896 0.00131187329714807
4825298.57583475 13.475898 0.000643003899322297
4825632.57582846 13.4769 0.00033555018495267
4825966.57582217 13.477902 0.00106894099331122
4826300.57581589 13.478904 0.00202971154771423
4826634.5758096 13.479906 0.00078682448353251
4826968.57580331 13.480908 0.00246607241631695
4827302.57579703 13.48191 -0.000198951934883949
4827636.57579074 13.482912 0.00156201001037028
4827970.57578445 13.483914 -0.00112931589580784
4828304.57577816 13.484916 0.000388930828924835
4828638.57577188 13.485918 0.00147237696802316
4828972.57576559 13.48692 -0.000100069051308865
4829306.5757593 13.487922 0.00105238891644191
4829640.57575301 13.488924 0.000139011048909463
4829974.57574673 13.489926 -0.000786430210745088
4830308.57574044 13.490928 0.00117229646656611
4830642.57573415 13.49193 -0.00119284943937794
4830976.57572786 13.492932 0.00079413924050271
4831310.57572158 13.493934 0.000871762744770048
4831644.57571529 13.494936 0.000258271073167193
4831978.575709 13.495938 0.00102680628077844
4832312.57570272 13.49694 0.00200883647270087
4832646.57569643 13.497942 -0.00025089075908361
4832980.57569014 13.498944 0.000279984542896706
4833314.57568385 13.499946 -0.000689336248520186
4833648.57567757 13.500948 0.000662106261674015
4833982.57567128 13.50195 -0.00032895169052009
4834316.57566499 13.502952 0.000950439719291621
4834650.57565871 13.503954 0.00113591888795001
4834984.57565242 13.504956 0.000308012809637658
4835318.57564613 13.505958 -0.000457146785928603
4835652.57563984 13.50696 0.000650088153763628
4835986.57563356 13.507962 0.00132542932728737
4836320.57562727 13.508964 0.000341666037016867
4836654.57562098 13.509966 -0.000122968321276936
4836988.57561469 13.510968 -0.00144511191126721
4837322.57560841 13.51197 0.00145639752859361
4837656.57560212 13.512972 -0.000805875610559659
4837990.57559583 13.513974 0.000795789471076837
4838324.57558955 13.514976 -0.00018888049356112
4838658.57558326 13.515978 -0.000794064572497989
4838992.57557697 13.51698 0.00305977494166901
4839326.57557068 13.517982 0.000377114198828378
4839660.5755644 13.518984 0.000709153315131445
4839994.57555811 13.519986 -0.0003001791084465
4840328.57555182 13.520988 0.000554928980516971
4840662.57554553 13.52199 -0.00119957773906183
4840996.57553925 13.522992 -0.000126511986926254
4841330.57553296 13.523994 -0.00109365476723569
4841664.57552667 13.524996 -0.000996923629361289
4841998.57552039 13.525998 0.00211687873343541
4842332.5755141 13.527 0.000519114599243011
4842666.57550781 13.528002 0.0017410905565893
4843000.57550152 13.529004 0.000108624386820761
4843334.57549524 13.530006 -0.000607560245124165
4843668.57548895 13.531008 0.000361863250778457
4844002.57548266 13.53201 -0.000702433996623031
4844336.57547637 13.533012 0.000122454131651393
4844670.57547009 13.534014 0.000211574123220048
4845004.5754638 13.535016 -9.89529089566078e-05
4845338.57545751 13.536018 -0.000563168728388152
4845672.57545123 13.53702 4.41840883157484e-05
4846006.57544494 13.538022 -0.000426868526285428
4846340.57543865 13.539024 -0.00171437244590247
4846674.57543236 13.540026 0.00158613059036429
4847008.57542608 13.541028 0.00205479233097952
4847342.57541979 13.54203 -0.000740019911556798
4847676.5754135 13.543032 -0.000508296532003487
4848010.57540721 13.544034 0.00033405499496334
4848344.57540093 13.545036 -0.000523253860918456
4848678.57539464 13.546038 -0.000166017888278035
4849012.57538835 13.54704 -0.000597267370579491
4849346.57538207 13.548042 -0.00141678251077214
4849680.57537578 13.549044 -0.000841976084137014
4850014.57536949 13.550046 -0.000153256943934279
4850348.5753632 13.551048 -0.000185643475923687
4850682.57535692 13.55205 -0.000340400570459152
4851016.57535063 13.553052 0.000991296836186745
4851350.57534434 13.554054 0.00110476387768452
4851684.57533806 13.555056 -0.00169988964195815
4852018.57533177 13.556058 0.00259276657147424
4852352.57532548 13.55706 -0.000580423184900216
4852686.57531919 13.558062 -2.02037300329784e-05
4853020.57531291 13.559064 -0.00038870303858001
4853354.57530662 13.560066 -0.00112204083211154
4853688.57530033 13.561068 -0.00200208956291932
4854022.57529404 13.56207 0.000426516697602869
4854356.57528776 13.563072 0.000968293932404294
4854690.57528147 13.564074 -0.000723565100108456
4855024.57527518 13.565076 -0.000719215710966584
4855358.57526889 13.566078 0.00175111996176204
4855692.57526261 13.56708 -0.00112289367357651
4856026.57525632 13.568082 0.000902912147924925
4856360.57525003 13.569084 0.00173131252097304
4856694.57524375 13.570086 0.000742474539894362
4857028.57523746 13.571088 0.00109573114034759
4857362.57523117 13.57209 -7.69126492705755e-05
4857696.57522488 13.573092 -0.00050266400637264
4858030.5752186 13.574094 0.00040883386479466
4858364.57521231 13.575096 0.000742574519479514
4858698.57520602 13.576098 -0.000191502107715721
4859032.57519974 13.5771 -0.00113441482808047
4859366.57519345 13.578102 1.81532911753891e-05
4859700.57518716 13.579104 1.9377690745505e-05
4860034.57518087 13.580106 -0.00103862167708918
4860368.57517459 13.581108 0.00102169529350312
4860702.5751683 13.58211 -0.00129592935929344
4861036.57516201 13.583112 0.00116488970813946
4861370.57515572 13.584114 -0.00142160828902268
4861704.57514944 13.585116 -0.000796501476063129
4862038.57514315 13.586118 0.000275726121897058
4862372.57513686 13.58712 0.00154511664409117
4862706.57513058 13.588122 0.00104914433215249
4863040.57512429 13.589124 0.00160080779375556
4863374.575118 13.590126 0.000581325461229488
4863708.57511171 13.591128 0.000440783438159774
4864042.57510543 13.59213 0.00109480471920249
4864376.57509914 13.593132 0.000460028053210866
4864710.57509285 13.594134 -0.00041627453851592
4865044.57508656 13.595136 0.00118530873835177
4865378.57508028 13.596138 -0.0010575540194608
4865712.57507399 13.59714 0.00151755172248277
4866046.5750677 13.598142 -0.00304393387179614
4866380.57506142 13.599144 0.00163483227739944
4866714.57505513 13.600146 -0.00122160153335519
4867048.57504884 13.601148 0.00127951285241715
4867382.57504255 13.60215 -0.000914062049066413
4867716.57503627 13.603152 0.000688125196304527
4868050.57502998 13.604154 -0.000960030061323908
4868384.57502369 13.605156 0.00182008940214554
4868718.57501741 13.606158 -0.000169473083403727
4869052.57501112 13.60716 -0.000694890399684818
4869386.57500483 13.608162 -0.000752334159774631
4869720.57499854 13.609164 0.000563424296042164
4870054.57499226 13.610166 0.000834430159041096
4870388.57498597 13.611168 -0.00115612901584715
4870722.57497968 13.61217 5.08729894591707e-05
4871056.5749734 13.613172 0.000947623419422209
4871390.57496711 13.614174 0.00101649631537323
4871724.57496082 13.615176 -0.00172362627274145
4872058.57495453 13.616178 -0.000870119857424648
4872392.57494825 13.61718 -2.26236255507483e-05
4872726.57494196 13.618182 -0.000354804007005318
4873060.57493567 13.619184 0.000174508973999942
4873394.57492938 13.620186 0.000263938046040874
4873728.5749231 13.621188 0.000281959199577976
4874062.57491681 13.62219 0.000962912787081496
4874396.57491052 13.623192 -0.000299293868444615
4874730.57490424 13.624194 -0.000461132745580593
4875064.57489795 13.625196 -0.000149425795155356
4875398.57489166 13.626198 0.000820504368243661
4875732.57488537 13.6272 0.00133742356321782
4876066.57487909 13.628202 0.000419810661287764
4876400.5748728 13.629204 0.000813144866744706
4876734.57486651 13.630206 -7.76145347008518e-05
4877068.57486022 13.631208 0.000269711956282705
4877402.57485394 13.63221 0.00121849900357264
4877736.57484765 13.633212 -9.16389118783363e-05
4878070.57484136 13.634214 0.000795013598610556
4878404.57483508 13.635216 0.000437168298490068
4878738.57482879 13.636218 -0.000659809352800349
4879072.5748225 13.63722 -0.00165504731078225
4879406.57481621 13.638222 0.000374574603189767
4879740.57480993 13.639224 -0.00143559596531437
4880074.57480364 13.640226 -0.00170067647774165
4880408.57479735 13.641228 0.0006590038944585
4880742.57479106 13.64223 -0.00019501867336536
4881076.57478478 13.643232 0.000184736692832301
4881410.57477849 13.644234 0.000447980795943141
4881744.5747722 13.645236 0.000202077234116449
4882078.57476592 13.646238 -0.0034684095866447
4882412.57475963 13.64724 0.000360526152327697
4882746.57475334 13.648242 0.000528304653767882
4883080.57474705 13.649244 -0.000428934456290656
4883414.57474077 13.650246 -0.000168803117670447
4883748.57473448 13.651248 0.000782202191289415
4884082.57472819 13.65225 0.000115348570160577
4884416.5747219 13.653252 0.00228667966360166
4884750.57471562 13.654254 -0.000443169178357822
4885084.57470933 13.655256 0.000466683279233479
4885418.57470304 13.656258 0.000194218673294311
4885752.57469676 13.65726 0.00146365176766528
4886086.57469047 13.658262 3.87015248028232e-05
4886420.57468418 13.659264 -0.00176507350881483
4886754.57467789 13.660266 -0.000785361269146884
4887088.57467161 13.661268 -0.00125633293542228
4887422.57466532 13.66227 0.00107905772108913
4887756.57465903 13.663272 -0.000155275686586728
4888090.57465275 13.664274 -0.00227003689605225
4888424.57464646 13.665276 0.00090634646897982
4888758.57464017 13.666278 -0.000910352085774319
4889092.57463388 13.66728 -0.00164890326246388
4889426.5746276 13.668282 -0.000225350199733585
4889760.57462131 13.669284 -0.000615087702494618
4890094.57461502 13.670286 0.00125639169378747
4890428.57460873 13.671288 0.000250197146728756
4890762.57460245 13.67229 -0.000526595622440652
4891096.57459616 13.673292 -0.000627698193369075
4891430.57458987 13.674294 0.000378377725767785
4891764.57458358 13.675296 -0.000160677744460098
4892098.5745773 13.676298 0.00128735265495153
4892432.57457101 13.6773 -0.000501710203313765
4892766.57456472 13.678302 -0.00144169856939332
4893100.57455844 13.679304 -0.0005813894711999
4893434.57455215 13.680306 0.000916410869065013
4893768.57454586 13.681308 -0.00041821503607081
4894102.57453957 13.68231 -0.000607877656431598
4894436.57453329 13.683312 -0.00134032979526718
4894770.574527 13.684314 -0.000184645301875185
4895104.57452071 13.685316 0.000496264685601621
4895438.57451443 13.686318 -0.000100930148187606
4895772.57450814 13.68732 -0.000579813989494614
4896106.57450185 13.688322 0.000514752516050275
4896440.57449556 13.689324 0.000113216741643945
4896774.57448928 13.690326 -0.000225289795055548
4897108.57448299 13.691328 -0.00161941287089416
4897442.5744767 13.69233 0.001388555775608
4897776.57447041 13.693332 -0.000523760954036184
4898110.57446413 13.694334 0.00102556634551373
4898444.57445784 13.695336 -0.000216607411978745
4898778.57445155 13.696338 0.000391129261123387
4899112.57444527 13.69734 0.000588133241423297
4899446.57443898 13.698342 0.00171279336110229
4899780.57443269 13.699344 0.000345144387912571
4900114.5744264 13.700346 0.00101218919303696
4900448.57442012 13.701348 -0.00042806327323834
4900782.57441383 13.70235 0.00227756883081234
4901116.57440754 13.703352 0.00104420650874205
4901450.57440125 13.704354 -0.0011217271584644
4901784.57439497 13.705356 0.00126887516478905
4902118.57438868 13.706358 -0.00097854860494297
4902452.57438239 13.70736 -0.000749326919977247
4902786.57437611 13.708362 0.00274247147570457
4903120.57436982 13.709364 0.000265816410613696
4903454.57436353 13.710366 -0.000739955548779682
4903788.57435724 13.711368 -6.13376874195828e-05
4904122.57435096 13.71237 0.00139922009805852
4904456.57434467 13.713372 0.00114876576780243
4904790.57433838 13.714374 0.00242735140123173
4905124.5743321 13.715376 -0.000583215336065955
4905458.57432581 13.716378 -0.000140807055772127
4905792.57431952 13.71738 -0.00055439949570148
4906126.57431323 13.718382 0.00207535452721186
4906460.57430695 13.719384 0.00120646405450644
4906794.57430066 13.720386 0.00108647583837624
4907128.57429437 13.721388 -0.00018911553867611
4907462.57428809 13.72239 0.00252146433743737
4907796.5742818 13.723392 -0.00219236881267039
4908130.57427551 13.724394 -0.000853481604223929
4908464.57426922 13.725396 0.000479161945875402
4908798.57426293 13.726398 -0.000251958564671954
4909132.57425665 13.7274 0.00161003808828656
4909466.57425036 13.728402 -0.000165602333038618
4909800.57424407 13.729404 0.00254962704038391
4910134.57423779 13.730406 0.00148271138586405
4910468.5742315 13.731408 -0.000246656224063149
4910802.57422521 13.73241 0.00128186210751353
4911136.57421892 13.733412 0.000948022741698575
4911470.57421264 13.734414 0.000127253320475426
4911804.57420635 13.735416 -0.00217119880711976
4912138.57420006 13.736418 -0.00123176874284251
4912472.57419378 13.73742 0.000135618467682245
4912806.57418749 13.738422 0.00109818863447009
4913140.5741812 13.739424 0.00115868278514629
4913474.57417491 13.740426 4.32905066670736e-05
4913808.57416863 13.741428 -0.0010453011695133
4914142.57416234 13.74243 0.00105785716435789
4914476.57415605 13.743432 0.000858977611444106
4914810.57414977 13.744434 9.17690320257425e-05
4915144.57414348 13.745436 8.84634332380171e-05
4915478.57413719 13.746438 -0.00119377016948586
4915812.5741309 13.74744 -0.000133543151476461
4916146.57412462 13.748442 -0.00011880123683551
4916480.57411833 13.749444 0.00150045856139948
4916814.57411204 13.750446 -0.000475797417304171
4917148.57410575 13.751448 -0.000807146357906795
4917482.57409947 13.75245 0.000876965141070164
4917816.57409318 13.753452 0.000251761598722788
4918150.57408689 13.754454 -0.000636051172924254
4918484.57408061 13.755456 0.000488349015130029
4918818.57407432 13.756458 0.000612486489345839
4919152.57406803 13.75746 -0.00103686772733831
4919486.57406174 13.758462 0.00323498946530495
4919820.57405546 13.759464 -0.00139723576598877
4920154.57404917 13.760466 0.00165488680457945
4920488.57404288 13.761468 -0.000757600400898479
4920822.57403659 13.76247 -0.0020112900752396
4921156.57403031 13.763472 -0.000802727312050313
4921490.57402402 13.764474 -0.000882955357248877
4921824.57401773 13.765476 -6.99261884568432e-05
4922158.57401145 13.766478 -8.65110615632797e-05
4922492.57400516 13.76748 -0.00137660002896777
4922826.57399887 13.768482 -0.00146197746017504
4923160.57399258 13.769484 0.00071432980066182
4923494.5739863 13.770486 0.000164621426212137
4923828.57398001 13.771488 0.0017699462728099
4924162.57397372 13.77249 0.00164701721943878
4924496.57396744 13.773492 -0.000433522718131399
4924830.57396115 13.774494 -0.000109604630409042
4925164.57395486 13.775496 0.00137316321821695
4925498.57394857 13.776498 0.000357864374901106
4925832.57394229 13.7775 0.0015950455160665
4926166.573936 13.778502 0.000531670247721767
4926500.57392971 13.779504 0.000316581541180247
4926834.57392342 13.780506 2.18615901465929e-05
4927168.57391714 13.781508 -0.00156918217180476
4927502.57391085 13.78251 -0.000913482240386615
4927836.57390456 13.783512 -0.000284359555541238
4928170.57389827 13.784514 0.000448029492331424
4928504.57389199 13.785516 -0.000995897599830771
4928838.5738857 13.786518 -0.0018103532229399
4929172.57387941 13.78752 0.000505704323641547
4929506.57387313 13.788522 -0.000755623047247017
4929840.57386684 13.789524 -0.000155408365260405
4930174.57386055 13.790526 -0.000341187635723977
4930508.57385426 13.791528 -0.00074627592049983
4930842.57384798 13.79253 0.000262682489503839
4931176.57384169 13.793532 0.00115660609257132
4931510.5738354 13.794534 -0.00104831734676178
4931844.57382912 13.795536 -0.000968340482366429
4932178.57382283 13.796538 0.0007727268509068
4932512.57381654 13.79754 -0.000751224056435011
4932846.57381025 13.798542 -0.000352514378200442
4933180.57380397 13.799544 0.00131020573857783
4933514.57379768 13.800546 0.00119394833803741
4933848.57379139 13.801548 0.000582239731722841
4934182.5737851 13.80255 -0.00133078024616001
4934516.57377882 13.803552 -0.000810708721622347
4934850.57377253 13.804554 0.000686227223765539
4935184.57376624 13.805556 -0.00177431931929158
4935518.57375996 13.806558 -0.000435980533632226
4935852.57375367 13.80756 0.000333987114417655
4936186.57374738 13.808562 0.00193780131930478
4936520.57374109 13.809564 0.000580917181477365
4936854.57373481 13.810566 -0.00124505615018856
4937188.57372852 13.811568 -0.00249796329268735
4937522.57372223 13.81257 0.000450012198542528
4937856.57371594 13.813572 0.00081790293807583
4938190.57370966 13.814574 -0.000619945977435992
4938524.57370337 13.815576 0.000472293505757911
4938858.57369708 13.816578 0.000350992810527235
4939192.5736908 13.81758 7.38576859846553e-05
4939526.57368451 13.818582 -4.41520224178617e-06
4939860.57367822 13.819584 -0.00113204760851415
4940194.57367193 13.820586 -0.000256287848109527
4940528.57366565 13.821588 8.86558567199879e-05
4940862.57365936 13.82259 0.00151151240636395
4941196.57365307 13.823592 0.00122386504968277
4941530.57364678 13.824594 0.00159563454392394
4941864.5736405 13.825596 -2.24148450085395e-05
4942198.57363421 13.826598 -0.000904333833594204
4942532.57362792 13.8276 0.00156812606983229
4942866.57362164 13.828602 0.0025846646314143
4943200.57361535 13.829604 -0.000846893252961276
4943534.57360906 13.830606 -0.000372569254791387
4943868.57360277 13.831608 0.0012638842952431
4944202.57359649 13.83261 0.0014561998064984
4944536.5735902 13.833612 -3.36967534132556e-05
4944870.57358391 13.834614 -0.0011835398760233
4945204.57357762 13.835616 0.000402054593075908
4945538.57357134 13.836618 -0.00147956565727426
4945872.57356505 13.83762 -0.00027849677619973
4946206.57355876 13.838622 -0.0014897800859077
4946540.57355248 13.839624 -0.000249561583145355
4946874.57354619 13.840626 0.00148911546139553
4947208.5735399 13.841628 -0.000114075240200607
4947542.57353361 13.84263 -0.0010817948216625
4947876.57352733 13.843632 0.000798964917690398
4948210.57352104 13.844634 0.000703646083272343
4948544.57351475 13.845636 0.00086554454940311
4948878.57350847 13.846638 0.000117296323406531
4949212.57350218 13.84764 0.000288978464614321
4949546.57349589 13.848642 -0.000257739866880747
4949880.5734896 13.849644 -0.000532220121395859
4950214.57348332 13.850646 0.000343137520851914
4950548.57347703 13.851648 0.00200417126079085
4950882.57347074 13.85265 0.000782135566670969
4951216.57346445 13.853652 -0.000722570310561344
4951550.57345817 13.854654 -0.00147936747908619
4951884.57345188 13.855656 0.00114108760515327
4952218.57344559 13.856658 0.00022771077015241
4952552.57343931 13.85766 -5.70259133475655e-05
4952886.57343302 13.858662 -0.0012852471562111
4953220.57342673 13.859664 -0.00195075724902252
4953554.57342044 13.860666 -0.00183339181319858
4953888.57341416 13.861668 -0.000459750766513799
4954222.57340787 13.86267 0.000368137305698602
4954556.57340158 13.863672 0.000642437225450957
4954890.5733953 13.864674 -0.00155894322342601
4955224.57338901 13.865676 0.000732226197532024
4955558.57338272 13.866678 7.04135820091982e-05
4955892.57337643 13.86768 0.000258614410222708
4956226.57337015 13.868682 0.00177729794325818
4956560.57336386 13.869684 -0.00188351206422747
4956894.57335757 13.870686 -0.00108987941400212
4957228.57335128 13.871688 0.000165148216460202
4957562.573345 13.87269 -0.0004643960734374
4957896.57333871 13.873692 0.00120725891843064
4958230.57333242 13.874694 0.000924320819370555
4958564.57332614 13.875696 0.00107799064310246
4958898.57331985 13.876698 0.00184239553301491
4959232.57331356 13.8777 -5.4108221339118e-05
4959566.57330727 13.878702 -0.00116355359315845
4959900.57330099 13.879704 -0.0013095016145631
4960234.5732947 13.880706 -0.000548052026413899
4960568.57328841 13.881708 -9.56654521409483e-05
4960902.57328212 13.88271 -0.000515441022682201
4961236.57327584 13.883712 -0.000295848671470781
4961570.57326955 13.884714 -0.00124564299578105
4961904.57326326 13.885716 0.000594801786193102
4962238.57325698 13.886718 -0.00130837799347091
4962572.57325069 13.88772 0.00322609041051496
4962906.5732444 13.888722 -0.00105908638697017
4963240.57323811 13.889724 -0.000882730562477545
4963574.57323183 13.890726 0.00153454112206115
4963908.57322554 13.891728 0.00118528792843808
4964242.57321925 13.89273 0.00129226037337852
4964576.57321296 13.893732 -0.000791461059789294
4964910.57320668 13.894734 0.000112885428570319
4965244.57320039 13.895736 -0.000382417532465829
4965578.5731941 13.896738 0.000144689874271259
4965912.57318782 13.89774 -0.00106908211369193
4966246.57318153 13.898742 9.96695509553452e-05
4966580.57317524 13.899744 -0.000697498036057578
4966914.57316895 13.900746 0.000457265133233529
4967248.57316267 13.901748 0.000933402578754441
4967582.57315638 13.90275 0.00156095591824822
4967916.57315009 13.903752 0.000501579002446874
4968250.5731438 13.904754 -0.000570781834273689
4968584.57313752 13.905756 0.000492510875751912
4968918.57313123 13.906758 -0.000147783527146177
4969252.57312494 13.90776 0.00171861255894278
4969586.57311866 13.908762 -8.0563604136825e-05
4969920.57311237 13.909764 0.00224519203043491
4970254.57310608 13.910766 -0.000388383299761569
4970588.57309979 13.911768 0.00128832291418406
4970922.57309351 13.91277 -0.001274549375453
4971256.57308722 13.913772 -0.0016222733644201
4971590.57308093 13.914774 0.000329152091469564
4971924.57307465 13.915776 0.000440312686142425
4972258.57306836 13.916778 0.000893724876264888
4972592.57306207 13.91778 -0.00154665438233921
4972926.57305578 13.918782 0.000630063455543861
4973260.5730495 13.919784 -0.00165555383483406
4973594.57304321 13.920786 0.0002559827899764
4973928.57303692 13.921788 0.000212377680770518
4974262.57303063 13.92279 -0.000291981280964891
4974596.57302435 13.923792 -0.00191885273446709
4974930.57301806 13.924794 0.00138493755131788
4975264.57301177 13.925796 -0.000800335467553937
4975598.57300549 13.926798 0.000260317827738021
4975932.5729992 13.9278 0.00104712692890079
4976266.57299291 13.928802 -0.000549732143331588
4976600.57298662 13.929804 -3.8856161466565e-05
4976934.57298034 13.930806 -4.77408165746467e-06
4977268.57297405 13.931808 -0.00334566284380331
4977602.57296776 13.93281 -0.000994898122853334
4977936.57296147 13.933812 0.000109329573216924
4978270.57295519 13.934814 -0.000548919122924421
4978604.5729489 13.935816 0.000219724618578225
4978938.57294261 13.936818 -0.0021123751720833
4979272.57293633 13.93782 0.0017850488537045
4979606.57293004 13.938822 0.00052793375347365
4979940.57292375 13.939824 -0.000274475949347603
4980274.57291746 13.940826 0.00150657928222111
4980608.57291118 13.941828 0.000568744458325906
4980942.57290489 13.94283 -0.000742519546901289
4981276.5728986 13.943832 -0.00195985374246729
4981610.57289231 13.944834 3.30459557812934e-05
4981944.57288603 13.945836 -0.000990598456986218
4982278.57287974 13.946838 -0.00077322586544043
4982612.57287345 13.94784 -0.000128282545192595
4982946.57286717 13.948842 0.000939582257382637
4983280.57286088 13.949844 0.00123889781974557
4983614.57285459 13.950846 0.000222618479941609
4983948.5728483 13.951848 0.00202415196004309
4984282.57284202 13.95285 -0.000823822850504667
4984616.57283573 13.953852 -0.000705576678687334
4984950.57282944 13.954854 -0.000262777059690551
4985284.57282315 13.955856 0.000305705993513833
4985618.57281687 13.956858 -0.000277385775896072
4985952.57281058 13.95786 0.00107677636474911
4986286.57280429 13.958862 -0.000254934924668997
4986620.57279801 13.959864 0.00119334293168083
4986954.57279172 13.960866 0.000414241806289855
4987288.57278543 13.961868 -0.00197017725975105
4987622.57277914 13.96287 -0.000330609421814654
4987956.57277286 13.963872 0.000839061626766301
4988290.57276657 13.964874 0.000720835714676933
4988624.57276028 13.965876 0.00178883254442489
4988958.57275399 13.966878 -0.000295289524703799
4989292.57274771 13.96788 0.000288424604965371
4989626.57274142 13.968882 -0.000788559928122037
4989960.57273513 13.969884 -0.000537942818462577
4990294.57272885 13.970886 -7.1576601415778e-05
4990628.57272256 13.971888 0.000359475683182262
4990962.57271627 13.97289 -0.00161136850032209
4991296.57270998 13.973892 -0.00151948424562769
4991630.5727037 13.974894 -0.00036802057876328
4991964.57269741 13.975896 -0.000148795364221297
4992298.57269112 13.976898 0.000109411843086206
4992632.57268483 13.9779 0.00148615531794395
4992966.57267855 13.978902 0.00214879528297814
4993300.57267226 13.979904 -0.000731528140421459
4993634.57266597 13.980906 0.000702060873409087
4993968.57265969 13.981908 5.79555879435886e-05
4994302.5726534 13.98291 0.000126131062766918
4994636.57264711 13.983912 0.00229906183966744
4994970.57264082 13.984914 -0.00168139004568301
4995304.57263454 13.985916 2.40211595949343e-05
4995638.57262825 13.986918 -0.000343111311845449
4995972.57262196 13.98792 -0.000901837548402213
4996306.57261568 13.988922 -0.000523484399550716
4996640.57260939 13.989924 -0.000127924435581327
4996974.5726031 13.990926 -0.0004247261351241
4997308.57259681 13.991928 0.000299941266704257
4997642.57259053 13.99293 7.02900940990289e-08
4997976.57258424 13.993932 -0.000627721996069118
4998310.57257795 13.994934 -0.000936580286957218
4998644.57257167 13.995936 -0.000134083049952969
4998978.57256538 13.996938 -7.12233839073045e-06
4999312.57255909 13.99794 0.000896723968202324
4999646.5725528 13.998942 0.000565214003440868
4999980.57254652 13.999944 2.45305881438086e-05
5000314.57254023 14.000946 0.000143052300678107
5000648.57253394 14.001948 -0.000641978735971289
5000982.57252765 14.00295 0.000797019356193472
5001316.57252137 14.003952 0.00113974221103522
5001650.57251508 14.004954 -0.000117733331173135
5001984.57250879 14.005956 0.000831015387487462
5002318.57250251 14.006958 0.00159959889565447
5002652.57249622 14.00796 -0.000307004813834844
5002986.57248993 14.008962 -0.000160108988997931
5003320.57248364 14.009964 -0.000442371568665356
5003654.57247736 14.010966 -0.000446782216429985
5003988.57247107 14.011968 -0.000666129047838276
5004322.57246478 14.01297 0.000304150010286942
5004656.57245849 14.013972 0.000241862780158682
5004990.57245221 14.014974 0.000301187988460773
5005324.57244592 14.015976 0.000137010774972946
5005658.57243963 14.016978 -0.00148202489076533
5005992.57243335 14.01798 -0.000151745615005321
5006326.57242706 14.018982 0.00134695257827806
5006660.57242077 14.019984 0.0004480617071435
5006994.57241448 14.020986 0.00021394668039387
5007328.5724082 14.021988 0.000471147888117739
5007662.57240191 14.02299 0.000836969297302327
5007996.57239562 14.023992 0.000264656183343396
5008330.57238934 14.024994 0.000304133025240764
5008664.57238305 14.025996 -0.00107812680792233
5008998.57237676 14.026998 0.000252515702839411
5009332.57237047 14.028 0.00232536838267918
5009666.57236419 14.029002 3.25945216617263e-05
5010000.5723579 14.030004 0.00248324624857804
5010334.57235161 14.031006 -0.000818370121500906
5010668.57234532 14.032008 -0.00145042758260401
5011002.57233904 14.03301 -6.70439133135999e-05
5011336.57233275 14.034012 0.000139390827336844
5011670.57232646 14.035014 -0.00117857662872811
5012004.57232018 14.036016 -0.00107096561745071
5012338.57231389 14.037018 -0.000224326368023037
5012672.5723076 14.03802 0.00103207945082589
5013006.57230131 14.039022 1.02923067248805e-05
5013340.57229503 14.040024 0.000811611361597412
5013674.57228874 14.041026 -0.000679874058843544
5014008.57228245 14.042028 3.96755988483083e-05
5014342.57227616 14.04303 -0.000231860640061365
5014676.57226988 14.044032 0.00195302047408294
5015010.57226359 14.045034 0.00090637758890887
5015344.5722573 14.046036 -0.000665867600448479
5015678.57225102 14.047038 -5.74881211034703e-05
5016012.57224473 14.04804 -0.000177446297557249
5016346.57223844 14.049042 0.000310971032567537
5016680.57223215 14.050044 -0.0014012062172126
5017014.57222587 14.051046 -0.000166996593216315
5017348.57221958 14.052048 -0.00112661458047825
5017682.57221329 14.05305 -0.000346596263342565
5018016.572207 14.054052 -0.000289479048197153
5018350.57220072 14.055054 0.000362229381832196
5018684.57219443 14.056056 0.00110344608133336
5019018.57218814 14.057058 -0.000168764794556761
5019352.57218186 14.05806 -0.000851528409926604
5019686.57217557 14.059062 -0.000277781240633717
5020020.57216928 14.060064 -0.00104590021085171
5020354.57216299 14.061066 -0.000362241256484848
5020688.57215671 14.062068 0.00103787588522449
5021022.57215042 14.06307 0.00048279220142151
5021356.57214413 14.064072 -0.000245204570154086
5021690.57213784 14.065074 0.000234405006874154
5022024.57213156 14.066076 -0.000214878773915372
5022358.57212527 14.067078 0.00144114513559991
5022692.57211898 14.06808 -0.000871583239266804
5023026.5721127 14.069082 0.000499619345806898
5023360.57210641 14.070084 -0.00123244127072332
5023694.57210012 14.071086 -0.00132217868282832
5024028.57209383 14.072088 -0.000547629709955598
5024362.57208755 14.07309 -0.000192020749491743
5024696.57208126 14.074092 0.00248256516938781
5025030.57207497 14.075094 -0.00120548226753929
5025364.57206869 14.076096 0.000394889190328513
5025698.5720624 14.077098 -0.00147794143730506
5026032.57205611 14.0781 0.000740232477163527
5026366.57204982 14.079102 0.00115125431977445
5026700.57204354 14.080104 0.000493907184634909
5027034.57203725 14.081106 -0.0017892731598875
5027368.57203096 14.082108 0.000399519355119523
5027702.57202467 14.08311 -0.000226081338426699
5028036.57201839 14.084112 -0.000569708873409176
5028370.5720121 14.085114 -0.00206141370034354
5028704.57200581 14.086116 -0.000141146402045402
5029038.57199952 14.087118 0.000976504184359244
5029372.57199324 14.08812 0.00117826469618357
5029706.57198695 14.089122 0.00117025558559388
5030040.57198066 14.090124 0.00174665672628506
5030374.57197438 14.091126 0.00022543769523586
5030708.57196809 14.092128 0.000396016326415751
5031042.5719618 14.09313 0.000966317194726712
5031376.57195551 14.094132 0.00122189183062038
5031710.57194923 14.095134 -0.00100130874739672
5032044.57194294 14.096136 0.000584615199316417
5032378.57193665 14.097138 0.00108311186915577
5032712.57193037 14.09814 0.000455799990404617
5033046.57192408 14.099142 0.000571818574576255
5033380.57191779 14.100144 0.000532277119823214
5033714.5719115 14.101146 0.000848585640033283
5034048.57190522 14.102148 -0.00039489931505087
5034382.57189893 14.10315 -0.000422656111611929
5034716.57189264 14.104152 0.000319122052002663
5035050.57188636 14.105154 0.00130954232224067
5035384.57188007 14.106156 0.000299885785033425
5035718.57187378 14.107158 0.000515573032146009
5036052.57186749 14.10816 0.000801619348291868
5036386.57186121 14.109162 0.000411669418538478
5036720.57185492 14.110164 -0.000693087899683464
5037054.57184863 14.111166 -6.2709434801488e-05
5037388.57184234 14.112168 -0.000152200446554349
5037722.57183606 14.11317 -0.000422476191759714
5038056.57182977 14.114172 0.00100414013403253
5038390.57182348 14.115174 -0.000822423497721683
5038724.5718172 14.116176 -0.000159152037173014
5039058.57181091 14.117178 -0.000327998826747113
5039392.57180462 14.11818 -0.000468450126766137
5039726.57179833 14.119182 -0.000943835819310095
5040060.57179205 14.120184 0.000515695710733278
5040394.57178576 14.121186 -0.000327540757177797
5040728.57177947 14.122188 0.000244600516772521
5041062.57177318 14.12319 -0.00082487956699855
5041396.5717669 14.124192 -0.00025309510304793
5041730.57176061 14.125194 -0.000498239949297955
5042064.57175432 14.126196 0.00151075219405719
5042398.57174804 14.127198 0.000929457797182868
5042732.57174175 14.1282 -0.000848385238543755
5043066.57173546 14.129202 0.00106007366508007
5043400.57172917 14.130204 -0.00132105509594643
5043734.57172289 14.131206 -0.000519032716309224
5044068.5717166 14.132208 -0.00035919454119752
5044402.57171031 14.13321 0.00158313926519897
5044736.57170403 14.134212 -0.000825972695867853
5045070.57169774 14.135214 0.000371624799387653
5045404.57169145 14.136216 -0.00131713645909656
5045738.57168516 14.137218 0.000495030705459464
5046072.57167888 14.13822 -0.000125295910877189
5046406.57167259 14.139222 0.000446568919424271
5046740.5716663 14.140224 0.000248421382591903
5047074.57166001 14.141226 -0.000608931595151684
5047408.57165373 14.142228 0.000433577437620026
5047742.57164744 14.14323 -0.00175212681530638
5048076.57164115 14.144232 0.000480938491813116
5048410.57163486 14.145234 0.000887924961054608
5048744.57162858 14.146236 0.000544649395767131
5049078.57162229 14.147238 0.000559134558150133
5049412.571616 14.14824 -0.000571434201949965
5049746.57160972 14.149242 0.000635167907702594
5050080.57160343 14.150244 -0.000431033431202101
5050414.57159714 14.151246 0.000305406480610882
5050748.57159085 14.152248 0.00141080762106382
5051082.57158457 14.15325 -5.06495380541325e-05
5051416.57157828 14.154252 -0.0015580681578279
5051750.57157199 14.155254 0.000412550165596257
5052084.5715657 14.156256 0.000183048817851819
5052418.57155942 14.157258 3.31277397635852e-05
5052752.57155313 14.15826 -0.00253990465390239
5053086.57154684 14.159262 0.0016729120424367
5053420.57154056 14.160264 -0.0015084029274443
5053754.57153427 14.161266 -0.00271591212480762
5054088.57152798 14.162268 -0.000983629853997748
5054422.57152169 14.16327 -0.000593296878112936
5054756.57151541 14.164272 -0.000906365426596601
5055090.57150912 14.165274 -0.0013895495785775
5055424.57150283 14.166276 -0.00075062439111847
5055758.57149655 14.167278 0.00138535971346778
5056092.57149026 14.16828 -0.0025209010153235
5056426.57148397 14.169282 -0.000193888689716035
5056760.57147768 14.170284 -0.00207507292223833
5057094.5714714 14.171286 -0.000175255926613536
5057428.57146511 14.172288 0.000733771771066196
5057762.57145882 14.17329 0.00107605793663734
5058096.57145253 14.174292 -0.000374623760585454
5058430.57144625 14.175294 -0.00142068383849892
5058764.57143996 14.176296 0.000744203034538442
5059098.57143367 14.177298 -0.00138112749405011
5059432.57142739 14.1783 -0.00161534958304546
5059766.5714211 14.179302 0.00105606561065542
5060100.57141481 14.180304 0.00260907818061312
5060434.57140852 14.181306 -0.000989939741538535
5060768.57140224 14.182308 4.98250613608838e-07
5061102.57139595 14.18331 0.000296063208868038
5061436.57138966 14.184312 0.00159200522995588
5061770.57138337 14.185314 0.000182449443923754
5062104.57137709 14.186316 0.000803624948037701
5062438.5713708 14.187318 0.000111529389916358
5062772.57136451 14.18832 -0.000876113117117421
5063106.57135823 14.189322 0.000709836929165199
5063440.57135194 14.190324 0.000631302889175404
5063774.57134565 14.191326 -0.00116996363108606
5064108.57133936 14.192328 0.000586057864933612
5064442.57133308 14.19333 -0.000754059562277248
5064776.57132679 14.194332 0.000186229814888176
5065110.5713205 14.195334 0.00209376679002294
5065444.57131421 14.196336 -0.00185230006513052
5065778.57130793 14.197338 0.000523238226278187
5066112.57130164 14.19834 -0.000373448740849726
5066446.57129535 14.199342 -0.000264405947169677
5066780.57128907 14.200344 0.00138892518507835
5067114.57128278 14.201346 0.000856467360567933
5067448.57127649 14.202348 0.00117278159407019
5067782.5712702 14.20335 -0.000344127670005702
5068116.57126392 14.204352 0.000974177066515315
5068450.57125763 14.205354 0.000793906618846395
5068784.57125134 14.206356 0.00023596846253651
5069118.57124505 14.207358 0.000849067409143575
5069452.57123877 14.20836 -0.000234713752274601
5069786.57123248 14.209362 -0.000323525233462128
5070120.57122619 14.210364 -0.00140271029581848
5070454.57121991 14.211366 -0.000375724191515773
5070788.57121362 14.212368 -0.000173884716935526
5071122.57120733 14.21337 0.000440395958706607
5071456.57120104 14.214372 -0.000859076216397181
5071790.57119476 14.215374 0.000951161038674089
5072124.57118847 14.216376 0.000101247808783697
5072458.57118218 14.217378 -0.00044014545439713
5072792.5711759 14.21838 -0.000840068546470429
5073126.57116961 14.219382 -0.000427500613365472
5073460.57116332 14.220384 0.000510383944312922
5073794.57115703 14.221386 0.000882315550292652
5074128.57115075 14.222388 -0.000268178383858034
5074462.57114446 14.22339 -0.00109535115688602
5074796.57113817 14.224392 -0.000173564159084741
5075130.57113189 14.225394 0.00210841870013125
5075464.5711256 14.226396 -0.000149336205588709
5075798.57111931 14.227398 0.00097319689836187
5076132.57111302 14.2284 -0.000421557461209662
5076466.57110673 14.229402 0.00144818857938391
5076800.57110045 14.230404 0.000106561691722176
5077134.57109416 14.231406 0.00158345953884387
5077468.57108787 14.232408 0.00031864971648481
5077802.57108159 14.23341 0.00115158333490555
5078136.5710753 14.234412 0.00201509281517511
5078470.57106901 14.235414 -0.000920415614295022
5078804.57106272 14.236416 -0.000561579272596639
5079138.57105644 14.237418 -0.00158806413128655
5079472.57105015 14.23842 0.000194488890694228
5079806.57104386 14.239422 4.19764487986656e-05
5080140.57103758 14.240424 -0.00175474406253604
5080474.57103129 14.241426 -0.000231453608685637
5080808.571025 14.242428 -0.000681204864551113
5081142.57101871 14.24343 0.00075863930214493
5081476.57101243 14.244432 -0.000667774075017073
5081810.57100614 14.245434 -0.000188063207604156
5082144.57099985 14.246436 0.00127544658335408
5082478.57099357 14.247438 0.000989901995666056
5082812.57098728 14.24844 -0.000226478257612779
5083146.57098099 14.249442 -0.000704752950650227
5083480.5709747 14.250444 0.00031248006563699
5083814.57096842 14.251446 -0.000794914132651896
5084148.57096213 14.252448 0.000612434493936456
5084482.57095584 14.25345 0.000150557923064321
5084816.57094955 14.254452 7.29066376472197e-05
5085150.57094327 14.255454 0.000901546198015431
5085484.57093698 14.256456 -1.59202999788047e-05
5085818.57093069 14.257458 -0.000497961169938418
5086152.57092441 14.25846 0.000866500767432531
5086486.57091812 14.259462 0.00156389088688697
5086820.57091183 14.260464 0.000368982769845331
5087154.57090554 14.261466 0.000157012603320998
5087488.57089926 14.262468 0.000436916945742783
5087822.57089297 14.26347 0.00273636196705797
5088156.57088668 14.264472 -0.00183842938196894
5088490.57088039 14.265474 -0.00199660094019863
5088824.57087411 14.266476 -0.000400604109251859
5089158.57086782 14.267478 0.000581548543483659
5089492.57086153 14.26848 0.00105104775024815
5089826.57085525 14.269482 0.000809667591940736
5090160.57084896 14.270484 -0.00041995117588145
5090494.57084267 14.271486 0.00124275921372757
5090828.57083638 14.272488 -0.000921919482652066
5091162.5708301 14.27349 0.00101360932476676
5091496.57082381 14.274492 -0.00230811718139274
5091830.57081752 14.275494 0.000227547653553064
5092164.57081124 14.276496 0.0011833251256669
5092498.57080495 14.277498 0.00124227357498359
5092832.57079866 14.2785 -0.000236157181384726
5093166.57079237 14.279502 7.37557436716313e-05
5093500.57078609 14.280504 -0.000781645930388503
5093834.5707798 14.281506 0.000570435343918666
5094168.57077351 14.282508 0.000276347884662149
5094502.57076722 14.28351 -0.00061423476443782
5094836.57076094 14.284512 -0.00254017646251842
5095170.57075465 14.285514 -0.000259104360177629
5095504.57074836 14.286516 -0.00169911077615096
5095838.57074208 14.287518 -0.00101717698943771
5096172.57073579 14.28852 0.000940151640972526
5096506.5707295 14.289522 0.000439299808802324
5096840.57072321 14.290524 -0.00100986004111334
5097174.57071693 14.291526 -0.000177919977687939
5097508.57071064 14.292528 0.00174772065137032
5097842.57070435 14.29353 0.00121848879270877
5098176.57069806 14.294532 -0.00164221470369899
5098510.57069178 14.295534 0.000812832285208891
5098844.57068549 14.296536 0.00112705654867375
5099178.5706792 14.297538 -0.000870213009565032
5099512.57067292 14.29854 0.000730112605932431
5099846.57066663 14.299542 0.00131875167346003
5100180.57066034 14.300544 0.000750585787875052
5100514.57065405 14.301546 0.000323099810524277
5100848.57064777 14.302548 -0.00161980007983259
5101182.57064148 14.30355 -8.84991088356732e-06
5101516.57063519 14.304552 0.00134462636831969
5101850.5706289 14.305554 0.000179582011822831
5102184.57062262 14.306556 -0.000193745405579393
5102518.57061633 14.307558 0.000976573584150342
5102852.57061004 14.30856 -0.000250501667549667
5103186.57060376 14.309562 0.00150812028655531
5103520.57059747 14.310564 0.000584664965910401
5103854.57059118 14.311566 0.0031932302124374
5104188.57058489 14.312568 0.000807435109135584
5104522.57057861 14.31357 0.000122790628625876
5104856.57057232 14.314572 -0.000856269779445912
5105190.57056603 14.315574 0.00102684835251221
5105524.57055974 14.316576 0.000777532691756978
5105858.57055346 14.317578 0.000761508856342595
5106192.57054717 14.31858 -0.00045069730328192
5106526.57054088 14.319582 -0.00147192691612734
5106860.5705346 14.320584 -0.00150720876967421
5107194.57052831 14.321586 4.51626464973843e-05
5107528.57052202 14.322588 0.00101413981826126
5107862.57051573 14.32359 -0.000630081250984595
5108196.57050945 14.324592 0.00103701740055666
5108530.57050316 14.325594 -0.000402646475034807
5108864.57049687 14.326596 -8.6103051148387e-05
5109198.57049059 14.327598 0.00267662039272383
5109532.5704843 14.3286 -0.00287196310077651
5109866.57047801 14.329602 0.000657373621366379
5110200.57047172 14.330604 0.000720870508687143
5110534.57046544 14.331606 -0.00172029313128596
5110868.57045915 14.332608 2.44066055243328e-05
5111202.57045286 14.33361 0.000858407499298781
5111536.57044658 14.334612 2.82950314830343e-05
5111870.57044029 14.335614 0.000526286787929364
5112204.570434 14.336616 0.000772998698450655
5112538.57042771 14.337618 0.000218909122663324
5112872.57042143 14.33862 -6.17410216028177e-05
5113206.57041514 14.339622 -0.000370957788353728
5113540.57040885 14.340624 -0.00188256846994899
5113874.57040256 14.341626 0.00122599162135094
5114208.57039628 14.342628 0.000726417385656284
5114542.57038999 14.34363 -0.00110266755221002
5114876.5703837 14.344632 0.000926440450513286
5115210.57037741 14.345634 0.00128147069962839
5115544.57037113 14.346636 -0.000709647747630717
5115878.57036484 14.347638 -0.000280893555915
5116212.57035855 14.34864 -0.000756014183295061
5116546.57035227 14.349642 -3.68001919432128e-06
5116880.57034598 14.350644 0.00098278316787176
5117214.57033969 14.351646 -0.000385833630197107
5117548.5703334 14.352648 4.34049013322189e-08
5117882.57032712 14.35365 0.000201051340678697
5118216.57032083 14.354652 0.00135852698300722
5118550.57031454 14.355654 0.00164469829592849
5118884.57030826 14.356656 0.00195420982604853
5119218.57030197 14.357658 0.000479278709570997
5119552.57029568 14.35866 -0.00125224396862952
5119886.57028939 14.359662 0.000631698700270328
5120220.57028311 14.360664 -0.00046303581528254
5120554.57027682 14.361666 0.00358825184283973
5120888.57027053 14.362668 0.000704097093068726
5121222.57026424 14.36367 0.00341159492602019
5121556.57025796 14.364672 0.000237188913920584
5121890.57025167 14.365674 -0.000289844995551096
5122224.57024538 14.366676 0.000640485794296469
5122558.5702391 14.367678 0.00114633572594744
5122892.57023281 14.36868 0.00198169240860937
5123226.57022652 14.369682 -0.000585374154054447
5123560.57022023 14.370684 0.000119904353864392
5123894.57021395 14.371686 -0.000174064535486409
5124228.57020766 14.372688 0.000652762629760989
5124562.57020137 14.37369 -0.00166104095121618
5124896.57019508 14.374692 0.00115956542764135
5125230.5701888 14.375694 0.000142797547524585
5125564.57018251 14.376696 -0.00221983081386704
5125898.57017622 14.377698 2.91623160650284e-05
5126232.57016994 14.3787 -0.00116441472283981
5126566.57016365 14.379702 -0.000682129141210438
5126900.57015736 14.380704 -0.00111528222107837
5127234.57015107 14.381706 -0.00244152028347178
5127568.57014479 14.382708 0.000168508164095202
5127902.5701385 14.38371 -0.000923023174109784
5128236.57013221 14.384712 0.00014382594032789
5128570.57012592 14.385714 0.000917347698106681
5128904.57011964 14.386716 0.00132789135771947
5129238.57011335 14.387718 0.000378176238360481
5129572.57010706 14.38872 0.000120304296406469
5129906.57010077 14.389722 0.000129526621731504
5130240.57009449 14.390724 -0.001656202387322
5130574.5700882 14.391726 0.000298802426129415
5130908.57008191 14.392728 0.000232161159674664
5131242.57007563 14.39373 -0.00130763813916621
5131576.57006934 14.394732 3.00106358579695e-05
5131910.57006305 14.395734 -0.000393554880348355
5132244.57005676 14.396736 0.00107058317339801
5132578.57005048 14.397738 -0.000322140154249619
5132912.57004419 14.39874 -0.00035419387886201
5133246.5700379 14.399742 0.000187901124195312
5133580.57003162 14.400744 0.00169429164236775
5133914.57002533 14.401746 0.00100574618761281
5134248.57001904 14.402748 -0.00176726924249934
5134582.57001275 14.40375 -0.000501050571956379
5134916.57000647 14.404752 -0.000598221381106174
5135250.57000018 14.405754 0.00198609366106583
5135584.56999389 14.406756 0.00334485181374872
5135918.56998761 14.407758 -0.000187011153982286
5136252.56998132 14.40876 -0.000278042458504849
5136586.56997503 14.409762 0.00111192325830224
5136920.56996874 14.410764 -0.000296247163534482
5137254.56996246 14.411766 -0.00013456116534696
5137588.56995617 14.412768 -0.00166732031421403
5137922.56994988 14.41377 5.63902290365994e-05
5138256.56994359 14.414772 -0.000294726497148399
5138590.56993731 14.415774 -0.000870896105365631
5138924.56993102 14.416776 0.000707550328043786
5139258.56992473 14.417778 -0.000748803107264292
5139592.56991845 14.41878 -0.00043650900232087
5139926.56991216 14.419782 -0.0019179171930174
5140260.56990587 14.420784 0.000871108662817229
5140594.56989958 14.421786 0.00184452984925469
5140928.5698933 14.422788 -0.00127444522597217
5141262.56988701 14.42379 -0.000933547934375306
5141596.56988072 14.424792 0.000921286119247963
5141930.56987443 14.425794 -0.00105413796279068
5142264.56986815 14.426796 0.000839511067000452
5142598.56986186 14.427798 0.000943833287435434
5142932.56985557 14.4288 -0.000954758798971359
5143266.56984929 14.429802 4.04940863627527e-05
5143600.569843 14.430804 -0.0007487075148626
5143934.56983671 14.431806 0.000998130180227189
5144268.56983042 14.432808 0.00134420029450828
5144602.56982414 14.43381 -4.41452885655294e-05
5144936.56981785 14.434812 0.00151799876313944
5145270.56981156 14.435814 1.43138973511857e-05
5145604.56980528 14.436816 -0.00133059251448384
5145938.56979899 14.437818 1.61325205880493e-05
5146272.5697927 14.43882 0.000778154437119249
5146606.56978641 14.439822 0.00184621748236802
5146940.56978013 14.440824 6.45915163892259e-05
5147274.56977384 14.441826 0.000678997673851134
5147608.56976755 14.442828 0.00100974522160113
5147942.56976126 14.44383 0.000681564699436715
5148276.56975498 14.444832 0.000497743743272993
5148610.56974869 14.445834 0.000567054406879418
5148944.5697424 14.446836 -0.000794263068018709
5149278.56973612 14.447838 -0.00154773323853795
5149612.56972983 14.44884 0.000193096095351154
5149946.56972354 14.449842 0.000495729460083442
5150280.56971725 14.450844 0.000396293963648742
5150614.56971097 14.451846 -0.000515479270645275
5150948.56970468 14.452848 -0.00018677014284147
5151282.56969839 14.45385 0.000725859163700364
5151616.56969211 14.454852 0.00116451945160035
5151950.56968582 14.455854 -0.000116957649875616
5152284.56967953 14.456856 0.000262675975139659
5152618.56967324 14.457858 0.000340280133873077
5152952.56966696 14.45886 0.000231292648645458
5153286.56966067 14.459862 -0.00135575220189385
5153620.56965438 14.460864 -0.000240265992190172
5153954.56964809 14.461866 0.000599344251916176
5154288.56964181 14.462868 0.000363178258231505
5154622.56963552 14.46387 -0.000552215313502761
5154956.56962923 14.464872 -0.000602008387637283
5155290.56962294 14.465874 0.000435056398814578
5155624.56961666 14.466876 -0.000133799165895344
5155958.56961037 14.467878 -0.000704732827990047
5156292.56960408 14.46888 0.000680693493527759
5156626.5695978 14.469882 0.00274898721563838
5156960.56959151 14.470884 -0.000237548682998827
5157294.56958522 14.471886 0.00167812294885644
5157628.56957893 14.472888 -2.94067518615546e-05
5157962.56957265 14.47389 0.000933622434993935
5158296.56956636 14.474892 0.00100285436643808
5158630.56956007 14.475894 0.000110208737929084
5158964.56955379 14.476896 0.000337429954922685
5159298.5695475 14.477898 0.000456824463291049
5159632.56954121 14.4789 0.000485370113174975
5159966.56953492 14.479902 -0.000137328411326185
5160300.56952864 14.480904 0.00131766123882852
5160634.56952235 14.481906 0.000187388118276156
5160968.56951606 14.482908 0.000125293188964958
5161302.56950977 14.48391 -0.000705493450165407
5161636.56950349 14.484912 -0.00079561358510074
5161970.5694972 14.485914 0.000160418707923801
5162304.56949091 14.486916 -0.000707065244080634
5162638.56948463 14.487918 0.000443009696993811
5162972.56947834 14.48892 -0.000528401464826024
5163306.56947205 14.489922 0.00254361066127975
5163640.56946576 14.490924 0.000385249239557895
5163974.56945948 14.491926 0.000769087701595702
5164308.56945319 14.492928 0.00272010073688053
5164642.5694469 14.49393 -0.000464375386868706
5164976.56944061 14.494932 -0.00115572829119256
5165310.56943433 14.495934 0.000198727013843982
5165644.56942804 14.496936 -0.00261905262226315
5165978.56942175 14.497938 0.00107877691745162
5166312.56941546 14.49894 0.000314147175317947
5166646.56940918 14.499942 0.000792772759603405
5166980.56940289 14.500944 0.00106470077166853
5167314.5693966 14.501946 -0.000616711039613146
5167648.56939032 14.502948 -0.000200943054598152
5167982.56938403 14.50395 0.00112797766968445
5168316.56937774 14.504952 -0.000725083438828363
5168650.56937145 14.505954 -0.000236509639381074
5168984.56936517 14.506956 -0.000754412125766737
5169318.56935888 14.507958 0.00116218534818831
5169652.56935259 14.50896 -0.000943307895177612
5169986.5693463 14.509962 0.00108711892617783
5170320.56934002 14.510964 -0.000924982206958505
5170654.56933373 14.511966 -0.00071866475174048
5170988.56932744 14.512968 -0.000169017401705046
5171322.56932116 14.51397 -0.000350606073436059
5171656.56931487 14.514972 -0.000252935111859911
5171990.56930858 14.515974 0.00146572715912172
5172324.56930229 14.516976 9.35726610266213e-05
5172658.56929601 14.517978 -0.000643071573278503
5172992.56928972 14.51898 -0.00254282169203612
5173326.56928343 14.519982 0.000217876532409065
5173660.56927715 14.520984 -0.00133565048766304
5173994.56927086 14.521986 -0.000407881332988577
5174328.56926457 14.522988 -0.000607034768445275
5174662.56925828 14.52399 5.97296264591951e-05
5174996.569252 14.524992 0.00123796045658994
5175330.56924571 14.525994 0.000398556911435423
5175664.56923942 14.526996 -0.000199350112336938
5175998.56923314 14.527998 0.000124941881708159
5176332.56922685 14.529 0.00102293802474887
5176666.56922056 14.530002 -1.49663719643592e-05
5177000.56921427 14.531004 0.000588650311701541
5177334.56920798 14.532006 -0.000202081178267663
5177668.5692017 14.533008 -0.00101175437216441
5178002.56919541 14.53401 0.00171806192685141
5178336.56918912 14.535012 -0.00041643712132746
5178670.56918284 14.536014 -0.000292602652441103
5179004.56917655 14.537016 0.000308820592037831
5179338.56917026 14.538018 -0.000525378180954674
5179672.56916397 14.53902 0.00039078046283754
5180006.56915769 14.540022 -0.00159066297303015
5180340.5691514 14.541024 0.00140763975656624
5180674.56914511 14.542026 -0.000834596355332156
5181008.56913883 14.543028 0.000784839586846851
5181342.56913254 14.54403 -0.000137554881637181
5181676.56912625 14.545032 -0.00135754366235997
5182010.56911996 14.546034 -0.00169364662176797
5182344.56911368 14.547036 -0.000904465929687981
5182678.56910739 14.548038 0.0011107147799671
5183012.5691011 14.54904 0.000291525756660473
5183346.56909482 14.550042 -0.000134917055671515
5183680.56908853 14.551044 -0.00246515261055663
5184014.56908224 14.552046 8.51780242035571e-05
5184348.56907595 14.553048 -0.00224141285335776
5184682.56906967 14.55405 -0.000737980180315473
5185016.56906338 14.555052 0.00145596204371785
5185350.56905709 14.556054 -0.00180756981996099
5185684.5690508 14.557056 -2.18042022511494e-05
5186018.56904452 14.558058 -0.00046834753798508
5186352.56903823 14.55906 -4.12343850471193e-05
5186686.56903194 14.560062 0.000838623719826876
5187020.56902566 14.561064 0.000208982910058734
5187354.56901937 14.562066 -0.000585537951571885
5187688.56901308 14.563068 -0.000718021296025618
5188022.56900679 14.56407 0.00190710652653617
5188356.56900051 14.565072 -0.000589930252237634
5188690.56899422 14.566074 -0.000814813230697042
5189024.56898793 14.567076 0.00081023940130281
5189358.56898164 14.568078 -0.000833455270636634
5189692.56897536 14.56908 0.00101074701977218
5190026.56896907 14.570082 0.000600598319922965
5190360.56896278 14.571084 -0.000201584730894477
5190694.5689565 14.572086 -0.00226996747206829
5191028.56895021 14.573088 -0.000167946491203893
5191362.56894392 14.57409 -0.00166405171088198
5191696.56893763 14.575092 -0.00112134425721262
5192030.56893135 14.576094 0.000501627857866853
5192364.56892506 14.577096 -0.00156233578070158
5192698.56891877 14.578098 -0.000104698666179488
5193032.56891249 14.5791 4.13738682268016e-05
5193366.5689062 14.580102 0.000506019953584378
5193700.56889991 14.581104 -0.000602114958926437
5194034.56889362 14.582106 -0.0018573524103815
5194368.56888734 14.583108 -0.000413376014720188
5194702.56888105 14.58411 -0.000722464862025466
5195036.56887476 14.585112 0.000121316059014469
5195370.56886848 14.586114 -0.000608740935214056
5195704.56886219 14.587116 0.000348764114124946
5196038.5688559 14.588118 0.00158143578061843
5196372.56884961 14.58912 0.000980282038543362
5196706.56884333 14.590122 -0.00207557913538372
5197040.56883704 14.591124 0.000841108111232427
5197374.56883075 14.592126 -0.00164530260746303
5197708.56882446 14.593128 -0.000218436712489854
5198042.56881818 14.59413 0.000422887251586777
5198376.56881189 14.595132 0.00229604312291711
5198710.5688056 14.596134 -0.000725132215879086
5199044.56879932 14.597136 -0.00103850795173639
5199378.56879303 14.598138 -0.00139310964352683
5199712.56878674 14.59914 0.00117445427807099
5200046.56878045 14.600142 0.00102509161650164
5200380.56877417 14.601144 0.000438109281961067
5200714.56876788 14.602146 -0.00175617816997746
5201048.56876159 14.603148 0.0014063733712036
5201382.5687553 14.60415 0.000394635937451155
5201716.56874902 14.605152 0.00122591747896751
5202050.56874273 14.606154 0.000645968003240045
5202384.56873644 14.607156 0.000213184640361171
5202718.56873016 14.608158 0.000482950561418743
5203052.56872387 14.60916 0.00130140300090778
5203386.56871758 14.610162 -0.00116961453800826
5203720.56871129 14.611164 -0.000218432150866325
5204054.56870501 14.612166 0.00141767235368956
5204388.56869872 14.613168 -0.001930030560173
5204722.56869243 14.61417 0.000334594163258137
5205056.56868614 14.615172 0.00116715287082649
5205390.56867986 14.616174 -0.000870305812655812
5205724.56867357 14.617176 -0.00120829146558962
5206058.56866728 14.618178 -0.000665484660330362
5206392.56866099 14.61918 -0.000368610572973284
5206726.56865471 14.620182 -0.00127116762987093
5207060.56864842 14.621184 -0.000179792532028453
5207394.56864213 14.622186 -0.000489939003088589
5207728.56863585 14.623188 0.0011267198448881
5208062.56862956 14.62419 -0.00038197320487857
5208396.56862327 14.625192 -0.0015883337382326
5208730.56861698 14.626194 -0.00102719860552854
5209064.5686107 14.627196 -0.00120784462002286
5209398.56860441 14.628198 -0.000662590000302349
5209732.56859812 14.6292 0.000638749126691285
5210066.56859184 14.630202 0.000972862324385282
5210400.56858555 14.631204 -0.00169311428558504
5210734.56857926 14.632206 0.000775097315927481
5211068.56857297 14.633208 0.000708072885519175
5211402.56856669 14.63421 0.0010666533654553
5211736.5685604 14.635212 6.48075714624678e-05
5212070.56855411 14.636214 0.00128622503417593
5212404.56854783 14.637216 -0.000744789028614641
5212738.56854154 14.638218 -0.000186441419999216
5213072.56853525 14.63922 0.000599691456888067
5213406.56852896 14.640222 0.000367876471759411
5213740.56852267 14.641224 0.000419153065907712
5214074.56851639 14.642226 0.00101911505988918
5214408.5685101 14.643228 -0.000274939396072471
5214742.56850381 14.64423 -6.53297801201024e-05
5215076.56849753 14.645232 -0.000294950328142633
5215410.56849124 14.646234 -0.000439325376928657
5215744.56848495 14.647236 -0.000511320640194537
5216078.56847866 14.648238 -0.00136133313561457
5216412.56847238 14.64924 -0.000867212743854554
5216746.56846609 14.650242 -0.00039857599184251
5217080.5684598 14.651244 0.000445773622441825
5217414.56845352 14.652246 -0.000418668049485458
5217748.56844723 14.653248 0.00050899333011102
5218082.56844094 14.65425 2.73377437734931e-05
5218416.56843465 14.655252 -0.000712329389627371
5218750.56842837 14.656254 -0.000593993639326006
5219084.56842208 14.657256 0.000120425794358307
5219418.56841579 14.658258 0.000585380375459672
5219752.56840951 14.65926 0.000250661649692825
5220086.56840322 14.660262 0.000294298827683815
5220420.56839693 14.661264 -0.000379913917227899
5220754.56839064 14.662266 -0.00142531190130615
5221088.56838436 14.663268 -0.000593175844271743
5221422.56837807 14.66427 -0.000315389014742291
5221756.56837178 14.665272 -0.000198172471233404
5222090.56836549 14.666274 -0.000312615674435427
5222424.56835921 14.667276 -0.000563102245531296
5222758.56835292 14.668278 0.000291237415852824
5223092.56834663 14.66928 0.00176264918072738
5223426.56834035 14.670282 -0.00154376334282804
5223760.56833406 14.671284 -0.000287271500792234
5224094.56832777 14.672286 -0.00125845233932483
5224428.56832148 14.673288 -0.00140090629603896
5224762.5683152 14.67429 0.00039261102984538
5225096.56830891 14.675292 0.00172106550483808
5225430.56830262 14.676294 -0.000860626312641477
5225764.56829633 14.677296 -0.000941336703060099
5226098.56829005 14.678298 0.00144123203930633
5226432.56828376 14.6793 -0.000314530910530129
5226766.56827747 14.680302 0.00170217565001603
5227100.56827119 14.681304 0.000267688391213067
5227434.5682649 14.682306 0.000209504112509316
5227768.56825861 14.683308 2.92345587361519e-06
5228102.56825232 14.68431 0.000488887870939122
5228436.56824604 14.685312 -0.000324443712471553
5228770.56823975 14.686314 0.000701222855048568
5229104.56823346 14.687316 0.000272187189628729
5229438.56822718 14.688318 -0.000900231656454599
5229772.56822089 14.68932 0.000140263272330126
5230106.5682146 14.690322 -0.000862604397386123
5230440.56820831 14.691324 0.00112647254254804
5230774.56820203 14.692326 -0.000645363851009593
5231108.56819574 14.693328 -0.000912793757209511
5231442.56818945 14.69433 0.000894489689737931
5231776.56818317 14.695332 -0.000770313414039293
5232110.56817688 14.696334 0.000929078141663796
5232444.56817059 14.697336 0.000958913596601458
5232778.5681643 14.698338 0.00112318761788428
5233112.56815801 14.69934 -0.00100376424360713
5233446.56815173 14.700342 0.000492755336706736
5233780.56814544 14.701344 0.00048474515178044
5234114.56813915 14.702346 -0.000692687173199707
5234448.56813287 14.703348 0.00143633668570727
5234782.56812658 14.70435 5.296679286745e-05
5235116.56812029 14.705352 0.0024984413258035
5235450.568114 14.706354 0.00138274008428685
5235784.56810772 14.707356 0.00176079845932755
5236118.56810143 14.708358 0.000989720407606645
5236452.56809514 14.70936 0.000625301002140475
5236786.56808886 14.710362 -0.000914472684514106
5237120.56808257 14.711364 0.00181679824438792
5237454.56807628 14.712366 0.000497762618622435
5237788.56806999 14.713368 -0.000362368310740926
5238122.56806371 14.71437 -0.00167578020126109
5238456.56805742 14.715372 0.00114972670405982
5238790.56805113 14.716374 8.00397927452189e-05
5239124.56804485 14.717376 0.00119277497726482
5239458.56803856 14.718378 -0.000754340267090395
5239792.56803227 14.71938 0.000355112031818291
5240126.56802598 14.720382 9.22411898917442e-05
5240460.5680197 14.721384 -0.00112531906649271
5240794.56801341 14.722386 -0.000506917899043195
5241128.56800712 14.723388 -0.00104584080162742
5241462.56800083 14.72439 -0.00010448942581969
5241796.56799455 14.725392 -0.00103132471215312
5242130.56798826 14.726394 -0.000968234454819153
5242464.56798197 14.727396 0.000301631017772232
5242798.56797569 14.728398 0.00128111939758559
5243132.5679694 14.7294 0.000491700075245698
5243466.56796311 14.730402 0.00175224534385586
5243800.56795682 14.731404 0.0004451181758951
5244134.56795054 14.732406 0.00143238713558846
5244468.56794425 14.733408 -0.000547175694135917
5244802.56793796 14.73441 -0.00165581355543771
5245136.56793167 14.735412 -0.00201208730262924
5245470.56792539 14.736414 0.000401674967645466
5245804.5679191 14.737416 -0.000431574092038507
5246138.56791281 14.738418 0.000685342849048648
5246472.56790653 14.73942 -4.91307564295046e-05
5246806.56790024 14.740422 0.000945611401203594
5247140.56789395 14.741424 -0.00091100028682277
5247474.56788766 14.742426 0.00068612924562204
5247808.56788138 14.743428 0.000867221338307788
5248142.56787509 14.74443 0.000580310930112901
5248476.5678688 14.745432 0.000695180002015187
5248810.56786252 14.746434 -0.00102664519630615
5249144.56785623 14.747436 0.000470573883971138
5249478.56784994 14.748438 -0.000355384530840084
5249812.56784365 14.74944 0.000918805638534055
5250146.56783737 14.750442 4.5745453178101e-05
5250480.56783108 14.751444 0.00126562925687815
5250814.56782479 14.752446 0.00161690280701715
5251148.5678185 14.753448 0.00263465417549359
5251482.56781222 14.75445 -0.000487677694647548
5251816.56780593 14.755452 3.3325328125593e-06
5252150.56779964 14.756454 1.05301354609886e-05
5252484.56779335 14.757456 -0.000767281016401624
5252818.56778707 14.758458 -1.76105881042123e-05
5253152.56778078 14.75946 0.00223036909235451
5253486.56777449 14.760462 -9.57482981171262e-05
5253820.56776821 14.761464 -0.000177657256529476
5254154.56776192 14.762466 -0.000414671549700373
5254488.56775563 14.763468 0.000546327451195052
5254822.56774934 14.76447 0.00113462238096403
5255156.56774306 14.765472 -0.000784554681827662
5255490.56773677 14.766474 -0.000473868950751626
5255824.56773048 14.767476 -0.00076442572726521
5256158.56772419 14.768478 -0.00136974839035764
5256492.56771791 14.76948 0.00122229627825557
5256826.56771162 14.770482 -0.00036134226963704
5257160.56770533 14.771484 9.75804260003935e-05
5257494.56769905 14.772486 0.000674235049549743
5257828.56769276 14.773488 -0.00139878831432622
5258162.56768647 14.77449 0.00145326640805111
5258496.56768018 14.775492 -0.000257179568605324
5258830.5676739 14.776494 -0.000977585749347034
5259164.56766761 14.777496 0.00104927850428047
5259498.56766132 14.778498 -0.00109404821474422
5259832.56765504 14.7795 -0.00134524904936144
5260166.56764875 14.780502 0.000973924834501993
5260500.56764246 14.781504 0.0012971381248299
5260834.56763617 14.782506 0.00135687712476417
5261168.56762989 14.783508 -0.000268492510811533
5261502.5676236 14.78451 -4.1855323045602e-05
5261836.56761731 14.785512 -0.0002085519972345
5262170.56761102 14.786514 0.00013488617787143
5262504.56760474 14.787516 -0.00110304575717043
5262838.56759845 14.788518 -0.000547662765828555
5263172.56759216 14.78952 0.000586900349195905
5263506.56758588 14.790522 0.00109644211132289
5263840.56757959 14.791524 -0.000296466827449588
5264174.5675733 14.792526 0.000239815208478564
5264508.56756701 14.793528 -0.00070099754386486
5264842.56756073 14.79453 0.00149259651910905
5265176.56755444 14.795532 -0.000291336177889198
5265510.56754815 14.796534 0.000542722157035732
5265844.56754186 14.797536 -0.000635589581883996
5266178.56753558 14.798538 -0.00170785949431896
5266512.56752929 14.79954 0.000859244080715117
5266846.567523 14.800542 0.00180839717209855
5267180.56751672 14.801544 0.00137888567732594
5267514.56751043 14.802546 0.000777062498194703
5267848.56750414 14.803548 -4.22790310582644e-05
5268182.56749785 14.80455 -0.000828790858555379
5268516.56749157 14.805552 0.00196832689631891
5268850.56748528 14.806554 8.91921420033749e-05
5269184.56747899 14.807556 -0.000500668132916589
5269518.56747271 14.808558 0.000580066958540877
5269852.56746642 14.80956 -0.0017908642755145
5270186.56746013 14.810562 0.00022351989786549
5270520.56745384 14.811564 -0.000371938847324124
5270854.56744756 14.812566 0.00092267040679963
5271188.56744127 14.813568 -0.00115953202532742
5271522.56743498 14.81457 0.000417905775668554
5271856.5674287 14.815572 0.000209587557299378
5272190.56742241 14.816574 -0.000384572553274146
5272524.56741612 14.817576 -0.00083887153370045
5272858.56740983 14.818578 0.00198342890418652
5273192.56740355 14.81958 -0.0016608499534526
5273526.56739726 14.820582 -0.00143806926491881
5273860.56739097 14.821584 0.000376134458077555
5274194.56738468 14.822586 -0.00279455861997396
5274528.5673784 14.823588 -0.000407912889167605
5274862.56737211 14.82459 0.000795532878754429
5275196.56736582 14.825592 0.000528997843813631
5275530.56735954 14.826594 0.000667825502452365
5275864.56735325 14.827596 -0.000558160542805465
5276198.56734696 14.828598 -0.000807497941852667
5276532.56734067 14.8296 -0.00161402500698499
5276866.56733439 14.830602 0.000638313841251261
5277200.5673281 14.831604 0.000551328053494072
5277534.56732181 14.832606 0.00052964569198837
5277868.56731552 14.833608 -0.000330548036116577
5278202.56730924 14.83461 -0.000345140512869726
5278536.56730295 14.835612 0.000330231853654715
5278870.56729666 14.836614 -9.12890976430783e-05
5279204.56729038 14.837616 3.21448018375043e-05
5279538.56728409 14.838618 -0.000128793932919922
5279872.5672778 14.83962 -0.000556862908191214
5280206.56727151 14.840622 0.000381738350033489
5280540.56726523 14.841624 0.000355265049181963
5280874.56725894 14.842626 -0.000681620656155122
5281208.56725265 14.843628 -0.00138422539920677
5281542.56724636 14.84463 -0.000233045094893063
5281876.56724008 14.845632 3.78396925181389e-05
5282210.56723379 14.846634 -0.000140673260414194
5282544.5672275 14.847636 -0.000680121577566182
5282878.56722121 14.848638 -0.00238971511846782
5283212.56721493 14.84964 -0.000418166547819609
5283546.56720864 14.850642 -0.000491096505019675
5283880.56720235 14.851644 -0.000131107436745053
5284214.56719607 14.852646 -0.000246471441541266
5284548.56718978 14.853648 0.000432259359972137
5284882.56718349 14.85465 0.000400355797179209
5285216.5671772 14.855652 0.000513351769372892
5285550.56717092 14.856654 0.000107625683266631
5285884.56716463 14.857656 -0.000523329801360084
5286218.56715834 14.858658 0.00036504789659472
5286552.56715206 14.85966 0.000656264819181045
5286886.56714577 14.860662 0.000636990621353261
5287220.56713948 14.861664 0.000945828862152937
5287554.56713319 14.862666 -0.0016365577476499
5287888.56712691 14.863668 0.000671857472560383
5288222.56712062 14.86467 0.000599716244592959
5288556.56711433 14.865672 -8.8651287818872e-05
5288890.56710805 14.866674 0.000768284020861201
5289224.56710176 14.867676 0.000545006945940377
5289558.56709547 14.868678 0.000452244654943114
5289892.56708918 14.86968 -0.000416667760244686
5290226.56708289 14.870682 0.000665910391473179
5290560.56707661 14.871684 9.25680928149231e-06
5290894.56707032 14.872686 -0.000745631714808224
5291228.56706403 14.873688 0.00132102107896468
5291562.56705775 14.87469 -0.000344651229328294
5291896.56705146 14.875692 0.00026213042199894
5292230.56704517 14.876694 -0.00113731706868595
5292564.56703888 14.877696 0.00135591618689148
5292898.5670326 14.878698 -0.000228086302310984
5293232.56702631 14.8797 -0.000746005942190244
5293566.56702002 14.880702 -0.000316996626047231
5293900.56701374 14.881704 0.000867335262681198
5294234.56700745 14.882706 0.00034420938849349
5294568.56700116 14.883708 -0.000608614860505162
5294902.56699487 14.88471 0.00157169864076375
5295236.56698859 14.885712 1.51041260324869e-05
5295570.5669823 14.886714 0.00116829636997131
5295904.56697601 14.887716 0.000914424632398598
5296238.56696973 14.888718 0.000598416409324801
5296572.56696344 14.88972 -0.000846341288342936
5296906.56695715 14.890722 -0.000915085672081567
5297240.56695086 14.891724 -0.000636161088242486
5297574.56694458 14.892726 0.000868079769322196
5297908.56693829 14.893728 -0.000135640978665828
5298242.566932 14.89473 -0.000170023037490457
5298576.56692571 14.895732 -0.000852630199399637
5298910.56691943 14.896734 0.000813584267837305
5299244.56691314 14.897736 -0.000365981785274788
5299578.56690685 14.898738 0.00252880847205901
5299912.56690057 14.89974 -0.0014161975049748
5300246.56689428 14.900742 8.43901036135707e-05
5300580.56688799 14.901744 0.00250536852477733
5300914.5668817 14.902746 0.000645963784959308
5301248.56687542 14.903748 0.000334892607342013
5301582.56686913 14.90475 0.000199048410585962
5301916.56686284 14.905752 -0.00171544828298008
5302250.56685655 14.906754 0.000626089798865727
5302584.56685027 14.907756 6.58072606124057e-05
5302918.56684398 14.908758 -0.000142577600095653
5303252.56683769 14.90976 -0.000131634765388344
5303586.56683141 14.910762 -0.000818751353731285
5303920.56682512 14.911764 0.000715135320280281
5304254.56681883 14.912766 0.00157538403073888
5304588.56681254 14.913768 0.000987091538067998
5304922.56680626 14.91477 -0.000307052215237617
5305256.56679997 14.915772 5.30001932873608e-05
5305590.56679368 14.916774 -0.000258087298065735
5305924.56678739 14.917776 0.000547857057584397
5306258.56678111 14.918778 0.000257952306577388
5306592.56677482 14.91978 0.000682038371338251
5306926.56676853 14.920782 -0.000258266523983293
5307260.56676225 14.921784 -0.00109777448894992
5307594.56675596 14.922786 0.00147600991972855
5307928.56674967 14.923788 -0.000107586240587121
5308262.56674338 14.92479 -0.000768702897181268
5308596.5667371 14.925792 -0.000847241895452822
5308930.56673081 14.926794 0.000473216928861606
5309264.56672452 14.927796 -0.000328312108433371
5309598.56671823 14.928798 -0.00103689217633699
5309932.56671195 14.9298 0.000134984523499591
5310266.56670566 14.930802 -0.0003816569507282
5310600.56669937 14.931804 0.00126089649948435
5310934.56669309 14.932806 0.00146287288736345
5311268.5666868 14.933808 0.000185483389092361
5311602.56668051 14.93481 1.32161722593338e-06
5311936.56667422 14.935812 0.00108033146343105
5312270.56666794 14.936814 0.00191240345039306
5312604.56666165 14.937816 0.00197860089393102
5312938.56665536 14.938818 -0.00107307300344236
5313272.56664908 14.93982 0.000471172761295066
5313606.56664279 14.940822 -0.000699315144552378
5313940.5666365 14.941824 0.00130841711317016
5314274.56663021 14.942826 0.000234583998208616
5314608.56662393 14.943828 0.000506425814145978
5314942.56661764 14.94483 -0.000183370428200534
5315276.56661135 14.945832 -0.00035621331856107
5315610.56660507 14.946834 -0.00145092262139103
5315944.56659878 14.947836 -0.000294978640360792
5316278.56659249 14.948838 0.00134502450802598
5316612.5665862 14.94984 9.13133038206097e-06
5316946.56657992 14.950842 -0.000365391929318969
5317280.56657363 14.951844 0.00165582760175239
5317614.56656734 14.952846 0.000180060366018009
5317948.56656105 14.953848 -0.00102938923041883
5318282.56655477 14.95485 0.000429709417525738
5318616.56654848 14.955852 0.000615117771806534
5318950.56654219 14.956854 0.000385103737531964
5319284.56653591 14.957856 0.000460584186812965
5319618.56652962 14.958858 -2.87379638408844e-05
5319952.56652333 14.95986 -0.000878726510706259
5320286.56651704 14.960862 -0.0011483360151106
5320620.56651076 14.961864 -4.11422359417851e-05
5320954.56650447 14.962866 -0.00101934295132527
5321288.56649818 14.963868 0.000812723316003574
5321622.56649189 14.96487 -0.00209494377235913
5321956.56648561 14.965872 0.000398438531851969
5322290.56647932 14.966874 -0.000167727449138403
5322624.56647303 14.967876 -0.0011948988421851
5322958.56646675 14.968878 0.00135776689556837
5323292.56646046 14.96988 -0.000473435909503549
5323626.56645417 14.970882 -0.000580186830267321
5323960.56644788 14.971884 0.00158163549178682
5324294.5664416 14.972886 5.28983472404041e-05
5324628.56643531 14.973888 3.2899216114317e-05
5324962.56642902 14.97489 0.00198189677672655
5325296.56642274 14.975892 -5.13468295495072e-05
5325630.56641645 14.976894 0.00146955951859554
5325964.56641016 14.977896 0.000327621936434318
5326298.56640387 14.978898 -0.000335855834055483
5326632.56639758 14.9799 -0.000933525397735918
5326966.5663913 14.980902 0.000898280481132199
5327300.56638501 14.981904 7.02519334827753e-05
5327634.56637872 14.982906 0.0030017376528994
5327968.56637244 14.983908 0.000281983169578559
5328302.56636615 14.98491 -0.00126906336452304
5328636.56635986 14.985912 -0.000479650625604568
5328970.56635357 14.986914 0.000817576755691079
5329304.56634729 14.987916 0.000627985918147067
5329638.566341 14.988918 0.0010597431646459
5329972.56633471 14.98992 0.000765272651638467
5330306.56632843 14.990922 0.00134230726803825
5330640.56632214 14.991924 -0.00127197410920924
5330974.56631585 14.992926 -0.000126400999257165
5331308.56630956 14.993928 -0.00128419603729237
5331642.56630328 14.99493 0.000902940294864719
5331976.56629699 14.995932 0.000245156193966412
5332310.5662907 14.996934 0.000746016905717236
5332644.56628442 14.997936 0.000266297376852072
5332978.56627813 14.998938 0.000717204219344401
5333312.56627184 14.99994 -0.000922220365132125
