# Fix print output for fix print_ss_high
310126.828948885 0 -0.0367374069430917
310436.955777834 0.001002 -0.0684841267216415
310747.702860441 0.002004 -0.0448308120596439
311058.449943048 0.003006 -0.0268637784270688
311369.197025654 0.004008 -0.0514937191656171
311679.944108261 0.00501 -0.0583124024768498
311990.691190868 0.006012 -0.0383835484050396
312301.438273475 0.007014 -0.0561863219506683
312612.185356082 0.008016 -0.0544061175389444
312922.932438688 0.009018 -0.0672522205505156
313233.679521295 0.01002 -0.0359380196771069
313544.426603902 0.011022 -0.0574650303056229
313855.173686509 0.012024 -0.0520857927829453
314165.920769115 0.013026 -0.0544311357342689
314476.667851722 0.014028 -0.0469947630067033
314787.414934329 0.01503 -0.0514920663167619
315098.162016936 0.016032 -0.0413966665097467
315408.909099543 0.017034 -0.0494239461467869
315719.656182149 0.018036 -0.0363257117845866
316030.403264756 0.019038 -0.0446973010937207
316341.150347363 0.02004 -0.0584865424134514
316651.89742997 0.021042 -0.0559327834786456
316962.644512577 0.022044 -0.0410614582862472
317273.391595183 0.023046 -0.0230751514440508
317584.13867779 0.024048 -0.0630986050198013
317894.885760397 0.02505 -0.0411724921317225
318205.632843004 0.026052 -0.0447946158060065
318516.37992561 0.027054 -0.0584430478123762
318827.127008217 0.028056 -0.0307905590537243
319137.874090824 0.029058 -0.0287161639052387
319448.621173431 0.03006 -0.0114574252136693
319759.368256038 0.031062 -0.0356782370581344
320070.115338644 0.032064 -0.0462887772236286
320380.862421251 0.033066 -0.027900933483749
320691.609503858 0.034068 -0.0322546203023152
321002.356586465 0.03507 -0.0344053543306435
321313.103669072 0.036072 -0.0588442751645924
321623.850751678 0.037074 -0.0155280335747302
321934.597834285 0.038076 -0.050012742796388
322245.344916892 0.039078 -0.0474033021751645
322556.091999499 0.04008 -0.0286071165825721
322866.839082105 0.041082 -0.0300411549501521
323177.586164712 0.042084 -0.0582220545490007
323488.333247319 0.043086 -0.0401404348976455
323799.080329926 0.044088 -0.0352679174271067
324109.827412533 0.04509 -0.00725590257399459
324420.574495139 0.046092 -0.0652858362544912
324731.321577746 0.047094 -0.0400829525869371
325042.068660353 0.048096 -0.0224341207590635
325352.81574296 0.049098 -0.045653124772112
325663.562825567 0.0501 -0.0529922350839154
325974.309908173 0.051102 -0.0384509353428987
326285.05699078 0.052104 -0.0434156516383008
326595.804073387 0.053106 -0.0505721732225775
326906.551155994 0.054108 -0.0435553803389245
327217.2982386 0.05511 -0.0350171213743105
327528.045321207 0.056112 -0.0475787570392001
327838.792403814 0.057114 -0.0555133210675168
328149.539486421 0.058116 -0.0559980420285651
328460.286569028 0.059118 -0.0227466721869145
328771.033651634 0.06012 -0.0288292807615355
329081.780734241 0.061122 -0.0392068682519986
329392.527816848 0.062124 -0.0184767513905548
329703.274899455 0.063126 -0.0406122948047601
330014.021982062 0.064128 -0.0121323169876297
330324.769064668 0.06513 -0.034954950781855
330635.516147275 0.066132 -0.0379870098910441
330946.263229882 0.067134 -0.0555584725482627
331257.010312489 0.068136 -0.0274548460833761
331567.757395095 0.069138 -0.0508612505306331
331878.504477702 0.07014 -0.0686227503070423
332189.251560309 0.071142 -0.0295845364024276
332499.998642916 0.072144 -0.0454681331319702
332810.745725522 0.073146 -0.0179690281976351
333121.492808129 0.074148 -0.0501549625182844
333432.239890736 0.07515 -0.0501155262940529
333742.986973343 0.076152 0.00474184162789104
334053.73405595 0.077154 -0.0468013428863267
334364.481138556 0.078156 -0.0123941802862515
334675.228221163 0.079158 -0.0108596491740883
334985.97530377 0.08016 -0.0250585756428828
335296.722386377 0.081162 -0.034117136221862
335607.469468984 0.082164 -0.021216273377129
335918.21655159 0.083166 -0.0379442096645386
336228.963634197 0.084168 -0.035183193835741
336539.710716804 0.08517 -0.0112840834215595
336850.457799411 0.086172 -0.0194811749716824
337161.204882018 0.087174 -0.0470645408338969
337471.951964624 0.088176 -0.0490102939891405
337782.699047231 0.089178 -0.0545046411509333
338093.446129838 0.09018 -0.0285245174071774
338404.193212445 0.091182 -0.0345656768379928
338714.940295051 0.092184 -0.0609199049886512
339025.687377658 0.093186 -0.0283048174849612
339336.434460265 0.094188 -0.0046985383284721
339647.181542872 0.09519 -0.0434879782414192
339957.928625478 0.096192 -0.017245401270203
340268.675708085 0.097194 -0.0124979776349188
340579.422790692 0.098196 -0.050183190678475
340890.169873299 0.099198 -0.0192990999153252
341200.916955906 0.1002 -0.0349369160477561
341511.664038512 0.101202 -0.026045018148122
341822.411121119 0.102204 -0.0415233712766473
342133.158203726 0.103206 -0.0207454136162489
342443.905286333 0.104208 -0.0147303501290917
342754.65236894 0.10521 -0.0263126820865867
343065.399451546 0.106212 -0.0115906935462671
343376.146534153 0.107214 -0.0435275498077846
343686.89361676 0.108216 -0.0370050815444512
343997.640699367 0.109218 -0.0166536513634376
344308.387781973 0.11022 -0.0357701412235665
344619.13486458 0.111222 -0.0459265571815268
344929.881947187 0.112224 -0.0184862883069745
345240.629029794 0.113226 -0.0383396570990702
345551.376112401 0.114228 -0.0412063677980735
345862.123195007 0.11523 -0.0493632531771658
346172.870277614 0.116232 -0.0118960279469845
346483.617360221 0.117234 -0.00145372898822086
346794.364442828 0.118236 -0.0330422124307157
347105.111525435 0.119238 -0.0250065584076357
347415.858608041 0.12024 0.00170885846102092
347726.605690648 0.121242 -0.0528443073071505
348037.352773255 0.122244 0.000210678653144591
348348.099855862 0.123246 -0.0693220264546257
348658.846938468 0.124248 -0.0275088345406229
348969.594021075 0.12525 -0.0457866328714959
349280.341103682 0.126252 -0.0323334257040414
349591.088186289 0.127254 -0.0293342212614085
349901.835268896 0.128256 -0.0444269676231737
350212.582351502 0.129258 -0.0176318587377618
350523.329434109 0.13026 -0.0256771335214728
350834.076516716 0.131262 -0.0359562452346414
351144.823599323 0.132264 -0.031361771902912
351455.570681929 0.133266 -0.0295958708572099
351766.317764536 0.134268 -0.0262416558698653
352077.064847143 0.13527 -0.034289718173275
352387.81192975 0.136272 -0.0347685472496149
352698.559012357 0.137274 -0.0288095232294062
353009.306094963 0.138276 -0.0268155909694586
353320.05317757 0.139278 -0.0323707512862181
353630.800260177 0.14028 -0.00421568654702456
353941.547342784 0.141282 -0.0468755027542972
354252.294425391 0.142284 -0.0304554418252168
354563.041507997 0.143286 -0.023663529206392
354873.788590604 0.144288 0.000942235964905207
355184.535673211 0.14529 -0.00936477651040708
355495.282755818 0.146292 0.00324947175501171
355806.029838425 0.147294 -0.028333690691295
356116.776921031 0.148296 -0.0483898027349808
356427.524003638 0.149298 -0.0405870607994703
356738.271086245 0.1503 -0.0245545915489458
357049.018168852 0.151302 -0.0474647939499588
357359.765251458 0.152304 0.00205337486590099
357670.512334065 0.153306 -0.0255472745843104
357981.259416672 0.154308 -0.0359891756077479
358292.006499279 0.15531 -0.0158344796010844
358602.753581885 0.156312 -0.0132982874649897
358913.500664492 0.157314 -0.0300635467678075
359224.247747099 0.158316 -0.0395897566524251
359534.994829706 0.159318 -0.0151435510462926
359845.741912313 0.16032 -0.0285174475130047
360156.488994919 0.161322 -0.0424932707371564
360467.236077526 0.162324 -0.0486162272394371
360777.983160133 0.163326 -0.0123672215725643
361088.73024274 0.164328 -0.0475125470793542
361399.477325347 0.16533 -0.010916485723102
361710.224407953 0.166332 -0.0321912699039621
362020.97149056 0.167334 -0.0274024000950494
362331.718573167 0.168336 -0.0293197198644919
362642.465655774 0.169338 -0.0133096214356472
362953.21273838 0.17034 -0.0227805934110136
363263.959820987 0.171342 -0.0315298290085535
363574.706903594 0.172344 -0.0196931772302111
363885.453986201 0.173346 -0.0178700358560776
364196.201068808 0.174348 -0.00835110447165319
364506.948151414 0.17535 -0.00146132513126951
364817.695234021 0.176352 -0.0227037532695848
365128.442316628 0.177354 -0.0274274539917614
365439.189399235 0.178356 -0.0282989622517553
365749.936481841 0.179358 -0.024656171755854
366060.683564448 0.18036 -0.0242139375192072
366371.430647055 0.181362 -0.0263432919123239
366682.177729662 0.182364 -0.00589746090822214
366992.924812269 0.183366 -0.0186474673078292
367303.671894875 0.184368 -0.0205522325725687
367614.418977482 0.18537 -0.0208788462483851
367925.166060089 0.186372 -0.0203288711200012
368235.913142696 0.187374 -0.0436815564409675
368546.660225303 0.188376 -0.0285122735164321
368857.407307909 0.189378 -0.0149776112766508
369168.154390516 0.19038 -0.00617433005460391
369478.901473123 0.191382 -0.0217620878418592
369789.64855573 0.192384 -0.0292263168203873
370100.395638336 0.193386 -0.0120911744457138
370411.142720943 0.194388 -0.0190136182751946
370721.88980355 0.19539 -0.0658624260739784
371032.636886157 0.196392 -0.0222278029838813
371343.383968764 0.197394 -0.0168987692494347
371654.13105137 0.198396 -0.0150911864601329
371964.878133977 0.199398 -0.0381731924858884
372275.625216584 0.2004 0.00120131600821429
372586.372299191 0.201402 -0.0251473984054736
372897.119381798 0.202404 -0.00385452236837621
373207.866464404 0.203406 -0.0561362064141987
373518.613547011 0.204408 -0.0330302615783048
373829.360629618 0.20541 -0.023768257448404
374140.107712225 0.206412 -0.0097261869785357
374450.854794831 0.207414 -0.0381718778570543
374761.601877438 0.208416 -0.00668343106570725
375072.348960045 0.209418 -0.0124468537417368
375383.096042652 0.21042 0.00789908971093554
375693.843125259 0.211422 -0.0183166516185923
376004.590207865 0.212424 -0.0208665212747044
376315.337290472 0.213426 -0.0360169934792628
376626.084373079 0.214428 -0.0293955631581371
376936.831455686 0.21543 -0.0243251790692685
377247.578538292 0.216432 -0.0156548571605811
377558.325620899 0.217434 -0.044641315451889
377869.072703506 0.218436 -0.00507610631994146
378179.819786113 0.219438 -0.0278924621367819
378490.56686872 0.22044 0.0101408236864996
378801.313951326 0.221442 -0.0407564906846451
379112.061033933 0.222444 -0.0570181286198621
379422.80811654 0.223446 -0.0183985915893114
379733.555199147 0.224448 -0.0176461139025506
380044.302281754 0.22545 -0.0144766841854572
380355.04936436 0.226452 -0.0194245532415931
380665.796446967 0.227454 -0.0399539390262038
380976.543529574 0.228456 -0.0056792333344752
381287.290612181 0.229458 -0.0203347899420427
381598.037694787 0.23046 -0.035959125350225
381908.784777394 0.231462 -0.0375247383079292
382219.531860001 0.232464 -0.0179018550413404
382530.278942608 0.233466 -0.0388592079715457
382841.026025215 0.234468 -0.0205885476378004
383151.773107821 0.23547 -0.0355534836332344
383462.520190428 0.236472 -0.00715902227736933
383773.267273035 0.237474 -0.00606390259054019
384084.014355642 0.238476 -0.029885125845181
384394.761438248 0.239478 -0.0164941694657834
384705.508520855 0.24048 -0.0059225879885348
385016.255603462 0.241482 -0.0212006112633548
385327.002686069 0.242484 0.00281610527430954
385637.749768676 0.243486 -0.0354253696722923
385948.496851282 0.244488 -0.0389318038909991
386259.243933889 0.24549 -0.0139401032985112
386569.991016496 0.246492 -0.0257256314602919
386880.738099103 0.247494 -0.0299414551803123
387191.48518171 0.248496 -0.00025817598315327
387502.232264316 0.249498 -0.0219943297225768
387812.979346923 0.2505 -0.00212633201720889
388123.72642953 0.251502 -0.0152371953156778
388434.473512137 0.252504 -0.00976135815005031
388745.220594743 0.253506 -0.023152297128387
389055.96767735 0.254508 -0.0215943097885057
389366.714759957 0.25551 -0.0371202255125413
389677.461842564 0.256512 -0.0302324218020088
389988.208925171 0.257514 -0.0239112544245649
390298.956007777 0.258516 -0.00676852835097877
390609.703090384 0.259518 -0.0169098620763378
390920.450172991 0.26052 0.000338113812199772
391231.197255598 0.261522 -0.011441425867966
391541.944338204 0.262524 -0.0152596035078426
391852.691420811 0.263526 -0.0140590415453957
392163.438503418 0.264528 -0.00138585945032048
392474.185586025 0.26553 -0.0491337509169325
392784.932668632 0.266532 -0.0245918138762261
393095.679751238 0.267534 -0.0373148697818212
393406.426833845 0.268536 -0.00995588697884051
393717.173916452 0.269538 0.0121688532440736
394027.920999059 0.27054 -0.0219533908974701
394338.668081666 0.271542 -0.0224848449443637
394649.415164272 0.272544 -0.0172530064248664
394960.162246879 0.273546 -0.018587600984256
395270.909329486 0.274548 -0.0346012753881103
395581.656412093 0.27555 -0.02622286368668
395892.403494699 0.276552 -0.0264739572633497
396203.150577306 0.277554 0.0149905699492489
396513.897659913 0.278556 0.00217706224296179
396824.64474252 0.279558 -0.0250949718058986
397135.391825127 0.28056 -0.0117946998488548
397446.138907733 0.281562 0.00507187216794393
397756.88599034 0.282564 -0.0188459677119275
398067.633072947 0.283566 -0.0179851912141241
398378.380155554 0.284568 -0.0233613479179617
398689.127238161 0.28557 -0.0389742311297116
398999.874320767 0.286572 -0.0286827720629381
399310.621403374 0.287574 -0.0101165503600465
399621.368485981 0.288576 -0.0252017397155226
399932.115568588 0.289578 -0.0278856518362668
400242.862651194 0.29058 -0.0188575677103609
400553.609733801 0.291582 -0.0187752819321742
400864.356816408 0.292584 -0.0338662727552819
401175.103899015 0.293586 -0.0175494664009677
401485.850981622 0.294588 -0.00214482624331246
401796.598064228 0.29559 -0.0297010135470323
402107.345146835 0.296592 -0.00856771473562827
402418.092229442 0.297594 -0.00558816518878065
402728.839312049 0.298596 0.00112962037549413
403039.586394655 0.299598 -0.0276161873051796
403350.333477262 0.3006 -0.0233859347662268
403661.080559869 0.301602 -0.019617893427897
403971.827642476 0.302604 -0.00953147961247219
404282.574725083 0.303606 -0.0073969964652908
404593.321807689 0.304608 -0.03565108477387
404904.068890296 0.30561 -0.0142561972169682
405214.815972903 0.306612 -0.0320294437448772
405525.56305551 0.307614 -0.0139870792753149
405836.310138117 0.308616 -0.0235020621004503
406147.057220723 0.309618 0.0030569212539413
406457.80430333 0.31062 -0.0216423321049759
406768.551385937 0.311622 -0.00494843039426716
407079.298468544 0.312624 -0.00595838632088133
407390.045551151 0.313626 -0.00160602535698305
407700.792633757 0.314628 -0.0217954170646762
408011.539716364 0.31563 -0.0276426741123419
408322.286798971 0.316632 -0.0197268352163457
408633.033881577 0.317634 -0.0154895979655483
408943.780964184 0.318636 0.00859744769829439
409254.528046791 0.319638 -0.0111150796865184
409565.275129398 0.32064 -0.0299889047448494
409876.022212005 0.321642 -0.0242050233347125
410186.769294611 0.322644 -0.0148715126159815
410497.516377218 0.323646 -0.0179442960674729
410808.263459825 0.324648 -0.0290618466157674
411119.010542432 0.32565 -0.0170269510861781
411429.757625039 0.326652 0.00840423782419071
411740.504707645 0.327654 -0.0367588747578531
412051.251790252 0.328656 -0.0361447075156907
412361.998872859 0.329658 -0.0206704429991479
412672.745955466 0.33066 -0.0310574278069502
412983.493038073 0.331662 -0.0208123218100164
413294.240120679 0.332664 -0.000759859633186326
413604.987203286 0.333666 -0.0191044763219537
413915.734285893 0.334668 -0.0221814685117008
414226.4813685 0.33567 -0.0263527600541851
414537.228451106 0.336672 -0.00629041969840991
414847.975533713 0.337674 -0.0157358937456626
415158.72261632 0.338676 0.00387783709720876
415469.469698927 0.339678 -0.00620405084290846
415780.216781534 0.34068 -0.023202011891552
416090.96386414 0.341682 -0.0163657772119327
416401.710946747 0.342684 0.00404140679046074
416712.458029354 0.343686 -0.0086480799102603
417023.205111961 0.344688 -0.0184213794932392
417333.952194567 0.34569 -0.0215411171494689
417644.699277174 0.346692 -0.0226923111443277
417955.446359781 0.347694 -0.0159015135213475
418266.193442388 0.348696 -0.00373071972444211
418576.940524995 0.349698 -0.0125223061166551
418887.687607601 0.3507 -0.00381279670750569
419198.434690208 0.351702 -0.0130562482508598
419509.181772815 0.352704 -0.0108664772880123
419819.928855422 0.353706 0.000577962911748007
420130.675938029 0.354708 -0.00878912266014009
420441.423020635 0.35571 -0.0198209147686514
420752.170103242 0.356712 -0.0109777500846122
421062.917185849 0.357714 -0.0179731993294458
421373.664268456 0.358716 -0.00996935248549812
421684.411351062 0.359718 -0.0376644848342738
421995.158433669 0.36072 -0.0128061519110004
422305.905516276 0.361722 -0.00611037635552149
422616.652598883 0.362724 0.00372056236070578
422927.39968149 0.363726 -0.0266532256390313
423238.146764096 0.364728 -0.00680505237715247
423548.893846703 0.36573 -0.0121274594041478
423859.64092931 0.366732 -0.00581866842587993
424170.388011917 0.367734 -0.0003907758363889
424481.135094524 0.368736 -0.00814158522294113
424791.88217713 0.369738 -0.00995680763769669
425102.629259737 0.37074 -0.00911619712201033
425413.376342344 0.371742 -0.0100869242467747
425724.123424951 0.372744 -0.0156139204491333
426034.870507557 0.373746 -0.0122505604045643
426345.617590164 0.374748 -0.00451433443789827
426656.364672771 0.37575 -0.0369240357619631
426967.111755378 0.376752 -0.00994210337176294
427277.858837985 0.377754 -0.0198221378814923
427588.605920591 0.378756 -0.0260692001837837
427899.353003198 0.379758 0.0175801534941154
428210.100085805 0.38076 -0.00915448555119606
428520.847168412 0.381762 -0.0305627693091659
428831.594251018 0.382764 -0.00844755054800331
429142.341333625 0.383766 -0.00845541778317971
429453.088416232 0.384768 -0.0202178774887546
429763.835498839 0.38577 -0.00816947782608698
430074.582581446 0.386772 -0.0335791901847279
430385.329664052 0.387774 -0.0148406501800046
430696.076746659 0.388776 -0.00246102284983309
431006.823829266 0.389778 -0.0126812334917086
431317.570911873 0.39078 -0.00388740545077875
431628.31799448 0.391782 -0.00537068697676641
431939.065077086 0.392784 -0.0187655059563198
432249.812159693 0.393786 0.0109273384406299
432560.5592423 0.394788 -0.0187651650297257
432871.306324907 0.39579 -0.00352112604412884
433182.053407513 0.396792 -0.0172541799693944
433492.80049012 0.397794 -0.00783280735867322
433803.547572727 0.398796 -0.0231746043480169
434114.294655334 0.399798 0.00333054852045866
434425.041737941 0.4008 0.0180379781269928
434735.788820547 0.401802 -0.00425077658533801
435046.535903154 0.402804 -0.0262060826158324
435357.282985761 0.403806 0.00880746837523997
435668.030068368 0.404808 -0.017770620819293
435978.777150974 0.40581 -0.00346482582375348
436289.524233581 0.406812 -0.0135355213350185
436600.271316188 0.407814 -0.00991221605464662
436911.018398795 0.408816 -0.0328625130190215
437221.765481402 0.409818 -0.0153724448766341
437532.512564008 0.41082 -0.0159555470277522
437843.259646615 0.411822 -0.0185792384865067
438154.006729222 0.412824 -0.0163585670363332
438464.753811829 0.413826 -0.00976315906857359
438775.500894436 0.414828 0.00370193998825331
439086.247977042 0.41583 -0.0179583724050696
439396.995059649 0.416832 -0.0239273117051665
439707.742142256 0.417834 -0.00283336234108726
440018.489224863 0.418836 -0.000959804770872564
440329.236307469 0.419838 -0.0111840990956811
440639.983390076 0.42084 -0.0178158718281141
440950.730472683 0.421842 0.00521971904047827
441261.47755529 0.422844 -0.0171997685112873
441572.224637896 0.423846 -0.00895756168276629
441882.971720503 0.424848 -0.00557832472064
442193.71880311 0.42585 0.00756603317071348
442504.465885717 0.426852 -0.01237378690901
442815.212968324 0.427854 -0.0179150013869437
443125.96005093 0.428856 -0.00493902977415633
443436.707133537 0.429858 -0.00942657500616761
443747.454216144 0.43086 -0.0145650818896842
444058.201298751 0.431862 -0.00968175839654024
444368.948381358 0.432864 -0.000763168130749283
444679.695463964 0.433866 -0.0171868164823784
444990.442546571 0.434868 -0.020410549819046
445301.189629178 0.43587 -0.0163490489442121
445611.936711785 0.436872 -0.0294887894221146
445922.683794392 0.437874 -0.00124102657975986
446233.430876998 0.438876 0.0121197539415592
446544.177959605 0.439878 0.000976967139441212
446854.925042212 0.44088 -0.00352449535458577
447165.672124819 0.441882 -0.000660841999009388
447476.419207425 0.442884 -0.0198130657356998
447787.166290032 0.443886 0.00441992574738483
448097.913372639 0.444888 0.0132605113533579
448408.660455246 0.44589 -0.0262629590181735
448719.407537853 0.446892 -0.0244168863089694
449030.154620459 0.447894 -0.027029604295263
449340.901703066 0.448896 -0.0245212743061597
449651.648785673 0.449898 -0.00828898202313172
449962.39586828 0.4509 -0.0114486582340456
450273.142950887 0.451902 0.00325413912673431
450583.890033493 0.452904 0.00407623299376448
450894.6371161 0.453906 0.00370519440714875
451205.384198707 0.454908 -2.20686595753415e-05
451516.131281314 0.45591 0.0121120377801528
451826.87836392 0.456912 0.00840639328061238
452137.625446527 0.457914 0.00505648681600549
452448.372529134 0.458916 -0.023545699687153
452759.119611741 0.459918 -0.0154295748599622
453069.866694348 0.46092 -0.0086588583057508
453380.613776954 0.461922 -0.0231730869361638
453691.360859561 0.462924 -0.00653841705462061
454002.107942168 0.463926 -0.00198212246589126
454312.855024775 0.464928 -0.0139500386148344
454623.602107381 0.46593 0.00767316296223954
454934.349189988 0.466932 -0.00700342655460286
455245.096272595 0.467934 0.00691782109917089
455555.843355202 0.468936 -0.00110180624147218
455866.590437809 0.469938 0.00221617608586155
456177.337520415 0.47094 -0.000475650924767575
456488.084603022 0.471942 -0.0072539725662397
456798.831685629 0.472944 -0.000926872525840798
457109.578768236 0.473946 -0.0146098245952977
457420.325850843 0.474948 -0.00883542831199464
457731.072933449 0.47595 0.000998862741984632
458041.820016056 0.476952 0.0077581591705707
458352.567098663 0.477954 -0.00586033241206338
458663.31418127 0.478956 -0.0114425969677989
458974.061263876 0.479958 -0.0145067919172623
459284.808346483 0.48096 0.00564764401477526
459595.55542909 0.481962 0.00162054302540762
459906.302511697 0.482964 -0.00368670691745273
460217.049594303 0.483966 -0.00852636669982618
460527.79667691 0.484968 -0.015636869063384
460838.543759517 0.48597 -0.00586048183613158
461149.290842124 0.486972 -0.00840264214762656
461460.037924731 0.487974 0.0021412917284853
461770.785007337 0.488976 -0.00412528985403975
462081.532089944 0.489978 -0.0120106793148589
462392.279172551 0.49098 -0.00232223756487837
462703.026255158 0.491982 -0.0253411484124856
463013.773337765 0.492984 -0.0162259312642616
463324.520420371 0.493986 -0.0109328393312468
463635.267502978 0.494988 -5.03654600871458e-05
463946.014585585 0.49599 -0.0101859577460156
464256.761668192 0.496992 -0.00338825712980929
464567.508750799 0.497994 0.00275825953821504
464878.255833405 0.498996 -0.00108984764541259
465189.002916012 0.499998 -0.0174466381741994
465499.749998619 0.501 0.00272145372817638
465810.497081226 0.502002 -0.023585818886753
466121.244163832 0.503004 0.00453498738138402
466431.991246439 0.504006 -0.0131274943589257
466742.738329046 0.505008 0.00528527195591597
467053.485411653 0.50601 -0.0234277995546053
467364.23249426 0.507012 -0.0126992658104661
467674.979576866 0.508014 -0.0193412514154899
467985.726659473 0.509016 0.0138256902794459
468296.47374208 0.510018 0.000972565872232615
468607.220824687 0.51102 -0.00149737004889804
468917.967907293 0.512022 0.00160739972078146
469228.7149899 0.513024 6.47194090850592e-05
469539.462072507 0.514026 0.000107577778665765
469850.209155114 0.515028 0.0148584365580177
470160.956237721 0.51603 0.0110074835811128
470471.703320327 0.517032 -0.0159023557976638
470782.450402934 0.518034 -0.0297167833769731
471093.197485541 0.519036 0.0123239521038877
471403.944568148 0.520038 0.00544416640824401
471714.691650754 0.52104 -0.00438940158739173
472025.438733361 0.522042 -0.00394544725847784
472336.185815968 0.523044 -0.00179888264856621
472646.932898575 0.524046 0.0121261788623549
472957.679981182 0.525048 -0.0121024379402212
473268.427063788 0.52605 -0.00549947536396845
473579.174146395 0.527052 0.0170447913398467
473889.921229002 0.528054 -0.0235047273030584
474200.668311609 0.529056 -0.0124320605005718
474511.415394216 0.530058 -0.0139704865147559
474822.162476822 0.53106 -0.0131866728097469
475132.909559429 0.532062 -0.00516787585711827
475443.656642036 0.533064 0.00514685902808469
475754.403724643 0.534066 -0.0158043786768775
476065.15080725 0.535068 -0.0171434923331789
476375.897889856 0.53607 -0.0101582814945799
476686.644972463 0.537072 -0.00995666486139645
476997.39205507 0.538074 -0.0040031558398684
477308.139137677 0.539076 -0.00303468591642899
477618.886220283 0.540078 -0.00772304170463463
477929.63330289 0.54108 -0.00556788297921603
478240.380385497 0.542082 -0.0352415254781404
478551.127468104 0.543084 -0.0304427660253316
478861.87455071 0.544086 0.00175037791870331
479172.621633317 0.545088 -0.00295649164230288
479483.368715924 0.54609 0.0141511514421549
479794.115798531 0.547092 -0.0229239706311555
480104.862881138 0.548094 0.00481775185575142
480415.609963744 0.549096 -0.0197845383280887
480726.357046351 0.550098 0.00639488517074676
481037.104128958 0.5511 0.0121860308044658
481347.851211565 0.552102 -0.0125177150545666
481658.598294172 0.553104 -0.00800604014939933
481969.345376778 0.554106 -0.0215115388062524
482280.092459385 0.555108 -0.014600635924724
482590.839541992 0.55611 -0.0102204567441662
482901.586624599 0.557112 0.0195200232819693
483212.333707206 0.558114 0.000201955312638413
483523.080789812 0.559116 -0.0198914287616985
483833.827872419 0.560118 0.0113618244771919
484144.574955026 0.56112 -0.0115456500777993
484455.322037633 0.562122 -0.00792907179513852
484766.069120239 0.563124 -0.00329762815644086
485076.816202846 0.564126 -0.0125129533914267
485387.563285453 0.565128 -0.0134153706565817
485698.31036806 0.56613 -0.0138050576092737
486009.057450666 0.567132 -0.00538424493304718
486319.804533273 0.568134 -0.00256201262578907
486630.55161588 0.569136 0.00146111993936944
486941.298698487 0.570138 0.0169785687631937
487252.045781094 0.57114 -0.0105750951022277
487562.7928637 0.572142 -0.0148754109929441
487873.539946307 0.573144 -0.0175592116050456
488184.287028914 0.574146 -0.0298771102914324
488495.034111521 0.575148 -0.00759173885166699
488805.781194128 0.57615 -0.0147360777832426
489116.528276734 0.577152 -0.0175477507671902
489427.275359341 0.578154 0.0030398090945388
489738.022441948 0.579156 -0.0210465978521931
490048.769524555 0.580158 -0.00644031271102862
490359.516607161 0.58116 -0.0223430122656103
490670.263689768 0.582162 0.00436843324586678
490981.010772375 0.583164 -0.00329914943516286
491291.757854982 0.584166 -0.0157686306849606
491602.504937589 0.585168 0.0036294816762986
491913.252020195 0.58617 0.00310096683295873
492223.999102802 0.587172 0.00996879328941174
492534.746185409 0.588174 -0.0109835062267944
492845.493268016 0.589176 -0.0124427080159913
493156.240350622 0.590178 -0.0101315541205802
493466.987433229 0.59118 -0.0179411867453865
493777.734515836 0.592182 0.0016179476161682
494088.481598443 0.593184 -0.000770974057557927
494399.22868105 0.594186 0.0210713137808836
494709.975763656 0.595188 -0.000256891491175117
495020.722846263 0.59619 -0.000327997290795459
495331.46992887 0.597192 0.00228478224878902
495642.217011477 0.598194 -0.00688566848573734
495952.964094084 0.599196 -0.0206432573687471
496263.71117669 0.600198 -0.0216374549553451
496574.458259297 0.6012 -0.00528469419300806
496885.205341904 0.602202 -0.00525399077164077
497195.952424511 0.603204 0.00606938347972553
497506.699507118 0.604206 -4.73655318993058e-06
497817.446589724 0.605208 -0.00947480386044323
498128.193672331 0.60621 -0.00206591458611854
498438.940754938 0.607212 0.00398772539267974
498749.687837545 0.608214 -0.019701347661984
499060.434920151 0.609216 -0.00961449580839738
499371.182002758 0.610218 0.000979485719223902
499681.929085365 0.61122 -0.00493263311758445
499992.676167972 0.612222 -0.00606463747571518
500303.423250579 0.613224 -0.0111775730791742
500614.170333185 0.614226 -0.0161374520867824
500924.917415792 0.615228 -0.0281267403342904
501235.664498399 0.61623 0.0160397212585645
501546.411581006 0.617232 0.00569772049612957
501857.158663613 0.618234 -0.0218431518583555
502167.905746219 0.619236 0.00740263691801692
502478.652828826 0.620238 0.008624141415831
502789.399911433 0.62124 -0.0137135657688679
503100.14699404 0.622242 0.00813955702719525
503410.894076646 0.623244 -0.00943228521637181
503721.641159253 0.624246 -0.00182646089105476
504032.38824186 0.625248 0.00384462062686301
504343.135324467 0.62625 0.00350035329806341
504653.882407074 0.627252 -0.00231062618156965
504964.62948968 0.628254 -0.00803143746293835
505275.376572287 0.629256 -0.0126183910030922
505586.123654894 0.630258 0.00661976008878802
505896.870737501 0.63126 -0.0014192369506866
506207.617820107 0.632262 0.00185096032206075
506518.364902714 0.633264 0.00143954441482669
506829.111985321 0.634266 0.00337722364452146
507139.859067928 0.635268 0.0120014391115878
507450.606150535 0.63627 -0.0136389783411549
507761.353233141 0.637272 -0.0162189299167009
508072.100315748 0.638274 -0.00555844481197964
508382.847398355 0.639276 0.00150688584942028
508693.594480962 0.640278 -0.0155542172758704
509004.341563569 0.64128 0.0084924448515505
509315.088646175 0.642282 -0.0065024048212964
509625.835728782 0.643284 -0.000728814246280974
509936.582811389 0.644286 0.00316437454305223
510247.329893996 0.645288 -0.00625682894275763
510558.076976602 0.64629 0.0181520403260263
510868.824059209 0.647292 -0.00267188248490381
511179.571141816 0.648294 0.0140534215320547
511490.318224423 0.649296 -0.0124818685967533
511801.065307029 0.650298 -0.0215415013961031
512111.812389636 0.6513 0.00153491030869502
512422.559472243 0.652302 0.0128191236912717
512733.30655485 0.653304 -0.00676923404658958
513044.053637457 0.654306 0.0047621540603119
513354.800720063 0.655308 0.00101313836203843
513665.54780267 0.65631 -0.010387714027481
513976.294885277 0.657312 -0.00374446590253578
514287.041967884 0.658314 0.000448090503404462
514597.789050491 0.659316 -0.00982911495992679
514908.536133097 0.660318 -0.0129806955617901
515219.283215704 0.66132 0.000451145125008185
515530.030298311 0.662322 0.00932887053746699
515840.777380918 0.663324 0.00234762199076926
516151.524463525 0.664326 0.00664718954856643
516462.271546131 0.665328 -0.00448746197413927
516773.018628738 0.66633 0.00525334072783575
517083.765711345 0.667332 -0.0122597965086794
517394.512793952 0.668334 -0.00345503306711278
517705.259876558 0.669336 -0.000218933213332202
518016.006959165 0.670338 -0.00721360385333708
518326.754041772 0.67134 -0.00547281101529963
518637.501124379 0.672342 -0.00868829953818465
518948.248206986 0.673344 -0.0133424510729796
519258.995289592 0.674346 -0.000679851098100727
519569.742372199 0.675348 0.011070547721336
519880.489454806 0.67635 0.00393101601217873
520191.236537413 0.677352 -0.00542453897423287
520501.983620019 0.678354 -0.01673375407994
520812.730702626 0.679356 -0.00136217350351487
521123.477785233 0.680358 0.0138414092545735
521434.22486784 0.68136 0.00519956196549071
521744.971950447 0.682362 -0.0211441070134428
522055.719033053 0.683364 -0.0093102682000963
522366.46611566 0.684366 0.0186241432370905
522677.213198267 0.685368 -0.0108959857128926
522987.960280874 0.68637 -0.00680575184118155
523298.70736348 0.687372 -0.0160555229005078
523609.454446087 0.688374 -0.0056073286954271
523920.201528694 0.689376 -0.0132066299640529
524230.948611301 0.690378 0.0182282869279691
524541.695693908 0.69138 0.00411408438159187
524852.442776514 0.692382 -0.0134316560190211
525163.189859121 0.693384 0.006057303442131
525473.936941728 0.694386 -0.0115679252403473
525784.684024335 0.695388 0.00821311644997786
526095.431106942 0.69639 0.0156941472690404
526406.178189548 0.697392 -0.00104489669475073
526716.925272155 0.698394 -0.0134909177022728
527027.672354762 0.699396 -0.00111421724463126
527338.419437369 0.700398 0.0128416743204809
527649.166519975 0.7014 0.00329230620894049
527959.913602582 0.702402 0.00371988057166146
528270.660685189 0.703404 5.08389236523475e-05
528581.407767796 0.704406 -0.0294719464552427
528892.154850402 0.705408 -0.000757664193208373
529202.901933009 0.70641 0.0196553847571127
529513.649015616 0.707412 0.0038881599357035
529824.396098223 0.708414 -0.0126487472646669
530135.14318083 0.709416 0.00415551639884757
530445.890263436 0.710418 -0.00973308739598749
530756.637346043 0.71142 -0.0132481620086877
531067.38442865 0.712422 0.00904149686530953
531378.131511257 0.713424 -0.00338343077099026
531688.878593864 0.714426 -0.00904534812238345
531999.62567647 0.715428 -0.00396831495240006
532310.372759077 0.71643 -0.00225523040367388
532621.119841684 0.717432 -0.00958247774880521
532931.866924291 0.718434 -0.0264551181916278
533242.614006898 0.719436 0.0145652342720784
533553.361089504 0.720438 -0.00469413804370021
533864.108172111 0.72144 0.00464429043721693
534174.855254718 0.722442 0.00751049503532266
534485.602337325 0.723444 -0.00227155944441195
534796.349419932 0.724446 5.53383191564217e-05
535107.096502538 0.725448 -0.0120285959244847
535417.843585145 0.72645 0.00425603461353968
535728.590667752 0.727452 -0.00185443302642427
536039.337750359 0.728454 -0.000809561688538828
536350.084832965 0.729456 -0.00054088957881678
536660.831915572 0.730458 -0.0102908115681333
536971.578998179 0.73146 0.00189214727701287
537282.326080786 0.732462 0.00429801491404389
537593.073163392 0.733464 -0.00679840088819625
537903.820245999 0.734466 0.00444028286592664
538214.567328606 0.735468 -0.000303053042925295
538525.314411213 0.73647 -0.0129054932388376
538836.06149382 0.737472 0.00024583873793523
539146.808576426 0.738474 0.00268205348094437
539457.555659033 0.739476 0.00266679015989352
539768.30274164 0.740478 -0.0127631712544842
540079.049824247 0.74148 -0.00420442665735947
540389.796906854 0.742482 -0.00702210402575386
540700.54398946 0.743484 0.0140715024395691
541011.291072067 0.744486 0.00772559240342976
541322.038154674 0.745488 0.0112007651190658
541632.785237281 0.74649 0.00831226813781061
541943.532319888 0.747492 -0.00260272493516393
542254.279402494 0.748494 0.00545710625117156
542565.026485101 0.749496 0.00717928079711431
542875.773567708 0.750498 2.01598481391702e-05
543186.520650315 0.7515 0.00718240712385755
543497.267732921 0.752502 -0.0075704914929968
543808.014815528 0.753504 -0.00998151672437762
544118.761898135 0.754506 0.00869036762942142
544429.508980742 0.755508 -0.00365174073172992
544740.256063349 0.75651 0.0148127790578586
545051.003145955 0.757512 0.000688454388546619
545361.750228562 0.758514 0.00355095744977602
545672.497311169 0.759516 -0.00429721928601117
545983.244393776 0.760518 -0.00436291877095753
546293.991476382 0.76152 -0.00899418582951203
546604.738558989 0.762522 -0.00838851098737293
546915.485641596 0.763524 0.00835068518958549
547226.232724203 0.764526 0.00135694329831383
547536.97980681 0.765528 -0.0124758422744734
547847.726889416 0.76653 -0.00977867757932744
548158.473972023 0.767532 0.0150210890251603
548469.22105463 0.768534 0.00210952991410482
548779.968137237 0.769536 0.00631264728809304
549090.715219843 0.770538 -0.00540347569493183
549401.46230245 0.77154 0.0145648776561386
549712.209385057 0.772542 -0.00960890864347821
550022.956467664 0.773544 0.00636669316783462
550333.703550271 0.774546 0.00592562147324642
550644.450632877 0.775548 -0.00139538813502
550955.197715484 0.77655 -0.00885966877616124
551265.944798091 0.777552 0.0131755830332771
551576.691880698 0.778554 -0.00657676881200978
551887.438963305 0.779556 0.00927914585398582
552198.186045911 0.780558 0.0155967399855568
552508.933128518 0.78156 0.00280481374572924
552819.680211125 0.782562 0.00345526730153585
553130.427293732 0.783564 -0.00724824942167715
553441.174376338 0.784566 -0.0143218794585787
553751.921458945 0.785568 0.00261699212695193
554062.668541552 0.78657 0.0139858145992736
554373.415624159 0.787572 -0.00218117694714149
554684.162706766 0.788574 -0.00401483936933977
554994.909789372 0.789576 0.0122139245835816
555305.656871979 0.790578 0.0202611797825847
555616.403954586 0.79158 -0.00983577774569472
555927.151037193 0.792582 -0.0149120092577687
556237.898119799 0.793584 0.00251398437058832
556548.645202406 0.794586 -0.00983777677336201
556859.392285013 0.795588 -0.0205743096548828
557170.13936762 0.79659 -0.00162569215639895
557480.886450227 0.797592 0.00321593467307621
557791.633532833 0.798594 -0.00013955568535904
558102.38061544 0.799596 0.0105256895639431
558413.127698047 0.800598 0.0175524062200263
558723.874780654 0.8016 0.00412742603828696
559034.621863261 0.802602 -0.0333078679637713
559345.368945867 0.803604 -0.00131507594906128
559656.116028474 0.804606 0.00335996703038776
559966.863111081 0.805608 0.00172566904192054
560277.610193688 0.80661 0.004342176903402
560588.357276294 0.807612 0.0175391918048608
560899.104358901 0.808614 0.0108181755939902
561209.851441508 0.809616 0.0113988962306269
561520.598524115 0.810618 -0.0219682338963885
561831.345606721 0.81162 0.00239224322877029
562142.092689328 0.812622 0.010796312826888
562452.839771935 0.813624 -0.00418640901374021
562763.586854542 0.814626 0.0145338565835002
563074.333937149 0.815628 -0.0130276353662407
563385.081019755 0.81663 0.0069577000487371
563695.828102362 0.817632 -0.00359241361472695
564006.575184969 0.818634 0.0114569284987802
564317.322267576 0.819636 -0.0048941316463565
564628.069350183 0.820638 0.0100066756281162
564938.816432789 0.82164 -0.00395450008301402
565249.563515396 0.822642 0.0114306381263753
565560.310598003 0.823644 -0.0149581990156472
565871.05768061 0.824646 0.0078483330356196
566181.804763217 0.825648 0.000977965223052658
566492.551845823 0.82665 -0.00345631455602261
566803.29892843 0.827652 0.011730899766982
567114.046011037 0.828654 0.000525014528295124
567424.793093644 0.829656 -0.000515326453025203
567735.540176251 0.830658 0.001052238644037
568046.287258857 0.83166 0.0156254100822333
568357.034341464 0.832662 0.0105756027900126
568667.781424071 0.833664 -0.000918176770662658
568978.528506678 0.834666 -0.010707627853887
569289.275589284 0.835668 -0.00643509992238066
569600.022671891 0.83667 0.00912566072820007
569910.769754498 0.837672 -0.00420233209370582
570221.516837105 0.838674 -0.00659426667534801
570532.263919711 0.839676 0.00802350607175138
570843.011002318 0.840678 -0.00420681904619236
571153.758084925 0.84168 -0.00960611406552337
571464.505167532 0.842682 0.0237035314924814
571775.252250139 0.843684 0.00695763037775162
572085.999332745 0.844686 0.00753916870699952
572396.746415352 0.845688 -0.00244202644813953
572707.493497959 0.84669 0.0188071104823839
573018.240580566 0.847692 -0.00141695432970881
573328.987663173 0.848694 -0.010648703332198
573639.734745779 0.849696 0.00551696261346955
573950.481828386 0.850698 0.00133238108134358
574261.228910993 0.8517 0.00810891267197083
574571.9759936 0.852702 0.0188184771562142
574882.723076207 0.853704 -0.0175948957017545
575193.470158813 0.854706 -0.00196502892150863
575504.21724142 0.855708 0.00799807207615994
575814.964324027 0.85671 -3.84514677288865e-05
576125.711406634 0.857712 -0.00437012479236292
576436.45848924 0.858714 0.0114903111536413
576747.205571847 0.859716 -0.00578737908427529
577057.952654454 0.860718 0.0173278250583946
577368.699737061 0.86172 -0.0125444219241596
577679.446819668 0.862722 0.00604290711675857
577990.193902274 0.863724 0.0129207499318885
578300.940984881 0.864726 -0.0057057733826814
578611.688067488 0.865728 -0.00458840324391143
578922.435150095 0.86673 0.00700263550489719
579233.182232701 0.867732 0.00725057141383914
579543.929315308 0.868734 -0.00346296180332427
579854.676397915 0.869736 0.00838711851048281
580165.423480522 0.870738 0.0042017662137687
580476.170563129 0.87174 0.00756890015059963
580786.917645735 0.872742 -0.0033545531632179
581097.664728342 0.873744 -0.00388298903780475
581408.411810949 0.874746 0.00680948968562968
581719.158893556 0.875748 0.0124445332669594
582029.905976162 0.87675 0.0036609029032567
582340.653058769 0.877752 0.00407606164622065
582651.400141376 0.878754 0.018788025692116
582962.147223983 0.879756 0.0190753110978647
583272.89430659 0.880758 0.00191637737439779
583583.641389196 0.88176 -0.000217493097767949
583894.388471803 0.882762 0.00898780276877056
584205.13555441 0.883764 0.0185390452659457
584515.882637017 0.884766 -0.00782770550609111
584826.629719624 0.885768 0.0157805515030076
585137.37680223 0.88677 0.0084012595777072
585448.123884837 0.887772 0.00907577893651454
585758.870967444 0.888774 0.0131230272346892
586069.618050051 0.889776 -0.0141464324273428
586380.365132657 0.890778 -0.00330958679424047
586691.112215264 0.89178 0.00212986195325083
587001.859297871 0.892782 -0.00428034361363812
587312.606380478 0.893784 0.00528721795445213
587623.353463085 0.894786 -0.00447915074021371
587934.100545691 0.895788 0.00974142749502571
588244.847628298 0.89679 0.00457757975432036
588555.594710905 0.897792 0.0116469816210741
588866.341793512 0.898794 -0.00250640363426023
589177.088876119 0.899796 -0.00282922785612332
589487.835958725 0.900798 0.0243920300888343
589798.583041332 0.9018 -0.00900760588409728
590109.330123939 0.902802 0.00573453019413952
590420.077206546 0.903804 0.0105771062013251
590730.824289152 0.904806 0.00768542968677832
591041.571371759 0.905808 0.0209084532045872
591352.318454366 0.90681 -0.00467680219506032
591663.065536973 0.907812 0.00393315043235325
591973.812619579 0.908814 -0.0155538277424616
592284.559702186 0.909816 0.0184910937379772
592595.306784793 0.910818 -0.0200812737589631
592906.0538674 0.91182 0.0123157160610753
593216.800950007 0.912822 -0.00323924496868591
593527.548032613 0.913824 0.0136808436391485
593838.29511522 0.914826 0.0164404912319982
594149.042197827 0.915828 -0.000562959949763501
594459.789280434 0.91683 0.0260758958378487
594770.536363041 0.917832 0.0012160426563535
595081.283445647 0.918834 0.0027066049208825
595392.030528254 0.919836 0.00403522817801606
595702.777610861 0.920838 -0.0074334462076495
596013.524693468 0.92184 -0.00191017785060152
596324.271776075 0.922842 0.00925572301921294
596635.018858681 0.923844 0.00659742861526505
596945.765941288 0.924846 0.0066099431404506
597256.513023895 0.925848 -4.11239775194076e-05
597567.260106502 0.92685 0.00829755889080475
597878.007189108 0.927852 0.0117334966741555
598188.754271715 0.928854 0.00733795833331099
598499.501354322 0.929856 0.00547181052167005
598810.248436929 0.930858 -0.000232344916940063
599120.995519535 0.93186 0.0212147551489914
599431.742602142 0.932862 0.010846145667113
599742.489684749 0.933864 0.00720781675289746
600053.236767356 0.934866 0.00821664408554771
600363.983849963 0.935868 3.33677396076935e-05
600674.730932569 0.93687 -0.00416369845132802
600985.478015176 0.937872 0.0126453399894907
601296.225097783 0.938874 -0.00528062477412229
601606.97218039 0.939876 0.00360932057741861
601917.719262997 0.940878 0.00984278474318091
602228.466345603 0.94188 0.000735968031905282
602539.21342821 0.942882 -0.00981554405815081
602849.960510817 0.943884 -0.011555188168068
603160.707593424 0.944886 -0.0177943374237256
603471.454676031 0.945888 -0.0072787694024796
603782.201758637 0.94689 0.00374921487340519
604092.948841244 0.947892 0.0131345789311824
604403.695923851 0.948894 0.00546938209826955
604714.443006458 0.949896 -0.0145402942140982
605025.190089065 0.950898 0.00887762685244779
605335.937171671 0.9519 -0.00183280247467827
605646.684254278 0.952902 -0.00199266048567246
605957.431336885 0.953904 0.0138412818470106
606268.178419492 0.954906 -0.0066139349942324
606578.925502098 0.955908 0.00540975249868154
606889.672584705 0.95691 -0.0034647260789517
607200.419667312 0.957912 -0.0115774389909694
607511.166749919 0.958914 -0.000584232951569093
607821.913832525 0.959916 -0.00971154881373812
608132.660915132 0.960918 -0.00152543979575484
608443.407997739 0.96192 0.0170225136028606
608754.155080346 0.962922 -0.0122734178416483
609064.902162953 0.963924 0.00963994162814008
609375.649245559 0.964926 0.0142533527417401
609686.396328166 0.965928 0.0117220792075682
609997.143410773 0.96693 0.00863532188401982
610307.89049338 0.967932 -0.00337020017441487
610618.637575987 0.968934 0.00029572222829022
610929.384658593 0.969936 0.0173294203005706
611240.1317412 0.970938 0.00388526494698156
611550.878823807 0.97194 -0.00474097693935548
611861.625906414 0.972942 0.00592881574198414
612172.372989021 0.973944 -0.000714609286596682
612483.120071627 0.974946 0.00917682808863572
612793.867154234 0.975948 -0.0157823736100282
613104.614236841 0.97695 0.0141011494801192
613415.361319448 0.977952 -0.0110459654984727
613726.108402054 0.978954 -0.000792754722259209
614036.855484661 0.979956 -0.00495705677207893
614347.602567268 0.980958 0.00241948033917299
614658.349649875 0.98196 0.00574527755826195
614969.096732481 0.982962 0.0115142310632049
615279.843815088 0.983964 0.00222901690171169
615590.590897695 0.984966 0.0103975939382739
615901.337980302 0.985968 -0.00863307614179691
616212.085062909 0.98697 0.0121366561618016
616522.832145515 0.987972 0.0141364672514956
616833.579228122 0.988974 -0.00388966845777031
617144.326310729 0.989976 0.0147099396802785
617455.073393336 0.990978 0.0145737616200968
617765.820475943 0.99198 0.0173600413646867
618076.567558549 0.992982 0.0284859192572519
618387.314641156 0.993984 0.00597561791784075
618698.061723763 0.994986 0.0033224630639356
619008.80880637 0.995988 -0.0011653871167027
619319.555888976 0.99699 0.00170718242029891
619630.302971583 0.997992 0.000718720959538331
619941.05005419 0.998994 -0.0024146168054029
620251.797136797 0.999996 0.0161247484414217
620562.544219404 1.000998 0.0185660380658593
620873.29130201 1.002 0.00647966043243126
621184.038384617 1.003002 0.00107672163519663
621494.785467224 1.004004 0.00103779926321116
621805.532549831 1.005006 -0.00438673883794159
622116.279632438 1.006008 0.0120286503246608
622427.026715044 1.00701 0.0123902361137349
622737.773797651 1.008012 0.0114997296589216
623048.520880258 1.009014 0.00789969480996315
623359.267962865 1.010016 0.0057937279115266
623670.015045471 1.011018 0.0239878690164125
623980.762128078 1.01202 0.00731754501724649
624291.509210685 1.013022 0.00839874640672672
624602.256293292 1.014024 -0.00534591459607832
624913.003375899 1.015026 0.0156909206147899
625223.750458505 1.016028 -0.0107598752690029
625534.497541112 1.01703 0.000376196255608256
625845.244623719 1.018032 -0.00371551360696941
626155.991706326 1.019034 0.0123933943938243
626466.738788933 1.020036 0.00813520956512012
626777.485871539 1.021038 0.00302660666922166
627088.232954146 1.02204 0.00582453108411017
627398.980036753 1.023042 -0.00540007149452904
627709.72711936 1.024044 0.0192199970489939
628020.474201966 1.025046 0.0150501238599152
628331.221284573 1.026048 0.00191745788401999
628641.96836718 1.02705 -0.00253610470236264
628952.715449787 1.028052 -0.00105797650874114
629263.462532394 1.029054 0.0126476186803146
629574.209615 1.030056 0.00457465323260406
629884.956697607 1.031058 0.00639604963088401
630195.703780214 1.03206 0.00430090384922794
630506.450862821 1.033062 0.00068105206506447
630817.197945427 1.034064 0.00629646420493618
631127.945028034 1.035066 0.0114484699280031
631438.692110641 1.036068 0.0218279379912596
631749.439193248 1.03707 0.00188297621511602
632060.186275854 1.038072 0.0210758918768708
632370.933358461 1.039074 0.00775492106940648
632681.680441068 1.040076 -0.00523928282772865
632992.427523675 1.041078 0.0128775808299018
633303.174606282 1.04208 0.00513827222610642
633613.921688888 1.043082 0.0191530495451692
633924.668771495 1.044084 0.0102477041558338
634235.415854102 1.045086 0.00555825440979914
634546.162936709 1.046088 -0.0114297719526933
634856.910019316 1.04709 0.00905803530823432
635167.657101922 1.048092 0.00557568184394399
635478.404184529 1.049094 0.00290354610320246
635789.151267136 1.050096 0.0116373769258721
636099.898349743 1.051098 0.00231113806831037
636410.64543235 1.0521 -0.000892317056185698
636721.392514956 1.053102 0.0152182229870909
637032.139597563 1.054104 0.00720382635636071
637342.88668017 1.055106 0.012952686417493
637653.633762777 1.056108 0.019172331508941
637964.380845384 1.05711 0.00822803267026518
638275.12792799 1.058112 0.00801819948719251
638585.875010597 1.059114 0.0144211334637004
638896.622093204 1.060116 -0.0061710919118802
639207.369175811 1.061118 -0.00319576597787542
639518.116258417 1.06212 -0.000444671891030278
639828.863341024 1.063122 -0.0019557070308705
640139.610423631 1.064124 0.0171966070545438
640450.357506238 1.065126 0.000584803001092781
640761.104588845 1.066128 0.00428019612639131
641071.851671451 1.06713 0.00959342059605077
641382.598754058 1.068132 -0.00471291110766822
641693.345836665 1.069134 -0.00611763843825851
642004.092919272 1.070136 0.00454670660179647
642314.840001879 1.071138 0.00801273547296006
642625.587084485 1.07214 0.0120943206399523
642936.334167092 1.073142 0.00938074913341599
643247.081249699 1.074144 0.0130078323700128
643557.828332306 1.075146 0.00716889553150474
643868.575414912 1.076148 0.0161901707633613
644179.322497519 1.07715 0.0123409811397028
644490.069580126 1.078152 0.0153940120377554
644800.816662733 1.079154 0.0105041674657214
645111.56374534 1.080156 -0.0066227458628773
645422.310827946 1.081158 0.00315543125214341
645733.057910553 1.08216 0.00649446305754067
646043.80499316 1.083162 0.0146603046045516
646354.552075767 1.084164 0.0130466417021961
646665.299158373 1.085166 -0.00276024250290493
646976.04624098 1.086168 0.00455832514117446
647286.793323587 1.08717 0.00517815122235701
647597.540406194 1.088172 0.00608959636437055
647908.2874888 1.089174 0.0142960904939357
648219.034571407 1.090176 0.0106967268137766
648529.781654014 1.091178 -0.0112314222489169
648840.528736621 1.09218 0.0141636810990143
649151.275819228 1.093182 0.00379983404144853
649462.022901834 1.094184 0.00797276906873369
649772.769984441 1.095186 0.00598430570525807
650083.517067048 1.096188 0.00323962443455703
650394.264149655 1.09719 0.00289364027144975
650705.011232262 1.098192 0.0114239537909806
651015.758314868 1.099194 0.0250145799472817
651326.505397475 1.100196 -0.0106091842731247
651637.252480082 1.101198 0.00211363312021516
651947.999562689 1.1022 0.00843459437842947
652258.746645295 1.103202 0.00109772368286891
652569.493727902 1.104204 0.00769371515226515
652880.240810509 1.105206 -0.0080754049347855
653190.987893116 1.106208 0.00584529923415039
653501.734975723 1.10721 0.0105853897990458
653812.482058329 1.108212 0.00210313349845807
654123.229140936 1.109214 0.024090975449414
654433.976223543 1.110216 -0.00892411811334137
654744.72330615 1.111218 0.0178262996524199
655055.470388757 1.11222 0.0196181022251943
655366.217471363 1.113222 0.00849463833024715
655676.96455397 1.114224 0.0167015301608719
655987.711636577 1.115226 0.00840692902812978
656298.458719184 1.116228 0.00450612993810708
656609.20580179 1.11723 -0.00364498378286688
656919.952884397 1.118232 0.00962707087060304
657230.699967004 1.119234 -0.00690000748663449
657541.447049611 1.120236 0.0147228106473434
657852.194132218 1.121238 0.00429973652703827
658162.941214824 1.12224 0.00936921694864551
658473.688297431 1.123242 0.00818581850975261
658784.435380038 1.124244 -0.00348441110909101
659095.182462645 1.125246 -0.000170992259367136
659405.929545252 1.126248 0.0148305511889711
659716.676627858 1.12725 0.010453510608477
660027.423710465 1.128252 0.0122346242513997
660338.170793072 1.129254 0.0048421485236112
660648.917875679 1.130256 0.011272628979427
660959.664958286 1.131258 -0.0036476567138896
661270.412040892 1.13226 -0.00148541292525173
661581.159123499 1.133262 -0.00299224813954195
661891.906206106 1.134264 0.0199165958164708
662202.653288712 1.135266 0.0120783318371799
662513.400371319 1.136268 0.0109521106587096
662824.147453926 1.13727 0.00311322534194819
663134.894536533 1.138272 0.00138480887732123
663445.64161914 1.139274 0.000234068642727488
663756.388701746 1.140276 0.00450578445519177
664067.135784353 1.141278 0.00607773861856749
664377.88286696 1.14228 -0.00235026311285002
664688.629949567 1.143282 0.000982183008620661
664999.377032173 1.144284 0.0129509706841425
665310.12411478 1.145286 0.000875022187722391
665620.871197387 1.146288 0.0151288445469096
665931.618279994 1.14729 0.00307989070131727
666242.365362601 1.148292 0.00633624275309543
666553.112445207 1.149294 0.0150840727080382
666863.859527814 1.150296 -0.00681585570163739
667174.606610421 1.151298 0.00137485044255566
667485.353693028 1.1523 0.0107534805346039
667796.100775635 1.153302 0.0133978810368469
668106.847858241 1.154304 -0.00310609110874912
668417.594940848 1.155306 -0.00370830821871922
668728.342023455 1.156308 0.00333438255097042
669039.089106062 1.15731 0.000588705902793419
669349.836188669 1.158312 0.00977722263671042
669660.583271275 1.159314 0.0230256276886326
669971.330353882 1.160316 -0.0165274382977382
670282.077436489 1.161318 -0.00155343761775452
670592.824519096 1.16232 0.00456086979063973
670903.571601702 1.163322 0.0177179172808126
671214.318684309 1.164324 -0.00819699793228669
671525.065766916 1.165326 0.0059886041985833
671835.812849523 1.166328 0.00766793328191284
672146.55993213 1.16733 0.000412211958550288
672457.307014736 1.168332 0.00678295540615304
672768.054097343 1.169334 0.00999596180291655
673078.80117995 1.170336 0.0028450475886559
673389.548262557 1.171338 0.0108727656150472
673700.295345164 1.17234 0.00218616536686395
674011.04242777 1.173342 -0.0016043078198754
674321.789510377 1.174344 0.0129990429435112
674632.536592984 1.175346 0.0146751437686733
674943.283675591 1.176348 0.0111672724535694
675254.030758198 1.17735 0.00123048220415025
675564.777840804 1.178352 -0.00231382361128934
675875.524923411 1.179354 0.00142794310317852
676186.272006018 1.180356 0.00784570453221565
676497.019088625 1.181358 0.0100931447484685
676807.766171231 1.18236 0.0100105592186898
677118.513253838 1.183362 0.00631608449458824
677429.260336445 1.184364 0.00360738589925017
677740.007419052 1.185366 0.010362364829073
678050.754501658 1.186368 0.0142862296174163
678361.501584265 1.18737 0.0150972679757461
678672.248666872 1.188372 0.0120031101939897
678982.995749479 1.189374 0.0124926718688183
679293.742832086 1.190376 0.00924346109248818
679604.489914692 1.191378 0.0176982460596541
679915.236997299 1.19238 0.00777791991431657
680225.984079906 1.193382 0.00544002573146052
680536.731162513 1.194384 0.0209313792214955
680847.47824512 1.195386 0.00232653834277198
681158.225327726 1.196388 0.0134552191767603
681468.972410333 1.19739 0.01217979830545
681779.71949294 1.198392 -0.00298338345201288
682090.466575547 1.199394 0.00981438201069901
682401.213658153 1.200396 0.0115709627534212
682711.96074076 1.201398 0.00561035989668781
683022.707823367 1.2024 0.0144224767604934
683333.454905974 1.203402 -0.00265610371738185
683644.201988581 1.204404 0.0187009514472843
683954.949071187 1.205406 0.00780970522671301
684265.696153794 1.206408 0.0136416691066482
684576.443236401 1.20741 0.0157239227163236
684887.190319008 1.208412 0.00368428261362658
685197.937401614 1.209414 -0.00450844476092887
685508.684484221 1.210416 0.00645575270406789
685819.431566828 1.211418 0.0165419183951941
686130.178649435 1.21242 0.00677932700838903
686440.925732042 1.213422 0.013210531101965
686751.672814648 1.214424 0.0115750345714128
687062.419897255 1.215426 0.0136927089419211
687373.166979862 1.216428 0.0202110564563752
687683.914062469 1.21743 0.0195746498487098
687994.661145076 1.218432 0.021619095681242
688305.408227682 1.219434 0.00982106382864295
688616.155310289 1.220436 0.00491868545184765
688926.902392896 1.221438 0.010931204358627
689237.649475503 1.22244 -0.000560115520305697
689548.396558109 1.223442 0.0095927971154631
689859.143640716 1.224444 0.0210506913906161
690169.890723323 1.225446 0.00778249665824962
690480.63780593 1.226448 -0.000588618858771985
690791.384888537 1.22745 0.0119197349110455
691102.131971143 1.228452 0.000427703775212479
691412.87905375 1.229454 0.00939219558239457
691723.626136357 1.230456 0.00740870852327798
692034.373218964 1.231458 0.00996864061209488
692345.120301571 1.23246 0.00974799750889452
692655.867384177 1.233462 0.0263994288101364
692966.614466784 1.234464 0.00264154660636129
693277.361549391 1.235466 0.036649921199279
693588.108631998 1.236468 0.00946470382657526
693898.855714604 1.23747 0.0253612832807598
694209.602797211 1.238472 0.00549288334749409
694520.349879818 1.239474 0.0254253765705569
694831.096962425 1.240476 0.00571636208124622
695141.844045031 1.241478 0.00337849907860212
695452.591127638 1.24248 0.015756491612148
695763.338210245 1.243482 -0.00300325883740295
696074.085292852 1.244484 0.00966823343798571
696384.832375459 1.245486 0.000949015267710299
696695.579458065 1.246488 0.00948588646375991
697006.326540672 1.24749 0.0174608790213613
697317.073623279 1.248492 0.00233211077552567
697627.820705886 1.249494 0.0129933046946965
697938.567788492 1.250496 0.0148425181842261
698249.314871099 1.251498 0.00234762187569391
698560.061953706 1.2525 0.0136110041457402
698870.809036313 1.253502 0.0150054120799184
699181.55611892 1.254504 0.0099363861797109
699492.303201526 1.255506 0.0121701333717716
699803.050284133 1.256508 0.00884533290330224
700113.79736674 1.25751 -0.00148520289345839
700424.544449347 1.258512 0.00514122782639956
700735.291531954 1.259514 0.0108588174846423
701046.03861456 1.260516 0.017992702984145
701356.785697167 1.261518 0.0116870693340276
701667.532779774 1.26252 0.0189400883583769
701978.279862381 1.263522 0.00328715674447195
702289.026944987 1.264524 0.0106085827456955
702599.774027594 1.265526 0.0066260152286358
702910.521110201 1.266528 -0.00173232697954967
703221.268192808 1.26753 -0.00178798018085136
703532.015275415 1.268532 0.0134638404551133
703842.762358021 1.269534 0.0116968480658611
704153.509440628 1.270536 0.0230357835421663
704464.256523235 1.271538 0.0211734102486514
704775.003605842 1.27254 0.0117966814670849
705085.750688449 1.273542 0.0148058430228841
705396.497771055 1.274544 0.00703298424646895
705707.244853662 1.275546 0.0187393908414383
706017.991936269 1.276548 0.0060680085458217
706328.739018876 1.27755 0.0175792682160413
706639.486101483 1.278552 0.0267306166332173
706950.233184089 1.279554 0.00847295908391605
707260.980266696 1.280556 0.0148391972840287
707571.727349303 1.281558 0.012529465828705
707882.47443191 1.28256 0.00590583466994821
708193.221514517 1.283562 0.0213436705643129
708503.968597123 1.284564 0.0204548182433083
708814.71567973 1.285566 -0.00150707093917942
709125.462762337 1.286568 -0.00229165112147247
709436.209844944 1.28757 0.016762943455515
709746.95692755 1.288572 0.0248898244460577
710057.704010157 1.289574 0.0160486965417212
710368.451092764 1.290576 0.00582723704588783
710679.198175371 1.291578 0.0232059074282254
710989.945257978 1.29258 0.019455965506227
711300.692340584 1.293582 0.00320740777614798
711611.439423191 1.294584 0.0216786087102726
711922.186505798 1.295586 -0.0105223547359414
712232.933588405 1.296588 0.00487176524374687
712543.680671011 1.29759 0.0170158412442845
712854.427753618 1.298592 0.0194907792837652
713165.174836225 1.299594 0.0134399455796687
713475.921918832 1.300596 0.0211623066295836
713786.669001439 1.301598 0.0202768321367506
714097.416084045 1.3026 0.00486190478317084
714408.163166652 1.303602 0.0138925265188446
714718.910249259 1.304604 0.013027931518377
715029.657331866 1.305606 0.00307771757847072
715340.404414472 1.306608 -0.00353598037130155
715651.151497079 1.30761 0.0187118113981432
715961.898579686 1.308612 0.0187213587451586
716272.645662293 1.309614 0.00794780451737352
716583.3927449 1.310616 0.00393656773089261
716894.139827506 1.311618 -0.00197103428752876
717204.886910113 1.31262 0.00834871460124729
717515.63399272 1.313622 0.00534903108888137
717826.381075327 1.314624 0.00992423672370187
718137.128157934 1.315626 0.0131430891195781
718447.87524054 1.316628 0.013271222918244
718758.622323147 1.31763 0.0101671807113894
719069.369405754 1.318632 0.0115564885700439
719380.116488361 1.319634 0.0156386634120891
719690.863570967 1.320636 0.0170752841708521
720001.610653574 1.321638 0.0147820929113737
720312.357736181 1.32264 0.0128730827001649
720623.104818788 1.323642 -0.00315339995364385
720933.851901395 1.324644 0.0181969490439065
721244.598984001 1.325646 0.0195653923489768
721555.346066608 1.326648 0.0229290742311307
721866.093149215 1.32765 0.00348372956373826
722176.840231822 1.328652 0.0209753784578605
722487.587314428 1.329654 0.0137554913442448
722798.334397035 1.330656 0.0148934909426491
723109.081479642 1.331658 0.014586925276286
723419.828562249 1.33266 0.0126213873985741
723730.575644856 1.333662 0.00876022905199661
724041.322727462 1.334664 0.0100745604735393
724352.069810069 1.335666 0.00990336126679363
724662.816892676 1.336668 0.00458284414159447
724973.563975283 1.33767 0.0154499360069939
725284.311057889 1.338672 0.0128078618610546
725595.058140496 1.339674 0.0121550564461581
725905.805223103 1.340676 0.0192800939907529
726216.55230571 1.341678 0.0188730617774142
726527.299388317 1.34268 0.0147640179477497
726838.046470923 1.343682 0.0140384349559671
727148.79355353 1.344684 0.0119158330175176
727459.540636137 1.345686 0.0160361330201344
727770.287718744 1.346688 0.0204093401405506
728081.03480135 1.34769 0.00209363183404268
728391.781883957 1.348692 0.01662720571244
728702.528966564 1.349694 0.0123159993277819
729013.276049171 1.350696 0.0129590967335856
729324.023131778 1.351698 0.00123087436562447
729634.770214384 1.3527 0.0091374409532691
729945.517296991 1.353702 0.0113856591286511
730256.264379598 1.354704 0.019600398822586
730567.011462205 1.355706 0.000998306974702243
730877.758544812 1.356708 0.00879693686578805
731188.505627418 1.35771 0.0106754296061807
731499.252710025 1.358712 0.0256586508638676
731809.999792632 1.359714 0.0114060399152315
732120.746875239 1.360716 0.00644616589812044
732431.493957845 1.361718 0.013013257336149
732742.241040452 1.36272 0.0231888282763098
733052.988123059 1.363722 0.000551557203947398
733363.735205666 1.364724 0.00622353009268209
733674.482288273 1.365726 0.00851643065075245
733985.229370879 1.366728 0.018227069680911
734295.976453486 1.36773 0.00398760458296119
734606.723536093 1.368732 0.00748026559934098
734917.4706187 1.369734 0.00931430618489493
735228.217701306 1.370736 0.0204844549271146
735538.964783913 1.371738 0.0153183378535862
735849.71186652 1.37274 0.0020059357856507
736160.458949127 1.373742 0.0149960557850986
736471.206031734 1.374744 0.0202824248875161
736781.95311434 1.375746 -0.00602645992704098
737092.700196947 1.376748 0.00345489902148381
737403.447279554 1.37775 0.0148447471261559
737714.194362161 1.378752 0.0102298163361501
738024.941444768 1.379754 0.013679549930507
738335.688527374 1.380756 0.0102394675932847
738646.435609981 1.381758 0.00668920831217089
738957.182692588 1.38276 0.0258570093801733
739267.929775195 1.383762 0.0137000715068673
739578.676857802 1.384764 0.00793369471962787
739889.423940408 1.385766 0.00682810998526054
740200.171023015 1.386768 0.0246326592139807
740510.918105622 1.38777 0.0205142185245473
740821.665188229 1.388772 0.011062811225352
741132.412270835 1.389774 0.010787154925829
741443.159353442 1.390776 0.01535306328941
741753.906436049 1.391778 0.00834834235505925
742064.653518656 1.39278 0.0187688991920533
742375.400601263 1.393782 0.0170811034236774
742686.147683869 1.394784 -0.00270910977436133
742996.894766476 1.395786 0.00613969689385798
743307.641849083 1.396788 0.0123915066557336
743618.38893169 1.39779 0.0139686261513264
743929.136014297 1.398792 0.0195758756936137
744239.883096903 1.399794 0.00966925895971115
744550.63017951 1.400796 0.0131242598391978
744861.377262117 1.401798 0.0175970618566585
745172.124344724 1.4028 0.0133998130912346
745482.87142733 1.403802 0.000518563785242385
745793.618509937 1.404804 0.0199302027456686
746104.365592544 1.405806 0.00318826077550467
746415.112675151 1.406808 0.021078756572895
746725.859757758 1.40781 0.0280210310057411
747036.606840364 1.408812 0.00701293129216326
747347.353922971 1.409814 0.00745858913645934
747658.101005578 1.410816 0.00946658676016384
747968.848088185 1.411818 0.0228475177704137
748279.595170791 1.41282 0.00705249664603411
748590.342253398 1.413822 0.017685368395922
748901.089336005 1.414824 0.0165976527613712
749211.836418612 1.415826 0.00538286946981376
749522.583501219 1.416828 0.0116446466778314
749833.330583825 1.41783 0.0118369886362667
750144.077666432 1.418832 0.022824805954242
750454.824749039 1.419834 0.00554325651094301
750765.571831646 1.420836 0.00752435126169193
751076.318914253 1.421838 0.0114203990725407
751387.065996859 1.42284 0.0135016197570034
751697.813079466 1.423842 0.0071162256542947
752008.560162073 1.424844 0.0169240272131072
752319.30724468 1.425846 0.0057873073757686
752630.054327286 1.426848 0.0215604031920847
752940.801409893 1.42785 0.0271752862021562
753251.5484925 1.428852 0.0173965400391247
753562.295575107 1.429854 0.0167285515343426
753873.042657714 1.430856 0.0173342059665674
754183.78974032 1.431858 0.0102700185241821
754494.536822927 1.43286 0.00360381673949622
754805.283905534 1.433862 0.00351297434568575
755116.030988141 1.434864 0.0165170371291178
755426.778070747 1.435866 0.0210752586798034
755737.525153354 1.436868 0.0149337820927575
756048.272235961 1.43787 0.00300329512921892
756359.019318568 1.438872 0.0102459355572287
756669.766401175 1.439874 0.00807187886679309
756980.513483781 1.440876 0.0114970521470513
757291.260566388 1.441878 0.0109435852896319
757602.007648995 1.44288 0.0126948315305025
757912.754731602 1.443882 0.0206936582805295
758223.501814208 1.444884 0.016002428282278
758534.248896815 1.445886 0.00847310778431512
758844.995979422 1.446888 0.0141236387297912
759155.743062029 1.44789 0.00932135124733139
759466.490144636 1.448892 0.0175866798021497
759777.237227242 1.449894 0.00194779414477873
760087.984309849 1.450896 0.0154950653841344
760398.731392456 1.451898 0.0112982288694885
760709.478475063 1.4529 0.00650042679088423
761020.22555767 1.453902 0.0209319458525899
761330.972640276 1.454904 0.0173645561131396
761641.719722883 1.455906 -0.00630983871848202
761952.46680549 1.456908 0.00625916667665586
762263.213888097 1.45791 0.0200034557494731
762573.960970703 1.458912 0.00702922778137117
762884.70805331 1.459914 0.0128596172053784
763195.455135917 1.460916 0.0187492673750403
763506.202218524 1.461918 0.022619061149999
763816.949301131 1.46292 0.0144453385986055
764127.696383737 1.463922 0.0232850219887408
764438.443466344 1.464924 0.0181906085320181
764749.190548951 1.465926 0.0250988578305062
765059.937631558 1.466928 0.0166115370935231
765370.684714164 1.46793 0.0105888200253595
765681.431796771 1.468932 0.0043227240999751
765992.178879378 1.469934 0.0132003920573585
766302.925961985 1.470936 -0.00419006653936305
766613.673044592 1.471938 0.0160070188472721
766924.420127198 1.47294 0.0043193501462685
767235.167209805 1.473942 0.0127085684924812
767545.914292412 1.474944 0.0202062813987393
767856.661375019 1.475946 0.0159153767315288
768167.408457626 1.476948 0.0185043872235616
768478.155540232 1.47795 0.0202581403362856
768788.902622839 1.478952 0.0146446962299447
769099.649705446 1.479954 0.0116453406406528
769410.396788053 1.480956 0.00972062643343609
769721.143870659 1.481958 0.0310690368751533
770031.890953266 1.48296 0.00988318672844988
770342.638035873 1.483962 0.0118447383811061
770653.38511848 1.484964 0.0153373985940059
770964.132201086 1.485966 0.0192011249862086
771274.879283693 1.486968 0.0190375950495404
771585.6263663 1.48797 0.0214123552469399
771896.373448907 1.488972 0.0335610051835798
772207.120531514 1.489974 0.0187517412247253
772517.86761412 1.490976 0.00870571210675852
772828.614696727 1.491978 0.0200003325988503
773139.361779334 1.49298 0.00907688376731104
773450.108861941 1.493982 0.00298766276135969
773760.855944548 1.494984 0.0134079223297514
774071.603027154 1.495986 0.014344314010205
774382.350109761 1.496988 0.00696078978955364
774693.097192368 1.49799 0.024729883135688
775003.844274975 1.498992 0.0156836180952171
775314.591357582 1.499994 0.0192852217125374
775625.338440188 1.500996 0.0124438749100896
775936.085522795 1.501998 0.0139179029986854
776246.832605402 1.503 0.0116926506212851
776557.579688009 1.504002 0.00401593376126906
776868.326770616 1.505004 0.015908578222748
777179.073853222 1.506006 0.0229709340497285
777489.820935829 1.507008 0.0138646728353123
777800.568018436 1.50801 0.0286624993888674
778111.315101043 1.509012 0.0132630091895497
778422.062183649 1.510014 0.0225671179519773
778732.809266256 1.511016 0.00725920323835911
779043.556348863 1.512018 0.0112751694472735
779354.30343147 1.51302 0.0186372012039371
779665.050514077 1.514022 0.0167772564476221
779975.797596683 1.515024 0.0129506845329355
780286.54467929 1.516026 0.0200684715075844
780597.291761897 1.517028 0.0129609782367541
780908.038844504 1.51803 0.0147858576944786
781218.785927111 1.519032 0.014848719423884
781529.533009717 1.520034 0.0215041927169046
781840.280092324 1.521036 0.029056482240651
782151.027174931 1.522038 0.0171940154597379
782461.774257538 1.52304 0.0160322427769787
782772.521340144 1.524042 0.0167968488231809
783083.268422751 1.525044 0.00938261034972207
783394.015505358 1.526046 0.00476327068701004
783704.762587965 1.527048 0.0258910158830047
784015.509670572 1.52805 0.0115206531844253
784326.256753178 1.529052 0.0139676739937446
784637.003835785 1.530054 0.0151867050471014
784947.750918392 1.531056 0.0225560657732117
785258.498000999 1.532058 0.0178545967435331
785569.245083605 1.53306 0.0225431538109234
785879.992166212 1.534062 0.0241031753726035
786190.739248819 1.535064 0.00794402139196247
786501.486331426 1.536066 0.00355714544895307
786812.233414032 1.537068 0.0252692359580878
787122.980496639 1.53807 0.0125689125625852
787433.727579246 1.539072 0.0207160104632634
787744.474661853 1.540074 0.0127557067865633
788055.22174446 1.541076 0.0296048074679142
788365.968827066 1.542078 0.0201599985417217
788676.715909673 1.54308 0.0096075753443688
788987.46299228 1.544082 0.0248323164865027
789298.210074887 1.545084 0.024064128115424
789608.957157494 1.546086 0.0142634015660039
789919.7042401 1.547088 0.0111879540050118
790230.451322707 1.54809 0.0152325606485493
790541.198405314 1.549092 0.0178695198646402
790851.945487921 1.550094 0.00859635723850003
791162.692570527 1.551096 0.014728493381299
791473.439653134 1.552098 0.00797600823744155
791784.186735741 1.5531 0.0167495942114679
792094.933818348 1.554102 0.0187423465824275
792405.680900955 1.555104 0.0116301897484924
792716.427983561 1.556106 0.0177732129237105
793027.175066168 1.557108 0.0204327600313619
793337.922148775 1.55811 0.0346923529813198
793648.669231382 1.559112 0.0115061392442537
793959.416313989 1.560114 0.0211892228871713
794270.163396595 1.561116 0.0165152753232164
794580.910479202 1.562118 0.014262232716713
794891.657561809 1.56312 0.0247040680133121
795202.404644416 1.564122 0.0113422187134121
795513.151727022 1.565124 0.0247312401368809
795823.898809629 1.566126 0.0147846129705572
796134.645892236 1.567128 0.0277148046259345
796445.392974843 1.56813 0.0147942430207525
796756.14005745 1.569132 0.0172483680623405
797066.887140056 1.570134 0.0134316426130368
797377.634222663 1.571136 0.0141916516999892
797688.38130527 1.572138 0.0169069473989304
797999.128387877 1.57314 0.0193148840056678
798309.875470484 1.574142 0.00971572872390524
798620.62255309 1.575144 0.0191664268167354
798931.369635697 1.576146 0.0189477925215138
799242.116718304 1.577148 0.011878092465302
799552.863800911 1.57815 0.0169854366885419
799863.610883517 1.579152 0.0210526662997357
800174.357966124 1.580154 0.00710765245787061
800485.105048731 1.581156 0.0186810841524018
800795.852131338 1.582158 0.0142784504072493
801106.599213945 1.58316 0.0187222204232461
801417.346296551 1.584162 0.0180880235359061
801728.093379158 1.585164 0.0097594999599616
802038.840461765 1.586166 0.0229523181263521
802349.587544372 1.587168 0.00189507785553306
802660.334626978 1.58817 0.0121689264467558
802971.081709585 1.589172 0.0174746767173153
803281.828792192 1.590174 0.0189127234752474
803592.575874799 1.591176 0.0286326403965609
803903.322957405 1.592178 0.0199996765006216
804214.070040012 1.59318 0.0208566116471718
804524.817122619 1.594182 0.0103868249426401
804835.564205226 1.595184 0.0112491466036905
805146.311287833 1.596186 0.0181077939219388
805457.058370439 1.597188 0.0171175791973851
805767.805453046 1.59819 0.014755247535792
806078.552535653 1.599192 0.0161662322449093
806389.29961826 1.600194 0.0283008747010654
806700.046700867 1.601196 0.00197812468078512
807010.793783473 1.602198 0.0162253573726657
807321.54086608 1.6032 0.0122563126725494
807632.287948687 1.604202 0.0191186889200768
807943.035031294 1.605204 0.0312794703714504
808253.782113901 1.606206 0.0279164105019181
808564.529196507 1.607208 0.016987376762283
808875.276279114 1.60821 0.021591556605184
809186.023361721 1.609212 0.0112973625442334
809496.770444328 1.610214 0.0273492510256044
809807.517526935 1.611216 0.0168169577035542
810118.264609541 1.612218 0.0180148083268083
810429.011692148 1.61322 0.0185798793188749
810739.758774755 1.614222 0.0121171865929627
811050.505857362 1.615224 0.0227163282382368
811361.252939968 1.616226 0.011715586734704
811672.000022575 1.617228 0.0183665592900172
811982.747105182 1.61823 0.00699196347435651
812293.494187789 1.619232 0.0161818489762122
812604.241270396 1.620234 0.0176640820539365
812914.988353002 1.621236 0.0148532661187042
813225.735435609 1.622238 0.0257926766533205
813536.482518216 1.62324 0.0326544227928083
813847.229600823 1.624242 0.0164913311674856
814157.97668343 1.625244 0.0255708756351812
814468.723766036 1.626246 0.0245887995408468
814779.470848643 1.627248 0.0190914878909512
815090.21793125 1.62825 0.0159635643909032
815400.965013857 1.629252 0.0197153347676829
815711.712096463 1.630254 0.0138555392470767
816022.45917907 1.631256 0.0254016862986236
816333.206261677 1.632258 0.0211545310084987
816643.953344284 1.63326 0.0308342463538602
816954.700426891 1.634262 0.0134375620925162
817265.447509497 1.635264 0.00939499813760464
817576.194592104 1.636266 0.0152838434498205
817886.941674711 1.637268 0.014163212718019
818197.688757318 1.63827 0.0109969069110869
818508.435839924 1.639272 0.0201506989438186
818819.182922531 1.640274 0.0207130434474174
819129.930005138 1.641276 0.0106487864211132
819440.677087745 1.642278 0.0128705032370483
819751.424170351 1.64328 0.0152403602592618
820062.171252958 1.644282 0.0281739632146993
820372.918335565 1.645284 0.0216246459639898
820683.665418172 1.646286 0.0114848783515792
820994.412500779 1.647288 0.0122979135546309
821305.159583385 1.64829 0.0192619002677779
821615.906665992 1.649292 0.0308870944829899
821926.653748599 1.650294 0.0155545429548031
822237.400831206 1.651296 0.0241014005687398
822548.147913813 1.652298 0.0243630140993517
822858.894996419 1.6533 0.0112210822647408
823169.642079026 1.654302 0.0378730321297987
823480.389161633 1.655304 0.0169736506525467
823791.13624424 1.656306 0.0182890713557157
824101.883326847 1.657308 0.01642686089402
824412.630409453 1.65831 0.0209784152038902
824723.37749206 1.659312 0.0180474741690106
825034.124574667 1.660314 0.018775908946523
825344.871657274 1.661316 0.0175510634641496
825655.61873988 1.662318 0.0141511631611831
825966.365822487 1.66332 0.00585426185219443
826277.112905094 1.664322 0.0447901303722425
826587.859987701 1.665324 0.0186491753692331
826898.607070308 1.666326 0.0268387617107824
827209.354152914 1.667328 0.0305710904374346
827520.101235521 1.66833 0.00878003658367787
827830.848318128 1.669332 0.0153848474907617
828141.595400735 1.670334 0.0156525385254826
828452.342483341 1.671336 0.0232583289630735
828763.089565948 1.672338 0.0296583464624047
829073.836648555 1.67334 0.0206134741673807
829384.583731162 1.674342 0.0236836955727391
829695.330813769 1.675344 0.0246481030223074
830006.077896375 1.676346 0.0216799325717669
830316.824978982 1.677348 0.0199787517021671
830627.572061589 1.67835 0.0235788598649988
830938.319144196 1.679352 0.0259951594201857
831249.066226803 1.680354 0.0227497153844259
831559.813309409 1.681356 0.0294927530268196
831870.560392016 1.682358 0.0256461117690361
832181.307474623 1.68336 0.0268166682577487
832492.05455723 1.684362 0.0302155934465651
832802.801639837 1.685364 0.0178410709168574
833113.548722443 1.686366 0.0212352701255906
833424.29580505 1.687368 0.0250965784068403
833735.042887657 1.68837 0.0213526392676135
834045.789970263 1.689372 0.0203986737020221
834356.53705287 1.690374 0.0228219352355287
834667.284135477 1.691376 0.00481372391210676
834978.031218084 1.692378 0.0340706123721249
835288.778300691 1.69338 0.0169836499679065
835599.525383297 1.694382 0.0215096670402732
835910.272465904 1.695384 0.0256610643536211
836221.019548511 1.696386 0.0357227887904072
836531.766631118 1.697388 0.0242307798887784
836842.513713725 1.69839 0.0185216111895815
837153.260796331 1.699392 0.0125165168507795
837464.007878938 1.700394 0.0183121803181134
837774.754961545 1.701396 0.0209663630257112
838085.502044152 1.702398 0.00452390796111377
838396.249126758 1.7034 0.0194225920192509
838706.996209365 1.704402 0.0258059138237885
839017.743291972 1.705404 0.0259922630165211
839328.490374579 1.706406 0.0149731976623083
839639.237457186 1.707408 0.0256823747221157
839949.984539792 1.70841 0.0235044421964356
840260.731622399 1.709412 0.0221775686770326
840571.478705006 1.710414 0.0344987316721805
840882.225787613 1.711416 0.0297999500581567
841192.972870219 1.712418 0.0303228342313225
841503.719952826 1.71342 0.0216517353776559
841814.467035433 1.714422 0.0237708818953446
842125.21411804 1.715424 0.0203405255025947
842435.961200647 1.716426 0.0281373835624934
842746.708283253 1.717428 0.0225286873823989
843057.45536586 1.71843 0.0171929325877157
843368.202448467 1.719432 0.0222720084786056
843678.949531074 1.720434 0.0179729746745288
843989.696613681 1.721436 0.0186142422995004
844300.443696287 1.722438 0.0174054080872036
844611.190778894 1.72344 0.0313713335195458
844921.937861501 1.724442 0.0144686934278168
845232.684944108 1.725444 0.0286404967260031
845543.432026715 1.726446 0.0300721388748682
845854.179109321 1.727448 0.0236353188181053
846164.926191928 1.72845 0.0254482412694943
846475.673274535 1.729452 0.0192439288188193
846786.420357142 1.730454 0.0186983340555567
847097.167439749 1.731456 0.0238323984152278
847407.914522355 1.732458 0.0192423981531434
847718.661604962 1.73346 0.0246002362893859
848029.408687569 1.734462 0.0326760326639523
848340.155770176 1.735464 0.0144205385097135
848650.902852782 1.736466 0.0203935844843475
848961.649935389 1.737468 0.0187352424371967
849272.397017996 1.73847 0.0208157115427895
849583.144100603 1.739472 0.0259113419239556
849893.891183209 1.740474 0.026874338880075
850204.638265816 1.741476 0.0224506413777657
850515.385348423 1.742478 0.0302773685493753
850826.13243103 1.74348 0.0255801118069136
851136.879513637 1.744482 0.00772179707867179
851447.626596243 1.745484 0.0233442204706518
851758.37367885 1.746486 0.0304205538135538
852069.120761457 1.747488 0.0160358809894512
852379.867844064 1.74849 0.0293474933168148
852690.614926671 1.749492 0.0239500413499401
853001.362009277 1.750494 0.0246880987035898
853312.109091884 1.751496 0.0220010079004436
853622.856174491 1.752498 0.0207943297707113
853933.603257098 1.7535 0.0119653543773633
854244.350339704 1.754502 0.0109491809721449
854555.097422311 1.755504 0.0244763704460928
854865.844504918 1.756506 0.0179938540819521
855176.591587525 1.757508 0.0222016056407662
855487.338670132 1.75851 0.021396572260184
855798.085752738 1.759512 0.00647060615682458
856108.832835345 1.760514 0.019453323515566
856419.579917952 1.761516 0.0176662141259572
856730.327000559 1.762518 0.0121689957865557
857041.074083165 1.76352 0.0237924174215427
857351.821165772 1.764522 0.00936281032696217
857662.568248379 1.765524 0.0310640933748003
857973.315330986 1.766526 0.0212229227414868
858284.062413593 1.767528 0.0334478107376785
858594.809496199 1.76853 0.017538725369048
858905.556578806 1.769532 0.0227383936241759
859216.303661413 1.770534 0.0212675446638149
859527.05074402 1.771536 0.0223610937317259
859837.797826627 1.772538 0.0109298218869426
860148.544909233 1.77354 0.0188318505285413
860459.29199184 1.774542 0.0248816723368585
860770.039074447 1.775544 0.0142249546115934
861080.786157054 1.776546 0.0187131008786356
861391.53323966 1.777548 0.0182491347420373
861702.280322267 1.77855 0.0216021018718816
862013.027404874 1.779552 0.0201659413911719
862323.774487481 1.780554 0.01734734146205
862634.521570088 1.781556 0.0180994389504696
862945.268652694 1.782558 0.0275623059202586
863256.015735301 1.78356 0.0241584640452634
863566.762817908 1.784562 0.0269152142742278
863877.509900515 1.785564 0.0278858050433718
864188.256983122 1.786566 0.0162732542777342
864499.004065728 1.787568 0.0247576873905986
864809.751148335 1.78857 0.0147985526456175
865120.498230942 1.789572 0.0313648582656655
865431.245313549 1.790574 0.0227003738069604
865741.992396155 1.791576 0.022931677323058
866052.739478762 1.792578 0.0142328722794473
866363.486561369 1.79358 0.022280197662195
866674.233643976 1.794582 0.0204259615918439
866984.980726583 1.795584 0.0264588328219915
867295.727809189 1.796586 0.0311139022818102
867606.474891796 1.797588 0.0280054942187985
867917.221974403 1.79859 0.0252562046669727
868227.96905701 1.799592 0.0256785936381053
868538.716139616 1.800594 0.0236597930025879
868849.463222223 1.801596 0.0359573401981215
869160.21030483 1.802598 0.0150100509716048
869470.957387437 1.8036 0.0315058862190009
869781.704470044 1.804602 0.0208712582047149
870092.45155265 1.805604 0.0203230218854651
870403.198635257 1.806606 0.0254255535782565
870713.945717864 1.807608 0.0289981632171977
871024.692800471 1.80861 0.0280210861924259
871335.439883077 1.809612 0.0123793189767395
871646.186965684 1.810614 0.0141421530859195
871956.934048291 1.811616 0.0289396019681506
872267.681130898 1.812618 0.0296633571404526
872578.428213505 1.81362 0.0280899699566746
872889.175296111 1.814622 0.0169151905062487
873199.922378718 1.815624 0.0171373036864534
873510.669461325 1.816626 0.0266492961991603
873821.416543932 1.817628 0.0370854113233504
874132.163626538 1.81863 0.0262037722911018
874442.910709145 1.819632 0.0194463909356582
874753.657791752 1.820634 0.0356674452069753
875064.404874359 1.821636 0.0179432056998515
875375.151956966 1.822638 0.0247962840905723
875685.899039572 1.82364 0.0325307725589326
875996.646122179 1.824642 0.0139662416264247
876307.393204786 1.825644 0.0240656683410825
876618.140287393 1.826646 0.0311127239559093
876928.88737 1.827648 0.0187637127469311
877239.634452606 1.82865 0.0300645770354841
877550.381535213 1.829652 0.0281397492760494
877861.12861782 1.830654 0.0269628978058417
878171.875700427 1.831656 0.0159460869560089
878482.622783034 1.832658 0.0343855867532062
878793.36986564 1.83366 0.0233707815753983
879104.116948247 1.834662 0.0137826091062804
879414.864030854 1.835664 0.0125515087752416
879725.611113461 1.836666 0.0280543118617981
880036.358196068 1.837668 0.0185132285245524
880347.105278674 1.83867 0.0236357661131369
880657.852361281 1.839672 0.0214931163363671
880968.599443888 1.840674 0.0280185686183681
881279.346526495 1.841676 0.0172554390029095
881590.093609101 1.842678 0.0330380802884476
881900.840691708 1.84368 0.0209326067014784
882211.587774315 1.844682 0.0411366329810646
882522.334856922 1.845684 0.0231709090413498
882833.081939529 1.846686 0.0358860016547476
883143.829022135 1.847688 0.0280314737719811
883454.576104742 1.84869 0.0260494698433586
883765.323187349 1.849692 0.0191238834351873
884076.070269956 1.850694 0.0234558234419454
884386.817352562 1.851696 0.0184528115318838
884697.564435169 1.852698 0.0213459042657337
885008.311517776 1.8537 0.0286870316128837
885319.058600383 1.854702 0.0316836236036583
885629.805682989 1.855704 0.0341943764839655
885940.552765596 1.856706 0.0247001539914916
886251.299848203 1.857708 0.0287865922444639
886562.04693081 1.85871 0.0193502283349566
886872.794013417 1.859712 0.0137516311026231
887183.541096023 1.860714 0.0306176042636052
887494.28817863 1.861716 0.0293816280840256
887805.035261237 1.862718 0.0323493935159048
888115.782343844 1.86372 0.0274262961788507
888426.52942645 1.864722 0.0377885875991201
888737.276509057 1.865724 0.0303172500913642
889048.023591664 1.866726 0.0129803827522692
889358.770674271 1.867728 0.0212859288643312
889669.517756878 1.86873 0.0358717980425059
889980.264839484 1.869732 0.0214530379582538
890291.011922091 1.870734 0.0321190236649515
890601.759004698 1.871736 0.0459290803839541
890912.506087305 1.872738 0.0248578623081554
891223.253169912 1.87374 0.0393363188536618
891534.000252518 1.874742 0.0216729675183517
891844.747335125 1.875744 0.0281478792425242
892155.494417732 1.876746 0.0202692257516746
892466.241500339 1.877748 0.0278664593093512
892776.988582946 1.87875 0.0264093056123743
893087.735665552 1.879752 0.0364796663035705
893398.482748159 1.880754 0.029461029691788
893709.229830766 1.881756 0.0334600909420431
894019.976913373 1.882758 0.0213819406903583
894330.723995979 1.88376 0.0181295093940495
894641.471078586 1.884762 0.017445704386718
894952.218161193 1.885764 0.0195530506183618
895262.9652438 1.886766 0.0364744576169202
895573.712326407 1.887768 0.0268935314625642
895884.459409013 1.88877 0.0297042643199362
896195.20649162 1.889772 0.0178985369394647
896505.953574227 1.890774 0.0326545075789255
896816.700656834 1.891776 0.0284515021318885
897127.447739441 1.892778 0.0271165303861665
897438.194822047 1.89378 0.0357673263658237
897748.941904654 1.894782 0.0217865178004334
898059.688987261 1.895784 0.0224969356799143
898370.436069868 1.896786 0.0350963093996113
898681.183152474 1.897788 0.0306389494588484
898991.930235081 1.89879 0.0292759942307536
899302.677317688 1.899792 0.0305124395291006
899613.424400295 1.900794 0.0284439285036561
899924.171482902 1.901796 0.0234071816148155
900234.918565508 1.902798 0.0391615081867133
900545.665648115 1.9038 0.0242600253020411
900856.412730722 1.904802 0.0337281076568446
901167.159813329 1.905804 0.0313580187546569
901477.906895936 1.906806 0.0342613746604077
901788.653978542 1.907808 0.0353830932315791
902099.401061149 1.90881 0.019125516274792
902410.148143756 1.909812 0.0250229829439084
902720.895226363 1.910814 0.045443786330044
903031.64230897 1.911816 0.0326887990004286
903342.389391576 1.912818 0.0259085824905844
903653.136474183 1.91382 0.0418942985797049
903963.88355679 1.914822 0.0240656414883565
904274.630639397 1.915824 0.0310719575296446
904585.377722003 1.916826 0.0283742513004083
904896.12480461 1.917828 0.0357268329738052
905206.871887217 1.91883 0.0247016400332151
905517.618969824 1.919832 0.0360208849828633
905828.36605243 1.920834 0.0292449870771506
906139.113135037 1.921836 0.0250732264194055
906449.860217644 1.922838 0.030540419384829
906760.607300251 1.92384 0.0308085875765344
907071.354382858 1.924842 0.0265732264002618
907382.101465464 1.925844 0.0278725225608085
907692.848548071 1.926846 0.0210745877809866
908003.595630678 1.927848 0.0249181385592933
908314.342713285 1.92885 0.0273637494367273
908625.089795892 1.929852 0.0217495654562562
908935.836878498 1.930854 0.0289815505742367
909246.583961105 1.931856 0.0249975867380492
909557.331043712 1.932858 0.0326661782549642
909868.078126319 1.93386 0.0329546371357886
910178.825208925 1.934862 0.0258154985103868
910489.572291532 1.935864 0.0250694390637578
910800.319374139 1.936866 0.0347844704344001
911111.066456746 1.937868 0.0350824824138477
911421.813539353 1.93887 0.0277372535961142
911732.560621959 1.939872 0.0281119332935038
912043.307704566 1.940874 0.0243635914825479
912354.054787173 1.941876 0.0314561003670814
912664.80186978 1.942878 0.0358651858972127
912975.548952386 1.94388 0.0282359015024735
913286.296034993 1.944882 0.030156880022679
913597.0431176 1.945884 0.0302532959834261
913907.790200207 1.946886 0.0308735870463154
914218.537282814 1.947888 0.0261742376798432
914529.28436542 1.94889 0.029536837604598
914840.031448027 1.949892 0.0396752469035867
915150.778530634 1.950894 0.0292869552621775
915461.525613241 1.951896 0.0373144672571056
915772.272695847 1.952898 0.0243108651180694
916083.019778454 1.9539 0.0202447679089154
916393.766861061 1.954902 0.0410904855540445
916704.513943668 1.955904 0.0406994927804081
917015.261026274 1.956906 0.0255695172944042
917326.008108881 1.957908 0.0313934329942773
917636.755191488 1.95891 0.0364768989336249
917947.502274095 1.959912 0.0316396604762034
918258.249356702 1.960914 0.0288989609400289
918568.996439308 1.961916 0.0310624516913058
918879.743521915 1.962918 0.035875072956779
919190.490604522 1.96392 0.0270209386606664
919501.237687129 1.964922 0.0251881109579291
919811.984769735 1.965924 0.0230970199657229
920122.731852342 1.966926 0.0260441466712145
920433.478934949 1.967928 0.0283515844603405
920744.226017556 1.96893 0.0278419031561957
921054.973100163 1.969932 0.0241148332377403
921365.720182769 1.970934 0.0303185857957836
921676.467265376 1.971936 0.0399135761045965
921987.214347983 1.972938 0.0259249420658685
922297.96143059 1.97394 0.0309222838340964
922608.708513197 1.974942 0.0405539090342053
922919.455595803 1.975944 0.0299939554951091
923230.20267841 1.976946 0.0354986020111373
923540.949761017 1.977948 0.0250009049428483
923851.696843624 1.97895 0.0337859344611329
924162.443926231 1.979952 0.0301901797391281
924473.191008837 1.980954 0.0235108302384044
924783.938091444 1.981956 0.0385963814327594
925094.685174051 1.982958 0.0317085994825139
925405.432256658 1.98396 0.0330994778555723
925716.179339265 1.984962 0.0337771692246256
926026.926421871 1.985964 0.0359739949508526
926337.673504478 1.986966 0.029809593749476
926648.420587085 1.987968 0.0485840742404288
926959.167669692 1.98897 0.0262444440775921
927269.914752298 1.989972 0.0340796951474864
927580.661834905 1.990974 0.0294344801994619
927891.408917512 1.991976 0.0369198641054731
928202.156000119 1.992978 0.0265313082516181
928512.903082726 1.99398 0.0351411699587284
928823.650165332 1.994982 0.0237757106284665
929134.397247939 1.995984 0.0265948847692466
929445.144330546 1.996986 0.0380291491641619
929755.891413153 1.997988 0.0332160686553588
930066.63849576 1.99899 0.0315598056159624
930377.385578366 1.999992 0.0273564353660441
930688.132660973 2.000994 0.0271834274438142
930998.87974358 2.001996 0.034355736227088
931309.626826187 2.002998 0.0509146290286971
931620.373908793 2.004 0.0352161935984695
931931.1209914 2.005002 0.0365179633223513
932241.868074007 2.006004 0.0323508875760219
932552.615156614 2.007006 0.0355381386610728
932863.362239221 2.008008 0.034848281115769
933174.109321827 2.00901 0.0355418339633064
933484.856404434 2.010012 0.0371641412027828
933795.603487041 2.011014 0.0334682357270673
934106.350569648 2.012016 0.0324680453156855
934417.097652255 2.013018 0.0298444016313866
934727.844734861 2.01402 0.0255714680940501
935038.591817468 2.015022 0.0408644274010449
935349.338900075 2.016024 0.0508984675450727
935660.085982682 2.017026 0.0318289297819413
935970.833065288 2.018028 0.0358937513367459
936281.580147895 2.01903 0.0301043069305931
936592.327230502 2.020032 0.0289242409241077
936903.074313109 2.021034 0.0352488961196501
937213.821395716 2.022036 0.0361963476641133
937524.568478322 2.023038 0.0399157078083095
937835.315560929 2.02404 0.0343044560441352
938146.062643536 2.025042 0.0380339629985286
938456.809726143 2.026044 0.0379281107412169
938767.55680875 2.027046 0.0293872649732764
939078.303891356 2.028048 0.0318848587643844
939389.050973963 2.02905 0.0283954887806632
939699.79805657 2.030052 0.0368964494128278
940010.545139177 2.031054 0.0412734314611892
940321.292221783 2.032056 0.0350139612726755
940632.03930439 2.033058 0.0251399604745198
940942.786386997 2.03406 0.0441559175136328
941253.533469604 2.035062 0.0372254526756142
941564.280552211 2.036064 0.0290734537687032
941875.027634817 2.037066 0.0289750101370807
942185.774717424 2.038068 0.0351989330989064
942496.521800031 2.03907 0.0277045938039065
942807.268882638 2.040072 0.024698716623267
943118.015965244 2.041074 0.0328157446534986
943428.763047851 2.042076 0.0179553267017927
943739.510130458 2.043078 0.0258462269458292
944050.257213065 2.04408 0.027351123214548
944361.004295671 2.045082 0.0269307495982232
944671.751378278 2.046084 0.0396218013138201
944982.498460885 2.047086 0.0328040415217294
945293.245543492 2.048088 0.0372603860214159
945603.992626099 2.04909 0.0336922075037237
945914.739708705 2.050092 0.0420973217634159
946225.486791312 2.051094 0.0319561823126998
946536.233873919 2.052096 0.0462474605393238
946846.980956526 2.053098 0.0390839159459226
947157.728039133 2.0541 0.0263915604276716
947468.475121739 2.055102 0.0361292559772984
947779.222204346 2.056104 0.0385232496022615
948089.969286953 2.057106 0.037787996540402
948400.71636956 2.058108 0.0341091208416242
948711.463452167 2.05911 0.0381802283626212
949022.210534773 2.060112 0.0412878812700304
949332.95761738 2.061114 0.0438831258437289
949643.704699987 2.062116 0.0292941433382802
949954.451782593 2.063118 0.040535899139418
950265.1988652 2.06412 0.0334383030216123
950575.945947807 2.065122 0.0321649529633884
950886.693030414 2.066124 0.0272299783498853
951197.440113021 2.067126 0.0384132206254025
951508.187195627 2.068128 0.0229198276299614
951818.934278234 2.06913 0.0322438872223092
952129.681360841 2.070132 0.0339175729583026
952440.428443448 2.071134 0.037945974190341
952751.175526055 2.072136 0.0267974680774456
953061.922608661 2.073138 0.0333331224322035
953372.669691268 2.07414 0.0349755863364959
953683.416773875 2.075142 0.0392090425939496
953994.163856482 2.076144 0.0454654629804276
954304.910939088 2.077146 0.0380941264423808
954615.658021695 2.078148 0.0398047892017975
954926.405104302 2.07915 0.038392771817984
955237.152186909 2.080152 0.0390387617158539
955547.899269516 2.081154 0.0343304871474759
955858.646352122 2.082156 0.0422770683972986
956169.393434729 2.083158 0.0257463088136432
956480.140517336 2.08416 0.0341326505650667
956790.887599943 2.085162 0.0391011071276238
957101.63468255 2.086164 0.0480288335456243
957412.381765156 2.087166 0.0550481090353062
957723.128847763 2.088168 0.038532860911239
958033.87593037 2.08917 0.0363433884135119
958344.623012977 2.090172 0.033353088003276
958655.370095583 2.091174 0.0412059714093753
958966.11717819 2.092176 0.0392061287933462
959276.864260797 2.093178 0.0280008010693383
959587.611343404 2.09418 0.0409329955891267
959898.358426011 2.095182 0.0325980098020239
960209.105508617 2.096184 0.0371779178478935
960519.852591224 2.097186 0.0488548208260454
960830.599673831 2.098188 0.0370334119744652
961141.346756438 2.09919 0.0292419406314684
961452.093839045 2.100192 0.0425469925452912
961762.840921651 2.101194 0.029074994534375
962073.588004258 2.102196 0.0390889252700536
962384.335086865 2.103198 0.0362117874673625
962695.082169472 2.1042 0.0483812433260908
963005.829252079 2.105202 0.0432572727550589
963316.576334685 2.106204 0.0347948600650425
963627.323417292 2.107206 0.0438827200075774
963938.070499899 2.108208 0.0399802555054512
964248.817582506 2.10921 0.0396912293234213
964559.564665112 2.110212 0.0433259524642746
964870.311747719 2.111214 0.0372390864526486
965181.058830326 2.112216 0.03159434619568
965491.805912933 2.113218 0.0360899305900888
965802.55299554 2.11422 0.0378286484672368
966113.300078146 2.115222 0.0364831879366561
966424.047160753 2.116224 0.0314618580599021
966734.79424336 2.117226 0.0440648083786469
967045.541325967 2.118228 0.0442641751271191
967356.288408573 2.11923 0.0481910350720756
967667.03549118 2.120232 0.040435865501048
967977.782573787 2.121234 0.0512934009797687
968288.529656394 2.122236 0.0485057173688283
968599.276739001 2.123238 0.040116437666944
968910.023821607 2.12424 0.0427846027630677
969220.770904214 2.125242 0.0489070788836346
969531.517986821 2.126244 0.0556251294950625
969842.265069428 2.127246 0.0392096833096512
970153.012152035 2.128248 0.0382544797127667
970463.759234641 2.12925 0.0409642908804215
970774.506317248 2.130252 0.0427322615509357
971085.253399855 2.131254 0.0432909045903194
971396.000482462 2.132256 0.0422119585676919
971706.747565069 2.133258 0.03128372469417
972017.494647675 2.13426 0.0319194007465554
972328.241730282 2.135262 0.0298522872232883
972638.988812889 2.136264 0.0501538376427129
972949.735895496 2.137266 0.0349779811329236
973260.482978102 2.138268 0.0362438277849989
973571.230060709 2.13927 0.0325673730939499
973881.977143316 2.140272 0.0519815535203298
974192.724225923 2.141274 0.0488188299461117
974503.471308529 2.142276 0.0315928114886132
974814.218391136 2.143278 0.0268491916644056
975124.965473743 2.14428 0.041979691584215
975435.71255635 2.145282 0.0485608026199319
975746.459638957 2.146284 0.035814914751575
976057.206721563 2.147286 0.0409382596790424
976367.95380417 2.148288 0.0311379106572717
976678.700886777 2.14929 0.0342870386858594
976989.447969384 2.150292 0.0340212857509128
977300.19505199 2.151294 0.0263114442713595
977610.942134597 2.152296 0.0466965877069519
977921.689217204 2.153298 0.0498228356621048
978232.436299811 2.1543 0.0393590155477472
978543.183382418 2.155302 0.0501605592529363
978853.930465024 2.156304 0.0475482618086508
979164.677547631 2.157306 0.0439805415492464
979475.424630238 2.158308 0.0352977805714889
979786.171712845 2.15931 0.0408503167881094
980096.918795452 2.160312 0.0459516858096874
980407.665878058 2.161314 0.0439651195623307
980718.412960665 2.162316 0.0501426282125745
981029.160043272 2.163318 0.036842806733113
981339.907125878 2.16432 0.0547860022149285
981650.654208486 2.165322 0.0474997900562325
981961.401291092 2.166324 0.0452180929422606
982272.148373699 2.167326 0.0469465130864032
982582.895456306 2.168328 0.0457859011157168
982893.642538912 2.16933 0.0554048015476774
983204.389621519 2.170332 0.0478968998312767
983515.136704126 2.171334 0.0419760139996913
983825.883786733 2.172336 0.0418713262082888
984136.63086934 2.173338 0.0362151133062635
984447.377951946 2.17434 0.041579093010533
984758.125034553 2.175342 0.0384239800552479
985068.87211716 2.176344 0.0343847017021838
985379.619199767 2.177346 0.0424645988357766
985690.366282374 2.178348 0.0556998781916488
986001.11336498 2.17935 0.0294985649143534
986311.860447587 2.180352 0.0464054701892795
986622.607530194 2.181354 0.0579278682180913
986933.354612801 2.182356 0.037688726900014
987244.101695408 2.183358 0.038949609177099
987554.848778014 2.18436 0.0548926321456694
987865.595860621 2.185362 0.0527110594465327
988176.342943228 2.186364 0.036560396256054
988487.090025835 2.187366 0.0428821139172735
988797.837108442 2.188368 0.0460802940240705
989108.584191048 2.18937 0.048595726158268
989419.331273655 2.190372 0.0452723661427233
989730.078356262 2.191374 0.0494220476760153
990040.825438868 2.192376 0.043002415782726
990351.572521475 2.193378 0.0481626702204302
990662.319604082 2.19438 0.0460249006967177
990973.066686689 2.195382 0.0408724032150346
991283.813769296 2.196384 0.0480040767846796
991594.560851902 2.197386 0.0499640074331279
991905.307934509 2.198388 0.0480913812738919
992216.055017116 2.19939 0.0417101374209228
992526.802099723 2.200392 0.0426922757890441
992837.54918233 2.201394 0.0434425412204359
993148.296264936 2.202396 0.0478887526889004
993459.043347543 2.203398 0.0315424305478821
993769.79043015 2.2044 0.051679907406557
994080.537512757 2.205402 0.0421512514452246
994391.284595364 2.206404 0.0560281124686339
994702.03167797 2.207406 0.0414051911461504
995012.778760577 2.208408 0.047838402714622
995323.525843184 2.20941 0.0572021165204288
995634.272925791 2.210412 0.0460701142072663
995945.020008398 2.211414 0.0317677668906504
996255.767091004 2.212416 0.0494061737332146
996566.514173611 2.213418 0.0504877217001009
996877.261256218 2.21442 0.0421001388395253
997188.008338825 2.215422 0.0447465688580365
997498.755421431 2.216424 0.0441097773165361
997809.502504038 2.217426 0.0414255671689337
998120.249586645 2.218428 0.0446282493403191
998430.996669252 2.21943 0.0471404376271542
998741.743751859 2.220432 0.0391145552392038
999052.490834465 2.221434 0.0491311729668166
999363.237917072 2.222436 0.0476228154433879
999673.984999679 2.223438 0.044354978065723
999984.732082286 2.22444 0.0512166166720785
1000295.47916489 2.225442 0.042015065065642
1000606.2262475 2.226444 0.0455843423793249
1000916.97333011 2.227446 0.0557342773703187
1001227.72041271 2.228448 0.0465100265079242
1001538.46749532 2.22945 0.0466931354705387
1001849.21457793 2.230452 0.0454640788638613
1002159.96166053 2.231454 0.045341851097275
1002470.70874314 2.232456 0.0504822852117877
1002781.45582575 2.233458 0.054199193518764
1003092.20290835 2.23446 0.050706901203665
1003402.94999096 2.235462 0.0466898364219581
1003713.69707357 2.236464 0.0542180806505604
1004024.44415617 2.237466 0.0452133446307409
1004335.19123878 2.238468 0.0531270200493529
1004645.93832139 2.23947 0.0478252717405979
1004956.68540399 2.240472 0.0441099424691478
1005267.4324866 2.241474 0.0500144359582307
1005578.17956921 2.242476 0.0591474035459564
1005888.92665181 2.243478 0.0554019649850052
1006199.67373442 2.24448 0.0485662167610325
1006510.42081703 2.245482 0.053298647201931
1006821.16789964 2.246484 0.0469390461172144
1007131.91498224 2.247486 0.051135025357187
1007442.66206485 2.248488 0.0668527088907257
1007753.40914746 2.24949 0.0545145964751945
1008064.15623006 2.250492 0.0427062069742527
1008374.90331267 2.251494 0.0512930066898743
1008685.65039528 2.252496 0.0509168086426915
1008996.39747788 2.253498 0.0500741190228874
1009307.14456049 2.2545 0.0420252244873124
1009617.8916431 2.255502 0.0492342058400484
1009928.6387257 2.256504 0.0553256318010759
1010239.38580831 2.257506 0.057092418289173
1010550.13289092 2.258508 0.0481851239646907
1010860.87997352 2.25951 0.0565108198293309
1011171.62705613 2.260512 0.0500574468621197
1011482.37413874 2.261514 0.0562449314142786
1011793.12122134 2.262516 0.0407171789470707
1012103.86830395 2.263518 0.0508270733973114
1012414.61538656 2.26452 0.0506201162127651
1012725.36246916 2.265522 0.0534594171867819
1013036.10955177 2.266524 0.0511068902200315
1013346.85663438 2.267526 0.0487562008723479
1013657.60371698 2.268528 0.0506451429614762
1013968.35079959 2.26953 0.0472197891974313
1014279.0978822 2.270532 0.041847937863009
1014589.8449648 2.271534 0.0420613441776972
1014900.59204741 2.272536 0.0460714961082514
1015211.33913002 2.273538 0.0568367681465946
1015522.08621262 2.27454 0.0538118381808572
1015832.83329523 2.275542 0.0516134910411229
1016143.58037784 2.276544 0.0495696743383287
1016454.32746045 2.277546 0.0492668771292519
1016765.07454305 2.278548 0.0552125446688849
1017075.82162566 2.27955 0.0416155766821964
1017386.56870827 2.280552 0.0452513435370012
1017697.31579087 2.281554 0.0488863210651361
1018008.06287348 2.282556 0.051377389467723
1018318.80995609 2.283558 0.0483666289827287
1018629.55703869 2.28456 0.0553995295857659
1018940.3041213 2.285562 0.0507867312216959
1019251.05120391 2.286564 0.0499710734871761
1019561.79828651 2.287566 0.0452959987389947
1019872.54536912 2.288568 0.0582084489077336
1020183.29245173 2.28957 0.0467118299093719
1020494.03953433 2.290572 0.0500593543970622
1020804.78661694 2.291574 0.0566531260346123
1021115.53369955 2.292576 0.0513988728822872
1021426.28078215 2.293578 0.0467077635872936
1021737.02786476 2.29458 0.0449835850680618
1022047.77494737 2.295582 0.046635976028143
1022358.52202997 2.296584 0.0517939481762001
1022669.26911258 2.297586 0.0613655167462276
1022980.01619519 2.298588 0.0429233845683971
1023290.76327779 2.29959 0.0400268797558616
1023601.5103604 2.300592 0.050202433426839
1023912.25744301 2.301594 0.0676019729114973
1024223.00452561 2.302596 0.0606688141756733
1024533.75160822 2.303598 0.0540974514047208
1024844.49869083 2.3046 0.0594053764377417
1025155.24577343 2.305602 0.0541722871959372
1025465.99285604 2.306604 0.0530847820399098
1025776.73993865 2.307606 0.0599317846065919
1026087.48702126 2.308608 0.0613401884134986
1026398.23410386 2.30961 0.0460722575933573
1026708.98118647 2.310612 0.0565687441365582
1027019.72826908 2.311614 0.0595491962939899
1027330.47535168 2.312616 0.0603563846644342
1027641.22243429 2.313618 0.0585934230988012
1027951.9695169 2.31462 0.0523265872342749
1028262.7165995 2.315622 0.0623735621166474
1028573.46368211 2.316624 0.0568460100064369
1028884.21076472 2.317626 0.0578082877907864
1029194.95784732 2.318628 0.0586486895280145
1029505.70492993 2.31963 0.0460886483521914
1029816.45201254 2.320632 0.0543571060312455
1030127.19909514 2.321634 0.0543693252165682
1030437.94617775 2.322636 0.0611232577895688
1030748.69326036 2.323638 0.0587847600241811
1031059.44034296 2.32464 0.0684901844173363
1031370.18742557 2.325642 0.0518989692934166
1031680.93450818 2.326644 0.0504314887754062
1031991.68159078 2.327646 0.0651454841195502
1032302.42867339 2.328648 0.0569866174320064
1032613.175756 2.32965 0.0498777417749139
1032923.9228386 2.330652 0.0547170468146854
1033234.66992121 2.331654 0.0632667256702142
1033545.41700382 2.332656 0.0526379862856199
1033856.16408643 2.333658 0.0523886941781265
1034166.91116903 2.33466 0.0546833185870381
1034477.65825164 2.335662 0.0554180835953709
1034788.40533425 2.336664 0.0638168126242128
1035099.15241685 2.337666 0.053551409864003
1035409.89949946 2.338668 0.0676508876430344
1035720.64658207 2.33967 0.0581569971677317
1036031.39366467 2.340672 0.0581195037463038
1036342.14074728 2.341674 0.0620058123361828
1036652.88782989 2.342676 0.0581255123226941
1036963.63491249 2.343678 0.0515067670516002
1037274.3819951 2.34468 0.0661542188934925
1037585.12907771 2.345682 0.0569939533210485
1037895.87616031 2.346684 0.0644298961116602
1038206.62324292 2.347686 0.0659281833521057
1038517.37032553 2.348688 0.0603336161274415
1038828.11740813 2.34969 0.0636712959423987
1039138.86449074 2.350692 0.0578091023715194
1039449.61157335 2.351694 0.0564398660213235
1039760.35865595 2.352696 0.0548678372068012
1040071.10573856 2.353698 0.0560963399978068
1040381.85282117 2.3547 0.0589968983860731
1040692.59990377 2.355702 0.0605321820692412
1041003.34698638 2.356704 0.0574093665289798
1041314.09406899 2.357706 0.0704583429081597
1041624.84115159 2.358708 0.047707686247155
1041935.5882342 2.35971 0.0638590998895702
1042246.33531681 2.360712 0.0643854699472019
1042557.08239942 2.361714 0.0507115441789946
1042867.82948202 2.362716 0.0514256774847537
1043178.57656463 2.363718 0.072062805014316
1043489.32364724 2.36472 0.0718465804126013
1043800.07072984 2.365722 0.0662147680728477
1044110.81781245 2.366724 0.0639890214607873
1044421.56489506 2.367726 0.0670088821364644
1044732.31197766 2.368728 0.0767916369033784
1045043.05906027 2.36973 0.0611118248084939
1045353.80614288 2.370732 0.0629064915167466
1045664.55322548 2.371734 0.0625839638163768
1045975.30030809 2.372736 0.0617177333119927
1046286.0473907 2.373738 0.0600717477939353
1046596.7944733 2.37474 0.0713021877489773
1046907.54155591 2.375742 0.0628979442624671
1047218.28863852 2.376744 0.0579444377340282
1047529.03572112 2.377746 0.0716095023076595
1047839.78280373 2.378748 0.0635805391721127
1048150.52988634 2.37975 0.0598945417716911
1048461.27696894 2.380752 0.0609683972038969
1048772.02405155 2.381754 0.0587345536006115
1049082.77113416 2.382756 0.0648363517905555
1049393.51821676 2.383758 0.0545558824611605
1049704.26529937 2.38476 0.0682839965494818
1050015.01238198 2.385762 0.0589545627530035
1050325.75946458 2.386764 0.0597644917750371
1050636.50654719 2.387766 0.0614675334322036
1050947.2536298 2.388768 0.0666331527812199
1051258.0007124 2.38977 0.0740529689918307
1051568.74779501 2.390772 0.0709622789168372
1051879.49487762 2.391774 0.0582117268961027
1052190.24196022 2.392776 0.0678678029606205
1052500.98904283 2.393778 0.0659180497750927
1052811.73612544 2.39478 0.0647283617700832
1053122.48320805 2.395782 0.0568426077731387
1053433.23029065 2.396784 0.0612007691367618
1053743.97737326 2.397786 0.0647274395287777
1054054.72445587 2.398788 0.0660877875621779
1054365.47153847 2.39979 0.0589860061007435
1054676.21862108 2.400792 0.055713400845942
1054986.96570369 2.401794 0.0556461714724794
1055297.71278629 2.402796 0.0663002118632811
1055608.4598689 2.403798 0.0684508484927962
1055919.20695151 2.4048 0.0680398201511582
1056229.95403411 2.405802 0.0671720330612637
1056540.70111672 2.406804 0.0734490096545816
1056851.44819933 2.407806 0.0608572584588698
1057162.19528193 2.408808 0.0657980095307524
1057472.94236454 2.40981 0.0649356685756837
1057783.68944715 2.410812 0.061952108778239
1058094.43652975 2.411814 0.0688386640197061
1058405.18361236 2.412816 0.0604976488029345
1058715.93069497 2.413818 0.0618694256308838
1059026.67777757 2.41482 0.0729929976713577
1059337.42486018 2.415822 0.0711327706220247
1059648.17194279 2.416824 0.067864157902905
1059958.91902539 2.417826 0.0711413045095652
1060269.666108 2.418828 0.0754817534364315
1060580.41319061 2.41983 0.0786638510421709
1060891.16027322 2.420832 0.0775875170541373
1061201.90735582 2.421834 0.0753476473496473
1061512.65443843 2.422836 0.076143873305166
1061823.40152104 2.423838 0.0635489253173732
1062134.14860364 2.42484 0.0656804026049109
1062444.89568625 2.425842 0.0666391030624943
1062755.64276886 2.426844 0.0751182301426739
1063066.38985146 2.427846 0.0788138642190815
1063377.13693407 2.428848 0.0655914360433152
1063687.88401668 2.42985 0.0735206944340023
1063998.63109928 2.430852 0.0644903275728958
1064309.37818189 2.431854 0.0741426408731205
1064620.1252645 2.432856 0.0652619606132279
1064930.8723471 2.433858 0.0736313517394764
1065241.61942971 2.43486 0.06714667921555
1065552.36651232 2.435862 0.0688989672268678
1065863.11359492 2.436864 0.0709459388810093
1066173.86067753 2.437866 0.0710012571433666
1066484.60776014 2.438868 0.0545065617775938
1066795.35484274 2.43987 0.0693042618520649
1067106.10192535 2.440872 0.0710932530082038
1067416.84900796 2.441874 0.0742059569637099
1067727.59609056 2.442876 0.0760110197444862
1068038.34317317 2.443878 0.0683061765776827
1068349.09025578 2.44488 0.0710528751450838
1068659.83733838 2.445882 0.062036505840948
1068970.58442099 2.446884 0.06700111978851
1069281.3315036 2.447886 0.069407337182073
1069592.07858621 2.448888 0.0779580611490749
1069902.82566881 2.44989 0.0695786536257399
1070213.57275142 2.450892 0.0734301086022928
1070524.31983403 2.451894 0.0699003074379709
1070835.06691663 2.452896 0.0775030990057236
1071145.81399924 2.453898 0.0804296492942621
1071456.56108185 2.4549 0.0712342644528856
1071767.30816445 2.455902 0.0803829850004052
1072078.05524706 2.456904 0.0720417157505603
1072388.80232967 2.457906 0.0781479285341731
1072699.54941227 2.458908 0.0811257680997708
1073010.29649488 2.45991 0.0771155445708098
1073321.04357749 2.460912 0.07652314858828
1073631.79066009 2.461914 0.0801723587646497
1073942.5377427 2.462916 0.0831996801587189
1074253.28482531 2.463918 0.0845279551452224
1074564.03190791 2.46492 0.0802903840622909
1074874.77899052 2.465922 0.078094849606517
1075185.52607313 2.466924 0.0762536468164959
1075496.27315573 2.467926 0.0815013200730676
1075807.02023834 2.468928 0.0765935971093768
1076117.76732095 2.46993 0.07637517875168
1076428.51440355 2.470932 0.0829964336010505
1076739.26148616 2.471934 0.0831170804216186
1077050.00856877 2.472936 0.081947554479223
1077360.75565137 2.473938 0.0921542363214294
1077671.50273398 2.47494 0.0821254393611026
1077982.24981659 2.475942 0.0804691061867971
1078292.9968992 2.476944 0.0701496937401929
1078603.7439818 2.477946 0.0809446203257026
1078914.49106441 2.478948 0.0726357738015352
1079225.23814702 2.47995 0.0843920977679799
1079535.98522962 2.480952 0.0757677443009545
1079846.73231223 2.481954 0.0773592399373314
1080157.47939484 2.482956 0.0873299510075985
1080468.22647744 2.483958 0.0848381384347981
1080778.97356005 2.48496 0.0750367881908199
1081089.72064266 2.485962 0.0838861237925737
1081400.46772526 2.486964 0.078215898522746
1081711.21480787 2.487966 0.0753637850194898
1082021.96189048 2.488968 0.0734861841378723
1082332.70897308 2.48997 0.0777235071574672
1082643.45605569 2.490972 0.0793048840495783
1082954.2031383 2.491974 0.0779728475177429
1083264.9502209 2.492976 0.072296689918432
1083575.69730351 2.493978 0.0804588108503691
1083886.44438612 2.49498 0.0826572764085517
1084197.19146872 2.495982 0.078435454480414
1084507.93855133 2.496984 0.0819791165520248
1084818.68563394 2.497986 0.0849878860383838
1085129.43271654 2.498988 0.0867521716638854
1085440.17979915 2.49999 0.0726118271638027
1085750.92688176 2.500992 0.0794434940630931
1086061.67396436 2.501994 0.0780927505582014
1086372.42104697 2.502996 0.07543942198677
1086683.16812958 2.503998 0.0769364698394761
1086993.91521218 2.505 0.0783514839822517
1087304.66229479 2.506002 0.0763760468334642
1087615.4093774 2.507004 0.0877102418051459
1087926.15646001 2.508006 0.0820989314783334
1088236.90354261 2.509008 0.0975951629841261
1088547.65062522 2.51001 0.079740278572525
1088858.39770783 2.511012 0.0955448464910726
1089169.14479043 2.512014 0.087258272192127
1089479.89187304 2.513016 0.0926785083766786
1089790.63895565 2.514018 0.0979546699617224
1090101.38603825 2.51502 0.0819870422228771
1090412.13312086 2.516022 0.0857742659111379
1090722.88020347 2.517024 0.0859896410857254
1091033.62728607 2.518026 0.0886780535996523
1091344.37436868 2.519028 0.0772069025997949
1091655.12145129 2.52003 0.0854446808600668
1091965.86853389 2.521032 0.0983606535325968
1092276.6156165 2.522034 0.0928856835850211
1092587.36269911 2.523036 0.0927122819260327
1092898.10978171 2.524038 0.0867511870270605
1093208.85686432 2.52504 0.0896776194721129
1093519.60394693 2.526042 0.0811372481605094
1093830.35102953 2.527044 0.0869789447109643
1094141.09811214 2.528046 0.089818316402559
1094451.84519475 2.529048 0.0992431100739252
1094762.59227735 2.53005 0.0948840301613504
1095073.33935996 2.531052 0.0963384395901612
1095384.08644257 2.532054 0.0940885563655684
1095694.83352517 2.533056 0.0919896044393807
1096005.58060778 2.534058 0.0817708013505986
1096316.32769039 2.53506 0.101332776618384
1096627.074773 2.536062 0.0938024453833146
1096937.8218556 2.537064 0.0947671275916753
1097248.56893821 2.538066 0.0925542260281265
1097559.31602082 2.539068 0.0920019970803718
1097870.06310342 2.54007 0.0891855968718895
1098180.81018603 2.541072 0.0955655791275956
1098491.55726864 2.542074 0.0995321097121202
1098802.30435124 2.543076 0.0929248574701836
1099113.05143385 2.544078 0.0865984258090901
1099423.79851646 2.54508 0.0987289717674502
1099734.54559906 2.546082 0.103278938366965
1100045.29268167 2.547084 0.096732231598179
1100356.03976428 2.548086 0.0978080933044156
1100666.78684688 2.549088 0.112068546522403
1100977.53392949 2.55009 0.108618325289513
1101288.2810121 2.551092 0.10807400523828
1101599.0280947 2.552094 0.0974793339251008
1101909.77517731 2.553096 0.0959939198269636
1102220.52225992 2.554098 0.0893265342272608
1102531.26934252 2.5551 0.105411237374767
1102842.01642513 2.556102 0.0923482044543348
1103152.76350774 2.557104 0.0978766979634292
1103463.51059034 2.558106 0.11638811660384
1103774.25767295 2.559108 0.100566405939453
1104085.00475556 2.56011 0.103403568377303
1104395.75183816 2.561112 0.0901240133541758
1104706.49892077 2.562114 0.0954869300788327
1105017.24600338 2.563116 0.096731908472048
1105327.99308599 2.564118 0.0922576451168383
1105638.74016859 2.56512 0.101839701712289
1105949.4872512 2.566122 0.0945180029869988
1106260.23433381 2.567124 0.102953422809263
1106570.98141641 2.568126 0.109666869870058
1106881.72849902 2.569128 0.102349747929962
1107192.47558163 2.57013 0.0884300164553941
1107503.22266423 2.571132 0.0993152530385529
1107813.96974684 2.572134 0.112864970172902
1108124.71682945 2.573136 0.105667622793508
1108435.46391205 2.574138 0.109883484289724
1108746.21099466 2.57514 0.105592533323839
1109056.95807727 2.576142 0.103863903351541
1109367.70515987 2.577144 0.107435960240202
1109678.45224248 2.578146 0.108474454097827
1109989.19932509 2.579148 0.112093365133694
1110299.94640769 2.58015 0.111936506149296
1110610.6934903 2.581152 0.108703371123833
1110921.44057291 2.582154 0.108904171713198
1111232.18765551 2.583156 0.104929652069338
1111542.93473812 2.584158 0.110746169680209
1111853.68182073 2.58516 0.109264461810938
1112164.42890333 2.586162 0.104154376369553
1112475.17598594 2.587164 0.127756708629696
1112785.92306855 2.588166 0.11490069004468
1113096.67015115 2.589168 0.106653994466798
1113407.41723376 2.59017 0.119128660738563
1113718.16431637 2.591172 0.114421648403732
1114028.91139897 2.592174 0.0962195520432102
1114339.65848158 2.593176 0.115152481136458
1114650.40556419 2.594178 0.10758233859335
1114961.1526468 2.59518 0.115091537364074
1115271.8997294 2.596182 0.118618029279784
1115582.64681201 2.597184 0.113483372922096
1115893.39389462 2.598186 0.116504512322734
1116204.14097722 2.599188 0.112139209753843
1116514.88805983 2.60019 0.113978720922446
1116825.63514244 2.601192 0.11663045139115
1117136.38222504 2.602194 0.121832895078585
1117447.12930765 2.603196 0.124716668834648
1117757.87639026 2.604198 0.125003764661376
1118068.62347286 2.6052 0.109515691991175
1118379.37055547 2.606202 0.125123296770395
1118690.11763808 2.607204 0.109120445234395
1119000.86472068 2.608206 0.126398459655208
1119311.61180329 2.609208 0.12324034298253
1119622.3588859 2.61021 0.120645005888389
1119933.1059685 2.611212 0.114705777469269
1120243.85305111 2.612214 0.121866583775426
1120554.60013372 2.613216 0.12228877222269
1120865.34721632 2.614218 0.121757221990734
1121176.09429893 2.61522 0.112698969155848
1121486.84138154 2.616222 0.134025743106646
1121797.58846414 2.617224 0.129395058010459
1122108.33554675 2.618226 0.131762038436796
1122419.08262936 2.619228 0.12084226828095
1122729.82971196 2.62023 0.129461917134562
1123040.57679457 2.621232 0.132924082177795
1123351.32387718 2.622234 0.121846352611877
1123662.07095979 2.623236 0.140435496660091
1123972.81804239 2.624238 0.125870209692419
1124283.565125 2.62524 0.120325421899624
1124594.31220761 2.626242 0.132971002051384
1124905.05929021 2.627244 0.125047129676114
1125215.80637282 2.628246 0.127841488791462
1125526.55345543 2.629248 0.13495803605515
1125837.30053803 2.63025 0.136829503473886
1126148.04762064 2.631252 0.132455792535487
1126458.79470325 2.632254 0.132590112134531
1126769.54178585 2.633256 0.127648074411366
1127080.28886846 2.634258 0.125312351772485
1127391.03595107 2.63526 0.133329994845582
1127701.78303367 2.636262 0.138105038184188
1128012.53011628 2.637264 0.13483907439299
1128323.27719889 2.638266 0.127890007755948
1128634.02428149 2.639268 0.137510956928173
1128944.7713641 2.64027 0.13707981971968
1129255.51844671 2.641272 0.135972905064042
1129566.26552931 2.642274 0.13210221296076
1129877.01261192 2.643276 0.136260943809037
1130187.75969453 2.644278 0.143269856724794
1130498.50677713 2.64528 0.13137887983058
1130809.25385974 2.646282 0.144838768083102
1131120.00094235 2.647284 0.130209303300298
1131430.74802495 2.648286 0.135397054754448
1131741.49510756 2.649288 0.133753830802045
1132052.24219017 2.65029 0.139273230328855
1132362.98927278 2.651292 0.133284745252957
1132673.73635538 2.652294 0.14503749446391
1132984.48343799 2.653296 0.140530740380258
1133295.2305206 2.654298 0.139414641275034
1133605.9776032 2.6553 0.143261231745628
1133916.72468581 2.656302 0.128862960688597
1134227.47176842 2.657304 0.132827274391155
1134538.21885102 2.658306 0.145694185853898
1134848.96593363 2.659308 0.13764311809451
1135159.71301624 2.66031 0.144605327160487
1135470.46009884 2.661312 0.150503145386807
1135781.20718145 2.662314 0.147703571970813
1136091.95426406 2.663316 0.142223317175377
1136402.70134666 2.664318 0.153598091093602
1136713.44842927 2.66532 0.159343689828572
1137024.19551188 2.666322 0.150169075494495
1137334.94259448 2.667324 0.149066186757344
1137645.68967709 2.668326 0.154560246344478
1137956.4367597 2.669328 0.147741209079269
1138267.1838423 2.67033 0.151216986408605
1138577.93092491 2.671332 0.151050557748918
1138888.67800752 2.672334 0.153940454391646
1139199.42509012 2.673336 0.150329190231462
1139510.17217273 2.674338 0.158040423033155
1139820.91925534 2.67534 0.15899778425789
1140131.66633794 2.676342 0.156787440091352
1140442.41342055 2.677344 0.158420774733774
1140753.16050316 2.678346 0.160006984530202
1141063.90758577 2.679348 0.164610752915128
1141374.65466837 2.68035 0.161546824635104
1141685.40175098 2.681352 0.168308468629308
1141996.14883359 2.682354 0.169699723402395
1142306.89591619 2.683356 0.153752702321064
1142617.6429988 2.684358 0.157077831850715
1142928.39008141 2.68536 0.167709691150187
1143239.13716401 2.686362 0.166077597762522
1143549.88424662 2.687364 0.167139074362057
1143860.63132923 2.688366 0.164126871578449
1144171.37841183 2.689368 0.168993344375842
1144482.12549444 2.69037 0.170680657397394
1144792.87257705 2.691372 0.179607233878681
1145103.61965965 2.692374 0.166185258065705
1145414.36674226 2.693376 0.160951541432189
1145725.11382487 2.694378 0.1708544614813
1146035.86090747 2.69538 0.165795118215118
1146346.60799008 2.696382 0.162235040019868
1146657.35507269 2.697384 0.170822037760813
1146968.10215529 2.698386 0.171337271920909
1147278.8492379 2.699388 0.173627800393247
1147589.59632051 2.70039 0.166147459927408
1147900.34340311 2.701392 0.17695452217525
1148211.09048572 2.702394 0.183140381956407
1148521.83756833 2.703396 0.170398941982828
1148832.58465093 2.704398 0.180733975818023
1149143.33173354 2.7054 0.185102283210292
1149454.07881615 2.706402 0.170984431041468
1149764.82589876 2.707404 0.174122304669495
1150075.57298136 2.708406 0.185898902283112
1150386.32006397 2.709408 0.188511855244617
1150697.06714658 2.71041 0.186255546379063
1151007.81422918 2.711412 0.185963752132962
1151318.56131179 2.712414 0.189399525874948
1151629.3083944 2.713416 0.186363233218919
1151940.055477 2.714418 0.180365273786314
1152250.80255961 2.71542 0.192878192808845
1152561.54964222 2.716422 0.192491595417116
1152872.29672482 2.717424 0.19052230316123
1153183.04380743 2.718426 0.182383005057554
1153493.79089004 2.719428 0.195547726989709
1153804.53797264 2.72043 0.196903719218247
1154115.28505525 2.721432 0.199591621616793
1154426.03213786 2.722434 0.187563630298183
1154736.77922046 2.723436 0.184782581509332
1155047.52630307 2.724438 0.195115492306037
1155358.27338568 2.72544 0.199372920852714
1155669.02046828 2.726442 0.198709061413691
1155979.76755089 2.727444 0.191620504215947
1156290.5146335 2.728446 0.20064234452807
1156601.2617161 2.729448 0.201350222528054
1156912.00879871 2.73045 0.197579939541214
1157222.75588132 2.731452 0.189434276264433
1157533.50296392 2.732454 0.210780832366686
1157844.25004653 2.733456 0.196004233995412
1158154.99712914 2.734458 0.205847968336096
1158465.74421175 2.73546 0.209759741301724
1158776.49129435 2.736462 0.208047489805881
1159087.23837696 2.737464 0.214944006502382
1159397.98545957 2.738466 0.198611317543876
1159708.73254217 2.739468 0.198540392128688
1160019.47962478 2.74047 0.21364452670267
1160330.22670739 2.741472 0.211343588313487
1160640.97378999 2.742474 0.217438572246831
1160951.7208726 2.743476 0.215458344887946
1161262.46795521 2.744478 0.208559814029709
1161573.21503781 2.74548 0.204764358938807
1161883.96212042 2.746482 0.201417731364629
1162194.70920303 2.747484 0.216680190765148
1162505.45628563 2.748486 0.220690698822667
1162816.20336824 2.749488 0.21783306121979
1163126.95045085 2.75049 0.23189481937258
1163437.69753345 2.751492 0.221626648283368
1163748.44461606 2.752494 0.225309907645491
1164059.19169867 2.753496 0.22887988866761
1164369.93878127 2.754498 0.222432803219749
1164680.68586388 2.7555 0.217798650797118
1164991.43294649 2.756502 0.229278992364799
1165302.18002909 2.757504 0.221892287566238
1165612.9271117 2.758506 0.205910604756242
1165923.67419431 2.759508 0.210425770098209
1166234.42127691 2.76051 0.221862334955099
1166545.16835952 2.761512 0.227161025338858
1166855.91544213 2.762514 0.223060133319598
1167166.66252473 2.763516 0.229170923407218
1167477.40960734 2.764518 0.231446299243063
1167788.15668995 2.76552 0.22662217266497
1168098.90377256 2.766522 0.236223134770761
1168409.65085516 2.767524 0.24003024058106
1168720.39793777 2.768526 0.245161989402909
1169031.14502038 2.769528 0.237226894937836
1169341.89210298 2.77053 0.24718105125631
1169652.63918559 2.771532 0.233626715630114
1169963.3862682 2.772534 0.236429524367159
1170274.1333508 2.773536 0.243777069766838
1170584.88043341 2.774538 0.237335010534771
1170895.62751602 2.77554 0.256387896526232
1171206.37459862 2.776542 0.238914700797685
1171517.12168123 2.777544 0.240386970475227
1171827.86876384 2.778546 0.242426882848719
1172138.61584644 2.779548 0.251641942916191
1172449.36292905 2.78055 0.249637589515978
1172760.11001166 2.781552 0.255709827267734
1173070.85709426 2.782554 0.252595818947748
1173381.60417687 2.783556 0.255417216986806
1173692.35125948 2.784558 0.25060666298569
1174003.09834208 2.78556 0.244036732557099
1174313.84542469 2.786562 0.255155912888151
1174624.5925073 2.787564 0.257686320801746
1174935.3395899 2.788566 0.263890699976477
1175246.08667251 2.789568 0.256141221932601
1175556.83375512 2.79057 0.259660691158967
1175867.58083772 2.791572 0.269971361326862
1176178.32792033 2.792574 0.270887083328729
1176489.07500294 2.793576 0.273812981203479
1176799.82208555 2.794578 0.2680794443598
1177110.56916815 2.79558 0.278174336689422
1177421.31625076 2.796582 0.27181823501245
1177732.06333337 2.797584 0.273350409945088
1178042.81041597 2.798586 0.267432856794102
1178353.55749858 2.799588 0.268215827966971
1178664.30458119 2.80059 0.285061568769531
1178975.05166379 2.801592 0.276674226909878
1179285.7987464 2.802594 0.280443906569745
1179596.54582901 2.803596 0.293069186710727
1179907.29291161 2.804598 0.287234701078384
1180218.03999422 2.8056 0.291307933226796
1180528.78707683 2.806602 0.277953797058101
1180839.53415943 2.807604 0.283948349786726
1181150.28124204 2.808606 0.281469962933129
1181461.02832465 2.809608 0.285051654763775
1181771.77540725 2.81061 0.292810931058383
1182082.52248986 2.811612 0.283406803828993
1182393.26957247 2.812614 0.290895086120851
1182704.01665507 2.813616 0.290326293222242
1183014.76373768 2.814618 0.295517733431443
1183325.51082029 2.81562 0.298113049394983
1183636.25790289 2.816622 0.290769573368215
1183947.0049855 2.817624 0.306976757805993
1184257.75206811 2.818626 0.302653516878316
1184568.49915071 2.819628 0.301014479494792
1184879.24623332 2.82063 0.290744582605684
1185189.99331593 2.821632 0.30522355249502
1185500.74039854 2.822634 0.302120610519158
1185811.48748114 2.823636 0.311481112402085
1186122.23456375 2.824638 0.316922221273339
1186432.98164636 2.82564 0.315147974221425
1186743.72872896 2.826642 0.306268367766407
1187054.47581157 2.827644 0.309019131975456
1187365.22289418 2.828646 0.313328656536442
1187675.96997678 2.829648 0.311996035962781
1187986.71705939 2.83065 0.306697400573176
1188297.464142 2.831652 0.327081820685269
1188608.2112246 2.832654 0.318725687417244
1188918.95830721 2.833656 0.318802556684629
1189229.70538982 2.834658 0.324352775769936
1189540.45247242 2.83566 0.329483608360276
1189851.19955503 2.836662 0.325840215929581
1190161.94663764 2.837664 0.336371139935773
1190472.69372024 2.838666 0.333130890772764
1190783.44080285 2.839668 0.3326452558903
1191094.18788546 2.84067 0.331876986584988
1191404.93496806 2.841672 0.325547925262845
1191715.68205067 2.842674 0.33477081924015
1192026.42913328 2.843676 0.324267445609248
1192337.17621588 2.844678 0.328033109021447
1192647.92329849 2.84568 0.34182429350832
1192958.6703811 2.846682 0.343603501314065
1193269.4174637 2.847684 0.335764957663263
1193580.16454631 2.848686 0.337059344295691
1193890.91162892 2.849688 0.346430980296747
1194201.65871153 2.85069 0.347052290556584
1194512.40579413 2.851692 0.349946844106727
1194823.15287674 2.852694 0.348661221199814
1195133.89995935 2.853696 0.358222221423128
1195444.64704195 2.854698 0.34720068206373
1195755.39412456 2.8557 0.359485014549412
1196066.14120717 2.856702 0.338186626424547
1196376.88828977 2.857704 0.335946541881933
1196687.63537238 2.858706 0.337061945943197
1196998.38245499 2.859708 0.32188777006618
1197309.12953759 2.86071 0.32433105671382
1197619.8766202 2.861712 0.31443073188923
1197930.62370281 2.862714 0.329927654311728
1198241.37078541 2.863716 0.327421324694407
1198552.11786802 2.864718 0.344899481253767
1198862.86495063 2.86572 0.326705274730541
1199173.61203323 2.866722 0.343333347830313
1199484.35911584 2.867724 0.34830856269349
1199795.10619845 2.868726 0.343869775628989
1200105.85328105 2.869728 0.32705900912333
1200416.60036366 2.87073 0.349018522220753
1200727.34744627 2.871732 0.347299387542268
1201038.09452887 2.872734 0.347233411442347
1201348.84161148 2.873736 0.341080963430321
1201659.58869409 2.874738 0.351473171431501
1201970.33577669 2.87574 0.344151432740682
1202281.0828593 2.876742 0.343744700417572
1202591.82994191 2.877744 0.3395598271522
1202902.57702452 2.878746 0.332324653625391
1203213.32410712 2.879748 0.333117978626758
1203524.07118973 2.88075 0.324095228372597
1203834.81827234 2.881752 0.307290092297433
1204145.56535494 2.882754 0.306382052821285
1204456.31243755 2.883756 0.308119904955577
1204767.05952016 2.884758 0.307854263158519
1205077.80660276 2.88576 0.304582591576793
1205388.55368537 2.886762 0.306040665799866
1205699.30076798 2.887764 0.308603099933552
1206010.04785058 2.888766 0.302404734101431
1206320.79493319 2.889768 0.320326991929474
1206631.5420158 2.89077 0.309147475024754
1206942.2890984 2.891772 0.314699755152975
1207253.03618101 2.892774 0.308375586055583
1207563.78326362 2.893776 0.306866720735829
1207874.53034622 2.894778 0.304992198683189
1208185.27742883 2.89578 0.319088726113332
1208496.02451144 2.896782 0.314419131879687
1208806.77159404 2.897784 0.323940885888241
1209117.51867665 2.898786 0.316515278925243
1209428.26575926 2.899788 0.319624930233139
1209739.01284186 2.90079 0.315958318799683
1210049.75992447 2.901792 0.319616963346357
1210360.50700708 2.902794 0.322173443597869
1210671.25408968 2.903796 0.322547661611996
1210982.00117229 2.904798 0.319990243468477
1211292.7482549 2.9058 0.321276630675351
1211603.49533751 2.906802 0.326331900946676
1211914.24242011 2.907804 0.329016293582753
1212224.98950272 2.908806 0.326223236782769
1212535.73658533 2.909808 0.335976888134321
1212846.48366793 2.91081 0.337346944570547
1213157.23075054 2.911812 0.33771847737726
1213467.97783315 2.912814 0.338739556971538
1213778.72491575 2.913816 0.342375862587119
1214089.47199836 2.914818 0.348302946761797
1214400.21908097 2.91582 0.337529418860658
1214710.96616357 2.916822 0.349088836563648
1215021.71324618 2.917824 0.343838448038452
1215332.46032879 2.918826 0.365123192855309
1215643.20741139 2.919828 0.350863907461343
1215953.954494 2.92083 0.361376881582215
1216264.70157661 2.921832 0.353315326353803
1216575.44865921 2.922834 0.361261542229622
1216886.19574182 2.923836 0.362618452987025
1217196.94282443 2.924838 0.363159551399249
1217507.68990703 2.92584 0.366935507835347
1217818.43698964 2.926842 0.367464788533618
1218129.18407225 2.927844 0.354184794898013
1218439.93115485 2.928846 0.374267905731251
1218750.67823746 2.929848 0.362602228638835
1219061.42532007 2.93085 0.370149423695875
1219372.17240267 2.931852 0.365201034394455
1219682.91948528 2.932854 0.385244926754057
1219993.66656789 2.933856 0.37615353308302
1220304.41365049 2.934858 0.376788060050837
1220615.1607331 2.93586 0.392289413284465
1220925.90781571 2.936862 0.380029792933437
1221236.65489832 2.937864 0.393809908668382
1221547.40198092 2.938866 0.389242972898833
1221858.14906353 2.939868 0.38354763857153
1222168.89614614 2.94087 0.399612442745779
1222479.64322874 2.941872 0.402366912335766
1222790.39031135 2.942874 0.39405954075272
1223101.13739396 2.943876 0.395609499068472
1223411.88447656 2.944878 0.396584412919296
1223722.63155917 2.94588 0.405187758196234
1224033.37864178 2.946882 0.401905830365563
1224344.12572438 2.947884 0.39503259751344
1224654.87280699 2.948886 0.409987085771402
1224965.6198896 2.949888 0.409117872958872
1225276.3669722 2.95089 0.41586100778131
1225587.11405481 2.951892 0.411467509440633
1225897.86113742 2.952894 0.414929030056078
1226208.60822002 2.953896 0.410430974381697
1226519.35530263 2.954898 0.416382088795304
1226830.10238524 2.9559 0.424146522662226
1227140.84946784 2.956902 0.421645093279212
1227451.59655045 2.957904 0.426016720811615
1227762.34363306 2.958906 0.430282879554268
1228073.09071566 2.959908 0.431560943555616
1228383.83779827 2.96091 0.434865406685453
1228694.58488088 2.961912 0.431774452785927
1229005.33196348 2.962914 0.432986135548251
1229316.07904609 2.963916 0.440363342250924
1229626.8261287 2.964918 0.446145682015483
1229937.57321131 2.96592 0.437546495483943
1230248.32029391 2.966922 0.452677937958207
1230559.06737652 2.967924 0.444613044929581
1230869.81445913 2.968926 0.45916769374685
1231180.56154173 2.969928 0.46427957510586
1231491.30862434 2.97093 0.460416543787659
1231802.05570695 2.971932 0.45589975428117
1232112.80278955 2.972934 0.463161273414524
1232423.54987216 2.973936 0.463319244787904
1232734.29695477 2.974938 0.454453166913893
1233045.04403737 2.97594 0.463606023085872
1233355.79111998 2.976942 0.464122264483318
1233666.53820259 2.977944 0.465683578605116
1233977.28528519 2.978946 0.466027155752676
1234288.0323678 2.979948 0.478299782752331
1234598.77945041 2.98095 0.481588131626069
1234909.52653301 2.981952 0.482482792468404
1235220.27361562 2.982954 0.486978455549285
1235531.02069823 2.983956 0.499574796501366
1235841.76778083 2.984958 0.489050338832303
1236152.51486344 2.98596 0.490126156788419
1236463.26194605 2.986962 0.486684319894036
1236774.00902865 2.987964 0.490678509560441
1237084.75611126 2.988966 0.495937976784427
1237395.50319387 2.989968 0.498332183485206
1237706.25027647 2.99097 0.505239207708931
1238016.99735908 2.991972 0.501969192101136
1238327.74444169 2.992974 0.499695147201462
1238638.49152429 2.993976 0.505348333011994
1238949.2386069 2.994978 0.509120296686215
1239259.98568951 2.99598 0.509108367012253
1239570.73277212 2.996982 0.511693333755543
1239881.47985472 2.997984 0.508150995190127
1240192.22693733 2.998986 0.52634527932466
1240502.97401994 2.999988 0.518617678438248
1240813.72110254 3.00099 0.521072592926153
1241124.46818515 3.001992 0.531017333647953
1241435.21526776 3.002994 0.525495705683608
1241745.96235036 3.003996 0.529372447414235
1242056.70943297 3.004998 0.540727544427016
1242367.45651558 3.006 0.53458830248135
1242678.20359818 3.007002 0.5446236547691
1242988.95068079 3.008004 0.531837370978446
1243299.6977634 3.009006 0.539545493147224
1243610.444846 3.010008 0.555521001551206
1243921.19192861 3.01101 0.547728184870946
1244231.93901122 3.012012 0.548897534122865
1244542.68609382 3.013014 0.563460066624498
1244853.43317643 3.014016 0.555594963113276
1245164.18025904 3.015018 0.554481026543704
1245474.92734164 3.01602 0.561799073803591
1245785.67442425 3.017022 0.564491153510375
1246096.42150686 3.018024 0.566124216076466
1246407.16858946 3.019026 0.574192246538206
1246717.91567207 3.020028 0.561104372677608
1247028.66275468 3.02103 0.566928244741261
1247339.40983729 3.022032 0.574115383428064
1247650.15691989 3.023034 0.576374732067005
1247960.9040025 3.024036 0.584434040727598
1248271.65108511 3.025038 0.591108175512669
1248582.39816771 3.02604 0.586947044368473
1248893.14525032 3.027042 0.576312857485632
1249203.89233293 3.028044 0.579551995706142
1249514.63941553 3.029046 0.562819489783757
1249825.38649814 3.030048 0.554924357679004
1250136.13358075 3.03105 0.558923221472237
1250446.88066335 3.032052 0.564458854319921
1250757.62774596 3.033054 0.554664497169293
1251068.37482857 3.034056 0.552440738256384
1251379.12191117 3.035058 0.557574119508903
1251689.86899378 3.03606 0.566676279363511
1252000.61607639 3.037062 0.569035827267432
1252311.36315899 3.038064 0.576466243692847
1252622.1102416 3.039066 0.572932828025714
1252932.85732421 3.040068 0.575084093084893
1253243.60440681 3.04107 0.572400741761537
1253554.35148942 3.042072 0.585501701448905
1253865.09857203 3.043074 0.585040851241214
1254175.84565463 3.044076 0.58866077294092
1254486.59273724 3.045078 0.592590553517144
1254797.33981985 3.04608 0.58362241284331
1255108.08690245 3.047082 0.600829489705819
1255418.83398506 3.048084 0.586099655546273
1255729.58106767 3.049086 0.600106814468334
1256040.32815028 3.050088 0.605129450961574
1256351.07523288 3.05109 0.605509776187793
1256661.82231549 3.052092 0.603919583587551
1256972.5693981 3.053094 0.598421949650422
1257283.3164807 3.054096 0.609038839556278
1257594.06356331 3.055098 0.611426044323072
1257904.81064592 3.0561 0.613842957743518
1258215.55772852 3.057102 0.601917577063856
1258526.30481113 3.058104 0.589131333075351
1258837.05189374 3.059106 0.584840559153073
1259147.79897634 3.060108 0.580923227155127
1259458.54605895 3.06111 0.566238285167329
1259769.29314156 3.062112 0.571974926912593
1260080.04022416 3.063114 0.585329505946153
1260390.78730677 3.064116 0.575437405123939
1260701.53438938 3.065118 0.563307699698333
1261012.28147198 3.06612 0.547566982704749
1261323.02855459 3.067122 0.552957773497993
1261633.7756372 3.068124 0.551662147681503
1261944.5227198 3.069126 0.544500761465143
1262255.26980241 3.070128 0.544444603413131
1262566.01688502 3.07113 0.541145458740756
1262876.76396762 3.072132 0.547774858637021
1263187.51105023 3.073134 0.549997951064102
1263498.25813284 3.074136 0.54841753629838
1263809.00521544 3.075138 0.553790088550444
1264119.75229805 3.07614 0.549458216257406
1264430.49938066 3.077142 0.550129892786416
1264741.24646326 3.078144 0.551593547202601
1265051.99354587 3.079146 0.556455751290521
1265362.74062848 3.080148 0.566501875797581
1265673.48771109 3.08115 0.570713500348573
1265984.23479369 3.082152 0.562397811885811
1266294.9818763 3.083154 0.567583849043621
1266605.72895891 3.084156 0.568310799756527
1266916.47604151 3.085158 0.567764870170186
1267227.22312412 3.08616 0.576606748123169
1267537.97020673 3.087162 0.566362531060906
1267848.71728933 3.088164 0.574343282720441
1268159.46437194 3.089166 0.59077537751392
1268470.21145455 3.090168 0.575838528836414
1268780.95853715 3.09117 0.591818043745454
1269091.70561976 3.092172 0.586539769927867
1269402.45270237 3.093174 0.589046551485201
1269713.19978497 3.094176 0.593123693357928
1270023.94686758 3.095178 0.602485868369158
1270334.69395019 3.09618 0.602139853883802
1270645.44103279 3.097182 0.597941666434716
1270956.1881154 3.098184 0.605730323111982
1271266.93519801 3.099186 0.60034723621975
1271577.68228061 3.100188 0.609928782398055
1271888.42936322 3.10119 0.61609882361628
1272199.17644583 3.102192 0.613682153651236
1272509.92352843 3.103194 0.618835339156465
1272820.67061104 3.104196 0.62144962869208
1273131.41769365 3.105198 0.616524685562112
1273442.16477625 3.1062 0.60256304072543
1273752.91185886 3.107202 0.599971047990131
1274063.65894147 3.108204 0.596263776638447
1274374.40602408 3.109206 0.59727048885986
1274685.15310668 3.110208 0.612653065187242
1274995.90018929 3.11121 0.608210485581263
1275306.6472719 3.112212 0.611874931267038
1275617.3943545 3.113214 0.607129233248717
1275928.14143711 3.114216 0.612540287412575
1276238.88851972 3.115218 0.620586451918598
1276549.63560232 3.11622 0.621276524355202
1276860.38268493 3.117222 0.619573057392378
1277171.12976754 3.118224 0.623359002900718
1277481.87685014 3.119226 0.621813452134378
1277792.62393275 3.120228 0.617712043745765
1278103.37101536 3.12123 0.62637970945767
1278414.11809796 3.122232 0.628470301221861
1278724.86518057 3.123234 0.635116604277825
1279035.61226318 3.124236 0.631762516864885
1279346.35934578 3.125238 0.629601431649885
1279657.10642839 3.12624 0.639717525154525
1279967.853511 3.127242 0.634561614258824
1280278.6005936 3.128244 0.641179458321895
1280589.34767621 3.129246 0.648515328304528
1280900.09475882 3.130248 0.656049322950927
1281210.84184142 3.13125 0.650904508893211
1281521.58892403 3.132252 0.651487153057284
1281832.33600664 3.133254 0.664781548701444
1282143.08308924 3.134256 0.66423493747283
1282453.83017185 3.135258 0.672451707342371
1282764.57725446 3.13626 0.672245140831903
1283075.32433707 3.137262 0.67999130069158
1283386.07141967 3.138264 0.673122588832846
1283696.81850228 3.139266 0.68101618870716
1284007.56558489 3.140268 0.68117829139205
1284318.31266749 3.14127 0.676606445862479
1284629.0597501 3.142272 0.6939283909117
1284939.80683271 3.143274 0.696573708471865
1285250.55391531 3.144276 0.698195781594414
1285561.30099792 3.145278 0.688536674842753
1285872.04808053 3.14628 0.69771463299691
1286182.79516313 3.147282 0.70289237068928
1286493.54224574 3.148284 0.695346906650297
1286804.28932835 3.149286 0.69676065198122
1287115.03641095 3.150288 0.696634286203207
1287425.78349356 3.15129 0.687156092636877
1287736.53057617 3.152292 0.688525227086002
1288047.27765877 3.153294 0.685435158027312
1288358.02474138 3.154296 0.700487646408222
1288668.77182399 3.155298 0.69121056231993
1288979.51890659 3.1563 0.703551709365306
1289290.2659892 3.157302 0.695556578769906
1289601.01307181 3.158304 0.701790449839789
1289911.76015441 3.159306 0.702148818588771
1290222.50723702 3.160308 0.714592625325422
1290533.25431963 3.16131 0.714760989666386
1290844.00140223 3.162312 0.713973606078152
1291154.74848484 3.163314 0.699109024058697
1291465.49556745 3.164316 0.711101182594042
1291776.24265006 3.165318 0.704509867176079
1292086.98973266 3.16632 0.703462436921099
1292397.73681527 3.167322 0.708590829510186
1292708.48389788 3.168324 0.716604075002957
1293019.23098048 3.169326 0.711662117546296
1293329.97806309 3.170328 0.712886714025846
1293640.7251457 3.17133 0.718661946787579
1293951.4722283 3.172332 0.723322337664637
1294262.21931091 3.173334 0.725270943102424
1294572.96639352 3.174336 0.736948637042886
1294883.71347612 3.175338 0.73984360976571
1295194.46055873 3.17634 0.7316106758245
1295505.20764134 3.177342 0.744835837879874
1295815.95472394 3.178344 0.742428693443365
1296126.70180655 3.179346 0.740929552070278
1296437.44888916 3.180348 0.749720033901757
1296748.19597176 3.18135 0.753839198831456
1297058.94305437 3.182352 0.762947302833985
1297369.69013698 3.183354 0.748060324660052
1297680.43721958 3.184356 0.744128094884401
1297991.18430219 3.185358 0.745000712952773
1298301.9313848 3.18636 0.745580430895682
1298612.6784674 3.187362 0.740041769931794
1298923.42555001 3.188364 0.74049052665109
1299234.17263262 3.189366 0.736112868789872
1299544.91971522 3.190368 0.746964395570368
1299855.66679783 3.19137 0.737498471099524
1300166.41388044 3.192372 0.751785637297882
1300477.16096304 3.193374 0.757759786922513
1300787.90804565 3.194376 0.756129879518525
1301098.65512826 3.195378 0.759205653900366
1301409.40221087 3.19638 0.756432900296088
1301720.14929347 3.197382 0.764432974278983
1302030.89637608 3.198384 0.766802330759243
1302341.64345869 3.199386 0.767659358844776
1302652.39054129 3.200388 0.772043090645549
1302963.1376239 3.20139 0.778074805451274
1303273.88470651 3.202392 0.77333723908238
1303584.63178911 3.203394 0.778414501476717
1303895.37887172 3.204396 0.795291218276367
1304206.12595433 3.205398 0.781642746853925
1304516.87303693 3.2064 0.783455404795493
1304827.62011954 3.207402 0.791831120379893
1305138.36720215 3.208404 0.797623526660179
1305449.11428475 3.209406 0.801504535103921
1305759.86136736 3.210408 0.804346867953297
1306070.60844997 3.21141 0.803957783868937
1306381.35553257 3.212412 0.81121678263229
1306692.10261518 3.213414 0.807949672074593
1307002.84969779 3.214416 0.806847520517183
1307313.59678039 3.215418 0.817258940862952
1307624.343863 3.21642 0.822412753691161
1307935.09094561 3.217422 0.816304746547969
1308245.83802821 3.218424 0.829628973738499
1308556.58511082 3.219426 0.827648157542531
1308867.33219343 3.220428 0.846084376628872
1309178.07927603 3.22143 0.830752088451286
1309488.82635864 3.222432 0.845525746506631
1309799.57344125 3.223434 0.849150128210493
1310110.32052386 3.224436 0.850590671737619
1310421.06760646 3.225438 0.854548076303014
1310731.81468907 3.22644 0.862011845582437
1311042.56177168 3.227442 0.861718705254905
1311353.30885428 3.228444 0.864860051202042
1311664.05593689 3.229446 0.867397560615072
1311974.8030195 3.230448 0.873707064638056
1312285.5501021 3.23145 0.874950508572065
1312596.29718471 3.232452 0.868299105472154
1312907.04426732 3.233454 0.883211146782448
1313217.79134992 3.234456 0.886584255854226
1313528.53843253 3.235458 0.892721657226495
1313839.28551514 3.23646 0.897714214989525
1314150.03259774 3.237462 0.897718876171706
1314460.77968035 3.238464 0.905400854512719
1314771.52676296 3.239466 0.901969065278999
1315082.27384556 3.240468 0.912089398767697
1315393.02092817 3.24147 0.908381164676571
1315703.76801078 3.242472 0.91024422518297
1316014.51509338 3.243474 0.905111151911323
1316325.26217599 3.244476 0.89838597522734
1316636.0092586 3.245478 0.899848733099584
1316946.7563412 3.24648 0.883399105663609
1317257.50342381 3.247482 0.889612402673483
1317568.25050642 3.248484 0.888085778547002
1317878.99758902 3.249486 0.894692069614687
1318189.74467163 3.250488 0.899786474148988
1318500.49175424 3.25149 0.907612578146394
1318811.23883685 3.252492 0.90633068686136
1319121.98591945 3.253494 0.910766967200715
1319432.73300206 3.254496 0.920210476202913
1319743.48008467 3.255498 0.927664659085922
1320054.22716727 3.2565 0.922355335611687
1320364.97424988 3.257502 0.924758501389896
1320675.72133249 3.258504 0.922969492134033
1320986.46841509 3.259506 0.930004345150179
1321297.2154977 3.260508 0.936674008047638
1321607.96258031 3.26151 0.933786131313964
1321918.70966291 3.262512 0.941188417131343
1322229.45674552 3.263514 0.950050878051676
1322540.20382813 3.264516 0.954449877150362
1322850.95091073 3.265518 0.956194640747322
1323161.69799334 3.26652 0.955593330539736
1323472.44507595 3.267522 0.953258862961375
1323783.19215855 3.268524 0.954302986081635
1324093.93924116 3.269526 0.963754628707289
1324404.68632377 3.270528 0.96915531197954
1324715.43340637 3.27153 0.965100191074832
1325026.18048898 3.272532 0.968057890437322
1325336.92757159 3.273534 0.985795338114785
1325647.67465419 3.274536 0.984723033148611
1325958.4217368 3.275538 0.968473142737979
1326269.16881941 3.27654 0.969318624313957
1326579.91590201 3.277542 0.957100795729864
1326890.66298462 3.278544 0.954276397393079
1327201.41006723 3.279546 0.938960895853223
1327512.15714984 3.280548 0.942269138522238
1327822.90423244 3.28155 0.926898189632989
1328133.65131505 3.282552 0.944347961214568
1328444.39839766 3.283554 0.939919418603338
1328755.14548026 3.284556 0.946006161108041
1329065.89256287 3.285558 0.94433046206181
1329376.63964548 3.28656 0.940479960355938
1329687.38672808 3.287562 0.947318393007426
1329998.13381069 3.288564 0.949787724846591
1330308.8808933 3.289566 0.956445852574003
1330619.6279759 3.290568 0.962037346154914
1330930.37505851 3.29157 0.960428806207728
1331241.12214112 3.292572 0.971593575204322
1331551.86922372 3.293574 0.968097315513865
1331862.61630633 3.294576 0.977614489420263
1332173.36338894 3.295578 0.979514418605795
1332484.11047154 3.29658 0.968652082853154
1332794.85755415 3.297582 0.942317335930848
1333105.60463676 3.298584 0.929275244329578
1333416.35171936 3.299586 0.925846397171471
1333727.09880197 3.300588 0.926362329247601
1334037.84588458 3.30159 0.917140001637814
1334348.59296718 3.302592 0.89576551672846
1334659.34004979 3.303594 0.89912054664321
1334970.0871324 3.304596 0.897865675200036
1335280.834215 3.305598 0.893691870657354
1335591.58129761 3.3066 0.903272472536131
1335902.32838022 3.307602 0.902548629666541
1336213.07546282 3.308604 0.900115813657692
1336523.82254543 3.309606 0.912603920357445
1336834.56962804 3.310608 0.913661629720406
1337145.31671065 3.31161 0.909970272480169
1337456.06379325 3.312612 0.918764236637431
1337766.81087586 3.313614 0.90343613538153
1338077.55795847 3.314616 0.906380180947897
1338388.30504107 3.315618 0.916095652312648
1338699.05212368 3.31662 0.890566106430691
1339009.79920629 3.317622 0.881140967765286
1339320.54628889 3.318624 0.876717549000152
1339631.2933715 3.319626 0.876487249269667
1339942.04045411 3.320628 0.87339767697101
1340252.78753671 3.32163 0.874709613697215
1340563.53461932 3.322632 0.89231207370015
1340874.28170193 3.323634 0.872803254234046
1341185.02878453 3.324636 0.876597327713657
1341495.77586714 3.325638 0.898578710262057
1341806.52294975 3.32664 0.895107478470986
1342117.27003235 3.327642 0.896660322003719
1342428.01711496 3.328644 0.892261884867899
1342738.76419757 3.329646 0.908881618398185
1343049.51128017 3.330648 0.903555689850836
1343360.25836278 3.33165 0.911000105991721
1343671.00544539 3.332652 0.915542325837212
1343981.75252799 3.333654 0.916662854769201
1344292.4996106 3.334656 0.912113268871297
1344603.24669321 3.335658 0.916304769565542
1344913.99377582 3.33666 0.917978780827745
1345224.74085842 3.337662 0.925059663624298
1345535.48794103 3.338664 0.921332456136176
1345846.23502364 3.339666 0.925240673611608
1346156.98210624 3.340668 0.926729406692952
1346467.72918885 3.34167 0.930214210110091
1346778.47627146 3.342672 0.930875715544804
1347089.22335406 3.343674 0.939698941286226
1347399.97043667 3.344676 0.927556178647841
1347710.71751928 3.345678 0.919933105082203
1348021.46460188 3.34668 0.925374947707278
1348332.21168449 3.347682 0.923294553886771
1348642.9587671 3.348684 0.918350457677627
1348953.7058497 3.349686 0.92882761767849
1349264.45293231 3.350688 0.926846467467102
1349575.20001492 3.35169 0.933211077409179
1349885.94709752 3.352692 0.926528958343994
1350196.69418013 3.353694 0.937544008934869
1350507.44126274 3.354696 0.939693929145279
1350818.18834534 3.355698 0.93138072210883
1351128.93542795 3.3567 0.943190269453013
1351439.68251056 3.357702 0.948715045839931
1351750.42959316 3.358704 0.939432925226686
1352061.17667577 3.359706 0.951495744087963
1352371.92375838 3.360708 0.949732605094339
1352682.67084098 3.36171 0.950031563668586
1352993.41792359 3.362712 0.955313269026971
1353304.1650062 3.363714 0.977088950211964
1353614.9120888 3.364716 0.96672407276823
1353925.65917141 3.365718 0.982273488087953
1354236.40625402 3.36672 0.975714443956529
1354547.15333663 3.367722 0.982226715493725
1354857.90041923 3.368724 0.981769107118983
1355168.64750184 3.369726 0.987383701793136
1355479.39458445 3.370728 0.969005208837091
1355790.14166705 3.37173 0.967879897454121
1356100.88874966 3.372732 0.969359748242348
1356411.63583227 3.373734 0.982066226791587
1356722.38291487 3.374736 0.965710137834307
1357033.12999748 3.375738 0.97249092857294
1357343.87708009 3.37674 0.979156059221201
1357654.62416269 3.377742 0.976781260100942
1357965.3712453 3.378744 0.981607023347809
1358276.11832791 3.379746 0.980830590989333
1358586.86541051 3.380748 0.987659630876672
1358897.61249312 3.38175 0.980505567175203
1359208.35957573 3.382752 0.984725459337921
1359519.10665833 3.383754 0.989657073370536
1359829.85374094 3.384756 0.992473951882479
1360140.60082355 3.385758 0.992195258094836
1360451.34790615 3.38676 0.974076964620567
1360762.09498876 3.387762 0.964563537057063
1361072.84207137 3.388764 0.960540382623921
1361383.58915397 3.389766 0.967596819507958
1361694.33623658 3.390768 0.961877012614619
1362005.08331919 3.39177 0.968327972897804
1362315.83040179 3.392772 0.968941026915684
1362626.5774844 3.393774 0.962599553582142
1362937.32456701 3.394776 0.968788402502705
1363248.07164962 3.395778 0.967724822727355
1363558.81873222 3.39678 0.957391711504703
1363869.56581483 3.397782 0.951918650980127
1364180.31289744 3.398784 0.959378837365924
1364491.05998004 3.399786 0.949787350981008
1364801.80706265 3.400788 0.952613232495194
1365112.55414526 3.40179 0.947277437301818
1365423.30122786 3.402792 0.948677775886968
1365734.04831047 3.403794 0.956375620868239
1366044.79539308 3.404796 0.948896695288784
1366355.54247568 3.405798 0.954429918371687
1366666.28955829 3.4068 0.963580319916
1366977.0366409 3.407802 0.971342545432405
1367287.7837235 3.408804 0.973389344453142
1367598.53080611 3.409806 0.970727894369348
1367909.27788872 3.410808 0.976724466479792
1368220.02497132 3.41181 0.979295042759913
1368530.77205393 3.412812 0.967891814142437
1368841.51913654 3.413814 0.963161789649419
1369152.26621914 3.414816 0.978325353723052
1369463.01330175 3.415818 0.971423207401747
1369773.76038436 3.41682 0.972035438296068
1370084.50746696 3.417822 0.96858829023226
1370395.25454957 3.418824 0.963735705615011
1370706.00163218 3.419826 0.975194354136584
1371016.74871478 3.420828 0.982513428440411
1371327.49579739 3.42183 0.98530261379446
1371638.24288 3.422832 0.985109231536201
1371948.9899626 3.423834 0.976885146384315
1372259.73704521 3.424836 0.981636820871938
1372570.48412782 3.425838 0.99014363123583
1372881.23121043 3.42684 0.993016745728397
1373191.97829303 3.427842 1.01403019613547
1373502.72537564 3.428844 1.00445150139129
1373813.47245825 3.429846 1.00420430024539
1374124.21954085 3.430848 1.00093221177126
1374434.96662346 3.43185 1.00928628112166
1374745.71370607 3.432852 1.02665462602143
1375056.46078867 3.433854 1.01700399148344
1375367.20787128 3.434856 1.01798037138568
1375677.95495389 3.435858 1.01780196539983
1375988.70203649 3.43686 1.03112557925886
1376299.4491191 3.437862 1.01544067326963
1376610.19620171 3.438864 1.02715667690675
1376920.94328431 3.439866 1.04131758769836
1377231.69036692 3.440868 1.0265239635516
1377542.43744953 3.44187 1.00919713035468
1377853.18453213 3.442872 0.987661847364758
1378163.93161474 3.443874 0.976807824977347
1378474.67869735 3.444876 0.974587799510087
1378785.42577995 3.445878 0.974277231877571
1379096.17286256 3.44688 0.960781353603734
1379406.91994517 3.447882 0.98423826347135
1379717.66702777 3.448884 0.992141377841412
1380028.41411038 3.449886 0.986127346516662
1380339.16119299 3.450888 0.987590306512787
1380649.90827559 3.45189 0.992034652934434
1380960.6553582 3.452892 0.984143979715512
1381271.40244081 3.453894 0.979849743095575
1381582.14952342 3.454896 0.966928817641987
1381892.89660602 3.455898 0.95312797715696
1382203.64368863 3.4569 0.948504023403635
1382514.39077124 3.457902 0.931230652694365
1382825.13785384 3.458904 0.924206912721891
1383135.88493645 3.459906 0.925059265764811
1383446.63201906 3.460908 0.924645712958709
1383757.37910166 3.46191 0.932639564847291
1384068.12618427 3.462912 0.93722826766388
1384378.87326688 3.463914 0.933585841418746
1384689.62034948 3.464916 0.941750106248901
1385000.36743209 3.465918 0.949619587579623
1385311.1145147 3.46692 0.950689615981422
1385621.8615973 3.467922 0.957912012588148
1385932.60867991 3.468924 0.957945853267279
1386243.35576252 3.469926 0.960266907568186
1386554.10284512 3.470928 0.958391535045168
1386864.84992773 3.47193 0.962180175073996
1387175.59701034 3.472932 0.956012414022458
1387486.34409294 3.473934 0.939825636237115
1387797.09117555 3.474936 0.946728091501221
1388107.83825816 3.475938 0.94645681132872
1388418.58534076 3.47694 0.95731891288826
1388729.33242337 3.477942 0.966093530563333
1389040.07950598 3.478944 0.95731503897773
1389350.82658859 3.479946 0.966642390325749
1389661.57367119 3.480948 0.964877957078265
1389972.3207538 3.48195 0.966632686630885
1390283.06783641 3.482952 0.972622027660078
1390593.81491901 3.483954 0.985276662141973
1390904.56200162 3.484956 0.983816165561813
1391215.30908423 3.485958 0.979343062245127
1391526.05616683 3.48696 0.981121674559046
1391836.80324944 3.487962 0.966913307409842
1392147.55033205 3.488964 0.946189234722607
1392458.29741465 3.489966 0.93775540714186
1392769.04449726 3.490968 0.926461198977544
1393079.79157987 3.49197 0.915329001307022
1393390.53866247 3.492972 0.878293024555922
1393701.28574508 3.493974 0.884315091818756
1394012.03282769 3.494976 0.873257096568304
1394322.77991029 3.495978 0.888319065383536
1394633.5269929 3.49698 0.886695421432316
1394944.27407551 3.497982 0.882683778031062
1395255.02115811 3.498984 0.883374515346609
1395565.76824072 3.499986 0.891704873900889
1395876.51532333 3.500988 0.888098242322518
1396187.26240593 3.50199 0.900304433371056
1396498.00948854 3.502992 0.892462869418975
1396808.75657115 3.503994 0.895970481422585
1397119.50365375 3.504996 0.88171065612464
1397430.25073636 3.505998 0.882331848764687
1397740.99781897 3.507 0.872833068503428
1398051.74490157 3.508002 0.878798559973563
1398362.49198418 3.509004 0.880070397298294
1398673.23906679 3.510006 0.88484126962904
1398983.98614939 3.511008 0.877896565644181
1399294.733232 3.51201 0.876914182782923
1399605.48031461 3.513012 0.859786106520685
1399916.22739722 3.514014 0.867207912216858
1400226.97447982 3.515016 0.857833155905802
1400537.72156243 3.516018 0.850882859789289
1400848.46864504 3.51702 0.856660959951649
1401159.21572764 3.518022 0.844302393252855
1401469.96281025 3.519024 0.852477495127304
1401780.70989286 3.520026 0.85512525838651
1402091.45697546 3.521028 0.852010355929027
1402402.20405807 3.52203 0.854411043940829
1402712.95114068 3.523032 0.846997327542443
1403023.69822328 3.524034 0.864639425350005
1403334.44530589 3.525036 0.857665589567448
1403645.1923885 3.526038 0.8682975525187
1403955.9394711 3.52704 0.858736296229551
1404266.68655371 3.528042 0.862461785291345
1404577.43363632 3.529044 0.876499839909614
1404888.18071892 3.530046 0.877889909189986
1405198.92780153 3.531048 0.879862958448038
1405509.67488414 3.53205 0.880797528867524
1405820.42196674 3.533052 0.885975582010445
1406131.16904935 3.534054 0.891725607273502
1406441.91613196 3.535056 0.887436388430494
1406752.66321456 3.536058 0.896889992726377
1407063.41029717 3.53706 0.885573702395652
1407374.15737978 3.538062 0.904824469305818
1407684.90446238 3.539064 0.892057252616362
1407995.65154499 3.540066 0.897119479456463
1408306.3986276 3.541068 0.898711563480189
1408617.14571021 3.54207 0.901622930142774
1408927.89279281 3.543072 0.892459151594364
1409238.63987542 3.544074 0.88933451409538
1409549.38695803 3.545076 0.890974698950481
1409860.13404063 3.546078 0.902549063029041
1410170.88112324 3.54708 0.902475433604068
1410481.62820585 3.548082 0.895758366442153
1410792.37528845 3.549084 0.904204673755371
1411103.12237106 3.550086 0.905124183994106
1411413.86945367 3.551088 0.904718979352921
1411724.61653627 3.55209 0.910882150043593
1412035.36361888 3.553092 0.914270591824966
1412346.11070149 3.554094 0.923314194412982
1412656.85778409 3.555096 0.927843569658425
1412967.6048667 3.556098 0.93332025028548
1413278.35194931 3.5571 0.930177955950215
1413589.09903191 3.558102 0.942401534007018
1413899.84611452 3.559104 0.944405491819395
1414210.59319713 3.560106 0.940637629869816
1414521.34027973 3.561108 0.944387917769488
1414832.08736234 3.56211 0.942109649943342
1415142.83444495 3.563112 0.948016667130744
1415453.58152755 3.564114 0.948801124867621
1415764.32861016 3.565116 0.943155920661894
1416075.07569277 3.566118 0.946381779831877
1416385.82277538 3.56712 0.942942890326324
1416696.56985798 3.568122 0.933245321973008
1417007.31694059 3.569124 0.942872600351324
1417318.0640232 3.570126 0.945623882967312
1417628.8111058 3.571128 0.94617628482274
1417939.55818841 3.57213 0.942480465633686
1418250.30527102 3.573132 0.949105147126638
1418561.05235362 3.574134 0.947039997829805
1418871.79943623 3.575136 0.939289470694429
1419182.54651884 3.576138 0.940982915529175
1419493.29360144 3.57714 0.92942717560125
1419804.04068405 3.578142 0.93087574867289
1420114.78776666 3.579144 0.932244375744124
1420425.53484926 3.580146 0.942690757286343
1420736.28193187 3.581148 0.948027923666629
1421047.02901448 3.58215 0.948009411818235
1421357.77609708 3.583152 0.945807092451035
1421668.52317969 3.584154 0.956135108827667
1421979.2702623 3.585156 0.953655196874332
1422290.0173449 3.586158 0.96795107625054
1422600.76442751 3.58716 0.967314847611642
1422911.51151012 3.588162 0.955292529629384
1423222.25859272 3.589164 0.958659670567364
1423533.00567533 3.590166 0.952080218420875
1423843.75275794 3.591168 0.951670371573066
1424154.49984054 3.59217 0.952762990155232
1424465.24692315 3.593172 0.954966861727548
1424775.99400576 3.594174 0.946623831939591
1425086.74108837 3.595176 0.937238312848827
1425397.48817097 3.596178 0.932977603585652
1425708.23525358 3.59718 0.927106735708626
1426018.98233619 3.598182 0.937799380624978
1426329.72941879 3.599184 0.934455680857115
1426640.4765014 3.600186 0.933543658062385
1426951.22358401 3.601188 0.951134258462491
1427261.97066661 3.60219 0.943905722449084
1427572.71774922 3.603192 0.942601058134036
1427883.46483183 3.604194 0.944039609804917
1428194.21191443 3.605196 0.956450622959159
1428504.95899704 3.606198 0.956621480716572
1428815.70607965 3.6072 0.952275930747365
1429126.45316225 3.608202 0.960503137544793
1429437.20024486 3.609204 0.965995054806484
1429747.94732747 3.610206 0.968522345959287
1430058.69441007 3.611208 0.958711684569404
1430369.44149268 3.61221 0.972329345916684
1430680.18857529 3.613212 0.969411687630094
1430990.93565789 3.614214 0.97921257632734
1431301.6827405 3.615216 0.978076978897381
1431612.42982311 3.616218 0.989537146734914
1431923.17690571 3.61722 0.993308473854834
1432233.92398832 3.618222 0.990777915615677
1432544.67107093 3.619224 0.994389563379062
1432855.41815353 3.620226 1.00792727907878
1433166.16523614 3.621228 1.00229044531021
1433476.91231875 3.62223 1.00786593629841
1433787.65940135 3.623232 1.01598878748264
1434098.40648396 3.624234 1.01229121573756
1434409.15356657 3.625236 1.02308758642728
1434719.90064918 3.626238 1.024646265342
1435030.64773178 3.62724 1.0278209906552
1435341.39481439 3.628242 1.01756826546747
1435652.141897 3.629244 1.01684973930929
1435962.8889796 3.630246 1.00392166902897
1436273.63606221 3.631248 1.000902264581
1436584.38314482 3.63225 0.999450319542034
1436895.13022742 3.633252 1.01185844204708
1437205.87731003 3.634254 1.01528445843557
1437516.62439264 3.635256 1.00553287566194
1437827.37147524 3.636258 1.01370505722956
1438138.11855785 3.63726 0.999281350685302
1438448.86564046 3.638262 0.99174241922547
1438759.61272306 3.639264 0.999555639105015
1439070.35980567 3.640266 0.994102943256131
1439381.10688828 3.641268 1.0045499141384
1439691.85397088 3.64227 1.01040839287556
1440002.60105349 3.643272 1.00242118029179
1440313.3481361 3.644274 1.00526564123185
1440624.0952187 3.645276 1.02051118440956
1440934.84230131 3.646278 1.01508835918484
1441245.58938392 3.64728 1.01510191811516
1441556.33646652 3.648282 1.03160982823168
1441867.08354913 3.649284 1.03362818523993
1442177.83063174 3.650286 1.04063698241497
1442488.57771434 3.651288 1.03572187106911
1442799.32479695 3.65229 1.04086014289932
1443110.07187956 3.653292 1.03967234508022
1443420.81896217 3.654294 1.0501656071874
1443731.56604477 3.655296 1.04810160687488
1444042.31312738 3.656298 1.05374729491897
1444353.06020999 3.6573 1.05350109610069
1444663.80729259 3.658302 1.06106312817233
1444974.5543752 3.659304 1.04441603911148
1445285.30145781 3.660306 1.04707848621455
1445596.04854041 3.661308 1.0468039728665
1445906.79562302 3.66231 1.04216690198171
1446217.54270563 3.663312 1.0458584352965
1446528.28978823 3.664314 1.04479715493484
1446839.03687084 3.665316 1.04617013609118
1447149.78395345 3.666318 1.04964821891095
1447460.53103605 3.66732 1.0556002248902
1447771.27811866 3.668322 1.05807615605355
1448082.02520127 3.669324 1.05831538075248
1448392.77228387 3.670326 1.05609565501893
1448703.51936648 3.671328 1.05762037135293
1449014.26644909 3.67233 1.05399519582817
1449325.01353169 3.673332 1.03133489852468
1449635.7606143 3.674334 1.03620493509361
1449946.50769691 3.675336 1.03203680767022
1450257.25477951 3.676338 1.02634002788449
1450568.00186212 3.67734 1.03909621190918
1450878.74894473 3.678342 1.01787669020291
1451189.49602733 3.679344 1.01488911185243
1451500.24310994 3.680346 1.02676753182659
1451810.99019255 3.681348 1.02611533473666
1452121.73727516 3.68235 1.04225814658914
1452432.48435776 3.683352 1.0221169267424
1452743.23144037 3.684354 1.03088570411573
1453053.97852298 3.685356 1.02970703259802
1453364.72560558 3.686358 1.01935743389605
1453675.47268819 3.68736 1.02631671851431
1453986.2197708 3.688362 1.04160891383445
1454296.9668534 3.689364 1.03802092101272
1454607.71393601 3.690366 1.04182821842228
1454918.46101862 3.691368 1.0292926862452
1455229.20810122 3.69237 1.03299878087838
1455539.95518383 3.693372 1.01702337042284
1455850.70226644 3.694374 1.02107816784102
1456161.44934904 3.695376 1.01803342877862
1456472.19643165 3.696378 1.00936203890171
1456782.94351426 3.69738 1.01279844057155
1457093.69059686 3.698382 1.02950783887487
1457404.43767947 3.699384 1.02110426796714
1457715.18476208 3.700386 1.02693952912186
1458025.93184468 3.701388 1.04082140267101
1458336.67892729 3.70239 1.02379433396103
1458647.4260099 3.703392 1.01696039739899
1458958.1730925 3.704394 1.01852249758492
1459268.92017511 3.705396 1.00863263159149
1459579.66725772 3.706398 1.02611520133263
1459890.41434032 3.7074 1.02730986823071
1460201.16142293 3.708402 1.02204210831278
1460511.90850554 3.709404 1.0292568551251
1460822.65558814 3.710406 1.02513954790406
1461133.40267075 3.711408 1.03306108050378
1461444.14975336 3.71241 1.03286047772179
1461754.89683597 3.713412 1.03685611951168
1462065.64391857 3.714414 1.03524516588071
1462376.39100118 3.715416 1.03738419062527
1462687.13808379 3.716418 1.02639395897484
1462997.88516639 3.71742 1.03787217159509
1463308.632249 3.718422 1.02902090253347
1463619.37933161 3.719424 1.03513609148456
1463930.12641421 3.720426 1.02399096673212
1464240.87349682 3.721428 1.03189412018787
1464551.62057943 3.72243 1.04506336159712
1464862.36766203 3.723432 1.04723199916838
1465173.11474464 3.724434 1.03402454578679
1465483.86182725 3.725436 1.03477232354427
1465794.60890985 3.726438 1.02204410791743
1466105.35599246 3.72744 1.01508465014093
1466416.10307507 3.728442 1.02788339394022
1466726.85015767 3.729444 1.025131817693
1467037.59724028 3.730446 1.03033304767758
1467348.34432289 3.731448 1.01984906695326
1467659.09140549 3.73245 0.99754464913736
1467969.8384881 3.733452 1.00286949600626
1468280.58557071 3.734454 1.015691396027
1468591.33265331 3.735456 1.00026784289152
1468902.07973592 3.736458 1.00563958053988
1469212.82681853 3.73746 1.00622033232327
1469523.57390113 3.738462 0.997314755111576
1469834.32098374 3.739464 1.00925389668531
1470145.06806635 3.740466 1.01329813253089
1470455.81514895 3.741468 1.01296402500235
1470766.56223156 3.74247 1.02191506350852
1471077.30931417 3.743472 1.01689045982308
1471388.05639678 3.744474 1.02453074819578
1471698.80347938 3.745476 1.029306213436
1472009.55056199 3.746478 1.02811453926708
1472320.2976446 3.74748 1.03149178770905
1472631.0447272 3.748482 1.03517223915036
1472941.79180981 3.749484 1.01105600786097
1473252.53889242 3.750486 1.00337003835341
1473563.28597502 3.751488 0.995933523212136
1473874.03305763 3.75249 0.99153311263353
1474184.78014024 3.753492 0.98908882051535
1474495.52722284 3.754494 0.985620699059194
1474806.27430545 3.755496 0.99654446157917
1475117.02138806 3.756498 0.988858231238004
1475427.76847066 3.7575 0.993764128889113
1475738.51555327 3.758502 0.990416938284289
1476049.26263588 3.759504 0.995185104492921
1476360.00971848 3.760506 0.995731568774901
1476670.75680109 3.761508 0.999054082987571
1476981.5038837 3.76251 1.01092599670651
1477292.2509663 3.763512 1.00450176856855
1477602.99804891 3.764514 1.01500971165587
1477913.74513152 3.765516 1.00164930680684
1478224.49221412 3.766518 0.990100047737942
1478535.23929673 3.76752 0.970647587186327
1478845.98637934 3.768522 0.968869451515708
1479156.73346195 3.769524 0.960145277089007
1479467.48054455 3.770526 0.955010649827049
1479778.22762716 3.771528 0.956186969259408
1480088.97470977 3.77253 0.966931604134759
1480399.72179237 3.773532 0.96132918246234
1480710.46887498 3.774534 0.969644379573461
1481021.21595759 3.775536 0.981658922058681
1481331.96304019 3.776538 0.977232745471519
1481642.7101228 3.77754 0.985490535835075
1481953.45720541 3.778542 0.986746934682206
1482264.20428801 3.779544 0.993851295637188
1482574.95137062 3.780546 0.984166218749776
1482885.69845323 3.781548 0.988854998358409
1483196.44553583 3.78255 0.98338862874199
1483507.19261844 3.783552 0.978100330252812
1483817.93970105 3.784554 0.980312673730776
1484128.68678365 3.785556 0.980036891702759
1484439.43386626 3.786558 0.988904875899151
1484750.18094887 3.78756 0.987198674248854
1485060.92803147 3.788562 0.977765745194186
1485371.67511408 3.789564 0.968913911273304
1485682.42219669 3.790566 0.976119145163513
1485993.16927929 3.791568 0.966887787902441
1486303.9163619 3.79257 0.965562886164682
1486614.66344451 3.793572 0.963913534561122
1486925.41052711 3.794574 0.972331325857658
1487236.15760972 3.795576 0.965092486423454
1487546.90469233 3.796578 0.980401365709985
1487857.65177494 3.79758 0.969592918778043
1488168.39885754 3.798582 0.986621800477215
1488479.14594015 3.799584 0.978249832273655
1488789.89302276 3.800586 0.983853566566397
1489100.64010536 3.801588 0.985196212957257
1489411.38718797 3.80259 0.981921232834071
1489722.13427058 3.803592 0.983809956702308
1490032.88135318 3.804594 0.988031386708462
1490343.62843579 3.805596 0.980274525712847
1490654.3755184 3.806598 0.989531857966265
1490965.122601 3.8076 0.981886711275037
1491275.86968361 3.808602 0.982795614724945
1491586.61676622 3.809604 0.990633496697677
1491897.36384882 3.810606 0.988566994092483
1492208.11093143 3.811608 0.994388893014042
1492518.85801404 3.81261 1.00089766121342
1492829.60509664 3.813612 0.991305318965447
1493140.35217925 3.814614 0.984869324384328
1493451.09926186 3.815616 0.985639566782061
1493761.84634446 3.816618 0.983271423284828
1494072.59342707 3.81762 0.975689688719044
1494383.34050968 3.818622 0.967154541595727
1494694.08759228 3.819624 0.977403676667925
1495004.83467489 3.820626 0.969760247358417
1495315.5817575 3.821628 0.972484836150805
1495626.3288401 3.82263 0.97228561144241
1495937.07592271 3.823632 0.985006718603812
1496247.82300532 3.824634 0.985277795527203
1496558.57008793 3.825636 0.987592857028945
1496869.31717053 3.826638 0.9858529541348
1497180.06425314 3.82764 0.989281008782642
1497490.81133575 3.828642 0.990020409944898
1497801.55841835 3.829644 0.997034461774189
1498112.30550096 3.830646 1.00541311437771
1498423.05258357 3.831648 1.00104169383902
1498733.79966617 3.83265 1.00068318761797
1499044.54674878 3.833652 1.00064507262353
1499355.29383139 3.834654 0.986288034563501
1499666.04091399 3.835656 0.980870960127734
1499976.7879966 3.836658 0.980244733757759
1500287.53507921 3.83766 0.977828216375536
1500598.28216181 3.838662 0.979549188330219
1500909.02924442 3.839664 0.976819823961577
1501219.77632703 3.840666 0.993389407466649
1501530.52340963 3.841668 0.988185461917319
1501841.27049224 3.84267 1.00231336301888
1502152.01757485 3.843672 0.994588016045184
1502462.76465745 3.844674 0.98886941717517
1502773.51174006 3.845676 0.980025572055871
1503084.25882267 3.846678 0.991099455843415
1503395.00590527 3.84768 0.996988077339604
1503705.75298788 3.848682 0.990393446266333
1504016.50007049 3.849684 0.990693787002441
1504327.24715309 3.850686 1.00178114894691
1504637.9942357 3.851688 1.00454863681099
1504948.74131831 3.85269 0.99355178208638
1505259.48840091 3.853692 1.00391484389829
1505570.23548352 3.854694 1.00088205278351
1505880.98256613 3.855696 1.01640571098406
1506191.72964874 3.856698 1.00650230935425
1506502.47673134 3.8577 1.01919137687354
1506813.22381395 3.858702 1.01406229302642
1507123.97089656 3.859704 1.02844176460319
1507434.71797916 3.860706 1.026795781558
1507745.46506177 3.861708 1.02743540739581
1508056.21214438 3.86271 1.02967013736758
1508366.95922698 3.863712 1.03522634341777
1508677.70630959 3.864714 1.03237436781216
1508988.4533922 3.865716 1.02359594324399
1509299.2004748 3.866718 1.03183601433268
1509609.94755741 3.86772 1.03090353378911
1509920.69464002 3.868722 1.02623996937794
1510231.44172262 3.869724 1.03526745671815
1510542.18880523 3.870726 1.03289061822931
1510852.93588784 3.871728 1.03525292636945
1511163.68297044 3.87273 1.04410165963668
1511474.43005305 3.873732 1.04060119639367
1511785.17713566 3.874734 1.05178203284358
1512095.92421826 3.875736 1.05047586545495
1512406.67130087 3.876738 1.04365170359311
1512717.41838348 3.87774 1.0441623067768
1513028.16546608 3.878742 1.04586724709212
1513338.91254869 3.879744 1.04853326911937
1513649.6596313 3.880746 1.04746802186459
1513960.4067139 3.881748 1.03571884071816
1514271.15379651 3.88275 1.0505634867932
1514581.90087912 3.883752 1.04452807761414
1514892.64796173 3.884754 1.03686560971906
1515203.39504433 3.885756 1.03729272598304
1515514.14212694 3.886758 1.03760202794429
1515824.88920955 3.88776 1.03185593870523
1516135.63629215 3.888762 1.03280441654538
1516446.38337476 3.889764 1.03391681396419
1516757.13045737 3.890766 1.043008834023
1517067.87753997 3.891768 1.0455515933763
1517378.62462258 3.89277 1.04049855547418
1517689.37170519 3.893772 1.03849135855476
1518000.11878779 3.894774 1.03981881266766
1518310.8658704 3.895776 1.04390727980888
1518621.61295301 3.896778 1.05041634052611
1518932.36003561 3.89778 1.0481814317827
1519243.10711822 3.898782 1.0473909913766
1519553.85420083 3.899784 1.05016644416446
1519864.60128343 3.900786 1.05893026209008
1520175.34836604 3.901788 1.05636121953805
1520486.09544865 3.90279 1.04928618941595
1520796.84253125 3.903792 1.04933921905067
1521107.58961386 3.904794 1.04889948734323
1521418.33669647 3.905796 1.04977689655822
1521729.08377907 3.906798 1.05046716145279
1522039.83086168 3.9078 1.06455621633187
1522350.57794429 3.908802 1.06899976198212
1522661.32502689 3.909804 1.06574106825057
1522972.0721095 3.910806 1.06610489912862
1523282.81919211 3.911808 1.07022988093034
1523593.56627471 3.91281 1.08436853714315
1523904.31335732 3.913812 1.07949004002572
1524215.06043993 3.914814 1.08216858686619
1524525.80752254 3.915816 1.08738712625236
1524836.55460514 3.916818 1.08559925110931
1525147.30168775 3.91782 1.08147741191044
1525458.04877036 3.918822 1.09235383341388
1525768.79585296 3.919824 1.06712864257251
1526079.54293557 3.920826 1.05569381922819
1526390.29001818 3.921828 1.05682332626505
1526701.03710078 3.92283 1.05589888688189
1527011.78418339 3.923832 1.0581642158142
1527322.531266 3.924834 1.05989102067435
1527633.2783486 3.925836 1.06160446402192
1527944.02543121 3.926838 1.06726269282986
1528254.77251382 3.92784 1.07434023229791
1528565.51959642 3.928842 1.06550983777875
1528876.26667903 3.929844 1.07590367272413
1529187.01376164 3.930846 1.08385854506908
1529497.76084424 3.931848 1.08278320651957
1529808.50792685 3.93285 1.09061952631955
1530119.25500946 3.933852 1.09408395539311
1530430.00209206 3.934854 1.09468252704212
1530740.74917467 3.935856 1.09539972570267
1531051.49625728 3.936858 1.09487217723546
1531362.24333988 3.93786 1.09792511288241
1531672.99042249 3.938862 1.1146652075713
1531983.7375051 3.939864 1.1027989414063
1532294.4845877 3.940866 1.09020344513557
1532605.23167031 3.941868 1.08949597302485
1532915.97875292 3.94287 1.09123175839033
1533226.72583553 3.943872 1.09366948810545
1533537.47291813 3.944874 1.10536685268339
1533848.22000074 3.945876 1.09533951221775
1534158.96708335 3.946878 1.09863303200431
1534469.71416595 3.94788 1.10502320355315
1534780.46124856 3.948882 1.11297850226579
1535091.20833117 3.949884 1.10855886439145
1535401.95541377 3.950886 1.11302193951035
1535712.70249638 3.951888 1.11622758640787
1536023.44957899 3.95289 1.11636549690236
1536334.19666159 3.953892 1.13094927428259
1536644.9437442 3.954894 1.13241700762604
1536955.69082681 3.955896 1.12540377232055
1537266.43790941 3.956898 1.13105111673512
1537577.18499202 3.9579 1.13793639847908
1537887.93207463 3.958902 1.14728124699692
1538198.67915723 3.959904 1.13904445209237
1538509.42623984 3.960906 1.15491324903091
1538820.17332245 3.961908 1.14721548578818
1539130.92040505 3.96291 1.16614050420543
1539441.66748766 3.963912 1.16364414699604
1539752.41457027 3.964914 1.16511146934619
1540063.16165287 3.965916 1.17468088226802
1540373.90873548 3.966918 1.17424814607239
1540684.65581809 3.96792 1.16810425155406
1540995.40290069 3.968922 1.18131695220639
1541306.1499833 3.969924 1.17943741627981
1541616.89706591 3.970926 1.18540145862321
1541927.64414852 3.971928 1.18016317305153
1542238.39123112 3.97293 1.1897796964029
1542549.13831373 3.973932 1.18850886055708
1542859.88539634 3.974934 1.17785929470968
1543170.63247894 3.975936 1.18075986729012
1543481.37956155 3.976938 1.17498202656968
1543792.12664416 3.97794 1.17602760590865
1544102.87372676 3.978942 1.14873542465725
1544413.62080937 3.979944 1.12889387290525
1544724.36789198 3.980946 1.11625049288111
1545035.11497458 3.981948 1.09862420783583
1545345.86205719 3.98295 1.09726483921095
1545656.6091398 3.983952 1.0889352605568
1545967.3562224 3.984954 1.07780761254223
1546278.10330501 3.985956 1.06228467551802
1546588.85038762 3.986958 1.07275351489531
1546899.59747022 3.98796 1.06190586556059
1547210.34455283 3.988962 1.04985967831958
1547521.09163544 3.989964 1.04316867303697
1547831.83871804 3.990966 1.03783959758421
1548142.58580065 3.991968 1.03618007896026
1548453.33288326 3.99297 1.0422461276677
1548764.07996586 3.993972 1.03116982471242
1549074.82704847 3.994974 1.02905459311961
1549385.57413108 3.995976 1.01717094745941
1549696.32121368 3.996978 1.0238711922804
1550007.06829629 3.99798 1.02802413281103
1550317.8153789 3.998982 1.03708219298035
1550628.56246151 3.999984 1.03789560998507
1550939.30954411 4.000986 1.03925504650233
1551250.05662672 4.001988 1.04511629275128
1551560.80370933 4.00299 1.04546579386021
1551871.55079193 4.003992 1.03861740581265
1552182.29787454 4.004994 1.03264586648102
1552493.04495715 4.005996 1.02555959279204
1552803.79203975 4.006998 1.03066672681939
1553114.53912236 4.008 1.03999763119368
1553425.28620497 4.009002 1.03629498079057
1553736.03328757 4.010004 1.03427325576699
1554046.78037018 4.011006 1.04928133958947
1554357.52745279 4.012008 1.04507942550874
1554668.27453539 4.01301 1.03738510419234
1554979.021618 4.014012 1.02096190268976
1555289.76870061 4.015014 1.01008157357837
1555600.51578321 4.016016 1.00631488545566
1555911.26286582 4.017018 1.00686982150182
1556222.00994843 4.01802 0.99823862192549
1556532.75703103 4.019022 0.986158370538843
1556843.50411364 4.020024 0.987098190142926
1557154.25119625 4.021026 0.979837117127285
1557464.99827885 4.022028 0.974660702469609
1557775.74536146 4.02303 0.977146537370222
1558086.49244407 4.024032 0.971162523374782
1558397.23952667 4.025034 0.967864220165358
1558707.98660928 4.026036 0.969402291792948
1559018.73369189 4.027038 0.96871528195004
1559329.4807745 4.02804 0.959796819031799
1559640.2278571 4.029042 0.950369784630602
1559950.97493971 4.030044 0.96453767472263
1560261.72202232 4.031046 0.965322571557167
1560572.46910492 4.032048 0.962125603811076
1560883.21618753 4.03305 0.968779674915969
1561193.96327014 4.034052 0.976200821960975
1561504.71035274 4.035054 0.974784097193801
1561815.45743535 4.036056 0.971296328462268
1562126.20451796 4.037058 0.969666909576298
1562436.95160056 4.03806 0.954127558367131
1562747.69868317 4.039062 0.955260426453379
1563058.44576578 4.040064 0.96261850913132
1563369.19284838 4.041066 0.971623043241312
1563679.93993099 4.042068 0.962383569175203
1563990.6870136 4.04307 0.969376591420522
1564301.4340962 4.044072 0.989007563200628
1564612.18117881 4.045074 0.984838054120009
1564922.92826142 4.046076 0.980723236582269
1565233.67534402 4.047078 0.986937628305287
1565544.42242663 4.04808 0.976900193522287
1565855.16950924 4.049082 0.988718421919293
1566165.91659184 4.050084 0.987469533244461
1566476.66367445 4.051086 0.972216474931001
1566787.41075706 4.052088 0.975356329695463
1567098.15783966 4.05309 0.979330989839376
1567408.90492227 4.054092 0.987220985346953
1567719.65200488 4.055094 0.9852611064028
1568030.39908749 4.056096 0.990585281659908
1568341.14617009 4.057098 0.989324710602123
1568651.8932527 4.0581 0.999526226701842
1568962.64033531 4.059102 0.995740705421292
1569273.38741791 4.060104 0.994794988472626
1569584.13450052 4.061106 1.00593692582358
1569894.88158313 4.062108 0.994077461804613
1570205.62866573 4.06311 0.993584625218273
1570516.37574834 4.064112 1.01866966976197
1570827.12283095 4.065114 1.00521843147957
1571137.86991355 4.066116 1.00983531816517
1571448.61699616 4.067118 1.0175780063351
1571759.36407877 4.06812 1.0233839799041
1572070.11116137 4.069122 1.01924118452439
1572380.85824398 4.070124 1.02997407407265
1572691.60532659 4.071126 1.02814504584008
1573002.35240919 4.072128 1.04084193298896
1573313.0994918 4.07313 1.04705391304913
1573623.84657441 4.074132 1.04482799414133
1573934.59365701 4.075134 1.04746420104124
1574245.34073962 4.076136 1.05301048630935
1574556.08782223 4.077138 1.04858215368419
1574866.83490483 4.07814 1.05977599744068
1575177.58198744 4.079142 1.05336191305103
1575488.32907005 4.080144 1.05539111618572
1575799.07615265 4.081146 1.06440413904683
1576109.82323526 4.082148 1.07060171953567
1576420.57031787 4.08315 1.06832712289236
1576731.31740048 4.084152 1.07702614171771
1577042.06448308 4.085154 1.08149243031312
1577352.81156569 4.086156 1.08785498866294
1577663.5586483 4.087158 1.07877737243752
1577974.3057309 4.08816 1.08048360678433
1578285.05281351 4.089162 1.07272097634716
1578595.79989612 4.090164 1.07045594704124
1578906.54697872 4.091166 1.06324939175925
1579217.29406133 4.092168 1.06997547077823
1579528.04114394 4.09317 1.06406028395462
1579838.78822654 4.094172 1.0718719025495
1580149.53530915 4.095174 1.06793117128941
1580460.28239176 4.096176 1.06915847590559
1580771.02947436 4.097178 1.06729820835551
1581081.77655697 4.09818 1.06163201190372
1581392.52363958 4.099182 1.07120426376932
1581703.27072218 4.100184 1.07571865759407
1582014.01780479 4.101186 1.06680051994902
1582324.7648874 4.102188 1.06201278527938
1582635.51197 4.10319 1.06723663256803
1582946.25905261 4.104192 1.05468205608065
1583257.00613522 4.105194 1.06177521618354
1583567.75321782 4.106196 1.05231663899968
1583878.50030043 4.107198 1.0582181169772
1584189.24738304 4.1082 1.05222885059906
1584499.99446564 4.109202 1.05922092648871
1584810.74154825 4.110204 1.06411161627668
1585121.48863086 4.111206 1.05831722132284
1585432.23571346 4.112208 1.06795656728422
1585742.98279607 4.11321 1.06480979859051
1586053.72987868 4.114212 1.07461531030177
1586364.47696129 4.115214 1.08150549015543
1586675.22404389 4.116216 1.07328070385843
1586985.9711265 4.117218 1.07263140516727
1587296.71820911 4.11822 1.07156960131036
1587607.46529171 4.119222 1.06318340991673
1587918.21237432 4.120224 1.05474692261791
1588228.95945693 4.121226 1.06212518066824
1588539.70653953 4.122228 1.04308296589955
1588850.45362214 4.12323 1.06165821070272
1589161.20070475 4.124232 1.05732436405868
1589471.94778735 4.125234 1.05229200300161
1589782.69486996 4.126236 1.06210014440951
1590093.44195257 4.127238 1.06207238500725
1590404.18903517 4.12824 1.06935458167547
1590714.93611778 4.129242 1.07325103906339
1591025.68320039 4.130244 1.07588902351133
1591336.43028299 4.131246 1.07197712201036
1591647.1773656 4.132248 1.07359669071416
1591957.92444821 4.13325 1.06847654960726
1592268.67153081 4.134252 1.07347706260724
1592579.41861342 4.135254 1.07274954147146
1592890.16569603 4.136256 1.07009060688177
1593200.91277863 4.137258 1.06534686919371
1593511.65986124 4.13826 1.05570123173669
1593822.40694385 4.139262 1.05734062390578
1594133.15402645 4.140264 1.06928439326808
1594443.90110906 4.141266 1.06769785138848
1594754.64819167 4.142268 1.07061378163994
1595065.39527427 4.14327 1.07839392355553
1595376.14235688 4.144272 1.07045712475071
1595686.88943949 4.145274 1.07061760574819
1595997.6365221 4.146276 1.07343967542825
1596308.3836047 4.147278 1.08058751400967
1596619.13068731 4.14828 1.08583963020613
1596929.87776992 4.149282 1.08669139823526
1597240.62485252 4.150284 1.07749684305511
1597551.37193513 4.151286 1.08085977312541
1597862.11901774 4.152288 1.07374583632441
1598172.86610034 4.15329 1.07651437031411
1598483.61318295 4.154292 1.07238125948869
1598794.36026556 4.155294 1.07502400937069
1599105.10734816 4.156296 1.07997169787238
1599415.85443077 4.157298 1.08466918941284
1599726.60151338 4.1583 1.08378888550809
1600037.34859598 4.159302 1.0972729817297
1600348.09567859 4.160304 1.08857216427644
1600658.8427612 4.161306 1.09754513220745
1600969.5898438 4.162308 1.09075271860835
1601280.33692641 4.16331 1.08973997774838
1601591.08400902 4.164312 1.08538717615487
1601901.83109162 4.165314 1.09568571411562
1602212.57817423 4.166316 1.09786228201961
1602523.32525684 4.167318 1.09348364940371
1602834.07233944 4.16832 1.1019213603408
1603144.81942205 4.169322 1.10574756647703
1603455.56650466 4.170324 1.11117815690458
1603766.31358726 4.171326 1.11133512340381
1604077.06066987 4.172328 1.11857302032495
1604387.80775248 4.17333 1.11623760321646
1604698.55483509 4.174332 1.11526535964207
1605009.30191769 4.175334 1.11830473288265
1605320.0490003 4.176336 1.11104299288924
1605630.79608291 4.177338 1.10023832581746
1605941.54316551 4.17834 1.09716911903799
1606252.29024812 4.179342 1.0932011189999
1606563.03733073 4.180344 1.09448251315058
1606873.78441333 4.181346 1.07805335558235
1607184.53149594 4.182348 1.08348388393488
1607495.27857855 4.18335 1.07730319636393
1607806.02566115 4.184352 1.07080373595831
1608116.77274376 4.185354 1.06054368830182
1608427.51982637 4.186356 1.04810730812612
1608738.26690897 4.187358 1.0445859847562
1609049.01399158 4.18836 1.03946670332152
1609359.76107419 4.189362 1.04092979002227
1609670.50815679 4.190364 1.04153699546054
1609981.2552394 4.191366 1.04669333939517
1610292.00232201 4.192368 1.05044854220692
1610602.74940461 4.19337 1.05577221302812
1610913.49648722 4.194372 1.04949955707324
1611224.24356983 4.195374 1.05968216392995
1611534.99065243 4.196376 1.06003492600587
1611845.73773504 4.197378 1.06124255849154
1612156.48481765 4.19838 1.06972990928283
1612467.23190025 4.199382 1.06092982084067
1612777.97898286 4.200384 1.06841332532561
1613088.72606547 4.201386 1.05682037684764
1613399.47314808 4.202388 1.05832980100076
1613710.22023068 4.20339 1.06146281639272
1614020.96731329 4.204392 1.06519205819404
1614331.7143959 4.205394 1.06552404458991
1614642.4614785 4.206396 1.06705252693361
1614953.20856111 4.207398 1.06676669819214
1615263.95564372 4.2084 1.06938983897615
1615574.70272632 4.209402 1.07298097670725
1615885.44980893 4.210404 1.07727535880563
1616196.19689154 4.211406 1.07901649305038
1616506.94397414 4.212408 1.08521147554383
1616817.69105675 4.21341 1.08681926819317
1617128.43813936 4.214412 1.09012598585386
1617439.18522196 4.215414 1.09796193011314
1617749.93230457 4.216416 1.08834779487815
1618060.67938718 4.217418 1.10690168611923
1618371.42646978 4.21842 1.1005301291558
1618682.17355239 4.219422 1.10998047860832
1618992.920635 4.220424 1.11324101125064
1619303.6677176 4.221426 1.11518356597389
1619614.41480021 4.222428 1.1197991469553
1619925.16188282 4.22343 1.12538799719416
1620235.90896542 4.224432 1.12128523295043
1620546.65604803 4.225434 1.12500859718335
1620857.40313064 4.226436 1.12341387138754
1621168.15021325 4.227438 1.13271035009518
1621478.89729585 4.22844 1.13931485161584
1621789.64437846 4.229442 1.13768192615637
1622100.39146107 4.230444 1.14835939297754
1622411.13854367 4.231446 1.14057396598567
1622721.88562628 4.232448 1.15241179371134
1623032.63270889 4.23345 1.1519889220373
1623343.37979149 4.234452 1.15948809514334
1623654.1268741 4.235454 1.16153356745156
1623964.87395671 4.236456 1.17296932998878
1624275.62103931 4.237458 1.16301794619987
1624586.36812192 4.23846 1.1743498898579
1624897.11520453 4.239462 1.17338477509813
1625207.86228713 4.240464 1.17038709630199
1625518.60936974 4.241466 1.18289349522464
1625829.35645235 4.242468 1.16486642425009
1626140.10353495 4.24347 1.17468965711471
1626450.85061756 4.244472 1.16533031466302
1626761.59770017 4.245474 1.16651556022701
1627072.34478277 4.246476 1.16003408152255
1627383.09186538 4.247478 1.17162644257437
1627693.83894799 4.24848 1.15545027555288
1628004.58603059 4.249482 1.15614246532559
1628315.3331132 4.250484 1.1568245135559
1628626.08019581 4.251486 1.15444295588335
1628936.82727841 4.252488 1.15908260063355
1629247.57436102 4.25349 1.1656474603485
1629558.32144363 4.254492 1.14976079969065
1629869.06852624 4.255494 1.17179517577089
1630179.81560884 4.256496 1.16300051855993
1630490.56269145 4.257498 1.16349295503293
1630801.30977406 4.2585 1.15859666572568
1631112.05685666 4.259502 1.15993690383908
1631422.80393927 4.260504 1.16534237475873
1631733.55102188 4.261506 1.16530133190139
1632044.29810448 4.262508 1.16324919907067
1632355.04518709 4.26351 1.16483609501592
1632665.7922697 4.264512 1.16841481275032
1632976.5393523 4.265514 1.17769505453058
1633287.28643491 4.266516 1.17023280135333
1633598.03351752 4.267518 1.16318194328619
1633908.78060012 4.26852 1.16219746732098
1634219.52768273 4.269522 1.16502519584859
1634530.27476534 4.270524 1.15752781897264
1634841.02184794 4.271526 1.15557087567679
1635151.76893055 4.272528 1.13672048535716
1635462.51601316 4.27353 1.14216455960251
1635773.26309576 4.274532 1.13152473045905
1636084.01017837 4.275534 1.13121367848589
1636394.75726098 4.276536 1.1344494898711
1636705.50434358 4.277538 1.13725897130359
1637016.25142619 4.27854 1.13019386561629
1637326.9985088 4.279542 1.13978242795039
1637637.7455914 4.280544 1.1455283387861
1637948.49267401 4.281546 1.14560118537915
1638259.23975662 4.282548 1.14171064334953
1638569.98683922 4.28355 1.14214877484644
1638880.73392183 4.284552 1.14366118363687
1639191.48100444 4.285554 1.14163288600638
1639502.22808705 4.286556 1.1379212281862
1639812.97516965 4.287558 1.13285514722475
1640123.72225226 4.28856 1.13321279335089
1640434.46933487 4.289562 1.13493937296253
1640745.21641747 4.290564 1.12286260452187
1641055.96350008 4.291566 1.13523250619643
1641366.71058269 4.292568 1.13628309939654
1641677.45766529 4.29357 1.12340081213741
1641988.2047479 4.294572 1.1232384363048
1642298.95183051 4.295574 1.12506405767284
1642609.69891311 4.296576 1.12237561000339
1642920.44599572 4.297578 1.1219136928856
1643231.19307833 4.29858 1.12098155876228
1643541.94016093 4.299582 1.10893579558345
1643852.68724354 4.300584 1.08705758445408
1644163.43432615 4.301586 1.07355047414337
1644474.18140875 4.302588 1.0509321194511
1644784.92849136 4.30359 1.05899834876195
1645095.67557397 4.304592 1.06562719638048
1645406.42265657 4.305594 1.05996413624897
1645717.16973918 4.306596 1.06217714889773
1646027.91682179 4.307598 1.07016628485277
1646338.66390439 4.3086 1.05780748193997
1646649.410987 4.309602 1.05474495046606
1646960.15806961 4.310604 1.0516095418758
1647270.90515221 4.311606 1.05169807371835
1647581.65223482 4.312608 1.03990633950313
1647892.39931743 4.31361 1.035514008368
1648203.14640004 4.314612 1.01353009125067
1648513.89348264 4.315614 1.00381451451889
1648824.64056525 4.316616 1.00696649068965
1649135.38764786 4.317618 1.01313383274378
1649446.13473046 4.31862 1.01125845568624
1649756.88181307 4.319622 1.01845596820105
1650067.62889568 4.320624 1.02608814366813
1650378.37597828 4.321626 1.02378276267203
1650689.12306089 4.322628 1.02425472189807
1650999.8701435 4.32363 1.03106124473961
1651310.6172261 4.324632 1.03202942519412
1651621.36430871 4.325634 1.03293410150206
1651932.11139132 4.326636 1.02439304242996
1652242.85847392 4.327638 1.01342765679399
1652553.60555653 4.32864 1.02066770617106
1652864.35263914 4.329642 1.02300786646943
1653175.09972174 4.330644 1.01628372532881
1653485.84680435 4.331646 1.01568656783577
1653796.59388696 4.332648 1.02864384645439
1654107.34096956 4.33365 1.02124825390021
1654418.08805217 4.334652 1.01654239535848
1654728.83513478 4.335654 1.01777589657598
1655039.58221738 4.336656 1.01447170675458
1655350.32929999 4.337658 1.02606887309225
1655661.0763826 4.33866 1.02781498719352
1655971.8234652 4.339662 1.02940467373744
1656282.57054781 4.340664 1.03862739309152
1656593.31763042 4.341666 1.03118462347804
1656904.06471302 4.342668 1.01876151454502
1657214.81179563 4.34367 1.0140402513268
1657525.55887824 4.344672 1.01197787615139
1657836.30596085 4.345674 1.0207886232932
1658147.05304345 4.346676 1.02095666895322
1658457.80012606 4.347678 1.02049042524548
1658768.54720867 4.34868 1.02383470437653
1659079.29429127 4.349682 1.02103061693932
1659390.04137388 4.350684 1.02497564317639
1659700.78845649 4.351686 0.997908970511004
1660011.53553909 4.352688 0.988216171094355
1660322.2826217 4.35369 0.991159651377476
1660633.02970431 4.354692 0.982851554086864
1660943.77678691 4.355694 0.961022614863573
1661254.52386952 4.356696 0.972167478422474
1661565.27095213 4.357698 0.961337257907388
1661876.01803473 4.3587 0.95892659964072
1662186.76511734 4.359702 0.948813518153513
1662497.51219995 4.360704 0.963121611751277
1662808.25928255 4.361706 0.95721024171785
1663119.00636516 4.362708 0.95978040838567
1663429.75344777 4.36371 0.960564442632526
1663740.50053037 4.364712 0.965800559743854
1664051.24761298 4.365714 0.965709563086018
1664361.99469559 4.366716 0.975519282156427
1664672.74177819 4.367718 0.975698212983118
1664983.4888608 4.36872 0.976449414896724
1665294.23594341 4.369722 0.977456431212693
1665604.98302601 4.370724 0.983700444019424
1665915.73010862 4.371726 0.977078924135217
1666226.47719123 4.372728 0.972019699959372
1666537.22427384 4.37373 0.98437508864874
1666847.97135644 4.374732 0.990388593948402
1667158.71843905 4.375734 0.994090611676464
1667469.46552166 4.376736 0.994721233920118
1667780.21260426 4.377738 0.992535312583617
1668090.95968687 4.37874 0.995605330636017
1668401.70676948 4.379742 0.998875870669349
1668712.45385208 4.380744 1.0058248846266
1669023.20093469 4.381746 1.01081652761294
1669333.9480173 4.382748 1.00980591593629
1669644.6950999 4.38375 0.992547091314768
1669955.44218251 4.384752 0.994764456057642
1670266.18926512 4.385754 0.986453315967355
1670576.93634772 4.386756 0.985983036461409
1670887.68343033 4.387758 0.993502506824817
1671198.43051294 4.38876 0.994692638242023
1671509.17759554 4.389762 0.988913592230395
1671819.92467815 4.390764 0.994684579288822
1672130.67176076 4.391766 1.00104134366873
1672441.41884336 4.392768 1.00260294269915
1672752.16592597 4.39377 0.997528242428668
1673062.91300858 4.394772 0.992524784146719
1673373.66009118 4.395774 0.98801328618987
1673684.40717379 4.396776 0.995982317455419
1673995.1542564 4.397778 0.995280263753423
1674305.901339 4.39878 0.993038146610179
1674616.64842161 4.399782 0.995817758394972
1674927.39550422 4.400784 1.00458765440514
1675238.14258683 4.401786 1.00370146024175
1675548.88966943 4.402788 1.00862973447124
1675859.63675204 4.40379 1.01168667453894
1676170.38383465 4.404792 0.998826414089759
1676481.13091725 4.405794 1.00118134133137
1676791.87799986 4.406796 0.987665052891651
1677102.62508247 4.407798 0.99486515196471
1677413.37216507 4.4088 1.00456209633984
1677724.11924768 4.409802 0.997717643697774
1678034.86633029 4.410804 0.995735583532434
1678345.61341289 4.411806 0.993468895223508
1678656.3604955 4.412808 0.999562833977208
1678967.10757811 4.41381 0.98911226674644
1679277.85466071 4.414812 0.996990364140308
1679588.60174332 4.415814 0.995736944216844
1679899.34882593 4.416816 0.996521405130992
1680210.09590853 4.417818 1.0001604696402
1680520.84299114 4.41882 0.996892465385936
1680831.59007375 4.419822 1.00159351279051
1681142.33715635 4.420824 1.00767442159993
1681453.08423896 4.421826 1.00674850267545
1681763.83132157 4.422828 1.01439410550019
1682074.57840417 4.42383 1.0126520648307
1682385.32548678 4.424832 1.01621374039564
1682696.07256939 4.425834 1.01801727259055
1683006.81965199 4.426836 1.02274859054866
1683317.5667346 4.427838 1.02400931732803
1683628.31381721 4.42884 1.03115594129778
1683939.06089982 4.429842 1.03310183113483
1684249.80798242 4.430844 1.02239353313199
1684560.55506503 4.431846 1.02081378631496
1684871.30214764 4.432848 1.0259967541865
1685182.04923024 4.43385 1.02181832874574
1685492.79631285 4.434852 1.02323790954998
1685803.54339546 4.435854 1.01506903373398
1686114.29047806 4.436856 1.00309425189852
1686425.03756067 4.437858 1.00683499433789
1686735.78464328 4.43886 1.01226757747147
1687046.53172588 4.439862 1.00329286248476
1687357.27880849 4.440864 1.00756343555013
1687668.0258911 4.441866 0.993439670254359
1687978.7729737 4.442868 0.9885048757663
1688289.52005631 4.44387 0.985600801450302
1688600.26713892 4.444872 0.981436276253077
1688911.01422152 4.445874 0.965855115490399
1689221.76130413 4.446876 0.964259736306282
1689532.50838674 4.447878 0.956731475830613
1689843.25546934 4.44888 0.949502043269286
1690154.00255195 4.449882 0.939868041372034
1690464.74963456 4.450884 0.929392977692851
1690775.49671716 4.451886 0.919379378296227
1691086.24379977 4.452888 0.929838674475134
1691396.99088238 4.45389 0.927908147122324
1691707.73796498 4.454892 0.921218840867399
1692018.48504759 4.455894 0.926247071159066
1692329.2321302 4.456896 0.932627851276586
1692639.97921281 4.457898 0.936286524716564
1692950.72629541 4.4589 0.949577946952356
1693261.47337802 4.459902 0.941821808047211
1693572.22046063 4.460904 0.935911814119024
1693882.96754323 4.461906 0.937603447346558
1694193.71462584 4.462908 0.942655561403292
1694504.46170845 4.46391 0.938696559592331
1694815.20879105 4.464912 0.939567603536017
1695125.95587366 4.465914 0.947006369258265
1695436.70295627 4.466916 0.93727309706042
1695747.45003887 4.467918 0.942627832524453
1696058.19712148 4.46892 0.957729258537416
1696368.94420409 4.469922 0.953860380868253
1696679.69128669 4.470924 0.95119336515419
1696990.4383693 4.471926 0.953638546333307
1697301.18545191 4.472928 0.949671779551293
1697611.93253451 4.47393 0.948016580011154
1697922.67961712 4.474932 0.944920936514851
1698233.42669973 4.475934 0.93593037444247
1698544.17378233 4.476936 0.940573492565721
1698854.92086494 4.477938 0.937463306131289
1699165.66794755 4.47894 0.930656564514572
1699476.41503015 4.479942 0.931375167437958
1699787.16211276 4.480944 0.933919371327103
1700097.90919537 4.481946 0.943400674495845
1700408.65627797 4.482948 0.945949346821982
1700719.40336058 4.48395 0.937866646853834
1701030.15044319 4.484952 0.945305311270354
1701340.8975258 4.485954 0.950604834572582
1701651.6446084 4.486956 0.948893092539923
1701962.39169101 4.487958 0.955366843292844
1702273.13877362 4.48896 0.95865601034812
1702583.88585622 4.489962 0.966024695950521
1702894.63293883 4.490964 0.955231113964975
1703205.38002144 4.491966 0.982099914760642
1703516.12710404 4.492968 0.981059312468957
1703826.87418665 4.49397 0.975187342871264
1704137.62126926 4.494972 0.979237432562697
1704448.36835186 4.495974 0.982027032989988
1704759.11543447 4.496976 0.981845266478951
1705069.86251708 4.497978 0.988404197396378
1705380.60959968 4.49898 0.987366061099101
1705691.35668229 4.499982 0.998769474743645
1706002.1037649 4.500984 0.994457671065324
1706312.8508475 4.501986 0.997934088104889
1706623.59793011 4.502988 1.00764033282241
1706934.34501272 4.50399 1.0046794268623
1707245.09209532 4.504992 1.0063383943339
1707555.83917793 4.505994 1.00340267447193
1707866.58626054 4.506996 1.0146318844112
1708177.33334314 4.507998 1.02156316205107
1708488.08042575 4.509 1.01985069339958
1708798.82750836 4.510002 1.02469539521764
1709109.57459096 4.511004 1.02855808808581
1709420.32167357 4.512006 1.02999277203143
1709731.06875618 4.513008 1.03874868342219
1710041.81583878 4.51401 1.03263974804921
1710352.56292139 4.515012 1.04459972362957
1710663.310004 4.516014 1.03722887605279
1710974.05708661 4.517016 1.03981482892107
1711284.80416921 4.518018 1.04852928035784
1711595.55125182 4.51902 1.03642877292095
1711906.29833443 4.520022 1.03634104908139
1712217.04541703 4.521024 1.02604090047588
1712527.79249964 4.522026 1.03123551107278
1712838.53958225 4.523028 1.03854428222392
1713149.28666485 4.52403 1.042414856492
1713460.03374746 4.525032 1.03491049054863
1713770.78083007 4.526034 1.04433303222565
1714081.52791267 4.527036 1.04228496574257
1714392.27499528 4.528038 1.04465706555774
1714703.02207789 4.52904 1.0505514792649
1715013.76916049 4.530042 1.05990730859979
1715324.5162431 4.531044 1.05580985219352
1715635.26332571 4.532046 1.06021780612538
1715946.01040831 4.533048 1.06794407036358
1716256.75749092 4.53405 1.06680071096187
1716567.50457353 4.535052 1.07291539321321
1716878.25165613 4.536054 1.08024007719916
1717188.99873874 4.537056 1.07603211043764
1717499.74582135 4.538058 1.08606021244044
1717810.49290395 4.53906 1.08255091709451
1718121.23998656 4.540062 1.0967561374518
1718431.98706917 4.541064 1.09546198600273
1718742.73415177 4.542066 1.095247812858
1719053.48123438 4.543068 1.10002158970301
1719364.22831699 4.54407 1.10051257253292
1719674.9753996 4.545072 1.10582193111707
1719985.7224822 4.546074 1.10415571349079
1720296.46956481 4.547076 1.12112084812874
1720607.21664742 4.548078 1.114194687205
1720917.96373002 4.54908 1.11850038666049
1721228.71081263 4.550082 1.12859831654185
1721539.45789524 4.551084 1.1298199609702
1721850.20497784 4.552086 1.12847610783528
1722160.95206045 4.553088 1.13752247138193
1722471.69914306 4.55409 1.14063425470308
1722782.44622566 4.555092 1.13819971888259
1723093.19330827 4.556094 1.13925363195645
1723403.94039088 4.557096 1.1508183058898
1723714.68747348 4.558098 1.1519021471157
1724025.43455609 4.5591 1.14221140383831
1724336.1816387 4.560102 1.12752666640664
1724646.9287213 4.561104 1.11901008258207
1724957.67580391 4.562106 1.12060982380754
1725268.42288652 4.563108 1.12189529020843
1725579.16996912 4.56411 1.11030113271973
1725889.91705173 4.565112 1.11598955722572
1726200.66413434 4.566114 1.12870526116174
1726511.41121694 4.567116 1.12380140261062
1726822.15829955 4.568118 1.13660140266203
1727132.90538216 4.56912 1.13567449958621
1727443.65246476 4.570122 1.14314064319401
1727754.39954737 4.571124 1.13254966607916
1728065.14662998 4.572126 1.1259041794296
1728375.89371259 4.573128 1.1303275288206
1728686.64079519 4.57413 1.1255289247962
1728997.3878778 4.575132 1.12380853808896
1729308.13496041 4.576134 1.12956036265275
1729618.88204301 4.577136 1.13026441141537
1729929.62912562 4.578138 1.13272853719707
1730240.37620823 4.57914 1.13852169291522
1730551.12329083 4.580142 1.13861876912235
1730861.87037344 4.581144 1.12443844374228
1731172.61745605 4.582146 1.12771247573601
1731483.36453865 4.583148 1.13220554544579
1731794.11162126 4.58415 1.12533193409685
1732104.85870387 4.585152 1.12384960480328
1732415.60578647 4.586154 1.13268769834492
1732726.35286908 4.587156 1.12385777568012
1733037.09995169 4.588158 1.12018058651944
1733347.84703429 4.58916 1.11468134721101
1733658.5941169 4.590162 1.11234733462896
1733969.34119951 4.591164 1.1117997021372
1734280.08828211 4.592166 1.12225018379192
1734590.83536472 4.593168 1.12228238824622
1734901.58244733 4.59417 1.12544669515244
1735212.32952993 4.595172 1.12542217288888
1735523.07661254 4.596174 1.13390703069398
1735833.82369515 4.597176 1.13251080911721
1736144.57077775 4.598178 1.14535720389172
1736455.31786036 4.59918 1.14309111393856
1736766.06494297 4.600182 1.1385923757737
1737076.81202558 4.601184 1.1333557348871
1737387.55910818 4.602186 1.13890272067031
1737698.30619079 4.603188 1.14499711137217
1738009.0532734 4.60419 1.1327319215025
1738319.800356 4.605192 1.13443829038784
1738630.54743861 4.606194 1.1400572716324
1738941.29452122 4.607196 1.1497998480095
1739252.04160382 4.608198 1.15376613758135
1739562.78868643 4.6092 1.1404029895957
1739873.53576904 4.610202 1.138380578953
1740184.28285164 4.611204 1.14722439709496
1740495.02993425 4.612206 1.146483959612
1740805.77701686 4.613208 1.15055111941016
1741116.52409946 4.61421 1.15466496949238
1741427.27118207 4.615212 1.14480974361731
1741738.01826468 4.616214 1.14782268880858
1742048.76534728 4.617216 1.1437020108807
1742359.51242989 4.618218 1.14085031988567
1742670.2595125 4.61922 1.14526816927872
1742981.0065951 4.620222 1.14198872946449
1743291.75367771 4.621224 1.14848345788691
1743602.50076032 4.622226 1.15257579585485
1743913.24784292 4.623228 1.15693926189563
1744223.99492553 4.62423 1.15111597542551
1744534.74200814 4.625232 1.17294357309726
1744845.48909074 4.626234 1.17088515724523
1745156.23617335 4.627236 1.17708000768753
1745466.98325596 4.628238 1.17510461656247
1745777.73033856 4.62924 1.16936658064437
1746088.47742117 4.630242 1.17848505503613
1746399.22450378 4.631244 1.18529047277557
1746709.97158639 4.632246 1.18525391840264
1747020.71866899 4.633248 1.18643329549176
1747331.4657516 4.63425 1.18386115930501
1747642.21283421 4.635252 1.17719878362834
1747952.95991681 4.636254 1.17945122621134
1748263.70699942 4.637256 1.17877657811139
1748574.45408203 4.638258 1.17870181374929
1748885.20116463 4.63926 1.17783025768706
1749195.94824724 4.640262 1.18908418122672
1749506.69532985 4.641264 1.18885104486302
1749817.44241245 4.642266 1.18944371427238
1750128.18949506 4.643268 1.1908498244446
1750438.93657767 4.64427 1.19654442606817
1750749.68366027 4.645272 1.19774080463509
1751060.43074288 4.646274 1.20049825188776
1751371.17782549 4.647276 1.1891836930042
1751681.92490809 4.648278 1.17329919599392
1751992.6719907 4.64928 1.17086955730789
1752303.41907331 4.650282 1.17187403761185
1752614.16615591 4.651284 1.17329130983828
1752924.91323852 4.652286 1.17803143527728
1753235.66032113 4.653288 1.1808330466281
1753546.40740373 4.65429 1.18441354741826
1753857.15448634 4.655292 1.17716802552504
1754167.90156895 4.656294 1.17323500450268
1754478.64865155 4.657296 1.17579144859821
1754789.39573416 4.658298 1.15532823537103
1755100.14281677 4.6593 1.14631433618639
1755410.88989938 4.660302 1.12627016529852
1755721.63698198 4.661304 1.11966571159671
1756032.38406459 4.662306 1.11390936835581
1756343.1311472 4.663308 1.11248324286518
1756653.8782298 4.66431 1.11106013565027
1756964.62531241 4.665312 1.11393734452781
1757275.37239502 4.666314 1.11502431814232
1757586.11947762 4.667316 1.11583654063333
1757896.86656023 4.668318 1.12211043260362
1758207.61364284 4.66932 1.12932163454703
1758518.36072544 4.670322 1.12779580946069
1758829.10780805 4.671324 1.12311095344256
1759139.85489066 4.672326 1.11723972359268
1759450.60197326 4.673328 1.11924319523954
1759761.34905587 4.67433 1.12050560931551
1760072.09613848 4.675332 1.12436282358518
1760382.84322108 4.676334 1.11818582398927
1760693.59030369 4.677336 1.10032875879957
1761004.3373863 4.678338 1.09453364575637
1761315.0844689 4.67934 1.10045181444806
1761625.83155151 4.680342 1.10251570885108
1761936.57863412 4.681344 1.1026990923551
1762247.32571672 4.682346 1.09841927549694
1762558.07279933 4.683348 1.1073298297791
1762868.81988194 4.68435 1.10261456591805
1763179.56696455 4.685352 1.11313401887757
1763490.31404715 4.686354 1.1095551087398
1763801.06112976 4.687356 1.11704092209699
1764111.80821237 4.688358 1.12507945878365
1764422.55529497 4.68936 1.12610732123332
1764733.30237758 4.690362 1.12562585467781
1765044.04946019 4.691364 1.12210798098797
1765354.79654279 4.692366 1.1156498983714
1765665.5436254 4.693368 1.11565997684136
1765976.29070801 4.69437 1.11365855850034
1766287.03779061 4.695372 1.11330187504324
1766597.78487322 4.696374 1.11577453102314
1766908.53195583 4.697376 1.12014468393223
1767219.27903843 4.698378 1.12322312465693
1767530.02612104 4.69938 1.1226170157255
1767840.77320365 4.700382 1.13929110253113
1768151.52028625 4.701384 1.12301746273584
1768462.26736886 4.702386 1.11891038222227
1768773.01445147 4.703388 1.12079134948576
1769083.76153407 4.70439 1.12289759862039
1769394.50861668 4.705392 1.12309183121456
1769705.25569929 4.706394 1.12695651560203
1770016.00278189 4.707396 1.12476716944752
1770326.7498645 4.708398 1.1194644770981
1770637.49694711 4.7094 1.11531950552042
1770948.24402971 4.710402 1.1177699779736
1771258.99111232 4.711404 1.12249126009683
1771569.73819493 4.712406 1.12436839506414
1771880.48527753 4.713408 1.11501789447372
1772191.23236014 4.71441 1.11430861551464
1772501.97944275 4.715412 1.1238551236518
1772812.72652535 4.716414 1.1239401221472
1773123.47360796 4.717416 1.1392796223275
1773434.22069057 4.718418 1.13494575728381
1773744.96777318 4.71942 1.12921929673395
1774055.71485578 4.720422 1.13872327737303
1774366.46193839 4.721424 1.1450862181558
1774677.209021 4.722426 1.14372719297568
1774987.9561036 4.723428 1.15164565961519
1775298.70318621 4.72443 1.14917964495003
1775609.45026882 4.725432 1.15328087065457
1775920.19735142 4.726434 1.15139275198314
1776230.94443403 4.727436 1.16204912987498
1776541.69151664 4.728438 1.15488622591309
1776852.43859924 4.72944 1.1554950372799
1777163.18568185 4.730442 1.15946026327291
1777473.93276446 4.731444 1.14842056454621
1777784.67984706 4.732446 1.15353609845089
1778095.42692967 4.733448 1.15737123438018
1778406.17401228 4.73445 1.16366819142049
1778716.92109488 4.735452 1.16003928088163
1779027.66817749 4.736454 1.16719934369599
1779338.4152601 4.737456 1.17435131710886
1779649.1623427 4.738458 1.17872081195766
1779959.90942531 4.73946 1.16897160983348
1780270.65650792 4.740462 1.18423950609741
1780581.40359052 4.741464 1.18275055382204
1780892.15067313 4.742466 1.17367942236588
1781202.89775574 4.743468 1.16848036128147
1781513.64483835 4.74447 1.16244735520588
1781824.39192095 4.745472 1.16191338699091
1782135.13900356 4.746474 1.15905775884152
1782445.88608617 4.747476 1.16039045242487
1782756.63316877 4.748478 1.16439742773962
1783067.38025138 4.74948 1.17288649400239
1783378.12733399 4.750482 1.17488748071812
1783688.87441659 4.751484 1.16587958641007
1783999.6214992 4.752486 1.16408905478037
1784310.36858181 4.753488 1.16744319301273
1784621.11566441 4.75449 1.15500941576701
1784931.86274702 4.755492 1.14756856634649
1785242.60982963 4.756494 1.12968598126442
1785553.35691223 4.757496 1.13037232575135
1785864.10399484 4.758498 1.12258196558159
1786174.85107745 4.7595 1.12141136005382
1786485.59816005 4.760502 1.11759608345146
1786796.34524266 4.761504 1.125161692516
1787107.09232527 4.762506 1.13192527497641
1787417.83940787 4.763508 1.12514940795046
1787728.58649048 4.76451 1.13291524373881
1788039.33357309 4.765512 1.14149606606964
1788350.08065569 4.766514 1.1387954926918
1788660.8277383 4.767516 1.13962636855832
1788971.57482091 4.768518 1.13387171248561
1789282.32190351 4.76952 1.14137673267486
1789593.06898612 4.770522 1.15139050774632
1789903.81606873 4.771524 1.14790431183477
1790214.56315133 4.772526 1.15626008339441
1790525.31023394 4.773528 1.15235786068285
1790836.05731655 4.77453 1.16014391934799
1791146.80439916 4.775532 1.16333854723847
1791457.55148176 4.776534 1.16490394127314
1791768.29856437 4.777536 1.16862394317941
1792079.04564698 4.778538 1.16382752745175
1792389.79272958 4.77954 1.16870355678337
1792700.53981219 4.780542 1.17746057345696
1793011.2868948 4.781544 1.17050680010523
1793322.0339774 4.782546 1.18162408039518
1793632.78106001 4.783548 1.1756667984528
1793943.52814262 4.78455 1.17087701109391
1794254.27522522 4.785552 1.16462182463433
1794565.02230783 4.786554 1.16382392098634
1794875.76939044 4.787556 1.15898531021269
1795186.51647304 4.788558 1.15084299397559
1795497.26355565 4.78956 1.15243160883661
1795808.01063826 4.790562 1.15612264188738
1796118.75772086 4.791564 1.1546538396524
1796429.50480347 4.792566 1.15577898870406
1796740.25188608 4.793568 1.1577367265761
1797050.99896868 4.79457 1.14773338386845
1797361.74605129 4.795572 1.14317028784806
1797672.4931339 4.796574 1.12172092828029
1797983.2402165 4.797576 1.11736878294616
1798293.98729911 4.798578 1.10292552609296
1798604.73438172 4.79958 1.10375327385222
1798915.48146432 4.800582 1.08429347044171
1799226.22854693 4.801584 1.07071582173437
1799536.97562954 4.802586 1.06717953794251
1799847.72271215 4.803588 1.07239091308492
1800158.46979475 4.80459 1.06915324411699
1800469.21687736 4.805592 1.07110715813633
1800779.96395997 4.806594 1.06603571849674
1801090.71104257 4.807596 1.07349388504772
1801401.45812518 4.808598 1.07735516995706
1801712.20520779 4.8096 1.08037778839316
1802022.95229039 4.810602 1.08492964362767
1802333.699373 4.811604 1.0890951488301
1802644.44645561 4.812606 1.09199631672242
1802955.19353821 4.813608 1.0861518710908
1803265.94062082 4.81461 1.07804057440509
1803576.68770343 4.815612 1.06795132859174
1803887.43478603 4.816614 1.07945603174899
1804198.18186864 4.817616 1.07951309451906
1804508.92895125 4.818618 1.08213955413845
1804819.67603385 4.81962 1.08373463120521
1805130.42311646 4.820622 1.08948104018273
1805441.17019907 4.821624 1.08603095580254
1805751.91728167 4.822626 1.09178684368336
1806062.66436428 4.823628 1.09658518008547
1806373.41144689 4.82463 1.09844312524116
1806684.15852949 4.825632 1.10640846047006
1806994.9056121 4.826634 1.10292963384838
1807305.65269471 4.827636 1.1046531638089
1807616.39977731 4.828638 1.1145451996868
1807927.14685992 4.82964 1.11663528096967
1808237.89394253 4.830642 1.12148697124014
1808548.64102514 4.831644 1.12424549083075
1808859.38810774 4.832646 1.12566871281186
1809170.13519035 4.833648 1.12390541278629
1809480.88227296 4.83465 1.12152262342757
1809791.62935556 4.835652 1.12393371002904
1810102.37643817 4.836654 1.13663202817146
1810413.12352078 4.837656 1.13793205289275
1810723.87060338 4.838658 1.14134501676616
1811034.61768599 4.83966 1.13105031967187
1811345.3647686 4.840662 1.12800224444157
1811656.1118512 4.841664 1.13760320419217
1811966.85893381 4.842666 1.13436501968976
1812277.60601642 4.843668 1.13448697530565
1812588.35309902 4.84467 1.14089550386638
1812899.10018163 4.845672 1.13853005371316
1813209.84726424 4.846674 1.14507810936649
1813520.59434684 4.847676 1.14740795474119
1813831.34142945 4.848678 1.15083494639538
1814142.08851206 4.84968 1.14137926621586
1814452.83559466 4.850682 1.14118534907681
1814763.58267727 4.851684 1.14050724738714
1815074.32975988 4.852686 1.13534756469433
1815385.07684248 4.853688 1.12431131265907
1815695.82392509 4.85469 1.13435705085988
1816006.5710077 4.855692 1.12800146646478
1816317.3180903 4.856694 1.12476336614862
1816628.06517291 4.857696 1.12708400628536
1816938.81225552 4.858698 1.12314196260645
1817249.55933812 4.8597 1.13149056469071
1817560.30642073 4.860702 1.13371158230049
1817871.05350334 4.861704 1.13068908610059
1818181.80058595 4.862706 1.13906475719655
1818492.54766855 4.863708 1.14116893735266
1818803.29475116 4.86471 1.14453324572977
1819114.04183377 4.865712 1.15036964819813
1819424.78891637 4.866714 1.14736597226216
1819735.53599898 4.867716 1.14332596147582
1820046.28308159 4.868718 1.13134955110936
1820357.03016419 4.86972 1.13504540493695
1820667.7772468 4.870722 1.13509420967345
1820978.52432941 4.871724 1.13453351869607
1821289.27141201 4.872726 1.1364147428738
1821600.01849462 4.873728 1.14094183963398
1821910.76557723 4.87473 1.13705259107871
1822221.51265983 4.875732 1.13329663497866
1822532.25974244 4.876734 1.1239842153418
1822843.00682505 4.877736 1.12701673708961
1823153.75390765 4.878738 1.13073922256601
1823464.50099026 4.87974 1.12356906510692
1823775.24807287 4.880742 1.13166364371096
1824085.99515547 4.881744 1.13830136594283
1824396.74223808 4.882746 1.14007490916945
1824707.48932069 4.883748 1.13706198393266
1825018.23640329 4.88475 1.14249809493337
1825328.9834859 4.885752 1.15217349629011
1825639.73056851 4.886754 1.1527456537568
1825950.47765112 4.887756 1.16138010218396
1826261.22473372 4.888758 1.16168428484827
1826571.97181633 4.88976 1.16629732477273
1826882.71889894 4.890762 1.16349973654188
1827193.46598154 4.891764 1.16701174855895
1827504.21306415 4.892766 1.17659145350964
1827814.96014676 4.893768 1.173014996644
1828125.70722936 4.89477 1.17515264553203
1828436.45431197 4.895772 1.18670451766848
1828747.20139458 4.896774 1.17351999274709
1829057.94847718 4.897776 1.17142821542438
1829368.69555979 4.898778 1.17567400501861
1829679.4426424 4.89978 1.17138942749291
1829990.189725 4.900782 1.17527885251294
1830300.93680761 4.901784 1.18165621256798
1830611.68389022 4.902786 1.18426200888167
1830922.43097282 4.903788 1.19339361322752
1831233.17805543 4.90479 1.1898870748893
1831543.92513804 4.905792 1.19738049202135
1831854.67222064 4.906794 1.201341363135
1832165.41930325 4.907796 1.20344583396703
1832476.16638586 4.908798 1.18908780075988
1832786.91346846 4.9098 1.16929835187692
1833097.66055107 4.910802 1.15810026579388
1833408.40763368 4.911804 1.14211876022103
1833719.15471628 4.912806 1.13843546421036
1834029.90179889 4.913808 1.13703115335149
1834340.6488815 4.91481 1.13340451898662
1834651.3959641 4.915812 1.13615681470606
1834962.14304671 4.916814 1.15036077596257
1835272.89012932 4.917816 1.14031204861119
1835583.63721192 4.918818 1.12840073469844
1835894.38429453 4.91982 1.11266350176592
1836205.13137714 4.920822 1.09980225886391
1836515.87845975 4.921824 1.0948077491114
1836826.62554235 4.922826 1.08873627386233
1837137.37262496 4.923828 1.09327460837805
1837448.11970757 4.92483 1.08202234332921
1837758.86679017 4.925832 1.0766956680601
1838069.61387278 4.926834 1.06269530102137
1838380.36095539 4.927836 1.06934315836796
1838691.10803799 4.928838 1.06973924624347
1839001.8551206 4.92984 1.06659713728385
1839312.60220321 4.930842 1.06532998791335
1839623.34928581 4.931844 1.06929286942678
1839934.09636842 4.932846 1.06823467406247
1840244.84345103 4.933848 1.07429919042791
1840555.59053363 4.93485 1.07632738913865
1840866.33761624 4.935852 1.08164097719291
1841177.08469885 4.936854 1.07886608122089
1841487.83178145 4.937856 1.08528098676302
1841798.57886406 4.938858 1.08713839656672
1842109.32594667 4.93986 1.09536925614649
1842420.07302927 4.940862 1.0882674842022
1842730.82011188 4.941864 1.09829044334329
1843041.56719449 4.942866 1.09865882591157
1843352.31427709 4.943868 1.09702456364195
1843663.0613597 4.94487 1.10136041756823
1843973.80844231 4.945872 1.10104354062695
1844284.55552491 4.946874 1.07662141511621
1844595.30260752 4.947876 1.06635683604545
1844906.04969013 4.948878 1.05603933734259
1845216.79677274 4.94988 1.04494668593423
1845527.54385534 4.950882 1.04318155840934
1845838.29093795 4.951884 1.04017434202136
1846149.03802056 4.952886 1.04678684302964
1846459.78510316 4.953888 1.04470358064918
1846770.53218577 4.95489 1.05469944739613
1847081.27926838 4.955892 1.04808557197979
1847392.02635098 4.956894 1.04703563245093
1847702.77343359 4.957896 1.04570075789235
1848013.5205162 4.958898 1.04125496192838
1848324.2675988 4.9599 1.05209707233212
1848635.01468141 4.960902 1.03784807408245
1848945.76176402 4.961904 1.04502827987772
1849256.50884662 4.962906 1.02962369725213
1849567.25592923 4.963908 1.03219554695779
1849878.00301184 4.96491 1.03539783237209
1850188.75009444 4.965912 1.02157926761503
1850499.49717705 4.966914 1.00826082204547
1850810.24425966 4.967916 1.00841507101028
1851120.99134226 4.968918 1.00684981422248
1851431.73842487 4.96992 1.01379964028142
1851742.48550748 4.970922 1.00936394254592
1852053.23259008 4.971924 1.01338178108314
1852363.97967269 4.972926 1.01684194338022
1852674.7267553 4.973928 1.02350093946915
1852985.47383791 4.97493 1.02651844733315
1853296.22092051 4.975932 1.01982154543971
1853606.96800312 4.976934 1.02501044717138
1853917.71508573 4.977936 1.02453261774388
1854228.46216833 4.978938 1.03222690350063
1854539.20925094 4.97994 1.03841146893687
1854849.95633355 4.980942 1.03694547268517
1855160.70341615 4.981944 1.03987849981193
1855471.45049876 4.982946 1.0409249478406
1855782.19758137 4.983948 1.04799195194684
1856092.94466397 4.98495 1.05172571113762
1856403.69174658 4.985952 1.04704038914454
1856714.43882919 4.986954 1.05228514817829
1857025.18591179 4.987956 1.05510382143278
1857335.9329944 4.988958 1.05573975880618
1857646.68007701 4.98996 1.05330935620511
1857957.42715961 4.990962 1.05914553705303
1858268.17424222 4.991964 1.04255658177308
1858578.92132483 4.992966 1.04594139414127
1858889.66840743 4.993968 1.03759385902669
1859200.41549004 4.99497 1.02438968353221
1859511.16257265 4.995972 1.0164906146701
1859821.90965525 4.996974 1.01572210606158
1860132.65673786 4.997976 1.01099319830434
1860443.40382047 4.998978 1.00823899992901
1860754.15090307 4.99998 1.00904146009551
1861064.89798568 5.000982 1.00913618657085
1861375.64506829 5.001984 0.99869393134423
1861686.3921509 5.002986 1.00867497434212
1861997.1392335 5.003988 1.00092718059838
1862307.88631611 5.00499 1.00626212165395
1862618.63339872 5.005992 1.00626319296742
1862929.38048132 5.006994 1.0092876274875
1863240.12756393 5.007996 1.01214409449219
1863550.87464654 5.008998 1.01251160205029
1863861.62172914 5.01 1.01228834650797
1864172.36881175 5.011002 0.99847878972832
1864483.11589436 5.012004 1.00732233364785
1864793.86297696 5.013006 0.998847456928582
1865104.61005957 5.014008 0.991542637973849
1865415.35714218 5.01501 0.983553514550114
1865726.10422478 5.016012 0.983434557413279
1866036.85130739 5.017014 0.988218095343048
1866347.59839 5.018016 0.992937227824101
1866658.3454726 5.019018 0.986015523866763
1866969.09255521 5.02002 0.984660035023237
1867279.83963782 5.021022 0.981383555050648
1867590.58672042 5.022024 0.983774882727802
1867901.33380303 5.023026 0.983942345016945
1868212.08088564 5.024028 0.984297671525879
1868522.82796824 5.02503 0.989236229859965
1868833.57505085 5.026032 0.986240757721142
1869144.32213346 5.027034 0.987323011156748
1869455.06921606 5.028036 0.995172648296668
1869765.81629867 5.029038 0.992481978052156
1870076.56338128 5.03004 0.997214080138026
1870387.31046389 5.031042 1.00056909664171
1870698.05754649 5.032044 0.996575281300543
1871008.8046291 5.033046 1.00227390854875
1871319.55171171 5.034048 1.00755326974408
1871630.29879431 5.03505 1.01033148490703
1871941.04587692 5.036052 1.01168622188721
1872251.79295953 5.037054 1.02208111499409
1872562.54004213 5.038056 1.01680658337733
1872873.28712474 5.039058 1.0166821129835
1873184.03420735 5.04006 1.01973187698592
1873494.78128995 5.041062 1.02318367909692
1873805.52837256 5.042064 1.02700935584335
1874116.27545517 5.043066 1.02707420225865
1874427.02253777 5.044068 1.01856469158832
1874737.76962038 5.04507 1.01142441782187
1875048.51670299 5.046072 1.00924717930551
1875359.26378559 5.047074 1.00615382353907
1875670.0108682 5.048076 1.00860534119989
1875980.75795081 5.049078 1.01147914435797
1876291.50503341 5.05008 1.00358396796292
1876602.25211602 5.051082 1.00104261796347
1876912.99919863 5.052084 0.9786969529631
1877223.74628123 5.053086 0.976347631076063
1877534.49336384 5.054088 0.971717845668655
1877845.24044645 5.05509 0.97056738730662
1878155.98752905 5.056092 0.965578805168551
1878466.73461166 5.057094 0.97382576404074
1878777.48169427 5.058096 0.977083347352197
1879088.22877687 5.059098 0.978569802493606
1879398.97585948 5.0601 0.978814421909547
1879709.72294209 5.061102 0.984078621842242
1880020.4700247 5.062104 0.989636546232097
1880331.2171073 5.063106 0.983073863856861
1880641.96418991 5.064108 0.969653678211002
1880952.71127252 5.06511 0.968795851318401
1881263.45835512 5.066112 0.962200778172189
1881574.20543773 5.067114 0.970671365926683
1881884.95252034 5.068116 0.970979112913534
1882195.69960294 5.069118 0.958226983808127
1882506.44668555 5.07012 0.960661471775821
1882817.19376816 5.071122 0.952870129294638
1883127.94085076 5.072124 0.962821994308232
1883438.68793337 5.073126 0.951925714735499
1883749.43501598 5.074128 0.965016969026802
1884060.18209858 5.07513 0.961880583927907
1884370.92918119 5.076132 0.968086420008231
1884681.6762638 5.077134 0.967223594985816
1884992.4233464 5.078136 0.974408674892359
1885303.17042901 5.079138 0.973787513969119
1885613.91751162 5.08014 0.970994306317275
1885924.66459422 5.081142 0.970471750331572
1886235.41167683 5.082144 0.978423904533473
1886546.15875944 5.083146 0.982432153913391
1886856.90584204 5.084148 0.985487962842634
1887167.65292465 5.08515 0.985397520573378
1887478.40000726 5.086152 0.987905992430809
1887789.14708986 5.087154 0.99013322444018
1888099.89417247 5.088156 0.99472757762653
1888410.64125508 5.089158 0.994437171200038
1888721.38833769 5.09016 1.00086083435139
1889032.13542029 5.091162 0.999519106812999
1889342.8825029 5.092164 1.00253763589364
1889653.62958551 5.093166 1.01268853959843
1889964.37666811 5.094168 1.01183030574846
1890275.12375072 5.09517 1.01381948397352
1890585.87083333 5.096172 1.01569478941371
1890896.61791593 5.097174 1.01751185267665
1891207.36499854 5.098176 1.02560932281056
1891518.11208115 5.099178 1.03024072110523
1891828.85916375 5.10018 1.03339723714048
1892139.60624636 5.101182 1.01880410513533
1892450.35332897 5.102184 1.01850959274783
1892761.10041157 5.103186 1.00834511125717
1893071.84749418 5.104188 1.0036475465263
1893382.59457679 5.10519 1.00142611681315
1893693.34165939 5.106192 0.992258023316094
1894004.088742 5.107194 0.990227038055173
1894314.83582461 5.108196 0.979068128795877
1894625.58290721 5.109198 0.982381540596685
1894936.32998982 5.1102 0.981228889471625
1895247.07707243 5.111202 0.974339846738319
1895557.82415503 5.112204 0.974947843480846
1895868.57123764 5.113206 0.971669885273634
1896179.31832025 5.114208 0.963846968059669
1896490.06540285 5.11521 0.963617055535895
1896800.81248546 5.116212 0.968399763990567
1897111.55956807 5.117214 0.971395676028876
1897422.30665068 5.118216 0.964571787994271
1897733.05373328 5.119218 0.957278510168038
1898043.80081589 5.12022 0.952216153914137
1898354.5478985 5.121222 0.947752458416584
1898665.2949811 5.122224 0.940923280236093
1898976.04206371 5.123226 0.944980371731453
1899286.78914632 5.124228 0.939010152689781
1899597.53622892 5.12523 0.933153784085216
1899908.28331153 5.126232 0.945708295498066
1900219.03039414 5.127234 0.940664734853514
1900529.77747674 5.128236 0.941293834653559
1900840.52455935 5.129238 0.946544304157204
1901151.27164196 5.13024 0.939208199051473
1901462.01872456 5.131242 0.945204323901901
1901772.76580717 5.132244 0.949579493990264
1902083.51288978 5.133246 0.955194130731109
1902394.25997238 5.134248 0.954141833594814
1902705.00705499 5.13525 0.959095276517947
1903015.7541376 5.136252 0.962268955099642
1903326.5012202 5.137254 0.967346716021799
1903637.24830281 5.138256 0.964287265922291
1903947.99538542 5.139258 0.973070207273011
1904258.74246802 5.14026 0.975665587945568
1904569.48955063 5.141262 0.971659076956012
1904880.23663324 5.142264 0.9798698482985
1905190.98371584 5.143266 0.968752263193608
1905501.73079845 5.144268 0.977827417597082
1905812.47788106 5.14527 0.970068303183275
1906123.22496366 5.146272 0.966748273479305
1906433.97204627 5.147274 0.974251832440122
1906744.71912888 5.148276 0.974563666766873
1907055.46621149 5.149278 0.982451451312436
1907366.21329409 5.15028 0.982020718586676
1907676.9603767 5.151282 0.991124741659544
1907987.70745931 5.152284 0.981079703492273
1908298.45454191 5.153286 0.986814251214756
1908609.20162452 5.154288 0.985189071767328
1908919.94870713 5.15529 0.982949538740374
1909230.69578973 5.156292 0.983075344798821
1909541.44287234 5.157294 0.979678156009007
1909852.18995495 5.158296 0.978367789067519
1910162.93703755 5.159298 0.981125421822445
1910473.68412016 5.1603 0.977866209848942
1910784.43120277 5.161302 0.986472949257396
1911095.17828537 5.162304 0.974910730035433
1911405.92536798 5.163306 0.96054919749627
1911716.67245059 5.164308 0.958922356090954
1912027.41953319 5.16531 0.96583462216364
1912338.1666158 5.166312 0.965724341721043
1912648.91369841 5.167314 0.964367984076959
1912959.66078101 5.168316 0.951534854802273
1913270.40786362 5.169318 0.943190169660154
1913581.15494623 5.17032 0.941890282482729
1913891.90202883 5.171322 0.94256827496344
1914202.64911144 5.172324 0.934632426743003
1914513.39619405 5.173326 0.941094788176389
1914824.14327665 5.174328 0.939430160272828
1915134.89035926 5.17533 0.941682013644067
1915445.63744187 5.176332 0.946870088389022
1915756.38452448 5.177334 0.950595417961271
1916067.13160708 5.178336 0.945852553635944
1916377.87868969 5.179338 0.947009920853044
1916688.6257723 5.18034 0.953702693695052
1916999.3728549 5.181342 0.959756796854433
1917310.11993751 5.182344 0.958496474595902
1917620.86702012 5.183346 0.958293943106338
1917931.61410272 5.184348 0.964669995358393
1918242.36118533 5.18535 0.969787397475302
1918553.10826794 5.186352 0.974790752693583
1918863.85535054 5.187354 0.973469016189211
1919174.60243315 5.188356 0.97263733446151
1919485.34951576 5.189358 0.970044057591292
1919796.09659836 5.19036 0.958567772648094
1920106.84368097 5.191362 0.963836954122213
1920417.59076358 5.192364 0.960502202042448
1920728.33784618 5.193366 0.958411370688566
1921039.08492879 5.194368 0.965401962779297
1921349.8320114 5.19537 0.966394412819051
1921660.579094 5.196372 0.975328443997223
1921971.32617661 5.197374 0.972324964067824
1922282.07325922 5.198376 0.983897265403058
1922592.82034182 5.199378 0.977978856525854
1922903.56742443 5.20038 0.982522808412639
1923214.31450704 5.201382 0.97669885470705
1923525.06158964 5.202384 0.972797792558199
1923835.80867225 5.203386 0.977296968179226
1924146.55575486 5.204388 0.984337103902883
1924457.30283747 5.20539 0.983660650598667
1924768.04992007 5.206392 0.985557905255795
1925078.79700268 5.207394 0.991453823284514
1925389.54408529 5.208396 0.98642811933979
1925700.29116789 5.209398 0.987062824659381
1926011.0382505 5.2104 1.00227764252997
1926321.78533311 5.211402 0.999981765497233
1926632.53241571 5.212404 0.996029579867266
1926943.27949832 5.213406 0.995466476524655
1927254.02658093 5.214408 0.990778152490611
1927564.77366353 5.21541 0.989607906774667
1927875.52074614 5.216412 0.98434935975339
1928186.26782875 5.217414 0.984812783947066
1928497.01491135 5.218416 0.990607610872569
1928807.76199396 5.219418 0.990856581943043
1929118.50907657 5.22042 0.995873471612811
1929429.25615917 5.221422 0.985962134162559
1929740.00324178 5.222424 0.981979148630674
1930050.75032439 5.223426 0.970649232456987
1930361.49740699 5.224428 0.954237586877555
1930672.2444896 5.22543 0.948122539147565
1930982.99157221 5.226432 0.948096715582868
1931293.73865481 5.227434 0.9507242155667
1931604.48573742 5.228436 0.950355488311271
1931915.23282003 5.229438 0.95261514011944
1932225.97990263 5.23044 0.95609967105469
1932536.72698524 5.231442 0.948045028264331
1932847.47406785 5.232444 0.960187524630897
1933158.22115046 5.233446 0.956052805612451
1933468.96823306 5.234448 0.963167582100251
1933779.71531567 5.23545 0.96782745999846
1934090.46239828 5.236452 0.955265900569366
1934401.20948088 5.237454 0.962633258256017
1934711.95656349 5.238456 0.956068150142741
1935022.7036461 5.239458 0.953683615494236
1935333.4507287 5.24046 0.952276787582049
1935644.19781131 5.241462 0.948409276634966
1935954.94489392 5.242464 0.944681734721079
1936265.69197652 5.243466 0.944539396387461
1936576.43905913 5.244468 0.939473858179067
1936887.18614174 5.24547 0.950317961796883
1937197.93322434 5.246472 0.950366108822808
1937508.68030695 5.247474 0.951473231419827
1937819.42738956 5.248476 0.961953179081227
1938130.17447216 5.249478 0.956518586315933
1938440.92155477 5.25048 0.957783272345131
1938751.66863738 5.251482 0.956030470340881
1939062.41571998 5.252484 0.962543646592995
1939373.16280259 5.253486 0.965170959904583
1939683.9098852 5.254488 0.968660448704541
1939994.6569678 5.25549 0.970555501579509
1940305.40405041 5.256492 0.972664188890812
1940616.15113302 5.257494 0.972793735162667
1940926.89821562 5.258496 0.984066159434711
1941237.64529823 5.259498 0.979091585971317
1941548.39238084 5.2605 0.981600495674617
1941859.13946344 5.261502 0.988174586591704
1942169.88654605 5.262504 0.99347347421386
1942480.63362866 5.263506 0.989913788227359
1942791.38071127 5.264508 0.98634691166471
1943102.12779387 5.26551 0.997068329530716
1943412.87487648 5.266512 0.996987569756985
1943723.62195909 5.267514 1.00219561827543
1944034.36904169 5.268516 1.00657881228201
1944345.1161243 5.269518 0.997799677042731
1944655.86320691 5.27052 1.0059070519868
1944966.61028951 5.271522 1.01109197693229
1945277.35737212 5.272524 1.00279351458386
1945588.10445473 5.273526 0.997524622165227
1945898.85153733 5.274528 0.994039247929392
1946209.59861994 5.27553 0.994088655622203
1946520.34570255 5.276532 0.994015158957352
1946831.09278515 5.277534 0.994405821882778
1947141.83986776 5.278536 0.995394949586847
1947452.58695037 5.279538 0.994335470828728
1947763.33403297 5.28054 0.97736833811867
1948074.08111558 5.281542 0.978837791379402
1948384.82819819 5.282544 0.974060996407827
1948695.57528079 5.283546 0.966537536436221
1949006.3223634 5.284548 0.974633737625524
1949317.06944601 5.28555 0.96857108279724
1949627.81652861 5.286552 0.968423987223827
1949938.56361122 5.287554 0.965637039743627
1950249.31069383 5.288556 0.966624386084288
1950560.05777643 5.289558 0.964292097474737
1950870.80485904 5.29056 0.956929311550006
1951181.55194165 5.291562 0.939462589825037
1951492.29902426 5.292564 0.947256762048229
1951803.04610686 5.293566 0.938562359374861
1952113.79318947 5.294568 0.940085689690752
1952424.54027208 5.29557 0.940015162622189
1952735.28735468 5.296572 0.938207539163248
1953046.03443729 5.297574 0.941234668925826
1953356.7815199 5.298576 0.928847531498291
1953667.5286025 5.299578 0.928757318754308
1953978.27568511 5.30058 0.926983820931005
1954289.02276772 5.301582 0.918921717778708
1954599.76985032 5.302584 0.909924294881996
1954910.51693293 5.303586 0.904735506639643
1955221.26401554 5.304588 0.909310846835623
1955532.01109814 5.30559 0.907740440578761
1955842.75818075 5.306592 0.904547387477952
1956153.50526336 5.307594 0.903554479772576
1956464.25234596 5.308596 0.911842652600586
1956774.99942857 5.309598 0.916482433687786
1957085.74651118 5.3106 0.917233277698804
1957396.49359378 5.311602 0.904010019698499
1957707.24067639 5.312604 0.901623067962815
1958017.987759 5.313606 0.899403654909339
1958328.7348416 5.314608 0.892651520846208
1958639.48192421 5.31561 0.891608322849706
1958950.22900682 5.316612 0.893559482634348
1959260.97608942 5.317614 0.891346493987402
1959571.72317203 5.318616 0.89254490127053
1959882.47025464 5.319618 0.891574165199231
1960193.21733725 5.32062 0.891003350647635
1960503.96441985 5.321622 0.900642108884005
1960814.71150246 5.322624 0.900610526151764
1961125.45858507 5.323626 0.90087999194339
1961436.20566767 5.324628 0.902380465321701
1961746.95275028 5.32563 0.905368903559877
1962057.69983289 5.326632 0.91339650723657
1962368.44691549 5.327634 0.912640663055971
1962679.1939981 5.328636 0.91316410422508
1962989.94108071 5.329638 0.916250524620072
1963300.68816331 5.33064 0.919928635026373
1963611.43524592 5.331642 0.925354554555412
1963922.18232853 5.332644 0.927244470035232
1964232.92941113 5.333646 0.92701706520662
1964543.67649374 5.334648 0.929728467154312
1964854.42357635 5.33565 0.931240378613629
1965165.17065895 5.336652 0.936621962915398
1965475.91774156 5.337654 0.934588149920515
1965786.66482417 5.338656 0.940750695455459
1966097.41190677 5.339658 0.945354781922328
1966408.15898938 5.34066 0.940621290909164
1966718.90607199 5.341662 0.938708791897443
1967029.65315459 5.342664 0.929530220357657
1967340.4002372 5.343666 0.927260180142694
1967651.14731981 5.344668 0.929091665780568
1967961.89440242 5.34567 0.923607827460495
1968272.64148502 5.346672 0.929449999851528
1968583.38856763 5.347674 0.93414038668831
1968894.13565023 5.348676 0.935579497653397
1969204.88273284 5.349678 0.926396359063708
1969515.62981545 5.35068 0.922132824265976
1969826.37689806 5.351682 0.918862833726943
1970137.12398066 5.352684 0.912166762503421
1970447.87106327 5.353686 0.914443251292681
1970758.61814588 5.354688 0.916902905109781
1971069.36522848 5.35569 0.917283705794088
1971380.11231109 5.356692 0.923491633290257
1971690.8593937 5.357694 0.924422988107397
1972001.6064763 5.358696 0.930929200030753
1972312.35355891 5.359698 0.92546174128141
1972623.10064152 5.3607 0.921789474403334
1972933.84772412 5.361702 0.93510504770692
1973244.59480673 5.362704 0.936064616060061
1973555.34188934 5.363706 0.93549649948779
1973866.08897194 5.364708 0.931645791826569
1974176.83605455 5.36571 0.938755542060248
1974487.58313716 5.366712 0.937650429896843
1974798.33021976 5.367714 0.943267926682401
1975109.07730237 5.368716 0.946047585882811
1975419.82438498 5.369718 0.94571734103857
1975730.57146758 5.37072 0.943995420475989
1976041.31855019 5.371722 0.948556611187376
1976352.0656328 5.372724 0.959336566392142
1976662.8127154 5.373726 0.95227515599751
1976973.55979801 5.374728 0.958827158481334
1977284.30688062 5.37573 0.965682654293563
1977595.05396323 5.376732 0.964559167487019
1977905.80104583 5.377734 0.963365341845939
1978216.54812844 5.378736 0.965866887488211
1978527.29521105 5.379738 0.972243302349939
1978838.04229365 5.38074 0.978556650155112
1979148.78937626 5.381742 0.978750834282734
1979459.53645887 5.382744 0.977355620019914
1979770.28354147 5.383746 0.977661688944445
1980081.03062408 5.384748 0.97816528803447
1980391.77770669 5.38575 0.986848343930178
1980702.52478929 5.386752 0.990583211622305
1981013.2718719 5.387754 0.99512725491942
1981324.01895451 5.388756 0.993139055817394
1981634.76603711 5.389758 0.995764514169852
1981945.51311972 5.39076 0.995902836377925
1982256.26020233 5.391762 1.00357530842155
1982567.00728493 5.392764 1.00779087384769
1982877.75436754 5.393766 1.01446655721186
1983188.50145015 5.394768 1.01031923469113
1983499.24853275 5.39577 1.00977425174523
1983809.99561536 5.396772 1.01714247293908
1984120.74269797 5.397774 1.02411001981976
1984431.48978057 5.398776 1.02437088685994
1984742.23686318 5.399778 1.01823428041706
1985052.98394579 5.40078 1.02629317945733
1985363.73102839 5.401782 1.02817687334661
1985674.478111 5.402784 1.02894747035012
1985985.22519361 5.403786 1.01627306556819
1986295.97227621 5.404788 1.00341970567742
1986606.71935882 5.40579 1.00227587213634
1986917.46644143 5.406792 0.996366222232779
1987228.21352404 5.407794 0.9920529389091
1987538.96060664 5.408796 0.98760741439312
1987849.70768925 5.409798 0.979541710398914
1988160.45477186 5.4108 0.981171073491734
1988471.20185446 5.411802 0.982611364639781
1988781.94893707 5.412804 0.983588411224987
1989092.69601968 5.413806 0.987077118882643
1989403.44310228 5.414808 0.987105493462852
1989714.19018489 5.41581 0.978406975695408
1990024.9372675 5.416812 0.955904290797152
1990335.6843501 5.417814 0.9416447018283
1990646.43143271 5.418816 0.935974803933731
1990957.17851532 5.419818 0.937822418792151
1991267.92559792 5.42082 0.930764873535881
1991578.67268053 5.421822 0.937738208263132
1991889.41976314 5.422824 0.943389391618686
1992200.16684574 5.423826 0.936134876422059
1992510.91392835 5.424828 0.926824635931508
1992821.66101096 5.42583 0.936114998446088
1993132.40809356 5.426832 0.93171579483773
1993443.15517617 5.427834 0.933609051224685
1993753.90225878 5.428836 0.938841638133693
1994064.64934138 5.429838 0.936539148387597
1994375.39642399 5.43084 0.944933555865455
1994686.1435066 5.431842 0.940785207895063
1994996.89058921 5.432844 0.944425688147188
1995307.63767181 5.433846 0.941837606554174
1995618.38475442 5.434848 0.937133193956399
1995929.13183703 5.43585 0.931500669476265
1996239.87891963 5.436852 0.935653381740885
1996550.62600224 5.437854 0.926747924181168
1996861.37308485 5.438856 0.929871626315032
1997172.12016745 5.439858 0.927557133321243
1997482.86725006 5.44086 0.932239489360959
1997793.61433267 5.441862 0.929973350263171
1998104.36141527 5.442864 0.936793908765288
1998415.10849788 5.443866 0.94218893844945
1998725.85558049 5.444868 0.940681834661872
1999036.60266309 5.44587 0.944544464538641
1999347.3497457 5.446872 0.942509853861246
1999658.09682831 5.447874 0.941656946353274
1999968.84391091 5.448876 0.947757684261873
2000279.59099352 5.449878 0.952140582703564
2000590.33807613 5.45088 0.939088602891745
2000901.08515873 5.451882 0.94842363644492
2001211.83224134 5.452884 0.949649446291855
2001522.57932395 5.453886 0.956897229320526
2001833.32640655 5.454888 0.948100171949531
2002144.07348916 5.45589 0.954556920849669
2002454.82057177 5.456892 0.960313624599981
2002765.56765437 5.457894 0.963536764194792
2003076.31473698 5.458896 0.953115726657613
2003387.06181959 5.459898 0.945670278486329
2003697.80890219 5.4609 0.941129629138147
2004008.5559848 5.461902 0.941008133912475
2004319.30306741 5.462904 0.935476476811449
2004630.05015002 5.463906 0.938417230645624
2004940.79723262 5.464908 0.945334926447064
2005251.54431523 5.46591 0.940777115375461
2005562.29139784 5.466912 0.942637353107728
2005873.03848044 5.467914 0.950632319497728
2006183.78556305 5.468916 0.949515664226658
2006494.53264566 5.469918 0.95760501140137
2006805.27972826 5.47092 0.967592107478478
2007116.02681087 5.471922 0.954742458274289
2007426.77389348 5.472924 0.964216921467598
2007737.52097608 5.473926 0.965914077455043
2008048.26805869 5.474928 0.958655255352156
2008359.0151413 5.47593 0.963119929511679
2008669.7622239 5.476932 0.960276105346597
2008980.50930651 5.477934 0.958576799870169
2009291.25638912 5.478936 0.957499195728211
2009602.00347172 5.479938 0.963912933550812
2009912.75055433 5.48094 0.950340312433745
2010223.49763694 5.481942 0.930647060130635
2010534.24471954 5.482944 0.917836788928935
2010844.99180215 5.483946 0.91172385128357
2011155.73888476 5.484948 0.905217477109081
2011466.48596736 5.48595 0.902954685517687
2011777.23304997 5.486952 0.900832068238934
2012087.98013258 5.487954 0.902097764525026
2012398.72721518 5.488956 0.902759805244966
2012709.47429779 5.489958 0.892604724305219
2013020.2213804 5.49096 0.886985043429402
2013330.96846301 5.491962 0.887422327431589
2013641.71554561 5.492964 0.892118392712028
2013952.46262822 5.493966 0.887923220946234
2014263.20971083 5.494968 0.887690764169289
2014573.95679343 5.49597 0.897898796115538
2014884.70387604 5.496972 0.889868017194087
2015195.45095865 5.497974 0.898516347383034
2015506.19804125 5.498976 0.900116599841822
2015816.94512386 5.499978 0.892935501823887
2016127.69220647 5.50098 0.876672007055225
2016438.43928907 5.501982 0.867413522686943
2016749.18637168 5.502984 0.867003049404711
2017059.93345429 5.503986 0.865527983495516
2017370.68053689 5.504988 0.864742605096071
2017681.4276195 5.50599 0.860446067724527
2017992.17470211 5.506992 0.858532531184662
2018302.92178471 5.507994 0.866893422486867
2018613.66886732 5.508996 0.863915481313679
2018924.41594993 5.509998 0.862048282082381
2019235.16303253 5.511 0.855286478442429
2019545.91011514 5.512002 0.855874651742013
2019856.65719775 5.513004 0.855078899961511
2020167.40428035 5.514006 0.853637518254236
2020478.15136296 5.515008 0.852861937225821
2020788.89844557 5.51601 0.857760932101855
2021099.64552817 5.517012 0.851963256142909
2021410.39261078 5.518014 0.853284415451939
2021721.13969339 5.519016 0.858858636160376
2022031.88677599 5.520018 0.855031279514903
2022342.6338586 5.52102 0.861523404528397
2022653.38094121 5.522022 0.863867312892899
2022964.12802382 5.523024 0.868094250169498
2023274.87510642 5.524026 0.86745923935768
2023585.62218903 5.525028 0.869298285626865
2023896.36927164 5.52603 0.867659568227952
2024207.11635424 5.527032 0.875268975653769
2024517.86343685 5.528034 0.881642964997027
2024828.61051946 5.529036 0.876813986926027
2025139.35760206 5.530038 0.873881454161589
2025450.10468467 5.53104 0.880532492054914
2025760.85176728 5.532042 0.880871848817996
2026071.59884988 5.533044 0.881189694687282
2026382.34593249 5.534046 0.883012381048054
2026693.0930151 5.535048 0.890491404001914
2027003.8400977 5.53605 0.891412497884797
2027314.58718031 5.537052 0.889984905342369
2027625.33426292 5.538054 0.892278964130719
2027936.08134552 5.539056 0.899342116664166
2028246.82842813 5.540058 0.901413980128463
2028557.57551074 5.54106 0.8997078229926
2028868.32259334 5.542062 0.895514042106625
2029179.06967595 5.543064 0.891313399452791
2029489.81675856 5.544066 0.879860319749542
2029800.56384116 5.545068 0.881166357795345
2030111.31092377 5.54607 0.879938952127177
2030422.05800638 5.547072 0.879577575109741
2030732.80508899 5.548074 0.883516865705837
2031043.55217159 5.549076 0.89213688113302
2031354.2992542 5.550078 0.88352083227084
2031665.04633681 5.55108 0.888048531337913
2031975.79341941 5.552082 0.891377291184053
2032286.54050202 5.553084 0.883129321504402
2032597.28758463 5.554086 0.888648616486493
2032908.03466723 5.555088 0.893954704912433
2033218.78174984 5.55609 0.891561545652352
2033529.52883245 5.557092 0.900216340963812
2033840.27591505 5.558094 0.897633024265291
2034151.02299766 5.559096 0.899330142980698
2034461.77008027 5.560098 0.892574279649548
2034772.51716287 5.5611 0.902543682457566
2035083.26424548 5.562102 0.901971615825918
2035394.01132809 5.563104 0.894006859702952
2035704.75841069 5.564106 0.902220024972036
2036015.5054933 5.565108 0.902784468577222
2036326.25257591 5.56611 0.905978653096087
2036636.99965851 5.567112 0.902545634216389
2036947.74674112 5.568114 0.90919107298771
2037258.49382373 5.569116 0.906024281896244
2037569.24090633 5.570118 0.9103408912644
2037879.98798894 5.57112 0.914504757672318
2038190.73507155 5.572122 0.916116804849678
2038501.48215415 5.573124 0.914248371978257
2038812.22923676 5.574126 0.90956679473553
2039122.97631937 5.575128 0.903280113854302
2039433.72340197 5.57613 0.90823253091322
2039744.47048458 5.577132 0.907520153220196
2040055.21756719 5.578134 0.907657674787882
2040365.9646498 5.579136 0.911251054036272
2040676.7117324 5.580138 0.91462903152749
2040987.45881501 5.58114 0.919236944712382
2041298.20589762 5.582142 0.915484546377005
2041608.95298022 5.583144 0.911780858052995
2041919.70006283 5.584146 0.908542279433409
2042230.44714544 5.585148 0.906488482302863
2042541.19422804 5.58615 0.899277999526904
2042851.94131065 5.587152 0.887890393311414
2043162.68839326 5.588154 0.880224200250706
2043473.43547586 5.589156 0.883001638456981
2043784.18255847 5.590158 0.886471088958615
2044094.92964108 5.59116 0.883863565519204
2044405.67672368 5.592162 0.882809858312987
2044716.42380629 5.593164 0.881891276376756
2045027.1708889 5.594166 0.883649971698969
2045337.9179715 5.595168 0.873472822185196
2045648.66505411 5.59617 0.877059648737579
2045959.41213672 5.597172 0.876183734761257
2046270.15921932 5.598174 0.878153978429325
2046580.90630193 5.599176 0.878466178564749
2046891.65338454 5.600178 0.883387118954879
2047202.40046714 5.60118 0.872220685974542
2047513.14754975 5.602182 0.875216699235949
2047823.89463236 5.603184 0.87609964366287
2048134.64171497 5.604186 0.883863469165713
2048445.38879757 5.605188 0.879731383732326
2048756.13588018 5.60619 0.872747474037433
2049066.88296279 5.607192 0.880181236457081
2049377.63004539 5.608194 0.867398326954782
2049688.377128 5.609196 0.869726999865716
2049999.12421061 5.610198 0.866178241002221
2050309.87129321 5.6112 0.875290602418632
2050620.61837582 5.612202 0.869659672347728
2050931.36545843 5.613204 0.871744593680107
2051242.11254103 5.614206 0.874015840022849
2051552.85962364 5.615208 0.879418561762599
2051863.60670625 5.61621 0.879796250910093
2052174.35378885 5.617212 0.888667240639439
2052485.10087146 5.618214 0.88581046961148
2052795.84795407 5.619216 0.893431514707556
2053106.59503667 5.620218 0.888057986454632
2053417.34211928 5.62122 0.887525985485519
2053728.08920189 5.622222 0.892856923373358
2054038.83628449 5.623224 0.894802742715888
2054349.5833671 5.624226 0.902347296020274
2054660.33044971 5.625228 0.892632006455513
2054971.07753231 5.62623 0.886323725997327
2055281.82461492 5.627232 0.885202620248146
2055592.57169753 5.628234 0.880042439591957
2055903.31878013 5.629236 0.879076252283659
2056214.06586274 5.630238 0.876641770979422
2056524.81294535 5.63124 0.877995960105181
2056835.56002795 5.632242 0.873449391072409
2057146.30711056 5.633244 0.872055840676973
2057457.05419317 5.634246 0.867755756043826
2057767.80127578 5.635248 0.868379620804627
2058078.54835838 5.63625 0.875920042120834
2058389.29544099 5.637252 0.880894393732406
2058700.0425236 5.638254 0.879730345854716
2059010.7896062 5.639256 0.882744719723192
2059321.53668881 5.640258 0.882899329913789
2059632.28377142 5.64126 0.884098763195286
2059943.03085402 5.642262 0.882613386250738
2060253.77793663 5.643264 0.88122518813525
2060564.52501924 5.644266 0.87620452228928
2060875.27210184 5.645268 0.879257587880932
2061186.01918445 5.64627 0.871374187319481
2061496.76626706 5.647272 0.880493437916945
2061807.51334966 5.648274 0.878623574291845
2062118.26043227 5.649276 0.88194965946163
2062429.00751488 5.650278 0.873196734324981
2062739.75459748 5.65128 0.871749155387199
2063050.50168009 5.652282 0.858693841543485
2063361.2487627 5.653284 0.848534051346486
2063671.9958453 5.654286 0.847971532682875
2063982.74292791 5.655288 0.83747548108239
2064293.49001052 5.65629 0.827093617654443
2064604.23709312 5.657292 0.81984840876651
2064914.98417573 5.658294 0.817321397470517
2065225.73125834 5.659296 0.80481370190986
2065536.47834094 5.660298 0.805701064088995
2065847.22542355 5.6613 0.79933990190474
2066157.97250616 5.662302 0.801606510777391
2066468.71958877 5.663304 0.807476253309792
2066779.46667137 5.664306 0.805178663686689
2067090.21375398 5.665308 0.808720388322196
2067400.96083659 5.66631 0.809442454631853
2067711.70791919 5.667312 0.817136601877406
2068022.4550018 5.668314 0.818327428735553
2068333.20208441 5.669316 0.818373567350394
2068643.94916701 5.670318 0.823438986034392
2068954.69624962 5.67132 0.825440317943685
2069265.44333223 5.672322 0.820970739985787
2069576.19041483 5.673324 0.826655315371257
2069886.93749744 5.674326 0.832183270353617
2070197.68458005 5.675328 0.832386825999668
2070508.43166265 5.67633 0.834150680262818
2070819.17874526 5.677332 0.833033252927838
2071129.92582787 5.678334 0.832855298737101
2071440.67291047 5.679336 0.837455799876039
2071751.41999308 5.680338 0.840096927539715
2072062.16707569 5.68134 0.840079427699408
2072372.91415829 5.682342 0.839166132439764
2072683.6612409 5.683344 0.847643197228441
2072994.40832351 5.684346 0.848202600885057
2073305.15540611 5.685348 0.852262175726279
2073615.90248872 5.68635 0.853213975549662
2073926.64957133 5.687352 0.849424543595474
2074237.39665393 5.688354 0.853727109791274
2074548.14373654 5.689356 0.852394801573044
2074858.89081915 5.690358 0.857106673138437
2075169.63790175 5.69136 0.861816315551901
2075480.38498436 5.692362 0.866888811290722
2075791.13206697 5.693364 0.861650263930624
2076101.87914958 5.694366 0.857490266632848
2076412.62623218 5.695368 0.870215687728101
2076723.37331479 5.69637 0.867746026059004
2077034.1203974 5.697372 0.869502542638104
2077344.86748 5.698374 0.872607124168424
2077655.61456261 5.699376 0.875480235828954
2077966.36164522 5.700378 0.873353942833275
2078277.10872782 5.70138 0.877445260552171
2078587.85581043 5.702382 0.875351217089075
2078898.60289304 5.703384 0.882917745704951
2079209.34997564 5.704386 0.874366657432544
2079520.09705825 5.705388 0.8836850159979
2079830.84414086 5.70639 0.886762696898728
2080141.59122346 5.707392 0.892078234877702
2080452.33830607 5.708394 0.889656428421853
2080763.08538868 5.709396 0.894805851330887
2081073.83247128 5.710398 0.897518105513846
2081384.57955389 5.7114 0.897205147231168
2081695.3266365 5.712402 0.894937185378435
2082006.0737191 5.713404 0.903429470748882
2082316.82080171 5.714406 0.898155211115271
2082627.56788432 5.715408 0.904440834060759
2082938.31496692 5.71641 0.910294259653865
2083249.06204953 5.717412 0.903762485497274
2083559.80913214 5.718414 0.898751223428529
2083870.55621474 5.719416 0.892771700655382
2084181.30329735 5.720418 0.895686701913227
2084492.05037996 5.72142 0.893566208297143
2084802.79746257 5.722422 0.893099895141654
2085113.54454517 5.723424 0.892858900501044
2085424.29162778 5.724426 0.890555029581206
2085735.03871039 5.725428 0.894126921523843
2086045.78579299 5.72643 0.89157514713369
2086356.5328756 5.727432 0.897673657461499
2086667.27995821 5.728434 0.897681808078962
2086978.02704081 5.729436 0.905079428371359
2087288.77412342 5.730438 0.904155727132296
2087599.52120603 5.73144 0.900107603341056
2087910.26828863 5.732442 0.894949432030306
2088221.01537124 5.733444 0.891753325677513
2088531.76245385 5.734446 0.891516996561843
2088842.50953645 5.735448 0.889629277783431
2089153.25661906 5.73645 0.903730499250355
2089464.00370167 5.737452 0.902436199913792
2089774.75078427 5.738454 0.905816059948706
2090085.49786688 5.739456 0.893871658279302
2090396.24494949 5.740458 0.886348175843665
2090706.99203209 5.74146 0.884293322596244
2091017.7391147 5.742462 0.878002064126628
2091328.48619731 5.743464 0.883474364096863
2091639.23327991 5.744466 0.884411524658111
2091949.98036252 5.745468 0.886613419462537
2092260.72744513 5.74647 0.882441388639291
2092571.47452773 5.747472 0.88603779450352
2092882.22161034 5.748474 0.887348597020276
2093192.96869295 5.749476 0.894451596153814
2093503.71577556 5.750478 0.895024278483886
2093814.46285816 5.75148 0.887362611517509
2094125.20994077 5.752482 0.896831318394529
2094435.95702338 5.753484 0.89531114263239
2094746.70410598 5.754486 0.897229082156064
2095057.45118859 5.755488 0.882494876419401
2095368.1982712 5.75649 0.878837933857449
2095678.9453538 5.757492 0.884599388532331
2095989.69243641 5.758494 0.884940860284835
2096300.43951902 5.759496 0.883197043353606
2096611.18660162 5.760498 0.881913003947188
2096921.93368423 5.7615 0.892915370029529
2097232.68076684 5.762502 0.890515105331451
2097543.42784944 5.763504 0.886535018651807
2097854.17493205 5.764506 0.878545396550499
2098164.92201466 5.765508 0.885249755900952
2098475.66909726 5.76651 0.874914157406921
2098786.41617987 5.767512 0.874014797117595
2099097.16326248 5.768514 0.87102077880676
2099407.91034508 5.769516 0.875720443923894
2099718.65742769 5.770518 0.874658017846225
2100029.4045103 5.77152 0.878328793411964
2100340.1515929 5.772522 0.876620184350366
2100650.89867551 5.773524 0.874306412058975
2100961.64575812 5.774526 0.871578546452337
2101272.39284072 5.775528 0.876919869569172
2101583.13992333 5.77653 0.879241467140264
2101893.88700594 5.777532 0.875677034979387
2102204.63408855 5.778534 0.876016183441412
2102515.38117115 5.779536 0.874933405899751
2102826.12825376 5.780538 0.870185859448404
2103136.87533637 5.78154 0.875534443320536
2103447.62241897 5.782542 0.878871789938788
2103758.36950158 5.783544 0.87602537604151
2104069.11658419 5.784546 0.866432311333219
2104379.86366679 5.785548 0.870716584417104
2104690.6107494 5.78655 0.869705654625065
2105001.35783201 5.787552 0.869881652375611
2105312.10491461 5.788554 0.866957191559293
2105622.85199722 5.789556 0.86943938145236
2105933.59907983 5.790558 0.875957421512213
2106244.34616243 5.79156 0.873465329697039
2106555.09324504 5.792562 0.877124834081934
2106865.84032765 5.793564 0.875885664946586
2107176.58741025 5.794566 0.884906565660894
2107487.33449286 5.795568 0.881879324675833
2107798.08157547 5.79657 0.875666181228925
2108108.82865807 5.797572 0.884498529376351
2108419.57574068 5.798574 0.889246339506546
2108730.32282329 5.799576 0.887069007384132
2109041.06990589 5.800578 0.891824445149078
2109351.8169885 5.80158 0.893195292356332
2109662.56407111 5.802582 0.890304143673848
2109973.31115371 5.803584 0.895376710912271
2110284.05823632 5.804586 0.899449721037224
2110594.80531893 5.805588 0.898345031418642
2110905.55240154 5.80659 0.89544418157894
2111216.29948414 5.807592 0.902480053828525
2111527.04656675 5.808594 0.895590794843402
2111837.79364936 5.809596 0.902204948642022
2112148.54073196 5.810598 0.911199276315225
2112459.28781457 5.8116 0.897906588755824
2112770.03489718 5.812602 0.900107731273953
2113080.78197978 5.813604 0.891363383350664
2113391.52906239 5.814606 0.890524732132399
2113702.276145 5.815608 0.900177202727447
2114013.0232276 5.81661 0.889515452402184
2114323.77031021 5.817612 0.883378437802353
2114634.51739282 5.818614 0.888254480348107
2114945.26447542 5.819616 0.891097495290188
2115256.01155803 5.820618 0.883200075179591
2115566.75864064 5.82162 0.892054880527166
2115877.50572324 5.822622 0.894804867856117
2116188.25280585 5.823624 0.902362518528868
2116498.99988846 5.824626 0.890005629032621
2116809.74697106 5.825628 0.884921383349235
2117120.49405367 5.82663 0.881937105397018
2117431.24113628 5.827632 0.876079132297525
2117741.98821888 5.828634 0.871800426695081
2118052.73530149 5.829636 0.869750229313583
2118363.4823841 5.830638 0.870066320938798
2118674.22946671 5.83164 0.881278541962131
2118984.97654931 5.832642 0.882359201066914
2119295.72363192 5.833644 0.877603319510161
2119606.47071452 5.834646 0.881256813597011
2119917.21779713 5.835648 0.884791286851799
2120227.96487974 5.83665 0.883881944850728
2120538.71196235 5.837652 0.885745594092388
2120849.45904495 5.838654 0.887777167200822
2121160.20612756 5.839656 0.87933251892427
2121470.95321017 5.840658 0.87624171210407
2121781.70029277 5.84166 0.872640990225769
2122092.44737538 5.842662 0.859986914399797
2122403.19445799 5.843664 0.856577646855238
2122713.94154059 5.844666 0.850646801618007
2123024.6886232 5.845668 0.853398982690826
2123335.43570581 5.84667 0.849010765539668
2123646.18278841 5.847672 0.837916910239117
2123956.92987102 5.848674 0.841477812019715
2124267.67695363 5.849676 0.833983378451741
2124578.42403623 5.850678 0.835885336824401
2124889.17111884 5.85168 0.83831600168597
2125199.91820145 5.852682 0.837296470717021
2125510.66528405 5.853684 0.839747216479496
2125821.41236666 5.854686 0.830474134852189
2126132.15944927 5.855688 0.836237137434723
2126442.90653187 5.85669 0.838277074570159
2126753.65361448 5.857692 0.841370973840013
2127064.40069709 5.858694 0.847536043089856
2127375.14777969 5.859696 0.841255953764412
2127685.8948623 5.860698 0.845336621193203
2127996.64194491 5.8617 0.846744823926365
2128307.38902751 5.862702 0.847582711308264
2128618.13611012 5.863704 0.851846409688934
2128928.88319273 5.864706 0.854620860293162
2129239.63027534 5.865708 0.854288657496118
2129550.37735794 5.86671 0.85236925438058
2129861.12444055 5.867712 0.858617763833784
2130171.87152316 5.868714 0.846422521114976
2130482.61860576 5.869716 0.846934756700835
2130793.36568837 5.870718 0.850796861813535
2131104.11277098 5.87172 0.842024332403708
2131414.85985358 5.872722 0.842787804618101
2131725.60693619 5.873724 0.841174475582318
2132036.3540188 5.874726 0.84278502946028
2132347.1011014 5.875728 0.839619959456993
2132657.84818401 5.87673 0.845017967215685
2132968.59526662 5.877732 0.845281515212936
2133279.34234922 5.878734 0.849685638468574
2133590.08943183 5.879736 0.850388850279437
2133900.83651444 5.880738 0.854841393579798
2134211.58359704 5.88174 0.852873520546485
2134522.33067965 5.882742 0.856592534860137
2134833.07776226 5.883744 0.852109079085467
2135143.82484486 5.884746 0.852276693657714
2135454.57192747 5.885748 0.853512347369635
2135765.31901008 5.88675 0.842371369490731
2136076.06609268 5.887752 0.836013346298423
2136386.81317529 5.888754 0.825710768208326
2136697.5602579 5.889756 0.816520051796435
2137008.30734051 5.890758 0.815363031915517
2137319.05442311 5.89176 0.814637016188456
2137629.80150572 5.892762 0.813578316661938
2137940.54858833 5.893764 0.814227767565191
2138251.29567093 5.894766 0.809304864509112
2138562.04275354 5.895768 0.826766585558474
2138872.78983615 5.89677 0.820271711350332
2139183.53691875 5.897772 0.818205678093623
2139494.28400136 5.898774 0.807503312529489
2139805.03108397 5.899776 0.806351058491812
2140115.77816657 5.900778 0.803575247616935
2140426.52524918 5.90178 0.801533109270614
2140737.27233179 5.902782 0.801748548648696
2141048.01941439 5.903784 0.804425828263972
2141358.766497 5.904786 0.805937110272662
2141669.51357961 5.905788 0.816548423580632
2141980.26066221 5.90679 0.807012979033786
2142291.00774482 5.907792 0.807186545229985
2142601.75482743 5.908794 0.802381621865918
2142912.50191003 5.909796 0.807813107951904
2143223.24899264 5.910798 0.794612045268692
2143533.99607525 5.9118 0.805154487010089
2143844.74315785 5.912802 0.804341769987691
2144155.49024046 5.913804 0.801157891698399
2144466.23732307 5.914806 0.799120630900543
2144776.98440567 5.915808 0.804166843714038
2145087.73148828 5.91681 0.810114912441088
2145398.47857089 5.917812 0.806186341555638
2145709.22565349 5.918814 0.81564936689526
2146019.9727361 5.919816 0.815889756194389
2146330.71981871 5.920818 0.809572967794919
2146641.46690131 5.92182 0.816366795717426
2146952.21398392 5.922822 0.823976903480406
2147262.96106653 5.923824 0.821649432601869
2147573.70814914 5.924826 0.821787745926688
2147884.45523174 5.925828 0.822034383736175
2148195.20231435 5.92683 0.824947528503273
2148505.94939696 5.927832 0.829216443177866
2148816.69647956 5.928834 0.82566414032673
2149127.44356217 5.929836 0.828929028077664
2149438.19064478 5.930838 0.832233995645231
2149748.93772738 5.93184 0.843905420056601
2150059.68480999 5.932842 0.836098698924371
2150370.4318926 5.933844 0.838644155250893
2150681.1789752 5.934846 0.845693333935354
2150991.92605781 5.935848 0.846632374328414
2151302.67314042 5.93685 0.843204570563496
2151613.42022302 5.937852 0.846255249009876
2151924.16730563 5.938854 0.846859945095131
2152234.91438824 5.939856 0.854951343745075
2152545.66147084 5.940858 0.850816959541187
2152856.40855345 5.94186 0.851317063134474
2153167.15563606 5.942862 0.853280916337977
2153477.90271866 5.943864 0.846779789942243
2153788.64980127 5.944866 0.823710346516767
2154099.39688388 5.945868 0.818257279713749
2154410.14396648 5.94687 0.805816963049269
2154720.89104909 5.947872 0.790820184606011
2155031.6381317 5.948874 0.786243523352747
2155342.38521431 5.949876 0.782753427692003
2155653.13229691 5.950878 0.764960699357339
2155963.87937952 5.95188 0.759258241310621
2156274.62646213 5.952882 0.755046288695848
2156585.37354473 5.953884 0.752286065419938
2156896.12062734 5.954886 0.750134990927701
2157206.86770995 5.955888 0.749684449924258
2157517.61479255 5.95689 0.761212165175366
2157828.36187516 5.957892 0.751488484444859
2158139.10895777 5.958894 0.747615490190026
2158449.85604037 5.959896 0.754090790298036
2158760.60312298 5.960898 0.761470786074643
2159071.35020559 5.9619 0.762370433760279
2159382.09728819 5.962902 0.761257726147966
2159692.8443708 5.963904 0.765439291485591
2160003.59145341 5.964906 0.76644096302641
2160314.33853601 5.965908 0.766217136246788
2160625.08561862 5.96691 0.763134754037344
2160935.83270123 5.967912 0.769236052397953
2161246.57978383 5.968914 0.76919927318948
2161557.32686644 5.969916 0.776360276936558
2161868.07394905 5.970918 0.773755781975933
2162178.82103165 5.97192 0.773269646192354
2162489.56811426 5.972922 0.78096947074917
2162800.31519687 5.973924 0.774355362052299
2163111.06227947 5.974926 0.781217218190533
2163421.80936208 5.975928 0.778237815994671
2163732.55644469 5.97693 0.783004020801843
2164043.3035273 5.977932 0.782634306269934
2164354.0506099 5.978934 0.781290275991835
2164664.79769251 5.979936 0.785395402521641
2164975.54477512 5.980938 0.784140046720541
2165286.29185772 5.98194 0.790159466247267
2165597.03894033 5.982942 0.7893916509833
2165907.78602294 5.983944 0.779515760702669
2166218.53310554 5.984946 0.776401070723193
2166529.28018815 5.985948 0.771784458929299
2166840.02727076 5.98695 0.774952967903147
2167150.77435336 5.987952 0.774740034872605
2167461.52143597 5.988954 0.780555954397369
2167772.26851858 5.989956 0.779528788631723
2168083.01560118 5.990958 0.782533612240537
2168393.76268379 5.99196 0.781007103467121
2168704.5097664 5.992962 0.779696770164091
2169015.256849 5.993964 0.779421218370866
2169326.00393161 5.994966 0.767442182890153
2169636.75101422 5.995968 0.762774226807271
2169947.49809682 5.99697 0.760281301209063
2170258.24517943 5.997972 0.761470094878202
2170568.99226204 5.998974 0.76611339446546
2170879.73934464 5.999976 0.763861559302717
2171190.48642725 6.000978 0.763444850234411
2171501.23350986 6.00198 0.762172848298883
2171811.98059246 6.002982 0.767091874893977
2172122.72767507 6.003984 0.774773041501931
2172433.47475768 6.004986 0.770319999645447
2172744.22184028 6.005988 0.76822069949752
2173054.96892289 6.00699 0.770869932745476
2173365.7160055 6.007992 0.769268996013711
2173676.46308811 6.008994 0.776510355483869
2173987.21017071 6.009996 0.77844038308733
2174297.95725332 6.010998 0.78449279624504
2174608.70433593 6.012 0.783734204740795
2174919.45141853 6.013002 0.785512139627674
2175230.19850114 6.014004 0.785204117869645
2175540.94558375 6.015006 0.793093982867193
2175851.69266635 6.016008 0.788445636180424
2176162.43974896 6.01701 0.793054994221241
2176473.18683157 6.018012 0.794346263301159
2176783.93391417 6.019014 0.791647467670728
2177094.68099678 6.020016 0.792457710161114
2177405.42807939 6.021018 0.801437772582788
2177716.17516199 6.02202 0.803810115653513
2178026.9222446 6.023022 0.794871285820844
2178337.66932721 6.024024 0.792274806919196
2178648.41640981 6.025026 0.789040827082999
2178959.16349242 6.026028 0.7914684668452
2179269.91057503 6.02703 0.794829402648387
2179580.65765763 6.028032 0.796718794221824
2179891.40474024 6.029034 0.792788602153488
2180202.15182285 6.030036 0.78712139008816
2180512.89890545 6.031038 0.779888207533541
2180823.64598806 6.03204 0.775588515307437
2181134.39307067 6.033042 0.78182140170591
2181445.14015327 6.034044 0.778454500874448
2181755.88723588 6.035046 0.774360346658155
2182066.63431849 6.036048 0.77674229358562
2182377.3814011 6.03705 0.780849819443019
2182688.1284837 6.038052 0.777708475399559
2182998.87556631 6.039054 0.779971568806082
2183309.62264892 6.040056 0.772282471057226
2183620.36973152 6.041058 0.771462307826256
2183931.11681413 6.04206 0.775266364412313
2184241.86389674 6.043062 0.760873585392132
2184552.61097934 6.044064 0.758365726943938
2184863.35806195 6.045066 0.74894540880621
2185174.10514456 6.046068 0.749917272047782
2185484.85222716 6.04707 0.743716005106451
2185795.59930977 6.048072 0.739581895285499
2186106.34639238 6.049074 0.720967582868933
2186417.09347498 6.050076 0.70690132115166
2186727.84055759 6.051078 0.702698184001979
2187038.5876402 6.05208 0.702130878131685
2187349.3347228 6.053082 0.698800604540886
2187660.08180541 6.054084 0.703402797330326
2187970.82888802 6.055086 0.69897715067725
2188281.57597062 6.056088 0.699329790111056
2188592.32305323 6.05709 0.705728594535235
2188903.07013584 6.058092 0.703444723429176
2189213.81721844 6.059094 0.708962469523644
2189524.56430105 6.060096 0.715931475903555
2189835.31138366 6.061098 0.710617913484008
2190146.05846626 6.0621 0.714807065537415
2190456.80554887 6.063102 0.712382243756771
2190767.55263148 6.064104 0.716504981665215
2191078.29971409 6.065106 0.720606588676049
2191389.04679669 6.066108 0.719234712233034
2191699.7938793 6.06711 0.71493109022232
2192010.54096191 6.068112 0.722959420021824
2192321.28804451 6.069114 0.725365242151372
2192632.03512712 6.070116 0.72783885479642
2192942.78220973 6.071118 0.725065621960588
2193253.52929233 6.07212 0.726707243668989
2193564.27637494 6.073122 0.730796750722013
2193875.02345755 6.074124 0.731081012033235
2194185.77054015 6.075126 0.729137506787996
2194496.51762276 6.076128 0.727673956264378
2194807.26470537 6.07713 0.729349056447582
2195118.01178797 6.078132 0.728821704853022
2195428.75887058 6.079134 0.724344038000937
2195739.50595319 6.080136 0.712070783212711
2196050.25303579 6.081138 0.715793632431248
2196361.0001184 6.08214 0.717169789550986
2196671.74720101 6.083142 0.71289889352803
2196982.49428361 6.084144 0.714711820982752
2197293.24136622 6.085146 0.71400316747504
2197603.98844883 6.086148 0.717888952573567
2197914.73553143 6.08715 0.721882912305188
2198225.48261404 6.088152 0.721057444785982
2198536.22969665 6.089154 0.72304997312263
2198846.97677925 6.090156 0.725471825751717
2199157.72386186 6.091158 0.729245387308245
2199468.47094447 6.09216 0.7324931830765
2199779.21802707 6.093162 0.734495115626226
2200089.96510968 6.094164 0.734991729358214
2200400.71219229 6.095166 0.728084611587654
2200711.4592749 6.096168 0.728328788224398
2201022.2063575 6.09717 0.718105034655615
2201332.95344011 6.098172 0.718847996859378
2201643.70052272 6.099174 0.719459624138429
2201954.44760532 6.100176 0.708067444251146
2202265.19468793 6.101178 0.707597133234057
2202575.94177054 6.10218 0.708265969099831
2202886.68885314 6.103182 0.703654192126884
2203197.43593575 6.104184 0.7076646517494
2203508.18301836 6.105186 0.704665692881831
2203818.93010096 6.106188 0.70690219047613
2204129.67718357 6.10719 0.711446478587448
2204440.42426618 6.108192 0.708089682240487
2204751.17134878 6.109194 0.709910175429201
2205061.91843139 6.110196 0.713815395106915
2205372.665514 6.111198 0.713265477455667
2205683.4125966 6.1122 0.724338896817002
2205994.15967921 6.113202 0.723152003971009
2206304.90676182 6.114204 0.725493468031605
2206615.65384442 6.115206 0.723460366157616
2206926.40092703 6.116208 0.721418428427185
2207237.14800964 6.11721 0.730539056887041
2207547.89509224 6.118212 0.725330068299242
2207858.64217485 6.119214 0.730576944572244
2208169.38925746 6.120216 0.730893065008962
2208480.13634006 6.121218 0.735642533311879
2208790.88342267 6.12222 0.727755566141119
2209101.63050528 6.123222 0.739373092930141
2209412.37758788 6.124224 0.738483575559386
2209723.12467049 6.125226 0.738689523493599
2210033.8717531 6.126228 0.739851747707126
2210344.61883571 6.12723 0.732227487439771
2210655.36591831 6.128232 0.748430915524858
2210966.11300092 6.129234 0.740298864184955
2211276.86008353 6.130236 0.745048838207933
2211587.60716613 6.131238 0.748311635069172
2211898.35424874 6.13224 0.750521109413593
2212209.10133135 6.133242 0.752653335419626
2212519.84841395 6.134244 0.751824052461218
2212830.59549656 6.135246 0.748672726985696
2213141.34257917 6.136248 0.749163750529034
2213452.08966177 6.13725 0.74572669756136
2213762.83674438 6.138252 0.748299653736628
2214073.58382699 6.139254 0.746315842232464
2214384.33090959 6.140256 0.749259110022977
2214695.0779922 6.141258 0.747571696307061
2215005.82507481 6.14226 0.730352866442777
2215316.57215741 6.143262 0.73175905285041
2215627.31924002 6.144264 0.725438273887085
2215938.06632263 6.145266 0.719417762393067
2216248.81340523 6.146268 0.707110987489218
2216559.56048784 6.14727 0.704941690527601
2216870.30757045 6.148272 0.693256634686568
2217181.05465305 6.149274 0.687176637327398
2217491.80173566 6.150276 0.681643452685635
2217802.54881827 6.151278 0.680514352779112
2218113.29590087 6.15228 0.676944242104147
2218424.04298348 6.153282 0.676347831725423
2218734.79006609 6.154284 0.676102673687475
2219045.5371487 6.155286 0.66994728539071
2219356.2842313 6.156288 0.680568250891997
2219667.03131391 6.15729 0.674928267669967
2219977.77839652 6.158292 0.685102841358161
2220288.52547912 6.159294 0.68260970964946
2220599.27256173 6.160296 0.680227986077197
2220910.01964434 6.161298 0.680011740439705
2221220.76672694 6.1623 0.680980581539068
2221531.51380955 6.163302 0.674719712335985
2221842.26089216 6.164304 0.671385331438461
2222153.00797476 6.165306 0.675140386633861
2222463.75505737 6.166308 0.674146291639822
2222774.50213998 6.16731 0.675091063430341
2223085.24922258 6.168312 0.680800022960665
2223395.99630519 6.169314 0.680192734471238
2223706.7433878 6.170316 0.679643175685191
2224017.4904704 6.171318 0.667141251876808
2224328.23755301 6.17232 0.658120022705093
2224638.98463562 6.173322 0.653169462032455
2224949.73171822 6.174324 0.654138568821956
2225260.47880083 6.175326 0.645911314429367
2225571.22588344 6.176328 0.646468451698305
2225881.97296604 6.17733 0.647761859584775
2226192.72004865 6.178332 0.644609313157788
2226503.46713126 6.179334 0.652787781686566
2226814.21421386 6.180336 0.643096137080118
2227124.96129647 6.181338 0.641654794586028
2227435.70837908 6.18234 0.649717370549291
2227746.45546169 6.183342 0.651909436860105
2228057.20254429 6.184344 0.654382995575993
2228367.9496269 6.185346 0.652389551897592
2228678.69670951 6.186348 0.65507150086128
2228989.44379211 6.18735 0.652533605062406
2229300.19087472 6.188352 0.65160410806813
2229610.93795733 6.189354 0.657493149068197
2229921.68503993 6.190356 0.647645831885319
2230232.43212254 6.191358 0.658101475231794
2230543.17920515 6.19236 0.659385607564566
2230853.92628775 6.193362 0.658851140886066
2231164.67337036 6.194364 0.663763675951608
2231475.42045297 6.195366 0.662506663472868
2231786.16753557 6.196368 0.66531432412962
2232096.91461818 6.19737 0.664146412960806
2232407.66170079 6.198372 0.663276773971105
2232718.40878339 6.199374 0.667561690723675
2233029.155866 6.200376 0.660691973471319
2233339.90294861 6.201378 0.656259803769473
2233650.65003121 6.20238 0.654273375137829
2233961.39711382 6.203382 0.658618347013049
2234272.14419643 6.204384 0.653344617225196
2234582.89127903 6.205386 0.661409978557606
2234893.63836164 6.206388 0.661933723030126
2235204.38544425 6.20739 0.661321156372297
2235515.13252685 6.208392 0.663463121406632
2235825.87960946 6.209394 0.661665334174421
2236136.62669207 6.210396 0.666842743868854
2236447.37377468 6.211398 0.666860552275205
2236758.12085728 6.2124 0.66308331549924
2237068.86793989 6.213402 0.669529373285964
2237379.6150225 6.214404 0.671762507731604
2237690.3621051 6.215406 0.667840187717941
2238001.10918771 6.216408 0.670206979625285
2238311.85627032 6.21741 0.663861540919536
2238622.60335292 6.218412 0.674981426736028
2238933.35043553 6.219414 0.669885435320771
2239244.09751814 6.220416 0.672368648358915
2239554.84460074 6.221418 0.676393297376699
2239865.59168335 6.22242 0.67667131331575
2240176.33876596 6.223422 0.685944766803059
2240487.08584856 6.224424 0.68301020273586
2240797.83293117 6.225426 0.685496762827071
2241108.58001378 6.226428 0.682199199230007
2241419.32709638 6.22743 0.686013966575767
2241730.07417899 6.228432 0.687362915238726
2242040.8212616 6.229434 0.689546113139047
2242351.5683442 6.230436 0.687105196003248
2242662.31542681 6.231438 0.692466285869324
2242973.06250942 6.23244 0.694362043751646
2243283.80959202 6.233442 0.69409035614694
2243594.55667463 6.234444 0.698976522408876
2243905.30375724 6.235446 0.701536565758263
2244216.05083985 6.236448 0.697023093497795
2244526.79792245 6.23745 0.697667995876441
2244837.54500506 6.238452 0.695795931742112
2245148.29208767 6.239454 0.692208902480414
2245459.03917027 6.240456 0.697032654531525
2245769.78625288 6.241458 0.692043432527892
2246080.53333549 6.24246 0.687142281687115
2246391.28041809 6.243462 0.693894770702528
2246702.0275007 6.244464 0.69729921440218
2247012.77458331 6.245466 0.691437409998963
2247323.52166591 6.246468 0.696527347044868
2247634.26874852 6.24747 0.696585155547233
2247945.01583113 6.248472 0.696564227430756
2248255.76291373 6.249474 0.703723255108057
2248566.50999634 6.250476 0.706669828092038
2248877.25707895 6.251478 0.707440088588918
2249188.00416155 6.25248 0.709914210652119
2249498.75124416 6.253482 0.71429851083837
2249809.49832677 6.254484 0.713712567444435
2250120.24540937 6.255486 0.710684197775551
2250430.99249198 6.256488 0.712004914904072
2250741.73957459 6.25749 0.715992971746113
2251052.48665719 6.258492 0.719251240242509
2251363.2337398 6.259494 0.720571991239354
2251673.98082241 6.260496 0.71416822906859
2251984.72790501 6.261498 0.710398277692467
2252295.47498762 6.2625 0.704612105300952
2252606.22207023 6.263502 0.701191660440745
2252916.96915284 6.264504 0.695301680728574
2253227.71623544 6.265506 0.693056868188473
2253538.46331805 6.266508 0.694851133241226
2253849.21040066 6.26751 0.689970424797035
2254159.95748326 6.268512 0.695633085019609
2254470.70456587 6.269514 0.697448037557441
2254781.45164848 6.270516 0.691442148871881
2255092.19873108 6.271518 0.695457314027068
2255402.94581369 6.27252 0.695451585614379
2255713.6928963 6.273522 0.697452358953341
2256024.4399789 6.274524 0.690897655505465
2256335.18706151 6.275526 0.690735998508784
2256645.93414412 6.276528 0.67861039840798
2256956.68122672 6.27753 0.675857862945069
2257267.42830933 6.278532 0.683233473481529
2257578.17539194 6.279534 0.670222979038764
2257888.92247454 6.280536 0.664323047401576
2258199.66955715 6.281538 0.654500127416975
2258510.41663976 6.28254 0.641785330005097
2258821.16372236 6.283542 0.636670747343332
2259131.91080497 6.284544 0.621921313166162
2259442.65788758 6.285546 0.622647658615338
2259753.40497018 6.286548 0.617605485448694
2260064.15205279 6.28755 0.619359332423943
2260374.8991354 6.288552 0.616433921876118
2260685.646218 6.289554 0.613568369750936
2260996.39330061 6.290556 0.616927572125531
2261307.14038322 6.291558 0.617716797297972
2261617.88746582 6.29256 0.620594438230335
2261928.63454843 6.293562 0.625168690402345
2262239.38163104 6.294564 0.628288750456608
2262550.12871365 6.295566 0.625086228215688
2262860.87579625 6.296568 0.622430931880251
2263171.62287886 6.29757 0.635085045510951
2263482.36996147 6.298572 0.631665868279649
2263793.11704407 6.299574 0.62369604916257
2264103.86412668 6.300576 0.618934889932049
2264414.61120929 6.301578 0.612936546119503
2264725.35829189 6.30258 0.607461516134001
2265036.1053745 6.303582 0.611376729111654
2265346.85245711 6.304584 0.610131915995509
2265657.59953971 6.305586 0.610867247636156
2265968.34662232 6.306588 0.611490353358452
2266279.09370493 6.30759 0.606968361970261
2266589.84078753 6.308592 0.601648749833483
2266900.58787014 6.309594 0.603759663655081
2267211.33495275 6.310596 0.607741202136665
2267522.08203535 6.311598 0.60547996388458
2267832.82911796 6.3126 0.612288860732852
2268143.57620057 6.313602 0.617089613117791
2268454.32328317 6.314604 0.618910303027758
2268765.07036578 6.315606 0.618322334933507
2269075.81744839 6.316608 0.621896837286806
2269386.56453099 6.31761 0.621746197185969
2269697.3116136 6.318612 0.623691516451957
2270008.05869621 6.319614 0.628339623872749
2270318.80577881 6.320616 0.622929420267789
2270629.55286142 6.321618 0.626436022777986
2270940.29994403 6.32262 0.626308316590255
2271251.04702664 6.323622 0.627848222550403
2271561.79410924 6.324624 0.624336465667123
2271872.54119185 6.325626 0.634598996110324
2272183.28827446 6.326628 0.6285160012721
2272494.03535706 6.32763 0.631667162832415
2272804.78243967 6.328632 0.631523951940713
2273115.52952228 6.329634 0.640106893229528
2273426.27660488 6.330636 0.636527633248751
2273737.02368749 6.331638 0.637949803984732
2274047.7707701 6.33264 0.645546526213324
2274358.5178527 6.333642 0.642450895417412
2274669.26493531 6.334644 0.63868019577294
2274980.01201792 6.335646 0.641816558341053
2275290.75910052 6.336648 0.643519626030133
2275601.50618313 6.33765 0.649469648211216
2275912.25326574 6.338652 0.645269773240949
2276223.00034834 6.339654 0.653794188581969
2276533.74743095 6.340656 0.639683232155926
2276844.49451356 6.341658 0.636328824938988
2277155.24159616 6.34266 0.631996033070203
2277465.98867877 6.343662 0.625823245858081
2277776.73576138 6.344664 0.621321552584679
2278087.48284398 6.345666 0.617270455875517
2278398.22992659 6.346668 0.618600905805633
2278708.9770092 6.34767 0.620884849627338
2279019.7240918 6.348672 0.614359274217777
2279330.47117441 6.349674 0.614474578697803
2279641.21825702 6.350676 0.617494383769589
2279951.96533962 6.351678 0.616630729463692
2280262.71242223 6.35268 0.620276293543405
2280573.45950484 6.353682 0.616110928277184
2280884.20658745 6.354684 0.623766719977611
2281194.95367005 6.355686 0.621347620221839
2281505.70075266 6.356688 0.6228849004239
2281816.44783527 6.35769 0.627581042541702
2282127.19491787 6.358692 0.62985068668186
2282437.94200048 6.359694 0.628104695996274
2282748.68908309 6.360696 0.636346160747562
2283059.43616569 6.361698 0.631324749930981
2283370.1832483 6.3627 0.63341637548442
2283680.93033091 6.363702 0.634758206037118
2283991.67741351 6.364704 0.638123943755471
2284302.42449612 6.365706 0.638132588219187
2284613.17157873 6.366708 0.634977346915487
2284923.91866133 6.36771 0.637429738444894
2285234.66574394 6.368712 0.638969627427488
2285545.41282655 6.369714 0.647874596336255
2285856.15990915 6.370716 0.64779663828146
2286166.90699176 6.371718 0.645510573013026
2286477.65407437 6.37272 0.64727025416043
2286788.40115697 6.373722 0.648383134843445
2287099.14823958 6.374724 0.645897141689858
2287409.89532219 6.375726 0.652546460724505
2287720.64240479 6.376728 0.650609365848493
2288031.3894874 6.37773 0.655568333523235
2288342.13657001 6.378732 0.650475756267529
2288652.88365261 6.379734 0.66073811193365
2288963.63073522 6.380736 0.659458303790526
2289274.37781783 6.381738 0.663513624131832
2289585.12490044 6.38274 0.659474577026827
2289895.87198304 6.383742 0.668778573924144
2290206.61906565 6.384744 0.657958165829377
2290517.36614826 6.385746 0.665353263784247
2290828.11323086 6.386748 0.666423976339422
2291138.86031347 6.38775 0.665716440264509
2291449.60739608 6.388752 0.668658118842224
2291760.35447868 6.389754 0.676652556842878
2292071.10156129 6.390756 0.675400047680545
2292381.8486439 6.391758 0.678407859370062
2292692.5957265 6.39276 0.683929755502988
2293003.34280911 6.393762 0.679476936803736
2293314.08989172 6.394764 0.678292778178622
2293624.83697432 6.395766 0.675323902318226
2293935.58405693 6.396768 0.672716757539203
2294246.33113954 6.39777 0.678631607220279
2294557.07822214 6.398772 0.673897378451051
2294867.82530475 6.399774 0.672476008392987
2295178.57238736 6.400776 0.675947241357967
2295489.31946996 6.401778 0.677973281322807
2295800.06655257 6.40278 0.681813282207685
2296110.81363518 6.403782 0.682283640072343
2296421.56071778 6.404784 0.686062656420512
2296732.30780039 6.405786 0.683558442174497
2297043.054883 6.406788 0.686405484589589
2297353.8019656 6.40779 0.693396159416128
2297664.54904821 6.408792 0.693212095356375
2297975.29613082 6.409794 0.692079695260145
2298286.04321343 6.410796 0.689097833720485
2298596.79029603 6.411798 0.695284857426754
2298907.53737864 6.4128 0.691686793875064
2299218.28446125 6.413802 0.699224170520383
2299529.03154385 6.414804 0.70169182551659
2299839.77862646 6.415806 0.699284205102746
2300150.52570907 6.416808 0.700679065476682
2300461.27279167 6.41781 0.704221783393593
2300772.01987428 6.418812 0.705314369439586
2301082.76695689 6.419814 0.705255956285183
2301393.51403949 6.420816 0.707849507978956
2301704.2611221 6.421818 0.708168418923842
2302015.00820471 6.42282 0.705105955642319
2302325.75528731 6.423822 0.706677387940986
2302636.50236992 6.424824 0.71599282222106
2302947.24945253 6.425826 0.71512457100526
2303257.99653513 6.426828 0.720233558736985
2303568.74361774 6.42783 0.719407204757734
2303879.49070035 6.428832 0.719163147254349
2304190.23778295 6.429834 0.723042946210699
2304500.98486556 6.430836 0.719133141686629
2304811.73194817 6.431838 0.709847395969851
2305122.47903077 6.43284 0.71034737307852
2305433.22611338 6.433842 0.710105123251573
2305743.97319599 6.434844 0.70665928336516
2306054.72027859 6.435846 0.711020324849888
2306365.4673612 6.436848 0.709562321114465
2306676.21444381 6.43785 0.712074701473316
2306986.96152642 6.438852 0.708789180824558
2307297.70860902 6.439854 0.700350357702508
2307608.45569163 6.440856 0.70443388033229
2307919.20277424 6.441858 0.703472910526792
2308229.94985684 6.44286 0.699882975528445
2308540.69693945 6.443862 0.706528979402184
2308851.44402206 6.444864 0.709293241323655
2309162.19110466 6.445866 0.712632133928081
2309472.93818727 6.446868 0.710770517436647
2309783.68526988 6.44787 0.708634535018982
2310094.43235248 6.448872 0.708576031038849
2310405.17943509 6.449874 0.713538342376761
2310715.9265177 6.450876 0.706810709180151
2311026.6736003 6.451878 0.708279809255624
2311337.42068291 6.45288 0.701981283470662
2311648.16776552 6.453882 0.698647598341683
2311958.91484812 6.454884 0.688514834580243
2312269.66193073 6.455886 0.688667520828692
2312580.40901334 6.456888 0.690239139343349
2312891.15609594 6.45789 0.68392391500571
2313201.90317855 6.458892 0.68724438394577
2313512.65026116 6.459894 0.684849494174279
2313823.39734376 6.460896 0.674139465403227
2314134.14442637 6.461898 0.668886983160773
2314444.89150898 6.4629 0.659690248920715
2314755.63859158 6.463902 0.654617744502043
2315066.38567419 6.464904 0.651946475354473
2315377.1327568 6.465906 0.653957695421955
2315687.87983941 6.466908 0.638815216786336
2315998.62692201 6.46791 0.63408347406667
2316309.37400462 6.468912 0.629424393043206
2316620.12108723 6.469914 0.628824723527642
2316930.86816983 6.470916 0.629966074856897
2317241.61525244 6.471918 0.635200651198929
2317552.36233505 6.47292 0.62209226466498
2317863.10941765 6.473922 0.62299907770988
2318173.85650026 6.474924 0.619033281449098
2318484.60358287 6.475926 0.618215760458145
2318795.35066547 6.476928 0.617799253921519
2319106.09774808 6.47793 0.615565573913682
2319416.84483069 6.478932 0.617552115350911
2319727.59191329 6.479934 0.622426239041152
2320038.3389959 6.480936 0.617184858100393
2320349.08607851 6.481938 0.620068019525879
2320659.83316111 6.48294 0.626969413520606
2320970.58024372 6.483942 0.624626932621143
2321281.32732633 6.484944 0.628552936064617
2321592.07440893 6.485946 0.631759694766816
2321902.82149154 6.486948 0.630057341173839
2322213.56857415 6.48795 0.63225539610184
2322524.31565675 6.488952 0.629850094427179
2322835.06273936 6.489954 0.639347439400251
2323145.80982197 6.490956 0.636626776163464
2323456.55690457 6.491958 0.637614851018769
2323767.30398718 6.49296 0.640050399155065
2324078.05106979 6.493962 0.641181243736758
2324388.7981524 6.494964 0.639910250495696
2324699.545235 6.495966 0.649094786777816
2325010.29231761 6.496968 0.645351873367012
2325321.03940022 6.49797 0.642207378170473
2325631.78648282 6.498972 0.649099212361128
2325942.53356543 6.499974 0.648457330340166
2326253.28064804 6.500976 0.653647286668406
2326564.02773064 6.501978 0.652424586754603
2326874.77481325 6.50298 0.648894963643365
2327185.52189586 6.503982 0.655969509418799
2327496.26897846 6.504984 0.65409706443454
2327807.01606107 6.505986 0.649468713748659
2328117.76314368 6.506988 0.656233701185796
2328428.51022628 6.50799 0.657542627172385
2328739.25730889 6.508992 0.664298220849573
2329050.0043915 6.509994 0.661561616547792
2329360.7514741 6.510996 0.663717366301711
2329671.49855671 6.511998 0.660800348491565
2329982.24563932 6.513 0.67304924795855
2330292.99272192 6.514002 0.671957754196711
2330603.73980453 6.515004 0.670659598654269
2330914.48688714 6.516006 0.670416740872507
2331225.23396974 6.517008 0.666394189832724
2331535.98105235 6.51801 0.660962525539571
2331846.72813496 6.519012 0.66197632010817
2332157.47521756 6.520014 0.658520256532673
2332468.22230017 6.521016 0.655773620019553
2332778.96938278 6.522018 0.650541666661055
2333089.71646538 6.52302 0.661558709267725
2333400.46354799 6.524022 0.653544393073242
2333711.2106306 6.525024 0.65640358924424
2334021.95771321 6.526026 0.658070681867875
2334332.70479581 6.527028 0.656895357039332
2334643.45187842 6.52803 0.650221389468426
2334954.19896103 6.529032 0.634166619079235
2335264.94604363 6.530034 0.628862662676716
2335575.69312624 6.531036 0.602435383968587
2335886.44020885 6.532038 0.602864718031544
2336197.18729145 6.53304 0.596743722199934
2336507.93437406 6.534042 0.586518694219459
2336818.68145667 6.535044 0.58341682183359
2337129.42853927 6.536046 0.582348972469991
2337440.17562188 6.537048 0.584056175092819
2337750.92270449 6.53805 0.582608329879716
2338061.66978709 6.539052 0.578637878001877
2338372.4168697 6.540054 0.587675007621052
2338683.16395231 6.541056 0.586879381130101
2338993.91103491 6.542058 0.593793223610078
2339304.65811752 6.54306 0.589194006501155
2339615.40520013 6.544062 0.594172600889167
2339926.15228273 6.545064 0.598052957709421
2340236.89936534 6.546066 0.602680467646081
2340547.64644795 6.547068 0.603347055462885
2340858.39353055 6.54807 0.601880930006878
2341169.14061316 6.549072 0.597545276440758
2341479.88769577 6.550074 0.602232000097182
2341790.63477837 6.551076 0.602056379930555
2342101.38186098 6.552078 0.604548208192968
2342412.12894359 6.55308 0.604432210401819
2342722.8760262 6.554082 0.607876313172559
2343033.6231088 6.555084 0.60876083593365
2343344.37019141 6.556086 0.610618879658428
2343655.11727402 6.557088 0.615732569543983
2343965.86435662 6.55809 0.613401344595802
2344276.61143923 6.559092 0.612993694852507
2344587.35852184 6.560094 0.6159419551393
2344898.10560444 6.561096 0.616415386768152
2345208.85268705 6.562098 0.62117867799055
2345519.59976966 6.5631 0.623852861293709
2345830.34685226 6.564102 0.624084076571234
2346141.09393487 6.565104 0.622761129364889
2346451.84101748 6.566106 0.631384834189115
2346762.58810008 6.567108 0.627305182074291
2347073.33518269 6.56811 0.629316646659106
2347384.0822653 6.569112 0.630000705768045
2347694.8293479 6.570114 0.636133335859697
2348005.57643051 6.571116 0.630025731730603
2348316.32351312 6.572118 0.627430579329774
2348627.07059572 6.57312 0.630297763876814
2348937.81767833 6.574122 0.637672834738207
2349248.56476094 6.575124 0.63510695622042
2349559.31184354 6.576126 0.637070718603044
2349870.05892615 6.577128 0.637513058234181
2350180.80600876 6.57813 0.645000316652395
2350491.55309136 6.579132 0.642035995539412
2350802.30017397 6.580134 0.648592514058295
2351113.04725658 6.581136 0.646563229116689
2351423.79433919 6.582138 0.646235994440188
2351734.54142179 6.58314 0.65866626380639
2352045.2885044 6.584142 0.651860398461854
2352356.03558701 6.585144 0.657539746118762
2352666.78266961 6.586146 0.657323079058422
2352977.52975222 6.587148 0.660906800686907
2353288.27683483 6.58815 0.658908414413499
2353599.02391743 6.589152 0.651287901076072
2353909.77100004 6.590154 0.651909666011047
2354220.51808265 6.591156 0.645760562017182
2354531.26516525 6.592158 0.645168840007353
2354842.01224786 6.59316 0.646108050732038
2355152.75933047 6.594162 0.64284027402261
2355463.50641307 6.595164 0.644280526086062
2355774.25349568 6.596166 0.643061705936742
2356085.00057829 6.597168 0.644761965424702
2356395.74766089 6.59817 0.641391679036508
2356706.4947435 6.599172 0.643323922905619
2357017.24182611 6.600174 0.64902480105941
2357327.98890871 6.601176 0.643588103064472
2357638.73599132 6.602178 0.652401351798575
2357949.48307393 6.60318 0.653151276185548
2358260.23015653 6.604182 0.655748752676138
2358570.97723914 6.605184 0.658480139309151
2358881.72432175 6.606186 0.651198029708145
2359192.47140435 6.607188 0.655086500056582
2359503.21848696 6.60819 0.66808145694811
2359813.96556957 6.609192 0.66574264410954
2360124.71265217 6.610194 0.661128730570437
2360435.45973478 6.611196 0.663925224651036
2360746.20681739 6.612198 0.660781505279233
2361056.9539 6.6132 0.66705176124736
2361367.7009826 6.614202 0.665817313366058
2361678.44806521 6.615204 0.669829251860308
2361989.19514782 6.616206 0.675125344396477
2362299.94223042 6.617208 0.678193905094425
2362610.68931303 6.61821 0.674891638501098
2362921.43639564 6.619212 0.678275939432941
2363232.18347824 6.620214 0.678943329461481
2363542.93056085 6.621216 0.682288653513369
2363853.67764346 6.622218 0.681030950217062
2364164.42472606 6.62322 0.683354792022186
2364475.17180867 6.624222 0.686502593119767
2364785.91889128 6.625224 0.689349786531491
2365096.66597388 6.626226 0.693657820912396
2365407.41305649 6.627228 0.689338637815269
2365718.1601391 6.62823 0.691687131007508
2366028.9072217 6.629232 0.692962821850783
2366339.65430431 6.630234 0.694790468702696
2366650.40138692 6.631236 0.699847472488562
2366961.14846952 6.632238 0.699764469460258
2367271.89555213 6.63324 0.701892892016222
2367582.64263474 6.634242 0.690469989858927
2367893.38971734 6.635244 0.69516819157259
2368204.13679995 6.636246 0.685291280225048
2368514.88388256 6.637248 0.685440144766509
2368825.63096516 6.63825 0.685823178509979
2369136.37804777 6.639252 0.683526102724717
2369447.12513038 6.640254 0.681098745559154
2369757.87221299 6.641256 0.680366097622804
2370068.61929559 6.642258 0.690228786301423
2370379.3663782 6.64326 0.68399590617163
2370690.11346081 6.644262 0.684985114793845
2371000.86054341 6.645264 0.686787185136065
2371311.60762602 6.646266 0.684535294484918
2371622.35470863 6.647268 0.677712177915471
2371933.10179123 6.64827 0.684517150072026
2372243.84887384 6.649272 0.681091666176751
2372554.59595645 6.650274 0.682862630931711
2372865.34303905 6.651276 0.678413935107857
2373176.09012166 6.652278 0.669838320042949
2373486.83720427 6.65328 0.657830599515693
2373797.58428687 6.654282 0.65662874170116
2374108.33136948 6.655284 0.650650683491675
2374419.07845209 6.656286 0.643436473887854
2374729.82553469 6.657288 0.640715112999502
2375040.5726173 6.65829 0.629725678177539
2375351.31969991 6.659292 0.626843412760709
2375662.06678251 6.660294 0.622938661319482
2375972.81386512 6.661296 0.622431885888802
2376283.56094773 6.662298 0.614664346609059
2376594.30803033 6.6633 0.59134298069497
2376905.05511294 6.664302 0.58503230160415
2377215.80219555 6.665304 0.579412896555964
2377526.54927815 6.666306 0.575819422720387
2377837.29636076 6.667308 0.580054607009419
2378148.04344337 6.66831 0.566684172259677
2378458.79052598 6.669312 0.570341469326288
2378769.53760858 6.670314 0.576076581944082
2379080.28469119 6.671316 0.56911160420435
2379391.0317738 6.672318 0.566036949668602
2379701.7788564 6.67332 0.554817246044336
2380012.52593901 6.674322 0.544693743639848
2380323.27302162 6.675324 0.528280608426296
2380634.02010422 6.676326 0.515839674924979
2380944.76718683 6.677328 0.512315604778039
2381255.51426944 6.67833 0.509993525192105
2381566.26135204 6.679332 0.506246823631189
2381877.00843465 6.680334 0.498713967735344
2382187.75551726 6.681336 0.497721346989873
2382498.50259986 6.682338 0.486625549853505
2382809.24968247 6.68334 0.484820110632812
2383119.99676508 6.684342 0.485886774705569
2383430.74384768 6.685344 0.485098628521926
2383741.49093029 6.686346 0.475052632433681
2384052.2380129 6.687348 0.480658282560444
2384362.9850955 6.68835 0.477317970312292
2384673.73217811 6.689352 0.482004453743396
2384984.47926072 6.690354 0.48476815926139
2385295.22634332 6.691356 0.484799917344756
2385605.97342593 6.692358 0.48015777700637
2385916.72050854 6.69336 0.483609054220643
2386227.46759115 6.694362 0.492472004935642
2386538.21467375 6.695364 0.484427364820003
2386848.96175636 6.696366 0.481721798469454
2387159.70883896 6.697368 0.490265395412676
2387470.45592157 6.69837 0.488760348271155
2387781.20300418 6.699372 0.492254546574683
2388091.95008679 6.700374 0.487051641639707
2388402.69716939 6.701376 0.49079088176755
2388713.444252 6.702378 0.494156502002008
2389024.19133461 6.70338 0.488331595406556
2389334.93841721 6.704382 0.496413716769784
2389645.68549982 6.705384 0.493658004279435
2389956.43258243 6.706386 0.494370540366737
2390267.17966503 6.707388 0.495779996951439
2390577.92674764 6.70839 0.499274961021986
2390888.67383025 6.709392 0.493801814611145
2391199.42091285 6.710394 0.49920667218127
2391510.16799546 6.711396 0.500806794480097
2391820.91507807 6.712398 0.501257589665905
2392131.66216067 6.7134 0.503647347885257
2392442.40924328 6.714402 0.501658175321084
2392753.15632589 6.715404 0.503179659358666
2393063.90340849 6.716406 0.507322418937007
2393374.6504911 6.717408 0.504350534348221
2393685.39757371 6.71841 0.505187773311559
2393996.14465631 6.719412 0.508890588562144
2394306.89173892 6.720414 0.512702948011651
2394617.63882153 6.721416 0.503942426267519
2394928.38590413 6.722418 0.510333857883292
2395239.13298674 6.72342 0.509760219467941
2395549.88006935 6.724422 0.506308762001105
2395860.62715195 6.725424 0.503600790982716
2396171.37423456 6.726426 0.500600799691361
2396482.12131717 6.727428 0.498524536175766
2396792.86839978 6.72843 0.496251812072906
2397103.61548238 6.729432 0.492708300564596
2397414.36256499 6.730434 0.483481814886943
2397725.1096476 6.731436 0.478355168414164
2398035.8567302 6.732438 0.478539368301737
2398346.60381281 6.73344 0.470539742862775
2398657.35089542 6.734442 0.477203366506716
2398968.09797802 6.735444 0.478979653734435
2399278.84506063 6.736446 0.478887858083626
2399589.59214324 6.737448 0.480682711165506
2399900.33922584 6.73845 0.479950075498833
2400211.08630845 6.739452 0.48377978085117
2400521.83339106 6.740454 0.484784351125001
2400832.58047366 6.741456 0.48291110521315
2401143.32755627 6.742458 0.485917342437488
2401454.07463888 6.74346 0.483002290516721
2401764.82172148 6.744462 0.487612088110349
2402075.56880409 6.745464 0.492511095608508
2402386.3158867 6.746466 0.485838377386641
2402697.0629693 6.747468 0.49070892336048
2403007.81005191 6.74847 0.490728338743849
2403318.55713452 6.749472 0.493119827740991
2403629.30421712 6.750474 0.490259317902714
2403940.05129973 6.751476 0.496905165167589
2404250.79838234 6.752478 0.499582403081336
2404561.54546495 6.75348 0.497662903403453
2404872.29254755 6.754482 0.493840150761034
2405183.03963016 6.755484 0.501063491674807
2405493.78671277 6.756486 0.49996035022468
2405804.53379537 6.757488 0.49818985593713
2406115.28087798 6.75849 0.503760093529222
2406426.02796059 6.759492 0.500055168001795
2406736.77504319 6.760494 0.501430377374519
2407047.5221258 6.761496 0.503149448613157
2407358.26920841 6.762498 0.505179197562308
2407669.01629101 6.7635 0.506684091891785
2407979.76337362 6.764502 0.509911012502613
2408290.51045623 6.765504 0.508114377543912
2408601.25753883 6.766506 0.508798488120635
2408912.00462144 6.767508 0.507666721430959
2409222.75170405 6.76851 0.513838134244581
2409533.49878665 6.769512 0.513506480258133
2409844.24586926 6.770514 0.510979408943397
2410154.99295187 6.771516 0.516225004857103
2410465.74003447 6.772518 0.514136428119279
2410776.48711708 6.77352 0.516835229521113
2411087.23419969 6.774522 0.517548621880908
2411397.98128229 6.775524 0.521999396452016
2411708.7283649 6.776526 0.516139714310264
2412019.47544751 6.777528 0.521040640198696
2412330.22253011 6.77853 0.521573866923195
2412640.96961272 6.779532 0.523061593393186
2412951.71669533 6.780534 0.523904908475359
2413262.46377793 6.781536 0.530554054628041
2413573.21086054 6.782538 0.52670395271108
2413883.95794315 6.78354 0.529418327847657
2414194.70502576 6.784542 0.529337477751908
2414505.45210836 6.785544 0.532017593277474
2414816.19919097 6.786546 0.533232302738357
2415126.94627358 6.787548 0.533772123400472
2415437.69335618 6.78855 0.535240168415352
2415748.44043879 6.789552 0.531408364296964
2416059.1875214 6.790554 0.534818326849833
2416369.934604 6.791556 0.535902394184975
2416680.68168661 6.792558 0.54726279824413
2416991.42876922 6.79356 0.544152052403399
2417302.17585182 6.794562 0.542907428674325
2417612.92293443 6.795564 0.540955405097583
2417923.67001704 6.796566 0.5451414933116
2418234.41709964 6.797568 0.542809855497841
2418545.16418225 6.79857 0.546541998792702
2418855.91126486 6.799572 0.550662249880468
2419166.65834746 6.800574 0.551894505401362
2419477.40543007 6.801576 0.551450573838233
2419788.15251268 6.802578 0.551988149622882
2420098.89959528 6.80358 0.554544655815468
2420409.64667789 6.804582 0.558829109814433
2420720.3937605 6.805584 0.552490553604913
2421031.1408431 6.806586 0.555945429189761
2421341.88792571 6.807588 0.552682144158033
2421652.63500832 6.80859 0.55472456039197
2421963.38209093 6.809592 0.556966233709503
2422274.12917353 6.810594 0.562114492223049
2422584.87625614 6.811596 0.560795600353937
2422895.62333875 6.812598 0.56514780900369
2423206.37042135 6.8136 0.564299725774511
2423517.11750396 6.814602 0.563771134807843
2423827.86458657 6.815604 0.573876667488116
2424138.61166917 6.816606 0.571562140367449
2424449.35875178 6.817608 0.573119933027011
2424760.10583439 6.81861 0.572643768565892
2425070.85291699 6.819612 0.571118346642619
2425381.5999996 6.820614 0.566826166959537
2425692.34708221 6.821616 0.577336529657528
2426003.09416481 6.822618 0.580339227206653
2426313.84124742 6.82362 0.582204467974609
2426624.58833003 6.824622 0.580921902587928
2426935.33541263 6.825624 0.579458154011299
2427246.08249524 6.826626 0.58174468297055
2427556.82957785 6.827628 0.585679445335984
2427867.57666045 6.82863 0.589422971868363
2428178.32374306 6.829632 0.581060196546019
2428489.07082567 6.830634 0.583060538012561
2428799.81790827 6.831636 0.589067791662215
2429110.56499088 6.832638 0.58355771395403
2429421.31207349 6.83364 0.579387499598814
2429732.05915609 6.834642 0.579782997648675
2430042.8062387 6.835644 0.574534703022627
2430353.55332131 6.836646 0.552438847546405
2430664.30040391 6.837648 0.547931301480601
2430975.04748652 6.83865 0.523280207643497
2431285.79456913 6.839652 0.506855341473436
2431596.54165174 6.840654 0.495243890815148
2431907.28873434 6.841656 0.490300102856269
2432218.03581695 6.842658 0.480400632034443
2432528.78289956 6.84366 0.474566146628033
2432839.52998216 6.844662 0.471824074183788
2433150.27706477 6.845664 0.471745222055667
2433461.02414738 6.846666 0.470409685627295
2433771.77122998 6.847668 0.476470657276298
2434082.51831259 6.84867 0.477282949662339
2434393.2653952 6.849672 0.462503930665134
2434704.0124778 6.850674 0.461179301459792
2435014.75956041 6.851676 0.458639959683662
2435325.50664302 6.852678 0.459390531141981
2435636.25372562 6.85368 0.461718684325066
2435947.00080823 6.854682 0.460573505821679
2436257.74789084 6.855684 0.4570927654114
2436568.49497344 6.856686 0.458314729455053
2436879.24205605 6.857688 0.457473602758854
2437189.98913866 6.85869 0.457159332353465
2437500.73622126 6.859692 0.462603112910684
2437811.48330387 6.860694 0.45939229479952
2438122.23038648 6.861696 0.460324245596727
2438432.97746908 6.862698 0.458113406278577
2438743.72455169 6.8637 0.456510968599059
2439054.4716343 6.864702 0.464233287934603
2439365.2187169 6.865704 0.466232292600964
2439675.96579951 6.866706 0.464888598056588
2439986.71288212 6.867708 0.459972132316619
2440297.45996473 6.86871 0.466715244483607
2440608.20704733 6.869712 0.473343487938606
2440918.95412994 6.870714 0.475307767468762
2441229.70121255 6.871716 0.473622473584213
2441540.44829515 6.872718 0.472931455551461
2441851.19537776 6.87372 0.467036183316361
2442161.94246037 6.874722 0.463561291906171
2442472.68954297 6.875724 0.456168462892605
2442783.43662558 6.876726 0.457547694325524
2443094.18370819 6.877728 0.45138878357985
2443404.93079079 6.87873 0.449468351743353
2443715.6778734 6.879732 0.446201843496587
2444026.42495601 6.880734 0.446775807750504
2444337.17203861 6.881736 0.448692370142701
2444647.91912122 6.882738 0.451219304722654
2444958.66620383 6.88374 0.437134134454139
2445269.41328643 6.884742 0.429669239101971
2445580.16036904 6.885744 0.429755079240549
2445890.90745165 6.886746 0.419057506211636
2446201.65453425 6.887748 0.424090422108862
2446512.40161686 6.88875 0.425311291874525
2446823.14869947 6.889752 0.426287360624196
2447133.89578207 6.890754 0.42312811718119
2447444.64286468 6.891756 0.425251583661374
2447755.38994729 6.892758 0.418440811143342
2448066.13702989 6.89376 0.419874957123291
2448376.8841125 6.894762 0.423297350217666
2448687.63119511 6.895764 0.424000240714744
2448998.37827772 6.896766 0.427679954359789
2449309.12536032 6.897768 0.429686019365455
2449619.87244293 6.89877 0.424564577904438
2449930.61952554 6.899772 0.431080804460256
2450241.36660814 6.900774 0.43140358090566
2450552.11369075 6.901776 0.423334976425956
2450862.86077336 6.902778 0.431146973535338
2451173.60785596 6.90378 0.433835743377225
2451484.35493857 6.904782 0.43402095234472
2451795.10202118 6.905784 0.432349618621951
2452105.84910378 6.906786 0.434765515242033
2452416.59618639 6.907788 0.43663805405444
2452727.343269 6.90879 0.43409513392218
2453038.0903516 6.909792 0.441945903065586
2453348.83743421 6.910794 0.439644224012424
2453659.58451682 6.911796 0.443265263900096
2453970.33159942 6.912798 0.442464891634811
2454281.07868203 6.9138 0.450701089169608
2454591.82576464 6.914802 0.445268017102963
2454902.57284724 6.915804 0.441317040840889
2455213.31992985 6.916806 0.447480207146242
2455524.06701246 6.917808 0.449995172581435
2455834.81409506 6.91881 0.446658510092986
2456145.56117767 6.919812 0.446289896954416
2456456.30826028 6.920814 0.4489608657018
2456767.05534288 6.921816 0.449246038807737
2457077.80242549 6.922818 0.452321971009181
2457388.5495081 6.92382 0.450536831382584
2457699.2965907 6.924822 0.456010712403914
2458010.04367331 6.925824 0.459558924383569
2458320.79075592 6.926826 0.45754337317476
2458631.53783853 6.927828 0.456744303430065
2458942.28492113 6.92883 0.456577201878094
2459253.03200374 6.929832 0.464924856984621
2459563.77908635 6.930834 0.459512158829786
2459874.52616895 6.931836 0.464955649827107
2460185.27325156 6.932838 0.459417278250663
2460496.02033417 6.93384 0.463004313647131
2460806.76741677 6.934842 0.459815371402204
2461117.51449938 6.935844 0.465371089478885
2461428.26158199 6.936846 0.466954440407584
2461739.00866459 6.937848 0.468250200514235
2462049.7557472 6.93885 0.461627076995561
2462360.50282981 6.939852 0.468906714850742
2462671.24991241 6.940854 0.473952618424869
2462981.99699502 6.941856 0.477357169521192
2463292.74407763 6.942858 0.4705539517239
2463603.49116023 6.94386 0.475132096066232
2463914.23824284 6.944862 0.47530821203147
2464224.98532545 6.945864 0.476409418629479
2464535.73240805 6.946866 0.475543239711576
2464846.47949066 6.947868 0.475742004306443
2465157.22657327 6.94887 0.482973892150334
2465467.97365587 6.949872 0.473094072567712
2465778.72073848 6.950874 0.476698761982314
2466089.46782109 6.951876 0.488740849160928
2466400.21490369 6.952878 0.481740326347002
2466710.9619863 6.95388 0.477369566161606
2467021.70906891 6.954882 0.463016000253533
2467332.45615152 6.955884 0.467733476508836
2467643.20323412 6.956886 0.457196757601245
2467953.95031673 6.957888 0.460215896874831
2468264.69739934 6.95889 0.457766858826508
2468575.44448194 6.959892 0.454998201222969
2468886.19156455 6.960894 0.449143626268188
2469196.93864716 6.961896 0.442830719110732
2469507.68572976 6.962898 0.439840362410292
2469818.43281237 6.9639 0.438710702041305
2470129.17989498 6.964902 0.442582055911605
2470439.92697758 6.965904 0.44053001287177
2470750.67406019 6.966906 0.445784475500935
2471061.4211428 6.967908 0.438146263981142
2471372.1682254 6.96891 0.436472720467031
2471682.91530801 6.969912 0.439793934084166
2471993.66239062 6.970914 0.443562876366091
2472304.40947322 6.971916 0.44385229048936
2472615.15655583 6.972918 0.43618940580588
2472925.90363844 6.97392 0.432207896245987
2473236.65072104 6.974922 0.430982190659796
2473547.39780365 6.975924 0.425514008533203
2473858.14488626 6.976926 0.427609285169585
2474168.89196886 6.977928 0.419960590728275
2474479.63905147 6.97893 0.425778563515986
2474790.38613408 6.979932 0.425506716457472
2475101.13321668 6.980934 0.41954663068802
2475411.88029929 6.981936 0.426298043954814
2475722.6273819 6.982938 0.424731306753628
2476033.3744645 6.98394 0.427333082110297
2476344.12154711 6.984942 0.426678728485885
2476654.86862972 6.985944 0.424099633976122
2476965.61571233 6.986946 0.421757048802543
2477276.36279493 6.987948 0.433323561420281
2477587.10987754 6.98895 0.425502360700607
2477897.85696015 6.989952 0.42689388494793
2478208.60404275 6.990954 0.430602086836725
2478519.35112536 6.991956 0.427985303814659
2478830.09820797 6.992958 0.43328597580055
2479140.84529057 6.99396 0.438227538914649
2479451.59237318 6.994962 0.432942675822677
2479762.33945579 6.995964 0.436573925897565
2480073.08653839 6.996966 0.43819858769899
2480383.833621 6.997968 0.436431401255833
2480694.58070361 6.99897 0.431900221376222
2481005.32778621 6.999972 0.438719342342784
2481316.07486882 7.000974 0.438553612386973
2481626.82195143 7.001976 0.440114479509716
2481937.56903403 7.002978 0.44229679479969
2482248.31611664 7.00398 0.447370893622281
2482559.06319925 7.004982 0.44282713585602
2482869.81028185 7.005984 0.451555542709274
2483180.55736446 7.006986 0.449336108810191
2483491.30444707 7.007988 0.453986680985419
2483802.05152967 7.00899 0.448574700986553
2484112.79861228 7.009992 0.449450959993808
2484423.54569489 7.010994 0.456875994568266
2484734.29277749 7.011996 0.448339303734636
2485045.0398601 7.012998 0.45325191690096
2485355.78694271 7.014 0.455522032000109
2485666.53402532 7.015002 0.457986708950668
2485977.28110792 7.016004 0.452288914937676
2486288.02819053 7.017006 0.458011644812452
2486598.77527314 7.018008 0.455805994628854
2486909.52235574 7.01901 0.457780316005072
2487220.26943835 7.020012 0.462539229075881
2487531.01652096 7.021014 0.459560384296676
2487841.76360356 7.022016 0.463769217103285
2488152.51068617 7.023018 0.463125052179813
2488463.25776878 7.02402 0.468629539789604
2488774.00485138 7.025022 0.466755485891745
2489084.75193399 7.026024 0.466503971037376
2489395.4990166 7.027026 0.473210186861453
2489706.2460992 7.028028 0.46837994376942
2490016.99318181 7.02903 0.470603278122492
2490327.74026442 7.030032 0.469169716317348
2490638.48734702 7.031034 0.472134395783401
2490949.23442963 7.032036 0.478426487866585
2491259.98151224 7.033038 0.471490473906415
2491570.72859484 7.03404 0.474278621007263
2491881.47567745 7.035042 0.468413848357385
2492192.22276006 7.036044 0.467014684876701
2492502.96984266 7.037046 0.458802288925313
2492813.71692527 7.038048 0.465463141378662
2493124.46400788 7.03905 0.46580937079175
2493435.21109048 7.040052 0.464497155673294
2493745.95817309 7.041054 0.464534642138896
2494056.7052557 7.042056 0.465631278390045
2494367.4523383 7.043058 0.464090188706643
2494678.19942091 7.04406 0.453094219408414
2494988.94650352 7.045062 0.454077825967777
2495299.69358613 7.046064 0.449044457333126
2495610.44066873 7.047066 0.454227407710463
2495921.18775134 7.048068 0.45775908149528
2496231.93483395 7.04907 0.450224181702522
2496542.68191655 7.050072 0.453234253392083
2496853.42899916 7.051074 0.454031706829254
2497164.17608177 7.052076 0.449788781657062
2497474.92316437 7.053078 0.456797011505991
2497785.67024698 7.05408 0.452562682398684
2498096.41732959 7.055082 0.459421723162622
2498407.16441219 7.056084 0.458413416810984
2498717.9114948 7.057086 0.457426533301866
2499028.65857741 7.058088 0.457292559876391
2499339.40566001 7.05909 0.448046860042081
2499650.15274262 7.060092 0.450486522220194
2499960.89982523 7.061094 0.449608291741648
2500271.64690783 7.062096 0.445040512737264
2500582.39399044 7.063098 0.451839582832676
2500893.14107305 7.0641 0.437180206752403
2501203.88815565 7.065102 0.435159748508743
2501514.63523826 7.066104 0.428204843807546
2501825.38232087 7.067106 0.428602238771527
2502136.12940347 7.068108 0.423493174235548
2502446.87648608 7.06911 0.420897169116085
2502757.62356869 7.070112 0.422301887509818
2503068.37065129 7.071114 0.424755897537556
2503379.1177339 7.072116 0.419639387312855
2503689.86481651 7.073118 0.422185140211241
2504000.61189912 7.07412 0.421520659483259
2504311.35898172 7.075122 0.421069897464459
2504622.10606433 7.076124 0.419200387617306
2504932.85314694 7.077126 0.426320470317338
2505243.60022954 7.078128 0.43340562178849
2505554.34731215 7.07913 0.429924163084093
2505865.09439476 7.080132 0.423636622803614
2506175.84147736 7.081134 0.425917556059053
2506486.58855997 7.082136 0.426648593785188
2506797.33564258 7.083138 0.430608446385344
2507108.08272518 7.08414 0.43380240103141
2507418.82980779 7.085142 0.428328597518438
2507729.5768904 7.086144 0.430138555818379
2508040.323973 7.087146 0.435839410142997
2508351.07105561 7.088148 0.436200558625976
2508661.81813822 7.08915 0.431253405149297
2508972.56522082 7.090152 0.434510015377543
2509283.31230343 7.091154 0.43482613530732
2509594.05938604 7.092156 0.429512465744816
2509904.80646864 7.093158 0.438182826339681
2510215.55355125 7.09416 0.44066550494559
2510526.30063386 7.095162 0.439268850090066
2510837.04771646 7.096164 0.441361880382866
2511147.79479907 7.097166 0.439143270799906
2511458.54188168 7.098168 0.445045880373275
2511769.28896429 7.09917 0.442268632933043
2512080.03604689 7.100172 0.443144897110006
2512390.7831295 7.101174 0.440481480586899
2512701.53021211 7.102176 0.43375406114582
2513012.27729471 7.103178 0.435419989578853
2513323.02437732 7.10418 0.419307051759018
2513633.77145993 7.105182 0.419355080326897
2513944.51854253 7.106184 0.425174788794079
2514255.26562514 7.107186 0.420672888326437
2514566.01270775 7.108188 0.422277175522915
2514876.75979035 7.10919 0.417498128165093
2515187.50687296 7.110192 0.421030257656395
2515498.25395557 7.111194 0.422081421365036
2515809.00103817 7.112196 0.419961371602521
2516119.74812078 7.113198 0.421926034264318
2516430.49520339 7.1142 0.423505654171252
2516741.24228599 7.115202 0.426185988863925
2517051.9893686 7.116204 0.422698508133206
2517362.73645121 7.117206 0.424409247624775
2517673.48353381 7.118208 0.42762572009134
2517984.23061642 7.11921 0.431600419386308
2518294.97769903 7.120212 0.43036239096609
2518605.72478163 7.121214 0.428067609828026
2518916.47186424 7.122216 0.428473822342807
2519227.21894685 7.123218 0.431409058538099
2519537.96602945 7.12422 0.429856056056393
2519848.71311206 7.125222 0.439335700848522
2520159.46019467 7.126224 0.436917183524806
2520470.20727727 7.127226 0.434642145770409
2520780.95435988 7.128228 0.440560461018892
2521091.70144249 7.12923 0.434162505511107
2521402.44852509 7.130232 0.437559205358637
2521713.1956077 7.131234 0.439041114865072
2522023.94269031 7.132236 0.440429436971911
2522334.68977292 7.133238 0.443485819570364
2522645.43685552 7.13424 0.442844505756008
2522956.18393813 7.135242 0.43751054529443
2523266.93102074 7.136244 0.450350254110935
2523577.67810334 7.137246 0.445230098875221
2523888.42518595 7.138248 0.447209761341969
2524199.17226856 7.13925 0.44549120681664
2524509.91935116 7.140252 0.451396203692069
2524820.66643377 7.141254 0.452837925689019
2525131.41351638 7.142256 0.450447450053485
2525442.16059898 7.143258 0.454257179563815
2525752.90768159 7.14426 0.456042644564747
2526063.6547642 7.145262 0.451016241078781
2526374.4018468 7.146264 0.450568943964905
2526685.14892941 7.147266 0.453273421614965
2526995.89601202 7.148268 0.456539190141448
2527306.64309462 7.14927 0.453624746204413
2527617.39017723 7.150272 0.459418379343995
2527928.13725984 7.151274 0.463028091173466
2528238.88434244 7.152276 0.463235221578612
2528549.63142505 7.153278 0.458793821305634
2528860.37850766 7.15428 0.466426399068331
2529171.12559026 7.155282 0.46721280145971
2529481.87267287 7.156284 0.463207660862908
2529792.61975548 7.157286 0.468947608592
2530103.36683809 7.158288 0.464863142394729
2530414.11392069 7.15929 0.467758358238427
2530724.8610033 7.160292 0.469746404659487
2531035.60808591 7.161294 0.470836210541602
2531346.35516851 7.162296 0.474585752724821
2531657.10225112 7.163298 0.479340960920527
2531967.84933373 7.1643 0.47281950867992
2532278.59641633 7.165302 0.476145884782116
2532589.34349894 7.166304 0.478989959409097
2532900.09058155 7.167306 0.481556760427959
2533210.83766415 7.168308 0.482690577810106
2533521.58474676 7.16931 0.483384808780391
2533832.33182937 7.170312 0.48493205878956
2534143.07891197 7.171314 0.485746802189968
2534453.82599458 7.172316 0.486514704999018
2534764.57307719 7.173318 0.481334629203296
2535075.32015979 7.17432 0.490427849938917
2535386.0672424 7.175322 0.488738825813365
2535696.81432501 7.176324 0.486280509717865
2536007.56140761 7.177326 0.484235975262289
2536318.30849022 7.178328 0.495650862156206
2536629.05557283 7.17933 0.497431567162285
2536939.80265543 7.180332 0.495267894580814
2537250.54973804 7.181334 0.495017540750496
2537561.29682065 7.182336 0.498352612200751
2537872.04390325 7.183338 0.496268439226417
2538182.79098586 7.18434 0.493016061273611
2538493.53806847 7.185342 0.489638218210407
2538804.28515108 7.186344 0.48708639803491
2539115.03223368 7.187346 0.489975622402339
2539425.77931629 7.188348 0.489313831954032
2539736.5263989 7.18935 0.484912349687743
2540047.2734815 7.190352 0.48350333920727
2540358.02056411 7.191354 0.484529460259999
2540668.76764672 7.192356 0.484770538005896
2540979.51472932 7.193358 0.473074987786089
2541290.26181193 7.19436 0.459162767057108
2541601.00889454 7.195362 0.454916755393491
2541911.75597714 7.196364 0.451701236880283
2542222.50305975 7.197366 0.456853335041219
2542533.25014236 7.198368 0.447269231691869
2542843.99722496 7.19937 0.448393248751476
2543154.74430757 7.200372 0.443751315175081
2543465.49139018 7.201374 0.448016611545955
2543776.23847278 7.202376 0.449187372384936
2544086.98555539 7.203378 0.452684894188241
2544397.732638 7.20438 0.453536111751167
2544708.4797206 7.205382 0.449132117471364
2545019.22680321 7.206384 0.455908620980899
2545329.97388582 7.207386 0.455221771632581
2545640.72096842 7.208388 0.456642311305257
2545951.46805103 7.20939 0.462337680580436
2546262.21513364 7.210392 0.459501793167823
2546572.96221625 7.211394 0.466008767806062
2546883.70929885 7.212396 0.465176606450791
2547194.45638146 7.213398 0.462121151111751
2547505.20346407 7.2144 0.465372843165486
2547815.95054667 7.215402 0.459701905124518
2548126.69762928 7.216404 0.455757141895872
2548437.44471189 7.217406 0.451588300842246
2548748.19179449 7.218408 0.447375278261116
2549058.9388771 7.21941 0.443941244523192
2549369.68595971 7.220412 0.44091963011822
2549680.43304231 7.221414 0.440629898294262
2549991.18012492 7.222416 0.444746654477434
2550301.92720753 7.223418 0.436831213661068
2550612.67429013 7.22442 0.441856652335095
2550923.42137274 7.225422 0.443111924398082
2551234.16845535 7.226424 0.446422693438738
2551544.91553795 7.227426 0.452927428020942
2551855.66262056 7.228428 0.450812147011168
2552166.40970317 7.22943 0.452951195415809
2552477.15678577 7.230432 0.448554383901074
2552787.90386838 7.231434 0.454882995490401
2553098.65095099 7.232436 0.454183706233199
2553409.39803359 7.233438 0.455245057799466
2553720.1451162 7.23444 0.455853406753676
2554030.89219881 7.235442 0.462212583901492
2554341.63928141 7.236444 0.460661858669772
2554652.38636402 7.237446 0.459753795701192
2554963.13344663 7.238448 0.461773052672578
2555273.88052924 7.23945 0.462319450937643
2555584.62761184 7.240452 0.459906711959616
2555895.37469445 7.241454 0.463553299667228
2556206.12177706 7.242456 0.466555310942776
2556516.86885966 7.243458 0.467019948548452
2556827.61594227 7.24446 0.467069602369715
2557138.36302488 7.245462 0.466629649248616
2557449.11010748 7.246464 0.467831702119804
2557759.85719009 7.247466 0.469306408554914
2558070.6042727 7.248468 0.475131590843283
2558381.3513553 7.24947 0.472043393078706
2558692.09843791 7.250472 0.465918340660405
2559002.84552052 7.251474 0.475263879835813
2559313.59260312 7.252476 0.471085404997321
2559624.33968573 7.253478 0.480642667947299
2559935.08676834 7.25448 0.479542036849988
2560245.83385094 7.255482 0.475973838177273
2560556.58093355 7.256484 0.481511212388818
2560867.32801616 7.257486 0.478398590455202
2561178.07509876 7.258488 0.480876338632726
2561488.82218137 7.25949 0.484227286197535
2561799.56926398 7.260492 0.485216246965781
2562110.31634658 7.261494 0.484557941134224
2562421.06342919 7.262496 0.48928687554219
2562731.8105118 7.263498 0.487156833862239
2563042.5575944 7.2645 0.488092349591875
2563353.30467701 7.265502 0.486805228528071
2563664.05175962 7.266504 0.490790103713914
2563974.79884222 7.267506 0.491969873734466
2564285.54592483 7.268508 0.489931080198849
2564596.29300744 7.26951 0.491642329671515
2564907.04009004 7.270512 0.495969016779549
2565217.78717265 7.271514 0.496593410355507
2565528.53425526 7.272516 0.496559511156064
2565839.28133787 7.273518 0.490785638171355
2566150.02842047 7.27452 0.498000907544636
2566460.77550308 7.275522 0.494753990217102
2566771.52258569 7.276524 0.499662990112916
2567082.26966829 7.277526 0.501339868288616
2567393.0167509 7.278528 0.501227816691851
2567703.76383351 7.27953 0.506586100576301
2568014.51091611 7.280532 0.507602713984577
2568325.25799872 7.281534 0.506844943217418
2568636.00508133 7.282536 0.503888342712183
2568946.75216393 7.283538 0.509690234564244
2569257.49924654 7.28454 0.507912041569523
2569568.24632915 7.285542 0.513742492794969
2569878.99341175 7.286544 0.510623099116787
2570189.74049436 7.287546 0.508896915423671
2570500.48757697 7.288548 0.512127763578236
2570811.23465957 7.28955 0.510841871601431
2571121.98174218 7.290552 0.506168065186089
2571432.72882479 7.291554 0.507219010826186
2571743.47590739 7.292556 0.49898908806316
2572054.22299 7.293558 0.499452324169354
2572364.97007261 7.29456 0.501735127785125
2572675.71715521 7.295562 0.502186927153511
2572986.46423782 7.296564 0.497526715946113
2573297.21132043 7.297566 0.499238567101254
2573607.95840304 7.298568 0.501347576002392
2573918.70548564 7.29957 0.502975634711283
2574229.45256825 7.300572 0.508370785979807
2574540.19965086 7.301574 0.502044695110702
2574850.94673346 7.302576 0.508427616619977
2575161.69381607 7.303578 0.503352387785031
2575472.44089868 7.30458 0.509729432991933
2575783.18798128 7.305582 0.515629891508265
2576093.93506389 7.306584 0.509733569946681
2576404.6821465 7.307586 0.513476108137146
2576715.4292291 7.308588 0.517827082307542
2577026.17631171 7.30959 0.513396835206955
2577336.92339432 7.310592 0.519565540716766
2577647.67047692 7.311594 0.517444044715101
2577958.41755953 7.312596 0.520304826134858
2578269.16464214 7.313598 0.521920735450851
2578579.91172474 7.3146 0.519839915335827
2578890.65880735 7.315602 0.516392945167103
2579201.40588996 7.316604 0.525160133244409
2579512.15297256 7.317606 0.521606571360105
2579822.90005517 7.318608 0.527085941051134
2580133.64713778 7.31961 0.52233897901915
2580444.39422038 7.320612 0.529426626182391
2580755.14130299 7.321614 0.524987171860604
2581065.8883856 7.322616 0.529711172690744
2581376.6354682 7.323618 0.5288201440681
2581687.38255081 7.32462 0.532532721789884
2581998.12963342 7.325622 0.536730706535875
2582308.87671603 7.326624 0.537840480335848
2582619.62379863 7.327626 0.533959489497778
2582930.37088124 7.328628 0.541984953040829
2583241.11796385 7.32963 0.536161376737384
2583551.86504645 7.330632 0.538988978331923
2583862.61212906 7.331634 0.52940483474504
2584173.35921167 7.332636 0.529396865148505
2584484.10629427 7.333638 0.527395895031865
2584794.85337688 7.33464 0.527963653319331
2585105.60045949 7.335642 0.528346693371066
2585416.34754209 7.336644 0.529313772320628
2585727.0946247 7.337646 0.528695004991665
2586037.84170731 7.338648 0.52697979620152
2586348.58878991 7.33965 0.529764401941799
2586659.33587252 7.340652 0.531774221812939
2586970.08295513 7.341654 0.533446502995756
2587280.83003773 7.342656 0.529748277485369
2587591.57712034 7.343658 0.539439391391934
2587902.32420295 7.34466 0.534632216198338
2588213.07128555 7.345662 0.52686544108031
2588523.81836816 7.346664 0.521592311518187
2588834.56545077 7.347666 0.511543146035984
2589145.31253337 7.348668 0.520038545627821
2589456.05961598 7.34967 0.509293501849128
2589766.80669859 7.350672 0.500825831298907
2590077.55378119 7.351674 0.494642919130289
2590388.3008638 7.352676 0.49219698668649
2590699.04794641 7.353678 0.491944709519981
2591009.79502901 7.35468 0.490439320999004
2591320.54211162 7.355682 0.494048262256915
2591631.28919423 7.356684 0.488036368079159
2591942.03627684 7.357686 0.481478885898891
2592252.78335944 7.358688 0.485070057793319
2592563.53044205 7.35969 0.475226399807829
2592874.27752466 7.360692 0.4700991722222
2593185.02460726 7.361694 0.470998161799578
2593495.77168987 7.362696 0.469921105644817
2593806.51877248 7.363698 0.4713742181531
2594117.26585508 7.3647 0.471513921007287
2594428.01293769 7.365702 0.474527189652629
2594738.7600203 7.366704 0.469527671470046
2595049.5071029 7.367706 0.455212690219948
2595360.25418551 7.368708 0.451958759205216
2595671.00126812 7.36971 0.437201644109172
2595981.74835072 7.370712 0.435829080155996
2596292.49543333 7.371714 0.429050345902557
2596603.24251594 7.372716 0.429129029023008
2596913.98959854 7.373718 0.428508450957183
2597224.73668115 7.37472 0.426055219533486
2597535.48376376 7.375722 0.422823400674015
2597846.23084636 7.376724 0.417684854148613
2598156.97792897 7.377726 0.422881357212792
2598467.72501158 7.378728 0.423543701268587
2598778.47209418 7.37973 0.421467772725424
2599089.21917679 7.380732 0.419478996137016
2599399.9662594 7.381734 0.426326102031981
2599710.713342 7.382736 0.42935470237042
2600021.46042461 7.383738 0.426937037118255
2600332.20750722 7.38474 0.427691956304013
2600642.95458983 7.385742 0.42716627616183
2600953.70167243 7.386744 0.428510054873351
2601264.44875504 7.387746 0.431221332195912
2601575.19583765 7.388748 0.433774755171716
2601885.94292025 7.38975 0.432210301359236
2602196.69000286 7.390752 0.42267299437695
2602507.43708547 7.391754 0.419765087590621
2602818.18416807 7.392756 0.416007973552369
2603128.93125068 7.393758 0.417750835992059
2603439.67833329 7.39476 0.419342841393638
2603750.42541589 7.395762 0.415805805477117
2604061.1724985 7.396764 0.415182614459573
2604371.91958111 7.397766 0.414117184450032
2604682.66666371 7.398768 0.416803954348228
2604993.41374632 7.39977 0.418349496316487
2605304.16082893 7.400772 0.415881287141698
2605614.90791153 7.401774 0.418146010985976
2605925.65499414 7.402776 0.416388326759491
2606236.40207675 7.403778 0.424559067128435
2606547.14915935 7.40478 0.421815439717493
2606857.89624196 7.405782 0.422756548911443
2607168.64332457 7.406784 0.426029938043772
2607479.39040717 7.407786 0.428661680264511
2607790.13748978 7.408788 0.430898404103696
2608100.88457239 7.40979 0.428413098297566
2608411.63165499 7.410792 0.433814413249167
2608722.3787376 7.411794 0.42762008039376
2609033.12582021 7.412796 0.426954637526799
2609343.87290281 7.413798 0.428410701288791
2609654.61998542 7.4148 0.429395997115126
2609965.36706803 7.415802 0.432099714118873
2610276.11415064 7.416804 0.42633478022912
2610586.86123324 7.417806 0.422234681809133
2610897.60831585 7.418808 0.423119493182347
2611208.35539846 7.41981 0.409783396048803
2611519.10248106 7.420812 0.414917210669926
2611829.84956367 7.421814 0.416615534334308
2612140.59664628 7.422816 0.411647721031285
2612451.34372888 7.423818 0.408780608528801
2612762.09081149 7.42482 0.405299569320978
2613072.8378941 7.425822 0.407223591805554
2613383.5849767 7.426824 0.412671634801113
2613694.33205931 7.427826 0.414110353143783
2614005.07914192 7.428828 0.412696240594169
2614315.82622452 7.42983 0.413485737016041
2614626.57330713 7.430832 0.416808960331102
2614937.32038974 7.431834 0.417597110184226
2615248.06747234 7.432836 0.413857964117065
2615558.81455495 7.433838 0.420966096520562
2615869.56163756 7.43484 0.421077348924771
2616180.30872016 7.435842 0.423499125152342
2616491.05580277 7.436844 0.419041698102959
2616801.80288538 7.437846 0.422779848878228
2617112.54996798 7.438848 0.426780814153263
2617423.29705059 7.43985 0.425806393692738
2617734.0441332 7.440852 0.425967894105384
2618044.7912158 7.441854 0.426236566280864
2618355.53829841 7.442856 0.427500524869123
2618666.28538102 7.443858 0.429223436711578
2618977.03246363 7.44486 0.432145092323848
2619287.77954623 7.445862 0.421022900902766
2619598.52662884 7.446864 0.415458296745799
2619909.27371145 7.447866 0.407262508256486
2620220.02079405 7.448868 0.407300529392764
2620530.76787666 7.44987 0.397358811793161
2620841.51495927 7.450872 0.393176957949946
2621152.26204187 7.451874 0.386665367222871
2621463.00912448 7.452876 0.381460642739352
2621773.75620709 7.453878 0.380067131106958
2622084.50328969 7.45488 0.374961130987304
2622395.2503723 7.455882 0.371083954540456
2622705.99745491 7.456884 0.359845448402246
2623016.74453751 7.457886 0.359248255400705
2623327.49162012 7.458888 0.352883276752571
2623638.23870273 7.45989 0.345440963491538
2623948.98578533 7.460892 0.337885115575525
2624259.73286794 7.461894 0.331009137876296
2624570.47995055 7.462896 0.321028690090835
2624881.22703315 7.463898 0.324268415024423
2625191.97411576 7.4649 0.318272720557837
2625502.72119837 7.465902 0.302948026726081
2625813.46828097 7.466904 0.300122182480184
2626124.21536358 7.467906 0.298402282049551
2626434.96244619 7.468908 0.289126105141902
2626745.70952879 7.46991 0.285707464547023
2627056.4566114 7.470912 0.28759692517166
2627367.20369401 7.471914 0.287245198164702
2627677.95077661 7.472916 0.281967034668144
2627988.69785922 7.473918 0.287287861441887
2628299.44494183 7.47492 0.283215359884969
2628610.19202444 7.475922 0.279443211490026
2628920.93910704 7.476924 0.278620468338097
2629231.68618965 7.477926 0.27968869949442
2629542.43327226 7.478928 0.283250117639858
2629853.18035486 7.47993 0.285278425321277
2630163.92743747 7.480932 0.282650681476274
2630474.67452008 7.481934 0.286706254167862
2630785.42160268 7.482936 0.288340959261703
2631096.16868529 7.483938 0.284050046117706
2631406.9157679 7.48494 0.289263954363846
2631717.6628505 7.485942 0.286867369701171
2632028.40993311 7.486944 0.282415554722289
2632339.15701572 7.487946 0.284777804292332
2632649.90409832 7.488948 0.27465880271695
2632960.65118093 7.48995 0.272071149406677
2633271.39826354 7.490952 0.269093581847885
2633582.14534614 7.491954 0.272746327060223
2633892.89242875 7.492956 0.267820883497512
2634203.63951136 7.493958 0.26049252382394
2634514.38659396 7.49496 0.265359554512647
2634825.13367657 7.495962 0.266760936651461
2635135.88075918 7.496964 0.266971519475916
2635446.62784178 7.497966 0.267089503624441
2635757.37492439 7.498968 0.269450648016251
2636068.122007 7.49997 0.266620623620983
2636378.86908961 7.500972 0.266907552172932
2636689.61617221 7.501974 0.2688011541167
2637000.36325482 7.502976 0.269444797821449
2637311.11033743 7.503978 0.265389654354611
2637621.85742003 7.50498 0.270992318250072
2637932.60450264 7.505982 0.267908748192928
2638243.35158525 7.506984 0.273589080775953
2638554.09866785 7.507986 0.269203612476206
2638864.84575046 7.508988 0.272621467590259
2639175.59283307 7.50999 0.274008806601629
2639486.33991567 7.510992 0.273577876603528
2639797.08699828 7.511994 0.274832503896484
2640107.83408089 7.512996 0.27511617779267
2640418.58116349 7.513998 0.274420066350185
2640729.3282461 7.515 0.275548798778416
2641040.07532871 7.516002 0.27318627245702
2641350.82241131 7.517004 0.275739588243643
2641661.56949392 7.518006 0.274941384631656
2641972.31657653 7.519008 0.275938106592351
2642283.06365913 7.52001 0.279038670444474
2642593.81074174 7.521012 0.279498892974851
2642904.55782435 7.522014 0.275294031444933
2643215.30490695 7.523016 0.282488488449822
2643526.05198956 7.524018 0.279771063592864
2643836.79907217 7.52502 0.275718612678037
2644147.54615477 7.526022 0.282420206012992
2644458.29323738 7.527024 0.275097432353689
2644769.04031999 7.528026 0.283212371388344
2645079.78740259 7.529028 0.282687996937404
2645390.5344852 7.53003 0.28176254111302
2645701.28156781 7.531032 0.287961203568132
2646012.02865042 7.532034 0.278908397209119
2646322.77573302 7.533036 0.289501313161911
2646633.52281563 7.534038 0.286752990962734
2646944.26989824 7.53504 0.288379413748285
2647255.01698084 7.536042 0.284041185946014
2647565.76406345 7.537044 0.277028150127127
2647876.51114606 7.538046 0.272653876084792
2648187.25822866 7.539048 0.267865170765592
2648498.00531127 7.54005 0.255034572336509
2648808.75239388 7.541052 0.247861107438256
2649119.49947648 7.542054 0.248333804603588
2649430.24655909 7.543056 0.243975684817516
2649740.9936417 7.544058 0.23338526776294
2650051.7407243 7.54506 0.2284787740842
2650362.48780691 7.546062 0.228269412073009
2650673.23488952 7.547064 0.231336209717514
2650983.98197212 7.548066 0.22930663631121
2651294.72905473 7.549068 0.231681342744434
2651605.47613734 7.55007 0.226596494130564
2651916.22321994 7.551072 0.228512468542697
2652226.97030255 7.552074 0.228862153267297
2652537.71738516 7.553076 0.23011819771717
2652848.46446776 7.554078 0.229652350204672
2653159.21155037 7.55508 0.230958172667537
2653469.95863298 7.556082 0.226842998995934
2653780.70571559 7.557084 0.227384895145999
2654091.45279819 7.558086 0.2377661961822
2654402.1998808 7.559088 0.234150893445407
2654712.94696341 7.56009 0.234926758721878
2655023.69404601 7.561092 0.230724491601825
2655334.44112862 7.562094 0.232605783895285
2655645.18821123 7.563096 0.234223435602916
2655955.93529383 7.564098 0.24150169295503
2656266.68237644 7.5651 0.234852445367858
2656577.42945905 7.566102 0.234493461087988
2656888.17654165 7.567104 0.237242758106596
2657198.92362426 7.568106 0.246884630257299
2657509.67070687 7.569108 0.240095427472645
2657820.41778947 7.57011 0.234892822349655
2658131.16487208 7.571112 0.23940748266959
2658441.91195469 7.572114 0.239529500671934
2658752.65903729 7.573116 0.240268246851053
2659063.4061199 7.574118 0.23818027455747
2659374.15320251 7.57512 0.236000811306359
2659684.90028511 7.576122 0.244321080315632
2659995.64736772 7.577124 0.238017448102818
2660306.39445033 7.578126 0.239834076181192
2660617.14153293 7.579128 0.245400780833787
2660927.88861554 7.58013 0.242020031113461
2661238.63569815 7.581132 0.246883167433094
2661549.38278075 7.582134 0.24315394433173
2661860.12986336 7.583136 0.2426960655359
2662170.87694597 7.584138 0.240958322217951
2662481.62402857 7.58514 0.248807503131072
2662792.37111118 7.586142 0.246111557641051
2663103.11819379 7.587144 0.242439710098024
2663413.86527639 7.588146 0.244095933132306
2663724.612359 7.589148 0.251809099363499
2664035.35944161 7.59015 0.25036513535327
2664346.10652422 7.591152 0.248935682643546
2664656.85360682 7.592154 0.24802620652851
2664967.60068943 7.593156 0.251338084873812
2665278.34777204 7.594158 0.250705065398175
2665589.09485464 7.59516 0.256583196280871
2665899.84193725 7.596162 0.252314844177463
2666210.58901986 7.597164 0.253814050102511
2666521.33610246 7.598166 0.250658820508318
2666832.08318507 7.599168 0.257878364670328
2667142.83026768 7.60017 0.254362884139723
2667453.57735028 7.601172 0.26182458817165
2667764.32443289 7.602174 0.254162705848517
2668075.0715155 7.603176 0.260302188000093
2668385.8185981 7.604178 0.255894808517374
2668696.56568071 7.60518 0.258959419000187
2669007.31276332 7.606182 0.259814441762466
2669318.05984592 7.607184 0.26267303190912
2669628.80692853 7.608186 0.252493805329058
2669939.55401114 7.609188 0.262655763864772
2670250.30109374 7.61019 0.261299305646204
2670561.04817635 7.611192 0.261490351155944
2670871.79525896 7.612194 0.264467351265217
2671182.54234156 7.613196 0.258498273605597
2671493.28942417 7.614198 0.262196773235661
2671804.03650678 7.6152 0.261385726293925
2672114.78358938 7.616202 0.26654200829186
2672425.53067199 7.617204 0.265295701213042
2672736.2777546 7.618206 0.265700396369929
2673047.02483721 7.619208 0.264710364458293
2673357.77191981 7.62021 0.265315499741988
2673668.51900242 7.621212 0.268360043759947
2673979.26608503 7.622214 0.26385463756105
2674290.01316763 7.623216 0.266371062214043
2674600.76025024 7.624218 0.267229298111741
2674911.50733285 7.62522 0.266392071611045
2675222.25441545 7.626222 0.271969481102376
2675533.00149806 7.627224 0.274026559680781
2675843.74858067 7.628226 0.271361464361725
2676154.49566327 7.629228 0.269113041657102
2676465.24274588 7.63023 0.270886955905046
2676775.98982849 7.631232 0.27550457262955
2677086.73691109 7.632234 0.270448586392926
2677397.4839937 7.633236 0.257581420436807
2677708.23107631 7.634238 0.260830330616119
2678018.97815891 7.63524 0.259494920933609
2678329.72524152 7.636242 0.254511086106325
2678640.47232413 7.637244 0.254371625176084
2678951.21940673 7.638246 0.252223235871965
2679261.96648934 7.639248 0.256527951221731
2679572.71357195 7.64025 0.252247203402943
2679883.46065455 7.641252 0.253742158435824
2680194.20773716 7.642254 0.258869457354942
2680504.95481977 7.643256 0.256818567714713
2680815.70190238 7.644258 0.258899633390629
2681126.44898498 7.64526 0.257930634896746
2681437.19606759 7.646262 0.263918564281932
2681747.9431502 7.647264 0.259271358609937
2682058.6902328 7.648266 0.260318735945049
2682369.43731541 7.649268 0.257982830154932
2682680.18439802 7.65027 0.262061511131433
2682990.93148062 7.651272 0.264574293984029
2683301.67856323 7.652274 0.261719452782849
2683612.42564584 7.653276 0.266340989510596
2683923.17272844 7.654278 0.262521868216304
2684233.91981105 7.65528 0.272520837440507
2684544.66689366 7.656282 0.263652628963413
2684855.41397626 7.657284 0.263738965420833
2685166.16105887 7.658286 0.263102539768147
2685476.90814148 7.659288 0.268012052216572
2685787.65522408 7.66029 0.268843325172976
2686098.40230669 7.661292 0.2701439026904
2686409.1493893 7.662294 0.269129185307107
2686719.8964719 7.663296 0.268301821430238
2687030.64355451 7.664298 0.270364334377864
2687341.39063712 7.6653 0.266915296368853
2687652.13771972 7.666302 0.267402932856701
2687962.88480233 7.667304 0.271922974881209
2688273.63188494 7.668306 0.273190964440116
2688584.37896754 7.669308 0.273136484738762
2688895.12605015 7.67031 0.271551022535486
2689205.87313276 7.671312 0.278097943927204
2689516.62021537 7.672314 0.2724075709529
2689827.36729797 7.673316 0.275096729242564
2690138.11438058 7.674318 0.277628717503645
2690448.86146319 7.67532 0.276366667747898
2690759.60854579 7.676322 0.280278018768472
2691070.3556284 7.677324 0.280864093616874
2691381.10271101 7.678326 0.283707133480419
2691691.84979361 7.679328 0.279392170682474
2692002.59687622 7.68033 0.283421855129911
2692313.34395883 7.681332 0.279286315347185
2692624.09104143 7.682334 0.279717440936993
2692934.83812404 7.683336 0.279818196229829
2693245.58520665 7.684338 0.286388782756623
2693556.33228925 7.68534 0.280099190256105
2693867.07937186 7.686342 0.284883319148813
2694177.82645447 7.687344 0.288917689739192
2694488.57353707 7.688346 0.282451626392399
2694799.32061968 7.689348 0.289801411135242
2695110.06770229 7.69035 0.290354253344205
2695420.81478489 7.691352 0.288555213226385
2695731.5618675 7.692354 0.289484158263757
2696042.30895011 7.693356 0.286853153223769
2696353.05603271 7.694358 0.291716396247619
2696663.80311532 7.69536 0.288122604590279
2696974.55019793 7.696362 0.288481536128393
2697285.29728053 7.697364 0.286964303661816
2697596.04436314 7.698366 0.288313683829224
2697906.79144575 7.699368 0.290389984574635
2698217.53852836 7.70037 0.289492119376222
2698528.28561096 7.701372 0.294982928796483
2698839.03269357 7.702374 0.29051921732713
2699149.77977618 7.703376 0.295718867681618
2699460.52685878 7.704378 0.296698135950178
2699771.27394139 7.70538 0.296476939138341
2700082.021024 7.706382 0.292522134770898
2700392.7681066 7.707384 0.299597096822324
2700703.51518921 7.708386 0.295274907856651
2701014.26227182 7.709388 0.300694987697708
2701325.00935442 7.71039 0.295867020289954
2701635.75643703 7.711392 0.300393043353409
2701946.50351964 7.712394 0.300692715047953
2702257.25060224 7.713396 0.301951749211616
2702567.99768485 7.714398 0.305059968150586
2702878.74476746 7.7154 0.298796628182505
2703189.49185006 7.716402 0.30356026041743
2703500.23893267 7.717404 0.30282356333686
2703810.98601528 7.718406 0.305723618800524
2704121.73309788 7.719408 0.308860684311445
2704432.48018049 7.72041 0.300464054135724
2704743.2272631 7.721412 0.302963443841325
2705053.9743457 7.722414 0.31109712281698
2705364.72142831 7.723416 0.309725950005687
2705675.46851092 7.724418 0.314979919520526
2705986.21559352 7.72542 0.309752123250779
2706296.96267613 7.726422 0.310134928638621
2706607.70975874 7.727424 0.306761660791373
2706918.45684134 7.728426 0.301419681657257
2707229.20392395 7.729428 0.295705059944103
2707539.95100656 7.73043 0.302663990512115
2707850.69808917 7.731432 0.294039054898175
2708161.44517177 7.732434 0.291322118870704
2708472.19225438 7.733436 0.293309813570949
2708782.93933699 7.734438 0.296854751127876
2709093.68641959 7.73544 0.283142649539858
2709404.4335022 7.736442 0.28059117603326
2709715.18058481 7.737444 0.268222861299733
2710025.92766741 7.738446 0.264008234348744
2710336.67475002 7.739448 0.256275386280121
2710647.42183263 7.74045 0.257759450088045
2710958.16891523 7.741452 0.247268403482831
2711268.91599784 7.742454 0.241816651110118
2711579.66308045 7.743456 0.24331253364148
2711890.41016305 7.744458 0.238433482857436
2712201.15724566 7.74546 0.237496074364152
2712511.90432827 7.746462 0.236866087118526
2712822.65141087 7.747464 0.234134910941862
2713133.39849348 7.748466 0.235020274506649
2713444.14557609 7.749468 0.224270403078215
2713754.89265869 7.75047 0.230472976765225
2714065.6397413 7.751472 0.225777744153136
2714376.38682391 7.752474 0.226193868323144
2714687.13390651 7.753476 0.221130926366824
2714997.88098912 7.754478 0.226244019606588
2715308.62807173 7.75548 0.225979986739797
2715619.37515434 7.756482 0.224550418798403
2715930.12223694 7.757484 0.22929180777222
2716240.86931955 7.758486 0.224070484852706
2716551.61640216 7.759488 0.225028148803684
2716862.36348476 7.76049 0.225625175938267
2717173.11056737 7.761492 0.225594606393158
2717483.85764998 7.762494 0.230840113173069
2717794.60473258 7.763496 0.234401192903869
2718105.35181519 7.764498 0.23273914479877
2718416.0988978 7.7655 0.232784226393785
2718726.8459804 7.766502 0.229179005184964
2719037.59306301 7.767504 0.227240781940872
2719348.34014562 7.768506 0.230898882815909
2719659.08722822 7.769508 0.233346940173876
2719969.83431083 7.77051 0.232791184120698
2720280.58139344 7.771512 0.235931613026379
2720591.32847604 7.772514 0.237477394551537
2720902.07555865 7.773516 0.235671540350383
2721212.82264126 7.774518 0.236847314896486
2721523.56972386 7.77552 0.236670433346687
2721834.31680647 7.776522 0.236315701094907
2722145.06388908 7.777524 0.232252818828052
2722455.81097168 7.778526 0.237940360697149
2722766.55805429 7.779528 0.238631954389057
2723077.3051369 7.78053 0.234157567794082
2723388.0522195 7.781532 0.236556216680011
2723698.79930211 7.782534 0.240882887543435
2724009.54638472 7.783536 0.242045682624363
2724320.29346732 7.784538 0.234178519016607
2724631.04054993 7.78554 0.227091909356102
2724941.78763254 7.786542 0.228375045294218
2725252.53471514 7.787544 0.221208403088331
2725563.28179775 7.788546 0.217714221778117
2725874.02888036 7.789548 0.222214586695632
2726184.77596297 7.79055 0.219164075376415
2726495.52304557 7.791552 0.212273153432132
2726806.27012818 7.792554 0.221621984959059
2727117.01721079 7.793556 0.218718112704881
2727427.76429339 7.794558 0.223897828892353
2727738.511376 7.79556 0.216669316312795
2728049.25845861 7.796562 0.214365315378509
2728360.00554121 7.797564 0.210253598989913
2728670.75262382 7.798566 0.219143545802915
2728981.49970643 7.799568 0.209534118210282
2729292.24678903 7.80057 0.207519687413665
2729602.99387164 7.801572 0.209111704207974
2729913.74095425 7.802574 0.207260828029659
2730224.48803685 7.803576 0.21312197721097
2730535.23511946 7.804578 0.212817748932991
2730845.98220207 7.80558 0.205574635027257
2731156.72928467 7.806582 0.214551028398766
2731467.47636728 7.807584 0.212393062396764
2731778.22344989 7.808586 0.209273582243504
2732088.97053249 7.809588 0.209358976973529
2732399.7176151 7.81059 0.212524946434517
2732710.46469771 7.811592 0.209677424825652
2733021.21178031 7.812594 0.213663755573125
2733331.95886292 7.813596 0.209941936308866
2733642.70594553 7.814598 0.212155993317889
2733953.45302813 7.8156 0.21236253792374
2734264.20011074 7.816602 0.215549053697047
2734574.94719335 7.817604 0.220328746512473
2734885.69427596 7.818606 0.218499432664108
2735196.44135856 7.819608 0.218960207792151
2735507.18844117 7.82061 0.21604692034358
2735817.93552378 7.821612 0.211147503966426
2736128.68260638 7.822614 0.218304230407591
2736439.42968899 7.823616 0.219313788007344
2736750.1767716 7.824618 0.21869481736215
2737060.9238542 7.82562 0.216012003128672
2737371.67093681 7.826622 0.221277008674868
2737682.41801942 7.827624 0.219069965575307
2737993.16510202 7.828626 0.220812894844815
2738303.91218463 7.829628 0.223249530524756
2738614.65926724 7.83063 0.219860800921653
2738925.40634984 7.831632 0.221189742910159
2739236.15343245 7.832634 0.219990321709679
2739546.90051506 7.833636 0.228745136268858
2739857.64759766 7.834638 0.227332341979235
2740168.39468027 7.83564 0.220978263310487
2740479.14176288 7.836642 0.224210242603633
2740789.88884548 7.837644 0.222153058419113
2741100.63592809 7.838646 0.227328208949719
2741411.3830107 7.839648 0.22379983733658
2741722.1300933 7.84065 0.219209076479415
2742032.87717591 7.841652 0.225747675562292
2742343.62425852 7.842654 0.227760331444362
2742654.37134112 7.843656 0.231130956957982
2742965.11842373 7.844658 0.224752791686211
2743275.86550634 7.84566 0.232269738894451
2743586.61258895 7.846662 0.226637272507014
2743897.35967155 7.847664 0.226840050673244
2744208.10675416 7.848666 0.232905932332298
2744518.85383677 7.849668 0.227698967108643
2744829.60091937 7.85067 0.229387530036072
2745140.34800198 7.851672 0.230640482129274
2745451.09508459 7.852674 0.230757309218587
2745761.84216719 7.853676 0.226884449991434
2746072.5892498 7.854678 0.231524281790493
2746383.33633241 7.85568 0.232766537471713
2746694.08341501 7.856682 0.229489042009176
2747004.83049762 7.857684 0.235026888346289
2747315.57758023 7.858686 0.233787856011775
2747626.32466283 7.859688 0.237208891612067
2747937.07174544 7.86069 0.231579814356405
2748247.81882805 7.861692 0.232916211551426
2748558.56591065 7.862694 0.233751020560768
2748869.31299326 7.863696 0.235846311162743
2749180.06007587 7.864698 0.238257708452053
2749490.80715847 7.8657 0.23956699915222
2749801.55424108 7.866702 0.238530649048144
2750112.30132369 7.867704 0.238866247778426
2750423.04840629 7.868706 0.243796367014022
2750733.7954889 7.869708 0.240252373732393
2751044.54257151 7.87071 0.240935684416122
2751355.28965411 7.871712 0.246485232896161
2751666.03673672 7.872714 0.242210683120627
2751976.78381933 7.873716 0.246410805757311
2752287.53090194 7.874718 0.245647602418363
2752598.27798454 7.87572 0.250287861370648
2752909.02506715 7.876722 0.243958701006615
2753219.77214976 7.877724 0.244892710608341
2753530.51923236 7.878726 0.247258381679091
2753841.26631497 7.879728 0.248072975136736
2754152.01339758 7.88073 0.248430018230804
2754462.76048018 7.881732 0.246342490828166
2754773.50756279 7.882734 0.247671637291348
2755084.2546454 7.883736 0.250940438856348
2755395.001728 7.884738 0.249490548082854
2755705.74881061 7.88574 0.246918794810118
2756016.49589322 7.886742 0.249536694105815
2756327.24297582 7.887744 0.250132168712689
2756637.99005843 7.888746 0.249808381144506
2756948.73714104 7.889748 0.248370236125344
2757259.48422364 7.89075 0.251845841545901
2757570.23130625 7.891752 0.257010194730184
2757880.97838886 7.892754 0.252911819596357
2758191.72547146 7.893756 0.259460817198225
2758502.47255407 7.894758 0.254553228092927
2758813.21963668 7.89576 0.254264857917517
2759123.96671928 7.896762 0.257684331691247
2759434.71380189 7.897764 0.253985347043331
2759745.4608845 7.898766 0.254377426727985
2760056.2079671 7.899768 0.255741177464251
2760366.95504971 7.90077 0.257875163955509
2760677.70213232 7.901772 0.26154020839911
2760988.44921493 7.902774 0.258321303074743
2761299.19629753 7.903776 0.261189025953766
2761609.94338014 7.904778 0.260991657413694
2761920.69046275 7.90578 0.259206876534908
2762231.43754535 7.906782 0.25700627414831
2762542.18462796 7.907784 0.262186640926455
2762852.93171057 7.908786 0.257833860624639
2763163.67879317 7.909788 0.266595390924325
2763474.42587578 7.91079 0.260265699631061
2763785.17295839 7.911792 0.265472747748018
2764095.92004099 7.912794 0.270583155740717
2764406.6671236 7.913796 0.268101527093313
2764717.41420621 7.914798 0.270999988498634
2765028.16128881 7.9158 0.266150444476128
2765338.90837142 7.916802 0.266998325455347
2765649.65545403 7.917804 0.263951485746154
2765960.40253663 7.918806 0.270575088093987
2766271.14961924 7.919808 0.26635995255451
2766581.89670185 7.92081 0.270249142365451
2766892.64378445 7.921812 0.269138337448096
2767203.39086706 7.922814 0.270148765283996
2767514.13794967 7.923816 0.270865677729888
2767824.88503227 7.924818 0.268192034081007
2768135.63211488 7.92582 0.27143706946064
2768446.37919749 7.926822 0.271630299959321
2768757.12628009 7.927824 0.27562176997872
2769067.8733627 7.928826 0.273458023827175
2769378.62044531 7.929828 0.276318801160981
2769689.36752791 7.93083 0.27565082206933
2770000.11461052 7.931832 0.276527024262591
2770310.86169313 7.932834 0.275451031245364
2770621.60877574 7.933836 0.277198227864567
2770932.35585834 7.934838 0.27900159117819
2771243.10294095 7.93584 0.282839834594833
2771553.85002356 7.936842 0.281335995206388
2771864.59710616 7.937844 0.276392019819284
2772175.34418877 7.938846 0.283300105316565
2772486.09127138 7.939848 0.28347900052156
2772796.83835398 7.94085 0.280173252499274
2773107.58543659 7.941852 0.281067730364224
2773418.3325192 7.942854 0.286454753349015
2773729.0796018 7.943856 0.287977159604813
2774039.82668441 7.944858 0.28706430686293
2774350.57376702 7.94586 0.288860413533707
2774661.32084962 7.946862 0.28437072987849
2774972.06793223 7.947864 0.283117139470996
2775282.81501484 7.948866 0.277321183742866
2775593.56209744 7.949868 0.273581719675775
2775904.30918005 7.95087 0.272546349551702
2776215.05626266 7.951872 0.266702696460847
2776525.80334526 7.952874 0.268605652520777
2776836.55042787 7.953876 0.267369590857173
2777147.29751048 7.954878 0.26627209383041
2777458.04459309 7.95588 0.264675874056082
2777768.79167569 7.956882 0.266679476844393
2778079.5387583 7.957884 0.267261476086722
2778390.28584091 7.958886 0.264830878713267
2778701.03292351 7.959888 0.267346184379345
2779011.78000612 7.96089 0.270280152989858
2779322.52708873 7.961892 0.273375180590486
2779633.27417133 7.962894 0.26683526226494
2779944.02125394 7.963896 0.268609141771565
2780254.76833655 7.964898 0.269735811662539
2780565.51541915 7.9659 0.265222347092085
2780876.26250176 7.966902 0.275383219165015
2781187.00958437 7.967904 0.273902708521391
2781497.75666697 7.968906 0.273156947787846
2781808.50374958 7.969908 0.274519019186109
2782119.25083219 7.97091 0.274852235887776
2782429.99791479 7.971912 0.276764757853832
2782740.7449974 7.972914 0.27421826968924
2783051.49208001 7.973916 0.279527012647801
2783362.23916261 7.974918 0.279649525416842
2783672.98624522 7.97592 0.282206716658592
2783983.73332783 7.976922 0.280236672780638
2784294.48041043 7.977924 0.280577466866617
2784605.22749304 7.978926 0.279685530822886
2784915.97457565 7.979928 0.285589339917946
2785226.72165825 7.98093 0.277940854735622
2785537.46874086 7.981932 0.282990986522939
2785848.21582347 7.982934 0.278193555777861
2786158.96290607 7.983936 0.277530081157327
2786469.70998868 7.984938 0.279861403670538
2786780.45707129 7.98594 0.284516682427364
2787091.20415389 7.986942 0.285319572470513
2787401.9512365 7.987944 0.28501340058071
2787712.69831911 7.988946 0.286412599299323
2788023.44540171 7.989948 0.288621715923503
2788334.19248432 7.99095 0.285565746783528
2788644.93956693 7.991952 0.29037844978298
2788955.68664954 7.992954 0.288005689244061
2789266.43373214 7.993956 0.289796832760743
2789577.18081475 7.994958 0.294212474901109
2789887.92789736 7.99596 0.292162428194292
2790198.67497996 7.996962 0.293532194972799
2790509.42206257 7.997964 0.29322461220808
2790820.16914518 7.998966 0.294556793512497
2791130.91622778 7.999968 0.298629109099763
2791441.66331039 8.00097 0.289457417920209
2791752.410393 8.001972 0.284347659100553
2792063.1574756 8.002974 0.27281163982237
2792373.90455821 8.003976 0.263819586996695
2792684.65164082 8.004978 0.2602685161912
2792995.39872342 8.00598 0.259256879142461
2793306.14580603 8.006982 0.251803269928073
2793616.89288864 8.007984 0.251508485286099
2793927.63997124 8.008986 0.244774419130182
2794238.38705385 8.009988 0.244246973685918
2794549.13413646 8.01099 0.244726652717366
2794859.88121906 8.011992 0.239938284379715
2795170.62830167 8.012994 0.232315144824957
2795481.37538428 8.013996 0.232469995772219
2795792.12246689 8.014998 0.229773497482651
2796102.86954949 8.016 0.230262913262809
2796413.6166321 8.017002 0.229514544630116
2796724.3637147 8.018004 0.227258859804323
2797035.11079731 8.019006 0.223777273922143
2797345.85787992 8.020008 0.224867828623174
2797656.60496253 8.02101 0.225642585921209
2797967.35204513 8.022012 0.219729492414933
2798278.09912774 8.023014 0.213114226118723
2798588.84621035 8.024016 0.203577330576996
2798899.59329295 8.025018 0.209707780333822
2799210.34037556 8.02602 0.198120931891603
2799521.08745817 8.027022 0.19932425454643
2799831.83454077 8.028024 0.199093896180003
2800142.58162338 8.029026 0.201247402697712
2800453.32870599 8.030028 0.198908790317248
2800764.07578859 8.03103 0.198328325923242
2801074.8228712 8.032032 0.198531518417727
2801385.56995381 8.033034 0.193380586963123
2801696.31703641 8.034036 0.184434643444861
2802007.06411902 8.035038 0.17983749873962
2802317.81120163 8.03604 0.17840581188448
2802628.55828423 8.037042 0.174419043333352
2802939.30536684 8.038044 0.170061592707599
2803250.05244945 8.039046 0.171184124830842
2803560.79953205 8.040048 0.169264809304351
2803871.54661466 8.04105 0.169517348198007
2804182.29369727 8.042052 0.170990815300134
2804493.04077987 8.043054 0.16647828217059
2804803.78786248 8.044056 0.16722823426509
2805114.53494509 8.045058 0.163935222146961
2805425.28202769 8.04606 0.165520757449288
2805736.0291103 8.047062 0.165985711070865
2806046.77619291 8.048064 0.164524175005281
2806357.52327552 8.049066 0.167799216109223
2806668.27035812 8.050068 0.165914515232956
2806979.01744073 8.05107 0.167824111392058
2807289.76452334 8.052072 0.168355243323495
2807600.51160594 8.053074 0.166831026833887
2807911.25868855 8.054076 0.166969601408451
2808222.00577116 8.055078 0.165512973734652
2808532.75285376 8.05608 0.16287372359705
2808843.49993637 8.057082 0.166561382259076
2809154.24701898 8.058084 0.168537427447659
2809464.99410158 8.059086 0.172750823605307
2809775.74118419 8.060088 0.167028898151772
2810086.4882668 8.06109 0.166517553006008
2810397.2353494 8.062092 0.167127047241364
2810707.98243201 8.063094 0.166600282464446
2811018.72951462 8.064096 0.174144134491993
2811329.47659722 8.065098 0.169751721241797
2811640.22367983 8.0661 0.171107636965799
2811950.97076244 8.067102 0.173227686483036
2812261.71784504 8.068104 0.173057535937525
2812572.46492765 8.069106 0.168335549879942
2812883.21201026 8.070108 0.170910018506124
2813193.95909286 8.07111 0.177863590253234
2813504.70617547 8.072112 0.172667675043169
2813815.45325808 8.073114 0.173877839589498
2814126.20034068 8.074116 0.174545525592208
2814436.94742329 8.075118 0.171492137253025
2814747.6945059 8.07612 0.173998327986103
2815058.44158851 8.077122 0.17409340826775
2815369.18867111 8.078124 0.174495813148163
2815679.93575372 8.079126 0.172365663872292
2815990.68283633 8.080128 0.174367242215921
2816301.42991893 8.08113 0.172674205578938
2816612.17700154 8.082132 0.172314947162722
2816922.92408415 8.083134 0.175811337832403
2817233.67116675 8.084136 0.180368037783267
2817544.41824936 8.085138 0.175075405434274
2817855.16533197 8.08614 0.175988867771523
2818165.91241457 8.087142 0.174185584738503
2818476.65949718 8.088144 0.177366168790509
2818787.40657979 8.089146 0.177431439700099
2819098.15366239 8.090148 0.179422499167297
2819408.900745 8.09115 0.178759373071513
2819719.64782761 8.092152 0.177028770474645
2820030.39491021 8.093154 0.17612979155145
2820341.14199282 8.094156 0.181243378463745
2820651.88907543 8.095158 0.182779344844744
2820962.63615803 8.09616 0.186706754075956
2821273.38324064 8.097162 0.181587131540505
2821584.13032325 8.098164 0.179971732718148
2821894.87740585 8.099166 0.183807548686029
2822205.62448846 8.100168 0.185695204931525
2822516.37157107 8.10117 0.185401952578702
2822827.11865368 8.102172 0.184657179126967
2823137.86573628 8.103174 0.186123738925321
2823448.61281889 8.104176 0.180854021990189
2823759.3599015 8.105178 0.185281475307134
2824070.1069841 8.10618 0.183955340524764
2824380.85406671 8.107182 0.184241695295051
2824691.60114932 8.108184 0.186665813103154
2825002.34823192 8.109186 0.189270602577706
2825313.09531453 8.110188 0.182682644876004
2825623.84239714 8.11119 0.188818191607134
2825934.58947974 8.112192 0.188777953040156
2826245.33656235 8.113194 0.186480567648881
2826556.08364496 8.114196 0.187289758776605
2826866.83072756 8.115198 0.189339815213217
2827177.57781017 8.1162 0.185782789300192
2827488.32489278 8.117202 0.191142762326706
2827799.07197538 8.118204 0.188644219289479
2828109.81905799 8.119206 0.189343812717554
2828420.5661406 8.120208 0.190745953545012
2828731.3132232 8.12121 0.188618274125411
2829042.06030581 8.122212 0.194455224555403
2829352.80738842 8.123214 0.189821609567438
2829663.55447102 8.124216 0.187867844259285
2829974.30155363 8.125218 0.193262739968387
2830285.04863624 8.12622 0.193862496745952
2830595.79571884 8.127222 0.192657767407926
2830906.54280145 8.128224 0.194134751299432
2831217.28988406 8.129226 0.189019228678113
2831528.03696667 8.130228 0.189168633143444
2831838.78404927 8.13123 0.194115767298131
2832149.53113188 8.132232 0.184412447955233
2832460.27821449 8.133234 0.179951242536662
2832771.02529709 8.134236 0.180912055900386
2833081.7723797 8.135238 0.177340291090081
2833392.51946231 8.13624 0.169622009673129
2833703.26654491 8.137242 0.160661046680601
2834014.01362752 8.138244 0.155876256457386
2834324.76071013 8.139246 0.148063245370394
2834635.50779273 8.140248 0.142161651592884
2834946.25487534 8.14125 0.139667942346148
2835257.00195795 8.142252 0.134442318894753
2835567.74904055 8.143254 0.131659568713449
2835878.49612316 8.144256 0.130496459085599
2836189.24320577 8.145258 0.126624790583492
2836499.99028837 8.14626 0.125787907243027
2836810.73737098 8.147262 0.122490748794667
2837121.48445359 8.148264 0.127145011296524
2837432.23153619 8.149266 0.12548306157374
2837742.9786188 8.150268 0.127076435988413
2838053.72570141 8.15127 0.125892823705865
2838364.47278401 8.152272 0.124821538174179
2838675.21986662 8.153274 0.122662469750643
2838985.96694923 8.154276 0.125558309730987
2839296.71403183 8.155278 0.118904915883371
2839607.46111444 8.15628 0.121928207927944
2839918.20819705 8.157282 0.121777925234903
2840228.95527966 8.158284 0.123840721897365
2840539.70236226 8.159286 0.122641085631086
2840850.44944487 8.160288 0.118730267060322
2841161.19652748 8.16129 0.121229209540966
2841471.94361008 8.162292 0.120420087826281
2841782.69069269 8.163294 0.124043142093459
2842093.4377753 8.164296 0.121119095636006
2842404.1848579 8.165298 0.120747320075535
2842714.93194051 8.1663 0.124964134906428
2843025.67902312 8.167302 0.116452968161416
2843336.42610572 8.168304 0.123481668429912
2843647.17318833 8.169306 0.121553583016784
2843957.92027094 8.170308 0.117324152881587
2844268.66735354 8.17131 0.121337499534481
2844579.41443615 8.172312 0.120698356992026
2844890.16151876 8.173314 0.121667936064372
2845200.90860136 8.174316 0.125048603365341
2845511.65568397 8.175318 0.124347358571357
2845822.40276658 8.17632 0.126513431348719
2846133.14984918 8.177322 0.124746413522535
2846443.89693179 8.178324 0.120548793646555
2846754.6440144 8.179326 0.121835465707485
2847065.391097 8.180328 0.120769100699033
2847376.13817961 8.18133 0.124327894066847
2847686.88526222 8.182332 0.123223719746697
2847997.63234482 8.183334 0.12470142476854
2848308.37942743 8.184336 0.127459662421927
2848619.12651004 8.185338 0.123994357888527
2848929.87359264 8.18634 0.125966213643046
2849240.62067525 8.187342 0.131319415503317
2849551.36775786 8.188344 0.1260660636158
2849862.11484046 8.189346 0.126250469209769
2850172.86192307 8.190348 0.124963050583096
2850483.60900568 8.19135 0.124940883915468
2850794.35608828 8.192352 0.129359526260998
2851105.10317089 8.193354 0.127515437155344
2851415.8502535 8.194356 0.129103779873813
2851726.59733611 8.195358 0.126989284717621
2852037.34441871 8.19636 0.127456787112071
2852348.09150132 8.197362 0.130056550191638
2852658.83858393 8.198364 0.124771946991689
2852969.58566653 8.199366 0.126586297617393
2853280.33274914 8.200368 0.13169244786639
2853591.07983175 8.20137 0.127748047793133
2853901.82691435 8.202372 0.130537872971817
2854212.57399696 8.203374 0.130701242770498
2854523.32107957 8.204376 0.132169001979886
2854834.06816217 8.205378 0.132846084896833
2855144.81524478 8.20638 0.133844932329227
2855455.56232739 8.207382 0.134612068254103
2855766.30940999 8.208384 0.129801728910005
2856077.0564926 8.209386 0.131193911981106
2856387.80357521 8.210388 0.130898980885024
2856698.55065781 8.21139 0.13406685512703
2857009.29774042 8.212392 0.134914057880597
2857320.04482303 8.213394 0.132027981833455
2857630.79190563 8.214396 0.135529430316505
2857941.53898824 8.215398 0.133927343789295
2858252.28607085 8.2164 0.133187085679228
2858563.03315346 8.217402 0.1390155469532
2858873.78023606 8.218404 0.134333158695255
2859184.52731867 8.219406 0.137292573021628
2859495.27440128 8.220408 0.135349123384158
2859806.02148388 8.22141 0.13780821922541
2860116.76856649 8.222412 0.134724222016469
2860427.5156491 8.223414 0.134141136007299
2860738.2627317 8.224416 0.139277060603031
2861049.00981431 8.225418 0.136272564219928
2861359.75689692 8.22642 0.139441267494896
2861670.50397952 8.227422 0.138132584850088
2861981.25106213 8.228424 0.14045053363712
2862291.99814474 8.229426 0.138745708939345
2862602.74522734 8.230428 0.130496052687287
2862913.49230995 8.23143 0.123926791536648
2863224.23939256 8.232432 0.123905845553729
2863534.98647516 8.233434 0.121037864917357
2863845.73355777 8.234436 0.120145024450882
2864156.48064038 8.235438 0.112056599810676
2864467.22772298 8.23644 0.116013644349558
2864777.97480559 8.237442 0.113317969623548
2865088.7218882 8.238444 0.114744197791924
2865399.4689708 8.239446 0.106520984180668
2865710.21605341 8.240448 0.103569445672554
2866020.96313602 8.24145 0.103820542535119
2866331.71021862 8.242452 0.100305065152967
2866642.45730123 8.243454 0.0969708816596331
2866953.20438384 8.244456 0.0948620429063321
2867263.95146644 8.245458 0.0911929893634021
2867574.69854905 8.24646 0.0942528567207318
2867885.44563166 8.247462 0.0926277659298323
2868196.19271427 8.248464 0.0937562642117688
2868506.93979687 8.249466 0.0894674689150196
2868817.68687948 8.250468 0.0916054331437708
2869128.43396209 8.25147 0.0919346409596721
2869439.18104469 8.252472 0.0909591134541588
2869749.9281273 8.253474 0.092032184776702
2870060.67520991 8.254476 0.0903183619413123
2870371.42229251 8.255478 0.0896420886606114
2870682.16937512 8.25648 0.0921587643896368
2870992.91645773 8.257482 0.0882788756500642
2871303.66354033 8.258484 0.0918024948475541
2871614.41062294 8.259486 0.0909869856105032
2871925.15770555 8.260488 0.0913523087328336
2872235.90478815 8.26149 0.094647409132801
2872546.65187076 8.262492 0.0895547385036178
2872857.39895337 8.263494 0.0873742413839354
2873168.14603597 8.264496 0.0936622040364883
2873478.89311858 8.265498 0.0874362470897195
2873789.64020119 8.2665 0.0932253573545762
2874100.38728379 8.267502 0.0930725633794831
2874411.1343664 8.268504 0.0968425629746209
2874721.88144901 8.269506 0.094117763854176
2875032.62853161 8.270508 0.0929077697265723
2875343.37561422 8.27151 0.0943386124769412
2875654.12269683 8.272512 0.0939563648956337
2875964.86977943 8.273514 0.0940798052430273
2876275.61686204 8.274516 0.0974040201633131
2876586.36394465 8.275518 0.0990779332450349
2876897.11102726 8.27652 0.0944066693890335
2877207.85810986 8.277522 0.0948914458992889
2877518.60519247 8.278524 0.0974362906128753
2877829.35227508 8.279526 0.0951666534222521
2878140.09935768 8.280528 0.100327497070835
2878450.84644029 8.28153 0.0978018396040246
2878761.5935229 8.282532 0.096453952090741
2879072.3406055 8.283534 0.0952395148029989
2879383.08768811 8.284536 0.0944173345611691
2879693.83477072 8.285538 0.0971714107891593
2880004.58185332 8.28654 0.0938542397329712
2880315.32893593 8.287542 0.099338683278964
2880626.07601854 8.288544 0.100901003097789
2880936.82310114 8.289546 0.0981715921899988
2881247.57018375 8.290548 0.0941307152563821
2881558.31726636 8.29155 0.0981904378338706
2881869.06434896 8.292552 0.101374346237932
2882179.81143157 8.293554 0.102132662374695
2882490.55851418 8.294556 0.0983016815329635
2882801.30559678 8.295558 0.0991958980899352
2883112.05267939 8.29656 0.0938723288614962
2883422.799762 8.297562 0.102010214317815
2883733.5468446 8.298564 0.103129116414867
2884044.29392721 8.299566 0.0992296719480775
2884355.04100982 8.300568 0.101874425787522
2884665.78809242 8.30157 0.100828756556142
2884976.53517503 8.302572 0.0995866998084271
2885287.28225764 8.303574 0.105013614436141
2885598.02934025 8.304576 0.0980562158250999
2885908.77642285 8.305578 0.097473028512549
2886219.52350546 8.30658 0.10266865089208
2886530.27058807 8.307582 0.0998791229568541
2886841.01767067 8.308584 0.102713063683106
2887151.76475328 8.309586 0.102912083757408
2887462.51183589 8.310588 0.100215146764175
2887773.25891849 8.31159 0.100613734202902
2888084.0060011 8.312592 0.102256472268298
2888394.75308371 8.313594 0.103252908602427
2888705.50016631 8.314596 0.103260777498253
2889016.24724892 8.315598 0.10180517962695
2889326.99433153 8.3166 0.106341334241698
2889637.74141413 8.317602 0.10176524702995
2889948.48849674 8.318604 0.103026350860046
2890259.23557935 8.319606 0.0997956442327562
2890569.98266195 8.320608 0.105260581592392
2890880.72974456 8.32161 0.105399893532791
2891191.47682717 8.322612 0.10142196280283
2891502.22390977 8.323614 0.103852421621976
2891812.97099238 8.324616 0.104315394236529
2892123.71807499 8.325618 0.104136979656561
2892434.46515759 8.32662 0.104977249736838
2892745.2122402 8.327622 0.102881003823158
2893055.95932281 8.328624 0.106397681931948
2893366.70640541 8.329626 0.101758029832953
2893677.45348802 8.330628 0.104473753719274
2893988.20057063 8.33163 0.106366071842703
2894298.94765323 8.332632 0.101791994526947
2894609.69473584 8.333634 0.108274432540783
2894920.44181845 8.334636 0.107483245549328
2895231.18890106 8.335638 0.107669795985442
2895541.93598366 8.33664 0.107913119877044
2895852.68306627 8.337642 0.104330798397536
2896163.43014888 8.338644 0.108577690969734
2896474.17723148 8.339646 0.103405522290841
2896784.92431409 8.340648 0.109438294325652
2897095.6713967 8.34165 0.108146603014018
2897406.4184793 8.342652 0.103271337737698
2897717.16556191 8.343654 0.102321880398231
2898027.91264452 8.344656 0.109802319370612
2898338.65972712 8.345658 0.103265331094386
2898649.40680973 8.34666 0.103917314167345
2898960.15389234 8.347662 0.107484381714718
2899270.90097494 8.348664 0.105165682432515
2899581.64805755 8.349666 0.107071188303677
2899892.39514016 8.350668 0.107192244196035
2900203.14222276 8.35167 0.110312738166295
2900513.88930537 8.352672 0.105839224402902
2900824.63638798 8.353674 0.107374599915497
2901135.38347058 8.354676 0.105631481542231
2901446.13055319 8.355678 0.109278629455892
2901756.8776358 8.35668 0.109752610854873
2902067.6247184 8.357682 0.110187091427164
2902378.37180101 8.358684 0.109190687306403
2902689.11888362 8.359686 0.104816892093894
2902999.86596623 8.360688 0.115580463307359
2903310.61304883 8.36169 0.107242196510148
2903621.36013144 8.362692 0.110419297829357
2903932.10721405 8.363694 0.107979068487373
2904242.85429665 8.364696 0.112044650560242
2904553.60137926 8.365698 0.109421134196775
2904864.34846187 8.3667 0.112561067280117
2905175.09554447 8.367702 0.113946793559951
2905485.84262708 8.368704 0.1098742116174
2905796.58970969 8.369706 0.112822405746223
2906107.33679229 8.370708 0.112079171175278
2906418.0838749 8.37171 0.111476669992657
2906728.83095751 8.372712 0.112685341808565
2907039.57804011 8.373714 0.109944079810854
2907350.32512272 8.374716 0.109656534532459
2907661.07220533 8.375718 0.110462809834592
2907971.81928793 8.37672 0.111505020030121
2908282.56637054 8.377722 0.114235024549137
2908593.31345315 8.378724 0.113721316172046
2908904.06053575 8.379726 0.109353361427961
2909214.80761836 8.380728 0.111763987021974
2909525.55470097 8.38173 0.114431668165335
2909836.30178357 8.382732 0.11153972544846
2910147.04886618 8.383734 0.110224092370228
2910457.79594879 8.384736 0.11347911209191
2910768.54303139 8.385738 0.115039763690422
2911079.290114 8.38674 0.113945896961509
2911390.03719661 8.387742 0.113995424641964
2911700.78427921 8.388744 0.115790361930756
2912011.53136182 8.389746 0.116376397153573
2912322.27844443 8.390748 0.118377361056333
2912633.02552703 8.39175 0.11857115308379
2912943.77260964 8.392752 0.11615029917317
2913254.51969225 8.393754 0.113440294678332
2913565.26677486 8.394756 0.111103573703189
2913876.01385746 8.395758 0.116603220570555
2914186.76094007 8.39676 0.115875756265212
2914497.50802268 8.397762 0.116149271366259
2914808.25510528 8.398764 0.117013273866976
2915119.00218789 8.399766 0.11700822319137
2915429.7492705 8.400768 0.116365408876031
2915740.4963531 8.40177 0.117185091421473
2916051.24343571 8.402772 0.119522468262739
2916361.99051832 8.403774 0.118428638019045
2916672.73760092 8.404776 0.118362938732271
2916983.48468353 8.405778 0.118684705214582
2917294.23176614 8.40678 0.119911178998295
2917604.97884874 8.407782 0.119206708330772
2917915.72593135 8.408784 0.118834621783174
2918226.47301396 8.409786 0.117510322467685
2918537.22009656 8.410788 0.119688198636274
2918847.96717917 8.41179 0.122510968719727
2919158.71426178 8.412792 0.118488946614565
2919469.46134439 8.413794 0.120568687442399
2919780.20842699 8.414796 0.118544187296327
2920090.9555096 8.415798 0.118474904830602
2920401.7025922 8.4168 0.118220110348991
2920712.44967481 8.417802 0.120556367780257
2921023.19675742 8.418804 0.118008413658663
2921333.94384002 8.419806 0.124394978071043
2921644.69092263 8.420808 0.125096227647356
2921955.43800524 8.42181 0.12036152702519
2922266.18508785 8.422812 0.120960527632078
2922576.93217045 8.423814 0.125195170948082
2922887.67925306 8.424816 0.123217872274188
2923198.42633567 8.425818 0.123466697264086
2923509.17341827 8.42682 0.123601508353507
2923819.92050088 8.427822 0.125486252117146
2924130.66758349 8.428824 0.122556423741018
2924441.41466609 8.429826 0.121709010893548
2924752.1617487 8.430828 0.126878649193063
2925062.90883131 8.43183 0.124347162444524
2925373.65591391 8.432832 0.120378751804163
2925684.40299652 8.433834 0.124411990689165
2925995.15007913 8.434836 0.123373892788923
2926305.89716173 8.435838 0.125820201101228
2926616.64424434 8.43684 0.123765360362359
2926927.39132695 8.437842 0.126060712377751
2927238.13840955 8.438844 0.124146871772479
2927548.88549216 8.439846 0.124999162344318
2927859.63257477 8.440848 0.127429838615406
2928170.37965737 8.44185 0.125960087652616
2928481.12673998 8.442852 0.125446997244971
2928791.87382259 8.443854 0.127266653863244
2929102.62090519 8.444856 0.130149419762532
2929413.3679878 8.445858 0.125374199580442
2929724.11507041 8.44686 0.126037116904228
2930034.86215301 8.447862 0.128507452095194
2930345.60923562 8.448864 0.12598447057388
2930656.35631823 8.449866 0.126326060834024
2930967.10340084 8.450868 0.135396120608552
2931277.85048344 8.45187 0.130519416629369
2931588.59756605 8.452872 0.130998692240787
2931899.34464866 8.453874 0.133295389270906
2932210.09173126 8.454876 0.130154080589987
2932520.83881387 8.455878 0.129460962331205
2932831.58589648 8.45688 0.131364440655677
2933142.33297908 8.457882 0.129337382138385
2933453.08006169 8.458884 0.131337420576036
2933763.8271443 8.459886 0.124675136168125
2934074.5742269 8.460888 0.125167596958294
2934385.32130951 8.46189 0.115903996649318
2934696.06839212 8.462892 0.117932625201722
2935006.81547472 8.463894 0.118291654081267
2935317.56255733 8.464896 0.118491796420944
2935628.30963994 8.465898 0.114256592117358
2935939.05672254 8.4669 0.110659392018675
2936249.80380515 8.467902 0.11478187955658
2936560.55088776 8.468904 0.109516691957519
2936871.29797036 8.469906 0.108441796839933
2937182.04505297 8.470908 0.107792699821836
2937492.79213558 8.47191 0.111559039679744
2937803.53921818 8.472912 0.107370600951972
2938114.28630079 8.473914 0.113969850163127
2938425.0333834 8.474916 0.105343782514804
2938735.780466 8.475918 0.111884653331269
2939046.52754861 8.47692 0.111261185289683
2939357.27463122 8.477922 0.110449925012211
2939668.02171382 8.478924 0.11216252121985
2939978.76879643 8.479926 0.112893474714999
2940289.51587904 8.480928 0.115912793908028
2940600.26296165 8.48193 0.112681786100816
2940911.01004425 8.482932 0.112870426681988
2941221.75712686 8.483934 0.117869173092647
2941532.50420947 8.484936 0.114310039349655
2941843.25129207 8.485938 0.115462028607116
2942153.99837468 8.48694 0.11529292808911
2942464.74545729 8.487942 0.116746675064662
2942775.49253989 8.488944 0.117254486096703
2943086.2396225 8.489946 0.113135106458363
2943396.98670511 8.490948 0.112672337481234
2943707.73378771 8.49195 0.114982177524144
2944018.48087032 8.492952 0.113737029594764
2944329.22795293 8.493954 0.115658968217146
2944639.97503553 8.494956 0.119864529909188
2944950.72211814 8.495958 0.118336055461927
2945261.46920075 8.49696 0.116694382638938
2945572.21628335 8.497962 0.117164620642043
2945882.96336596 8.498964 0.11715066597509
2946193.71044857 8.499966 0.118866392607236
2946504.45753117 8.500968 0.116361830940458
2946815.20461378 8.50197 0.116080337668627
2947125.95169639 8.502972 0.114201461656159
2947436.69877899 8.503974 0.115802461994444
2947747.4458616 8.504976 0.114720759928429
2948058.19294421 8.505978 0.117581060469046
2948368.94002682 8.50698 0.118544419314114
2948679.68710942 8.507982 0.113067664019167
2948990.43419203 8.508984 0.121587192962781
2949301.18127464 8.509986 0.114658689089066
2949611.92835724 8.510988 0.121097272027178
2949922.67543985 8.51199 0.121284403528524
2950233.42252246 8.512992 0.118501490986098
2950544.16960506 8.513994 0.116861177865014
2950854.91668767 8.514996 0.119893989144597
2951165.66377028 8.515998 0.121424704823235
2951476.41085288 8.517 0.121708102987706
2951787.15793549 8.518002 0.122625408377625
2952097.9050181 8.519004 0.11637834204387
2952408.6521007 8.520006 0.121803658225247
2952719.39918331 8.521008 0.119043089013968
2953030.14626592 8.52201 0.121848010348041
2953340.89334852 8.523012 0.123133678995874
2953651.64043113 8.524014 0.123981350688128
2953962.38751374 8.525016 0.125842228928771
2954273.13459634 8.526018 0.120298598503896
2954583.88167895 8.52702 0.120466818552219
2954894.62876156 8.528022 0.123054928465681
2955205.37584416 8.529024 0.126878642300136
2955516.12292677 8.530026 0.120716890631449
2955826.87000938 8.531028 0.123501826904392
2956137.61709198 8.53203 0.126122328291387
2956448.36417459 8.533032 0.124418728450071
2956759.1112572 8.534034 0.125061001162502
2957069.85833981 8.535036 0.122397476357813
2957380.60542241 8.536038 0.123426413034244
2957691.35250502 8.53704 0.121326009675877
2958002.09958763 8.538042 0.126206509790131
2958312.84667023 8.539044 0.128090348333913
2958623.59375284 8.540046 0.123604816760575
2958934.34083545 8.541048 0.125391057487909
2959245.08791805 8.54205 0.125074144496835
2959555.83500066 8.543052 0.12586037279991
2959866.58208327 8.544054 0.124521500987085
2960177.32916587 8.545056 0.126337042686771
2960488.07624848 8.546058 0.124234633380681
2960798.82333109 8.54706 0.129510527663318
2961109.57041369 8.548062 0.124421714351925
2961420.3174963 8.549064 0.125353939755155
2961731.06457891 8.550066 0.127607810478665
2962041.81166151 8.551068 0.127676558083111
2962352.55874412 8.55207 0.129395494754114
2962663.30582673 8.553072 0.129190491844056
2962974.05290933 8.554074 0.128878713260137
2963284.79999194 8.555076 0.124917326708807
2963595.54707455 8.556078 0.128560371737474
2963906.29415715 8.55708 0.127762892597797
2964217.04123976 8.558082 0.127978249787218
2964527.78832237 8.559084 0.129538003786989
2964838.53540498 8.560086 0.127432603752098
2965149.28248758 8.561088 0.12612618545926
2965460.02957019 8.56209 0.129871086579545
2965770.7766528 8.563092 0.132030022324671
2966081.5237354 8.564094 0.12936791523456
2966392.27081801 8.565096 0.130276271896088
2966703.01790062 8.566098 0.127094308372522
2967013.76498322 8.5671 0.129144638316693
2967324.51206583 8.568102 0.129379465311297
2967635.25914844 8.569104 0.12547002399588
2967946.00623104 8.570106 0.122140311345216
2968256.75331365 8.571108 0.115571209050348
2968567.50039626 8.57211 0.110739023320848
2968878.24747886 8.573112 0.107773565576133
2969188.99456147 8.574114 0.104504078435522
2969499.74164408 8.575116 0.0988697435664644
2969810.48872668 8.576118 0.10009020602033
2970121.23580929 8.57712 0.100817822239971
2970431.9828919 8.578122 0.0998376664455364
2970742.7299745 8.579124 0.0971687722632828
2971053.47705711 8.580126 0.0998109033466901
2971364.22413972 8.581128 0.104232195272076
2971674.97122232 8.58213 0.1021800225468
2971985.71830493 8.583132 0.103033128824676
2972296.46538754 8.584134 0.0994183494242656
2972607.21247014 8.585136 0.101376539200476
2972917.95955275 8.586138 0.0986382920728171
2973228.70663536 8.58714 0.100054110055084
2973539.45371796 8.588142 0.0974420759928088
2973850.20080057 8.589144 0.104399627601912
2974160.94788318 8.590146 0.0992229527849393
2974471.69496578 8.591148 0.0953869731814786
2974782.44204839 8.59215 0.0994754472653988
2975093.189131 8.593152 0.10032242944017
2975403.93621361 8.594154 0.0951114137120837
2975714.68329621 8.595156 0.102479004798832
2976025.43037882 8.596158 0.0999094454456738
2976336.17746143 8.59716 0.0957068402994028
2976646.92454403 8.598162 0.100098025865346
2976957.67162664 8.599164 0.104126802492378
2977268.41870925 8.600166 0.0991675156440946
2977579.16579185 8.601168 0.100521170781163
2977889.91287446 8.60217 0.100120238057107
2978200.65995707 8.603172 0.102306714521859
2978511.40703967 8.604174 0.107505267837166
2978822.15412228 8.605176 0.103619914536842
2979132.90120489 8.606178 0.102646419923483
2979443.64828749 8.60718 0.0993692765371911
2979754.3953701 8.608182 0.109389863006959
2980065.14245271 8.609184 0.0983783797155908
2980375.88953531 8.610186 0.099030299879401
2980686.63661792 8.611188 0.107898250315105
2980997.38370053 8.61219 0.10408184630245
2981308.13078313 8.613192 0.105483257507994
2981618.87786574 8.614194 0.108230165574474
2981929.62494835 8.615196 0.106197907219987
2982240.37203095 8.616198 0.102833243546871
2982551.11911356 8.6172 0.100628357485926
2982861.86619617 8.618202 0.106175596149161
2983172.61327878 8.619204 0.103724415089466
2983483.36036138 8.620206 0.104467025139232
2983794.10744399 8.621208 0.093633223333898
2984104.8545266 8.62221 0.0895921212444916
2984415.6016092 8.623212 0.0873023320817595
2984726.34869181 8.624214 0.0847558215853422
2985037.09577442 8.625216 0.0838782708223177
2985347.84285702 8.626218 0.082112857542382
2985658.58993963 8.62722 0.0794005898435811
2985969.33702224 8.628222 0.0760926702960142
2986280.08410484 8.629224 0.07686729738853
2986590.83118745 8.630226 0.0750674592756203
2986901.57827006 8.631228 0.076297789945879
2987212.32535266 8.63223 0.0727521540819845
2987523.07243527 8.633232 0.0749605307643006
2987833.81951788 8.634234 0.0709441968191544
2988144.56660048 8.635236 0.0734509019766051
2988455.31368309 8.636238 0.0710429283189864
2988766.0607657 8.63724 0.0763153379713992
2989076.8078483 8.638242 0.0765970905131636
2989387.55493091 8.639244 0.0713582845618316
2989698.30201352 8.640246 0.0756751707116698
2990009.04909612 8.641248 0.073911359229293
2990319.79617873 8.64225 0.0734444851440598
2990630.54326134 8.643252 0.075682430742992
2990941.29034394 8.644254 0.0701932623333045
2991252.03742655 8.645256 0.0710159914932047
2991562.78450916 8.646258 0.0726501261876124
2991873.53159176 8.64726 0.0716459981570386
2992184.27867437 8.648262 0.0682563188723796
2992495.02575698 8.649264 0.0677355938268021
2992805.77283958 8.650266 0.058732778273162
2993116.51992219 8.651268 0.0531539181711415
2993427.2670048 8.65227 0.0528551771919909
2993738.01408741 8.653272 0.0528917363892858
2994048.76117001 8.654274 0.0473998177375256
2994359.50825262 8.655276 0.0489531054067063
2994670.25533523 8.656278 0.0475278684058216
2994981.00241783 8.65728 0.0440495815623142
2995291.74950044 8.658282 0.0458692105951748
2995602.49658305 8.659284 0.0457527209767713
2995913.24366565 8.660286 0.0417283407302326
2996223.99074826 8.661288 0.0454610537006204
2996534.73783087 8.66229 0.0408011797407775
2996845.48491347 8.663292 0.0437688398248916
2997156.23199608 8.664294 0.0386843243005819
2997466.97907869 8.665296 0.0394706421400928
2997777.72616129 8.666298 0.0401802751149966
2998088.4732439 8.6673 0.0413819646418989
2998399.22032651 8.668302 0.0456110537821957
2998709.96740911 8.669304 0.0430694266313321
2999020.71449172 8.670306 0.0418493048986581
2999331.46157433 8.671308 0.0395127287456109
2999642.20865693 8.67231 0.040110398090159
2999952.95573954 8.673312 0.0405329887306529
3000263.70282215 8.674314 0.0389874040717333
3000574.44990475 8.675316 0.0382679966723887
3000885.19698736 8.676318 0.0384431126784744
3001195.94406997 8.67732 0.0383199095321992
3001506.69115257 8.678322 0.0417620731653581
3001817.43823518 8.679324 0.0388933648586325
3002128.18531779 8.680326 0.0429596357796998
3002438.9324004 8.681328 0.0367453100068509
3002749.679483 8.68233 0.0418836860014536
3003060.42656561 8.683332 0.0472503603109407
3003371.17364822 8.684334 0.0405423870035333
3003681.92073082 8.685336 0.0398461590589947
3003992.66781343 8.686338 0.0415721335310436
3004303.41489604 8.68734 0.0395586865266186
3004614.16197864 8.688342 0.0383464564194728
3004924.90906125 8.689344 0.0417567110506755
3005235.65614386 8.690346 0.0396982740420487
3005546.40322646 8.691348 0.0452282112181274
3005857.15030907 8.69235 0.042698226382573
3006167.89739168 8.693352 0.0403918190345697
3006478.64447428 8.694354 0.040851432643087
3006789.39155689 8.695356 0.0407077772359878
3007100.1386395 8.696358 0.0430381173083373
3007410.8857221 8.69736 0.0446438590839743
3007721.63280471 8.698362 0.0424604873342592
3008032.37988732 8.699364 0.0429659274450522
3008343.12696992 8.700366 0.0406613336572194
3008653.87405253 8.701368 0.0410486769121124
3008964.62113514 8.70237 0.0450899635868374
3009275.36821774 8.703372 0.0423755952722336
3009586.11530035 8.704374 0.0454813503694345
3009896.86238296 8.705376 0.0401297547644494
3010207.60946557 8.706378 0.0387885422627271
3010518.35654817 8.70738 0.0390932551075294
3010829.10363078 8.708382 0.0438449581706713
3011139.85071339 8.709384 0.0391256507804556
3011450.59779599 8.710386 0.0457963881421813
3011761.3448786 8.711388 0.042232765866622
3012072.09196121 8.71239 0.0410492203842724
3012382.83904381 8.713392 0.043028549350001
3012693.58612642 8.714394 0.0449918220509056
3013004.33320903 8.715396 0.0416340200242326
3013315.08029163 8.716398 0.0411208964814102
3013625.82737424 8.7174 0.0419469461978149
3013936.57445685 8.718402 0.0419823072803728
3014247.32153945 8.719404 0.0451926925540311
3014558.06862206 8.720406 0.0445125870081793
3014868.81570467 8.721408 0.0468416062557927
3015179.56278727 8.72241 0.0436392406301213
3015490.30986988 8.723412 0.0423161063448593
3015801.05695249 8.724414 0.0439588043412418
3016111.80403509 8.725416 0.0435847044649887
3016422.5511177 8.726418 0.0422025035386875
3016733.29820031 8.72742 0.0423736737477215
3017044.04528291 8.728422 0.0427136998154512
3017354.79236552 8.729424 0.043223486096603
3017665.53944813 8.730426 0.0432016478559271
3017976.28653073 8.731428 0.0443878558666732
3018287.03361334 8.73243 0.0431863863991549
3018597.78069595 8.733432 0.0469979173261854
3018908.52777856 8.734434 0.0469003247896422
3019219.27486116 8.735436 0.0457871680428952
3019530.02194377 8.736438 0.0471962000539645
3019840.76902638 8.73744 0.0446439816802149
3020151.51610898 8.738442 0.0464025855407041
3020462.26319159 8.739444 0.0422780852889392
3020773.0102742 8.740446 0.0456860328898446
3021083.7573568 8.741448 0.0410662184928233
3021394.50443941 8.74245 0.0412246058624621
3021705.25152202 8.743452 0.0431900842956847
3022015.99860462 8.744454 0.046320156773711
3022326.74568723 8.745456 0.0461270510247574
3022637.49276984 8.746458 0.0487172578843585
3022948.23985244 8.74746 0.04270118899325
3023258.98693505 8.748462 0.0392636493848184
3023569.73401766 8.749464 0.0426215635872257
3023880.48110026 8.750466 0.0452881957673402
3024191.22818287 8.751468 0.0421920871582006
3024501.97526548 8.75247 0.0459618304762067
3024812.72234808 8.753472 0.0497699637133387
3025123.46943069 8.754474 0.0444050648483945
3025434.2165133 8.755476 0.0425583153794232
3025744.9635959 8.756478 0.0423065759733733
3026055.71067851 8.75748 0.0478013035775847
3026366.45776112 8.758482 0.0467973584149059
3026677.20484372 8.759484 0.0474990408659708
3026987.95192633 8.760486 0.0467854313285928
3027298.69900894 8.761488 0.0451381886074442
3027609.44609154 8.76249 0.0468103679589084
3027920.19317415 8.763492 0.0435893426081069
3028230.94025676 8.764494 0.0461215309674501
3028541.68733937 8.765496 0.0478127233001896
3028852.43442197 8.766498 0.0430578438757527
3029163.18150458 8.7675 0.0472338044662863
3029473.92858719 8.768502 0.0437523677369008
3029784.67566979 8.769504 0.0441751125069196
3030095.4227524 8.770506 0.0448057404298542
3030406.16983501 8.771508 0.0462511880458569
3030716.91691761 8.77251 0.0474234709078877
3031027.66400022 8.773512 0.0464152658359687
3031338.41108283 8.774514 0.0426248053176617
3031649.15816543 8.775516 0.0450332803768895
3031959.90524804 8.776518 0.0447974186072939
3032270.65233065 8.77752 0.0468527443673314
3032581.39941325 8.778522 0.0473707041186093
3032892.14649586 8.779524 0.0484777148499753
3033202.89357847 8.780526 0.0486406031541876
3033513.64066107 8.781528 0.0496097842773535
3033824.38774368 8.78253 0.0485989811052914
3034135.13482629 8.783532 0.0478160429050903
3034445.88190889 8.784534 0.048847722916005
3034756.6289915 8.785536 0.0472240746306476
3035067.37607411 8.786538 0.0481985187938056
3035378.12315671 8.78754 0.0452856589990474
3035688.87023932 8.788542 0.0423788654380311
3035999.61732193 8.789544 0.0490181347551565
3036310.36440453 8.790546 0.0462368738992312
3036621.11148714 8.791548 0.0485829313498047
3036931.85856975 8.79255 0.0437551632142622
3037242.60565236 8.793552 0.0499991363031684
3037553.35273496 8.794554 0.0442068148045166
3037864.09981757 8.795556 0.0468047507094441
3038174.84690018 8.796558 0.0472021031767904
3038485.59398278 8.79756 0.048838788985026
3038796.34106539 8.798562 0.0485586317819518
3039107.088148 8.799564 0.0481933743728354
3039417.8352306 8.800566 0.0490323887756743
3039728.58231321 8.801568 0.0484622121874487
3040039.32939582 8.80257 0.0474047742690543
3040350.07647842 8.803572 0.046992366714306
3040660.82356103 8.804574 0.0486991502811611
3040971.57064364 8.805576 0.0459247294864024
3041282.31772624 8.806578 0.0465475498833639
3041593.06480885 8.80758 0.0473457880361921
3041903.81189146 8.808582 0.0477256499062036
3042214.55897406 8.809584 0.0525240429216671
3042525.30605667 8.810586 0.0451788727260459
3042836.05313928 8.811588 0.0459958548656492
3043146.80022188 8.81259 0.0477307101277994
3043457.54730449 8.813592 0.0481429626924638
3043768.2943871 8.814594 0.049228589505204
3044079.0414697 8.815596 0.0500788096637475
3044389.78855231 8.816598 0.0503483209130068
3044700.53563492 8.8176 0.0451196338017342
3045011.28271753 8.818602 0.0503108797332736
3045322.02980013 8.819604 0.0483061750781483
3045632.77688274 8.820606 0.0489248137875998
3045943.52396535 8.821608 0.0478692111733958
3046254.27104795 8.82261 0.0470459102027838
3046565.01813056 8.823612 0.0483080089145161
3046875.76521317 8.824614 0.0492339310521256
3047186.51229577 8.825616 0.0461700710609852
3047497.25937838 8.826618 0.0499129872466518
3047808.00646099 8.82762 0.0501439419123258
3048118.75354359 8.828622 0.0491023401330578
3048429.5006262 8.829624 0.0463378810141377
3048740.24770881 8.830626 0.053100573520134
3049050.99479141 8.831628 0.0517142009628758
3049361.74187402 8.83263 0.0524044478212697
3049672.48895663 8.833632 0.048526770456063
3049983.23603923 8.834634 0.0480718134737868
3050293.98312184 8.835636 0.0480118235243925
3050604.73020445 8.836638 0.0507741395939533
3050915.47728705 8.83764 0.0482170229602153
3051226.22436966 8.838642 0.0521694276425044
3051536.97145227 8.839644 0.0516150864575198
3051847.71853487 8.840646 0.0459942129650064
3052158.46561748 8.841648 0.0522177960872646
3052469.21270009 8.84265 0.0490891004780042
3052779.95978269 8.843652 0.0515291981882423
3053090.7068653 8.844654 0.0504701925462677
3053401.45394791 8.845656 0.0489041248092159
3053712.20103051 8.846658 0.0525395432645439
3054022.94811312 8.84766 0.0503776343966507
3054333.69519573 8.848662 0.0486856607762253
3054644.44227833 8.849664 0.0538178236520772
3054955.18936094 8.850666 0.0476875225714239
3055265.93644355 8.851668 0.053361198689125
3055576.68352616 8.85267 0.0489268360925949
3055887.43060876 8.853672 0.0494048156406977
3056198.17769137 8.854674 0.0479972311566744
3056508.92477398 8.855676 0.05247590399204
3056819.67185658 8.856678 0.0496449688369193
3057130.41893919 8.85768 0.0532446738057345
3057441.1660218 8.858682 0.0469380164645361
3057751.9131044 8.859684 0.0510441225420582
3058062.66018701 8.860686 0.0538524864669699
3058373.40726962 8.861688 0.0496812456457506
3058684.15435222 8.86269 0.0517085266609975
3058994.90143483 8.863692 0.0518541440095917
3059305.64851744 8.864694 0.0536188061743603
3059616.39560004 8.865696 0.0543144640511502
3059927.14268265 8.866698 0.0472237041616913
3060237.88976526 8.8677 0.0481437134199373
3060548.63684786 8.868702 0.0462765230651277
3060859.38393047 8.869704 0.051710597351692
3061170.13101308 8.870706 0.0521914205430324
3061480.87809568 8.871708 0.0560809242955021
3061791.62517829 8.87271 0.0526022580911193
3062102.3722609 8.873712 0.052765522552571
3062413.1193435 8.874714 0.0513023847189267
3062723.86642611 8.875716 0.0547136963961904
3063034.61350872 8.876718 0.0492992726865772
3063345.36059132 8.87772 0.0495908412920407
3063656.10767393 8.878722 0.0514024026700867
3063966.85475654 8.879724 0.0525220321607895
3064277.60183914 8.880726 0.0512564165360365
3064588.34892175 8.881728 0.0517616796862048
3064899.09600436 8.88273 0.0527412981281469
3065209.84308697 8.883732 0.0527755535152119
3065520.59016957 8.884734 0.0526157882657269
3065831.33725218 8.885736 0.053968233990102
3066142.08433479 8.886738 0.0545621057060259
3066452.83141739 8.88774 0.051465902918075
3066763.5785 8.888742 0.0525401931030713
3067074.32558261 8.889744 0.0549581420485305
3067385.07266521 8.890746 0.0503544366954324
3067695.81974782 8.891748 0.0549758546236538
3068006.56683043 8.89275 0.0516631598296899
3068317.31391303 8.893752 0.0529105904000967
3068628.06099564 8.894754 0.0552895325212977
3068938.80807825 8.895756 0.0523612757938235
3069249.55516085 8.896758 0.0529741551738127
3069560.30224346 8.89776 0.0546170574209514
3069871.04932607 8.898762 0.0504901483955549
3070181.79640867 8.899764 0.0527996325213984
3070492.54349128 8.900766 0.0508122930311354
3070803.29057389 8.901768 0.0552218626792513
3071114.03765649 8.90277 0.0536541538223525
3071424.7847391 8.903772 0.052619317527598
3071735.53182171 8.904774 0.0531407495346497
3072046.27890432 8.905776 0.0571310076053118
3072357.02598692 8.906778 0.0484941992074097
3072667.77306953 8.90778 0.0553881255019473
3072978.52015214 8.908782 0.0518592745894278
3073289.26723474 8.909784 0.0551639256212204
3073600.01431735 8.910786 0.0517083788720581
3073910.76139996 8.911788 0.0523641392504588
3074221.50848256 8.91279 0.0553224442173351
3074532.25556517 8.913792 0.0518906109802965
3074843.00264778 8.914794 0.056106300530654
3075153.74973038 8.915796 0.0557675506381344
3075464.49681299 8.916798 0.0551664858841572
3075775.2438956 8.9178 0.0537176499628491
3076085.9909782 8.918802 0.0517196853201746
3076396.73806081 8.919804 0.0567320963415887
3076707.48514342 8.920806 0.0528169885770238
3077018.23222602 8.921808 0.0573399765078925
3077328.97930863 8.92281 0.0544747498017585
3077639.72639124 8.923812 0.0571552596536807
3077950.47347384 8.924814 0.0497927059712627
3078261.22055645 8.925816 0.0533655263060525
3078571.96763906 8.926818 0.0531352200334771
3078882.71472166 8.92782 0.0539865998349197
3079193.46180427 8.928822 0.0541456602966218
3079504.20888688 8.929824 0.0543532149302134
3079814.95596948 8.930826 0.0523749430267172
3080125.70305209 8.931828 0.0559525967317684
3080436.4501347 8.93283 0.0519610684932205
3080747.1972173 8.933832 0.0557285015352481
3081057.94429991 8.934834 0.0569244031214822
3081368.69138252 8.935836 0.0542900758908544
3081679.43846512 8.936838 0.0558089026736109
3081990.18554773 8.93784 0.0558054524808055
3082300.93263034 8.938842 0.0587558008881824
3082611.67971295 8.939844 0.0563295171744678
3082922.42679555 8.940846 0.0576020804420814
3083233.17387816 8.941848 0.0552741704019022
3083543.92096077 8.94285 0.0548168443150161
3083854.66804337 8.943852 0.05750590579694
3084165.41512598 8.944854 0.0573310264582485
3084476.16220859 8.945856 0.054991515219409
3084786.90929119 8.946858 0.0563829504949792
3085097.6563738 8.94786 0.0548500717426623
3085408.40345641 8.948862 0.0570938069791248
3085719.15053901 8.949864 0.0557160650254258
3086029.89762162 8.950866 0.0569325175469669
3086340.64470423 8.951868 0.0532722698507028
3086651.39178683 8.95287 0.0578743101594981
3086962.13886944 8.953872 0.0568658216679459
3087272.88595205 8.954874 0.058957214849884
3087583.63303465 8.955876 0.0582337163713808
3087894.38011726 8.956878 0.0546068014165389
3088205.12719987 8.95788 0.0575984160339967
3088515.87428247 8.958882 0.0546764622685464
3088826.62136508 8.959884 0.0519195553519868
3089137.36844769 8.960886 0.0564187277048066
3089448.11553029 8.961888 0.0564152926593381
3089758.8626129 8.96289 0.0567352776549699
3090069.60969551 8.963892 0.057328920540999
3090380.35677812 8.964894 0.05625716375369
3090691.10386072 8.965896 0.049825901413287
3091001.85094333 8.966898 0.0499499392692185
3091312.59802594 8.9679 0.0446758876946138
3091623.34510854 8.968902 0.0429126686962178
3091934.09219115 8.969904 0.0359302896387954
3092244.83927376 8.970906 0.0319770264717439
3092555.58635636 8.971908 0.0320574838494266
3092866.33343897 8.97291 0.03131604963434
3093177.08052158 8.973912 0.0326507896452762
3093487.82760418 8.974914 0.032647129091156
3093798.57468679 8.975916 0.0292323759717266
3094109.3217694 8.976918 0.0313529910360366
3094420.068852 8.97792 0.0276565996784757
3094730.81593461 8.978922 0.0289021420170947
3095041.56301722 8.979924 0.0305001972386651
3095352.31009982 8.980926 0.0245977859988361
3095663.05718243 8.981928 0.0322851131432709
3095973.80426504 8.98293 0.0284378634084093
3096284.55134764 8.983932 0.0331775144946053
3096595.29843025 8.984934 0.0304028183710815
3096906.04551286 8.985936 0.0323071636496591
3097216.79259546 8.986938 0.029667537103606
3097527.53967807 8.98794 0.0344831623555885
3097838.28676068 8.988942 0.0306057277592707
3098149.03384328 8.989944 0.032076108940539
3098459.78092589 8.990946 0.029957615295895
3098770.5280085 8.991948 0.0304963001075957
3099081.27509111 8.99295 0.0294322092448331
3099392.02217371 8.993952 0.0287542428488015
3099702.76925632 8.994954 0.0327251258152775
3100013.51633893 8.995956 0.0324190638514326
3100324.26342153 8.996958 0.033248238940872
3100635.01050414 8.99796 0.0354310247848784
3100945.75758675 8.998962 0.0258220761872562
3101256.50466935 8.999964 0.0343433449878731
3101567.25175196 9.000966 0.0326231329091342
3101877.99883457 9.001968 0.0318340777830073
3102188.74591717 9.00297 0.0307524824900289
3102499.49299978 9.003972 0.030602625664055
3102810.24008239 9.004974 0.0319579068569449
3103120.98716499 9.005976 0.0320784232445029
3103431.7342476 9.006978 0.0303105133153166
3103742.48133021 9.00798 0.0328522127299458
3104053.22841281 9.008982 0.0328946862652817
3104363.97549542 9.009984 0.0327059017156114
3104674.72257803 9.010986 0.0341084658665061
3104985.46966063 9.011988 0.0333848685772665
3105296.21674324 9.01299 0.0345386113778277
3105606.96382585 9.013992 0.0318008917370322
3105917.71090845 9.014994 0.0345528931176231
3106228.45799106 9.015996 0.0338352740585802
3106539.20507367 9.016998 0.0341885376533973
3106849.95215628 9.018 0.0320782502223763
3107160.69923888 9.019002 0.0328311392550751
3107471.44632149 9.020004 0.0306913734963311
3107782.1934041 9.021006 0.0350455776588102
3108092.9404867 9.022008 0.0336405367211129
3108403.68756931 9.02301 0.0325483215195534
3108714.43465192 9.024012 0.0300085881805905
3109025.18173452 9.025014 0.032614537458396
3109335.92881713 9.026016 0.0339054675968814
3109646.67589974 9.027018 0.0354065880602506
3109957.42298234 9.02802 0.0324557411696149
3110268.17006495 9.029022 0.0374601864849732
3110578.91714756 9.030024 0.0307427894361595
3110889.66423016 9.031026 0.0361712789585548
3111200.41131277 9.032028 0.0348987096319065
3111511.15839538 9.03303 0.0364767987550574
3111821.90547798 9.034032 0.0354346025834405
3112132.65256059 9.035034 0.0358402693527643
3112443.3996432 9.036036 0.03291641585835
3112754.1467258 9.037038 0.0344209295048838
3113064.89380841 9.03804 0.0304937472926513
3113375.64089102 9.039042 0.0342613636779343
3113686.38797362 9.040044 0.0327709699315359
3113997.13505623 9.041046 0.0350395346170083
3114307.88213884 9.042048 0.0375681082701925
3114618.62922144 9.04305 0.035281750719501
3114929.37630405 9.044052 0.0368464605117705
3115240.12338666 9.045054 0.0322525107943612
3115550.87046926 9.046056 0.0302483288268989
3115861.61755187 9.047058 0.035214277253902
3116172.36463448 9.04806 0.0331277316163099
3116483.11171708 9.049062 0.035025848162957
3116793.85879969 9.050064 0.0355655290506856
3117104.6058823 9.051066 0.0360284087247225
3117415.3529649 9.052068 0.0352187836838732
3117726.10004751 9.05307 0.0349993907670242
3118036.84713012 9.054072 0.0353936266812996
3118347.59421273 9.055074 0.0398564440973071
3118658.34129533 9.056076 0.0343274056689247
3118969.08837794 9.057078 0.0360087722363567
3119279.83546055 9.05808 0.0355173605474109
3119590.58254315 9.059082 0.0343899020373993
3119901.32962576 9.060084 0.0349933266111023
3120212.07670837 9.061086 0.0357856658963191
3120522.82379097 9.062088 0.0346666060626275
3120833.57087358 9.06309 0.0342919869340214
3121144.31795619 9.064092 0.0364513466102132
3121455.06503879 9.065094 0.0344975208030149
3121765.8121214 9.066096 0.0372202240713546
3122076.55920401 9.067098 0.0358253408258049
3122387.30628661 9.0681 0.037176164932858
3122698.05336922 9.069102 0.0342136318871663
3123008.80045183 9.070104 0.0372678582321625
3123319.54753443 9.071106 0.033039509903175
3123630.29461704 9.072108 0.0349031461405041
3123941.04169965 9.07311 0.036136673387066
3124251.78878225 9.074112 0.0355654456807286
3124562.53586486 9.075114 0.0372189937236805
3124873.28294747 9.076116 0.0368473581893133
3125184.03003007 9.077118 0.0314196059068386
3125494.77711268 9.07812 0.0347024972425878
3125805.52419529 9.079122 0.0362264680583011
3126116.2712779 9.080124 0.0347212069040614
3126427.0183605 9.081126 0.0354619342595669
3126737.76544311 9.082128 0.0334129903283005
3127048.51252571 9.08313 0.0374147103275128
3127359.25960832 9.084132 0.0353458699096542
3127670.00669093 9.085134 0.0328336927782494
3127980.75377354 9.086136 0.0343268252463143
3128291.50085614 9.087138 0.0388294090088408
3128602.24793875 9.08814 0.0363826010545548
3128912.99502136 9.089142 0.0351841124037839
3129223.74210396 9.090144 0.0371315297149424
3129534.48918657 9.091146 0.0343810498716533
3129845.23626918 9.092148 0.0397305866525011
3130155.98335178 9.09315 0.0343705367344859
3130466.73043439 9.094152 0.0347927337285909
3130777.477517 9.095154 0.0342745264214736
3131088.2245996 9.096156 0.0382422283953781
3131398.97168221 9.097158 0.0383902941382666
3131709.71876482 9.09816 0.0370889008350446
3132020.46584742 9.099162 0.035846476446481
3132331.21293003 9.100164 0.0360922425852498
3132641.96001264 9.101166 0.0374616797011767
3132952.70709524 9.102168 0.0367908834340268
3133263.45417785 9.10317 0.0342946037394651
3133574.20126046 9.104172 0.0339568018895142
3133884.94834307 9.105174 0.0346622124085501
3134195.69542567 9.106176 0.036871293407721
3134506.44250828 9.107178 0.0368586809639769
3134817.18959089 9.10818 0.0371150030778427
3135127.93667349 9.109182 0.0374549190841968
3135438.6837561 9.110184 0.0379935807041875
3135749.43083871 9.111186 0.0362362069774473
3136060.17792131 9.112188 0.0367381009395233
3136370.92500392 9.11319 0.0381251022245494
3136681.67208653 9.114192 0.0384615738743034
3136992.41916913 9.115194 0.033575029482765
3137303.16625174 9.116196 0.041399232207188
3137613.91333435 9.117198 0.0369041376825398
3137924.66041695 9.1182 0.0303716325312216
3138235.40749956 9.119202 0.0366540852799836
3138546.15458217 9.120204 0.0336811747145373
3138856.90166477 9.121206 0.0367994466477544
3139167.64874738 9.122208 0.0381891423343333
3139478.39582999 9.12321 0.0335658426317711
3139789.14291259 9.124212 0.0391294710719943
3140099.8899952 9.125214 0.0378897594539687
3140410.63707781 9.126216 0.0389346665609613
3140721.38416041 9.127218 0.0362895812398616
3141032.13124302 9.12822 0.0381982350631794
3141342.87832563 9.129222 0.0403636031953799
3141653.62540823 9.130224 0.0356505139023549
3141964.37249084 9.131226 0.0376084952202875
3142275.11957345 9.132228 0.0384214217414356
3142585.86665605 9.13323 0.0373053881335356
3142896.61373866 9.134232 0.0363109094332555
3143207.36082127 9.135234 0.0415107250429656
3143518.10790387 9.136236 0.0372649854910257
3143828.85498648 9.137238 0.0380791569112009
3144139.60206909 9.13824 0.0387966514125091
3144450.3491517 9.139242 0.0382709299545925
3144761.0962343 9.140244 0.0392967175065469
3145071.84331691 9.141246 0.038559309122903
3145382.59039952 9.142248 0.0365792600987526
3145693.33748212 9.14325 0.0370311320180438
3146004.08456473 9.144252 0.0389033922644464
3146314.83164734 9.145254 0.0370126477238575
3146625.57872994 9.146256 0.0341712822524661
3146936.32581255 9.147258 0.0377170444415135
3147247.07289516 9.14826 0.0375946301575768
3147557.81997776 9.149262 0.0362068447795792
3147868.56706037 9.150264 0.036772901805764
3148179.31414298 9.151266 0.0398878316281439
3148490.06122558 9.152268 0.0383697912683245
3148800.80830819 9.15327 0.0344671215642293
3149111.5553908 9.154272 0.0356027265310935
3149422.3024734 9.155274 0.0366880265243378
3149733.04955601 9.156276 0.0401241516427233
3150043.79663862 9.157278 0.0354085228617004
3150354.54372122 9.15828 0.0375669117543914
3150665.29080383 9.159282 0.0372391046303752
3150976.03788644 9.160284 0.0397314736015269
3151286.78496904 9.161286 0.040135442840168
3151597.53205165 9.162288 0.0350447380090705
3151908.27913426 9.16329 0.0391115825874504
3152219.02621686 9.164292 0.040641260794006
3152529.77329947 9.165294 0.0362582389904993
3152840.52038208 9.166296 0.0389359674294312
3153151.26746469 9.167298 0.0413747212168417
3153462.01454729 9.1683 0.0396035362189559
3153772.7616299 9.169302 0.0390988617657559
3154083.50871251 9.170304 0.0395922347073659
3154394.25579511 9.171306 0.0434182238799285
3154705.00287772 9.172308 0.0403803809633751
3155015.74996033 9.17331 0.0402979811081623
3155326.49704293 9.174312 0.0376173887797313
3155637.24412554 9.175314 0.039998844901894
3155947.99120815 9.176316 0.04169535717434
3156258.73829075 9.177318 0.0397817767588165
3156569.48537336 9.17832 0.0398840081855734
3156880.23245597 9.179322 0.0405704580998175
3157190.97953857 9.180324 0.03775289151034
3157501.72662118 9.181326 0.0362259223689046
3157812.47370379 9.182328 0.0356183647676429
3158123.22078639 9.18333 0.0375666534744629
3158433.967869 9.184332 0.035807710169554
3158744.71495161 9.185334 0.0387860809294547
3159055.46203421 9.186336 0.0405491126705056
3159366.20911682 9.187338 0.0385815296436799
3159676.95619943 9.18834 0.0348550562699972
3159987.70328203 9.189342 0.0370015182530108
3160298.45036464 9.190344 0.0388922259478677
3160609.19744725 9.191346 0.0414251677877855
3160919.94452985 9.192348 0.0390928604577429
3161230.69161246 9.19335 0.0383998752766725
3161541.43869507 9.194352 0.0389669371716685
3161852.18577768 9.195354 0.0425145353479319
3162162.93286028 9.196356 0.0398051372562154
3162473.67994289 9.197358 0.0389921212267246
3162784.4270255 9.19836 0.0387432858451677
3163095.1741081 9.199362 0.0406508078268954
3163405.92119071 9.200364 0.0413071155051812
3163716.66827332 9.201366 0.0408913174958756
3164027.41535592 9.202368 0.0404382019455653
3164338.16243853 9.20337 0.03835947606078
3164648.90952114 9.204372 0.0409652887094106
3164959.65660374 9.205374 0.0406500113744833
3165270.40368635 9.206376 0.0386249476729248
3165581.15076896 9.207378 0.039423710928936
3165891.89785156 9.20838 0.039887244015967
3166202.64493417 9.209382 0.0389711917317497
3166513.39201678 9.210384 0.0417140977373378
3166824.13909938 9.211386 0.0375597703172555
3167134.88618199 9.212388 0.0403252086112599
3167445.6332646 9.21339 0.0432724070326162
3167756.3803472 9.214392 0.0395195349375149
3168067.12742981 9.215394 0.0412538391629908
3168377.87451242 9.216396 0.0413278133877417
3168688.62159502 9.217398 0.0420110898018019
3168999.36867763 9.2184 0.0400570016627202
3169310.11576024 9.219402 0.0386366589543486
3169620.86284284 9.220404 0.0409080403941626
3169931.60992545 9.221406 0.0388488791993135
3170242.35700806 9.222408 0.0402544367675858
3170553.10409067 9.22341 0.0406170173255554
3170863.85117327 9.224412 0.0382836965362179
3171174.59825588 9.225414 0.0399671634510083
3171485.34533849 9.226416 0.0426162578427253
3171796.09242109 9.227418 0.0400329139878431
3172106.8395037 9.22842 0.0404650206296011
3172417.58658631 9.229422 0.0422483414858821
3172728.33366891 9.230424 0.0413064370783492
3173039.08075152 9.231426 0.0400552796719169
3173349.82783413 9.232428 0.0425080012016338
3173660.57491673 9.23343 0.0418599846431322
3173971.32199934 9.234432 0.0398205872558109
3174282.06908195 9.235434 0.0396017672494303
3174592.81616455 9.236436 0.0460807665258776
3174903.56324716 9.237438 0.0431379716842975
3175214.31032977 9.23844 0.0394322746553739
3175525.05741237 9.239442 0.0410730682170172
3175835.80449498 9.240444 0.0394438571143494
3176146.55157759 9.241446 0.0431041558357016
3176457.29866019 9.242448 0.040973129067675
3176768.0457428 9.24345 0.0406900324833146
3177078.79282541 9.244452 0.0424858073101124
3177389.53990801 9.245454 0.0425458253913847
3177700.28699062 9.246456 0.0434030058663522
3178011.03407323 9.247458 0.0416914027344311
3178321.78115583 9.24846 0.0407349279264581
3178632.52823844 9.249462 0.0369815147725064
3178943.27532105 9.250464 0.0394584395416959
3179254.02240365 9.251466 0.0443745882201476
3179564.76948626 9.252468 0.0445257023863929
3179875.51656887 9.25347 0.0418693166239792
3180186.26365148 9.254472 0.0450769505071549
3180497.01073408 9.255474 0.0410772107816722
3180807.75781669 9.256476 0.0431386319944482
3181118.5048993 9.257478 0.0448316776002174
3181429.2519819 9.25848 0.0396434249997785
3181739.99906451 9.259482 0.0415745191856352
3182050.74614712 9.260484 0.0432075877903345
3182361.49322972 9.261486 0.0417145286215911
3182672.24031233 9.262488 0.0394125701437037
3182982.98739494 9.26349 0.0441686308408683
3183293.73447754 9.264492 0.0388906769539519
3183604.48156015 9.265494 0.0407390555744341
3183915.22864276 9.266496 0.0435961803694808
3184225.97572536 9.267498 0.042705671820357
3184536.72280797 9.2685 0.043374565069785
3184847.46989058 9.269502 0.040277478618821
3185158.21697318 9.270504 0.0427089029873042
3185468.96405579 9.271506 0.0428952973948236
3185779.7111384 9.272508 0.0460324399823259
3186090.458221 9.27351 0.0422825538025563
3186401.20530361 9.274512 0.04071203655011
3186711.95238622 9.275514 0.0445577679859581
3187022.69946883 9.276516 0.046497741714865
3187333.44655143 9.277518 0.0446996936546007
3187644.19363404 9.27852 0.045742392904677
3187954.94071664 9.279522 0.0427525051142462
3188265.68779925 9.280524 0.044009182850653
3188576.43488186 9.281526 0.0469597880837148
3188887.18196447 9.282528 0.0437124113695759
3189197.92904707 9.28353 0.0433079291751792
3189508.67612968 9.284532 0.0454919782482506
3189819.42321229 9.285534 0.045560110306654
3190130.17029489 9.286536 0.0340752357980835
3190440.9173775 9.287538 0.033343637667419
3190751.66446011 9.28854 0.0266233176664338
3191062.41154271 9.289542 0.0274225391869856
3191373.15862532 9.290544 0.0261195049710697
3191683.90570793 9.291546 0.0217240488695621
3191994.65279053 9.292548 0.0187813224348638
3192305.39987314 9.29355 0.0177532934666995
3192616.14695575 9.294552 0.0223048488730404
3192926.89403835 9.295554 0.0172427257582535
3193237.64112096 9.296556 0.0194389245850608
3193548.38820357 9.297558 0.0176186796213495
3193859.13528617 9.29856 0.0142374666865855
3194169.88236878 9.299562 0.0162834213997381
3194480.62945139 9.300564 0.016149075906792
3194791.37653399 9.301566 0.0141775439835611
3195102.1236166 9.302568 0.0158389792339349
3195412.87069921 9.30357 0.0159766592993522
3195723.61778181 9.304572 0.0146906659583553
3196034.36486442 9.305574 0.0177170274294393
3196345.11194703 9.306576 0.0121005581624169
3196655.85902964 9.307578 0.0124539409378034
3196966.60611224 9.30858 0.013956211463934
3197277.35319485 9.309582 0.0123503949733776
3197588.10027746 9.310584 0.0138872550112991
3197898.84736006 9.311586 0.0139280749055464
3198209.59444267 9.312588 0.0123456856606224
3198520.34152528 9.31359 0.0108203778852772
3198831.08860788 9.314592 0.0159491413705915
3199141.83569049 9.315594 0.00883893091752039
3199452.5827731 9.316596 0.0110781608487534
3199763.3298557 9.317598 0.0107716575985598
3200074.07693831 9.3186 0.00936775686051469
3200384.82402092 9.319602 0.0127853111542042
3200695.57110352 9.320604 0.0117040329821593
3201006.31818613 9.321606 0.00980217839850933
3201317.06526874 9.322608 0.00856231855779635
3201627.81235134 9.32361 0.00959258128712949
3201938.55943395 9.324612 0.0143496208610816
3202249.30651656 9.325614 0.00820722071489838
3202560.05359916 9.326616 0.0117400321635568
3202870.80068177 9.327618 0.011266580854764
3203181.54776438 9.32862 0.0095054250604934
3203492.29484698 9.329622 0.00918935787215108
3203803.04192959 9.330624 0.00904017239572532
3204113.7890122 9.331626 0.009227928414789
3204424.5360948 9.332628 0.00876769094045227
3204735.28317741 9.33363 0.00698242367390507
3205046.03026002 9.334632 0.00874992731324499
3205356.77734262 9.335634 0.00861223705672694
3205667.52442523 9.336636 0.0067396160937624
3205978.27150784 9.337638 0.00633566792851044
3206289.01859044 9.33864 0.00737537861118395
3206599.76567305 9.339642 0.00933772894063049
3206910.51275566 9.340644 0.00734398439740821
3207221.25983827 9.341646 0.00897552167185114
3207532.00692087 9.342648 0.00875226814822426
3207842.75400348 9.34365 0.00465286643137069
3208153.50108609 9.344652 0.00798743430753877
3208464.24816869 9.345654 0.00719182259905719
3208774.9952513 9.346656 0.00830005110155806
3209085.74233391 9.347658 0.00664701824095086
3209396.48941651 9.34866 0.0065366654308229
3209707.23649912 9.349662 0.00944700148414269
3210017.98358173 9.350664 0.00294920903730125
3210328.73066433 9.351666 0.00812419690134559
3210639.47774694 9.352668 0.00724878092656586
3210950.22482955 9.35367 0.00929376120164927
3211260.97191215 9.354672 0.00666438810081438
3211571.71899476 9.355674 0.00602935269618903
3211882.46607737 9.356676 0.00575999643058939
3212193.21315997 9.357678 0.00543529583595888
3212503.96024258 9.35868 0.00371337932245881
3212814.70732519 9.359682 0.00514034267599043
3213125.45440779 9.360684 0.0064149955318739
3213436.2014904 9.361686 0.00626891538653989
3213746.94857301 9.362688 0.00508515516921266
3214057.69565561 9.36369 0.00536586737093395
3214368.44273822 9.364692 0.00484122175982163
3214679.18982083 9.365694 0.00694799659912677
3214989.93690343 9.366696 0.00193283111789378
3215300.68398604 9.367698 0.00724161990119231
3215611.43106865 9.3687 0.00389816614233351
3215922.17815126 9.369702 0.00638687471956654
3216232.92523386 9.370704 0.00601932721224999
3216543.67231647 9.371706 0.00523685534727482
3216854.41939908 9.372708 0.00513240405488428
3217165.16648168 9.37371 0.00668961349779522
3217475.91356429 9.374712 0.0044613975871594
3217786.6606469 9.375714 0.00688224784440872
3218097.4077295 9.376716 0.00510488616977564
3218408.15481211 9.377718 0.00626581906525742
3218718.90189472 9.37872 0.00311224909408374
3219029.64897732 9.379722 0.00151565336893862
3219340.39605993 9.380724 0.00609447476907501
3219651.14314254 9.381726 0.00262087430723607
3219961.89022514 9.382728 0.0037898088897252
3220272.63730775 9.38373 0.00135529693758407
3220583.38439036 9.384732 0.00268585606510762
3220894.13147296 9.385734 0.00349585415550551
3221204.87855557 9.386736 0.00307584107784968
3221515.62563818 9.387738 0.00619431842539893
3221826.37272078 9.38874 0.00377301174737082
3222137.11980339 9.389742 0.00342683428974944
3222447.866886 9.390744 0.00498937559632004
3222758.6139686 9.391746 0.00246581557857842
3223069.36105121 9.392748 0.0034261091256943
3223380.10813382 9.39375 0.00635026370348793
3223690.85521642 9.394752 0.00337155224997593
3224001.60229903 9.395754 0.00227364860325777
3224312.34938164 9.396756 0.00031233200883601
3224623.09646425 9.397758 0.0042714073553375
3224933.84354685 9.39876 0.00373715162735115
3225244.59062946 9.399762 0.00271237797522215
3225555.33771207 9.400764 0.000110765455937355
3225866.08479467 9.401766 0.00212017170081202
3226176.83187728 9.402768 0.00364642684826747
3226487.57895989 9.40377 0.000433732601237837
3226798.32604249 9.404772 0.00293277139242045
3227109.0731251 9.405774 0.00270979308421877
3227419.82020771 9.406776 0.00212967220063397
3227730.56729031 9.407778 0.00397451215296775
3228041.31437292 9.40878 0.00370836345555436
3228352.06145553 9.409782 0.00336832140722865
3228662.80853813 9.410784 0.00272487048040446
3228973.55562074 9.411786 0.00458819021927408
3229284.30270335 9.412788 0.00630920140304129
3229595.04978595 9.41379 0.00199007655991659
3229905.79686856 9.414792 0.00300809833137037
3230216.54395117 9.415794 0.00421421618974869
3230527.29103377 9.416796 0.00269403359682166
3230838.03811638 9.417798 0.00392869128518956
3231148.78519899 9.4188 0.00161292045813204
3231459.53228159 9.419802 0.00355360768715687
3231770.2793642 9.420804 0.00305619936309745
3232081.02644681 9.421806 0.00226191887833048
3232391.77352942 9.422808 -0.00158149919594427
3232702.52061202 9.42381 0.00193656858000641
3233013.26769463 9.424812 0.00269068938130125
3233324.01477724 9.425814 -0.000839239175625205
3233634.76185984 9.426816 0.0024180538689974
3233945.50894245 9.427818 0.000782191586110258
3234256.25602506 9.42882 0.00105874105450373
3234567.00310766 9.429822 -0.00145437019142527
3234877.75019027 9.430824 0.00303330301207347
3235188.49727288 9.431826 0.00174655634373053
3235499.24435548 9.432828 0.000646044784520631
3235809.99143809 9.43383 -1.48342544865439e-05
3236120.7385207 9.434832 0.000449981723778881
3236431.4856033 9.435834 0.00462252091474098
3236742.23268591 9.436836 0.00275234928824179
3237052.97976852 9.437838 0.00105258154793689
3237363.72685112 9.43884 0.00394368289163335
3237674.47393373 9.439842 0.00411397146696047
3237985.22101634 9.440844 -0.000827960540011723
3238295.96809894 9.441846 0.00487719150770903
3238606.71518155 9.442848 0.000103258263804758
3238917.46226416 9.44385 0.00295928096365087
3239228.20934676 9.444852 0.000542915981009687
3239538.95642937 9.445854 0.00254920784781469
3239849.70351198 9.446856 0.00144237431222333
3240160.45059458 9.447858 0.00265806972420666
3240471.19767719 9.44886 0.00431376126357838
3240781.9447598 9.449862 -0.000389142695941223
3241092.69184241 9.450864 0.00186726049602273
3241403.43892501 9.451866 -0.000503860816417382
3241714.18600762 9.452868 -7.00375446928406e-05
3242024.93309023 9.45387 0.00114574661378367
3242335.68017283 9.454872 0.000819309149434605
3242646.42725544 9.455874 0.000453131391766019
3242957.17433805 9.456876 0.00164175648512532
3243267.92142065 9.457878 0.000924118430452567
3243578.66850326 9.45888 0.000914501368773675
3243889.41558587 9.459882 -0.000363683189225444
3244200.16266847 9.460884 -0.000390926756548276
3244510.90975108 9.461886 0.0050411716623984
3244821.65683369 9.462888 0.00131246255279814
3245132.40391629 9.46389 0.00581790696124343
3245443.1509989 9.464892 -7.44903908979938e-05
3245753.89808151 9.465894 -0.000165727837694639
3246064.64516411 9.466896 9.16840130108968e-05
3246375.39224672 9.467898 0.000422350384589608
3246686.13932933 9.4689 0.0006124775202349
3246996.88641193 9.469902 0.000605514494562106
3247307.63349454 9.470904 0.00231009774527161
3247618.38057715 9.471906 -0.00123031404236796
3247929.12765975 9.472908 0.00283246769052735
3248239.87474236 9.47391 0.00139838899786503
3248550.62182497 9.474912 0.000402425520759535
3248861.36890757 9.475914 0.00196538181962468
3249172.11599018 9.476916 0.00439438169802438
3249482.86307279 9.477918 0.00102331919886788
3249793.6101554 9.47892 0.00311017076632178
3250104.357238 9.479922 0.00377585564989015
3250415.10432061 9.480924 0.00246236891187871
3250725.85140322 9.481926 0.00330112984625168
3251036.59848582 9.482928 0.00265806470774419
3251347.34556843 9.48393 0.000672386436171549
3251658.09265104 9.484932 0.00123123434537218
3251968.83973364 9.485934 0.00061464766021938
3252279.58681625 9.486936 -0.00126819054448881
3252590.33389886 9.487938 0.00308238047924994
3252901.08098146 9.48894 0.00162040394109997
3253211.82806407 9.489942 0.00129212358767039
3253522.57514668 9.490944 0.00150976575791282
3253833.32222928 9.491946 0.000413968753648214
3254144.06931189 9.492948 0.00243669754682953
3254454.8163945 9.49395 0.000998687344133542
3254765.5634771 9.494952 0.00115779335358014
3255076.31055971 9.495954 0.000798985328407022
3255387.05764232 9.496956 0.00209961949632938
3255697.80472492 9.497958 0.00144595743059096
3256008.55180753 9.49896 0.000375019931772496
3256319.29889014 9.499962 -3.65369087099801e-05
3256630.04597274 9.500964 0.000800130332727671
3256940.79305535 9.501966 0.00213113835914429
3257251.54013796 9.502968 0.00219484987104901
3257562.28722056 9.50397 0.00398684980704862
3257873.03430317 9.504972 0.00306645156747442
3258183.78138578 9.505974 0.00179328177442888
3258494.52846839 9.506976 0.0022532082191324
3258805.27555099 9.507978 0.00368555518741764
3259116.0226336 9.50898 0.0026808484423647
3259426.76971621 9.509982 0.000219992220490005
3259737.51679881 9.510984 0.00029300409705134
3260048.26388142 9.511986 0.00105713945288272
3260359.01096403 9.512988 0.000740528301823129
3260669.75804663 9.51399 0.0012959407971393
3260980.50512924 9.514992 0.00226271644008345
3261291.25221185 9.515994 -0.000362716620334782
3261601.99929445 9.516996 0.000364682203856955
3261912.74637706 9.517998 8.94823293525465e-05
3262223.49345967 9.519 0.00193627261666173
3262534.24054227 9.520002 -0.00162614398874705
3262844.98762488 9.521004 0.00161813292192978
3263155.73470749 9.522006 0.000664118974161574
3263466.48179009 9.523008 -9.23293380809386e-05
3263777.2288727 9.52401 0.00209467806775313
3264087.97595531 9.525012 0.00279561924125132
3264398.72303791 9.526014 0.000304935781410188
3264709.47012052 9.527016 0.00125638195720799
3265020.21720313 9.528018 -0.000103040940722141
3265330.96428573 9.52902 0.0025210077189081
3265641.71136834 9.530022 -0.000668122944482651
3265952.45845095 9.531024 -0.00190194163087522
3266263.20553355 9.532026 0.00407541198867653
3266573.95261616 9.533028 0.00119321784726514
3266884.69969877 9.53403 -0.000532805213717372
3267195.44678137 9.535032 0.00279581039784771
3267506.19386398 9.536034 0.00143511718032544
3267816.94094659 9.537036 0.00256569337661057
3268127.68802919 9.538038 0.00158572720172741
3268438.4351118 9.53904 0.00286903315463432
3268749.18219441 9.540042 -0.00209575897936172
3269059.92927701 9.541044 -0.00130369172576787
3269370.67635962 9.542046 0.00261809636753621
3269681.42344223 9.543048 -0.00128538170697821
3269992.17052484 9.54405 -0.000108393995083116
3270302.91760744 9.545052 -3.02331685704475e-05
3270613.66469005 9.546054 0.00136642173683963
3270924.41177266 9.547056 0.00120192166288146
3271235.15885526 9.548058 0.000875483124908875
3271545.90593787 9.54906 0.00431506921221097
3271856.65302048 9.550062 0.000986231221082648
3272167.40010308 9.551064 0.000401141596810878
3272478.14718569 9.552066 -0.00112669243450256
3272788.8942683 9.553068 0.00477475497701699
3273099.6413509 9.55407 0.00232385185731776
3273410.38843351 9.555072 -0.00107685785617041
3273721.13551612 9.556074 0.00159793728791041
3274031.88259872 9.557076 0.0010762826803307
3274342.62968133 9.558078 -6.94466427525426e-05
3274653.37676394 9.55908 0.00200697177170807
3274964.12384654 9.560082 0.00235451825497172
3275274.87092915 9.561084 -0.000741066058321667
3275585.61801176 9.562086 -0.000248411564420247
3275896.36509436 9.563088 0.00308010888857356
3276207.11217697 9.56409 -0.000496364667510837
3276517.85925958 9.565092 0.00178730723978401
3276828.60634219 9.566094 0.00173392984200601
3277139.35342479 9.567096 0.0011328730040603
3277450.1005074 9.568098 0.00196221351684237
3277760.84759001 9.5691 -0.00134061930216892
3278071.59467261 9.570102 -0.00070806306517236
3278382.34175522 9.571104 0.000224317735173796
3278693.08883783 9.572106 0.000675524568031668
3279003.83592043 9.573108 0.000339975129802243
3279314.58300304 9.57411 0.00210932577381342
3279625.33008565 9.575112 0.000757491119794306
3279936.07716825 9.576114 -0.00204361438565723
3280246.82425086 9.577116 0.000199589090071512
3280557.57133347 9.578118 0.00266695006975324
3280868.31841607 9.57912 -0.00112275166092661
3281179.06549868 9.580122 3.54618662077893e-05
3281489.81258129 9.581124 -0.000752318241721702
3281800.55966389 9.582126 0.00162370526445937
3282111.3067465 9.583128 0.000786367875060794
3282422.05382911 9.58413 0.0036672731360991
3282732.80091171 9.585132 -0.000553663376463824
3283043.54799432 9.586134 0.000399463582039894
3283354.29507693 9.587136 -0.00225765966659055
3283665.04215953 9.588138 0.00155744739095215
3283975.78924214 9.58914 -0.000325200759761212
3284286.53632475 9.590142 0.00254438778706511
3284597.28340735 9.591144 -0.000113752289669363
3284908.03048996 9.592146 0.00125738393788064
3285218.77757257 9.593148 -0.000323810307269446
3285529.52465517 9.59415 0.00150505727746688
3285840.27173778 9.595152 0.00281598600355846
3286151.01882039 9.596154 0.000547294560513182
3286461.765903 9.597156 0.00149733294857955
3286772.5129856 9.598158 0.00227822345135349
3287083.26006821 9.59916 0.00102077021160482
3287394.00715082 9.600162 -0.00172117685208562
3287704.75423342 9.601164 0.00204176531530933
3288015.50131603 9.602166 0.00231607035805841
3288326.24839864 9.603168 -0.00144202349313051
3288636.99548124 9.60417 0.00161747287383659
3288947.74256385 9.605172 -0.000341547026319011
3289258.48964646 9.606174 0.000188468495791724
3289569.23672906 9.607176 0.00207714080325961
3289879.98381167 9.608178 0.00173493035570836
3290190.73089428 9.60918 -0.00214167412973056
3290501.47797688 9.610182 0.000231357317489567
3290812.22505949 9.611184 0.00012744600398104
3291122.9721421 9.612186 0.000236431023828387
3291433.7192247 9.613188 -0.000813962419294248
3291744.46630731 9.61419 0.00192633442217744
3292055.21338992 9.615192 0.00123638649582094
3292365.96047252 9.616194 0.00105581354785007
3292676.70755513 9.617196 -0.000766642013425279
3292987.45463774 9.618198 -0.00346137885648113
3293298.20172034 9.6192 0.00174705775350447
3293608.94880295 9.620202 0.000245138034599152
3293919.69588556 9.621204 0.00283629118183484
3294230.44296816 9.622206 0.00188163024931282
3294541.19005077 9.623208 0.00281155480749758
3294851.93713338 9.62421 0.00045974202911936
3295162.68421599 9.625212 0.00299785901751469
3295473.43129859 9.626214 0.000933567718090556
3295784.1783812 9.627216 0.00333271994992935
3296094.92546381 9.628218 0.00165071720922468
3296405.67254641 9.62922 0.00218268759626462
3296716.41962902 9.630222 0.000771883388577273
3297027.16671163 9.631224 0.00206020033906274
3297337.91379423 9.632226 0.00242391253256015
3297648.66087684 9.633228 0.00198876880339519
3297959.40795945 9.63423 -0.000853310718209899
3298270.15504205 9.635232 0.000851151658307638
3298580.90212466 9.636234 -0.00171684147103004
3298891.64920727 9.637236 0.000749057314058003
3299202.39628987 9.638238 0.000378903613598717
3299513.14337248 9.63924 0.00269257890694371
3299823.89045509 9.640242 -0.000846339270524887
3300134.63753769 9.641244 0.00102700893225017
3300445.3846203 9.642246 0.000571449709967123
3300756.13170291 9.643248 -0.00283924646048611
3301066.87878551 9.64425 0.00112835693964827
3301377.62586812 9.645252 0.000382634864197311
3301688.37295073 9.646254 -0.00043988274549514
3301999.12003333 9.647256 0.000351246940618284
3302309.86711594 9.648258 0.00303530646920443
3302620.61419855 9.64926 -0.00138562799735348
3302931.36128115 9.650262 0.000636388591755837
3303242.10836376 9.651264 0.00238390816644745
3303552.85544637 9.652266 -0.000420579762796942
3303863.60252898 9.653268 0.000514760494615967
3304174.34961158 9.65427 0.00061327212562682
3304485.09669419 9.655272 0.000315134909464464
3304795.8437768 9.656274 -0.00115927523673319
3305106.5908594 9.657276 -0.000854993219732223
3305417.33794201 9.658278 0.00155545766842111
3305728.08502462 9.65928 0.00185383895694796
3306038.83210722 9.660282 -0.00049635293600846
3306349.57918983 9.661284 0.00160829534757594
3306660.32627244 9.662286 -0.000189885865975961
3306971.07335504 9.663288 -0.00253272141257157
3307281.82043765 9.66429 0.000472979442390517
3307592.56752026 9.665292 0.00132905718568091
3307903.31460286 9.666294 0.00102522029137982
3308214.06168547 9.667296 0.00163880798308737
3308524.80876808 9.668298 0.00249581542524789
3308835.55585068 9.6693 0.00149171237517361
3309146.30293329 9.670302 -0.000453047595087608
3309457.0500159 9.671304 0.0009087627236247
3309767.7970985 9.672306 0.00270133358200571
3310078.54418111 9.673308 -0.00144145455114332
3310389.29126372 9.67431 0.000833908938626817
3310700.03834632 9.675312 -0.000440869777664493
3311010.78542893 9.676314 -0.00129346577394314
3311321.53251154 9.677316 0.00153079030139218
3311632.27959414 9.678318 0.00194856115132146
3311943.02667675 9.67932 -0.000468683839461629
3312253.77375936 9.680322 0.000791376691619295
3312564.52084196 9.681324 0.000939711450314106
3312875.26792457 9.682326 0.000617260324467547
3313186.01500718 9.683328 4.24743704544989e-05
3313496.76208979 9.68433 0.00071370133345976
3313807.50917239 9.685332 0.000711256202154766
3314118.256255 9.686334 0.00212435445672075
3314429.00333761 9.687336 -0.00158506013201768
3314739.75042021 9.688338 0.0028717031336698
3315050.49750282 9.68934 -0.00136135714631008
3315361.24458543 9.690342 0.000225254046851586
3315671.99166803 9.691344 0.000695032836708534
3315982.73875064 9.692346 -0.000192017314889504
3316293.48583325 9.693348 -0.00149416027945524
3316604.23291585 9.69435 -0.00100464876680538
3316914.97999846 9.695352 -0.00182863025759787
3317225.72708107 9.696354 0.0021351137002343
3317536.47416367 9.697356 0.00173350423988413
3317847.22124628 9.698358 -0.00023543606953757
3318157.96832889 9.69936 -0.00271702928513634
3318468.71541149 9.700362 -0.00296421911572002
3318779.4624941 9.701364 0.000993217324203528
3319090.20957671 9.702366 0.000211646164352175
3319400.95665931 9.703368 0.00272091089762924
3319711.70374192 9.70437 0.00136231600805853
3320022.45082453 9.705372 0.00276256455784492
3320333.19790713 9.706374 -0.000825552648125111
3320643.94498974 9.707376 -0.00222774218792859
3320954.69207235 9.708378 0.000656532192376922
3321265.43915496 9.70938 0.00228486569454459
3321576.18623756 9.710382 0.00137938876633156
3321886.93332017 9.711384 0.00167261040160833
3322197.68040278 9.712386 0.00121366996400166
3322508.42748538 9.713388 0.00344139023910595
3322819.17456799 9.71439 -0.000637240780450806
3323129.9216506 9.715392 0.00049173329616275
3323440.6687332 9.716394 -0.000627688248768545
3323751.41581581 9.717396 0.00276297695447116
3324062.16289842 9.718398 0.00257135568708663
3324372.90998102 9.7194 -0.000838510619982743
3324683.65706363 9.720402 -0.000867438360180388
3324994.40414624 9.721404 0.000334430690870498
3325305.15122884 9.722406 0.00170644143811162
3325615.89831145 9.723408 0.000988095756530023
3325926.64539406 9.72441 0.000908837844716849
3326237.39247666 9.725412 0.000425644091006636
3326548.13955927 9.726414 -0.00144156458674517
3326858.88664188 9.727416 0.000291708729536865
3327169.63372448 9.728418 0.00156462008169571
3327480.38080709 9.72942 4.28834254318608e-06
3327791.1278897 9.730422 -0.00176230788178767
3328101.8749723 9.731424 -0.00273206209319186
3328412.62205491 9.732426 0.000559499298578397
3328723.36913752 9.733428 0.00109361822543853
3329034.11622012 9.73443 0.00231362870524115
3329344.86330273 9.735432 0.0025161971662159
3329655.61038534 9.736434 -0.000970614377928057
3329966.35746794 9.737436 -0.00143030507042039
3330277.10455055 9.738438 -0.000345003883648004
3330587.85163316 9.73944 0.000508395874468458
3330898.59871576 9.740442 0.00285983731681572
3331209.34579837 9.741444 -0.000180264258315787
3331520.09288098 9.742446 -9.25723597152256e-05
3331830.83996359 9.743448 -0.00100824648729907
3332141.58704619 9.74445 -0.00167760019636271
3332452.3341288 9.745452 -0.00212931325505754
3332763.08121141 9.746454 0.00101406346117171
3333073.82829401 9.747456 0.00281889029189196
3333384.57537662 9.748458 -0.000394155269898392
3333695.32245923 9.74946 0.00227109769172369
3334006.06954183 9.750462 -0.00065527741053907
3334316.81662444 9.751464 0.00134124903327843
3334627.56370705 9.752466 -0.000575681558482684
3334938.31078965 9.753468 0.00133307317006445
3335249.05787226 9.75447 -0.000701181784974181
3335559.80495487 9.755472 -0.000773886489879942
3335870.55203747 9.756474 -0.00196607806193276
3336181.29912008 9.757476 0.000993577267576753
3336492.04620269 9.758478 -0.00134586421799797
3336802.79328529 9.75948 0.000772914750949908
3337113.5403679 9.760482 0.00021226719156414
3337424.28745051 9.761484 -0.0010731403266001
3337735.03453312 9.762486 -0.000699557252959245
3338045.78161572 9.763488 0.00136360749605129
3338356.52869833 9.76449 0.000584126923023092
3338667.27578093 9.765492 -0.000974033371262971
3338978.02286354 9.766494 0.0036805541482015
3339288.76994615 9.767496 0.00126036726435989
3339599.51702876 9.768498 0.000790349741595881
3339910.26411136 9.7695 0.00127735123888387
3340221.01119397 9.770502 0.000721521572891912
3340531.75827658 9.771504 0.000473697653178138
3340842.50535918 9.772506 0.00259779320128271
3341153.25244179 9.773508 0.000188977832329896
3341463.9995244 9.77451 0.000768711131638576
3341774.746607 9.775512 -0.000544951454941162
3342085.49368961 9.776514 -0.000838058447574854
3342396.24077222 9.777516 0.000140942936966992
3342706.98785482 9.778518 -0.000679069697856087
3343017.73493743 9.77952 -0.0015113776570798
3343328.48202004 9.780522 -0.00164253622333963
3343639.22910264 9.781524 0.00197876499572889
3343949.97618525 9.782526 -0.00295613267219211
3344260.72326786 9.783528 -0.0016900970060931
3344571.47035046 9.78453 -0.000433855783753142
3344882.21743307 9.785532 -0.00325460549867408
3345192.96451568 9.786534 -0.000707499379481434
3345503.71159828 9.787536 0.000695701433831239
3345814.45868089 9.788538 -0.000723251175077712
3346125.2057635 9.78954 -0.00164555120269026
3346435.9528461 9.790542 0.00292694172825943
3346746.69992871 9.791544 0.00142084860289166
3347057.44701132 9.792546 0.0017984883985279
3347368.19409392 9.793548 0.00112319121798251
3347678.94117653 9.79455 -0.000300498954981801
3347989.68825914 9.795552 0.000401202876091022
3348300.43534174 9.796554 0.000874738337602666
3348611.18242435 9.797556 -0.001182238526632
3348921.92950696 9.798558 -0.001808041169188
3349232.67658956 9.79956 0.000657185522858314
3349543.42367217 9.800562 -0.00193063326761012
3349854.17075478 9.801564 -0.000363581261672573
3350164.91783739 9.802566 -0.00186676708465994
3350475.66491999 9.803568 0.00106524502523203
3350786.4120026 9.80457 -0.00315114759350551
3351097.15908521 9.805572 0.0017367576295651
3351407.90616781 9.806574 -0.0026433416153053
3351718.65325042 9.807576 -0.000502749361542743
3352029.40033303 9.808578 0.00225758092004521
3352340.14741563 9.80958 0.000937117150022607
3352650.89449824 9.810582 0.000925495711328043
3352961.64158085 9.811584 0.000334898872333283
3353272.38866345 9.812586 -0.000371634272884703
3353583.13574606 9.813588 9.03511661982011e-05
3353893.88282867 9.81459 -0.00220767672346677
3354204.62991127 9.815592 -0.00151423403809972
3354515.37699388 9.816594 -0.000891783579987629
3354826.12407649 9.817596 -0.00193697193333021
3355136.87115909 9.818598 -0.00144309391979224
3355447.6182417 9.8196 0.00130098801136068
3355758.36532431 9.820602 0.00131585795147467
3356069.11240691 9.821604 -0.00121001364509691
3356379.85948952 9.822606 0.00281032923544206
3356690.60657213 9.823608 0.00185615068794495
3357001.35365473 9.82461 -0.000294412688255479
3357312.10073734 9.825612 -0.00123390680290178
3357622.84781995 9.826614 0.000183355842945188
3357933.59490255 9.827616 -0.000263837887307377
3358244.34198516 9.828618 0.000293091640334518
3358555.08906777 9.82962 0.000996726152404151
3358865.83615038 9.830622 -0.00269573783454391
3359176.58323298 9.831624 0.000528174709697811
3359487.33031559 9.832626 -0.00182813757531424
3359798.0773982 9.833628 4.33469105987957e-05
3360108.8244808 9.83463 -0.000432776104201213
3360419.57156341 9.835632 0.0018527427602904
3360730.31864602 9.836634 -0.00279605024065316
3361041.06572862 9.837636 0.000532389027581706
3361351.81281123 9.838638 0.000467294038039621
3361662.55989384 9.83964 0.000583113072185705
3361973.30697644 9.840642 -0.000466686979706368
3362284.05405905 9.841644 -0.000390532510350993
3362594.80114166 9.842646 -0.00151204006759287
3362905.54822426 9.843648 0.00106892100787406
3363216.29530687 9.84465 -0.00199110223601575
3363527.04238948 9.845652 0.000965054527621894
3363837.78947208 9.846654 -0.000320986354991153
3364148.53655469 9.847656 0.00176512870924508
3364459.2836373 9.848658 0.00034701694970595
3364770.0307199 9.84966 5.38193385121793e-05
3365080.77780251 9.850662 0.00177718636598058
3365391.52488512 9.851664 0.000686619560086949
3365702.27196772 9.852666 0.000380127372938979
3366013.01905033 9.853668 0.000885005941428135
3366323.76613294 9.85467 -0.000274292743602301
3366634.51321555 9.855672 0.000151640772969812
3366945.26029815 9.856674 0.000324769904163005
3367256.00738076 9.857676 4.20152420599593e-05
3367566.75446337 9.858678 -0.00125494873522984
3367877.50154597 9.85968 0.00218171545302583
3368188.24862858 9.860682 0.000293236088533101
3368498.99571119 9.861684 6.2007928388365e-05
3368809.74279379 9.862686 0.0006702532327768
3369120.4898764 9.863688 -0.000801041271679628
3369431.23695901 9.86469 -0.000791443761845704
3369741.98404161 9.865692 0.00122521854506028
3370052.73112422 9.866694 0.00128821249477089
3370363.47820683 9.867696 -0.0010095616159565
3370674.22528943 9.868698 -0.00124182094483066
3370984.97237204 9.8697 -0.000771744271243065
3371295.71945465 9.870702 -0.00189062535939738
3371606.46653725 9.871704 0.00214385557723919
3371917.21361986 9.872706 0.00203774109942704
3372227.96070247 9.873708 0.00169969449117113
3372538.70778507 9.87471 3.06945249253928e-05
3372849.45486768 9.875712 0.000642759067524228
3373160.20195029 9.876714 0.00400065850165335
3373470.94903289 9.877716 0.000160581061025938
3373781.6961155 9.878718 -0.000407308579628056
3374092.44319811 9.87972 0.000239852763456102
3374403.19028072 9.880722 0.00152228856873046
3374713.93736332 9.881724 -0.00128721589660281
3375024.68444593 9.882726 -0.00114177688253252
3375335.43152854 9.883728 0.00204751402864014
3375646.17861114 9.88473 -0.000921370336961357
3375956.92569375 9.885732 0.00110114643489433
3376267.67277636 9.886734 0.00205622260798354
3376578.41985896 9.887736 -0.00101049486434234
3376889.16694157 9.888738 0.0017487630107119
3377199.91402418 9.88974 -0.000459925668584795
3377510.66110678 9.890742 0.00142419584884807
3377821.40818939 9.891744 0.0029243734617813
3378132.155272 9.892746 0.0012167795460906
3378442.9023546 9.893748 -0.000579659862307377
3378753.64943721 9.89475 0.00199371350706502
3379064.39651982 9.895752 -0.00167723619520253
3379375.14360242 9.896754 0.00206082656722613
3379685.89068503 9.897756 -0.00140072263472499
3379996.63776764 9.898758 0.00213437991514696
3380307.38485024 9.89976 0.00108668622645614
3380618.13193285 9.900762 0.000227729848596092
3380928.87901546 9.901764 0.000279657498742508
3381239.62609806 9.902766 0.000879760112839794
3381550.37318067 9.903768 0.00137729315505917
3381861.12026328 9.90477 -0.00249393547935752
3382171.86734588 9.905772 -0.000303405819136723
3382482.61442849 9.906774 0.00127213503369168
3382793.3615111 9.907776 -0.000698804678873031
3383104.10859371 9.908778 -0.000324185828467301
3383414.85567631 9.90978 0.000819633737988728
3383725.60275892 9.910782 0.00123612551133912
3384036.34984153 9.911784 -0.000135441108118873
3384347.09692413 9.912786 0.00242566173641053
3384657.84400674 9.913788 -1.98604928912128e-05
3384968.59108935 9.91479 0.000545851093459919
3385279.33817195 9.915792 0.0005465715790466
3385590.08525456 9.916794 0.000214504821036234
3385900.83233717 9.917796 0.00207607163193772
3386211.57941977 9.918798 0.000888773675675231
3386522.32650238 9.9198 -0.0011531080963057
3386833.07358499 9.920802 -0.00298834093125848
3387143.82066759 9.921804 0.00192240208842443
3387454.5677502 9.922806 0.00091490561531238
3387765.31483281 9.923808 -0.000361669591491723
3388076.06191541 9.92481 0.000417229247256019
3388386.80899802 9.925812 0.000728183665635793
3388697.55608063 9.926814 0.000261831494214921
3389008.30316323 9.927816 -4.5714704544363e-05
3389319.05024584 9.928818 0.000236717303743873
3389629.79732845 9.92982 0.00106767019727567
3389940.54441105 9.930822 0.000592271462558366
3390251.29149366 9.931824 0.0027456151772667
3390562.03857627 9.932826 -0.00239490995822204
3390872.78565887 9.933828 -0.000538299036492304
3391183.53274148 9.93483 0.00299892929374942
3391494.27982409 9.935832 0.000599987182630059
3391805.02690669 9.936834 0.00174772140140031
3392115.7739893 9.937836 -5.6839006625462e-06
3392426.52107191 9.938838 0.00167593467925013
3392737.26815451 9.93984 -0.000691869243652106
3393048.01523712 9.940842 -0.00334863583768094
3393358.76231973 9.941844 0.0019233450777141
3393669.50940234 9.942846 -0.000325350900047663
3393980.25648494 9.943848 -0.00218549754942754
3394291.00356755 9.94485 -0.000957207171742155
3394601.75065015 9.945852 -0.00229043679675251
3394912.49773276 9.946854 0.00272649869866246
3395223.24481537 9.947856 0.000277831118659838
3395533.99189798 9.948858 -0.000325399067517287
3395844.73898058 9.94986 -0.00161117932059114
3396155.48606319 9.950862 0.000610276337794801
3396466.2331458 9.951864 -0.000553276345605932
3396776.9802284 9.952866 0.00165682683878992
3397087.72731101 9.953868 -0.000842519240087303
3397398.47439362 9.95487 0.00053458994495825
3397709.22147622 9.955872 -0.00125482318450503
3398019.96855883 9.956874 -0.000884447743036941
3398330.71564144 9.957876 0.000211426160132906
3398641.46272404 9.958878 0.00120628316142797
3398952.20980665 9.95988 -0.000346606570450583
3399262.95688926 9.960882 0.00329053121479678
3399573.70397186 9.961884 -0.00048047039401824
3399884.45105447 9.962886 0.00337114753169268
3400195.19813708 9.963888 0.0023446411843387
3400505.94521968 9.96489 -0.00147340878408526
3400816.69230229 9.965892 0.00121976242359714
3401127.4393849 9.966894 0.00104638096287336
3401438.18646751 9.967896 0.000162039823279286
3401748.93355011 9.968898 -0.00127776074618546
3402059.68063272 9.9699 0.00165158952490529
3402370.42771533 9.970902 -0.00141825441923927
3402681.17479793 9.971904 0.00165060748588505
3402991.92188054 9.972906 0.00192283988978326
3403302.66896315 9.973908 -0.00278203567434618
3403613.41604575 9.97491 0.000783536429685233
3403924.16312836 9.975912 -0.000451188379901428
3404234.91021097 9.976914 0.00134201598525926
3404545.65729357 9.977916 -0.000925607274218442
3404856.40437618 9.978918 -0.00263177211340205
3405167.15145879 9.97992 0.00251766933232656
3405477.89854139 9.980922 0.00106486933142607
3405788.645624 9.981924 0.00180782223026088
3406099.39270661 9.982926 -0.00203945817989971
3406410.13978921 9.983928 -0.000740511327682911
3406720.88687182 9.98493 0.00145864038089942
3407031.63395443 9.985932 0.00193044208938483
3407342.38103703 9.986934 -0.000758011168693193
3407653.12811964 9.987936 0.0012641020833862
3407963.87520225 9.988938 0.000475311042942616
3408274.62228485 9.98994 -0.000272533301496923
3408585.36936746 9.990942 9.87889132583668e-05
3408896.11645007 9.991944 -0.000700317810989131
3409206.86353267 9.992946 0.00105333661729801
3409517.61061528 9.993948 0.000523409454793379
3409828.35769789 9.99495 -0.00236151418911045
3410139.10478049 9.995952 -0.00173021492287312
3410449.8518631 9.996954 -0.00109594766226795
3410760.59894571 9.997956 -0.000943247638568886
3411071.34602831 9.998958 0.000929033991367693
3411382.09311092 9.99996 -0.00148163913660875
3411692.84019353 10.000962 -0.000643997754702579
3412003.58727614 10.001964 0.000429371432500014
3412314.33435874 10.002966 -0.00171930992066675
3412625.08144135 10.003968 0.00117554526656834
3412935.82852396 10.00497 -0.000763600342606909
3413246.57560656 10.005972 -0.000779118332567327
3413557.32268917 10.006974 0.000163574892235385
3413868.06977178 10.007976 -0.000109070105452821
3414178.81685438 10.008978 0.000816251811785292
3414489.56393699 10.00998 -0.00153847169837336
3414800.3110196 10.010982 0.00172987166120072
3415111.0581022 10.011984 -0.000172360622596881
3415421.80518481 10.012986 0.000779223092556095
3415732.55226742 10.013988 0.00218769071760941
3416043.29935002 10.01499 0.000610285620930942
3416354.04643263 10.015992 -0.00271530910117103
3416664.79351524 10.016994 -0.000605018528554292
3416975.54059784 10.017996 -0.00143948567364055
3417286.28768045 10.018998 -0.00208412446097534
3417597.03476306 10.02 -0.0011870206002654
3417907.78184566 10.021002 0.00320180589364357
3418218.52892827 10.022004 0.000600289884840912
3418529.27601088 10.023006 -0.000405058084384615
3418840.02309348 10.024008 0.000150153978511008
3419150.77017609 10.02501 0.000424887318929466
3419461.5172587 10.026012 -0.000536106794294124
3419772.26434131 10.027014 0.000500630510355537
3420083.01142391 10.028016 -0.000583981008960094
3420393.75850652 10.029018 -0.00133073335241964
3420704.50558913 10.03002 0.000240233745721484
3421015.25267173 10.031022 0.00152428662939347
3421325.99975434 10.032024 0.00554331072262869
3421636.74683695 10.033026 -0.000678564995472902
3421947.49391955 10.034028 -0.000160158412644858
3422258.24100216 10.03503 0.000450431006901373
3422568.98808477 10.036032 0.000140417852967503
3422879.73516737 10.037034 -0.00264692235162187
3423190.48224998 10.038036 -0.000218928533537413
3423501.22933259 10.039038 0.000791863235401912
3423811.97641519 10.04004 6.18517590764551e-05
3424122.7234978 10.041042 0.0019012485938683
3424433.47058041 10.042044 0.000615336654802587
3424744.21766301 10.043046 -0.000473257116567098
3425054.96474562 10.044048 -0.00116691777322086
3425365.71182823 10.04505 -0.0016969355054767
3425676.45891083 10.046052 0.000933758917931044
3425987.20599344 10.047054 0.00122110384548926
3426297.95307605 10.048056 -0.000156931366838932
3426608.70015865 10.049058 -0.00101319170542576
3426919.44724126 10.05006 0.00282794860199605
3427230.19432387 10.051062 0.000255792685884784
3427540.94140647 10.052064 0.00333237135970447
3427851.68848908 10.053066 0.000887088023047147
3428162.43557169 10.054068 -0.0025415490378068
3428473.1826543 10.05507 0.000873267725408728
3428783.9297369 10.056072 -8.6313273718706e-05
3429094.67681951 10.057074 0.00109939117263531
3429405.42390212 10.058076 0.000562406775808356
3429716.17098472 10.059078 0.000533603472827709
3430026.91806733 10.06008 -0.00258197973266056
3430337.66514994 10.061082 0.000878569626252533
3430648.41223254 10.062084 0.00108990532350834
3430959.15931515 10.063086 0.00110600269014844
3431269.90639776 10.064088 -6.10360788357752e-05
3431580.65348036 10.06509 0.00167586554706014
3431891.40056297 10.066092 -0.00209206186730397
3432202.14764558 10.067094 0.0012689489478655
3432512.89472818 10.068096 -0.00139518808560198
3432823.64181079 10.069098 0.000706748800694413
3433134.3888934 10.0701 -0.00291508169457698
3433445.135976 10.071102 0.00219724311350739
3433755.88305861 10.072104 0.00286163307760122
3434066.63014122 10.073106 -0.000957633288085347
3434377.37722382 10.074108 -0.00124875219366315
3434688.12430643 10.07511 0.000484146193955447
3434998.87138904 10.076112 0.000615992075589258
3435309.61847164 10.077114 0.000635444604797816
3435620.36555425 10.078116 -0.000165462960452018
3435931.11263686 10.079118 -0.00118540786329141
3436241.85971946 10.08012 0.000623065863289974
3436552.60680207 10.081122 -0.00377814775464837
3436863.35388468 10.082124 0.00141778989885579
3437174.10096729 10.083126 0.000207055834202779
3437484.84804989 10.084128 -0.00282461696443823
3437795.5951325 10.08513 -0.000216814123252242
3438106.34221511 10.086132 -0.000504938120726492
3438417.08929771 10.087134 -0.00111793808247827
3438727.83638032 10.088136 -0.0037119236593884
3439038.58346293 10.089138 -0.0023186031239815
3439349.33054553 10.09014 0.000219280609272544
3439660.07762814 10.091142 -0.00225530161630653
3439970.82471075 10.092144 -0.00229472348613478
3440281.57179335 10.093146 -0.000487667120784784
3440592.31887596 10.094148 -0.000160302757854393
3440903.06595857 10.09515 0.00017009906147102
3441213.81304117 10.096152 0.00289920981911614
3441524.56012378 10.097154 0.00121300711097022
3441835.30720639 10.098156 -0.00047008712211473
3442146.05428899 10.099158 0.0010866788773163
3442456.8013716 10.10016 -0.00211852241769431
3442767.54845421 10.101162 -0.00164858905958009
3443078.29553681 10.102164 -0.000310680625341877
3443389.04261942 10.103166 0.000921167522752926
3443699.78970203 10.104168 -0.00341518134476412
3444010.53678463 10.10517 0.000113931380186449
3444321.28386724 10.106172 0.000322871167922925
3444632.03094985 10.107174 0.000129569856660904
3444942.77803245 10.108176 -0.00104732261861085
3445253.52511506 10.109178 0.00362379428589705
3445564.27219767 10.11018 -0.000234655686057552
3445875.01928027 10.111182 0.000166926651320908
3446185.76636288 10.112184 -0.000337617504947247
3446496.51344549 10.113186 -0.0021376320552298
3446807.2605281 10.114188 0.00069332498312019
3447118.0076107 10.11519 -0.000682741857287695
3447428.75469331 10.116192 -0.0024506580063019
3447739.50177592 10.117194 0.00217100834592549
3448050.24885852 10.118196 0.00233385369131571
3448360.99594113 10.119198 -0.00049227709126608
3448671.74302374 10.1202 -0.000619852293958757
3448982.49010634 10.121202 -0.00194382386787236
3449293.23718895 10.122204 -0.00184269294059247
3449603.98427156 10.123206 0.00093904123204036
3449914.73135416 10.124208 0.00039334282106969
3450225.47843677 10.12521 -0.00151579172462447
3450536.22551938 10.126212 -0.000201300561314831
3450846.97260198 10.127214 0.000104244411898067
3451157.71968459 10.128216 -0.00291652279168414
3451468.4667672 10.129218 -0.000452950457879677
3451779.2138498 10.13022 -0.000366831179255796
3452089.96093241 10.131222 0.000563427029011
3452400.70801502 10.132224 0.00119625788265424
3452711.45509762 10.133226 0.000231884357218312
3453022.20218023 10.134228 -0.000723140358696089
3453332.94926284 10.13523 4.73598225262918e-05
3453643.69634544 10.136232 -0.000354733712353664
3453954.44342805 10.137234 -0.000532985815834974
3454265.19051066 10.138236 0.000743993806306701
3454575.93759326 10.139238 -0.00101144995086042
3454886.68467587 10.14024 -0.00104852467298413
3455197.43175848 10.141242 -0.00114748905930362
3455508.17884109 10.142244 0.000770335333055153
3455818.92592369 10.143246 0.00114824871420957
3456129.6730063 10.144248 0.000303814930782549
3456440.42008891 10.14525 -0.000352821295520231
3456751.16717151 10.146252 0.000576563511661824
3457061.91425412 10.147254 0.000702445224865523
3457372.66133673 10.148256 -0.000456804485658461
3457683.40841933 10.149258 -0.0011678506714792
3457994.15550194 10.15026 0.00130961486798132
3458304.90258455 10.151262 0.000353788105214244
3458615.64966715 10.152264 0.00115669164171243
3458926.39674976 10.153266 0.00144162810230951
3459237.14383237 10.154268 -0.00073177925087104
3459547.89091497 10.15527 0.000869932972444524
3459858.63799758 10.156272 -0.000108891436456111
3460169.38508019 10.157274 0.000815628050863875
3460480.13216279 10.158276 8.60793791620506e-06
3460790.8792454 10.159278 0.00183546071672199
3461101.62632801 10.16028 -0.000408241347846475
3461412.37341061 10.161282 0.000632163204511988
3461723.12049322 10.162284 0.00222364879459463
3462033.86757583 10.163286 0.000914499601563429
3462344.61465843 10.164288 -0.00122560612602394
3462655.36174104 10.16529 0.00302387186289933
3462966.10882365 10.166292 0.00105008127287448
3463276.85590626 10.167294 0.000521107691545221
3463587.60298886 10.168296 -0.00107554275801879
3463898.35007147 10.169298 0.000222946207835357
3464209.09715408 10.1703 -0.000502958521804193
3464519.84423668 10.171302 -0.000560140773469697
3464830.59131929 10.172304 0.00110149654209657
3465141.3384019 10.173306 -0.000216358443150834
3465452.0854845 10.174308 0.000586396007702731
3465762.83256711 10.17531 0.00186735456720983
3466073.57964972 10.176312 0.000800066897414261
3466384.32673232 10.177314 -0.00514701151178059
3466695.07381493 10.178316 -0.00114718135689201
3467005.82089754 10.179318 0.00269543733723065
3467316.56798014 10.18032 0.00222114099346741
3467627.31506275 10.181322 -0.00156378972338861
3467938.06214536 10.182324 0.0025277579139058
3468248.80922796 10.183326 0.00161939445730018
3468559.55631057 10.184328 -0.00182022121884378
3468870.30339318 10.18533 -0.0017711366691078
3469181.05047578 10.186332 0.000215224957957673
3469491.79755839 10.187334 0.000190074272545524
3469802.544641 10.188336 0.00101155452425999
3470113.2917236 10.189338 -0.000329325260595771
3470424.03880621 10.19034 0.000690424368353556
3470734.78588882 10.191342 0.00072727840103445
3471045.53297142 10.192344 0.00102375267919344
3471356.28005403 10.193346 0.00125338708805413
3471667.02713664 10.194348 -0.0014774425715026
3471977.77421924 10.19535 -0.000984535630011285
3472288.52130185 10.196352 -0.000153045053141161
3472599.26838446 10.197354 0.00100183699035133
3472910.01546706 10.198356 0.00223696391092091
3473220.76254967 10.199358 0.00200090026137012
3473531.50963228 10.20036 -0.00160516329264042
3473842.25671489 10.201362 0.000217092359825475
3474153.00379749 10.202364 -0.00311967764063902
3474463.7508801 10.203366 -0.00051555830005626
3474774.49796271 10.204368 -2.19214930283094e-05
3475085.24504531 10.20537 0.000561072535761985
3475395.99212792 10.206372 -0.00174072106108271
3475706.73921053 10.207374 -0.00193330502614965
3476017.48629313 10.208376 -0.000100566337914483
3476328.23337574 10.209378 0.00127586929239056
3476638.98045835 10.21038 0.00153368194029169
3476949.72754095 10.211382 0.0012522059156623
3477260.47462356 10.212384 -0.00171911839786872
3477571.22170617 10.213386 0.00152049290769512
3477881.96878877 10.214388 2.68209357372966e-05
3478192.71587138 10.21539 8.66534175170357e-05
3478503.46295399 10.216392 -0.000265052197147127
3478814.21003659 10.217394 -0.000135856587515801
3479124.9571192 10.218396 0.00300509825521098
3479435.70420181 10.219398 -5.5085648068132e-05
3479746.45128441 10.2204 7.8497445253484e-05
3480057.19836702 10.221402 -0.000651971432117765
3480367.94544963 10.222404 0.00197035130397193
3480678.69253223 10.223406 -0.000372716375004244
3480989.43961484 10.224408 0.0014625312947922
3481300.18669745 10.22541 0.000565225832117108
3481610.93378005 10.226412 -0.00170675896923461
3481921.68086266 10.227414 -0.00122565012868147
3482232.42794527 10.228416 0.000710730776009779
3482543.17502787 10.229418 -0.00201275528767249
3482853.92211048 10.23042 -0.000464698834617271
3483164.66919309 10.231422 -0.00259084906818781
3483475.4162757 10.232424 0.00196858415539656
3483786.1633583 10.233426 0.000984023783416572
3484096.91044091 10.234428 -0.000497710499653379
3484407.65752352 10.23543 -0.00052403767633051
3484718.40460612 10.236432 0.00202386103012315
3485029.15168873 10.237434 0.000503273127492032
3485339.89877134 10.238436 -0.00123979141360755
3485650.64585394 10.239438 0.000950248589645418
3485961.39293655 10.24044 0.0013465088968373
3486272.14001916 10.241442 0.00299096075830156
3486582.88710176 10.242444 -0.00138342785397588
3486893.63418437 10.243446 0.00179798464343189
3487204.38126698 10.244448 -0.00300416210750705
3487515.12834958 10.24545 0.000806211783584844
3487825.87543219 10.246452 0.00036379006516591
3488136.6225148 10.247454 0.000871924666821738
3488447.3695974 10.248456 -0.00278968416416257
3488758.11668001 10.249458 0.00103261336090661
3489068.86376262 10.25046 0.000817964363607787
3489379.61084522 10.251462 0.000386893490525868
3489690.35792783 10.252464 -0.00117887994947684
3490001.10501044 10.253466 -0.00153118955835921
3490311.85209304 10.254468 -0.000751580481400153
3490622.59917565 10.25547 -0.00176943217557778
3490933.34625826 10.256472 -2.61758817601333e-05
3491244.09334086 10.257474 -0.0017619308878751
3491554.84042347 10.258476 0.00292228130493467
3491865.58750608 10.259478 -0.00189776862962399
3492176.33458869 10.26048 0.00149966172169138
3492487.08167129 10.261482 -0.00107632356802351
3492797.8287539 10.262484 0.00290678784836071
3493108.57583651 10.263486 0.000729884974751376
3493419.32291911 10.264488 0.00127478106317556
3493730.07000172 10.26549 -0.0017657146294932
3494040.81708433 10.266492 -0.0022943639478493
3494351.56416693 10.267494 -0.00168704446919342
3494662.31124954 10.268496 8.77682388853274e-05
3494973.05833215 10.269498 0.00361971534623638
3495283.80541475 10.2705 -0.0027536020613456
3495594.55249736 10.271502 -0.00300512970593589
3495905.29957997 10.272504 -0.0007820664323853
3496216.04666257 10.273506 0.000299607127941051
3496526.79374518 10.274508 0.00132096256626976
3496837.54082779 10.27551 0.00030154887006713
3497148.28791039 10.276512 0.00180112442751842
3497459.034993 10.277514 0.00159769994011702
3497769.78207561 10.278516 0.000277376523574339
3498080.52915821 10.279518 -0.000135161899695696
3498391.27624082 10.28052 0.000813911035610665
3498702.02332343 10.281522 -0.000266925006918843
3499012.77040603 10.282524 0.00228898086023251
3499323.51748864 10.283526 0.001006668353559
3499634.26457125 10.284528 -0.00234865346201069
3499945.01165385 10.28553 -6.79132932367064e-05
3500255.75873646 10.286532 0.000648696786181544
3500566.50581907 10.287534 0.00156263625208806
3500877.25290168 10.288536 0.000878518571022275
3501187.99998428 10.289538 -0.00265918159767696
3501498.74706689 10.29054 -0.000377318435837213
3501809.4941495 10.291542 0.000859291591233458
3502120.2412321 10.292544 1.07949124681357e-05
3502430.98831471 10.293546 0.00100101737503839
3502741.73539732 10.294548 0.000247464876277343
3503052.48247992 10.29555 0.00232965008221037
3503363.22956253 10.296552 -0.000403492371954904
3503673.97664514 10.297554 0.00135190966207487
3503984.72372774 10.298556 0.000724056578563943
3504295.47081035 10.299558 -0.000560235632777405
3504606.21789296 10.30056 -0.00173180826594481
3504916.96497556 10.301562 -0.00170079632411243
3505227.71205817 10.302564 -0.00013751696556224
3505538.45914078 10.303566 0.00214253877703825
3505849.20622338 10.304568 -0.00195624364258173
3506159.95330599 10.30557 -0.00110081669992661
3506470.7003886 10.306572 -0.00119172741896025
3506781.4474712 10.307574 0.000504019793547064
3507092.19455381 10.308576 -4.15898677433243e-05
3507402.94163642 10.309578 0.0016990703424542
3507713.68871902 10.31058 0.00061449209058295
3508024.43580163 10.311582 0.00160219097304027
3508335.18288424 10.312584 -0.000735396495908216
3508645.92996685 10.313586 -0.000250275397796329
3508956.67704945 10.314588 0.000204245588686448
3509267.42413206 10.31559 -0.00112483645645704
3509578.17121467 10.316592 -0.00114590781604797
3509888.91829727 10.317594 -0.000581738586169792
3510199.66537988 10.318596 -0.001528819682262
3510510.41246249 10.319598 -0.00391250294176827
3510821.15954509 10.3206 4.641145759666e-05
3511131.9066277 10.321602 -0.00102776454495289
3511442.65371031 10.322604 0.000636633668097309
3511753.40079291 10.323606 -0.00129550954379858
3512064.14787552 10.324608 0.000405726964507353
3512374.89495813 10.32561 0.00182270434483109
3512685.64204073 10.326612 0.00105419721659268
3512996.38912334 10.327614 -0.00125900452444176
3513307.13620595 10.328616 -0.00185527721576585
3513617.88328855 10.329618 0.000396422692865235
3513928.63037116 10.33062 0.000110054976310921
3514239.37745377 10.331622 0.00100393935058124
3514550.12453637 10.332624 -0.00120387898497032
3514860.87161898 10.333626 0.000962069262824126
3515171.61870159 10.334628 0.000571195700619156
3515482.36578419 10.33563 -0.000969754041085041
3515793.1128668 10.336632 -0.00121762355546872
3516103.85994941 10.337634 0.000881141643217583
3516414.60703201 10.338636 0.000834346007302271
3516725.35411462 10.339638 0.000793889447751288
3517036.10119723 10.34064 -0.000273622900479968
3517346.84827984 10.341642 0.00220861771012256
3517657.59536244 10.342644 -0.00145367258871081
3517968.34244505 10.343646 0.000256069075073536
3518279.08952766 10.344648 0.00207440815449417
3518589.83661026 10.34565 0.00163010860318569
3518900.58369287 10.346652 -0.000190674075851702
3519211.33077548 10.347654 -0.000114296248878121
3519522.07785808 10.348656 8.70867973173588e-05
3519832.82494069 10.349658 -0.000531536438497431
3520143.5720233 10.35066 -0.00103059093573035
3520454.3191059 10.351662 0.00166183116902767
3520765.06618851 10.352664 0.000912967759879719
3521075.81327112 10.353666 0.00220587875737472
3521386.56035372 10.354668 -0.00294547074173327
3521697.30743633 10.35567 -0.00046531025692915
3522008.05451894 10.356672 0.000722057053202708
3522318.80160154 10.357674 0.00190897786614792
3522629.54868415 10.358676 0.00116464264608864
3522940.29576676 10.359678 0.0012938591989409
3523251.04284936 10.36068 -0.000400593111526247
3523561.78993197 10.361682 0.0034140182074566
3523872.53701458 10.362684 0.000629089385999814
3524183.28409718 10.363686 -0.000279055107511496
3524494.03117979 10.364688 0.00116208490984625
3524804.7782624 10.36569 0.000994181287182758
3525115.52534501 10.366692 0.00185932387950157
3525426.27242761 10.367694 0.0013868629259835
3525737.01951022 10.368696 0.00108925868061222
3526047.76659283 10.369698 -0.00136751705977675
3526358.51367543 10.3707 -0.000261060615761496
3526669.26075804 10.371702 0.00226139976918807
3526980.00784065 10.372704 0.000295991115395006
3527290.75492325 10.373706 0.000188451587909884
3527601.50200586 10.374708 0.000718855549649993
3527912.24908847 10.37571 -0.000580995482957349
3528222.99617107 10.376712 4.4736562742885e-05
3528533.74325368 10.377714 0.000238858471922046
3528844.49033629 10.378716 -0.00140013890168707
3529155.23741889 10.379718 0.00169558274634641
3529465.9845015 10.38072 0.00368572131854132
3529776.73158411 10.381722 -0.000738069888577315
3530087.47866671 10.382724 -0.00134691188710517
3530398.22574932 10.383726 0.00224354392347093
3530708.97283193 10.384728 -0.000120310971440089
3531019.71991453 10.38573 -0.00138443180277366
3531330.46699714 10.386732 -0.000360768794746012
3531641.21407975 10.387734 -0.00156566007368371
3531951.96116235 10.388736 -0.00153332769050714
3532262.70824496 10.389738 0.000478100193917119
3532573.45532757 10.39074 -0.000198729716253369
3532884.20241017 10.391742 0.00190355486385977
3533194.94949278 10.392744 0.000302059856267119
3533505.69657539 10.393746 0.00197268505267708
3533816.44365799 10.394748 0.00234904173660023
3534127.1907406 10.39575 0.00029412229154525
3534437.93782321 10.396752 0.00193166148419089
3534748.68490581 10.397754 -8.67621736902282e-05
3535059.43198842 10.398756 0.00148240228854594
3535370.17907103 10.399758 0.000355458540211321
3535680.92615363 10.40076 -0.000297644214398287
3535991.67323624 10.401762 -3.52784005860169e-05
3536302.42031885 10.402764 0.000386493661967437
3536613.16740145 10.403766 0.000723871300361511
3536923.91448406 10.404768 0.000239141915929983
3537234.66156667 10.40577 0.00204803222926997
3537545.40864928 10.406772 -0.000676976278456814
3537856.15573188 10.407774 0.000263376865899916
3538166.90281449 10.408776 -0.000706915271724209
3538477.6498971 10.409778 -6.46272380706977e-06
3538788.3969797 10.41078 0.00186284495170651
3539099.14406231 10.411782 -0.000665578491527216
3539409.89114492 10.412784 -0.000633722207528504
3539720.63822752 10.413786 2.80428071766238e-05
3540031.38531013 10.414788 0.00125776731601067
3540342.13239274 10.41579 0.00112369298346841
3540652.87947534 10.416792 -0.00157532639483492
3540963.62655795 10.417794 -0.000213741188583877
3541274.37364056 10.418796 -0.000236873696136178
3541585.12072316 10.419798 -0.000208746477760716
3541895.86780577 10.4208 -0.00265166425778984
3542206.61488838 10.421802 -0.00119342696953753
3542517.36197098 10.422804 -0.00129917309216802
3542828.10905359 10.423806 0.000694615649473698
3543138.8561362 10.424808 -0.000265461179603981
3543449.60321881 10.42581 -0.000770492220585778
3543760.35030141 10.426812 -0.000142120302801508
3544071.09738402 10.427814 0.00198378180289445
3544381.84446663 10.428816 -0.0010005894687755
3544692.59154923 10.429818 0.000206688594224685
3545003.33863184 10.43082 -0.00252770618316208
3545314.08571444 10.431822 -0.000306681071082623
3545624.83279705 10.432824 0.000108900192453443
3545935.57987966 10.433826 0.00106429156734862
3546246.32696227 10.434828 0.00142855951521376
3546557.07404487 10.43583 -0.000195410633888419
3546867.82112748 10.436832 0.00137884008876204
3547178.56821009 10.437834 0.000464990542251465
3547489.31529269 10.438836 -0.00108456612220703
3547800.0623753 10.439838 0.00160947440669238
3548110.80945791 10.44084 0.000743268416987015
3548421.55654051 10.441842 -0.00340259915405092
3548732.30362312 10.442844 -1.12792032245361e-05
3549043.05070573 10.443846 0.00173571988196464
3549353.79778833 10.444848 0.00202092289712499
3549664.54487094 10.44585 0.000348406875834767
3549975.29195355 10.446852 0.000511613344951405
3550286.03903615 10.447854 0.00105882446640848
3550596.78611876 10.448856 0.000457863007883595
3550907.53320137 10.449858 0.00257951524604519
3551218.28028397 10.45086 0.000528049677034217
3551529.02736658 10.451862 0.000352209435388147
3551839.77444919 10.452864 -0.000717110380099485
3552150.52153179 10.453866 -0.00155048035205403
3552461.2686144 10.454868 0.00152015414817501
3552772.01569701 10.45587 0.00533727989036034
3553082.76277961 10.456872 -0.00306667705586196
3553393.50986222 10.457874 0.000853664125453514
3553704.25694483 10.458876 -0.00151622368747104
3554015.00402744 10.459878 0.000318995063307395
3554325.75111004 10.46088 -0.00203181609618398
3554636.49819265 10.461882 -0.00132091083824322
3554947.24527526 10.462884 0.000764170921752624
3555257.99235786 10.463886 -0.00273285259551391
3555568.73944047 10.464888 -8.05399492931167e-05
3555879.48652308 10.46589 0.00117550131583781
3556190.23360568 10.466892 0.00187990984816035
3556500.98068829 10.467894 -0.00207051247103898
3556811.7277709 10.468896 0.000449440947796926
3557122.4748535 10.469898 -0.00156361889967312
3557433.22193611 10.4709 0.0017968657766202
3557743.96901872 10.471902 0.00149078226173625
3558054.71610132 10.472904 0.00154531472819157
3558365.46318393 10.473906 0.00063709635116552
3558676.21026654 10.474908 0.0012338699530129
3558986.95734914 10.47591 -0.000535976050187889
3559297.70443175 10.476912 0.000580486619592772
3559608.45151436 10.477914 -0.000346920193941098
3559919.19859696 10.478916 0.000500857201350219
3560229.94567957 10.479918 0.00102140642442536
3560540.69276218 10.48092 2.16710666960222e-06
3560851.43984478 10.481922 0.00225997097294667
3561162.18692739 10.482924 -0.000876715873115664
3561472.93401 10.483926 -0.00177408589706899
3561783.6810926 10.484928 0.000359716937057044
3562094.42817521 10.48593 -2.96919718804822e-05
3562405.17525782 10.486932 -0.00140359630606024
3562715.92234043 10.487934 -0.00102854294671879
3563026.66942303 10.488936 -0.00245244506155679
3563337.41650564 10.489938 -0.000134656604235114
3563648.16358825 10.49094 0.00248588875020671
3563958.91067085 10.491942 0.00132895524761396
3564269.65775346 10.492944 0.00124821487996406
3564580.40483607 10.493946 8.18690750679694e-05
3564891.15191867 10.494948 0.00151338259998795
3565201.89900128 10.49595 -0.000616194516024767
3565512.64608389 10.496952 0.000177426165041439
3565823.39316649 10.497954 -3.2747779334765e-05
3566134.1402491 10.498956 -0.00284377667004579
3566444.88733171 10.499958 0.000423720245566916
3566755.63441431 10.50096 0.000522895408067235
3567066.38149692 10.501962 -0.000777161301669043
3567377.12857953 10.502964 0.000584118262338218
3567687.87566213 10.503966 -0.000348413128690279
3567998.62274474 10.504968 8.99482124376861e-05
3568309.36982735 10.50597 0.00192647463681494
3568620.11690995 10.506972 -5.79752707272083e-05
3568930.86399256 10.507974 0.00124808259816911
3569241.61107517 10.508976 0.000531859540228889
3569552.35815777 10.509978 0.000386533217944603
3569863.10524038 10.51098 0.0010734825076463
3570173.85232299 10.511982 -0.00368984408275517
3570484.59940559 10.512984 -9.45381805814525e-05
3570795.3464882 10.513986 0.00143153429561517
3571106.09357081 10.514988 -0.0023042035737373
3571416.84065342 10.51599 -0.000286646889680131
3571727.58773602 10.516992 -3.93064548388222e-05
3572038.33481863 10.517994 0.00113550717893095
3572349.08190124 10.518996 -0.00163095754112876
3572659.82898384 10.519998 -0.000167682871646174
3572970.57606645 10.521 0.00160585087251912
3573281.32314906 10.522002 5.62084181084783e-05
3573592.07023166 10.523004 -0.000763525340865578
3573902.81731427 10.524006 -0.00111653605181832
3574213.56439688 10.525008 -0.000105618071219988
3574524.31147948 10.52601 0.00136111113911542
3574835.05856209 10.527012 -0.000392001289918765
3575145.8056447 10.528014 -0.000352273119332148
3575456.5527273 10.529016 -0.000614608437966118
3575767.29980991 10.530018 0.000895280754644194
3576078.04689252 10.53102 0.00109453406103458
3576388.79397512 10.532022 -0.00146276045569662
3576699.54105773 10.533024 -0.000488136591878828
3577010.28814034 10.534026 -0.00313756424106159
3577321.03522294 10.535028 0.000658015773089087
3577631.78230555 10.53603 -0.00117494938714738
3577942.52938816 10.537032 0.000394578930126053
3578253.27647076 10.538034 0.00272780588681927
3578564.02355337 10.539036 2.80041793580099e-05
3578874.77063598 10.540038 -0.000413015796636336
3579185.51771858 10.54104 0.000321643072904092
3579496.26480119 10.542042 -0.000972603442200449
3579807.0118838 10.543044 -0.000951004815308491
3580117.75896641 10.544046 0.000720704337328968
3580428.50604901 10.545048 0.000151833513101846
3580739.25313162 10.54605 0.000802953438182642
3581050.00021423 10.547052 -0.000708744046949075
3581360.74729683 10.548054 0.000181023139886949
3581671.49437944 10.549056 -4.06799578082201e-05
3581982.24146205 10.550058 0.00265007934416573
3582292.98854465 10.55106 -4.60092415339364e-05
3582603.73562726 10.552062 0.000273095555654221
3582914.48270987 10.553064 0.000661027849539067
3583225.22979247 10.554066 0.00157963627986174
3583535.97687508 10.555068 -0.000580179326067256
3583846.72395769 10.55607 0.00226442107320797
3584157.47104029 10.557072 0.000199346128325272
3584468.2181229 10.558074 0.000203950439126414
3584778.96520551 10.559076 -0.00202974750429111
3585089.71228811 10.560078 0.00236271921330924
3585400.45937072 10.56108 8.45791279935324e-05
3585711.20645333 10.562082 -9.87659010730808e-05
3586021.95353593 10.563084 -0.00042541477347761
3586332.70061854 10.564086 0.00058241293553
3586643.44770115 10.565088 0.000838113075925861
3586954.19478375 10.56609 0.000248397619592482
3587264.94186636 10.567092 -0.000712850645621971
3587575.68894897 10.568094 0.000108036107536891
3587886.43603157 10.569096 -3.77708333948599e-06
3588197.18311418 10.570098 0.00138429996860779
3588507.93019679 10.5711 0.00252189297559331
3588818.6772794 10.572102 -0.000405608811678155
3589129.424362 10.573104 0.000161713915865447
3589440.17144461 10.574106 -0.00217905075362925
3589750.91852722 10.575108 0.0010223610099062
3590061.66560982 10.57611 0.000903673540051731
3590372.41269243 10.577112 -0.000245016098487325
3590683.15977504 10.578114 0.00108695448227629
3590993.90685764 10.579116 -0.000638536106483347
3591304.65394025 10.580118 0.000598741049194367
3591615.40102286 10.58112 -0.000428010527206958
3591926.14810546 10.582122 -0.0005630505762555
3592236.89518807 10.583124 -0.000290424861052973
3592547.64227068 10.584126 -0.00156976970334267
3592858.38935328 10.585128 -0.00371162563415867
3593169.13643589 10.58613 0.00086322180832006
3593479.8835185 10.587132 0.000770046249570455
3593790.6306011 10.588134 -0.00134101840761523
3594101.37768371 10.589136 0.00235483228332138
3594412.12476632 10.590138 0.000239076996214311
3594722.87184892 10.59114 0.00102532990011261
3595033.61893153 10.592142 0.000309847940449266
3595344.36601414 10.593144 0.00111475764022768
3595655.11309674 10.594146 0.00193417740385261
3595965.86017935 10.595148 0.000551359392802986
3596276.60726196 10.59615 -0.00126171873058266
3596587.35434456 10.597152 0.00378283596191555
3596898.10142717 10.598154 0.000526892940401935
3597208.84850978 10.599156 0.000554033240307462
3597519.59559238 10.600158 -0.00242637289201159
3597830.34267499 10.60116 0.000296751300953639
3598141.0897576 10.602162 0.000338995187522755
3598451.8368402 10.603164 0.000459461619267824
3598762.58392281 10.604166 0.00149905032447474
3599073.33100542 10.605168 -0.000910241019846658
3599384.07808803 10.60617 -0.00102847419208286
3599694.82517063 10.607172 -0.00113677044885162
3600005.57225324 10.608174 0.00107669644409278
3600316.31933585 10.609176 0.00180512252140681
3600627.06641845 10.610178 -0.00143804334797122
3600937.81350106 10.61118 -0.00130273209258926
3601248.56058367 10.612182 -0.00039229642184212
3601559.30766627 10.613184 0.000654386412492748
3601870.05474888 10.614186 0.000481277524819434
3602180.80183149 10.615188 0.00255636950529739
3602491.54891409 10.61619 -0.00307784638572069
3602802.2959967 10.617192 0.00108892675211992
3603113.04307931 10.618194 -0.00137423601629172
3603423.79016191 10.619196 0.00220958276918984
3603734.53724452 10.620198 0.00103125854382547
3604045.28432713 10.6212 0.000206330351635538
3604356.03140973 10.622202 0.00119097298245465
3604666.77849234 10.623204 0.00136693490388822
3604977.52557495 10.624206 6.917029876387e-05
3605288.27265756 10.625208 0.0010284440501341
3605599.01974016 10.62621 0.00114709134519375
3605909.76682277 10.627212 0.000983896273611267
3606220.51390537 10.628214 0.0011976259930159
3606531.26098798 10.629216 0.000897451580484252
3606842.00807059 10.630218 0.00197558331344917
3607152.7551532 10.63122 -0.000687345003759465
3607463.5022358 10.632222 0.00084892193622244
3607774.24931841 10.633224 0.00252316933432358
3608084.99640102 10.634226 -0.00208843704757401
3608395.74348362 10.635228 0.000578918356740811
3608706.49056623 10.63623 0.00117164946803028
3609017.23764884 10.637232 0.000720855924503513
3609327.98473144 10.638234 -0.000180223914720218
3609638.73181405 10.639236 0.00116744839768703
3609949.47889666 10.640238 0.000188625260281087
3610260.22597926 10.64124 -0.000161780068922014
3610570.97306187 10.642242 0.000686720438122724
3610881.72014448 10.643244 -0.000721654301084348
3611192.46722708 10.644246 0.00128385485565017
3611503.21430969 10.645248 0.000656788101860137
3611813.9613923 10.64625 0.000535490133485668
3612124.7084749 10.647252 -0.00117345302895476
3612435.45555751 10.648254 -0.00230772455633642
3612746.20264012 10.649256 -0.00222404472774466
3613056.94972272 10.650258 0.0011983542456916
3613367.69680533 10.65126 -0.00138251991132124
3613678.44388794 10.652262 -0.00103576598638318
3613989.19097054 10.653264 0.000912754527310047
3614299.93805315 10.654266 -0.000479288501510878
3614610.68513576 10.655268 0.00165617650989858
3614921.43221836 10.65627 0.00147464029464752
3615232.17930097 10.657272 -0.000514172119450321
3615542.92638358 10.658274 -0.00171146274653543
3615853.67346619 10.659276 0.000622652578337671
3616164.42054879 10.660278 -0.00107646822467541
3616475.1676314 10.66128 -0.00103869871368139
3616785.91471401 10.662282 -0.00185964906026381
3617096.66179661 10.663284 -0.000793464344455158
3617407.40887922 10.664286 0.00200272827309837
3617718.15596183 10.665288 0.00314864088240786
3618028.90304443 10.66629 0.000233157689247674
3618339.65012704 10.667292 0.000543270429463453
3618650.39720965 10.668294 0.00296633152923256
3618961.14429225 10.669296 -0.00126383494203173
3619271.89137486 10.670298 -0.000274249171197698
3619582.63845747 10.6713 0.000934834506433016
3619893.38554007 10.672302 -5.52134799314193e-05
3620204.13262268 10.673304 0.00283088149984287
3620514.87970529 10.674306 -0.00257330152787518
3620825.62678789 10.675308 -0.000478081866519552
3621136.3738705 10.67631 -0.00036569714470425
3621447.12095311 10.677312 0.000924261426246543
3621757.86803571 10.678314 -0.00195305003885848
3622068.61511832 10.679316 0.000414542754442526
3622379.36220093 10.680318 0.000988620594563601
3622690.10928353 10.68132 0.00251859331162872
3623000.85636614 10.682322 0.00111631615639902
3623311.60344875 10.683324 0.00195510761208782
3623622.35053135 10.684326 0.00106206981453811
3623933.09761396 10.685328 -0.000764676605160273
3624243.84469657 10.68633 0.000170694009538214
3624554.59177917 10.687332 0.000921800333262158
3624865.33886178 10.688334 0.00040352832284815
3625176.08594439 10.689336 0.000891200325227412
3625486.833027 10.690338 -0.00116687429297437
3625797.5801096 10.69134 0.00099131988745564
3626108.32719221 10.692342 -0.00101825748337064
3626419.07427482 10.693344 0.00131707561074064
3626729.82135742 10.694346 0.000271874696999276
3627040.56844003 10.695348 -0.00261626196851991
3627351.31552264 10.69635 -0.0014923060260385
3627662.06260524 10.697352 -0.00179999217951495
3627972.80968785 10.698354 -0.000837791842494566
3628283.55677046 10.699356 -0.00342413667773599
3628594.30385306 10.700358 -0.000213465893163969
3628905.05093567 10.70136 -0.00185024796243851
3629215.79801828 10.702362 -0.00062252201794438
3629526.54510088 10.703364 0.000281333164905682
3629837.29218349 10.704366 -0.00141305628028186
3630148.0392661 10.705368 0.000950299254660167
3630458.7863487 10.70637 -0.00139564396508141
3630769.53343131 10.707372 0.00100197398339255
3631080.28051392 10.708374 -0.00336833145978992
3631391.02759652 10.709376 0.000978958259504697
3631701.77467913 10.710378 0.000983031637419415
3632012.52176174 10.71138 0.000215813808090094
3632323.26884434 10.712382 0.000276257133042594
3632634.01592695 10.713384 -0.000470626656246356
3632944.76300956 10.714386 -0.00150579583048723
3633255.51009216 10.715388 0.000117467432250681
3633566.25717477 10.71639 -0.00195941239427113
3633877.00425738 10.717392 -0.00225675103711726
3634187.75133999 10.718394 -0.00183932641699821
3634498.49842259 10.719396 0.000983264115021631
3634809.2455052 10.720398 0.000842058306205626
3635119.99258781 10.7214 -0.000488670846006213
3635430.73967041 10.722402 0.000259610670098299
3635741.48675302 10.723404 0.000752290560575014
3636052.23383563 10.724406 0.000134784595002285
3636362.98091823 10.725408 0.00147613675549366
3636673.72800084 10.72641 -0.000506442443551226
3636984.47508345 10.727412 0.000688479018078951
3637295.22216605 10.728414 0.000533039997536673
3637605.96924866 10.729416 0.00130661941086391
3637916.71633127 10.730418 0.00125594463236947
3638227.46341387 10.73142 0.000383558320270953
3638538.21049648 10.732422 -5.58490161481039e-05
3638848.95757909 10.733424 0.000612676778436438
3639159.70466169 10.734426 0.000392900825299924
3639470.4517443 10.735428 -0.00126594968639873
3639781.19882691 10.73643 0.00111748931272196
3640091.94590951 10.737432 -0.00206075427397816
3640402.69299212 10.738434 0.000791241714656608
3640713.44007473 10.739436 0.000844503196865224
3641024.18715733 10.740438 0.00131511792960556
3641334.93423994 10.74144 -0.000528567388920166
3641645.68132255 10.742442 -0.000499745567453939
3641956.42840515 10.743444 -0.000320149370052107
3642267.17548776 10.744446 -0.000715254396551134
3642577.92257037 10.745448 9.46451889166157e-05
3642888.66965298 10.74645 9.56568843545345e-05
3643199.41673558 10.747452 0.00210376887837592
3643510.16381819 10.748454 -0.000564288351609746
3643820.9109008 10.749456 -0.00435170470480175
3644131.6579834 10.750458 -0.00260555762132328
3644442.40506601 10.75146 -0.000475064665144371
3644753.15214862 10.752462 -0.000512295077294991
3645063.89923122 10.753464 0.000882885667923848
3645374.64631383 10.754466 -0.000478928762790571
3645685.39339644 10.755468 0.000628984403741294
3645996.14047904 10.75647 -8.91706504978537e-05
3646306.88756165 10.757472 -9.89250724665735e-06
3646617.63464426 10.758474 0.000897948519096826
3646928.38172686 10.759476 0.0019134518047933
3647239.12880947 10.760478 0.000237075477395233
3647549.87589208 10.76148 0.000719363115666829
3647860.62297468 10.762482 -0.000510649894456769
3648171.37005729 10.763484 0.00201218748281363
3648482.1171399 10.764486 0.00109618047859735
3648792.8642225 10.765488 0.00136182945041076
3649103.61130511 10.76649 -0.000418446441185895
3649414.35838772 10.767492 -0.00201916591540119
3649725.10547032 10.768494 2.01458189421748e-05
3650035.85255293 10.769496 0.00126520742305063
3650346.59963554 10.770498 0.00088527514048992
3650657.34671815 10.7715 0.000892871616924803
3650968.09380075 10.772502 -0.000320349534073734
3651278.84088336 10.773504 -0.000372781229405805
3651589.58796597 10.774506 0.0019347861365873
3651900.33504857 10.775508 0.000570692413089785
3652211.08213118 10.77651 0.000612687624084983
3652521.82921379 10.777512 -0.00122606600167789
3652832.57629639 10.778514 0.00101478812868694
3653143.323379 10.779516 -6.46502397593708e-05
3653454.07046161 10.780518 0.00188073562725103
3653764.81754421 10.78152 -0.00232603190595591
3654075.56462682 10.782522 0.00146457700957734
3654386.31170943 10.783524 -0.000783019942234211
3654697.05879203 10.784526 0.000346340138369903
3655007.80587464 10.785528 -0.000660296249762543
3655318.55295725 10.78653 0.00120268471729519
3655629.30003985 10.787532 0.00078773119726026
3655940.04712246 10.788534 0.000497898415567003
3656250.79420507 10.789536 0.000731289385625135
3656561.54128767 10.790538 8.26746787564063e-05
3656872.28837028 10.79154 -0.00244279377686228
3657183.03545289 10.792542 -0.00350769633710419
3657493.78253549 10.793544 -0.00260797268389093
3657804.5296181 10.794546 -0.00102033388407573
3658115.27670071 10.795548 0.000451189889542208
3658426.02378331 10.79655 0.00255275049057897
3658736.77086592 10.797552 -0.000532445340843585
3659047.51794853 10.798554 0.00109924535886997
3659358.26503114 10.799556 0.00131559310358341
3659669.01211374 10.800558 0.000343303237682296
3659979.75919635 10.80156 -0.000632764466694686
3660290.50627895 10.802562 0.000521411427189654
3660601.25336156 10.803564 0.000687207942148039
3660912.00044417 10.804566 -0.000876485692224552
3661222.74752678 10.805568 -0.00228907891746195
3661533.49460938 10.80657 -0.00069614504734765
3661844.24169199 10.807572 0.00161183221866713
3662154.9887746 10.808574 -0.00203013873596574
3662465.7358572 10.809576 -0.00130685258481841
3662776.48293981 10.810578 -0.000287237217086961
3663087.23002242 10.81158 -5.84807769428225e-05
3663397.97710502 10.812582 0.00175523148694676
3663708.72418763 10.813584 -0.00143650538701239
3664019.47127024 10.814586 -0.00124567968759338
3664330.21835284 10.815588 -0.00237584322074889
3664640.96543545 10.81659 -0.00139553020626783
3664951.71251806 10.817592 -0.00210332184948982
3665262.45960066 10.818594 -0.00129278825660064
3665573.20668327 10.819596 -0.000201708801030842
3665883.95376588 10.820598 -0.00216399729280176
3666194.70084848 10.8216 0.00158423025368638
3666505.44793109 10.822602 0.000838678027177501
3666816.1950137 10.823604 3.66057360099029e-05
3667126.9420963 10.824606 -0.000172868972101571
3667437.68917891 10.825608 -0.00118133570610335
3667748.43626152 10.82661 0.00112459524558461
3668059.18334413 10.827612 -0.00135547199527046
3668369.93042673 10.828614 -0.00152401754745284
3668680.67750934 10.829616 -0.00137730981157808
3668991.42459195 10.830618 -0.00151851266212037
3669302.17167455 10.83162 0.00111362540256973
3669612.91875716 10.832622 0.00160195918157908
3669923.66583977 10.833624 -0.00119749151278889
3670234.41292237 10.834626 0.000517373810039728
3670545.16000498 10.835628 0.000998229692473017
3670855.90708759 10.83663 -0.0001437051977357
3671166.65417019 10.837632 0.00204548338940749
3671477.4012528 10.838634 0.000422750662061408
3671788.14833541 10.839636 0.00148833131684153
3672098.89541801 10.840638 0.00219525721243806
3672409.64250062 10.84164 -6.09860530616282e-05
3672720.38958323 10.842642 0.00107476352632117
3673031.13666583 10.843644 -0.000805208510197338
3673341.88374844 10.844646 -0.00272563889442076
3673652.63083105 10.845648 -0.000872336986361962
3673963.37791365 10.84665 0.000724665588906531
3674274.12499626 10.847652 -0.000838180257725121
3674584.87207887 10.848654 0.00163698328470075
3674895.61916147 10.849656 -0.000518046615851676
3675206.36624408 10.850658 0.000996741255522743
3675517.11332669 10.85166 4.16829342579109e-05
3675827.86040929 10.852662 8.19670561868345e-05
3676138.6074919 10.853664 0.00150049966561719
3676449.35457451 10.854666 0.000562127133896689
3676760.10165711 10.855668 0.000118434669623751
3677070.84873972 10.85667 -0.000585413744295933
3677381.59582233 10.857672 -0.000662089645419453
3677692.34290493 10.858674 -0.000580133747323136
3678003.08998754 10.859676 -0.000377589615037794
3678313.83707015 10.860678 0.00192365363681685
3678624.58415276 10.86168 -0.00287261274296157
3678935.33123536 10.862682 0.00170471631227295
3679246.07831797 10.863684 -0.000198759519076632
3679556.82540058 10.864686 0.000432112077568546
3679867.57248318 10.865688 -0.00205445515089197
3680178.31956579 10.86669 0.000265932122590074
3680489.0666484 10.867692 -0.000129476750736101
3680799.813731 10.868694 -0.00149499654091396
3681110.56081361 10.869696 0.00460016742641835
3681421.30789622 10.870698 -0.00334896018857819
3681732.05497882 10.8717 0.00259993557934284
3682042.80206143 10.872702 0.000593826275973626
3682353.54914404 10.873704 0.0001497909573564
3682664.29622664 10.874706 -0.000900006574820605
3682975.04330925 10.875708 -0.000728437885097402
3683285.79039186 10.87671 -0.000542776608851766
3683596.53747446 10.877712 0.00166101039398971
3683907.28455707 10.878714 -0.00103437282177477
3684218.03163968 10.879716 9.81878907779218e-05
3684528.77872228 10.880718 -0.00293214881009965
3684839.52580489 10.88172 -0.00168290886465344
3685150.2728875 10.882722 0.00147641183789826
3685461.0199701 10.883724 0.00316454921873151
3685771.76705271 10.884726 0.00010060608477962
3686082.51413532 10.885728 0.00116115818253031
3686393.26121792 10.88673 9.88688759397685e-05
3686704.00830053 10.887732 0.000261429295054839
3687014.75538314 10.888734 -0.00152151384465328
3687325.50246574 10.889736 -0.000507653232306407
3687636.24954835 10.890738 0.00119875486004584
3687946.99663096 10.89174 -0.00105928643793339
3688257.74371357 10.892742 0.0013251673764896
3688568.49079617 10.893744 0.00120537754148513
3688879.23787878 10.894746 0.00121490927967743
3689189.98496139 10.895748 -0.00018347918080818
3689500.73204399 10.89675 0.00120955815920882
3689811.4791266 10.897752 0.0021214585168337
3690122.22620921 10.898754 -0.00104649087605043
3690432.97329181 10.899756 0.000789988867891594
3690743.72037442 10.900758 -0.00106065658598332
3691054.46745703 10.90176 0.000574517969497289
3691365.21453963 10.902762 0.00165507607156841
3691675.96162224 10.903764 -0.000891625323493614
3691986.70870485 10.904766 -0.000594565508845043
3692297.45578745 10.905768 0.00018771253653814
3692608.20287006 10.90677 -0.00193982005488502
3692918.94995267 10.907772 -0.00171460350715025
3693229.69703527 10.908774 0.00155949718134056
3693540.44411788 10.909776 -0.00132645277230369
3693851.19120049 10.910778 0.00175627770906773
3694161.93828309 10.91178 0.0026148133499845
3694472.6853657 10.912782 -0.000896310315703735
3694783.43244831 10.913784 0.00197387531540312
3695094.17953091 10.914786 -0.00167093638005252
3695404.92661352 10.915788 0.000715164070468874
3695715.67369613 10.91679 -0.000673591500511933
3696026.42077874 10.917792 -0.000543788524107359
3696337.16786134 10.918794 -3.56714571136842e-06
3696647.91494395 10.919796 0.00178375446963043
3696958.66202656 10.920798 0.000676771621438015
3697269.40910916 10.9218 -0.000784653580836666
3697580.15619177 10.922802 -0.000117444321757305
3697890.90327438 10.923804 0.00166073426213467
3698201.65035698 10.924806 0.000401192802132178
3698512.39743959 10.925808 -0.00153679854426644
3698823.1445222 10.92681 -0.000552176995837531
3699133.8916048 10.927812 -0.00124753808921839
3699444.63868741 10.928814 -0.000937016707036807
3699755.38577002 10.929816 0.00171049047163159
3700066.13285262 10.930818 0.000189986938179396
3700376.87993523 10.93182 0.00323227277465765
3700687.62701784 10.932822 -0.00169514812411565
3700998.37410044 10.933824 -0.000924992255328334
3701309.12118305 10.934826 -1.28993748368379e-06
3701619.86826566 10.935828 -0.00354024486997837
3701930.61534826 10.93683 -0.00109153160251212
3702241.36243087 10.937832 0.000858278345638259
3702552.10951348 10.938834 0.00098530721677976
3702862.85659608 10.939836 -0.000270608709195622
3703173.60367869 10.940838 -0.00114464426650149
3703484.3507613 10.94184 -0.00226512358273809
3703795.0978439 10.942842 -0.000721084051870842
3704105.84492651 10.943844 -0.000560985833738504
3704416.59200912 10.944846 -0.000673470078699824
3704727.33909173 10.945848 0.00139877482991742
3705038.08617433 10.94685 0.000794213408054729
3705348.83325694 10.947852 -0.00160413032939858
3705659.58033955 10.948854 -0.00113990221679853
3705970.32742215 10.949856 -0.00199640155170927
3706281.07450476 10.950858 0.00160783625285227
3706591.82158737 10.95186 0.000529461230565478
3706902.56866997 10.952862 0.00196857930020923
3707213.31575258 10.953864 -0.00200158304115869
3707524.06283519 10.954866 0.00187173786893912
3707834.80991779 10.955868 3.05846589630889e-05
3708145.5570004 10.95687 0.00171519556113835
3708456.30408301 10.957872 0.000432405859127368
3708767.05116561 10.958874 -0.000399897225123734
3709077.79824822 10.959876 0.00135715472012107
3709388.54533083 10.960878 0.00197156013349816
3709699.29241343 10.96188 0.000854339828423779
3710010.03949604 10.962882 0.000269190609357114
3710320.78657865 10.963884 0.00129299443555481
3710631.53366125 10.964886 -0.000200368490727305
3710942.28074386 10.965888 0.000167450923305846
3711253.02782647 10.96689 0.00141913425348927
3711563.77490907 10.967892 0.0004765500776807
3711874.52199168 10.968894 -0.00216360617366606
3712185.26907429 10.969896 -0.000742976496509121
3712496.01615689 10.970898 0.000672405331656286
3712806.7632395 10.9719 0.00011816124820098
3713117.51032211 10.972902 0.00195600511141803
3713428.25740472 10.973904 -0.00181462290041356
3713739.00448732 10.974906 0.00070048541124112
3714049.75156993 10.975908 0.000128249707365751
3714360.49865254 10.97691 0.00143847135049809
3714671.24573514 10.977912 -0.000415753960009536
3714981.99281775 10.978914 -0.000511596433661453
3715292.73990036 10.979916 0.000681682154214564
3715603.48698296 10.980918 -0.00277544591300356
3715914.23406557 10.98192 0.000207683170190699
3716224.98114818 10.982922 -0.00217753540685997
3716535.72823078 10.983924 -0.000888658243047556
3716846.47531339 10.984926 0.00145492080425259
3717157.222396 10.985928 -0.00119723955421687
3717467.9694786 10.98693 -0.000951972904557983
3717778.71656121 10.987932 -0.00179410395595577
3718089.46364382 10.988934 0.000992846104729853
3718400.21072642 10.989936 6.65922158054482e-05
3718710.95780903 10.990938 -0.00131729309163111
3719021.70489164 10.99194 0.000490057122470519
3719332.45197424 10.992942 -0.00314188191250257
3719643.19905685 10.993944 0.00214053334255585
3719953.94613946 10.994946 0.00346459397050428
3720264.69322206 10.995948 0.000338161650741176
3720575.44030467 10.99695 -5.91561417572798e-05
3720886.18738728 10.997952 -5.58355483331628e-05
3721196.93446988 10.998954 -2.72114171320467e-05
3721507.68155249 10.999956 0.000574505538811905
3721818.4286351 11.000958 0.000936576397103454
3722129.17571771 11.00196 -0.000170770618502756
3722439.92280031 11.002962 -0.000627843645420784
3722750.66988292 11.003964 0.000441062397243696
3723061.41696553 11.004966 0.00189583227088151
3723372.16404813 11.005968 0.000419757761200311
3723682.91113074 11.00697 0.000763050806025292
3723993.65821335 11.007972 0.000233136835644255
3724304.40529595 11.008974 0.000750157416411995
3724615.15237856 11.009976 0.00188833689948867
3724925.89946117 11.010978 -0.00025504112438378
3725236.64654377 11.01198 0.00150103371208788
3725547.39362638 11.012982 0.00119171646363161
3725858.14070899 11.013984 0.000467864072981016
3726168.88779159 11.014986 -0.000939661572076591
3726479.6348742 11.015988 -0.00121554089086391
3726790.38195681 11.01699 0.000467949489401869
3727101.12903941 11.017992 -0.000803218558045418
3727411.87612202 11.018994 0.000125886027755235
3727722.62320463 11.019996 -0.00128203108786387
3728033.37028723 11.020998 0.000321732815987459
3728344.11736984 11.022 0.000452218182043467
3728654.86445245 11.023002 -9.64525033843026e-05
3728965.61153505 11.024004 -0.000944870339665816
3729276.35861766 11.025006 0.000414433401622506
3729587.10570027 11.026008 0.000120530809565034
3729897.85278287 11.02701 -0.00121317749073745
3730208.59986548 11.028012 -0.000287444133457281
3730519.34694809 11.029014 -0.0024300905756728
3730830.0940307 11.030016 -0.000513947001602976
3731140.8411133 11.031018 0.00180860770467757
3731451.58819591 11.03202 0.000409646798662348
3731762.33527852 11.033022 0.000107059565093585
3732073.08236112 11.034024 0.00133005866874815
3732383.82944373 11.035026 0.000587833309088258
3732694.57652634 11.036028 -0.000951636077417378
3733005.32360894 11.03703 -0.00068490796272847
3733316.07069155 11.038032 0.00067651487436098
3733626.81777416 11.039034 0.00130710947877902
3733937.56485676 11.040036 0.000580025797442528
3734248.31193937 11.041038 -0.00109036654380102
3734559.05902198 11.04204 0.000494260010906242
3734869.80610458 11.043042 -0.00298094410173636
3735180.55318719 11.044044 0.00176884626641291
3735491.3002698 11.045046 0.00210965403866784
3735802.0473524 11.046048 -0.00081562772419119
3736112.79443501 11.04705 0.00163682914650151
3736423.54151762 11.048052 4.56905910198247e-05
3736734.28860022 11.049054 -0.00135187897174624
3737045.03568283 11.050056 -0.00154613550320914
3737355.78276544 11.051058 0.000349352307881697
3737666.52984804 11.05206 -0.000151159493938631
3737977.27693065 11.053062 -0.00152779496501038
3738288.02401326 11.054064 0.00113095023842116
3738598.77109586 11.055066 0.000790018306076137
3738909.51817847 11.056068 0.00103032862626513
3739220.26526108 11.05707 -0.00063688511274351
3739531.01234368 11.058072 0.000210356712038732
3739841.75942629 11.059074 0.000956710251974118
3740152.5065089 11.060076 0.00121059084650577
3740463.25359151 11.061078 -0.00191152986777942
3740774.00067411 11.06208 -0.00190322775664951
3741084.74775672 11.063082 -0.000286685408903907
3741395.49483933 11.064084 0.00196183053819288
3741706.24192193 11.065086 -0.00242333684892712
3742016.98900454 11.066088 -0.00231319854681318
3742327.73608715 11.06709 0.000604073245264284
3742638.48316975 11.068092 0.000985898896559787
3742949.23025236 11.069094 0.000375278391131614
3743259.97733497 11.070096 0.000260608458235371
3743570.72441757 11.071098 0.000371991439340344
3743881.47150018 11.0721 0.00290627592003951
3744192.21858279 11.073102 0.00092971634373955
3744502.96566539 11.074104 0.000313706623881967
3744813.712748 11.075106 0.0008593304827234
3745124.45983061 11.076108 -0.000142640719381215
3745435.20691321 11.07711 0.00226712697506913
3745745.95399582 11.078112 -0.00104379649767848
3746056.70107843 11.079114 -0.00070221034122164
3746367.44816103 11.080116 0.000975350451559301
3746678.19524364 11.081118 -0.00259770887228499
3746988.94232625 11.08212 -0.00149073017770506
3747299.68940885 11.083122 0.00223421348349499
3747610.43649146 11.084124 0.000110709942024344
3747921.18357407 11.085126 0.000879983670950878
3748231.93065667 11.086128 0.000398953996094052
3748542.67773928 11.08713 -0.00110956946125583
3748853.42482189 11.088132 0.00147939962306676
3749164.17190449 11.089134 0.000448804211213182
3749474.9189871 11.090136 -0.000565212327271632
3749785.66606971 11.091138 -0.00258348831545275
3750096.41315232 11.09214 -0.00181359904972188
3750407.16023492 11.093142 0.00107608858694522
3750717.90731753 11.094144 -0.000123157845741702
3751028.65440014 11.095146 1.55594802997715e-05
3751339.40148274 11.096148 -0.00253058577640038
3751650.14856535 11.09715 0.00137294884966675
3751960.89564796 11.098152 0.00109921743960243
3752271.64273056 11.099154 0.00165952505817343
3752582.38981317 11.100156 -0.000136710395177091
3752893.13689578 11.101158 0.000116979378270589
3753203.88397838 11.10216 -0.00105265098225616
3753514.63106099 11.103162 -0.00124997557081944
3753825.3781436 11.104164 0.000228681319065619
3754136.1252262 11.105166 0.000708155436175971
3754446.87230881 11.106168 0.000676867532567429
3754757.61939142 11.10717 0.00081126127359041
3755068.36647402 11.108172 -7.56445301351463e-05
3755379.11355663 11.109174 0.000112048628475701
3755689.86063924 11.110176 -0.000590526649074468
3756000.60772184 11.111178 -0.00139645941270785
3756311.35480445 11.11218 0.00190748936241033
3756622.10188706 11.113182 0.000824667384133316
3756932.84896966 11.114184 0.00268337388538124
3757243.59605227 11.115186 -0.00172789926501052
3757554.34313488 11.116188 0.00154409300453011
3757865.09021749 11.11719 0.00351691214842517
3758175.83730009 11.118192 0.00277374429646526
3758486.5843827 11.119194 -0.000248463030924305
3758797.33146531 11.120196 0.00176786074541499
3759108.07854791 11.121198 0.00107708415862182
3759418.82563052 11.1222 -0.000132097678436578
3759729.57271313 11.123202 -0.000126415155314404
3760040.31979573 11.124204 0.000766117554139327
3760351.06687834 11.125206 0.00197048898738379
3760661.81396095 11.126208 -0.000403626918162609
3760972.56104355 11.12721 6.63371556818603e-05
3761283.30812616 11.128212 0.000737915038218108
3761594.05520877 11.129214 -0.00107907030244784
3761904.80229137 11.130216 0.000525454519447439
3762215.54937398 11.131218 -0.00104794923014204
3762526.29645659 11.13222 -0.00181112523995749
3762837.04353919 11.133222 -0.00122394249339031
3763147.7906218 11.134224 0.000247786047573014
3763458.53770441 11.135226 0.00133630910356723
3763769.28478701 11.136228 0.00123441274449328
3764080.03186962 11.13723 9.9597571989051e-05
3764390.77895223 11.138232 0.00024207555824814
3764701.52603483 11.139234 0.00157081834622221
3765012.27311744 11.140236 0.00120076543851375
3765323.02020005 11.141238 -0.00171424887238772
3765633.76728265 11.14224 -0.000624249312100319
3765944.51436526 11.143242 -0.00112637258388266
3766255.26144787 11.144244 0.00203873382224828
3766566.00853047 11.145246 0.0023846942850088
3766876.75561308 11.146248 0.000670954388407316
3767187.50269569 11.14725 0.000935188333444959
3767498.24977829 11.148252 0.00199054941008327
3767808.9968609 11.149254 -0.00100054092533229
3768119.74394351 11.150256 -0.000572758455789481
3768430.49102612 11.151258 0.000701043278219354
3768741.23810872 11.15226 -0.000831490181103147
3769051.98519133 11.153262 -0.000870864139878509
3769362.73227394 11.154264 -0.00104342558951232
3769673.47935654 11.155266 0.000893235201060084
3769984.22643915 11.156268 -0.000492055001729611
3770294.97352176 11.15727 0.00101188951186848
3770605.72060436 11.158272 0.00218074828265608
3770916.46768697 11.159274 0.0001123739958543
3771227.21476958 11.160276 -0.000196414195074452
3771537.96185218 11.161278 -0.00199588955903343
3771848.70893479 11.16228 0.000255720534212009
3772159.4560174 11.163282 -0.00116229082984273
3772470.2031 11.164284 0.000430214212616999
3772780.95018261 11.165286 -0.000703084116573083
3773091.69726522 11.166288 -0.00158773351140755
3773402.44434782 11.16729 0.000175007214499856
3773713.19143043 11.168292 0.0011423459607127
3774023.93851304 11.169294 0.000318321683125424
3774334.68559564 11.170296 0.000569816586209511
3774645.43267825 11.171298 -0.00128425463099012
3774956.17976086 11.1723 -0.000773797816220417
3775266.92684346 11.173302 -0.00231318738968325
3775577.67392607 11.174304 -0.00213319791740968
3775888.42100868 11.175306 -0.00187945055291457
3776199.16809129 11.176308 -0.00283188720933352
3776509.91517389 11.17731 0.00184887361736494
3776820.6622565 11.178312 -0.00303911094548272
3777131.40933911 11.179314 0.00183362780259467
3777442.15642171 11.180316 0.00294652504481256
3777752.90350432 11.181318 0.00200859495878147
3778063.65058693 11.18232 -0.000927192443288884
3778374.39766953 11.183322 -0.0013767290568145
3778685.14475214 11.184324 0.00061387600659638
3778995.89183475 11.185326 0.000817278383535436
3779306.63891735 11.186328 -0.000889947457567537
3779617.38599996 11.18733 -0.00146815473754914
3779928.13308257 11.188332 0.00215384031282615
3780238.88016517 11.189334 0.000686263444864928
3780549.62724778 11.190336 0.00203007715116716
3780860.37433039 11.191338 0.00113078262917284
3781171.12141299 11.19234 -0.00155983001603931
3781481.8684956 11.193342 -0.000783102594096456
3781792.61557821 11.194344 -0.000920394405595522
3782103.36266081 11.195346 -0.00132971576988343
3782414.10974342 11.196348 -1.66636232894825e-05
3782724.85682603 11.19735 0.000826641984815907
3783035.60390863 11.198352 -0.00153513900482948
3783346.35099124 11.199354 0.00158513347004689
3783657.09807385 11.200356 0.000387687923985766
3783967.84515645 11.201358 0.00136086793935072
3784278.59223906 11.20236 0.00146181408927974
3784589.33932167 11.203362 -0.000755744822431134
3784900.08640428 11.204364 0.000565035026671912
3785210.83348688 11.205366 0.000442907002751754
3785521.58056949 11.206368 0.00100803521054874
3785832.3276521 11.20737 -0.00119835772097384
3786143.0747347 11.208372 0.000413563699837979
3786453.82181731 11.209374 0.0025439306416952
3786764.56889992 11.210376 0.00075583370939194
3787075.31598252 11.211378 0.00115606241239589
3787386.06306513 11.21238 0.00183059746412902
3787696.81014774 11.213382 -0.00264450531166464
3788007.55723034 11.214384 -0.000690288059580057
3788318.30431295 11.215386 8.54748756972554e-06
3788629.05139556 11.216388 -0.00271636206602952
3788939.79847816 11.21739 0.00073478565295709
3789250.54556077 11.218392 -0.000380705345976814
3789561.29264338 11.219394 -0.00166301600806492
3789872.03972598 11.220396 -0.000547125137785311
3790182.78680859 11.221398 -0.00154364025760133
3790493.5338912 11.2224 -0.00085532924867553
3790804.2809738 11.223402 0.000646222940411812
3791115.02805641 11.224404 0.0012317126427764
3791425.77513902 11.225406 -0.00114794960146534
3791736.52222162 11.226408 -0.00132830141030491
3792047.26930423 11.22741 -0.000810786410179787
3792358.01638684 11.228412 0.00157737676787336
3792668.76346945 11.229414 4.5332105695934e-05
3792979.51055205 11.230416 0.000698339390887994
3793290.25763466 11.231418 0.00305899179605752
3793601.00471727 11.23242 -0.00116691909827861
3793911.75179987 11.233422 0.000617408399409106
3794222.49888248 11.234424 0.000541901025967697
3794533.24596509 11.235426 0.000130547401910101
3794843.99304769 11.236428 -0.000434355874987083
3795154.7401303 11.23743 0.000561831434849045
3795465.48721291 11.238432 0.00285802748861859
3795776.23429551 11.239434 0.000306398190092603
3796086.98137812 11.240436 -0.000902754364832679
3796397.72846073 11.241438 -8.40802215464046e-05
3796708.47554333 11.24244 0.00231062827818821
3797019.22262594 11.243442 -0.000906726650362316
3797329.96970855 11.244444 -0.00115400400885839
3797640.71679115 11.245446 0.00108796500684947
3797951.46387376 11.246448 0.00211575272546103
3798262.21095637 11.24745 -0.000371261101795023
3798572.95803897 11.248452 -0.000854724033772203
3798883.70512158 11.249454 -0.000566471835578556
3799194.45220419 11.250456 -0.00134679952943691
3799505.19928679 11.251458 -0.000287450009005842
3799815.9463694 11.25246 0.000862113977972464
3800126.69345201 11.253462 -0.000587175404345826
3800437.44053461 11.254464 0.00121381101851566
3800748.18761722 11.255466 0.00154628614180535
3801058.93469983 11.256468 0.00156088769405902
3801369.68178243 11.25747 0.00153818019249463
3801680.42886504 11.258472 -0.000407357445902658
3801991.17594765 11.259474 0.00146767720623335
3802301.92303025 11.260476 0.000867488748759946
3802612.67011286 11.261478 -0.000302713155914788
3802923.41719547 11.26248 3.4044292420064e-05
3803234.16427808 11.263482 -0.00175951919810637
3803544.91136068 11.264484 -0.00133910360825337
3803855.65844329 11.265486 0.00186399093557414
3804166.4055259 11.266488 0.00126682956686408
3804477.1526085 11.26749 -0.000656830167309176
3804787.89969111 11.268492 0.00227894850793643
3805098.64677372 11.269494 -0.00102980585316733
3805409.39385632 11.270496 0.0015843016314881
3805720.14093893 11.271498 0.00297291257771004
3806030.88802154 11.2725 0.000270773024391769
3806341.63510414 11.273502 -0.000221296550651707
3806652.38218675 11.274504 -0.000779519436279937
3806963.12926936 11.275506 0.00273201069476436
3807273.87635196 11.276508 -0.00180252110460805
3807584.62343457 11.27751 0.000130926290617842
3807895.37051718 11.278512 -0.00221759269841386
3808206.11759978 11.279514 -0.000846405819503364
3808516.86468239 11.280516 -0.000395477832130702
3808827.611765 11.281518 0.000187591823365854
3809138.3588476 11.28252 -0.00267303860267227
3809449.10593021 11.283522 -0.00160814221826993
3809759.85301282 11.284524 0.00167207092222983
3810070.60009542 11.285526 0.00220627020227392
3810381.34717803 11.286528 -0.00258555362127173
3810692.09426064 11.28753 -0.000637157509299118
3811002.84134325 11.288532 0.000746524838845153
3811313.58842585 11.289534 -0.000930346597245738
3811624.33550846 11.290536 -0.00140518293603778
3811935.08259107 11.291538 -0.000821606070325155
3812245.82967367 11.29254 -0.00214773701475343
3812556.57675628 11.293542 0.00140499923687128
3812867.32383888 11.294544 -6.81489051178319e-05
3813178.07092149 11.295546 -0.000686767590346157
3813488.8180041 11.296548 0.000366982368559522
3813799.56508671 11.29755 0.0013182319268413
3814110.31216931 11.298552 0.000104708790683182
3814421.05925192 11.299554 -0.00180149042594445
3814731.80633453 11.300556 -0.00111337356376485
3815042.55341713 11.301558 0.00116693281701346
3815353.30049974 11.30256 0.000601935766563112
3815664.04758235 11.303562 0.00073948693347183
3815974.79466495 11.304564 -0.00108744289848413
3816285.54174756 11.305566 0.00155587642802082
3816596.28883017 11.306568 -0.000226249372263124
3816907.03591277 11.30757 -3.88456433239634e-05
3817217.78299538 11.308572 0.00140462024191205
3817528.53007799 11.309574 -0.000483176143298049
3817839.27716059 11.310576 0.000867736678246461
3818150.0242432 11.311578 0.002964802078722
3818460.77132581 11.31258 0.000849840802041793
3818771.51840841 11.313582 0.000233580749722703
3819082.26549102 11.314584 -3.65505905794059e-05
3819393.01257363 11.315586 0.000524455425871552
3819703.75965624 11.316588 -0.000940031117772227
3820014.50673884 11.31759 -0.00176997480658926
3820325.25382145 11.318592 -0.00185118339496059
3820636.00090406 11.319594 0.00235199793179296
3820946.74798666 11.320596 -0.000441923600750931
3821257.49506927 11.321598 0.00213963951666344
3821568.24215188 11.3226 0.000232662025076979
3821878.98923448 11.323602 0.000312648235337166
3822189.73631709 11.324604 -0.000659275945256059
3822500.4833997 11.325606 0.00084878346439643
3822811.2304823 11.326608 -0.000361705243379675
3823121.97756491 11.32761 0.000607780239204636
3823432.72464752 11.328612 -0.0021079036291817
3823743.47173012 11.329614 -0.00118497194700318
3824054.21881273 11.330616 0.000414116643984908
3824364.96589534 11.331618 0.00164582443897052
3824675.71297794 11.33262 0.000306585385298035
3824986.46006055 11.333622 0.00253705370308615
3825297.20714316 11.334624 0.000794424432518885
3825607.95422576 11.335626 0.000761867410858316
3825918.70130837 11.336628 0.00307318978496065
3826229.44839098 11.33763 -0.00143672650208792
3826540.19547358 11.338632 0.000183626972387626
3826850.94255619 11.339634 0.00130316335248823
3827161.6896388 11.340636 0.00204435030975969
3827472.4367214 11.341638 -0.00093492208335445
3827783.18380401 11.34264 0.00102095582618588
3828093.93088662 11.343642 0.00134101178134053
3828404.67796922 11.344644 -0.000849819555676657
3828715.42505183 11.345646 0.00190878548268504
3829026.17213444 11.346648 0.000963536497040154
3829336.91921704 11.34765 -0.00159735686796851
3829647.66629965 11.348652 0.000974241561454631
3829958.41338226 11.349654 -0.000537987593471308
3830269.16046487 11.350656 -0.000699488072346948
3830579.90754747 11.351658 0.00193598525525502
3830890.65463008 11.35266 -0.00299409334164774
3831201.40171269 11.353662 -0.00105550719303349
3831512.14879529 11.354664 0.00124273810543288
3831822.8958779 11.355666 0.00179740064419398
3832133.64296051 11.356668 0.000167462016624519
3832444.39004311 11.35767 -0.00203157446896965
3832755.13712572 11.358672 -0.0020199998937271
3833065.88420833 11.359674 -0.00053308902707257
3833376.63129093 11.360676 -0.000356078180734832
3833687.37837354 11.361678 -0.00141197704746654
3833998.12545615 11.36268 0.000915018871987655
3834308.87253875 11.363682 -0.00237085300233145
3834619.61962136 11.364684 -0.000743448677729002
3834930.36670397 11.365686 -0.000922961583844031
3835241.11378657 11.366688 0.000581435421759025
3835551.86086918 11.36769 0.000165658834781063
3835862.60795179 11.368692 0.000438219010999139
3836173.35503439 11.369694 -0.000223941182250139
3836484.102117 11.370696 0.000522776072538848
3836794.84919961 11.371698 -9.37020120528478e-05
3837105.59628221 11.3727 0.000143420568358848
3837416.34336482 11.373702 0.000766607278315247
3837727.09044743 11.374704 -8.8157806540479e-05
3838037.83753004 11.375706 -0.0011483759213191
3838348.58461264 11.376708 0.000238505040847749
3838659.33169525 11.37771 0.000766217292970545
3838970.07877786 11.378712 -0.00151811305627117
3839280.82586046 11.379714 -2.19132390022798e-05
3839591.57294307 11.380716 0.000272594789017605
3839902.32002568 11.381718 0.00182013827407342
3840213.06710828 11.38272 3.62269225903439e-05
3840523.81419089 11.383722 0.00216360541137724
3840834.5612735 11.384724 0.00133163301951776
3841145.3083561 11.385726 0.000845969625514779
3841456.05543871 11.386728 0.000457454901929197
3841766.80252132 11.38773 0.00118537806180844
3842077.54960392 11.388732 -3.88917380676026e-05
3842388.29668653 11.389734 0.00235544340257131
3842699.04376914 11.390736 -0.000845186741294384
3843009.79085174 11.391738 -0.00171981404397228
3843320.53793435 11.39274 -0.000568498080894217
3843631.28501696 11.393742 0.00101621302449948
3843942.03209956 11.394744 -0.0018076436023772
3844252.77918217 11.395746 -0.000302782662096855
3844563.52626478 11.396748 -0.000749620528627487
3844874.27334738 11.39775 -0.000836149141368078
3845185.02042999 11.398752 0.000170856992663631
3845495.7675126 11.399754 -0.00218308208940812
3845806.5145952 11.400756 -0.00189176995530778
3846117.26167781 11.401758 -0.000141235246164589
3846428.00876042 11.40276 0.000411468670229844
3846738.75584303 11.403762 -0.000463838049678715
3847049.50292563 11.404764 0.002043644878558
3847360.25000824 11.405766 0.00072401032273835
3847670.99709085 11.406768 -4.55953490234588e-05
3847981.74417345 11.40777 8.1186845203414e-05
3848292.49125606 11.408772 0.00121849873911822
3848603.23833867 11.409774 0.000318101815647143
3848913.98542127 11.410776 -0.00141637071719944
3849224.73250388 11.411778 0.000630162293368919
3849535.47958649 11.41278 -0.000303673193909474
3849846.22666909 11.413782 6.23020100201799e-07
3850156.9737517 11.414784 0.000571778312119089
3850467.72083431 11.415786 0.000927977871876802
3850778.46791691 11.416788 0.00096529235357159
3851089.21499952 11.41779 0.00086734105788056
3851399.96208213 11.418792 -0.000156391688543915
3851710.70916473 11.419794 0.000965038867135389
3852021.45624734 11.420796 0.00216830176704568
3852332.20332995 11.421798 0.000950616051036374
3852642.95041255 11.4228 -0.000442710687966232
3852953.69749516 11.423802 -0.000732908133940484
3853264.44457777 11.424804 -0.00322510651385657
3853575.19166037 11.425806 -0.00108547946199663
3853885.93874298 11.426808 0.00153075599736042
3854196.68582559 11.42781 -0.00104730210971947
3854507.43290819 11.428812 0.00181461503043483
3854818.1799908 11.429814 -0.000333254363034792
3855128.92707341 11.430816 8.32423507889117e-05
3855439.67415602 11.431818 0.000729379447240809
3855750.42123862 11.43282 0.00218228013995259
3856061.16832123 11.433822 -0.00108026440308311
3856371.91540384 11.434824 0.000956981524697716
3856682.66248644 11.435826 -0.000161769624125477
3856993.40956905 11.436828 -0.000973910230611241
3857304.15665166 11.43783 0.000389275460778414
3857614.90373426 11.438832 0.000913684852690174
3857925.65081687 11.439834 -0.000484536761245434
3858236.39789948 11.440836 0.000139036361483496
3858547.14498208 11.441838 -0.000115274791438557
3858857.89206469 11.44284 0.000676161819890359
3859168.6391473 11.443842 0.000786892082770498
3859479.3862299 11.444844 0.00193609928518905
3859790.13331251 11.445846 0.000651036946678231
3860100.88039512 11.446848 -0.00025738538891838
3860411.62747772 11.44785 0.00172486971550931
3860722.37456033 11.448852 0.000326607792787218
3861033.12164294 11.449854 -0.000618524836445848
3861343.86872554 11.450856 0.000214644423330327
3861654.61580815 11.451858 0.000810367956198635
3861965.36289076 11.45286 0.00120857689001541
3862276.10997336 11.453862 -0.00011963651788127
3862586.85705597 11.454864 -0.00105974714926896
3862897.60413858 11.455866 -0.00108426926601569
3863208.35122118 11.456868 -0.000662292083921909
3863519.09830379 11.45787 0.000473476041168942
3863829.8453864 11.458872 0.00109463543619933
3864140.592469 11.459874 -0.0011695748575994
3864451.33955161 11.460876 -0.000536146198348536
3864762.08663422 11.461878 0.00075974984197509
3865072.83371683 11.46288 -0.00192824509383323
3865383.58079943 11.463882 -0.00236287203113846
3865694.32788204 11.464884 0.00170875237187038
3866005.07496465 11.465886 0.000400916712514963
3866315.82204725 11.466888 0.00020193088587209
3866626.56912986 11.46789 9.88712781559386e-05
3866937.31621247 11.468892 -0.000998531860559015
3867248.06329507 11.469894 -0.000369199316704722
3867558.81037768 11.470896 0.000234262008540283
3867869.55746029 11.471898 -0.000874987765314953
3868180.30454289 11.4729 0.00161714206528698
3868491.0516255 11.473902 -0.0011591679370644
3868801.79870811 11.474904 -0.00169434978406473
3869112.54579071 11.475906 0.000200401555397706
3869423.29287332 11.476908 -0.00239325070610795
3869734.03995593 11.47791 -0.00113367581386164
3870044.78703853 11.478912 0.000573858349891899
3870355.53412114 11.479914 -0.00098404105051184
3870666.28120375 11.480916 0.000178326821228856
3870977.02828635 11.481918 0.00175994695967072
3871287.77536896 11.48292 0.0012271712437151
3871598.52245157 11.483922 -0.000669754661208151
3871909.26953417 11.484924 0.000706277003608698
3872220.01661678 11.485926 0.000638702463062142
3872530.76369939 11.486928 -0.000465023330005562
3872841.510782 11.48793 -5.37388662451242e-05
3873152.2578646 11.488932 0.000291746334062638
3873463.00494721 11.489934 0.00220431568516569
3873773.75202982 11.490936 -0.00148375376158596
3874084.49911242 11.491938 -0.00154916083703641
3874395.24619503 11.49294 -0.000125354459317852
3874705.99327764 11.493942 0.000532609786149799
3875016.74036024 11.494944 -0.000410718387494882
3875327.48744285 11.495946 -0.000929159869229082
3875638.23452546 11.496948 -0.000838726247835644
3875948.98160806 11.49795 -0.00103050148899365
3876259.72869067 11.498952 0.000781490323541893
3876570.47577328 11.499954 -0.000279026259255229
3876881.22285588 11.500956 -0.000672241650411056
3877191.96993849 11.501958 0.00161433495854152
3877502.7170211 11.50296 0.00138856160881824
3877813.4641037 11.503962 0.00215731947213115
3878124.21118631 11.504964 0.000821592143400342
3878434.95826892 11.505966 0.00263696562186964
3878745.70535152 11.506968 0.0013266655808594
3879056.45243413 11.50797 -0.00110743871531152
3879367.19951674 11.508972 -3.50510627442556e-05
3879677.94659934 11.509974 0.000417188222415379
3879988.69368195 11.510976 -9.93728421368107e-05
3880299.44076456 11.511978 0.000133195389045885
3880610.18784716 11.51298 -0.000631118773599818
3880920.93492977 11.513982 0.00103605648621223
3881231.68201238 11.514984 0.000560428595883267
3881542.42909499 11.515986 -0.000296282976638178
3881853.17617759 11.516988 -0.000842219488860321
3882163.9232602 11.51799 0.000569717751191877
3882474.67034281 11.518992 0.00193715574704698
3882785.41742541 11.519994 0.000965667167413605
3883096.16450802 11.520996 -0.000932823335628585
3883406.91159063 11.521998 -0.00249691137568051
3883717.65867323 11.523 0.0013163524943862
3884028.40575584 11.524002 0.000350920227469126
3884339.15283845 11.525004 0.00129973064498741
3884649.89992105 11.526006 -0.000821002441056222
3884960.64700366 11.527008 -0.00128518094211276
3885271.39408627 11.52801 0.00101339793959294
3885582.14116887 11.529012 -0.000329443726708181
3885892.88825148 11.530014 -0.000879347792057185
3886203.63533409 11.531016 0.000436309854184642
3886514.38241669 11.532018 0.000607085963585395
3886825.1294993 11.53302 -0.0012354195020302
3887135.87658191 11.534022 0.00227419231407312
3887446.62366451 11.535024 -0.000709558654054342
3887757.37074712 11.536026 -0.00140344072671603
3888068.11782973 11.537028 0.00018263084283744
3888378.86491233 11.53803 0.000662217680172815
3888689.61199494 11.539032 0.00041829338020365
3889000.35907755 11.540034 -0.00286442021265345
3889311.10616015 11.541036 -4.38863874342905e-05
3889621.85324276 11.542038 -0.000498212268711582
3889932.60032537 11.54304 -0.000837627489922716
3890243.34740797 11.544042 -0.000913984281491825
3890554.09449058 11.545044 -0.000766265661572501
3890864.84157319 11.546046 0.000770085510299266
3891175.58865579 11.547048 1.84996578543387e-05
3891486.3357384 11.54805 0.00243083823866015
3891797.08282101 11.549052 -0.000637645983449499
3892107.82990362 11.550054 -0.00219323656319262
3892418.57698622 11.551056 -0.00020370115396653
3892729.32406883 11.552058 -0.00111899523968763
3893040.07115144 11.55306 0.00101755825347328
3893350.81823404 11.554062 -7.76976795262112e-05
3893661.56531665 11.555064 0.00207732615179151
3893972.31239926 11.556066 0.00130086353390131
3894283.05948186 11.557068 0.000135430679112241
3894593.80656447 11.55807 -0.0011576332858477
3894904.55364708 11.559072 0.00082686847676186
3895215.30072968 11.560074 -0.00125045150221638
3895526.04781229 11.561076 -0.000431565638468349
3895836.7948949 11.562078 -0.000981097349170128
3896147.5419775 11.56308 0.00318156219438744
3896458.28906011 11.564082 0.000374955206987982
3896769.03614272 11.565084 0.00148290101613085
3897079.78322532 11.566086 -0.000826199123698883
3897390.53030793 11.567088 -0.000154539017154831
3897701.27739054 11.56809 -0.000890916982176308
3898012.02447314 11.569092 0.00062926248794683
3898322.77155575 11.570094 -0.00185503577941613
3898633.51863836 11.571096 -0.00224948998139524
3898944.26572096 11.572098 -0.00210481239214238
3899255.01280357 11.5731 -4.79650450472034e-05
3899565.75988618 11.574102 0.000599982069489894
3899876.50696878 11.575104 0.00152770488247635
3900187.25405139 11.576106 -0.000895699164109667
3900498.001134 11.577108 0.00110516197135937
3900808.7482166 11.57811 -0.00131669784324763
3901119.49529921 11.579112 0.00422235898183046
3901430.24238182 11.580114 0.000557181798619496
3901740.98946443 11.581116 -0.00137906799614427
3902051.73654703 11.582118 -0.000199248162903704
3902362.48362964 11.58312 0.00186100736379718
3902673.23071225 11.584122 0.000434770578520388
3902983.97779485 11.585124 0.00093516986319916
3903294.72487746 11.586126 0.000213569636352247
3903605.47196007 11.587128 -0.00128683872466599
3903916.21904267 11.58813 0.00028358711404925
3904226.96612528 11.589132 0.0024092120303833
3904537.71320789 11.590134 0.0012880907413257
3904848.46029049 11.591136 0.000944457189132372
3905159.2073731 11.592138 -0.00189472731180642
3905469.95445571 11.59314 -0.000835495881210841
3905780.70153831 11.594142 -0.000386140718987357
3906091.44862092 11.595144 0.000337075372744361
3906402.19570353 11.596146 0.000524781842701409
3906712.94278613 11.597148 -0.000361044803088716
3907023.68986874 11.59815 -0.00197441620820843
3907334.43695135 11.599152 -0.000318091546246908
3907645.18403395 11.600154 0.000616885129694572
3907955.93111656 11.601156 0.00225292852363612
3908266.67819917 11.602158 -0.000764439064508142
3908577.42528177 11.60316 -0.000196762551551007
3908888.17236438 11.604162 -0.000897063221735845
3909198.91944699 11.605164 0.00118543503051199
3909509.66652959 11.606166 0.000485023629021399
3909820.4136122 11.607168 -1.61484490917577e-05
3910131.16069481 11.60817 0.000721069497231215
3910441.90777742 11.609172 -0.000337974425050493
3910752.65486002 11.610174 0.00060384454143635
3911063.40194263 11.611176 -0.00161542046959623
3911374.14902524 11.612178 -0.00168604818763005
3911684.89610784 11.61318 -0.000482782237663225
3911995.64319045 11.614182 0.00254413735088545
3912306.39027306 11.615184 -0.000574605259409013
3912617.13735566 11.616186 -0.000654505214076158
3912927.88443827 11.617188 -0.00191828230834057
3913238.63152088 11.61819 0.00109282901470318
3913549.37860348 11.619192 0.0010418808263632
3913860.12568609 11.620194 0.000287351711691657
3914170.8727687 11.621196 4.34254910139903e-06
3914481.6198513 11.622198 -0.000322607790071086
3914792.36693391 11.6232 -0.00110175552508645
3915103.11401652 11.624202 -0.00211970372150296
3915413.86109912 11.625204 0.000412408286781397
3915724.60818173 11.626206 -0.000114469480676049
3916035.35526434 11.627208 -0.00219032813002115
3916346.10234694 11.62821 0.00143990500134372
3916656.84942955 11.629212 -0.00097485837807339
3916967.59651216 11.630214 -0.000298678937941175
3917278.34359476 11.631216 -0.000679688065993214
3917589.09067737 11.632218 -0.00184885052871325
3917899.83775998 11.63322 -0.000297214604618877
3918210.58484259 11.634222 -0.000916805531969893
3918521.33192519 11.635224 -0.00014645359556671
3918832.0790078 11.636226 -0.00103141998465686
3919142.82609041 11.637228 0.000829359508816571
3919453.57317301 11.63823 0.00122260774922449
3919764.32025562 11.639232 0.00134615555021116
3920075.06733823 11.640234 0.00109721291427702
3920385.81442083 11.641236 0.000150519777029851
3920696.56150344 11.642238 0.000945578305783187
3921007.30858605 11.64324 0.000279044222352772
3921318.05566865 11.644242 0.000276646790726474
3921628.80275126 11.645244 0.000479381534009901
3921939.54983387 11.646246 0.00363978806312069
3922250.29691647 11.647248 0.000967734291458124
3922561.04399908 11.64825 -0.0022602133606633
3922871.79108169 11.649252 -0.000587654253031362
3923182.53816429 11.650254 0.000991204932139274
3923493.2852469 11.651256 5.35964486741066e-05
3923804.03232951 11.652258 -0.001176222798972
3924114.77941211 11.65326 -0.000392691440374567
3924425.52649472 11.654262 0.00108386714674109
3924736.27357733 11.655264 0.00289049175576306
3925047.02065993 11.656266 -7.30543485389956e-05
3925357.76774254 11.657268 0.00231818322052109
3925668.51482515 11.65827 -0.00151002080923432
3925979.26190775 11.659272 -0.000669004038540811
3926290.00899036 11.660274 -0.000101761204970425
3926600.75607297 11.661276 0.000477672444907054
3926911.50315558 11.662278 -0.000762230862454083
3927222.25023818 11.66328 -0.00106223764257656
3927532.99732079 11.664282 0.00112695392801572
3927843.7444034 11.665284 -0.00105016838392254
3928154.491486 11.666286 -0.00113771164456973
3928465.23856861 11.667288 0.00257126566811368
3928775.98565122 11.66829 -0.00127163539944713
3929086.73273382 11.669292 0.000852488531739349
3929397.47981643 11.670294 -0.00061843705680989
3929708.22689904 11.671296 0.00107937532177512
3930018.97398164 11.672298 -0.00107442656508038
3930329.72106425 11.6733 -0.0006242715518517
3930640.46814686 11.674302 0.00205921832410066
3930951.21522946 11.675304 -0.00281927041465364
3931261.96231207 11.676306 -0.000722239047149968
3931572.70939468 11.677308 -0.000252117452068262
3931883.45647728 11.67831 -0.000225973896988665
3932194.20355989 11.679312 0.00234919756094631
3932504.9506425 11.680314 4.66928612350179e-05
3932815.6977251 11.681316 0.000104338518395025
3933126.44480771 11.682318 0.000946723950702295
3933437.19189032 11.68332 -0.000461898836533441
3933747.93897292 11.684322 0.000424825015078178
3934058.68605553 11.685324 0.00118769871618928
3934369.43313814 11.686326 0.000532080159763071
3934680.18022075 11.687328 -0.000980947640207205
3934990.92730335 11.68833 -0.000924175849550714
3935301.67438596 11.689332 -0.000690463539888466
3935612.42146857 11.690334 -0.00010659841820597
3935923.16855117 11.691336 -0.000880581672824346
3936233.91563378 11.692338 -4.38502335841093e-05
3936544.66271639 11.69334 -0.00113595843622413
3936855.40979899 11.694342 -0.000103153793709771
3937166.1568816 11.695344 -0.000245783115396286
3937476.90396421 11.696346 0.000951903251631558
3937787.65104681 11.697348 -0.00100081153919622
3938098.39812942 11.69835 0.00136736931654053
3938409.14521203 11.699352 -0.00251990779238268
3938719.89229463 11.700354 0.00124869607640979
3939030.63937724 11.701356 -0.000916411454514275
3939341.38645985 11.702358 0.000245852329132363
3939652.13354245 11.70336 0.00130235918340395
3939962.88062506 11.704362 -0.00122850832678885
3940273.62770767 11.705364 -0.00289244501502095
3940584.37479027 11.706366 -0.00275836647874071
3940895.12187288 11.707368 -0.000483006749918483
3941205.86895549 11.70837 -0.000367677635073728
3941516.61603809 11.709372 -0.00136967296363957
3941827.3631207 11.710374 -0.00112957007765599
3942138.11020331 11.711376 0.000986695065131063
3942448.85728591 11.712378 -0.00160086161461088
3942759.60436852 11.71338 -0.00184764225198378
3943070.35145113 11.714382 0.00063774729377186
3943381.09853373 11.715384 0.000616915368991524
3943691.84561634 11.716386 -8.83287398468537e-05
3944002.59269895 11.717388 0.000192942173997032
3944313.33978156 11.71839 -0.00126364586181619
3944624.08686416 11.719392 0.00135669994741414
3944934.83394677 11.720394 -0.000560139134751047
3945245.58102938 11.721396 -0.000327646255360193
3945556.32811198 11.722398 0.000228405779232322
3945867.07519459 11.7234 1.96251411330091e-05
3946177.8222772 11.724402 0.000458182971862919
3946488.5693598 11.725404 0.00104492925784124
3946799.31644241 11.726406 -0.00133405081795223
3947110.06352502 11.727408 -0.00148402003475885
3947420.81060762 11.72841 0.000205778670410913
3947731.55769023 11.729412 0.000111873880728365
3948042.30477284 11.730414 0.000976412926651175
3948353.05185544 11.731416 -0.00051237391405562
3948663.79893805 11.732418 -0.00190611591198755
3948974.54602066 11.73342 0.000761623253786105
3949285.29310326 11.734422 -0.000755197599835343
3949596.04018587 11.735424 0.000101976035186429
3949906.78726848 11.736426 -0.00199561211681388
3950217.53435108 11.737428 0.00177629646898485
3950528.28143369 11.73843 0.00123254258493288
3950839.0285163 11.739432 -0.00172759467845205
3951149.7755989 11.740434 -0.000655704249847325
3951460.52268151 11.741436 0.000882774992129799
3951771.26976412 11.742438 7.41683552402215e-06
3952082.01684672 11.74344 -0.00136388888153582
3952392.76392933 11.744442 0.00140312833193008
3952703.51101194 11.745444 0.000149111838387568
3953014.25809454 11.746446 -0.00118559762008965
3953325.00517715 11.747448 0.000713199060294788
3953635.75225976 11.74845 0.00067472261172835
3953946.49934236 11.749452 0.000969817937684503
3954257.24642497 11.750454 -0.000190692410551348
3954567.99350758 11.751456 -0.000381572728690558
3954878.74059018 11.752458 0.000120856269655436
3955189.48767279 11.75346 0.00337034842785929
3955500.2347554 11.754462 -2.32275706499301e-05
3955810.98183801 11.755464 0.000190503517485287
3956121.72892061 11.756466 0.00136396075679761
3956432.47600322 11.757468 0.00045753466620696
3956743.22308583 11.75847 0.00182431468997734
3957053.97016843 11.759472 -0.00241646174575943
3957364.71725104 11.760474 0.000981633302387621
3957675.46433365 11.761476 -0.000995541352466817
3957986.21141625 11.762478 -0.000897797582346043
3958296.95849886 11.76348 -0.00160104497277101
3958607.70558147 11.764482 0.0018612078385082
3958918.45266407 11.765484 -0.000804069351755169
3959229.19974668 11.766486 0.00104058554090772
3959539.94682929 11.767488 0.000705857086201098
3959850.69391189 11.76849 0.00139815780755225
3960161.4409945 11.769492 0.000166591259272464
3960472.18807711 11.770494 0.00138995457097127
3960782.93515971 11.771496 -8.28396064226746e-05
3961093.68224232 11.772498 -0.00171577598721632
3961404.42932493 11.7735 -0.00218493561679715
3961715.17640754 11.774502 -0.000264577223232534
3962025.92349014 11.775504 0.000416212893371972
3962336.67057275 11.776506 0.00043717671868435
3962647.41765535 11.777508 -0.000538763902041388
3962958.16473796 11.77851 -6.78117052830833e-05
3963268.91182057 11.779512 -0.00134980810961163
3963579.65890318 11.780514 0.000113051344488526
3963890.40598578 11.781516 -0.00179377635357961
3964201.15306839 11.782518 0.000783340983026578
3964511.900151 11.78352 0.000226156526352101
3964822.6472336 11.784522 -0.00164465420854337
3965133.39431621 11.785524 0.00134615946644045
3965444.14139882 11.786526 0.00108554532604991
3965754.88848142 11.787528 0.000868891141210903
3966065.63556403 11.78853 -0.000176847063636319
3966376.38264664 11.789532 0.00243846984331087
3966687.12972924 11.790534 0.00105565656577602
3966997.87681185 11.791536 -0.00230006628772151
3967308.62389446 11.792538 0.0031997918073716
3967619.37097706 11.79354 -0.000140801052283951
3967930.11805967 11.794542 -0.00271727910590057
3968240.86514228 11.795544 -0.000619338818505671
3968551.61222488 11.796546 0.000239485615848786
3968862.35930749 11.797548 0.00143195082182298
3969173.1063901 11.79855 -0.000610038525528783
3969483.8534727 11.799552 -0.000456830030283462
3969794.60055531 11.800554 -0.00134100089620955
3970105.34763792 11.801556 0.00333275486536701
3970416.09472052 11.802558 0.000194837328342546
3970726.84180313 11.80356 -0.00147320829543209
3971037.58888574 11.804562 0.000327674558598507
3971348.33596834 11.805564 -4.51403493595651e-06
3971659.08305095 11.806566 0.00101168300682707
3971969.83013356 11.807568 -0.000919141980462358
3972280.57721617 11.80857 -0.00267325496188484
3972591.32429877 11.809572 -0.00181505266323807
3972902.07138138 11.810574 0.000918340349388537
3973212.81846399 11.811576 0.00126619111976298
3973523.56554659 11.812578 0.00157239740706128
3973834.3126292 11.81358 -0.00037574403724988
3974145.05971181 11.814582 0.000797272005106854
3974455.80679441 11.815584 0.000279643630193359
3974766.55387702 11.816586 -0.000428144320127835
3975077.30095963 11.817588 -7.80722686345007e-05
3975388.04804223 11.81859 -0.000352097576718189
3975698.79512484 11.819592 -0.000347450481989461
3976009.54220745 11.820594 0.00232954977848722
3976320.28929005 11.821596 -0.000614994692527266
3976631.03637266 11.822598 -0.000345748163160428
3976941.78345527 11.8236 -0.000576806308691647
3977252.53053787 11.824602 -0.00104415068098565
3977563.27762048 11.825604 0.00211893079326738
3977874.02470309 11.826606 -0.00166985408634736
3978184.77178569 11.827608 9.32558306747638e-05
3978495.5188683 11.82861 0.000247223945406186
3978806.26595091 11.829612 0.000378356377777919
3979117.01303351 11.830614 0.000487825276535122
3979427.76011612 11.831616 -0.00168495061627255
3979738.50719873 11.832618 0.00133550742948954
3980049.25428134 11.83362 0.00156487894023331
3980360.00136394 11.834622 0.000183877267092342
3980670.74844655 11.835624 -0.00185202232274671
3980981.49552916 11.836626 -0.000394053197245792
3981292.24261176 11.837628 -0.00182415366801106
3981602.98969437 11.83863 0.00105341663588239
3981913.73677698 11.839632 -0.000378737984830603
3982224.48385958 11.840634 0.00286472149343737
3982535.23094219 11.841636 -0.00126386228330218
3982845.9780248 11.842638 -0.000257449146551628
3983156.7251074 11.84364 -0.000749815857393098
3983467.47219001 11.844642 -0.00121116039187409
3983778.21927262 11.845644 0.00144211272194187
3984088.96635522 11.846646 -0.000175331585944967
3984399.71343783 11.847648 -0.00191021464120352
3984710.46052044 11.84865 0.000769014738560492
3985021.20760304 11.849652 -0.000184426953860772
3985331.95468565 11.850654 -0.00102411807483162
3985642.70176826 11.851656 0.000282055013833758
3985953.44885086 11.852658 -0.0013498082239442
3986264.19593347 11.85366 0.000937287073203691
3986574.94301608 11.854662 -0.00113668580013379
3986885.69009868 11.855664 -0.000316518369754333
3987196.43718129 11.856666 -0.00123172956337543
3987507.1842639 11.857668 0.000766421370200547
3987817.9313465 11.85867 -0.000947424660737522
3988128.67842911 11.859672 -0.00114472386409355
3988439.42551172 11.860674 0.00165291897664841
3988750.17259432 11.861676 8.30761561217415e-05
3989060.91967693 11.862678 -0.00210996231322557
3989371.66675954 11.86368 0.000676135687071383
3989682.41384215 11.864682 0.00133015053655453
3989993.16092475 11.865684 -0.00133730019895626
3990303.90800736 11.866686 -0.00109292710215875
3990614.65508997 11.867688 4.23658960407163e-06
3990925.40217257 11.86869 0.000357038333674868
3991236.14925518 11.869692 0.00135323473714148
3991546.89633779 11.870694 0.000150487052994969
3991857.64342039 11.871696 0.000885924399341147
3992168.390503 11.872698 0.000353175645980841
3992479.13758561 11.8737 -0.00333551228652383
3992789.88466821 11.874702 -0.000775190949128185
3993100.63175082 11.875704 -0.000322835145201173
3993411.37883343 11.876706 0.000834484529879431
3993722.12591603 11.877708 -0.000571877368556599
3994032.87299864 11.87871 -0.0011118601509095
3994343.62008125 11.879712 -0.00114484628016276
3994654.36716385 11.880714 0.000391309150826351
3994965.11424646 11.881716 -0.00151234518263856
3995275.86132907 11.882718 -0.00227260433431714
3995586.60841167 11.88372 -0.00156123245968125
3995897.35549428 11.884722 0.000636944632895388
3996208.10257689 11.885724 -0.000100531837184278
3996518.84965949 11.886726 0.000401455563445628
3996829.5967421 11.887728 0.000372854212612321
3997140.34382471 11.88873 -0.00235997979813224
3997451.09090731 11.889732 -0.00211596408465858
3997761.83798992 11.890734 -0.000864574217986592
3998072.58507253 11.891736 0.00025977270096268
3998383.33215514 11.892738 0.00305318014372405
3998694.07923774 11.89374 0.00123403087253434
3999004.82632035 11.894742 -0.00132239467986014
3999315.57340296 11.895744 0.00141736232207212
3999626.32048556 11.896746 0.000527455007657495
3999937.06756817 11.897748 0.000561063224090269
4000247.81465078 11.89875 -3.45148030208189e-05
4000558.56173338 11.899752 0.00151484715276802
4000869.30881599 11.900754 -0.00150559496868669
4001180.0558986 11.901756 -0.000669206306750353
4001490.8029812 11.902758 -0.00241463289346243
4001801.55006381 11.90376 -0.00121088902910268
4002112.29714642 11.904762 0.00106304607254174
4002423.04422902 11.905764 -0.000446639346834675
4002733.79131163 11.906766 -0.000785848224897458
4003044.53839424 11.907768 0.000275803922419277
4003355.28547684 11.90877 0.000551966615503322
4003666.03255945 11.909772 0.00064578499367894
4003976.77964206 11.910774 -0.000383216592048046
4004287.52672466 11.911776 -0.000459659161198609
4004598.27380727 11.912778 -0.00157760948972843
4004909.02088988 11.91378 -0.00161660939271454
4005219.76797248 11.914782 0.0012322421817107
4005530.51505509 11.915784 0.000524245522131265
4005841.2621377 11.916786 -9.38470843027323e-05
4006152.0092203 11.917788 -0.00214572709223681
4006462.75630291 11.91879 0.000208790138505458
4006773.50338552 11.919792 -0.00117037716966896
4007084.25046813 11.920794 0.000769781733416231
4007394.99755073 11.921796 -0.00207871471054464
4007705.74463334 11.922798 0.001658892078017
4008016.49171595 11.9238 -0.000388971721840438
4008327.23879855 11.924802 7.70232794659474e-05
4008637.98588116 11.925804 0.00249041962629466
4008948.73296377 11.926806 0.00141214867813324
4009259.48004637 11.927808 -0.000232141626120889
4009570.22712898 11.92881 -0.0020292018584125
4009880.97421159 11.929812 -0.00174763656936363
4010191.72129419 11.930814 0.000751944341481493
4010502.4683768 11.931816 0.00200743144451635
4010813.21545941 11.932818 -0.000501987352351806
4011123.96254201 11.93382 0.000991024369296623
4011434.70962462 11.934822 0.00032938020816507
4011745.45670723 11.935824 -0.000329097779713214
4012056.20378983 11.936826 -0.000320731736426503
4012366.95087244 11.937828 0.000508557132537471
4012677.69795505 11.93883 0.000618376941872726
4012988.44503765 11.939832 0.000608068870274777
4013299.19212026 11.940834 -0.00022079251632967
4013609.93920287 11.941836 0.000305286748702014
4013920.68628547 11.942838 0.000751548685035202
4014231.43336808 11.94384 0.00136907927678545
4014542.18045069 11.944842 -0.000588649069953811
4014852.92753329 11.945844 0.00101165116438602
4015163.6746159 11.946846 8.1538822762602e-05
4015474.42169851 11.947848 -0.00103510526775766
4015785.16878111 11.94885 0.000558888397861019
4016095.91586372 11.949852 0.00179220211161412
4016406.66294633 11.950854 -0.000484282147057355
4016717.41002893 11.951856 -0.000392078849496616
4017028.15711154 11.952858 0.00110203268385944
4017338.90419415 11.95386 -9.95119484433133e-05
4017649.65127676 11.954862 -0.00101390204252149
4017960.39835936 11.955864 0.000437497881375504
4018271.14544197 11.956866 0.00187712073574762
4018581.89252458 11.957868 -0.000650136991748357
4018892.63960718 11.95887 -8.62557716296413e-06
4019203.38668979 11.959872 0.000268065842081488
4019514.1337724 11.960874 -0.000195212135363779
4019824.880855 11.961876 -0.000924147765754856
4020135.62793761 11.962878 0.000598267963977528
4020446.37502022 11.96388 -0.00154986834294707
4020757.12210282 11.964882 -0.000498470116230341
4021067.86918543 11.965884 0.000785444967883412
4021378.61626804 11.966886 0.00180553036400552
4021689.36335064 11.967888 0.000630444337707005
4022000.11043325 11.96889 -0.00167400483152349
4022310.85751586 11.969892 -0.00186690576272063
4022621.60459846 11.970894 0.000817959136281593
4022932.35168107 11.971896 -0.000260752925819936
4023243.09876368 11.972898 0.000609493343634864
4023553.84584629 11.9739 0.000354971972211529
4023864.59292889 11.974902 0.000224430179621347
4024175.3400115 11.975904 -0.000106785728905555
4024486.0870941 11.976906 0.000140020876037584
4024796.83417671 11.977908 0.00208248255452671
4025107.58125932 11.97891 0.00126541876577628
4025418.32834193 11.979912 0.00125924954949972
4025729.07542453 11.980914 0.000136845517982112
4026039.82250714 11.981916 0.00212840240897459
4026350.56958975 11.982918 0.0010741732224799
4026661.31667235 11.98392 0.000452244021305711
4026972.06375496 11.984922 -0.0016339552130856
4027282.81083757 11.985924 -0.000767845307222824
4027593.55792017 11.986926 -0.00108297183540664
4027904.30500278 11.987928 0.000741976012074703
4028215.05208539 11.98893 -0.000566907293305182
4028525.79916799 11.989932 -0.00156273493592882
4028836.5462506 11.990934 -0.000176508662898828
4029147.29333321 11.991936 0.0015596954900452
4029458.04041581 11.992938 0.0014512961881402
4029768.78749842 11.99394 -0.000298624063084306
4030079.53458103 11.994942 -0.00320628812412868
4030390.28166363 11.995944 -0.000837877443736115
4030701.02874624 11.996946 0.000145951930217319
4031011.77582885 11.997948 -0.00149101803431398
4031322.52291145 11.99895 0.000601284122930879
4031633.26999406 11.999952 0.00147543047333632
4031944.01707667 12.000954 -0.000836268598725133
4032254.76415927 12.001956 -0.00142965387150581
4032565.51124188 12.002958 -0.000732588007025555
4032876.25832449 12.00396 -0.00214509488772518
4033187.00540709 12.004962 -0.000822943981085152
4033497.7524897 12.005964 -0.00247145652240468
4033808.49957231 12.006966 -0.00213154052577285
4034119.24665491 12.007968 0.000985122680386411
4034429.99373752 12.00897 0.00223287561392796
4034740.74082013 12.009972 -0.000677439701970193
4035051.48790274 12.010974 0.000845368435847424
4035362.23498534 12.011976 -6.75059711918644e-05
4035672.98206795 12.012978 0.00138695937252602
4035983.72915056 12.01398 -0.000156844676966077
4036294.47623316 12.014982 0.0018243432675611
4036605.22331577 12.015984 -0.00271818992775732
4036915.97039838 12.016986 0.00119504361305121
4037226.71748098 12.017988 0.00201583813191174
4037537.46456359 12.01899 -0.000430828924409969
4037848.2116462 12.019992 0.00139167738772673
4038158.9587288 12.020994 -0.00184189466502828
4038469.70581141 12.021996 0.000481933457208834
4038780.45289402 12.022998 -0.000962683131658767
4039091.19997662 12.024 -0.00230411434742529
4039401.94705923 12.025002 -0.00199163918800905
4039712.69414184 12.026004 0.000689682742235771
4040023.44122444 12.027006 -0.00153739243530572
4040334.18830705 12.028008 0.00130818290145334
4040644.93538966 12.02901 3.59882779535458e-05
4040955.68247226 12.030012 -0.00218877086029381
4041266.42955487 12.031014 1.81393295739791e-05
4041577.17663748 12.032016 0.000251140156927653
4041887.92372008 12.033018 0.000152477166857958
4042198.67080269 12.03402 0.00135113937907073
4042509.4178853 12.035022 -0.000564843734070988
4042820.1649679 12.036024 0.000201037104275402
4043130.91205051 12.037026 -0.00112428943383425
4043441.65913312 12.038028 -0.000673515233889371
4043752.40621573 12.03903 0.00158775963807475
4044063.15329833 12.040032 -0.00111664217816207
4044373.90038094 12.041034 0.00131094736747404
4044684.64746355 12.042036 -0.00107921361145092
4044995.39454615 12.043038 0.000795445219346925
4045306.14162876 12.04404 -0.00147438489969199
4045616.88871137 12.045042 0.000765588907716015
4045927.63579397 12.046044 -0.00178239216209552
4046238.38287658 12.047046 -0.000965402810259096
4046549.12995919 12.048048 0.000694531614693467
4046859.87704179 12.04905 -0.00204599879713176
4047170.6241244 12.050052 0.000150905491606362
4047481.37120701 12.051054 0.00114426214637654
4047792.11828961 12.052056 -0.000800843431070621
4048102.86537222 12.053058 -0.00101670642821747
4048413.61245483 12.05406 0.000987550118823723
4048724.35953743 12.055062 -0.00118826291071072
4049035.10662004 12.056064 0.000399544328928549
4049345.85370265 12.057066 -0.00315821958898275
4049656.60078525 12.058068 0.00117183539680134
4049967.34786786 12.05907 0.00114123383422156
4050278.09495047 12.060072 0.000824883948225
4050588.84203307 12.061074 -5.21338600267319e-06
4050899.58911568 12.062076 0.00136628283540148
4051210.33619829 12.063078 -0.000446198105106683
4051521.08328089 12.06408 0.00122672069019743
4051831.8303635 12.065082 -0.00100951622896201
4052142.57744611 12.066084 0.00127418282234695
4052453.32452872 12.067086 -0.000716467781610067
4052764.07161132 12.068088 0.00205529719597099
4053074.81869393 12.06909 0.000315637321998251
4053385.56577654 12.070092 -0.000218102627408472
4053696.31285914 12.071094 0.00168445960882161
4054007.05994175 12.072096 -0.000939036257490472
4054317.80702436 12.073098 -0.000333174381272968
4054628.55410696 12.0741 -0.000834790371074746
4054939.30118957 12.075102 0.000428755970858047
4055250.04827218 12.076104 0.000659413321301905
4055560.79535478 12.077106 -0.00100358220689269
4055871.54243739 12.078108 0.0019650097531566
4056182.28952 12.07911 0.000862056130439647
4056493.0366026 12.080112 0.00109982182167724
4056803.78368521 12.081114 0.00090557205989323
4057114.53076782 12.082116 -0.000891027250213128
4057425.27785042 12.083118 -0.00260965308100828
4057736.02493303 12.08412 -0.0012406166150446
4058046.77201564 12.085122 -0.00014685769586222
4058357.51909824 12.086124 0.00153645394446344
4058668.26618085 12.087126 -0.000613974237109672
4058979.01326346 12.088128 0.00087646246946665
4059289.76034606 12.08913 -0.00215704019175583
4059600.50742867 12.090132 -0.00214113421883632
4059911.25451128 12.091134 0.000232947334295234
4060222.00159389 12.092136 -0.000249838332387817
4060532.74867649 12.093138 0.00199451106387808
4060843.4957591 12.09414 0.000810657973742793
4061154.24284171 12.095142 -0.000927588761532982
4061464.98992431 12.096144 -0.000842980685765836
4061775.73700692 12.097146 0.00124967113597708
4062086.48408953 12.098148 -6.27263869443691e-05
4062397.23117213 12.09915 0.000121021098110517
4062707.97825474 12.100152 1.75739337842718e-05
4063018.72533735 12.101154 -0.000670740228058952
4063329.47241995 12.102156 0.000290494612863904
4063640.21950256 12.103158 0.00126204466049287
4063950.96658517 12.10416 0.00199338308628923
4064261.71366777 12.105162 0.00104436801496376
4064572.46075038 12.106164 0.000789097951074891
4064883.20783299 12.107166 0.00223697301493801
4065193.95491559 12.108168 0.00102409155909023
4065504.7019982 12.10917 0.00103226300609328
4065815.44908081 12.110172 0.00242306941860518
4066126.19616341 12.111174 -0.000510095763245084
4066436.94324602 12.112176 -0.00133009030168291
4066747.69032863 12.113178 0.000729919266490593
4067058.43741123 12.11418 0.00193768993458053
4067369.18449384 12.115182 0.000388490178917234
4067679.93157645 12.116184 -0.00167858084906959
4067990.67865905 12.117186 -0.00118929663997721
4068301.42574166 12.118188 -0.00193195612988468
4068612.17282427 12.11919 -0.00115503759232789
4068922.91990688 12.120192 0.000354567365795301
4069233.66698948 12.121194 -0.00102507713131949
4069544.41407209 12.122196 -0.000120199728080356
4069855.1611547 12.123198 -0.000388935443953275
4070165.9082373 12.1242 0.00245905888002251
4070476.65531991 12.125202 -0.00202911063269787
4070787.40240252 12.126204 -0.00120388610045514
4071098.14948512 12.127206 -0.000466038219890895
4071408.89656773 12.128208 -0.0015880489440481
4071719.64365034 12.12921 -0.000422627262889349
4072030.39073294 12.130212 -0.000884852542467797
4072341.13781555 12.131214 0.00165109066317449
4072651.88489816 12.132216 0.000875960060822309
4072962.63198076 12.133218 -0.000655942321826042
4073273.37906337 12.13422 0.00168170713071954
4073584.12614598 12.135222 -0.00262382277644998
4073894.87322858 12.136224 0.000411644479731104
4074205.62031119 12.137226 0.000513611990446963
4074516.3673938 12.138228 0.000704311844588208
4074827.1144764 12.13923 0.000220814450964001
4075137.86155901 12.140232 -0.000246834560088945
4075448.60864162 12.141234 -0.00121303695363886
4075759.35572422 12.142236 0.000365467760101357
4076070.10280683 12.143238 0.0011341728526376
4076380.84988944 12.14424 0.00204700293274603
4076691.59697205 12.145242 0.000497239914787927
4077002.34405465 12.146244 0.00152734795023916
4077313.09113726 12.147246 0.00199968373362895
4077623.83821987 12.148248 -0.000524069328988254
4077934.58530247 12.14925 0.00127713781563888
4078245.33238508 12.150252 0.00192864688689915
4078556.07946768 12.151254 -0.00071314297446481
4078866.82655029 12.152256 0.000782861345289834
4079177.5736329 12.153258 0.000451728360663733
4079488.3207155 12.15426 -0.00121252866381493
4079799.06779811 12.155262 -0.00101160263359559
4080109.81488072 12.156264 -0.00121243771787799
4080420.56196333 12.157266 -0.000385971511233961
4080731.30904593 12.158268 0.00136216299408599
4081042.05612854 12.15927 0.000118683784176775
4081352.80321115 12.160272 -7.51188084928691e-05
4081663.55029375 12.161274 -0.000468950419163126
4081974.29737636 12.162276 0.000645189179224745
4082285.04445897 12.163278 -0.000156060745515548
4082595.79154157 12.16428 -0.00115287166548325
4082906.53862418 12.165282 -0.00142939829322165
4083217.28570679 12.166284 0.00131807318663603
4083528.03278939 12.167286 -0.000160733951567077
4083838.779872 12.168288 -0.000331784422056935
4084149.52695461 12.16929 0.000421526793747489
4084460.27403721 12.170292 -0.000665590224766319
4084771.02111982 12.171294 -0.000895435575945988
4085081.76820243 12.172296 -0.00124224032738422
4085392.51528503 12.173298 0.000576141545650998
4085703.26236764 12.1743 0.00129329630220056
4086014.00945025 12.175302 0.000719051607334382
4086324.75653286 12.176304 0.000754579940720682
4086635.50361546 12.177306 -0.00031848436854344
4086946.25069807 12.178308 0.000418084597898808
4087256.99778068 12.17931 0.000506622958511494
4087567.74486328 12.180312 0.00165516727268419
4087878.49194589 12.181314 -0.00108678621878476
4088189.2390285 12.182316 -0.00242964150198946
4088499.9861111 12.183318 -0.000935698024419207
4088810.73319371 12.18432 -0.000128240905302312
4089121.48027632 12.185322 6.56150698079869e-05
4089432.22735892 12.186324 0.000348096015651685
4089742.97444153 12.187326 0.00019026244164001
4090053.72152414 12.188328 0.000496842067112171
4090364.46860674 12.18933 -0.00124385449102104
4090675.21568935 12.190332 -0.000333271420178111
4090985.96277196 12.191334 -0.000779242944489703
4091296.70985456 12.192336 -0.000400302736296907
4091607.45693717 12.193338 0.00139090782957298
4091918.20401978 12.19434 -0.00212928635990275
4092228.95110238 12.195342 -0.000990372158314977
4092539.69818499 12.196344 -0.000299914107554262
4092850.4452676 12.197346 -0.00169675466263113
4093161.1923502 12.198348 0.000229335610263118
4093471.93943281 12.19935 0.000757572970893036
4093782.68651542 12.200352 0.00054436232401857
4094093.43359802 12.201354 -7.57278841988592e-05
4094404.18068063 12.202356 0.00249176504464763
4094714.92776324 12.203358 0.000645860655041772
4095025.67484584 12.20436 0.000209716559892586
4095336.42192845 12.205362 -0.00198992571192608
4095647.16901106 12.206364 -0.000248753451435026
4095957.91609366 12.207366 0.000180601534054711
4096268.66317627 12.208368 0.000740143029563199
4096579.41025888 12.20937 0.000703599717159124
4096890.15734148 12.210372 -0.000280189360851264
4097200.90442409 12.211374 0.00108407843439097
4097511.6515067 12.212376 0.00124027107326254
4097822.39858931 12.213378 0.00134056134578433
4098133.14567191 12.21438 0.00119238176520674
4098443.89275452 12.215382 0.00106068457230372
4098754.63983713 12.216384 0.00012629909038273
4099065.38691973 12.217386 -0.00252021467373766
4099376.13400234 12.218388 0.00072318537117633
4099686.88108495 12.21939 -0.00037978745627724
4099997.62816755 12.220392 0.000277571197515522
4100308.37525016 12.221394 -0.00179500321526825
4100619.12233277 12.222396 -0.00137459286923085
4100929.86941537 12.223398 0.000114880375966586
4101240.61649798 12.2244 0.000765870487062956
4101551.36358059 12.225402 -1.30214284863975e-05
4101862.11066319 12.226404 0.000127026212461555
4102172.8577458 12.227406 -0.00158366171560762
4102483.60482841 12.228408 0.00301104163093386
4102794.35191101 12.22941 -0.00119328237435286
4103105.09899362 12.230412 -0.00185869844566447
4103415.84607623 12.231414 -0.000259374595097483
4103726.59315883 12.232416 -0.000263892600584353
4104037.34024144 12.233418 -0.00137292023486684
4104348.08732405 12.23442 -0.00118149485185464
4104658.83440665 12.235422 -0.000114045785746123
4104969.58148926 12.236424 0.00142869680605229
4105280.32857187 12.237426 0.000812686437878148
4105591.07565448 12.238428 0.000228167443956339
4105901.82273708 12.23943 -0.00171849626761978
4106212.56981969 12.240432 0.00108561576935623
4106523.3169023 12.241434 -0.0021572201042902
4106834.0639849 12.242436 -0.00194544151240969
4107144.81106751 12.243438 0.00234571127466566
4107455.55815012 12.24444 0.000747233397491286
4107766.30523272 12.245442 0.00153696406450343
4108077.05231533 12.246444 -0.00160817863008534
4108387.79939794 12.247446 0.000795574285663701
4108698.54648054 12.248448 0.000396384759242911
4109009.29356315 12.24945 0.00185119484574792
4109320.04064576 12.250452 -0.000718784925501235
4109630.78772836 12.251454 -0.000827826519220908
4109941.53481097 12.252456 -6.12744542410895e-05
4110252.28189358 12.253458 0.000362320302266448
4110563.02897618 12.25446 0.000974573781002473
4110873.77605879 12.255462 -0.000406518991491432
4111184.5231414 12.256464 -0.000713135840903374
4111495.270224 12.257466 -0.000174458777350286
4111806.01730661 12.258468 0.000673676748656463
4112116.76438922 12.25947 -0.000318477710362022
4112427.51147182 12.260472 -0.00122260042196607
4112738.25855443 12.261474 0.000944447787158635
4113049.00563704 12.262476 0.00037098432321906
4113359.75271964 12.263478 0.000633391755357141
4113670.49980225 12.26448 0.00191423609861916
4113981.24688486 12.265482 2.46564188816386e-05
4114291.99396747 12.266484 -0.0017472932896782
4114602.74105007 12.267486 -0.00226362558011278
4114913.48813268 12.268488 -0.00050790029359215
4115224.23521529 12.26949 -0.000971847925852715
4115534.98229789 12.270492 0.00255612284041901
4115845.7293805 12.271494 0.000763085406424569
4116156.47646311 12.272496 0.000389658642318547
4116467.22354571 12.273498 -0.000748675138932594
4116777.97062832 12.2745 0.000860700934604607
4117088.71771093 12.275502 -0.00157672594464444
4117399.46479353 12.276504 0.00113741775182231
4117710.21187614 12.277506 0.000375511398515272
4118020.95895875 12.278508 0.000272255592873977
4118331.70604135 12.27951 0.000669227115671175
4118642.45312396 12.280512 -0.0025679157575571
4118953.20020657 12.281514 0.000778172796068812
4119263.94728917 12.282516 -7.15656326667904e-05
4119574.69437178 12.283518 0.000393165930065041
4119885.44145439 12.28452 -0.00102240514855516
4120196.18853699 12.285522 -5.86789984885692e-07
4120506.9356196 12.286524 0.00311396013358077
4120817.68270221 12.287526 -0.00137849836938469
4121128.42978481 12.288528 0.000414781124839725
4121439.17686742 12.28953 0.000530314244520442
4121749.92395003 12.290532 -0.000727962817834753
4122060.67103263 12.291534 -0.000720308208120649
4122371.41811524 12.292536 0.00171518800638799
4122682.16519785 12.293538 0.00126064914271508
4122992.91228046 12.29454 0.000146312522953551
4123303.65936306 12.295542 -0.00166169779657706
4123614.40644567 12.296544 0.000331249968502169
4123925.15352828 12.297546 0.00113211140225333
4124235.90061088 12.298548 0.00156963463292546
4124546.64769349 12.29955 -7.12110017192515e-05
4124857.3947761 12.300552 -0.00141501429481746
4125168.1418587 12.301554 -0.000706932700627491
4125478.88894131 12.302556 -0.000145040436178781
4125789.63602392 12.303558 0.00195443622309391
4126100.38310652 12.30456 -0.000717296002217154
4126411.13018913 12.305562 -0.00160649873757302
4126721.87727174 12.306564 0.00127164014200868
4127032.62435434 12.307566 0.00166100290570565
4127343.37143695 12.308568 -0.000956075869812284
4127654.11851956 12.30957 -0.00143504330141388
4127964.86560216 12.310572 0.000908363283567956
4128275.61268477 12.311574 0.0013735514067415
4128586.35976738 12.312576 -0.00028708057168482
4128897.10684998 12.313578 -0.000313633931741146
4129207.85393259 12.31458 -0.000173909447167008
4129518.6010152 12.315582 -0.00235914106001817
4129829.3480978 12.316584 0.000956749647684309
4130140.09518041 12.317586 0.000771557603872921
4130450.84226302 12.318588 0.000281946440854713
4130761.58934562 12.31959 -0.00151040271362612
4131072.33642823 12.320592 0.00098084227112396
4131383.08351084 12.321594 -0.000509861988790764
4131693.83059345 12.322596 0.00109700074855095
4132004.57767605 12.323598 -0.00123699138341473
4132315.32475866 12.3246 0.0014426716810951
4132626.07184127 12.325602 -0.000164004313408761
4132936.81892387 12.326604 0.00146918175530854
4133247.56600648 12.327606 9.54205463292672e-05
4133558.31308909 12.328608 -0.000682126643642036
4133869.06017169 12.32961 0.000257927531130791
4134179.8072543 12.330612 0.00060853470212516
4134490.55433691 12.331614 -0.000390840927598422
4134801.30141951 12.332616 0.000507239196004945
4135112.04850212 12.333618 0.00062920162190967
4135422.79558473 12.33462 0.00161833223292043
4135733.54266733 12.335622 -0.000315477683071872
4136044.28974994 12.336624 0.000106064965469275
4136355.03683255 12.337626 -0.00276328757787327
4136665.78391515 12.338628 -0.000739527127696473
4136976.53099776 12.33963 -0.00122525359161016
4137287.27808037 12.340632 -0.000687870646104488
4137598.02516297 12.341634 -0.00195012035985507
4137908.77224558 12.342636 0.00319605286025316
4138219.51932819 12.343638 -0.000922435393862616
4138530.26641079 12.34464 -0.00281688938044128
4138841.0134934 12.345642 0.000476676335745921
4139151.76057601 12.346644 -0.00159224298531632
4139462.50765861 12.347646 0.00175694401287744
4139773.25474122 12.348648 -0.000281672612854342
4140084.00182383 12.34965 0.000341162575390296
4140394.74890644 12.350652 0.000317292084557437
4140705.49598904 12.351654 -0.00159291156673209
4141016.24307165 12.352656 -0.00116828379226772
4141326.99015426 12.353658 0.00121972427343755
4141637.73723686 12.35466 0.000133180747599827
4141948.48431947 12.355662 0.000725238381618243
4142259.23140208 12.356664 0.00276239743839987
4142569.97848468 12.357666 0.000340087149071908
4142880.72556729 12.358668 -0.000452565783138214
4143191.4726499 12.35967 0.000254234521556111
4143502.2197325 12.360672 -0.00206276506376355
4143812.96681511 12.361674 -1.05421038187549e-05
4144123.71389772 12.362676 0.0012751647845714
4144434.46098032 12.363678 0.000376608766449941
4144745.20806293 12.36468 -0.000509631365689024
4145055.95514554 12.365682 -5.18356294690757e-05
4145366.70222814 12.366684 0.00140338156388622
4145677.44931075 12.367686 0.000659909749653295
4145988.19639336 12.368688 0.00266792307821396
4146298.94347596 12.36969 0.000420861994484988
4146609.69055857 12.370692 -0.00070575183628419
4146920.43764118 12.371694 0.00120776443865863
4147231.18472378 12.372696 0.000164418060609425
4147541.93180639 12.373698 0.0012741679720799
4147852.678889 12.3747 0.000114183786601278
4148163.4259716 12.375702 0.000302630695284319
4148474.17305421 12.376704 -2.64477568075664e-05
4148784.92013682 12.377706 -0.000249455962638882
4149095.66721943 12.378708 0.00109454326445717
4149406.41430203 12.37971 0.000881344154747944
4149717.16138464 12.380712 0.000547069948719054
4150027.90846725 12.381714 0.00141976033494505
4150338.65554985 12.382716 0.00197342861277084
4150649.40263246 12.383718 0.000895440291035918
4150960.14971507 12.38472 0.000576065677644273
4151270.89679767 12.385722 0.000757931440253436
4151581.64388028 12.386724 0.00273717902792185
4151892.39096289 12.387726 0.000154533539977218
4152203.13804549 12.388728 0.00147877200718786
4152513.8851281 12.38973 0.000223726046042054
4152824.63221071 12.390732 0.000228877405951904
4153135.37929331 12.391734 0.00115570885718111
4153446.12637592 12.392736 0.000343958490778296
4153756.87345853 12.393738 0.0012208083694698
4154067.62054113 12.39474 0.00125366925371581
4154378.36762374 12.395742 0.000715009034150232
4154689.11470635 12.396744 0.0004165255389907
4154999.86178895 12.397746 -0.000277352441026619
4155310.60887156 12.398748 0.000751655632096634
4155621.35595417 12.39975 -0.000942499673973873
4155932.10303677 12.400752 -9.47497647002592e-05
4156242.85011938 12.401754 -0.000303723652804678
4156553.59720199 12.402756 0.000263186783875818
4156864.34428459 12.403758 0.0010640036743254
4157175.0913672 12.40476 -0.0014517553223502
4157485.83844981 12.405762 -0.000547214713842369
4157796.58553241 12.406764 0.00129974253512875
4158107.33261502 12.407766 0.00247613620596177
4158418.07969763 12.408768 0.000639615796022814
4158728.82678023 12.40977 -0.000688901108431254
4159039.57386284 12.410772 0.000516996116844242
4159350.32094545 12.411774 -0.000895233715923807
4159661.06802806 12.412776 -0.000559122485215844
4159971.81511066 12.413778 0.00113954180812517
4160282.56219327 12.41478 -0.00213787533229941
4160593.30927588 12.415782 0.000188223254122696
4160904.05635848 12.416784 0.0007606232683226
4161214.80344109 12.417786 0.00106087149953736
4161525.5505237 12.418788 -0.00065760877601397
4161836.2976063 12.41979 0.000617882597451454
4162147.04468891 12.420792 -0.00026723467981967
4162457.79177152 12.421794 0.00256213356549899
4162768.53885412 12.422796 0.000334128034375867
4163079.28593673 12.423798 -0.000802005308083425
4163390.03301934 12.4248 -0.00118882736265433
4163700.78010194 12.425802 0.00072421220094419
4164011.52718455 12.426804 -0.00041540515813952
4164322.27426716 12.427806 0.000218843974515105
4164633.02134976 12.428808 0.00119525787421239
4164943.76843237 12.42981 -0.000929473737663278
4165254.51551498 12.430812 -0.00088746014519045
4165565.26259758 12.431814 0.00195761187297799
4165876.00968019 12.432816 1.12058523782303e-05
4166186.7567628 12.433818 -0.000314989481884713
4166497.5038454 12.43482 -0.000593715764306216
4166808.25092801 12.435822 -0.00107551435265066
4167118.99801062 12.436824 -0.000732973386733385
4167429.74509322 12.437826 -0.00169433618268803
4167740.49217583 12.438828 0.000684083818934982
4168051.23925844 12.43983 0.000353961268853165
4168361.98634105 12.440832 0.000763647478701917
4168672.73342365 12.441834 0.000728437281742605
4168983.48050626 12.442836 3.69765862441648e-05
4169294.22758887 12.443838 -0.000260670622913124
4169604.97467147 12.44484 -0.000376647317481879
4169915.72175408 12.445842 0.00101658226598259
4170226.46883669 12.446844 0.000406835827520627
4170537.21591929 12.447846 -0.00108520077576213
4170847.9630019 12.448848 -0.000718738529635205
4171158.71008451 12.44985 -0.00349549741504658
4171469.45716711 12.450852 -0.00184968784170288
4171780.20424972 12.451854 0.00100215940184515
4172090.95133233 12.452856 7.38997379470392e-05
4172401.69841493 12.453858 0.000178965924079127
4172712.44549754 12.45486 0.0030322352182564
4173023.19258015 12.455862 0.00128213584174121
4173333.93966275 12.456864 0.00091888626329143
4173644.68674536 12.457866 0.000383310828409674
4173955.43382797 12.458868 7.79206740434395e-05
4174266.18091057 12.45987 0.000129315225851948
4174576.92799318 12.460872 0.00086333438127267
4174887.67507579 12.461874 -0.00116566605206174
4175198.42215839 12.462876 -0.00054661650101873
4175509.169241 12.463878 0.000423080016881355
4175819.91632361 12.46488 -0.00125825226680006
4176130.66340621 12.465882 -0.000384257329390839
4176441.41048882 12.466884 -0.000433649406755982
4176752.15757143 12.467886 0.00157531640828254
4177062.90465404 12.468888 -0.00155329783880437
4177373.65173664 12.46989 -0.000108154584233711
4177684.39881925 12.470892 0.00110197205202246
4177995.14590186 12.471894 0.000854426233024966
4178305.89298446 12.472896 -0.000462343732884132
4178616.64006707 12.473898 -0.000628618162742701
4178927.38714968 12.4749 -0.000275160824364802
4179238.13423228 12.475902 -4.15748247316879e-05
4179548.88131489 12.476904 0.00129543322240371
4179859.6283975 12.477906 0.000374457512430404
4180170.3754801 12.478908 0.000331646774055201
4180481.12256271 12.47991 -1.09519005622425e-05
4180791.86964532 12.480912 0.00160827625027866
4181102.61672792 12.481914 0.000194549023288922
4181413.36381053 12.482916 0.000369818535846745
4181724.11089314 12.483918 0.000760615929890906
4182034.85797574 12.48492 -0.000829169746163392
4182345.60505835 12.485922 0.00176456893196937
4182656.35214096 12.486924 -0.000378074437062304
4182967.09922356 12.487926 0.000607218754090764
4183277.84630617 12.488928 0.00169037759597578
4183588.59338878 12.48993 -0.0007858683560535
4183899.34047138 12.490932 -0.00197292270868518
4184210.08755399 12.491934 -0.00332348464840133
4184520.8346366 12.492936 4.88800723438175e-05
4184831.5817192 12.493938 -3.03765658820273e-05
4185142.32880181 12.49494 0.001125704128962
4185453.07588442 12.495942 -0.000136234041782428
4185763.82296702 12.496944 -0.000216804196369668
4186074.57004963 12.497946 -0.00172266941022391
4186385.31713224 12.498948 0.000991910653204444
4186696.06421485 12.49995 0.000543881814499678
4187006.81129745 12.500952 0.00140150199060709
4187317.55838006 12.501954 0.000631497485975898
4187628.30546267 12.502956 0.000601423355158785
4187939.05254527 12.503958 0.00146587024674093
4188249.79962788 12.50496 -0.00148367012781979
4188560.54671049 12.505962 -0.00317913538499965
4188871.29379309 12.506964 -0.00121736900132015
4189182.0408757 12.507966 -0.000815815341766544
4189492.78795831 12.508968 -0.000563047586267324
4189803.53504091 12.50997 -0.00106805987534025
4190114.28212352 12.510972 0.00293518492080032
4190425.02920613 12.511974 0.000817824815777339
4190735.77628873 12.512976 -0.00142071378352933
4191046.52337134 12.513978 -0.00173199544411306
4191357.27045395 12.51498 -0.000880036844632696
4191668.01753655 12.515982 0.00300586537281109
4191978.76461916 12.516984 -0.00137541685127953
4192289.51170177 12.517986 0.00165407155701502
4192600.25878437 12.518988 -0.000488720796495196
4192911.00586698 12.51999 -0.000532186676538837
4193221.75294959 12.520992 0.00126848771575143
4193532.50003219 12.521994 -0.000354326778785114
4193843.2471148 12.522996 -0.000362129373224696
4194153.99419741 12.523998 -0.000667338563868383
4194464.74128002 12.525 0.00062835682073599
4194775.48836262 12.526002 0.000162034843770892
4195086.23544523 12.527004 0.000325808977762769
4195396.98252784 12.528006 -0.00135059096283685
4195707.72961044 12.529008 0.00128431954592221
4196018.47669305 12.53001 0.000672485248399633
4196329.22377566 12.531012 0.00169805832654202
4196639.97085826 12.532014 -0.000240268799554207
4196950.71794087 12.533016 -0.0001287982059571
4197261.46502348 12.534018 -0.000685142796357802
4197572.21210608 12.53502 0.00136065835487978
4197882.95918869 12.536022 0.000113621176266938
4198193.7062713 12.537024 0.0010162344452639
4198504.4533539 12.538026 -0.000871003369264789
4198815.20043651 12.539028 0.000931682741328821
4199125.94751912 12.54003 0.000104695708255981
4199436.69460172 12.541032 0.000387594885037329
4199747.44168433 12.542034 -0.00123652278416844
4200058.18876694 12.543036 0.00135013315942338
4200368.93584954 12.544038 0.00270859694554268
4200679.68293215 12.54504 0.000568230880097529
4200990.43001476 12.546042 0.000340817212020566
4201301.17709736 12.547044 -0.000547508966290552
4201611.92417997 12.548046 0.000226758721672708
4201922.67126258 12.549048 -0.000927484077144638
4202233.41834518 12.55005 -0.000644940755611406
4202544.16542779 12.551052 -0.000359254622097146
4202854.9125104 12.552054 -0.00178975173242981
4203165.65959301 12.553056 -0.000562728176996897
4203476.40667561 12.554058 -0.000843317228947919
4203787.15375822 12.55506 0.00226020492691537
4204097.90084083 12.556062 2.17784444790692e-06
4204408.64792343 12.557064 0.00184533634878007
4204719.39500604 12.558066 -0.000144086424390356
4205030.14208865 12.559068 0.00106749582359288
4205340.88917125 12.56007 5.68043609868052e-05
4205651.63625386 12.561072 0.000531440413753066
4205962.38333647 12.562074 -0.000963256918296018
4206273.13041907 12.563076 0.000779724496735298
4206583.87750168 12.564078 -0.00183568297799449
4206894.62458429 12.56508 6.12003566554408e-06
4207205.37166689 12.566082 -0.000535684196435673
4207516.1187495 12.567084 -0.00021797398022697
4207826.86583211 12.568086 -0.000293738094603809
4208137.61291471 12.569088 -0.00168774117173507
4208448.35999732 12.57009 0.0019656254067222
4208759.10707993 12.571092 0.00119246285890427
4209069.85416253 12.572094 0.000790102334558616
4209380.60124514 12.573096 0.00102545325145199
4209691.34832775 12.574098 -0.00233097828899498
4210002.09541035 12.5751 -0.00109267473215632
4210312.84249296 12.576102 0.000790103057742791
4210623.58957557 12.577104 0.000933461190638234
4210934.33665818 12.578106 0.00257403358400035
4211245.08374078 12.579108 0.000744175297259158
4211555.83082339 12.58011 -0.00100916221787877
4211866.577906 12.581112 0.00101116971649864
4212177.3249886 12.582114 0.00214758259195507
4212488.07207121 12.583116 -0.000369166721428946
4212798.81915382 12.584118 -0.000433960843156493
4213109.56623642 12.58512 -0.0015628846058274
4213420.31331903 12.586122 -0.000711230941474232
4213731.06040164 12.587124 0.00133435554228167
4214041.80748424 12.588126 -0.00116573399766885
4214352.55456685 12.589128 -0.000586233145556703
4214663.30164946 12.59013 9.88466669084481e-05
4214974.04873206 12.591132 2.1349791809566e-05
4215284.79581467 12.592134 -0.000701655204458542
4215595.54289728 12.593136 -0.00019152211916611
4215906.28997988 12.594138 -0.00209060039022806
4216217.03706249 12.59514 -0.00280640930177326
4216527.7841451 12.596142 0.000352827958802663
4216838.5312277 12.597144 0.000864778752702564
4217149.27831031 12.598146 -0.00102674506495731
4217460.02539292 12.599148 -0.00103141882746931
4217770.77247552 12.60015 -0.000820537746820148
4218081.51955813 12.601152 0.000625764036997647
4218392.26664074 12.602154 -0.00126672946234403
4218703.01372334 12.603156 0.00142178251486453
4219013.76080595 12.604158 0.000658033551926217
4219324.50788856 12.60516 0.000518707607592605
4219635.25497116 12.606162 0.000552150301362018
4219946.00205377 12.607164 0.00168924915117
4220256.74913638 12.608166 -0.000742724191712342
4220567.49621898 12.609168 0.00035179128237316
4220878.24330159 12.61017 0.00212220938037147
4221188.9903842 12.611172 0.00243969101820274
4221499.7374668 12.612174 0.00163226628735736
4221810.48454941 12.613176 -5.22952997855748e-05
4222121.23163202 12.614178 0.000576471492037464
4222431.97871463 12.61518 0.000263587579779934
4222742.72579723 12.616182 0.000512450076313132
4223053.47287984 12.617184 -0.000377943711212928
4223364.21996245 12.618186 -0.000176012194342274
4223674.96704505 12.619188 0.000693022059994793
4223985.71412766 12.62019 0.000383985824553185
4224296.46121027 12.621192 0.00047927674418845
4224607.20829287 12.622194 0.00194279344395503
4224917.95537548 12.623196 0.000954958122465709
4225228.70245809 12.624198 -0.00034503049382347
4225539.44954069 12.6252 0.000340828881723609
4225850.1966233 12.626202 0.00280350089146573
4226160.94370591 12.627204 -3.51031544435358e-05
4226471.69078851 12.628206 0.00120894314200701
4226782.43787112 12.629208 -0.00312686682268895
4227093.18495373 12.63021 -0.000917610777782526
4227403.93203633 12.631212 0.00146116725119299
4227714.67911894 12.632214 -0.00236434626767431
4228025.42620155 12.633216 1.66236632603084e-05
4228336.17328415 12.634218 -0.00181390009401645
4228646.92036676 12.63522 0.000550761413803541
4228957.66744937 12.636222 -0.000878253300873657
4229268.41453198 12.637224 0.00162054353744632
4229579.16161458 12.638226 -0.00139772936006613
4229889.90869719 12.639228 0.000732780553805974
4230200.65577979 12.64023 8.66026720363859e-05
4230511.4028624 12.641232 0.000820863434076839
4230822.14994501 12.642234 -0.00173325020363029
4231132.89702762 12.643236 -0.000737728421451427
4231443.64411022 12.644238 -0.000759796346179314
4231754.39119283 12.64524 0.00112876831400923
4232065.13827544 12.646242 -0.00160382741439606
4232375.88535804 12.647244 -0.000367953209873739
4232686.63244065 12.648246 -0.000779824825802702
4232997.37952326 12.649248 -0.00167270707033128
4233308.12660586 12.65025 -0.00145562213522633
4233618.87368847 12.651252 0.000486346951276917
4233929.62077108 12.652254 -5.63162051577176e-05
4234240.36785368 12.653256 0.00177388631750724
4234551.11493629 12.654258 0.000158524711863726
4234861.8620189 12.65526 0.00220128442973507
4235172.6091015 12.656262 -0.000410368531992373
4235483.35618411 12.657264 -0.00019243248724316
4235794.10326672 12.658266 0.000238474059353382
4236104.85034932 12.659268 -0.00168026847851127
4236415.59743193 12.66027 0.00223328523113549
4236726.34451454 12.661272 -0.00280649829823874
4237037.09159714 12.662274 0.000658669152974159
4237347.83867975 12.663276 -0.000599891978108689
4237658.58576236 12.664278 0.000246298927208938
4237969.33284496 12.66528 0.000364631461347226
4238280.07992757 12.666282 -0.00072154612233162
4238590.82701018 12.667284 0.000420327980924065
4238901.57409279 12.668286 0.00171162811674527
4239212.32117539 12.669288 -0.000184526091229458
4239523.068258 12.67029 0.00188746380306202
4239833.81534061 12.671292 0.000904158974736973
4240144.56242321 12.672294 0.000267528733620088
4240455.30950582 12.673296 -5.92513632122446e-05
4240766.05658843 12.674298 -0.000479534502232304
4241076.80367103 12.6753 -0.000299496027650358
4241387.55075364 12.676302 0.000821600451152258
4241698.29783625 12.677304 0.00150958162745774
4242009.04491885 12.678306 0.000374817187586001
4242319.79200146 12.679308 -0.000607541246892561
4242630.53908407 12.68031 0.000363143169979942
4242941.28616667 12.681312 -0.00275933080715031
4243252.03324928 12.682314 0.000235126553125884
4243562.78033189 12.683316 0.000778498118553072
4243873.52741449 12.684318 0.000949182755201039
4244184.2744971 12.68532 -0.00158171223536599
4244495.02157971 12.686322 0.00131644574195655
4244805.76866231 12.687324 0.000527964977082599
4245116.51574492 12.688326 0.00156844897258493
4245427.26282753 12.689328 -0.00167343590229217
4245738.00991013 12.69033 0.000837906213609791
4246048.75699274 12.691332 -0.000131704141434563
4246359.50407535 12.692334 0.000992137830043817
4246670.25115795 12.693336 -0.000339579414194756
4246980.99824056 12.694338 -0.000859962489869209
4247291.74532317 12.69534 -0.00164208769232604
4247602.49240578 12.696342 0.00116208355543418
4247913.23948838 12.697344 0.000769908864087535
4248223.98657099 12.698346 -0.000333506205305763
4248534.7336536 12.699348 0.000100110547137089
4248845.4807362 12.70035 -0.000755864438104205
4249156.22781881 12.701352 -0.00107814704397852
4249466.97490142 12.702354 -0.000301368920668412
4249777.72198402 12.703356 -0.00122534649008261
4250088.46906663 12.704358 0.000213714702706492
4250399.21614924 12.70536 0.000430661759327624
4250709.96323184 12.706362 -3.51354497382246e-05
4251020.71031445 12.707364 -0.000930764239821872
4251331.45739706 12.708366 0.00254064538385291
4251642.20447966 12.709368 0.000722454946259944
4251952.95156227 12.71037 -7.2905432213252e-05
4252263.69864488 12.711372 0.000130907927592676
4252574.44572748 12.712374 -0.00136640421493177
4252885.19281009 12.713376 0.00115859252227319
4253195.9398927 12.714378 0.00021236784604769
4253506.6869753 12.71538 -0.00248621933948393
4253817.43405791 12.716382 0.00296764385917829
4254128.18114052 12.717384 -0.00203479683927461
4254438.92822312 12.718386 -0.00156074136803092
4254749.67530573 12.719388 -0.00123325509340615
4255060.42238834 12.72039 -0.0021938228824504
4255371.16947094 12.721392 0.000310521013650094
4255681.91655355 12.722394 0.000320107400626466
4255992.66363616 12.723396 -0.000333032662808186
4256303.41071877 12.724398 -0.000111748273581327
4256614.15780137 12.7254 -0.000691790108518787
4256924.90488398 12.726402 0.00139780633057934
4257235.65196659 12.727404 -0.00118069549613527
4257546.39904919 12.728406 -0.00121749257766614
4257857.1461318 12.729408 -0.00197957433824883
4258167.89321441 12.73041 8.29397956003137e-05
4258478.64029701 12.731412 -0.000913071246062291
4258789.38737962 12.732414 -0.0014756321147587
4259100.13446223 12.733416 0.000971640910809443
4259410.88154483 12.734418 -0.00183922818679162
4259721.62862744 12.73542 0.00107627044429696
4260032.37571005 12.736422 -0.000460571102926649
4260343.12279265 12.737424 0.00119507673738542
4260653.86987526 12.738426 0.00106888353108285
4260964.61695787 12.739428 0.000561194085646885
4261275.36404047 12.74043 -0.0034920490056711
4261586.11112308 12.741432 0.00138459901357606
4261896.85820569 12.742434 -0.000448934980464704
4262207.60528829 12.743436 -0.00231051956656324
4262518.3523709 12.744438 0.00115936825415237
4262829.09945351 12.74544 0.000415586728910764
4263139.84653611 12.746442 0.000208530942737241
4263450.59361872 12.747444 -0.000926372235689367
4263761.34070133 12.748446 -0.00154702557216374
4264072.08778393 12.749448 0.00184282765220964
4264382.83486654 12.75045 0.00134872314139092
4264693.58194915 12.751452 0.000653077019075358
4265004.32903176 12.752454 0.000943189379697328
4265315.07611436 12.753456 0.0010576819922159
4265625.82319697 12.754458 -0.00198417407049694
4265936.57027957 12.75546 0.00214526932216043
4266247.31736218 12.756462 0.000651429468568003
4266558.06444479 12.757464 0.001062807262143
4266868.8115274 12.758466 -0.000682231210092749
4267179.55861 12.759468 0.00038431684359994
4267490.30569261 12.76047 0.000695277751506085
4267801.05277522 12.761472 -0.000455067061355624
4268111.79985782 12.762474 -0.000422780525327999
4268422.54694043 12.763476 -0.00103482657529543
4268733.29402304 12.764478 -0.000217835075888038
4269044.04110564 12.76548 0.00134715962814876
4269354.78818825 12.766482 -0.00044450302140981
4269665.53527086 12.767484 -0.00112809629097985
4269976.28235346 12.768486 9.0040656715277e-05
4270287.02943607 12.769488 -0.000275873861251932
4270597.77651868 12.77049 0.000219086602590071
4270908.52360128 12.771492 0.000378480669206442
4271219.27068389 12.772494 4.40371982305898e-05
4271530.0177665 12.773496 0.000284806444920684
4271840.7648491 12.774498 0.000501854736307204
4272151.51193171 12.7755 0.00024817394641185
4272462.25901432 12.776502 -0.000694151720606716
4272773.00609692 12.777504 0.00170026419455999
4273083.75317953 12.778506 0.000305541322066033
4273394.50026214 12.779508 -0.00152177973712911
4273705.24734475 12.78051 -0.000665612021364533
4274015.99442735 12.781512 0.000182286965303183
4274326.74150996 12.782514 0.00024596364908858
4274637.48859257 12.783516 5.63557281330757e-05
4274948.23567517 12.784518 0.00217419712281365
4275258.98275778 12.78552 -0.00095481672459452
4275569.72984039 12.786522 0.00124074449459838
4275880.47692299 12.787524 0.000210873050994735
4276191.2240056 12.788526 -0.000658562476332688
4276501.97108821 12.789528 0.000600638381192151
4276812.71817081 12.79053 0.000672138348799311
4277123.46525342 12.791532 0.00106859490048186
4277434.21233603 12.792534 -0.000966616869194898
4277744.95941863 12.793536 0.000369894491502511
4278055.70650124 12.794538 0.000368991118585769
4278366.45358385 12.79554 0.000139918137498491
4278677.20066645 12.796542 0.00127380734875582
4278987.94774906 12.797544 0.00020070978386615
4279298.69483167 12.798546 -0.00112371656194318
4279609.44191427 12.799548 -0.000362980769309809
4279920.18899688 12.80055 -0.00189916659349315
4280230.93607949 12.801552 -6.50613741689666e-06
4280541.68316209 12.802554 0.000909245080553203
4280852.4302447 12.803556 0.000461111517876494
4281163.17732731 12.804558 -0.000990034983605571
4281473.92440991 12.80556 0.00128533669009077
4281784.67149252 12.806562 -0.000561522073403105
4282095.41857513 12.807564 0.00166451260011384
4282406.16565773 12.808566 -0.000339972824177966
4282716.91274034 12.809568 -0.0011948747416032
4283027.65982295 12.81057 -0.000413235867820411
4283338.40690555 12.811572 5.45080207456646e-05
4283649.15398816 12.812574 -0.000784835589854347
4283959.90107077 12.813576 0.00101695022606194
4284270.64815337 12.814578 -5.06209492434396e-05
4284581.39523598 12.81558 0.00275019786007399
4284892.14231859 12.816582 0.000815714672244598
4285202.8894012 12.817584 0.00162447739795802
4285513.6364838 12.818586 -0.0015592143389618
4285824.38356641 12.819588 -0.000311925199439466
4286135.13064902 12.82059 0.000387858175547685
4286445.87773162 12.821592 -0.00123119267832441
4286756.62481423 12.822594 -0.00173434261797757
4287067.37189684 12.823596 0.000212769335842477
4287378.11897944 12.824598 -0.000218268870053504
4287688.86606205 12.8256 -0.00174571610489616
4287999.61314466 12.826602 -0.000944648089834189
4288310.36022726 12.827604 -0.00105029654187264
4288621.10730987 12.828606 -0.00129222081369581
4288931.85439248 12.829608 -0.00102553624342252
4289242.60147508 12.83061 0.00244771151095521
4289553.34855769 12.831612 0.00163152936954568
4289864.0956403 12.832614 -2.87495189588578e-05
4290174.8427229 12.833616 -0.00054659656907749
4290485.58980551 12.834618 -0.0020211772850932
4290796.33688812 12.83562 -0.000131955690134751
4291107.08397073 12.836622 0.00221541485076586
4291417.83105333 12.837624 0.000774883818893924
4291728.57813594 12.838626 0.000499906917298682
4292039.32521855 12.839628 0.000549711625744998
4292350.07230115 12.84063 0.000256232333677139
4292660.81938376 12.841632 0.000631567145824509
4292971.56646637 12.842634 0.000478214263657112
4293282.31354897 12.843636 0.000542896227185594
4293593.06063158 12.844638 -0.000825754649354624
4293903.80771419 12.84564 -0.00027264562092486
4294214.55479679 12.846642 -0.000777636865159496
4294525.3018794 12.847644 -0.00133960252945587
4294836.04896201 12.848646 0.000387436021737402
4295146.79604461 12.849648 0.000201763618891332
4295457.54312722 12.85065 0.00167491639813086
4295768.29020983 12.851652 0.000879966677312907
4296079.03729243 12.852654 0.000150233264961216
4296389.78437504 12.853656 -0.000347871397284002
4296700.53145765 12.854658 -0.00127154788859233
4297011.27854025 12.85566 0.000537675906983775
4297322.02562286 12.856662 0.000804829860873518
4297632.77270547 12.857664 -0.000269213070651405
4297943.51978807 12.858666 0.000491807888895535
4298254.26687068 12.859668 0.00173618125397258
4298565.01395329 12.86067 0.000363077767482885
4298875.76103589 12.861672 0.00150059562064935
4299186.5081185 12.862674 -0.000652487375101295
4299497.25520111 12.863676 -0.000626678802452487
4299808.00228371 12.864678 0.00125610957858346
4300118.74936632 12.86568 -0.000591498448990784
4300429.49644893 12.866682 6.50545219722783e-05
4300740.24353153 12.867684 0.000678888767195793
4301050.99061414 12.868686 0.000320797170181981
4301361.73769675 12.869688 0.00170004367063511
4301672.48477936 12.87069 -0.00199001659547084
4301983.23186196 12.871692 -0.00221664753120183
4302293.97894457 12.872694 -0.000491314486425538
4302604.72602718 12.873696 -0.000352770726360464
4302915.47310978 12.874698 0.00114477365883536
4303226.22019239 12.8757 -0.000923735419349678
4303536.967275 12.876702 -0.000997430002967063
4303847.7143576 12.877704 -0.000683784178723955
4304158.46144021 12.878706 -0.00115996536225896
4304469.20852282 12.879708 -0.000387962168494151
4304779.95560542 12.88071 -0.00131644934457281
4305090.70268803 12.881712 -0.00309122045626171
4305401.44977064 12.882714 -0.00206548007487278
4305712.19685324 12.883716 0.00116727504537266
4306022.94393585 12.884718 -5.84089906339127e-05
4306333.69101846 12.88572 -0.000772116821969729
4306644.43810106 12.886722 -0.00198756162569741
4306955.18518367 12.887724 0.000653756871142026
4307265.93226628 12.888726 0.000752453030450855
4307576.67934888 12.889728 -0.00016470277860543
4307887.42643149 12.89073 -0.0012660716816073
4308198.1735141 12.891732 0.000551778443416756
4308508.9205967 12.892734 -0.000893811454741383
4308819.66767931 12.893736 0.000128847746875083
4309130.41476192 12.894738 -0.000979304066005204
4309441.16184452 12.89574 -0.000844717217631768
4309751.90892713 12.896742 0.00168779419265284
4310062.65600974 12.897744 -0.00200664560487851
4310373.40309235 12.898746 0.000583515649294972
4310684.15017495 12.899748 -0.00176799047436126
4310994.89725756 12.90075 0.000628083831751215
4311305.64434016 12.901752 -0.000606450519313986
4311616.39142277 12.902754 0.00119854440381728
4311927.13850538 12.903756 -8.05797703800634e-05
4312237.88558799 12.904758 -0.000413879422259174
4312548.63267059 12.90576 -0.000391478350641768
4312859.3797532 12.906762 0.000524258881831076
4313170.12683581 12.907764 -0.00052930984519046
4313480.87391841 12.908766 -0.000181672734775756
4313791.62100102 12.909768 -0.00124453694568777
4314102.36808363 12.91077 -0.000412531731677634
4314413.11516623 12.911772 -0.001196177315913
4314723.86224884 12.912774 0.00101632415930102
4315034.60933145 12.913776 -0.000792852122133838
4315345.35641405 12.914778 -0.0011668265809536
4315656.10349666 12.91578 -0.00177020075088112
4315966.85057927 12.916782 -0.00126318530195683
4316277.59766187 12.917784 -0.000785291138550269
4316588.34474448 12.918786 0.00063841297405825
4316899.09182709 12.919788 0.000856440340384569
4317209.83890969 12.92079 -0.000270392355785149
4317520.5859923 12.921792 -0.00111488837039346
4317831.33307491 12.922794 -0.000854503516469619
4318142.08015751 12.923796 -0.000272395552524793
4318452.82724012 12.924798 -0.00110828839678743
4318763.57432273 12.9258 0.000152947001138897
4319074.32140534 12.926802 -9.54713276339855e-06
4319385.06848794 12.927804 -0.00238289498350411
4319695.81557055 12.928806 0.000285651189150201
4320006.56265316 12.929808 0.000515455889415111
4320317.30973576 12.93081 -0.000919331166669215
4320628.05681837 12.931812 -0.000619969568059263
4320938.80390098 12.932814 -0.000113785670326347
4321249.55098358 12.933816 -4.65380791052987e-05
4321560.29806619 12.934818 -0.00201623254266255
4321871.0451488 12.93582 -0.000866872037233465
4322181.7922314 12.936822 -0.000108425762668011
4322492.53931401 12.937824 0.00121691564333833
4322803.28639662 12.938826 0.000127907894968697
4323114.03347922 12.939828 0.00047640438195078
4323424.78056183 12.94083 -0.001277368520597
4323735.52764444 12.941832 -0.00195679314393101
4324046.27472704 12.942834 -0.000332642807368501
4324357.02180965 12.943836 0.000608306036322802
4324667.76889226 12.944838 0.00129002990560437
4324978.51597486 12.94584 0.000681769667765381
4325289.26305747 12.946842 0.00134731721067302
4325600.01014008 12.947844 0.000776462675765062
4325910.75722268 12.948846 0.000318751798692227
4326221.50430529 12.949848 -0.000318866596140091
4326532.2513879 12.95085 0.000542962248577655
4326842.9984705 12.951852 0.00208764448150528
4327153.74555311 12.952854 0.000561468659165683
4327464.49263572 12.953856 -0.000924283925340299
4327775.23971833 12.954858 -0.000305901426656693
4328085.98680093 12.95586 -0.000463070172752936
4328396.73388354 12.956862 -1.35759952856052e-05
4328707.48096615 12.957864 -0.000433039497087672
4329018.22804875 12.958866 -0.000347573016649244
4329328.97513136 12.959868 -0.00288074943152157
4329639.72221397 12.96087 -0.000205067329175885
4329950.46929657 12.961872 0.000990236419687008
4330261.21637918 12.962874 4.543414314018e-05
4330571.96346179 12.963876 0.000386148507558154
4330882.71054439 12.964878 0.00214134398972645
4331193.457627 12.96588 -0.00067499368353041
4331504.20470961 12.966882 0.00153657140384688
4331814.95179221 12.967884 -0.00157774813139187
4332125.69887482 12.968886 -0.000418577968671664
4332436.44595743 12.969888 0.000978756114138634
4332747.19304003 12.97089 -0.000549601876752327
4333057.94012264 12.971892 0.000767821995757119
4333368.68720525 12.972894 -0.000556545548357519
4333679.43428785 12.973896 0.00169897358193812
4333990.18137046 12.974898 -0.00128488056464252
4334300.92845307 12.9759 0.00205537380032966
4334611.67553567 12.976902 0.000341959093298489
4334922.42261828 12.977904 -0.000508932363819067
4335233.16970089 12.978906 0.000545898282299688
4335543.91678349 12.979908 9.48940907086496e-05
4335854.6638661 12.98091 0.000713614633551201
4336165.41094871 12.981912 -0.000302087174758489
4336476.15803132 12.982914 0.00114652647642854
4336786.90511392 12.983916 -0.000230554822760186
4337097.65219653 12.984918 0.0021913319246385
4337408.39927914 12.98592 -0.000671466462462198
4337719.14636174 12.986922 -0.00107056253938657
4338029.89344435 12.987924 0.000536772918642136
4338340.64052696 12.988926 0.00074262935827894
4338651.38760956 12.989928 -0.000579595685944433
4338962.13469217 12.99093 -0.000582064138928656
4339272.88177478 12.991932 -0.00121486664919239
4339583.62885738 12.992934 1.59653414989085e-05
4339894.37593999 12.993936 -0.0013419551135062
4340205.1230226 12.994938 -0.00163723228122163
4340515.8701052 12.99594 0.00246167005181402
4340826.61718781 12.996942 -0.00141324779760644
4341137.36427042 12.997944 0.0026253155138106
4341448.11135302 12.998946 0.000931589936376478
4341758.85843563 12.999948 -0.000216120282917108
4342069.60551824 13.00095 0.000493706239337469
4342380.35260084 13.001952 -0.000504937545582734
4342691.09968345 13.002954 0.000225995144020236
4343001.84676606 13.003956 -0.00121132474672174
4343312.59384866 13.004958 -0.00128161575346856
4343623.34093127 13.00596 0.00156497150087573
4343934.08801388 13.006962 -0.00221753133295811
4344244.83509648 13.007964 0.0028679710937306
4344555.58217909 13.008966 -7.17173777085188e-05
4344866.3292617 13.009968 0.00101309956351694
4345177.07634431 13.01097 -0.000728708838678272
4345487.82342691 13.011972 0.000669049137287129
4345798.57050952 13.012974 0.00261727760332804
4346109.31759213 13.013976 7.34088886453434e-05
4346420.06467473 13.014978 -0.00125532015272466
4346730.81175734 13.01598 0.00266139320707085
4347041.55883995 13.016982 0.00280222258734282
4347352.30592255 13.017984 0.000443382556035812
4347663.05300516 13.018986 0.001065604044524
4347973.80008777 13.019988 0.000963380519056278
4348284.54717037 13.02099 -0.00031041763055088
4348595.29425298 13.021992 -0.000273848387651957
4348906.04133559 13.022994 -0.00139746837818624
4349216.78841819 13.023996 0.00115118596689354
4349527.5355008 13.024998 -0.000528363001246337
4349838.28258341 13.026 -0.00152476195383809
4350149.02966601 13.027002 0.00117908289549436
4350459.77674862 13.028004 -0.000343712135349706
4350770.52383123 13.029006 -0.000340181715298405
4351081.27091383 13.030008 0.000173811640902833
4351392.01799644 13.03101 0.00235760926560236
4351702.76507905 13.032012 0.000790393537494611
4352013.51216165 13.033014 -0.000612827876349969
4352324.25924426 13.034016 8.00133761381624e-05
4352635.00632687 13.035018 -0.00072772733301147
4352945.75340948 13.03602 -0.000274967554243673
4353256.50049208 13.037022 -0.000555767769375857
4353567.24757469 13.038024 0.00165777057255119
4353877.99465729 13.039026 -0.000123698590528228
4354188.7417399 13.040028 -0.00123950791185854
4354499.48882251 13.04103 -0.00188774168576438
4354810.23590512 13.042032 0.00177482307377489
4355120.98298772 13.043034 0.00159331357547798
4355431.73007033 13.044036 5.97953134229285e-05
4355742.47715294 13.045038 -0.00217314864516457
4356053.22423554 13.04604 -0.00241311669119098
4356363.97131815 13.047042 -0.00151910163131258
4356674.71840076 13.048044 -0.00161428279724948
4356985.46548336 13.049046 0.00196324133164113
4357296.21256597 13.050048 0.000445324814468756
4357606.95964858 13.05105 -0.000246599045511795
4357917.70673118 13.052052 -0.000207992168104166
4358228.45381379 13.053054 0.000414101951037869
4358539.2008964 13.054056 0.000578290412158553
4358849.947979 13.055058 0.00128086698614749
4359160.69506161 13.05606 -0.000580918980679131
4359471.44214422 13.057062 -0.000537654957718018
4359782.18922682 13.058064 -0.000629658085859019
4360092.93630943 13.059066 0.000408898798443315
4360403.68339204 13.060068 0.000257410028947319
4360714.43047464 13.06107 -0.000772932817945692
4361025.17755725 13.062072 0.000301362365078446
4361335.92463986 13.063074 -0.00182505726429522
4361646.67172246 13.064076 0.000145509236701499
4361957.41880507 13.065078 -0.000330380279774497
4362268.16588768 13.06608 -0.00167285168961191
4362578.91297028 13.067082 -0.00126607496882297
4362889.66005289 13.068084 0.000720693263021466
4363200.4071355 13.069086 -4.64080507419933e-05
4363511.15421811 13.070088 0.000232355202858186
4363821.90130071 13.07109 -0.00179027797704328
4364132.64838332 13.072092 0.00121021470907713
4364443.39546593 13.073094 -0.00157955018472638
4364754.14254853 13.074096 0.000572623594460365
4365064.88963114 13.075098 0.000621042009637242
4365375.63671375 13.0761 -0.00073703339916378
4365686.38379635 13.077102 -0.000361382181747266
4365997.13087896 13.078104 -5.34293111449005e-05
4366307.87796157 13.079106 -0.000155692217069474
4366618.62504417 13.080108 -0.000196424239166107
4366929.37212678 13.08111 -0.00050018004138121
4367240.11920939 13.082112 -3.11608450081191e-05
4367550.86629199 13.083114 -0.0012495452063961
4367861.6133746 13.084116 -0.000729576114853632
4368172.36045721 13.085118 -0.000796971070651176
4368483.10753981 13.08612 0.00338983515323452
4368793.85462242 13.087122 0.00178099241030268
4369104.60170503 13.088124 -0.000311479682021312
4369415.34878763 13.089126 -0.000101119522873275
4369726.09587024 13.090128 -0.000984025994972571
4370036.84295285 13.09113 0.00288827897797369
4370347.59003545 13.092132 -0.00123713012301358
4370658.33711806 13.093134 -0.000402383941783519
4370969.08420067 13.094136 -0.000798960552605074
4371279.83128327 13.095138 0.000577507330719646
4371590.57836588 13.09614 0.000940389950462649
4371901.32544849 13.097142 -0.000107408455058225
4372212.07253109 13.098144 0.00154534668944468
4372522.8196137 13.099146 0.000213584025421349
4372833.56669631 13.100148 0.0017102309167551
4373144.31377892 13.10115 0.0015285759433652
4373455.06086152 13.102152 -0.00101395961649252
4373765.80794413 13.103154 0.000597113446353258
4374076.55502674 13.104156 -0.000155998982877943
4374387.30210934 13.105158 -0.000468477912536716
4374698.04919195 13.10616 -2.67593137595038e-05
4375008.79627456 13.107162 0.00116461252364732
4375319.54335716 13.108164 0.000777272898952204
4375630.29043977 13.109166 0.000410552839040865
4375941.03752238 13.110168 0.00136305072520027
4376251.78460498 13.11117 -0.00116000895207822
4376562.53168759 13.112172 0.000398202706015092
4376873.2787702 13.113174 -0.00117135943979572
4377184.0258528 13.114176 0.00136092022053227
4377494.77293541 13.115178 0.00132316115441659
4377805.52001802 13.11618 0.000188805389010668
4378116.26710062 13.117182 0.00147594554812058
4378427.01418323 13.118184 0.000573404090771484
4378737.76126584 13.119186 -0.00120540620818623
4379048.50834844 13.120188 0.00060932485702132
4379359.25543105 13.12119 -7.78818303536721e-05
4379670.00251366 13.122192 0.00118407199471997
4379980.74959626 13.123194 0.00140134496636938
4380291.49667887 13.124196 -0.000703665016793777
4380602.24376148 13.125198 -0.00012559586100915
4380912.99084408 13.1262 0.000290208390839977
4381223.73792669 13.127202 -0.00107429652491707
4381534.4850093 13.128204 0.00257907156095374
4381845.23209191 13.129206 0.000727452519474021
4382155.97917451 13.130208 3.55916119209065e-06
4382466.72625712 13.13121 -0.000753648390583841
4382777.47333973 13.132212 -0.000889004980026646
4383088.22042233 13.133214 0.00104036951228119
4383398.96750494 13.134216 0.000321143419802858
4383709.71458755 13.135218 0.000455480862622428
4384020.46167015 13.13622 0.000369201259720799
4384331.20875276 13.137222 0.000247921297431447
4384641.95583537 13.138224 0.00102416075391984
4384952.70291797 13.139226 -0.00182164724661667
4385263.45000058 13.140228 0.000468132297060798
4385574.19708319 13.14123 -0.00175725577140338
4385884.94416579 13.142232 -0.00122912128750769
4386195.6912484 13.143234 0.000811621164322991
4386506.43833101 13.144236 0.00148113435378376
4386817.18541361 13.145238 0.000101803603441943
4387127.93249622 13.14624 0.00110636407068385
4387438.67957883 13.147242 -0.00158844801165334
4387749.42666143 13.148244 0.00284864013455508
4388060.17374404 13.149246 0.000193357234358093
4388370.92082665 13.150248 0.000720672758488634
4388681.66790925 13.15125 -0.000841868784135625
4388992.41499186 13.152252 -0.00243784552478694
4389303.16207447 13.153254 -0.000196487074413694
4389613.90915707 13.154256 -0.00194677643244594
4389924.65623968 13.155258 0.00210104428614687
4390235.40332229 13.15626 0.00043632841927559
4390546.1504049 13.157262 0.00099422009962361
4390856.8974875 13.158264 -0.000350800184120918
4391167.64457011 13.159266 0.000351323736242754
4391478.39165272 13.160268 0.00057475525933187
4391789.13873532 13.16127 0.00166564671679225
4392099.88581793 13.162272 0.00185928427728861
4392410.63290054 13.163274 0.00107852336837046
4392721.37998314 13.164276 -0.000385121592119561
4393032.12706575 13.165278 0.000989326922363
4393342.87414836 13.16628 0.000631943125378169
4393653.62123096 13.167282 -0.000995951533228311
4393964.36831357 13.168284 -0.00140810667477101
4394275.11539618 13.169286 -0.000217365448163616
4394585.86247878 13.170288 0.000651702037788824
4394896.60956139 13.17129 -0.000964736785881779
4395207.356644 13.172292 0.00193211549767564
4395518.1037266 13.173294 0.00162524836366654
4395828.85080921 13.174296 0.00137660292494409
4396139.59789182 13.175298 0.000722516858011973
4396450.34497442 13.1763 0.0011181972697156
4396761.09205703 13.177302 0.00112836488071825
4397071.83913964 13.178304 0.000755616146315655
4397382.58622224 13.179306 0.000611368435631694
4397693.33330485 13.180308 0.000550590170164569
4398004.08038746 13.18131 -0.00142808795649788
4398314.82747007 13.182312 -0.00075895646389758
4398625.57455267 13.183314 0.000293929734536567
4398936.32163528 13.184316 0.000269951027639104
4399247.06871788 13.185318 0.000184241654960547
4399557.81580049 13.18632 0.000773325811015916
4399868.5628831 13.187322 -0.00024880757072086
4400179.30996571 13.188324 -0.00126066225831237
4400490.05704831 13.189326 -0.00178876724129365
4400800.80413092 13.190328 -0.000942763195704455
4401111.55121353 13.19133 -0.000835303582082352
4401422.29829613 13.192332 -0.000801530148657145
4401733.04537874 13.193334 -0.00049873737599516
4402043.79246135 13.194336 0.000379884327353016
4402354.53954395 13.195338 0.00139424282794685
4402665.28662656 13.19634 0.00127590492905227
4402976.03370917 13.197342 -0.000379733755979361
4403286.78079177 13.198344 0.00153909294888869
4403597.52787438 13.199346 0.000865328478663924
4403908.27495699 13.200348 0.00207017015601484
4404219.02203959 13.20135 -0.00158934505292804
4404529.7691222 13.202352 -0.00144942667978101
4404840.51620481 13.203354 0.000733687118730842
4405151.26328741 13.204356 -0.000950873742907092
4405462.01037002 13.205358 0.000268470375455439
4405772.75745263 13.20636 -0.00142034510488378
4406083.50453523 13.207362 -0.000875523087840057
4406394.25161784 13.208364 0.000527463928388284
4406704.99870045 13.209366 0.00119131828817412
4407015.74578306 13.210368 -0.00122506247905591
4407326.49286566 13.21137 0.000599906775270983
4407637.23994827 13.212372 0.000736675341933805
4407947.98703087 13.213374 -0.000234813619006238
4408258.73411348 13.214376 0.000459819773192503
4408569.48119609 13.215378 -8.31647933802832e-05
4408880.2282787 13.21638 1.91235969128214e-05
4409190.9753613 13.217382 0.000388442773539226
4409501.72244391 13.218384 0.000951606912886928
4409812.46952652 13.219386 -0.000610186222186878
4410123.21660912 13.220388 -0.000317739856414316
4410433.96369173 13.22139 -0.00147789629300806
4410744.71077434 13.222392 0.000404325131395089
4411055.45785694 13.223394 0.000231000190580301
4411366.20493955 13.224396 0.000428599252924232
4411676.95202216 13.225398 0.000820948707742346
4411987.69910476 13.2264 0.00183175016790078
4412298.44618737 13.227402 -0.00037936507158855
4412609.19326998 13.228404 0.000254537727619018
4412919.94035258 13.229406 -0.00127817139048985
4413230.68743519 13.230408 -0.00146629002432688
4413541.4345178 13.23141 0.00170735231339203
4413852.1816004 13.232412 0.00185445996561508
4414162.92868301 13.233414 -0.000890712035709479
4414473.67576562 13.234416 0.000714392932582901
4414784.42284822 13.235418 -0.00143916927291505
4415095.16993083 13.23642 -0.000702136776031171
4415405.91701344 13.237422 0.000617511790534562
4415716.66409605 13.238424 -0.000779071145775474
4416027.41117865 13.239426 -0.000460735871688259
4416338.15826126 13.240428 0.000313504779457618
4416648.90534387 13.24143 -0.000816485416545443
4416959.65242647 13.242432 0.0018189884166939
4417270.39950908 13.243434 0.000938521958095988
4417581.14659169 13.244436 -0.00206365524929889
4417891.89367429 13.245438 -0.000626216298822712
4418202.6407569 13.24644 0.000751228670172556
4418513.38783951 13.247442 -0.00147285711029191
4418824.13492211 13.248444 0.00097414151535874
4419134.88200472 13.249446 -0.000933197425273875
4419445.62908733 13.250448 0.00146602637470542
4419756.37616993 13.25145 -0.0013971637962302
4420067.12325254 13.252452 -6.72653581111977e-05
4420377.87033515 13.253454 0.00167228716189686
4420688.61741775 13.254456 -0.000172757184506674
4420999.36450036 13.255458 -0.00215333756042287
4421310.11158297 13.25646 0.000236750280057646
4421620.85866557 13.257462 -0.000834794003440421
4421931.60574818 13.258464 0.0032795826191851
4422242.35283079 13.259466 -0.00173839237221503
4422553.09991339 13.260468 0.000274090373866279
4422863.846996 13.26147 0.000462822461171384
4423174.59407861 13.262472 0.000158350544823373
4423485.34116121 13.263474 0.000983012694538592
4423796.08824382 13.264476 0.00118718499529138
4424106.83532643 13.265478 -0.000361770398554689
4424417.58240903 13.26648 0.00268649677387064
4424728.32949164 13.267482 0.00150099630454291
4425039.07657425 13.268484 -0.000345913305672511
4425349.82365685 13.269486 0.000517527250768038
4425660.57073946 13.270488 -0.00215376814082837
4425971.31782207 13.27149 -0.000450184433185276
4426282.06490468 13.272492 0.00297850233771007
4426592.81198728 13.273494 -0.000870929130668853
4426903.55906989 13.274496 -0.00030729205564589
4427214.3061525 13.275498 0.000305299571700508
4427525.0532351 13.2765 0.000798599453105641
4427835.80031771 13.277502 -0.00111485680891243
4428146.54740032 13.278504 -0.0015623125845871
4428457.29448292 13.279506 -0.000747776444420323
4428768.04156553 13.280508 0.0023084469441575
4429078.78864814 13.28151 0.000749466708152914
4429389.53573074 13.282512 0.000369464314185455
4429700.28281335 13.283514 0.00127445034235231
4430011.02989596 13.284516 -0.000496530903179014
4430321.77697856 13.285518 -0.00120029584241229
4430632.52406117 13.28652 0.000923363232799269
4430943.27114378 13.287522 -0.00259823689598324
4431254.01822638 13.288524 -0.000185089975312171
4431564.76530899 13.289526 0.000820581692561589
4431875.5123916 13.290528 0.000960911753911558
4432186.2594742 13.29153 0.00168112312167553
4432497.00655681 13.292532 0.000574315867360672
4432807.75363942 13.293534 0.000161719971575424
4433118.50072202 13.294536 -0.000447117574092311
4433429.24780463 13.295538 0.000884322183893635
4433739.99488724 13.29654 0.00106036948463439
4434050.74196984 13.297542 -0.000267606900723357
4434361.48905245 13.298544 -0.000144222468762829
4434672.23613506 13.299546 -0.00201298881062382
4434982.98321766 13.300548 -0.00103013730293053
4435293.73030027 13.30155 0.000557901806040344
4435604.47738288 13.302552 -0.00256220092880937
4435915.22446548 13.303554 -0.000254044664475154
4436225.97154809 13.304556 0.000368021362254584
4436536.7186307 13.305558 0.00221951110595737
4436847.46571331 13.30656 -0.00176359132609878
4437158.21279591 13.307562 -0.00101415038997407
4437468.95987852 13.308564 0.00199558258668456
4437779.70696113 13.309566 0.00162015025655881
4438090.45404373 13.310568 -0.00359290478115199
4438401.20112634 13.31157 -0.000160840508279767
4438711.94820895 13.312572 0.000902047164218414
4439022.69529155 13.313574 0.000112245345934986
4439333.44237416 13.314576 0.00152200655957403
4439644.18945677 13.315578 0.00059184233027449
4439954.93653937 13.31658 -0.000378506489158579
4440265.68362198 13.317582 -0.00114030821885524
4440576.43070459 13.318584 0.00131415571082012
4440887.17778719 13.319586 -8.13369314982184e-05
4441197.9248698 13.320588 0.000167098923243708
4441508.67195241 13.32159 -0.000688904325091354
4441819.41903502 13.322592 0.00072671646337343
4442130.16611762 13.323594 7.60412049726612e-05
4442440.91320023 13.324596 -0.00145873845394933
4442751.66028284 13.325598 -0.00123765763488591
4443062.40736544 13.3266 -0.000832469792369785
4443373.15444805 13.327602 -0.00115368678430503
4443683.90153066 13.328604 0.000690451505686318
4443994.64861326 13.329606 -0.000210277947070189
4444305.39569587 13.330608 0.000579566490011353
4444616.14277847 13.33161 0.000191455743619787
4444926.88986108 13.332612 0.00209319563236333
4445237.63694369 13.333614 0.00176646624238886
4445548.3840263 13.334616 0.000881649803738082
4445859.1311089 13.335618 0.0018635993475229
4446169.87819151 13.33662 -0.00037063551007748
4446480.62527412 13.337622 0.000894563550188554
4446791.37235672 13.338624 -0.00307161203803237
4447102.11943933 13.339626 0.000832238765225996
4447412.86652194 13.340628 -0.00116201403191042
4447723.61360454 13.34163 0.0011495088612275
4448034.36068715 13.342632 -0.00163593533781949
4448345.10776976 13.343634 0.000512640994166064
4448655.85485236 13.344636 0.00101268504925015
4448966.60193497 13.345638 0.00115846320627276
4449277.34901758 13.34664 -9.9120124880364e-05
4449588.09610018 13.347642 -0.000468638849280678
4449898.84318279 13.348644 0.00201657547961561
4450209.5902654 13.349646 -0.00099238421526972
4450520.337348 13.350648 -0.00160864355405767
4450831.08443061 13.35165 -0.00010633612995396
4451141.83151322 13.352652 -0.000439935626614746
4451452.57859582 13.353654 0.00108669818007997
4451763.32567843 13.354656 -0.00189984249494333
4452074.07276104 13.355658 -0.000652418315830844
4452384.81984365 13.35666 0.000214882776685583
4452695.56692625 13.357662 0.000995439845285826
4453006.31400886 13.358664 0.00110114621999575
4453317.06109146 13.359666 0.00111676449070356
4453627.80817407 13.360668 0.00109016171369958
4453938.55525668 13.36167 -0.000842460373911138
4454249.30233928 13.362672 6.09707386566358e-06
4454560.04942189 13.363674 -0.00208430047436972
4454870.7965045 13.364676 -1.17121411310939e-05
4455181.54358711 13.365678 0.00162434710892963
4455492.29066971 13.36668 0.00186796131605068
4455803.03775232 13.367682 0.000393653875431236
4456113.78483493 13.368684 0.000627644304982027
4456424.53191753 13.369686 0.00197635380948888
4456735.27900014 13.370688 0.00125987113165244
4457046.02608275 13.37169 0.000254564043701112
4457356.77316535 13.372692 0.000324620832942309
4457667.52024796 13.373694 0.000173030518647538
4457978.26733057 13.374696 -0.00150745259293227
4458289.01441317 13.375698 -0.00185948091111883
4458599.76149578 13.3767 0.00132956466467205
4458910.50857839 13.377702 0.000323804948647406
4459221.25566099 13.378704 -0.000505527092506204
4459532.0027436 13.379706 -0.000996349007112009
4459842.74982621 13.380708 0.00116732281672858
4460153.49690881 13.38171 0.00125991889130113
4460464.24399142 13.382712 -0.000153986124594255
4460774.99107403 13.383714 0.000390365008843538
4461085.73815664 13.384716 -0.00163880856340742
4461396.48523924 13.385718 -0.00240497616277643
4461707.23232185 13.38672 0.000139101756880928
4462017.97940446 13.387722 -0.000321820826394912
4462328.72648706 13.388724 -0.000885777113165176
4462639.47356967 13.389726 -0.00066367190593646
4462950.22065228 13.390728 0.000208277529254717
4463260.96773488 13.39173 0.00124757787386654
4463571.71481749 13.392732 0.000978400421887195
4463882.4619001 13.393734 0.00043117119494886
4464193.2089827 13.394736 0.000271858954598861
4464503.95606531 13.395738 -0.00272228167047536
4464814.70314792 13.39674 -0.00189302182162617
4465125.45023052 13.397742 -0.000311531998530389
4465436.19731313 13.398744 -0.00086192980538531
4465746.94439574 13.399746 -0.00167229646430381
4466057.69147834 13.400748 0.000474002200065318
4466368.43856095 13.40175 -0.00101377183079271
4466679.18564356 13.402752 -0.000277810254506327
4466989.93272616 13.403754 0.000420996323290912
4467300.67980877 13.404756 0.00175946578445814
4467611.42689138 13.405758 -0.00124613042516466
4467922.17397398 13.40676 0.000298904676400869
4468232.92105659 13.407762 0.000819333950939969
4468543.6681392 13.408764 0.00303417783490312
4468854.4152218 13.409766 -0.000160223931415435
4469165.16230441 13.410768 0.000405471866136381
4469475.90938702 13.41177 -2.98285288895568e-05
4469786.65646962 13.412772 0.00155160254602839
4470097.40355223 13.413774 0.00123874730586257
4470408.15063484 13.414776 0.000445365866302026
4470718.89771745 13.415778 -0.000454578067318326
4471029.64480005 13.41678 -0.000458132740369177
4471340.39188266 13.417782 -1.21843069156484e-06
4471651.13896527 13.418784 0.000464341233979695
4471961.88604787 13.419786 0.00138724494934465
4472272.63313048 13.420788 0.000365121040498641
4472583.38021309 13.42179 0.000716342577327948
4472894.12729569 13.422792 0.00199593419034453
4473204.8743783 13.423794 7.80593906084076e-05
4473515.62146091 13.424796 -0.000595427725215139
4473826.36854351 13.425798 -0.000171359135507992
4474137.11562612 13.4268 0.00189479548125109
4474447.86270873 13.427802 0.000404714298641417
4474758.60979133 13.428804 0.0011951534355114
4475069.35687394 13.429806 -0.00126737717643713
4475380.10395655 13.430808 0.000875055609568459
4475690.85103915 13.43181 -0.000847155052332527
4476001.59812176 13.432812 -0.000157902823952588
4476312.34520437 13.433814 -0.00180278072040072
4476623.09228697 13.434816 -0.000107907423931266
4476933.83936958 13.435818 8.25584492805421e-05
4477244.58645219 13.43682 -0.000506435854030698
4477555.33353479 13.437822 0.000822041910159753
4477866.0806174 13.438824 0.00118375668501382
4478176.82770001 13.439826 -0.000803530723490444
4478487.57478261 13.440828 -0.000623560803297954
4478798.32186522 13.44183 -7.57246402239108e-05
4479109.06894783 13.442832 0.000478171365733738
4479419.81603044 13.443834 -0.000869282433708858
4479730.56311304 13.444836 -0.000599397826058983
4480041.31019565 13.445838 -0.00177219646970726
4480352.05727826 13.44684 0.0015735943154833
4480662.80436086 13.447842 -0.000284188404239552
4480973.55144347 13.448844 0.000148599094996424
4481284.29852608 13.449846 0.000807259660504611
4481595.04560868 13.450848 -0.000789335195657454
4481905.79269129 13.45185 -0.00117285407375775
4482216.5397739 13.452852 -0.000144618554263404
4482527.2868565 13.453854 0.000542110653322264
4482838.03393911 13.454856 0.00124251361223482
4483148.78102172 13.455858 0.00093283344023514
4483459.52810432 13.45686 -0.000157025178423934
4483770.27518693 13.457862 0.00127940000810536
4484081.02226954 13.458864 -0.00106656790188441
4484391.76935214 13.459866 0.000279602912744743
4484702.51643475 13.460868 0.00178542330020721
4485013.26351736 13.46187 -0.000187321225698505
4485324.01059996 13.462872 -0.000413600091383509
4485634.75768257 13.463874 -0.000740894738040422
4485945.50476518 13.464876 0.00089948868695695
4486256.25184778 13.465878 -0.00188716773247832
4486566.99893039 13.46688 0.00218642473539348
4486877.746013 13.467882 0.000822271267485891
4487188.4930956 13.468884 0.000846025697893441
4487499.24017821 13.469886 -0.00161319740870762
4487809.98726082 13.470888 0.000297279026326316
4488120.73434343 13.47189 0.000462331848698513
4488431.48142603 13.472892 -0.000120130472956657
4488742.22850864 13.473894 -0.00182641483102858
4489052.97559125 13.474896 6.15988095179618e-05
4489363.72267385 13.475898 0.000905540731308486
4489674.46975646 13.4769 -0.000859915808453114
4489985.21683907 13.477902 -0.00069725772307482
4490295.96392167 13.478904 -0.00024320159854516
4490606.71100428 13.479906 0.000663997878951107
4490917.45808689 13.480908 -9.48410665725156e-05
4491228.20516949 13.48191 -0.000862452487213389
4491538.9522521 13.482912 0.00234645424194428
4491849.69933471 13.483914 -0.000639094184470879
4492160.44641731 13.484916 -0.0014613180657968
4492471.19349992 13.485918 0.00154400891313955
4492781.94058253 13.48692 4.72421557036853e-05
4493092.68766513 13.487922 0.000556799760427819
4493403.43474774 13.488924 0.00171785225171757
4493714.18183035 13.489926 -0.000829348116433221
4494024.92891295 13.490928 0.00144030673071126
4494335.67599556 13.49193 -0.000462778178554766
4494646.42307817 13.492932 -0.00133914129610888
4494957.17016077 13.493934 0.00103480180204002
4495267.91724338 13.494936 -0.000880678850635966
4495578.66432599 13.495938 -0.000414466514478914
4495889.41140859 13.49694 3.53284123653598e-05
4496200.1584912 13.497942 -0.000229877895584481
4496510.90557381 13.498944 -0.00127026678680146
4496821.65265642 13.499946 0.000537631261385334
4497132.39973902 13.500948 0.0020377196343995
4497443.14682163 13.50195 0.000993286127522416
4497753.89390424 13.502952 0.00293649602066411
4498064.64098684 13.503954 -0.000187491494961227
4498375.38806945 13.504956 0.00207876791126964
4498686.13515205 13.505958 0.000715790648851411
4498996.88223466 13.50696 -5.93462701358131e-05
4499307.62931727 13.507962 0.000281549165774095
4499618.37639988 13.508964 0.00130705113585449
4499929.12348248 13.509966 -0.00252640921963056
4500239.87056509 13.510968 0.00200302229763621
4500550.6176477 13.51197 -0.00185284589357397
4500861.3647303 13.512972 -0.000471505561690172
4501172.11181291 13.513974 -0.000128786874873164
4501482.85889552 13.514976 -0.00209701494973955
4501793.60597812 13.515978 0.0025024925316425
4502104.35306073 13.51698 0.000423589736816873
4502415.10014334 13.517982 0.000187576945525497
4502725.84722594 13.518984 0.000569572613504343
4503036.59430855 13.519986 -7.65128252699848e-05
4503347.34139116 13.520988 0.000175690387850042
4503658.08847376 13.52199 -0.000609588665700212
4503968.83555637 13.522992 0.00145260176988664
4504279.58263898 13.523994 0.000187450983301332
4504590.32972158 13.524996 0.000869254147558484
4504901.07680419 13.525998 -0.00102152199295149
4505211.8238868 13.527 -0.00143656445100295
4505522.5709694 13.528002 -0.00071430989196821
4505833.31805201 13.529004 -0.00146921248800723
4506144.06513462 13.530006 0.000340680887592923
4506454.81221723 13.531008 0.00176299727877474
4506765.55929983 13.53201 0.00104618469467111
4507076.30638244 13.533012 -0.000214222738963667
4507387.05346505 13.534014 -0.00201714001159934
4507697.80054765 13.535016 0.00227528274834099
4508008.54763026 13.536018 -0.000281815187070552
4508319.29471287 13.53702 0.0010773929387596
4508630.04179547 13.538022 -0.000342969233460731
4508940.78887808 13.539024 0.000430818101959081
4509251.53596069 13.540026 0.000284928448730252
4509562.28304329 13.541028 -9.94745426130973e-05
4509873.0301259 13.54203 -0.00115390902611396
4510183.77720851 13.543032 -0.000646068876918342
4510494.52429111 13.544034 0.00260062901451186
4510805.27137372 13.545036 -0.00134896459803151
4511116.01845633 13.546038 -0.000504809206163984
4511426.76553893 13.54704 -0.000572776720573521
4511737.51262154 13.548042 0.00157308038935363
4512048.25970415 13.549044 0.00169895962026762
4512359.00678675 13.550046 -0.000414421182172172
4512669.75386936 13.551048 0.000454081159199632
4512980.50095197 13.55205 0.00133414372934823
4513291.24803457 13.553052 0.000571582065802001
4513601.99511718 13.554054 -0.000508085093665106
4513912.74219979 13.555056 0.00148693901542166
4514223.48928239 13.556058 0.00139560790232086
4514534.236365 13.55706 -0.000304945961070672
4514844.98344761 13.558062 0.000146598133083303
4515155.73053022 13.559064 0.000186995000640529
4515466.47761282 13.560066 0.000222203568575956
4515777.22469543 13.561068 -6.0248525347853e-05
4516087.97177804 13.56207 0.000560428283721449
4516398.71886064 13.563072 0.00114213666191597
4516709.46594325 13.564074 0.000691203032164784
4517020.21302586 13.565076 0.00064227214627147
4517330.96010846 13.566078 -0.000856889444055599
4517641.70719107 13.56708 -0.000775366014238968
4517952.45427368 13.568082 -0.00168955853184763
4518263.20135628 13.569084 -0.00159805380061407
4518573.94843889 13.570086 0.00208447687416416
4518884.6955215 13.571088 0.000412237553514485
4519195.4426041 13.57209 -0.00249609271755627
4519506.18968671 13.573092 -0.0023741122380982
4519816.93676932 13.574094 0.00215264181474814
4520127.68385192 13.575096 0.00200252362272123
4520438.43093453 13.576098 -0.000210595818692918
4520749.17801714 13.5771 -0.000447753826476049
4521059.92509974 13.578102 0.000259502050946796
4521370.67218235 13.579104 0.0029167715052226
4521681.41926496 13.580106 0.000408962508001771
4521992.16634756 13.581108 -0.000904611596833591
4522302.91343017 13.58211 -0.00077238045543047
4522613.66051278 13.583112 -0.000246047489491375
4522924.40759538 13.584114 -0.000116649529702279
4523235.15467799 13.585116 0.00145847649116821
4523545.9017606 13.586118 -0.000453226762652934
4523856.6488432 13.58712 0.000420245546849829
4524167.39592581 13.588122 -0.00160187624118407
4524478.14300842 13.589124 0.000253449278523257
4524788.89009103 13.590126 -0.00110413787303412
4525099.63717363 13.591128 0.000279526486200289
4525410.38425624 13.59213 -0.00165874623142575
4525721.13133885 13.593132 0.000341074187540209
4526031.87842145 13.594134 0.00245136261897563
4526342.62550406 13.595136 0.000975637885340353
4526653.37258667 13.596138 0.000871203248874186
4526964.11966927 13.59714 0.000582932930356201
4527274.86675188 13.598142 0.00104074052999761
4527585.61383449 13.599144 0.000199503005243458
4527896.36091709 13.600146 -0.00020300990779746
4528207.1079997 13.601148 -0.000979855424292031
4528517.85508231 13.60215 -2.3558277873177e-05
4528828.60216491 13.603152 0.00172977358582524
4529139.34924752 13.604154 0.000610352738499786
4529450.09633013 13.605156 -0.00322208549566395
4529760.84341273 13.606158 -0.000250494005813124
4530071.59049534 13.60716 0.00101517681616052
4530382.33757795 13.608162 -0.000940413377679183
4530693.08466055 13.609164 -0.00112856675369657
4531003.83174316 13.610166 0.00146990569455894
4531314.57882577 13.611168 -0.00172944996043527
4531625.32590837 13.61217 8.73354029942717e-05
4531936.07299098 13.613172 -0.000449405093314047
4532246.82007359 13.614174 -0.000793694443843874
4532557.56715619 13.615176 0.000678167162494689
4532868.3142388 13.616178 -2.18396034495854e-06
4533179.06132141 13.61718 0.00130594019661198
4533489.80840402 13.618182 0.00021508885405167
4533800.55548662 13.619184 -0.000316766302752192
4534111.30256923 13.620186 -0.00121137052470541
4534422.04965184 13.621188 -3.63046900712161e-05
4534732.79673444 13.62219 0.000205256615197267
4535043.54381705 13.623192 -0.000928795571265927
4535354.29089966 13.624194 -0.000609590903934417
4535665.03798226 13.625196 -0.0005488315108171
4535975.78506487 13.626198 -0.000779790978578607
4536286.53214748 13.6272 0.000608323631731065
4536597.27923008 13.628202 -0.00177180316820741
4536908.02631269 13.629204 -3.84947957789983e-05
4537218.7733953 13.630206 0.000628243187913871
4537529.5204779 13.631208 -0.000760037025800565
4537840.26756051 13.63221 0.000624159850405012
4538151.01464312 13.633212 -0.00309657626770035
4538461.76172572 13.634214 -0.00132227674726139
4538772.50880833 13.635216 0.00279830409982821
4539083.25589094 13.636218 -0.000230973040809504
4539394.00297354 13.63722 0.000779130845051036
4539704.75005615 13.638222 0.00187748429466851
4540015.49713876 13.639224 0.000622517878017991
4540326.24422137 13.640226 0.00109974996263217
4540636.99130397 13.641228 -0.000878332091478132
4540947.73838658 13.64223 0.000575846951641056
4541258.48546918 13.643232 0.000249438114421327
4541569.23255179 13.644234 -0.000775538508060125
4541879.9796344 13.645236 0.000739151191712233
4542190.72671701 13.646238 0.000737298739488844
4542501.47379961 13.64724 0.00163348199270764
4542812.22088222 13.648242 -0.0006909272988345
4543122.96796483 13.649244 -0.000934907121480233
4543433.71504743 13.650246 0.000410464862646622
4543744.46213004 13.651248 -0.000534219949308646
4544055.20921265 13.65225 -0.000985107815714936
4544365.95629525 13.653252 0.00119757287165475
4544676.70337786 13.654254 0.000143123000904807
4544987.45046047 13.655256 0.000481209289200561
4545298.19754307 13.656258 -0.00140676168445957
4545608.94462568 13.65726 0.000200893934371758
4545919.69170829 13.658262 0.000159016973623405
4546230.43879089 13.659264 0.000108933797217835
4546541.1858735 13.660266 -0.00172422194493716
4546851.93295611 13.661268 0.000464563373459955
4547162.68003871 13.66227 0.000246751738439655
4547473.42712132 13.663272 0.00125080062194403
4547784.17420393 13.664274 -0.000743386735975292
4548094.92128653 13.665276 0.00040574466665054
4548405.66836914 13.666278 0.000176340532129015
4548716.41545175 13.66728 -0.00063274059508756
4549027.16253436 13.668282 -0.00178294515075689
4549337.90961696 13.669284 -0.00167493897572292
4549648.65669957 13.670286 -0.00220381504196228
4549959.40378217 13.671288 -0.00159886588402932
4550270.15086478 13.67229 -0.00132887222901992
4550580.89794739 13.673292 -0.00034974987467858
4550891.64503 13.674294 -0.000395044373640434
4551202.3921126 13.675296 -0.000676167375052669
4551513.13919521 13.676298 -0.000741988141766727
4551823.88627782 13.6773 0.000861974413570363
4552134.63336042 13.678302 -0.00155895844973117
4552445.38044303 13.679304 3.09273948064644e-05
4552756.12752564 13.680306 0.00217692381182153
4553066.87460824 13.681308 0.00193469621261209
4553377.62169085 13.68231 -0.0012274926025505
4553688.36877346 13.683312 0.000419768410553337
4553999.11585606 13.684314 -0.00208186564684625
4554309.86293867 13.685316 -0.00128591315290386
4554620.61002128 13.686318 -0.00138454991357195
4554931.35710388 13.68732 0.000292863017728661
4555242.10418649 13.688322 -0.000711748731152287
4555552.8512691 13.689324 -0.000208503828656969
4555863.5983517 13.690326 0.000148142390943379
4556174.34543431 13.691328 -0.00152598676459892
4556485.09251692 13.69233 -0.0011824950772206
4556795.83959952 13.693332 0.000140789278378463
4557106.58668213 13.694334 0.00110806979101326
4557417.33376474 13.695336 0.000488665310070844
4557728.08084735 13.696338 0.000589670875171968
4558038.82792995 13.69734 -0.000202171297126319
4558349.57501256 13.698342 0.000516086706808873
4558660.32209517 13.699344 -0.000888606164677764
4558971.06917777 13.700346 -0.000480961326638087
4559281.81626038 13.701348 -7.14390925504442e-05
4559592.56334299 13.70235 -0.0015749386118291
4559903.31042559 13.703352 0.00148888580226619
4560214.0575082 13.704354 0.000842582681437094
4560524.80459081 13.705356 -0.00127841271123459
4560835.55167341 13.706358 -0.000209961144847278
4561146.29875602 13.70736 0.000331646047269718
4561457.04583863 13.708362 -0.00013688786876054
4561767.79292123 13.709364 -0.00157926631188434
4562078.54000384 13.710366 0.000578536800965085
4562389.28708645 13.711368 0.00142906117508525
4562700.03416905 13.71237 0.000521431140885534
4563010.78125166 13.713372 -0.000767847848668793
4563321.52833427 13.714374 -0.000929704392149962
4563632.27541687 13.715376 -0.00052734965768786
4563943.02249948 13.716378 0.00051915318895576
4564253.76958209 13.71738 -0.000381244468629685
4564564.51666469 13.718382 0.000456990060934371
4564875.2637473 13.719384 0.00217447360716662
4565186.01082991 13.720386 0.000676835762171452
4565496.75791251 13.721388 -0.00101952434910193
4565807.50499512 13.72239 -0.00048044214960769
4566118.25207773 13.723392 0.000345422909512891
4566428.99916034 13.724394 0.000683377804334218
4566739.74624294 13.725396 0.000108480387077393
4567050.49332555 13.726398 0.000833209339153902
4567361.24040816 13.7274 -0.000873737003396451
4567671.98749076 13.728402 0.000891163062265299
4567982.73457337 13.729404 0.00080051117891855
4568293.48165598 13.730406 0.000412524293102434
4568604.22873858 13.731408 0.000605291629173231
4568914.97582119 13.73241 5.21549235281728e-05
4569225.7229038 13.733412 0.000548990129558749
4569536.4699864 13.734414 -0.000207742146376669
4569847.21706901 13.735416 -0.00136241671338054
4570157.96415162 13.736418 0.00100567089585313
4570468.71123422 13.73742 -0.000890537787936013
4570779.45831683 13.738422 2.64515480374053e-05
4571090.20539944 13.739424 -0.000150715856211779
4571400.95248204 13.740426 0.000206001711806263
4571711.69956465 13.741428 -0.00132121174843378
4572022.44664726 13.74243 -0.000310351715260776
4572333.19372986 13.743432 -0.000620063058794981
4572643.94081247 13.744434 -0.00114952654268065
4572954.68789508 13.745436 0.000805390181798445
4573265.43497768 13.746438 -0.00139360343032639
4573576.18206029 13.74744 0.00117641366240347
4573886.9291429 13.748442 -0.00167344474702621
4574197.6762255 13.749444 0.00174811755146556
4574508.42330811 13.750446 -0.00190871900680406
4574819.17039072 13.751448 0.000488634301928635
4575129.91747332 13.75245 0.00163579989348498
4575440.66455593 13.753452 -0.000268637259512035
4575751.41163854 13.754454 0.000758257525570873
4576062.15872114 13.755456 0.00212021809273205
4576372.90580375 13.756458 0.000877796766635724
4576683.65288636 13.75746 -0.000736688415837989
4576994.39996896 13.758462 -0.00171770785998025
4577305.14705157 13.759464 0.000689049758716436
4577615.89413418 13.760466 -0.000152518889172241
4577926.64121678 13.761468 -0.00017246243220755
4578237.38829939 13.76247 -0.00117652005548168
4578548.135382 13.763472 -0.000832040057033522
4578858.88246461 13.764474 -0.00217298659337139
4579169.62954721 13.765476 7.16575830874128e-05
4579480.37662982 13.766478 -0.00100335735791901
4579791.12371243 13.76748 0.000741010340072123
4580101.87079503 13.768482 -0.000809413859833468
4580412.61787764 13.769484 0.00149443304934102
4580723.36496025 13.770486 0.000293316904302081
4581034.11204285 13.771488 0.00022834040507519
4581344.85912546 13.77249 0.000649481815816117
4581655.60620807 13.773492 0.00150125934256289
4581966.35329067 13.774494 0.00179566901789505
4582277.10037328 13.775496 -0.000381168112100485
4582587.84745589 13.776498 0.00182990248545263
4582898.59453849 13.7775 0.000274552292929281
4583209.3416211 13.778502 -0.00214060982885719
4583520.08870371 13.779504 0.000238488994375677
4583830.83578631 13.780506 0.000524660548509221
4584141.58286892 13.781508 0.00109934174372791
4584452.32995153 13.78251 -0.000191980984849665
4584763.07703413 13.783512 -0.00121955234620224
4585073.82411674 13.784514 -0.000560336829416153
4585384.57119935 13.785516 0.000177395242298345
4585695.31828196 13.786518 -0.000235975366900173
4586006.06536456 13.78752 0.000593929836223449
4586316.81244717 13.788522 0.00147052829088843
4586627.55952977 13.789524 0.00116752449302009
4586938.30661238 13.790526 0.00131185729797066
4587249.05369499 13.791528 -0.00125438116788016
4587559.8007776 13.79253 0.000868832882724283
4587870.5478602 13.793532 -0.000572081400075724
4588181.29494281 13.794534 0.00111154611882542
4588492.04202542 13.795536 0.00177079495651208
4588802.78910802 13.796538 -0.00132531658139163
4589113.53619063 13.79754 -0.000616208740311204
4589424.28327324 13.798542 -0.00106218619750984
4589735.03035584 13.799544 0.00166788522410633
4590045.77743845 13.800546 0.00138751312767278
4590356.52452106 13.801548 0.00169187420184084
4590667.27160366 13.80255 0.000394740680130531
4590978.01868627 13.803552 0.00147228899830309
4591288.76576888 13.804554 -0.000989649478545654
4591599.51285148 13.805556 0.000671002921869325
4591910.25993409 13.806558 0.00199717736889776
4592221.0070167 13.80756 -0.000424095306456426
4592531.7540993 13.808562 -0.00100743448278258
4592842.50118191 13.809564 -0.00243802265763106
4593153.24826452 13.810566 0.00109888495901063
4593463.99534712 13.811568 -0.000602466836100321
4593774.74242973 13.81257 -0.0010259429809815
4594085.48951234 13.813572 0.00224984338709814
4594396.23659494 13.814574 -0.00103967175365203
4594706.98367755 13.815576 0.00293248925915015
4595017.73076016 13.816578 -0.00099705161819632
4595328.47784276 13.81758 -0.000566337126222333
4595639.22492537 13.818582 0.00169151185863504
4595949.97200798 13.819584 0.000348012445004721
4596260.71909059 13.820586 -0.0017147592121574
4596571.46617319 13.821588 0.00129242070500039
4596882.2132558 13.82259 -0.000784413524831468
4597192.96033841 13.823592 0.00139294740036834
4597503.70742101 13.824594 0.000951530300313135
4597814.45450362 13.825596 -0.000476498197718839
4598125.20158623 13.826598 -0.000324493641250943
4598435.94866883 13.8276 -0.000544276108432088
4598746.69575144 13.828602 0.0010313355594647
4599057.44283405 13.829604 5.60623630612344e-05
4599368.18991665 13.830606 0.000155646553462264
4599678.93699926 13.831608 -0.000830647172137418
4599989.68408187 13.83261 0.000194270301087166
4600300.43116447 13.833612 -0.001281327265058
4600611.17824708 13.834614 0.00135232035935586
4600921.92532969 13.835616 0.00185072972088749
4601232.67241229 13.836618 -0.00104360920904649
4601543.4194949 13.83762 0.000108712313806552
4601854.16657751 13.838622 0.000478430081390054
4602164.91366011 13.839624 -0.000814688566338313
4602475.66074272 13.840626 -0.000237212211294955
4602786.40782533 13.841628 -0.00202699648026589
4603097.15490794 13.84263 -0.000393582744520898
4603407.90199054 13.843632 0.000440355990736315
4603718.64907315 13.844634 0.000899346166544589
4604029.39615576 13.845636 0.000542189649808605
4604340.14323836 13.846638 0.00156515837944793
4604650.89032097 13.84764 0.000906565870603164
4604961.63740357 13.848642 -0.00158231485079015
4605272.38448618 13.849644 0.000184696737806605
4605583.13156879 13.850646 0.000574510377521124
4605893.8786514 13.851648 0.00113753917723453
4606204.625734 13.85265 -0.000358593293919912
4606515.37281661 13.853652 -0.00135495700004135
4606826.11989922 13.854654 0.000255087502545329
4607136.86698182 13.855656 0.000921321514171277
4607447.61406443 13.856658 0.00113217712585971
4607758.36114704 13.85766 1.06041572422726e-05
4608069.10822964 13.858662 0.000246336804321148
4608379.85531225 13.859664 -0.00152687555300129
4608690.60239486 13.860666 0.000635672866514608
4609001.34947746 13.861668 -0.00186140547123343
4609312.09656007 13.86267 0.00210444204019526
4609622.84364268 13.863672 -0.00123622633357913
4609933.59072528 13.864674 1.40910492486792e-05
4610244.33780789 13.865676 -0.000194680901813842
4610555.0848905 13.866678 0.00198963662221016
4610865.8319731 13.86768 0.000406279652066578
4611176.57905571 13.868682 0.000756621769222599
4611487.32613832 13.869684 0.00112255890467497
4611798.07322092 13.870686 0.00214001426399779
4612108.82030353 13.871688 0.000411091772374419
4612419.56738614 13.87269 1.05233089293423e-05
4612730.31446875 13.873692 -6.64287376217336e-05
4613041.06155135 13.874694 0.00178970991148184
4613351.80863396 13.875696 -0.00137736273656323
4613662.55571657 13.876698 0.000339455406919781
4613973.30279917 13.8777 -0.000888175571216591
4614284.04988178 13.878702 -1.0001255009984e-06
4614594.79696439 13.879704 -0.00139772934381731
4614905.54404699 13.880706 -0.00111735954511989
4615216.2911296 13.881708 0.000937858512346875
4615527.03821221 13.88271 0.00173875175275043
4615837.78529481 13.883712 0.000852467744686172
4616148.53237742 13.884714 -0.000448060633653886
4616459.27946003 13.885716 0.000882673677608327
4616770.02654263 13.886718 -0.00365440494213905
4617080.77362524 13.88772 -0.00172424618480675
4617391.52070785 13.888722 0.000333351926594472
4617702.26779045 13.889724 -0.0004409197915134
4618013.01487306 13.890726 0.00112369267913373
4618323.76195567 13.891728 -0.000544313380208899
4618634.50903827 13.89273 0.000826302571726948
4618945.25612088 13.893732 -0.000423269527547261
4619256.00320349 13.894734 2.25743086665942e-05
4619566.75028609 13.895736 0.000322602012325266
4619877.4973687 13.896738 0.00130725215223811
4620188.24445131 13.89774 0.000419741874216791
4620498.99153391 13.898742 -0.0013942578369142
4620809.73861652 13.899744 -0.00292678217112894
4621120.48569913 13.900746 0.00305790296634387
4621431.23278174 13.901748 -0.00167042662497549
4621741.97986434 13.90275 -0.000368821349904146
4622052.72694695 13.903752 0.000116548153089153
4622363.47402955 13.904754 -0.00121667626718441
4622674.22111216 13.905756 -0.000687669589399824
4622984.96819477 13.906758 0.00118024017452399
4623295.71527738 13.90776 0.0011878423265351
4623606.46235998 13.908762 2.47326527812503e-05
4623917.20944259 13.909764 0.000880631167847308
4624227.9565252 13.910766 -0.000781636092434937
4624538.7036078 13.911768 0.00131246557122802
4624849.45069041 13.91277 -0.000179542519100961
4625160.19777302 13.913772 0.00152053487471669
4625470.94485562 13.914774 0.000293664615283434
4625781.69193823 13.915776 -0.00142928601256878
4626092.43902084 13.916778 -4.41162025738775e-05
4626403.18610344 13.91778 -0.00140589144752676
4626713.93318605 13.918782 0.00133299209701212
4627024.68026866 13.919784 0.000551431172442645
4627335.42735126 13.920786 -7.2029357084285e-05
4627646.17443387 13.921788 0.000825374045857273
4627956.92151648 13.92279 0.00129218286214489
4628267.66859908 13.923792 0.00125048666155773
4628578.41568169 13.924794 0.000231053325312188
4628889.1627643 13.925796 0.00196372793924924
4629199.9098469 13.926798 -0.00142671291412734
4629510.65692951 13.9278 0.000597120629946304
4629821.40401212 13.928802 0.000146850591677932
4630132.15109473 13.929804 0.00136476068541029
4630442.89817733 13.930806 -0.000943722882204976
4630753.64525994 13.931808 0.00118275868597837
4631064.39234255 13.93281 0.00246626732494055
4631375.13942515 13.933812 -0.00199407526062522
4631685.88650776 13.934814 -0.000589177348517279
4631996.63359037 13.935816 -0.00163671320800154
4632307.38067297 13.936818 0.000830419039990467
4632618.12775558 13.93782 -0.000219230275901641
4632928.87483819 13.938822 0.000195516480657941
4633239.62192079 13.939824 -0.000463842643116824
4633550.3690034 13.940826 0.000534296080355771
4633861.11608601 13.941828 -0.000336268381506548
4634171.86316861 13.94283 0.000606144017628131
4634482.61025122 13.943832 0.00150089040281873
4634793.35733383 13.944834 0.00239973572960543
4635104.10441643 13.945836 -0.000597237569861741
4635414.85149904 13.946838 -0.00278187275560832
4635725.59858165 13.94784 -0.000691278661371489
4636036.34566425 13.948842 0.00101063439436376
4636347.09274686 13.949844 0.00209469889247829
4636657.83982947 13.950846 0.000248234483874287
4636968.58691207 13.951848 -0.00117820147466072
4637279.33399468 13.95285 0.000405484190781659
4637590.08107729 13.953852 -0.00029489402897626
4637900.82815989 13.954854 -0.000793061996203057
4638211.5752425 13.955856 0.000794183057523236
4638522.32232511 13.956858 0.00161248515087548
4638833.06940771 13.95786 -0.00124131236305892
4639143.81649032 13.958862 0.000199246311795923
4639454.56357293 13.959864 7.57417304185974e-05
4639765.31065554 13.960866 0.000546547749037799
4640076.05773814 13.961868 -0.00114209262883139
4640386.80482075 13.96287 -0.000278609830595606
4640697.55190335 13.963872 -0.000592642694776128
4641008.29898596 13.964874 -0.00209507937643909
4641319.04606857 13.965876 0.000753117122068347
4641629.79315118 13.966878 0.000366385098389722
4641940.54023378 13.96788 0.00167897761793123
4642251.28731639 13.968882 -0.00141682879818602
4642562.034399 13.969884 -0.00122979078297145
4642872.7814816 13.970886 -0.00116512879424771
4643183.52856421 13.971888 -0.000399373875875342
4643494.27564682 13.97289 -0.000133777367785058
4643805.02272942 13.973892 0.000377854757907252
4644115.76981203 13.974894 0.00146612760381056
4644426.51689464 13.975896 -0.000976029421499658
4644737.26397724 13.976898 0.00102652143383958
4645048.01105985 13.9779 0.00109516731352162
4645358.75814246 13.978902 -9.98471011004945e-05
4645669.50522506 13.979904 -0.000796322318973273
4645980.25230767 13.980906 0.00163187783058344
4646290.99939028 13.981908 -0.00123556889573306
4646601.74647288 13.98291 -5.90795952222612e-05
4646912.49355549 13.983912 0.000126180447076002
4647223.2406381 13.984914 0.000888189024262728
4647533.9877207 13.985916 -0.00126479677650833
4647844.73480331 13.986918 0.000943291433054122
4648155.48188592 13.98792 -0.000186964433706523
4648466.22896853 13.988922 0.000937894477284646
4648776.97605113 13.989924 0.00122937960284191
4649087.72313374 13.990926 -0.00111024109465402
4649398.47021635 13.991928 -0.000559271961606022
4649709.21729895 13.99293 -0.0017770230894087
4650019.96438156 13.993932 0.0010370349799894
4650330.71146417 13.994934 0.00119048335527855
4650641.45854677 13.995936 0.00147335494657345
4650952.20562938 13.996938 -0.000105199833000068
4651262.95271199 13.99794 0.00114615668548532
4651573.69979459 13.998942 -0.00052736746755689
4651884.4468772 13.999944 -0.000801752052266552
4652195.19395981 14.000946 0.000505728450836351
4652505.94104241 14.001948 -0.000278425948519808
4652816.68812502 14.00295 0.000364749217990149
4653127.43520763 14.003952 -0.00017888723713975
4653438.18229023 14.004954 0.00130073290503447
4653748.92937284 14.005956 -0.00040151145346447
4654059.67645545 14.006958 0.000189220654444711
4654370.42353805 14.00796 0.00197154784526389
4654681.17062066 14.008962 -0.000934249946306621
4654991.91770327 14.009964 0.00150077953992263
4655302.66478587 14.010966 -4.73196354000372e-05
4655613.41186848 14.011968 -0.00088199269527892
4655924.15895109 14.01297 -0.00114197186948633
4656234.90603369 14.013972 -0.00249342032688321
4656545.6531163 14.014974 -0.000439546276123797
4656856.40019891 14.015976 -0.000672373935718116
4657167.14728151 14.016978 -0.000275027095195714
4657477.89436412 14.01798 -0.00118094665182442
4657788.64144673 14.018982 0.00166381401854231
4658099.38852934 14.019984 -0.0010984131377081
4658410.13561194 14.020986 0.00128286594831722
4658720.88269455 14.021988 -0.000118820011042077
4659031.62977716 14.02299 -0.000330904918992033
4659342.37685976 14.023992 -0.00154818039099352
4659653.12394237 14.024994 5.20856077776273e-05
4659963.87102498 14.025996 -0.00128797610963789
4660274.61810758 14.026998 -0.000304615670050176
4660585.36519019 14.028 -0.000582567279716465
4660896.1122728 14.029002 -0.00102282267863321
4661206.8593554 14.030004 -0.000537659730066505
4661517.60643801 14.031006 0.000195697329064852
4661828.35352062 14.032008 8.6932248275397e-05
4662139.10060322 14.03301 -9.31101738777348e-05
4662449.84768583 14.034012 -0.00250741006673595
4662760.59476844 14.035014 -0.000266469678983416
4663071.34185104 14.036016 0.000612595463436892
4663382.08893365 14.037018 -0.00194658081563459
4663692.83601626 14.03802 -0.00169439906787398
4664003.58309886 14.039022 -0.0012806450244493
4664314.33018147 14.040024 -0.000222709592574599
4664625.07726408 14.041026 -0.00220696055772218
4664935.82434668 14.042028 -0.000678979074343689
4665246.57142929 14.04303 -0.00050486037257583
4665557.3185119 14.044032 0.000200166841028817
4665868.0655945 14.045034 0.00082770521516472
4666178.81267711 14.046036 -0.000567187391000089
4666489.55975972 14.047038 -0.000875082264265998
4666800.30684233 14.04804 -0.00155707329401413
4667111.05392493 14.049042 -0.000116311550185338
4667421.80100754 14.050044 0.000973984618215427
4667732.54809015 14.051046 0.000668088686098505
4668043.29517275 14.052048 -0.000436718023373685
4668354.04225536 14.05305 -0.00223421598436661
4668664.78933797 14.054052 -0.000201823033697279
4668975.53642057 14.055054 0.000507062497909794
4669286.28350318 14.056056 0.000864334434369172
4669597.03058579 14.057058 0.000360787730380717
4669907.77766839 14.05806 -0.00164902908570532
4670218.524751 14.059062 -0.00127019170964576
4670529.27183361 14.060064 -0.000619383249218775
4670840.01891621 14.061066 -0.000547787070586896
4671150.76599882 14.062068 0.000271224723110518
4671461.51308143 14.06307 0.00140280486610435
4671772.26016403 14.064072 -7.559325753725e-05
4672083.00724664 14.065074 -0.00154304395927875
4672393.75432925 14.066076 -0.000923598401476771
4672704.50141185 14.067078 0.000248413248043932
4673015.24849446 14.06808 0.000613891761319069
4673325.99557707 14.069082 -0.00122900432781128
4673636.74265967 14.070084 -0.000876039151031206
4673947.48974228 14.071086 -0.00192832593360437
4674258.23682489 14.072088 0.00160160608374027
4674568.98390749 14.07309 0.000436532455269696
4674879.7309901 14.074092 -0.0012941686775392
4675190.47807271 14.075094 0.000339403574757808
4675501.22515532 14.076096 0.00131957465514572
4675811.97223792 14.077098 0.00218654402642549
4676122.71932053 14.0781 0.0021302251628568
4676433.46640314 14.079102 -0.000389753543387783
4676744.21348574 14.080104 -0.00169498709194328
4677054.96056835 14.081106 0.000601105742660208
4677365.70765096 14.082108 0.00175806485458864
4677676.45473356 14.08311 0.000893827633860365
4677987.20181617 14.084112 0.000739981208781226
4678297.94889878 14.085114 -0.000115677564431696
4678608.69598138 14.086116 0.00115283860558058
4678919.44306399 14.087118 0.00137306511599599
4679230.1901466 14.08812 -0.000690656444256051
4679540.9372292 14.089122 0.000403305394487363
4679851.68431181 14.090124 -0.000658899022493521
4680162.43139442 14.091126 -0.000434117654483246
4680473.17847702 14.092128 0.000381934498812333
4680783.92555963 14.09313 -0.0004601641958304
4681094.67264224 14.094132 0.00182001478980529
4681405.41972484 14.095134 0.00038409363146638
4681716.16680745 14.096136 -3.3864900254088e-05
4682026.91389006 14.097138 -0.00117446050060678
4682337.66097267 14.09814 0.000367417078603032
4682648.40805527 14.099142 -0.000850432301442238
4682959.15513788 14.100144 -0.00232512571891128
4683269.90222048 14.101146 0.000418226042531478
4683580.64930309 14.102148 0.00173668225319944
4683891.3963857 14.10315 -8.25628396430666e-05
4684202.14346831 14.104152 -0.000430325217626381
4684512.89055091 14.105154 -0.000491744522324908
4684823.63763352 14.106156 6.83222599676778e-06
4685134.38471613 14.107158 -0.000453043267667308
4685445.13179873 14.10816 0.00162599058636181
4685755.87888134 14.109162 0.000791269337321468
4686066.62596395 14.110164 -0.00098187673648344
4686377.37304655 14.111166 0.00125056244319626
4686688.12012916 14.112168 -0.00104545369205548
4686998.86721177 14.11317 0.00118148793369769
4687309.61429437 14.114172 0.000987392686971072
4687620.36137698 14.115174 0.00231807380543214
4687931.10845959 14.116176 5.31860155243022e-05
4688241.85554219 14.117178 0.000954462852988424
4688552.6026248 14.11818 -0.000780503772073768
4688863.34970741 14.119182 -0.000744610280760727
4689174.09679001 14.120184 0.00128473558391484
4689484.84387262 14.121186 -0.000345847137568481
4689795.59095523 14.122188 0.000574741225131176
4690106.33803783 14.12319 -0.00125155065579234
4690417.08512044 14.124192 -0.000373932750383677
4690727.83220305 14.125194 -0.000518444901180499
4691038.57928566 14.126196 -0.00102333495862286
4691349.32636826 14.127198 0.000759920649208785
4691660.07345087 14.1282 0.000732626843678865
4691970.82053347 14.129202 0.000232719013446348
4692281.56761608 14.130204 0.0016029260746594
4692592.31469869 14.131206 0.0018846610751211
4692903.0617813 14.132208 0.000719278507739285
4693213.8088639 14.13321 -0.00278842773210482
4693524.55594651 14.134212 0.000185716110220672
4693835.30302912 14.135214 -0.000203677549517341
4694146.05011172 14.136216 0.0024427985972391
4694456.79719433 14.137218 -0.000340552259158222
4694767.54427694 14.13822 0.00261577468997028
4695078.29135954 14.139222 -0.00109772911826486
4695389.03844215 14.140224 0.00036845226519877
4695699.78552476 14.141226 0.000370906537852057
4696010.53260736 14.142228 0.00078072038334925
4696321.27968997 14.14323 0.000208367895176404
4696632.02677258 14.144232 -0.00177601140449468
4696942.77385518 14.145234 0.000259009008678984
4697253.52093779 14.146236 -0.000110615690349855
4697564.2680204 14.147238 0.000282557391274149
4697875.015103 14.14824 -8.97168497661062e-05
4698185.76218561 14.149242 4.49181072075627e-05
4698496.50926822 14.150244 0.00154679335193009
4698807.25635082 14.151246 0.000532607171326146
4699118.00343343 14.152248 0.00100999076356122
4699428.75051604 14.15325 -0.000715458960715436
4699739.49759865 14.154252 -0.000764325752176338
4700050.24468125 14.155254 -0.00214873211593734
4700360.99176386 14.156256 -0.000311248396562406
4700671.73884646 14.157258 0.00141114472153437
4700982.48592907 14.15826 -0.00107346304293452
4701293.23301168 14.159262 0.000908367502613711
4701603.98009428 14.160264 -0.00111658867614697
4701914.72717689 14.161266 -0.000165760039706078
4702225.4742595 14.162268 -0.000660242409404882
4702536.2213421 14.16327 -0.000527722323556889
4702846.96842471 14.164272 -0.000133793119865451
4703157.71550732 14.165274 0.00094670249236914
4703468.46258993 14.166276 -0.000179708334148037
4703779.20967253 14.167278 0.00161617997563472
4704089.95675514 14.16828 -0.00122209147972435
4704400.70383775 14.169282 6.13247954111761e-05
4704711.45092035 14.170284 -0.000388671808855865
4705022.19800296 14.171286 0.000297982883150671
4705332.94508557 14.172288 -0.000863837172972557
4705643.69216817 14.17329 -2.0935818974066e-05
4705954.43925078 14.174292 0.000840611087419513
4706265.18633339 14.175294 -0.000460782648468041
4706575.93341599 14.176296 -0.0014963602243295
4706886.6804986 14.177298 0.000354633041798103
4707197.42758121 14.1783 -0.00100577096674208
4707508.17466381 14.179302 -0.00031832466704646
4707818.92174642 14.180304 -0.00265186829527969
4708129.66882903 14.181306 -0.000478254675792973
4708440.41591163 14.182308 -0.00232597139631888
4708751.16299424 14.18331 0.000820446761429562
4709061.91007685 14.184312 0.000289876151636551
4709372.65715946 14.185314 -0.00128398612692166
4709683.40424206 14.186316 0.000156755430417136
4709994.15132467 14.187318 0.000779760921555083
4710304.89840728 14.18832 -0.00158862722297384
4710615.64548988 14.189322 0.000845807826895827
4710926.39257249 14.190324 -0.0021008180995069
4711237.13965509 14.191326 0.000121512985241629
4711547.8867377 14.192328 -0.000843611658722927
4711858.63382031 14.19333 0.000728191009220127
4712169.38090292 14.194332 0.000335226604989064
4712480.12798552 14.195334 0.00119048856594403
4712790.87506813 14.196336 -0.00155081665027185
4713101.62215074 14.197338 -0.00230582340633285
4713412.36923334 14.19834 -0.00052492152245437
4713723.11631595 14.199342 0.000508289682378122
4714033.86339856 14.200344 0.000130896671376494
4714344.61048116 14.201346 0.000262080838217324
4714655.35756377 14.202348 -0.00137145174272019
4714966.10464638 14.20335 0.00146114151582536
4715276.85172898 14.204352 -0.000124760452401182
4715587.59881159 14.205354 -0.000258507114597486
4715898.3458942 14.206356 -0.00229583210854495
4716209.0929768 14.207358 -0.00120935716213094
4716519.84005941 14.20836 0.00179090938749799
4716830.58714202 14.209362 -0.000192202970899126
4717141.33422462 14.210364 -0.00203459295412756
4717452.08130723 14.211366 -0.000431202937755173
4717762.82838984 14.212368 -0.0014724107074611
4718073.57547244 14.21337 0.000569153205815837
4718384.32255505 14.214372 0.000757404967951599
4718695.06963766 14.215374 -0.000613076758427349
4719005.81672026 14.216376 -0.00144816091317464
4719316.56380287 14.217378 0.00107739973140406
4719627.31088548 14.21838 0.000322993977020026
4719938.05796808 14.219382 0.000907164586214775
4720248.80505069 14.220384 0.000765540279747368
4720559.5521333 14.221386 0.000140867807798918
4720870.29921591 14.222388 0.000398384724656272
4721181.04629851 14.22339 0.000669989721250477
4721491.79338112 14.224392 -0.000682111719141191
4721802.54046373 14.225394 4.92084057215592e-05
4722113.28754633 14.226396 0.00107376051253535
4722424.03462894 14.227398 0.000396618545321337
4722734.78171155 14.2284 -0.000515739554790632
4723045.52879415 14.229402 -0.000158000589845217
4723356.27587676 14.230404 0.000605814699284438
4723667.02295937 14.231406 -0.000196254885116775
4723977.77004197 14.232408 0.00125786447002689
4724288.51712458 14.23341 -0.00022640436046489
4724599.26420719 14.234412 -2.79940664262025e-05
4724910.01128979 14.235414 0.000557968076730773
4725220.7583724 14.236416 -0.000238940827882167
4725531.50545501 14.237418 -1.64631429291558e-05
4725842.25253761 14.23842 -0.000635857034504403
4726152.99962022 14.239422 0.000419839576564052
4726463.74670283 14.240424 -0.000233401937110125
4726774.49378543 14.241426 0.000155894511937678
4727085.24086804 14.242428 -0.00105090009213581
4727395.98795065 14.24343 2.07344676909899e-06
4727706.73503326 14.244432 -3.41401705006978e-05
4728017.48211586 14.245434 0.000352082986605246
4728328.22919847 14.246436 0.00124849655828679
4728638.97628107 14.247438 0.00245681845764251
4728949.72336368 14.24844 0.00134895498206495
4729260.47044629 14.249442 -0.0016510587006049
4729571.2175289 14.250444 -0.00015158438210761
4729881.9646115 14.251446 -4.43828628228997e-05
4730192.71169411 14.252448 -0.000276566213945022
4730503.45877672 14.25345 -0.000643748431846388
4730814.20585932 14.254452 0.00135375881270533
4731124.95294193 14.255454 -0.00128921827277758
4731435.70002453 14.256456 -0.0021015804063145
4731746.44710714 14.257458 0.000165324357231317
4732057.19418975 14.25846 0.00106895939872336
4732367.94127236 14.259462 0.000935642360749857
4732678.68835496 14.260464 0.000208563632378333
4732989.43543757 14.261466 0.00104557865680505
4733300.18252018 14.262468 -0.000572121062310601
4733610.92960278 14.26347 -0.00104730766922222
4733921.67668539 14.264472 -0.000627940384154335
4734232.423768 14.265474 -0.00115414507231993
4734543.1708506 14.266476 -0.00152495237010915
4734853.91793321 14.267478 -0.000498886239706301
4735164.66501582 14.26848 -0.00109306612793167
4735475.41209842 14.269482 0.000643276491852962
4735786.15918103 14.270484 0.00167608614365815
4736096.90626364 14.271486 9.57725110645315e-05
4736407.65334624 14.272488 0.00160437907180019
4736718.40042885 14.27349 -0.000893293710528888
4737029.14751146 14.274492 -0.00102232020036145
4737339.89459406 14.275494 -0.000716577015099897
4737650.64167667 14.276496 -0.00158284402756633
4737961.38875928 14.277498 -0.000989463511963585
4738272.13584189 14.2785 -0.00146151031517475
4738582.88292449 14.279502 0.000165341740039413
4738893.6300071 14.280504 -0.00148321588590766
4739204.37708971 14.281506 0.00074069015492503
4739515.12417231 14.282508 -0.00118775507802021
4739825.87125492 14.28351 9.87253017006468e-05
4740136.61833753 14.284512 0.000331898661009795
4740447.36542013 14.285514 0.000301492767056609
4740758.11250274 14.286516 0.00129292375859038
4741068.85958535 14.287518 -0.00144874906048668
4741379.60666795 14.28852 0.000544911952440308
4741690.35375056 14.289522 -0.000109623263158172
4742001.10083317 14.290524 0.00175558400676919
4742311.84791577 14.291526 -0.00105207986527106
4742622.59499838 14.292528 -0.00163161569623693
4742933.34208099 14.29353 0.000174481345805824
4743244.08916359 14.294532 0.000580248245561754
4743554.8362462 14.295534 -0.000630955194492656
4743865.58332881 14.296536 0.000883853385757984
4744176.33041141 14.297538 -5.10824656036763e-05
4744487.07749402 14.29854 9.78452672888042e-05
4744797.82457663 14.299542 -0.000981842740501793
4745108.57165923 14.300544 0.000111204767501968
4745419.31874184 14.301546 0.000455933184865561
4745730.06582445 14.302548 6.77626358187541e-05
4746040.81290705 14.30355 -0.00163203593133215
4746351.55998966 14.304552 -0.00163719098218022
4746662.30707227 14.305554 7.88990787345505e-05
4746973.05415487 14.306556 -0.000912005138681192
4747283.80123748 14.307558 -0.00158618371422982
4747594.54832009 14.30856 -0.000374344935239435
4747905.29540269 14.309562 -0.000287099473052532
4748216.0424853 14.310564 -0.000699796661119099
4748526.78956791 14.311566 0.00062635806006769
4748837.53665052 14.312568 -0.00129235373843294
4749148.28373312 14.31357 -0.00107431158761845
4749459.03081573 14.314572 0.00162419852581437
4749769.77789834 14.315574 0.000255149788861686
4750080.52498094 14.316576 0.00247442207439118
4750391.27206355 14.317578 0.000858195610252048
4750702.01914616 14.31858 -0.000263113385876357
4751012.76622876 14.319582 0.000964071625986569
4751323.51331137 14.320584 0.000842264819233197
4751634.26039398 14.321586 -0.000533616687372306
4751945.00747658 14.322588 -0.00116523507991087
4752255.75455919 14.32359 9.86279370510088e-05
4752566.5016418 14.324592 -0.000954965600143631
4752877.2487244 14.325594 -0.000248765851616326
4753187.99580701 14.326596 0.000673536615180004
4753498.74288962 14.327598 -0.000545036302700794
4753809.48997222 14.3286 -0.000371329541398227
4754120.23705483 14.329602 -0.00111201703682922
4754430.98413744 14.330604 0.000758529360377213
4754741.73122004 14.331606 0.00258948437905862
4755052.47830265 14.332608 0.000765783474279336
4755363.22538526 14.33361 0.000549501125588741
4755673.97246786 14.334612 0.000520052594614915
4755984.71955047 14.335614 -0.00050897114624643
4756295.46663308 14.336616 0.000601174986701891
4756606.21371568 14.337618 -0.00129953927661668
4756916.96079829 14.33862 0.000379200655530357
4757227.7078809 14.339622 -0.00121186197084822
4757538.45496351 14.340624 -0.00157700242816522
4757849.20204611 14.341626 0.000976927639811435
4758159.94912872 14.342628 0.000104277192997944
4758470.69621133 14.34363 0.000935345197501463
4758781.44329393 14.344632 -0.000323695566024983
4759092.19037654 14.345634 -0.000821168689788767
4759402.93745915 14.346636 0.000197881310743347
4759713.68454175 14.347638 0.000768665901868365
4760024.43162436 14.34864 0.00126919440062515
4760335.17870697 14.349642 0.00259049978742055
4760645.92578957 14.350644 -0.000531826080228143
4760956.67287218 14.351646 0.00113119297138844
4761267.41995479 14.352648 0.000261962663147004
4761578.16703739 14.35365 0.000320791685226727
4761888.91412 14.354652 0.00158000256793259
4762199.66120261 14.355654 0.000191407395040448
4762510.40828521 14.356656 -0.000567815932145014
4762821.15536782 14.357658 -0.00102683330868524
4763131.90245043 14.35866 -0.000392577158910846
4763442.64953303 14.359662 -0.000133366612355871
4763753.39661564 14.360664 0.00141999264057623
4764064.14369825 14.361666 0.000653846201745041
4764374.89078085 14.362668 -0.00222057566504471
4764685.63786346 14.36367 0.000257921764551925
4764996.38494607 14.364672 -0.000174798383269579
4765307.13202867 14.365674 -0.000388804360284777
4765617.87911128 14.366676 0.000138063653534652
4765928.62619389 14.367678 -0.00081808211352011
4766239.3732765 14.36868 0.000979230886823305
4766550.1203591 14.369682 0.00204319785811098
4766860.86744171 14.370684 0.000549305728726554
4767171.61452432 14.371686 0.000556318808932135
4767482.36160692 14.372688 -0.000554878913921924
4767793.10868953 14.37369 0.00250079091828108
4768103.85577214 14.374692 0.000255453859888457
4768414.60285474 14.375694 -0.000670048743120649
4768725.34993735 14.376696 0.00148325613918685
4769036.09701996 14.377698 0.000112399689033041
4769346.84410256 14.3787 -0.000110440617611293
4769657.59118517 14.379702 0.00112598265686218
4769968.33826778 14.380704 0.000211876645783764
4770279.08535038 14.381706 0.00163769360260104
4770589.83243299 14.382708 -0.000616516716395709
4770900.5795156 14.38371 -8.03653444176523e-05
4771211.3265982 14.384712 -0.00187923550217175
4771522.07368081 14.385714 0.000709994265870125
4771832.82076342 14.386716 0.000865683404289418
4772143.56784602 14.387718 0.000581047975493464
4772454.31492863 14.38872 -0.000394568567566019
4772765.06201124 14.389722 0.000724266670883953
4773075.80909385 14.390724 -0.000552727061228251
4773386.55617645 14.391726 -0.00238730513115418
4773697.30325906 14.392728 -0.000483339172650217
4774008.05034166 14.39373 -0.00194260083406672
4774318.79742427 14.394732 -8.4904807947488e-05
4774629.54450688 14.395734 0.00218850046014554
4774940.29158949 14.396736 0.000740878892042141
4775251.03867209 14.397738 0.00029698539787693
4775561.7857547 14.39874 0.00122954702807813
4775872.53283731 14.399742 0.000170352276416554
4776183.27991991 14.400744 -0.000552028797571954
4776494.02700252 14.401746 0.00192114531239066
4776804.77408513 14.402748 0.000269198524501588
4777115.52116773 14.40375 0.000857491362680817
4777426.26825034 14.404752 0.00172972836708697
4777737.01533295 14.405754 0.00102913371889876
4778047.76241555 14.406756 0.000530264934233011
4778358.50949816 14.407758 -7.14081855890838e-05
4778669.25658077 14.40876 0.00143557646267956
4778980.00366337 14.409762 0.00115671833707608
4779290.75074598 14.410764 0.000285073358892825
4779601.49782859 14.411766 -0.000266809299785619
4779912.24491119 14.412768 0.0010470364781287
4780222.9919938 14.41377 -0.000292409498048005
4780533.73907641 14.414772 0.000578721353904256
4780844.48615901 14.415774 0.000426927714233335
4781155.23324162 14.416776 -0.000509170137986244
4781465.98032423 14.417778 -0.000423568999510257
4781776.72740683 14.41878 0.000115682441195496
4782087.47448944 14.419782 0.00173190276892345
4782398.22157205 14.420784 0.000600843318625041
4782708.96865465 14.421786 -0.000376146680728786
4783019.71573726 14.422788 -0.00117285916640402
4783330.46281987 14.42379 0.00102098728799567
4783641.20990248 14.424792 0.000718837296165996
4783951.95698508 14.425794 -0.00273567297327878
4784262.70406769 14.426796 -0.000624438454383739
4784573.4511503 14.427798 0.000375019879768073
4784884.1982329 14.4288 0.00116719136358384
4785194.94531551 14.429802 0.000202176675810099
4785505.69239812 14.430804 0.000797186456472553
4785816.43948072 14.431806 -0.000636816933481351
4786127.18656333 14.432808 -0.00154695645427719
4786437.93364594 14.43381 -0.000569498853793102
4786748.68072854 14.434812 5.28836309162635e-05
4787059.42781115 14.435814 0.000175362448378627
4787370.17489376 14.436816 0.000584436950403876
4787680.92197636 14.437818 -0.000517028055191153
4787991.66905897 14.43882 -0.00149636639694359
4788302.41614158 14.439822 -2.02527333287688e-06
4788613.16322418 14.440824 -0.000689013342140262
4788923.91030679 14.441826 0.000188942963919411
4789234.6573894 14.442828 -0.00119335779057541
4789545.404472 14.44383 0.000938559816655815
4789856.15155461 14.444832 -0.0015426055449529
4790166.89863722 14.445834 -0.0015687438250487
4790477.64571982 14.446836 0.00179954852808418
4790788.39280243 14.447838 0.00122880425961957
4791099.13988504 14.44884 0.000217407967730073
4791409.88696765 14.449842 0.0014283469017831
4791720.63405025 14.450844 3.05031353818539e-05
4792031.38113286 14.451846 -0.00091642789380273
4792342.12821547 14.452848 -0.000874789325134223
4792652.87529807 14.45385 -0.000810660140423974
4792963.62238068 14.454852 0.000289890679861365
4793274.36946329 14.455854 0.000126746967382251
4793585.11654589 14.456856 0.00190027420023951
4793895.8636285 14.457858 0.00129297959012156
4794206.61071111 14.45886 0.00125929029416244
4794517.35779371 14.459862 -0.00143780016057106
4794828.10487632 14.460864 -0.000566648096609479
4795138.85195893 14.461866 -4.17449203277497e-05
4795449.59904153 14.462868 -0.000126176059247352
4795760.34612414 14.46387 -0.000584017552757934
4796071.09320675 14.464872 -0.00033238640492027
4796381.84028935 14.465874 -0.000461817268155334
4796692.58737196 14.466876 -0.00110630375072815
4797003.33445457 14.467878 0.00058783660853727
4797314.08153717 14.46888 -0.000359604755770583
4797624.82861978 14.469882 0.00037866463342027
4797935.57570239 14.470884 0.000556198953684706
4798246.32278499 14.471886 0.00038314351674609
4798557.0698676 14.472888 -0.000367341715528601
4798867.81695021 14.47389 -0.000966398859343592
4799178.56403281 14.474892 0.00110360357118128
4799489.31111542 14.475894 0.00131115636547388
4799800.05819803 14.476896 0.000509562215338795
4800110.80528064 14.477898 1.83419956300305e-05
4800421.55236324 14.4789 9.55711221178013e-05
4800732.29944585 14.479902 -0.00111657935767722
4801043.04652846 14.480904 0.00257822682476602
4801353.79361106 14.481906 0.00121700150652538
4801664.54069367 14.482908 -0.00129246916537671
4801975.28777628 14.48391 0.000657271234835055
4802286.03485888 14.484912 0.00112053183372393
4802596.78194149 14.485914 0.000580961498395903
4802907.5290241 14.486916 0.000899241145192658
4803218.2761067 14.487918 -0.00108620690056522
4803529.02318931 14.48892 0.000635682528621576
4803839.77027192 14.489922 -0.000157262234970667
4804150.51735452 14.490924 0.000479007181664562
4804461.26443713 14.491926 0.00069735261431616
4804772.01151974 14.492928 0.0015892206254074
4805082.75860234 14.49393 0.0011383784502543
4805393.50568495 14.494932 0.000145466602353718
4805704.25276756 14.495934 -0.00121741615736642
4806014.99985016 14.496936 0.000311029030951933
4806325.74693277 14.497938 0.000184080582691002
4806636.49401538 14.49894 -0.000327999321356391
4806947.24109798 14.499942 0.000535497378705383
4807257.98818059 14.500944 -0.000925405157817009
4807568.7352632 14.501946 0.00155591748555118
4807879.4823458 14.502948 -0.000346948435101348
4808190.22942841 14.50395 -0.000165559853413064
4808500.97651102 14.504952 0.000452252795932291
4808811.72359363 14.505954 0.000732048293093588
4809122.47067623 14.506956 0.000169470255573454
4809433.21775884 14.507958 -0.000365397637704134
4809743.96484145 14.50896 -2.28305191953687e-05
4810054.71192405 14.509962 -0.00137592233547574
4810365.45900666 14.510964 -0.00194847210896677
4810676.20608927 14.511966 -0.000642237108177535
4810986.95317187 14.512968 -0.00120423226764632
4811297.70025448 14.51397 -0.00225567354820724
4811608.44733709 14.514972 -0.000470348506689346
4811919.19441969 14.515974 0.00203754663658116
4812229.9415023 14.516976 0.00091083925775295
4812540.68858491 14.517978 0.000488326310349749
4812851.43566751 14.51898 0.000884418973891334
4813162.18275012 14.519982 0.0011651567834118
4813472.92983273 14.520984 0.00074757688030322
4813783.67691533 14.521986 0.000690688371143738
4814094.42399794 14.522988 -0.00182625980057082
4814405.17108055 14.52399 -0.00196559558284723
4814715.91816315 14.524992 5.71484443972114e-05
4815026.66524576 14.525994 0.000238391292410729
4815337.41232837 14.526996 -0.00186033289307593
4815648.15941097 14.527998 0.000412352653263522
4815958.90649358 14.529 -0.00157462600476788
4816269.65357619 14.530002 -0.000152839629380395
4816580.40065879 14.531004 -0.000465649903802445
4816891.1477414 14.532006 -0.0015701340349762
4817201.89482401 14.533008 0.00072398024764867
4817512.64190662 14.53401 -0.00152877240254715
4817823.38898922 14.535012 0.000508503880442592
4818134.13607183 14.536014 0.00051179315454643
4818444.88315444 14.537016 0.000651607053076577
4818755.63023704 14.538018 0.000674012711037219
4819066.37731965 14.53902 0.00132195415000749
4819377.12440226 14.540022 -0.0022133920331262
4819687.87148486 14.541024 0.00116691294456093
4819998.61856747 14.542026 -0.000263271053036422
4820309.36565008 14.543028 -0.000971846762394088
4820620.11273268 14.54403 0.00166743119361172
4820930.85981529 14.545032 0.000455086501025832
4821241.6068979 14.546034 0.000314320707406644
4821552.3539805 14.547036 0.00127205822125221
4821863.10106311 14.548038 0.000931053930855863
4822173.84814572 14.54904 0.00137535972208978
4822484.59522832 14.550042 -0.000983084634233504
4822795.34231093 14.551044 0.000646206174548128
4823106.08939354 14.552046 0.000185174803119289
4823416.83647614 14.553048 -0.000381570872591616
4823727.58355875 14.55405 -0.00154246109494301
4824038.33064136 14.555052 -0.000787702085564595
4824349.07772397 14.556054 -0.00187735817133821
4824659.82480657 14.557056 -0.000872073768416244
4824970.57188918 14.558058 -0.00133012388628075
4825281.31897178 14.55906 0.000232167993785932
4825592.06605439 14.560062 -0.00182469497944019
4825902.813137 14.561064 -0.00036689849411231
4826213.56021961 14.562066 -0.000340481517776669
4826524.30730221 14.563068 0.000596896552066031
4826835.05438482 14.56407 0.000611391306864442
4827145.80146743 14.565072 0.00187079056774741
4827456.54855003 14.566074 0.000192864026290202
4827767.29563264 14.567076 0.00165585620673863
4828078.04271524 14.568078 0.00121881371512094
4828388.78979785 14.56908 0.000544574096333832
4828699.53688046 14.570082 0.00046516073386651
4829010.28396307 14.571084 0.000297573938261446
4829321.03104567 14.572086 -0.000803290260919355
4829631.77812828 14.573088 0.00054640003401194
4829942.52521089 14.57409 -0.000153808087799866
4830253.27229349 14.575092 0.000614316085608243
4830564.0193761 14.576094 0.000756084891506234
4830874.76645871 14.577096 0.000797739772546063
4831185.51354131 14.578098 0.000249162105660665
4831496.26062392 14.5791 -0.000642144802474546
4831807.00770653 14.580102 -0.000300431904343428
4832117.75478913 14.581104 -2.82448286391526e-05
4832428.50187174 14.582106 -0.000571171328840928
4832739.24895435 14.583108 -0.000969980245406089
4833049.99603696 14.58411 -0.000644418971020592
4833360.74311956 14.585112 0.000398681583291999
4833671.49020217 14.586114 0.000656537801822105
4833982.23728477 14.587116 0.000304456560324565
4834292.98436738 14.588118 -0.000717101819740437
4834603.73144999 14.58912 0.000671018798196787
4834914.4785326 14.590122 -0.00126583818119912
4835225.2256152 14.591124 0.000488209576299911
4835535.97269781 14.592126 0.00274028330786431
4835846.71978042 14.593128 0.000192600100906017
4836157.46686302 14.59413 0.000633084346659503
4836468.21394563 14.595132 -0.00166086856827665
4836778.96102824 14.596134 0.000112842886614956
4837089.70811084 14.597136 -0.00085073356540633
4837400.45519345 14.598138 -0.000228465094409905
4837711.20227606 14.59914 -0.000682019496995093
4838021.94935866 14.600142 -0.000182758390823094
4838332.69644127 14.601144 0.000305238856692261
4838643.44352388 14.602146 0.000333727085168508
4838954.19060648 14.603148 0.000741569658891293
4839264.93768909 14.60415 -0.000685476693844679
4839575.6847717 14.605152 -0.000636095950467046
4839886.4318543 14.606154 0.00257491282653466
4840197.17893691 14.607156 0.000146883279885895
4840507.92601952 14.608158 -8.42017775397588e-05
4840818.67310212 14.60916 -0.00115141140274195
4841129.42018473 14.610162 -0.000235936860434276
4841440.16726734 14.611164 0.000376772075308431
4841750.91434994 14.612166 -0.00212420634934705
4842061.66143255 14.613168 -0.00136454453432621
4842372.40851516 14.61417 -0.000226408163773945
4842683.15559776 14.615172 0.000918282225639349
4842993.90268037 14.616174 -0.00027446023248379
4843304.64976298 14.617176 0.000883041922133415
4843615.39684558 14.618178 0.000247179730252538
4843926.14392819 14.61918 0.000140853607467292
4844236.8910108 14.620182 0.000495685365087043
4844547.6380934 14.621184 -0.000682268540171461
4844858.38517601 14.622186 -0.00166979355273052
4845169.13225862 14.623188 -0.000165221013252238
4845479.87934123 14.62419 -5.20596391151672e-05
4845790.62642383 14.625192 0.00131765570610313
4846101.37350644 14.626194 -0.000413534303287464
4846412.12058905 14.627196 -0.00124687126687162
4846722.86767165 14.628198 -4.89001343927337e-05
4847033.61475426 14.6292 -0.0001078597341256
4847344.36183687 14.630202 0.000863182893697354
4847655.10891947 14.631204 0.000121415112593208
4847965.85600208 14.632206 0.00086584223615082
4848276.60308469 14.633208 -0.000872544562842163
4848587.35016729 14.63421 -0.00166263919156096
4848898.0972499 14.635212 -0.00204232744338185
4849208.84433251 14.636214 0.00158267394668406
4849519.59141511 14.637216 -0.000745867867725869
4849830.33849772 14.638218 -0.00120237873838064
4850141.08558033 14.63922 0.000234926119239776
4850451.83266293 14.640222 -0.000588880711958499
4850762.57974554 14.641224 -0.000336386660732206
4851073.32682815 14.642226 0.000784418755814553
4851384.07391075 14.643228 0.00159680722033277
4851694.82099336 14.64423 -0.00185608330768572
4852005.56807597 14.645232 0.000674453540005266
4852316.31515857 14.646234 -0.000735460404935891
4852627.06224118 14.647236 -0.0014609106040318
4852937.80932379 14.648238 0.000124662251481214
4853248.55640639 14.64924 0.00212122681036892
4853559.303489 14.650242 -0.00180735967159903
4853870.05057161 14.651244 -0.00116632466882823
4854180.79765422 14.652246 -0.000407453284428501
4854491.54473682 14.653248 -0.000338930000900788
4854802.29181943 14.65425 -0.000578794571553822
4855113.03890204 14.655252 -0.000528568158642297
4855423.78598464 14.656254 0.000709870881224898
4855734.53306725 14.657256 0.00061304471126606
4856045.28014986 14.658258 -0.00114263646443399
4856356.02723246 14.65926 -0.000768023388215032
4856666.77431507 14.660262 0.00213573215220722
4856977.52139768 14.661264 0.00114700348310487
4857288.26848028 14.662266 -0.000955376755550254
4857599.01556289 14.663268 0.000386017334512709
4857909.7626455 14.66427 0.000639211176354933
4858220.5097281 14.665272 9.05740468749563e-05
4858531.25681071 14.666274 -0.000450687089456567
4858842.00389332 14.667276 -0.00170530492953493
4859152.75097592 14.668278 -0.000260304619616116
4859463.49805853 14.66928 0.000263882192607026
4859774.24514114 14.670282 -0.00081130615957619
4860084.99222374 14.671284 -0.00107659884760367
4860395.73930635 14.672286 0.000317008259538397
4860706.48638896 14.673288 -0.00166390290146462
4861017.23347156 14.67429 0.000151522328493285
4861327.98055417 14.675292 0.000590370470486046
4861638.72763678 14.676294 -0.00114077267002766
4861949.47471938 14.677296 0.000811174304763634
4862260.22180199 14.678298 0.00125841952586008
4862570.9688846 14.6793 -0.000890056010610941
4862881.71596721 14.680302 -0.000724885132868792
4863192.46304981 14.681304 -0.000256740792188065
4863503.21013242 14.682306 -0.00123996309535907
4863813.95721503 14.683308 0.00056465708596911
4864124.70429763 14.68431 -0.00168237574442385
4864435.45138024 14.685312 0.0001275568017186
4864746.19846285 14.686314 0.00198337253261099
4865056.94554545 14.687316 -0.000180132557551439
4865367.69262806 14.688318 -0.000727234298994303
4865678.43971067 14.68932 -0.000106372684555776
4865989.18679327 14.690322 -0.00135830454072321
4866299.93387588 14.691324 0.00103945231307466
4866610.68095849 14.692326 -0.00179200519412834
4866921.42804109 14.693328 0.000790297701009845
4867232.1751237 14.69433 0.000483650088674159
4867542.92220631 14.695332 0.000966666576994479
4867853.66928891 14.696334 -0.000678432623214211
4868164.41637152 14.697336 0.000482150075475972
4868475.16345413 14.698338 -0.00162612709382052
4868785.91053673 14.69934 -0.000763625055481958
4869096.65761934 14.700342 0.000339159883797013
4869407.40470195 14.701344 -0.000271411144984676
4869718.15178456 14.702346 -4.667174025068e-05
4870028.89886716 14.703348 -0.00116423978645666
4870339.64594977 14.70435 0.000384704478048779
4870650.39303237 14.705352 -0.000433876089270474
4870961.14011498 14.706354 -0.00121414084099364
4871271.88719759 14.707356 -1.25595883033384e-05
4871582.63428019 14.708358 -0.000933227330436686
4871893.3813628 14.70936 -0.00103045314329096
4872204.12844541 14.710362 0.00104609210832406
4872514.87552801 14.711364 0.0020924002451537
4872825.62261062 14.712366 0.000412293771937405
4873136.36969323 14.713368 0.00206765757228467
4873447.11677583 14.71437 0.000314771076666109
4873757.86385844 14.715372 0.000497794686797787
4874068.61094105 14.716374 0.000428537707077352
4874379.35802366 14.717376 -0.000549281798515411
4874690.10510626 14.718378 -0.000280071106357029
4875000.85218887 14.71938 0.00114399024620618
4875311.59927148 14.720382 -0.000775350014262553
4875622.34635408 14.721384 -0.000842911088810276
4875933.09343669 14.722386 -0.00111944657890808
4876243.8405193 14.723388 0.000871116769043289
4876554.5876019 14.72439 0.000423476446649895
4876865.33468451 14.725392 -0.00108313774969713
4877176.08176712 14.726394 0.000662156960337721
4877486.82884972 14.727396 0.000124032482528558
4877797.57593233 14.728398 -0.0010617527817709
4878108.32301494 14.7294 -0.0017394127367215
4878419.07009754 14.730402 0.00222003150732537
4878729.81718015 14.731404 -0.00199962436196688
4879040.56426276 14.732406 -0.000544118091069934
4879351.31134536 14.733408 0.00112088409862022
4879662.05842797 14.73441 5.07359337757976e-05
4879972.80551058 14.735412 -5.40372595771837e-05
4880283.55259319 14.736414 0.000225841647336404
4880594.29967579 14.737416 -0.00131862752801252
4880905.0467584 14.738418 -0.000557362542485589
4881215.79384101 14.73942 -0.000339277122156396
4881526.54092361 14.740422 -0.000801830764584634
4881837.28800622 14.741424 0.00117996191421837
4882148.03508883 14.742426 -0.000600547519378841
4882458.78217143 14.743428 -0.00103115089366876
4882769.52925404 14.74443 0.000405814816268375
4883080.27633665 14.745432 -0.000600052764226387
4883391.02341925 14.746434 0.00131063805243681
4883701.77050186 14.747436 -0.00102260764537773
4884012.51758447 14.748438 0.000865679458963049
4884323.26466707 14.74944 -0.000445737359630137
4884634.01174968 14.750442 0.00104919672890451
4884944.75883229 14.751444 0.000367547689921182
4885255.50591489 14.752446 -0.000894885205162079
4885566.2529975 14.753448 -0.00127330359241282
4885877.00008011 14.75445 0.0015656553099947
4886187.74716271 14.755452 -0.00205951752112965
4886498.49424532 14.756454 0.00111963967372241
4886809.24132793 14.757456 -1.35403908995255e-05
4887119.98841053 14.758458 0.00050321393451316
4887430.73549314 14.75946 0.00242369740538225
4887741.48257575 14.760462 0.000504451984134852
4888052.22965835 14.761464 0.000187066493944542
4888362.97674096 14.762466 -0.00120767198955949
4888673.72382357 14.763468 0.00154289923930866
4888984.47090617 14.76447 0.0017360939481819
4889295.21798878 14.765472 -0.0018828992755994
4889605.96507139 14.766474 -0.000639069682315215
4889916.71215399 14.767476 -0.000106921049672924
4890227.4592366 14.768478 -0.000911000335829917
4890538.20631921 14.76948 0.00119979580326748
4890848.95340182 14.770482 0.00163508189556288
4891159.70048442 14.771484 0.00162614013453636
4891470.44756703 14.772486 -0.00182124200769963
4891781.19464964 14.773488 0.00119199150297085
4892091.94173224 14.77449 -0.000398915744273411
4892402.68881485 14.775492 0.00115924191182617
4892713.43589746 14.776494 -0.00132178311633945
4893024.18298006 14.777496 -0.000594021289677573
4893334.93006267 14.778498 -0.000171487014181822
4893645.67714528 14.7795 0.00140791333112795
4893956.42422788 14.780502 0.0011026936186145
4894267.17131049 14.781504 -0.000970713408510881
4894577.9183931 14.782506 7.2310836546595e-05
4894888.6654757 14.783508 0.000433532245806266
4895199.41255831 14.78451 -0.0017707207133107
4895510.15964092 14.785512 -0.00234450487417479
4895820.90672352 14.786514 -0.000121995073782264
4896131.65380613 14.787516 -0.000348444777738249
4896442.40088874 14.788518 -0.000930479975892423
4896753.14797134 14.78952 0.000132460294690548
4897063.89505395 14.790522 -0.000496545717959173
4897374.64213656 14.791524 -0.00104627033699608
4897685.38921916 14.792526 0.000936705916875403
4897996.13630177 14.793528 0.00126699282546925
4898306.88338438 14.79453 0.000648503306151562
4898617.63046698 14.795532 0.000616509282731442
4898928.37754959 14.796534 -0.00179211120815988
4899239.1246322 14.797536 0.000566081668398811
4899549.87171481 14.798538 -0.00150036998508162
4899860.61879741 14.79954 0.00168788046415416
4900171.36588002 14.800542 -0.000636352948559456
4900482.11296263 14.801544 0.00123266131125715
4900792.86004523 14.802546 0.00246365604535764
4901103.60712784 14.803548 0.00121214377290192
4901414.35421045 14.80455 0.00155785793588956
4901725.10129305 14.805552 -0.000932099161279707
4902035.84837566 14.806554 -0.00242610727918081
4902346.59545827 14.807556 0.00237278961965083
4902657.34254087 14.808558 0.00199681885721964
4902968.08962348 14.80956 0.000210937607086659
4903278.83670609 14.810562 -0.00201030630322711
4903589.58378869 14.811564 0.000156327709329466
4903900.3308713 14.812566 0.00141966264839097
4904211.07795391 14.813568 0.000456902824943493
4904521.82503651 14.81457 -0.000914117141806369
4904832.57211912 14.815572 0.00164982348012659
4905143.31920173 14.816574 -0.00137684294517844
4905454.06628433 14.817576 -0.000620704428366961
4905764.81336694 14.818578 0.000736840393919973
4906075.56044955 14.81958 0.000485477347099984
4906386.30753215 14.820582 0.00237007010976697
4906697.05461476 14.821584 -0.000185321992080872
4907007.80169737 14.822586 0.0013376051553509
4907318.54877997 14.823588 4.25001917730223e-05
4907629.29586258 14.82459 2.71914149998986e-05
4907940.04294519 14.825592 -0.000476997224475278
4908250.7900278 14.826594 0.00062400631813284
4908561.5371104 14.827596 0.00105717711076139
4908872.28419301 14.828598 -0.000578773926210508
4909183.03127562 14.8296 0.00103857850310763
4909493.77835822 14.830602 -0.00111830082724638
4909804.52544083 14.831604 0.00206501898199114
4910115.27252344 14.832606 -0.000881370334171484
4910426.01960604 14.833608 -0.00159295392786924
4910736.76668865 14.83461 -0.000973413195288146
4911047.51377126 14.835612 -0.00025046434714082
4911358.26085386 14.836614 0.000249785019870442
4911669.00793647 14.837616 0.00021952267948116
4911979.75501908 14.838618 -0.000723118988671284
4912290.50210168 14.83962 0.000489535191062214
4912601.24918429 14.840622 0.000818186349476252
4912911.9962669 14.841624 0.000676549418510518
4913222.7433495 14.842626 0.00241762528710021
4913533.49043211 14.843628 -6.88244594599372e-05
4913844.23751472 14.84463 0.00105818813283258
4914154.98459732 14.845632 0.00171003216111206
4914465.73167993 14.846634 0.000458341655005118
4914776.47876254 14.847636 -0.000114891837646715
4915087.22584514 14.848638 -0.000253110295638591
4915397.97292775 14.84964 2.98222106021376e-05
4915708.72001036 14.850642 0.000109539515656239
4916019.46709296 14.851644 -0.000651458052425209
4916330.21417557 14.852646 -0.000338345483575597
4916640.96125818 14.853648 -0.00176507999721172
4916951.70834079 14.85465 0.0014531660478483
4917262.45542339 14.855652 -0.000515586077225293
4917573.202506 14.856654 0.000952762610433797
4917883.94958861 14.857656 -0.000709748387624247
4918194.69667121 14.858658 0.000881661393287535
4918505.44375382 14.85966 0.000640883409214326
4918816.19083643 14.860662 -0.00139177633793151
4919126.93791903 14.861664 0.00270899191688833
4919437.68500164 14.862666 0.00204651644112035
4919748.43208425 14.863668 0.0005392612073383
4920059.17916685 14.86467 0.000281576013707013
4920369.92624946 14.865672 0.000850363686155365
4920680.67333207 14.866674 -0.000650417973157417
4920991.42041467 14.867676 0.000524858785840084
4921302.16749728 14.868678 0.00107640162371409
4921612.91457989 14.86968 0.000177568004328717
4921923.66166249 14.870682 -0.000109706064091033
4922234.4087451 14.871684 -0.000145598450385509
4922545.15582771 14.872686 -0.000545192332094217
4922855.90291031 14.873688 0.00186698342599459
4923166.64999292 14.87469 -0.000897404427023462
4923477.39707553 14.875692 0.000656862553766897
4923788.14415813 14.876694 -0.00216715976501469
4924098.89124074 14.877696 -0.00157905980922013
4924409.63832335 14.878698 -0.000923050431550356
4924720.38540595 14.8797 -0.000855913143215501
4925031.13248856 14.880702 -0.0016548729436832
4925341.87957117 14.881704 0.000573157031840026
4925652.62665378 14.882706 -0.00089387698471906
4925963.37373638 14.883708 0.000214789697351886
4926274.12081899 14.88471 0.000117852254250543
4926584.8679016 14.885712 -0.000871534913394823
4926895.6149842 14.886714 -0.000363206893378277
4927206.36206681 14.887716 0.000937240433855736
4927517.10914942 14.888718 0.000319541664392962
4927827.85623202 14.88972 -0.00134159659800549
4928138.60331463 14.890722 0.00258723125485238
4928449.35039724 14.891724 -7.26345343389051e-05
4928760.09747984 14.892726 -0.000350921659865625
4929070.84456245 14.893728 0.00018937318045633
4929381.59164506 14.89473 -0.000715972598722667
4929692.33872766 14.895732 -0.000295025594398951
4930003.08581027 14.896734 -0.000428400683266766
4930313.83289288 14.897736 -0.00167898812989783
4930624.57997548 14.898738 0.000930279148848762
4930935.32705809 14.89974 -0.000804680711643695
4931246.0741407 14.900742 0.00126833217775183
4931556.8212233 14.901744 8.31517925715086e-05
4931867.56830591 14.902746 -0.000365316208414251
4932178.31538852 14.903748 -0.000734372505306819
4932489.06247112 14.90475 0.00047254440167539
4932799.80955373 14.905752 -0.00036110607120733
4933110.55663634 14.906754 0.000287199057181608
4933421.30371895 14.907756 0.00193313076982454
4933732.05080155 14.908758 -0.000825812710394247
4934042.79788416 14.90976 -0.000896835130009355
4934353.54496677 14.910762 0.000103201689829467
4934664.29204937 14.911764 -0.00187696375837022
4934975.03913198 14.912766 0.000561110247269031
4935285.78621459 14.913768 -0.000848743201643201
4935596.53329719 14.91477 0.000219178516419776
4935907.2803798 14.915772 -0.000249089169645491
4936218.02746241 14.916774 -9.61844954135796e-05
4936528.77454501 14.917776 -0.00288698403078007
4936839.52162762 14.918778 -3.99720152217161e-05
4937150.26871023 14.91978 0.000680804148728444
4937461.01579283 14.920782 0.000371938549934331
4937771.76287544 14.921784 -0.00131244551563157
4938082.50995805 14.922786 -0.00100035544921383
4938393.25704065 14.923788 0.000979081109512675
4938704.00412326 14.92479 6.5033923638937e-05
4939014.75120587 14.925792 0.000503567343980404
4939325.49828847 14.926794 -0.000882125505858643
4939636.24537108 14.927796 -0.000959739082199912
4939946.99245369 14.928798 0.00159016563861769
4940257.73953629 14.9298 -0.00109064833316861
4940568.4866189 14.930802 0.000886885412899587
4940879.23370151 14.931804 0.00233293069134795
4941189.98078411 14.932806 -0.000318250999565512
4941500.72786672 14.933808 -0.000934060236925598
4941811.47494933 14.93481 0.000289034101507767
4942122.22203194 14.935812 -0.000463632216104474
4942432.96911454 14.936814 -0.000210939043353927
4942743.71619715 14.937816 -0.00221196884992823
4943054.46327976 14.938818 -0.0010295607888412
4943365.21036236 14.93982 0.000644066578793159
4943675.95744497 14.940822 0.00109878211755539
4943986.70452758 14.941824 0.00127932325166228
4944297.45161018 14.942826 0.000248216495559704
4944608.19869279 14.943828 -0.000586067106731685
4944918.9457754 14.94483 1.26232742471094e-05
4945229.692858 14.945832 0.00157624857106384
4945540.43994061 14.946834 5.81457860834668e-05
4945851.18702322 14.947836 0.000803384728763939
4946161.93410582 14.948838 0.00111165362826421
4946472.68118843 14.94984 -0.000361211451828438
4946783.42827104 14.950842 -0.000445658595773975
4947094.17535364 14.951844 7.1429991808635e-05
4947404.92243625 14.952846 0.00136285274671223
4947715.66951886 14.953848 0.000280507947507993
4948026.41660146 14.95485 -0.00142937680485793
4948337.16368407 14.955852 0.000329740680839513
4948647.91076668 14.956854 -0.000719265688466916
4948958.65784928 14.957856 0.000726537117584431
4949269.40493189 14.958858 0.000822210840223561
4949580.1520145 14.95986 -0.000267529237275389
4949890.8990971 14.960862 0.000193442579495041
4950201.64617971 14.961864 -0.000159720140871439
4950512.39326232 14.962866 0.00212921973088848
4950823.14034493 14.963868 0.000701966540178219
4951133.88742753 14.96487 0.000551222619427255
4951444.63451014 14.965872 0.00240798895528546
4951755.38159275 14.966874 0.000381150249776414
4952066.12867535 14.967876 -0.000543780737673929
4952376.87575796 14.968878 0.000225999520764325
4952687.62284057 14.96988 0.000669835349887533
4952998.36992317 14.970882 0.000528909676170676
4953309.11700578 14.971884 -0.000872610818504346
4953619.86408839 14.972886 -0.0010594855389305
4953930.61117099 14.973888 -0.0013240538731389
4954241.3582536 14.97489 -0.000152386424155573
4954552.10533621 14.975892 -0.000442528799790713
4954862.85241881 14.976894 -0.001975539853043
4955173.59950142 14.977896 0.000803086479481244
4955484.34658403 14.978898 -0.000566596196133187
4955795.09366663 14.9799 -2.98496335599324e-05
4956105.84074924 14.980902 -0.000642243630407451
4956416.58783185 14.981904 0.000630487773516482
4956727.33491445 14.982906 0.000454397360055021
4957038.08199706 14.983908 0.000144389228907991
4957348.82907967 14.98491 0.000942046676659394
4957659.57616227 14.985912 -0.000560850017113307
4957970.32324488 14.986914 -0.000318021078373241
4958281.07032749 14.987916 -0.000353907649486472
4958591.81741009 14.988918 -0.000806885067200371
4958902.5644927 14.98992 -0.00183230238398238
4959213.31157531 14.990922 0.00071963251498759
4959524.05865792 14.991924 8.51295976024056e-05
4959834.80574052 14.992926 -0.00131377859509305
4960145.55282313 14.993928 0.00149828270455366
4960456.29990574 14.99493 0.000706223556361044
4960767.04698834 14.995932 0.000913094228694062
4961077.79407095 14.996934 -0.00217074767170611
4961388.54115356 14.997936 0.00095385878814244
4961699.28823616 14.998938 -0.000859081852210988
4962010.03531877 14.99994 0.00184821740542928
