system,dp,history,Temp,n_windows,MSD_0ps,MSD_1ps,MSD_2ps,MSD_3ps,MSD_4ps,MSD_5ps,MSD_6ps,MSD_7ps,MSD_8ps,MSD_9ps,MSD_10ps
PDMS,10,original,305,10,9.862246492775218e-33,1.312693161950111,1.630040237271699,1.7891966741827354,1.8087146652696877,1.8327520713138536,1.8819867132675565,1.9301245004454302,1.9753488847022171,2.017225566556679,2.062480828428712
PDMS,10,original,300,10,7.39503383317574e-33,1.2975049855383365,1.624900643206211,1.7678613001096615,1.8277607408119472,1.869482346012655,1.8924052199541435,1.9129960099436363,1.9614217028921446,1.998752422243287,2.046020620968125
PDMS,10,original,295,10,9.333407485069989e-33,1.264415621774543,1.5840649864693541,1.6721988970794144,1.7556592774059827,1.7705592299137678,1.809335743608571,1.8789951955290658,1.9091888859945318,1.9137911963445262,1.9159546132564529
PDMS,10,original,290,10,6.17670400861935e-33,1.218047339129109,1.4990078473576787,1.6394582831486673,1.7114024587011358,1.7662648601062556,1.796181156772072,1.8180111361502562,1.8644037389373107,1.920505670312356,1.935694410141765
PDMS,10,original,285,10,1.5386102193793797e-32,1.1960348257498867,1.4827431726553157,1.5957011913046848,1.667864592525038,1.7260298166537598,1.768822643149846,1.8073050410423388,1.8628701002567205,1.8742259439161955,1.889319747018137
PDMS,10,original,280,10,7.157041007114234e-33,1.1799284088297202,1.4524782446772828,1.565350015817058,1.654153701554232,1.6938888106649426,1.730319269888413,1.7609104961472521,1.7932287846570145,1.8446127376199453,1.875680268504841
PDMS,10,original,275,10,5.7932692263231494e-33,1.1565349317726277,1.423355875484579,1.5364912137543487,1.5903503344151606,1.6292766955779658,1.6866270428216361,1.7510679777772853,1.7895546219407463,1.8396358430133026,1.855651135684596
PDMS,10,original,270,10,7.261748500487842e-33,1.1192166089714333,1.388396846050896,1.509822275345578,1.58938208129708,1.6203367753851396,1.642983337976362,1.6946892776644957,1.7448619815701316,1.7830260540879823,1.8379034651496682
PDMS,10,original,265,10,1.0601872001782328e-32,1.085195246234827,1.3271890783497766,1.4211800444282434,1.5082434668782694,1.5562412029135042,1.6089170347716493,1.6370092441365833,1.6858759714772613,1.7133001470194258,1.7330508372892282
PDMS,10,original,260,10,6.483526015702592e-33,1.0604283679854873,1.3016586787031923,1.4088333974610217,1.4882465205229227,1.5307617268338007,1.576014308004209,1.6081009402154005,1.6453696290877453,1.675049997555993,1.6912093933883334
PDMS,10,original,255,10,7.153601669757756e-33,1.0171723239969248,1.2762850789221436,1.3925042246181634,1.44531994239068,1.4920604122592367,1.5419528599365835,1.580101655984047,1.623095430569546,1.6728674375545602,1.6987031170526248
PDMS,10,original,250,10,1.1528971552800737e-32,0.9975001918827326,1.246774931934099,1.3365911810279696,1.3829772699370206,1.4472577916212148,1.491786943934349,1.5193886677278508,1.567060891397468,1.614142984740671,1.6195488166978655
PDMS,10,original,245,10,6.980071083733765e-33,0.9795544118686206,1.1975386399042862,1.3068135924097368,1.3798096244691276,1.4249947043343578,1.4537169885938481,1.4982680062904412,1.520358275865115,1.5578749777211895,1.5906503829843621
PDMS,10,original,240,10,7.848249725726478e-33,0.9302966219471951,1.1488521614853207,1.22615919812802,1.2645346079993454,1.3394584346957346,1.3825262595892351,1.4292060043199708,1.45018263266745,1.495406667841677,1.5115819412565488
PDMS,10,original,235,10,1.0197855340946583e-32,0.9094714156645161,1.13149021263305,1.220979584305771,1.2799512482206346,1.3353221811667648,1.381064189404731,1.4192446929121223,1.4668813583018172,1.5020413555946512,1.5299488713111051
PDMS,10,original,230,10,6.855621399775526e-33,0.896888934325743,1.1144024549873188,1.2038764213716295,1.2590835188268623,1.3084738776612195,1.3642534677039238,1.4090507854662957,1.4576850989004035,1.4931040317143152,1.5028745226611837
PDMS,10,original,225,10,7.925599183417905e-33,0.8682487931341045,1.0668791039122758,1.147684048911302,1.2257456532130677,1.2845002095153213,1.3327835213897767,1.3832649942950843,1.394662188301488,1.4255113253586926,1.4635727240685812
PDMS,10,original,220,10,5.933297055641248e-33,0.8302383727841006,1.0321588892618931,1.1239516573799162,1.1788546806463782,1.229710600226477,1.2654365169481996,1.3227331303754313,1.3616471372785253,1.3848361801889872,1.4347057399448822
PDMS,10,original,215,10,9.384560482601133e-33,0.800528413654613,0.9788468929631724,1.0814267950566954,1.1329540988039761,1.201436276306249,1.2452678288303098,1.291804338517086,1.3313134426916688,1.3772820918010515,1.395949063363768
PDMS,10,original,210,10,6.736082504841705e-33,0.7759572750601105,0.9592637700065835,1.0579450274547455,1.111934726138496,1.1589915053211528,1.2115949611261383,1.2632740151473663,1.2938632568123074,1.3234257444020896,1.3379076096664624
PDMS,10,original,205,10,7.493549449399268e-33,0.7594865428145022,0.9283549498080704,1.006556411720239,1.0684735502382305,1.1241316033278803,1.160271798689053,1.1988842928385137,1.238198753068095,1.2701600579515204,1.2952050268487794
PDMS,10,original,200,10,9.731135978958431e-33,0.7308551240237106,0.9106525471507629,0.9902413397631488,1.031456625348232,1.0645242949769114,1.1153523426392393,1.1571151571237195,1.1847536353940267,1.217827678019299,1.2503530645595529
PDMS,10,original,195,10,8.43043960339807e-33,0.7104617720341844,0.867254024140952,0.9405823612405703,0.9941786400371189,1.0319620868128478,1.064675969956985,1.1031796396438662,1.1406142086861397,1.1712357385777583,1.1919932352999418
PDMS,10,original,190,10,6.103867696465641e-33,0.689810105272054,0.8400184048360251,0.918493062831037,0.9814819260955632,1.0278641368847883,1.0541189166007787,1.1007207879051386,1.1299046865152031,1.1626411559702419,1.181151322385412
PDMS,10,original,185,10,6.602652058418986e-33,0.6599244821133524,0.7993656713140904,0.8568501534557752,0.9072758579508686,0.9545564554411573,0.9950814718067379,1.0322585406042069,1.0772673242960544,1.1066880270758128,1.1138950019065141
PDMS,10,original,180,10,6.539386415107553e-33,0.6259714186796705,0.7581559825944935,0.8237992606502742,0.8897039260874173,0.9170475099590003,0.9499728808796528,0.977341677673064,1.0199709059716082,1.0565065661639603,1.0778642476488716
PDMS,10,original,175,10,6.646280121702665e-33,0.5950921421910123,0.7216430931100482,0.7777910212694519,0.8309438088371793,0.8591846944386896,0.8884987525032617,0.9381055926504729,0.9653815018127412,0.9911150012701089,1.0241968462694302
PDMS,10,original,170,10,6.324994109851598e-33,0.5849753988375823,0.707789910965328,0.7569739889594111,0.8032339851232742,0.851281455495902,0.8812965031880328,0.8993397860133889,0.9232099387681906,0.9655189362509784,0.9876480193688458
PDMS,10,original,165,10,6.769338185889108e-33,0.5408564268844123,0.6669868522051361,0.7166937187209319,0.7538858567539848,0.7785211840113805,0.8134260547645257,0.851363833753156,0.8744133924398559,0.8963788237177341,0.924448478837302
PDMS,10,original,160,10,6.348918572439586e-33,0.538966106579345,0.6402841894859834,0.6866152798324321,0.7183477926290331,0.7571904051110854,0.7809549274881424,0.8201539906635809,0.8492541401584525,0.8728049700565418,0.8939293069330507
PDMS,10,original,155,10,7.21646583603441e-33,0.5102883771205858,0.6123789583870981,0.6642171138907691,0.691827423780042,0.7229657714995683,0.748671208318745,0.7715622832310355,0.8180765134933811,0.8459274130734448,0.862411197076533
PDMS,10,original,150,10,9.679158085522569e-33,0.47549154270889177,0.555940288387427,0.6099288621592123,0.6542801130465782,0.6895795074824684,0.7009288540384427,0.7225728700338201,0.7439288805472036,0.7752113133864397,0.8110026629202414
PDMS,10,original,145,10,7.445204253999748e-33,0.4627217500881688,0.5520556040057103,0.58798244950568,0.6190528050495236,0.6491342164389815,0.6759661790312326,0.7126061653724024,0.7291676301894442,0.7487762982744249,0.7634270213091622
PDMS,10,original,140,10,6.969869719562167e-33,0.4369520651486506,0.5146670527586586,0.5517916443779439,0.5801002332070954,0.5956281406986823,0.6258266437426584,0.6580699120170437,0.6820146594138584,0.7035307683040634,0.7133843420947193
PDMS,10,original,135,10,5.770763092881913e-33,0.4186261479450145,0.4870579251633392,0.5178614506049459,0.556370634712821,0.577342457278472,0.5963056367538883,0.6145493611786284,0.6387669439257939,0.670128867728345,0.6837624547920218
PDMS,10,original,130,10,5.0895154481628764e-33,0.3836363108537393,0.45198167297185476,0.4852443509680574,0.5029033226538994,0.5268881956057963,0.5479708267454255,0.5568110692501085,0.5889776041236785,0.5939124045567215,0.6063779912391757
PDMS,10,original,125,10,4.220654908578735e-33,0.3763870069494266,0.4384744605311874,0.47782291906052,0.49285273877587105,0.5032792602895552,0.5209462825583208,0.5366661794110568,0.5689534138722404,0.5865539454944004,0.5945076474339729
PDMS,10,original,120,10,2.2449311058248245e-33,0.3498324357806104,0.40845790327878506,0.4261641587169126,0.4374024040520316,0.45888305375375626,0.47883858255941547,0.4957336631485688,0.5165799643307196,0.5335986367609517,0.5432134020386127
PDMS,10,original,115,10,3.300794295181209e-33,0.3296332449137844,0.37433821857760424,0.3910972954086692,0.40411381156351667,0.4279308988780322,0.4465810737600524,0.4661924956961254,0.4785086563484208,0.49788251889640345,0.5067393734395644
PDMS,10,original,110,10,3.324144199523871e-33,0.31170029344333566,0.35299258459251776,0.3723530795610187,0.382297797555501,0.4073853799907319,0.42092952790848626,0.4317221014329989,0.4475573059196617,0.4609999536242029,0.47299106446795014
PDMS,10,original,105,10,1.2588606841941654e-33,0.2956753733946829,0.33099397144103176,0.34468964038018296,0.3520098889484272,0.36544376117901806,0.3798830985725402,0.39289866611117413,0.4153680763419829,0.42466299647305317,0.43250618180931877
PDMS,10,original,100,10,1.7776617989303282e-33,0.28120501060227837,0.3110745892672505,0.32441526037055785,0.33639411586115253,0.347594324210488,0.35592681223743405,0.3668902265709281,0.3810868955765062,0.38881806343241254,0.4089399188624946
PDMS,10,replicate2,305,10,8.905216084757313e-33,1.3066106270747504,1.628312932895947,1.7587191474837902,1.8508063042555194,1.8838792612426047,1.9252855064586807,1.9452243474520343,1.9829433651493207,2.0386774568026502,2.0611699015651457
PDMS,10,replicate2,300,10,6.561711214754749e-33,1.2851363583468878,1.5770237384358192,1.681380158294175,1.764870510346937,1.7891222110261136,1.8436407657393274,1.8883452443300093,1.9301606337406838,1.9453493896202332,1.9861858272779749
PDMS,10,replicate2,295,10,6.067356482751785e-33,1.262331243654417,1.5840645128589423,1.7382657619527642,1.7924172231601212,1.8340330363373418,1.9028443777660087,1.9228267551929235,1.9681156478043291,2.0008872162529023,2.0035258222193475
PDMS,10,replicate2,290,10,8.259297080841918e-33,1.2163117294613595,1.5247881791832731,1.646758908273334,1.7245478715591602,1.7593359582652823,1.8168775718804002,1.8559527262408715,1.9275829866892913,1.9534228655324384,1.9558237491578108
PDMS,10,replicate2,285,10,8.560489613187963e-33,1.229570561322336,1.510244784394936,1.6231174425498238,1.6914820294856228,1.749578363100973,1.7794177252724357,1.814402630968236,1.835335518128948,1.8726074113631945,1.9023572453639166
PDMS,10,replicate2,280,10,1.2833104571778792e-32,1.1699831332777237,1.4748561674187262,1.5575328141758764,1.6370894489738432,1.6889162445212107,1.7556335182940832,1.7895057177538713,1.80276256438576,1.8469758067909905,1.8797467888492227
PDMS,10,replicate2,275,10,1.0129982893072576e-32,1.1381885918260892,1.42812206561757,1.5587059884669907,1.6333034677833846,1.6676857652722141,1.7041248134481706,1.7440387190380413,1.7865863345508868,1.8076461819156937,1.836035575342682
PDMS,10,replicate2,270,10,7.420583897884814e-33,1.1392823433560484,1.437460399025987,1.5462060516574727,1.5954014504306389,1.6348633666465653,1.6754646930423305,1.7249125802904512,1.7612761441256022,1.803386055616846,1.8610365487461198
PDMS,10,replicate2,265,10,7.2652283445073e-33,1.1069461820825315,1.3867289824650106,1.5066566822893774,1.5604422397935471,1.590917075350462,1.6459909490591436,1.6649822794459816,1.7115644364592246,1.7406606798549906,1.7945823600638906
PDMS,10,replicate2,260,10,7.554862799107695e-33,1.0622842533319636,1.303222379560218,1.417722929606838,1.4886053987528274,1.5388567267440958,1.597736884625822,1.6325910275134141,1.6710098181122368,1.7115052866944076,1.7194373130664005
PDMS,10,replicate2,255,10,8.397257972559302e-33,1.0468902567002276,1.2888647580228958,1.3989036419729846,1.483173425374549,1.517773288108133,1.553667614570395,1.5810830024678826,1.6299130767070402,1.6795503956070796,1.71679315251431
PDMS,10,replicate2,250,10,5.853809955782427e-33,1.011983799947141,1.279376888623826,1.385185902704713,1.4562136593466959,1.517503444930034,1.5576712869996006,1.598596116596686,1.6321955379275024,1.6453840674645892,1.6775465532571814
PDMS,10,replicate2,245,10,8.935408496029365e-33,0.9807296698833868,1.232276025862462,1.3224479636957112,1.421644027264635,1.477115130507132,1.5338627460000662,1.5555972433588632,1.586888312048258,1.6279420552920065,1.662411686587438
PDMS,10,replicate2,240,10,9.132549779186524e-33,0.9554906680679848,1.187243193062364,1.2933297711782499,1.3487167113561536,1.3849979377749224,1.4382422641920045,1.4964782908493977,1.5182662270669578,1.548366062829416,1.584282044159918
PDMS,10,replicate2,235,10,7.465627836844477e-33,0.9253246178202044,1.1403302821547396,1.2587010738495996,1.3100519456898947,1.3688747109915096,1.4258266658844727,1.4672161427253596,1.4829932374674402,1.5115944204552938,1.537218436916073
PDMS,10,replicate2,230,10,9.025032444930723e-33,0.8863678918271234,1.1005387668463495,1.2072900059515554,1.2688035784958225,1.3233732973070604,1.3643987214422666,1.3935519489681822,1.4248886314791869,1.4610928851683727,1.490704313736893
PDMS,10,replicate2,225,10,7.295836953638739e-33,0.8716332394374333,1.0900381698980621,1.1961704033489946,1.2664475839655822,1.2967423148794606,1.3464632314467795,1.387006234762144,1.4170765692115803,1.4475931641020372,1.4892461495177904
PDMS,10,replicate2,220,10,6.867095167343871e-33,0.8391573557437486,1.068847134437942,1.1277091344555148,1.1933678289484804,1.243760702834813,1.2863581412190532,1.3356314868994716,1.3831989598135066,1.424652173586029,1.4527368885501575
PDMS,10,replicate2,215,10,7.386399466630291e-33,0.8144740547712385,0.9893433159768609,1.1032424148864213,1.1757840152579662,1.1987679616370595,1.2365162475516243,1.2834837321687995,1.3197858698434786,1.3388637338151013,1.388422787566656
PDMS,10,replicate2,210,10,8.231853002915714e-33,0.7775257070638621,0.9645183340170789,1.0514251721585448,1.0958194153701384,1.1435011013992473,1.191218972633203,1.2403252649146965,1.2822767975191096,1.3217852764110023,1.348558028699055
PDMS,10,replicate2,205,10,7.166921785600486e-33,0.7595394294340909,0.9195683588790091,1.02353922908509,1.0877556393343986,1.1246849685358478,1.1635905723222035,1.1968152426107506,1.2453313468509781,1.2901819365501417,1.3215958134644714
PDMS,10,replicate2,200,10,7.418953008952429e-33,0.7287420849088123,0.892967758385721,0.9973310322852302,1.0289814582837062,1.0538081872769316,1.0975939818020275,1.1408766527005336,1.1866831356385652,1.240075152275012,1.27412652329817
PDMS,10,replicate2,195,10,6.406991779434561e-33,0.710667341518157,0.8674538475374926,0.931571027881193,0.9911564582857334,1.0376452706495247,1.0720491254210542,1.1135209622788498,1.1394302728919798,1.1739367201167337,1.2068618287336206
PDMS,10,replicate2,190,10,6.318356356209943e-33,0.681025816070844,0.870195013515709,0.9409797426079004,0.9896388055414818,1.014782264733208,1.0498648414239586,1.0841186227873716,1.129117257513341,1.1788784859068275,1.2076359656005713
PDMS,10,replicate2,185,10,5.169710931945283e-33,0.6511356930648867,0.805760562533529,0.8649899733410914,0.9210999266032655,0.9792501626774064,1.0013997552911114,1.0287828604806022,1.0679461480902463,1.1105556875452007,1.1300318427678895
PDMS,10,replicate2,180,10,8.959183073857703e-33,0.6257511092461112,0.7796085788719249,0.8415418917327102,0.8944551288310597,0.9279054392340035,0.9658194603463921,1.0096108461427082,1.0304344942822856,1.0763009632448015,1.1072119344481386
PDMS,10,replicate2,175,10,1.039048260534476e-32,0.5988492781909781,0.743031488197618,0.7972560241088023,0.839523377924014,0.8774234426712144,0.9088978295908564,0.9471264909494808,0.975590829814173,1.009579800998785,1.0378640338254868
PDMS,10,replicate2,170,10,9.151620830509645e-33,0.5824946500989879,0.7002047470846596,0.7564714449648371,0.806998027165726,0.839296376159923,0.8750978385390005,0.9008313166478252,0.9322797162155979,0.9583485515922187,0.9780630003243214
PDMS,10,replicate2,165,10,6.999875220970251e-33,0.5506947572593164,0.6735527610703047,0.7307453683276968,0.7663936301684211,0.8022793233709814,0.8402394054073623,0.887278773115268,0.9028960115763672,0.9228602538131557,0.9612728694244487
PDMS,10,replicate2,160,10,7.221733214730692e-33,0.52759320097691,0.6460064915207016,0.6936838404967219,0.7172937419273422,0.754976136901053,0.7934218084282894,0.8239250651000564,0.8574434186751431,0.8819014037939752,0.9159715458508095
PDMS,10,replicate2,155,10,5.643874937783691e-33,0.49765085381871466,0.60095910002319,0.6527724377581213,0.6776996334955753,0.7073285813828758,0.7407274149192944,0.7624661539273669,0.7979276502605737,0.8263695908329429,0.8496955436631627
PDMS,10,replicate2,150,10,7.058886992055417e-33,0.4719215174291003,0.5645945253396849,0.6238310405498206,0.6581563026042624,0.6774981822215542,0.6907254310760991,0.7215017635682309,0.7510596288809226,0.7771568950677221,0.8022691260960709
PDMS,10,replicate2,145,10,1.0590585896847388e-32,0.4536175528612242,0.5417532554525344,0.5887319265863495,0.6206045633269622,0.6363500946173618,0.668972503954615,0.6862089032641959,0.7194113575464103,0.7410766399277138,0.7464700984644967
PDMS,10,replicate2,140,10,5.9144097915829365e-33,0.436916028439993,0.5208168877161906,0.5560442357989687,0.5840233879398188,0.5992279644592783,0.6256152306813971,0.6513996716263158,0.6805087285009895,0.7020641539924437,0.7232768339021065
PDMS,10,replicate2,135,10,4.187594613021588e-33,0.4194826233568133,0.4900958751910993,0.5196875411478761,0.5484552659227011,0.5675490436501761,0.5946581945883468,0.619900045054676,0.6419322072668492,0.6677972477998309,0.6822206274079805
PDMS,10,replicate2,130,10,4.7160311765924115e-33,0.401928715388129,0.4798188293260136,0.5039675107443303,0.5153272633084649,0.5398854043636956,0.5674630462790513,0.5839518373653415,0.6075729726678029,0.627894633194295,0.6477063585474294
PDMS,10,replicate2,125,10,4.0785927059083005e-33,0.37592056706379506,0.4350985897921699,0.4639331196946082,0.48389187841791037,0.4939488966528086,0.5157782974634211,0.5438509349590659,0.5691820187228269,0.5904075857194624,0.606043314412
PDMS,10,replicate2,120,10,3.4690328005191396e-33,0.35865202717664096,0.4186639394058768,0.43510376682720897,0.4473291745690716,0.4656212950294879,0.48647340165210845,0.49301585049187524,0.5153124648323253,0.52429653707589,0.5384084498359751
PDMS,10,replicate2,115,10,1.985073756808285e-33,0.3310462245056815,0.3899095034765297,0.40584175016769075,0.4182518727184723,0.4309422574371619,0.4442496344562697,0.47192077694669743,0.49728737760555175,0.5026982734476783,0.5147254015723896
PDMS,10,replicate2,110,10,3.140356934714601e-33,0.3145884810525287,0.3583296327286024,0.38030522974757475,0.3980178521640136,0.4096605779965382,0.4178057027343394,0.43449571211583604,0.4463599971100497,0.46317231234306144,0.4797640060828746
PDMS,10,replicate2,105,10,2.7140989530082242e-33,0.29535011200928657,0.3374213196837835,0.35674858272701787,0.36777547623928075,0.3744241442087761,0.39082991636744374,0.4029582750256047,0.4188137483936837,0.4221576002051767,0.4303170157970676
PDMS,10,replicate2,100,10,1.846309018850156e-33,0.2776495312265793,0.3186542759546755,0.32961948107132877,0.3385345224016982,0.35285670524497337,0.36925608376773056,0.3763919707723467,0.39048870314071454,0.39989349957592546,0.4079336510266657
PDMS,10,replicate3,305,10,8.004080806347406e-33,1.3430786075417118,1.660336201118754,1.7784150453238372,1.8069226530576543,1.8505211545924531,1.9208182922943338,1.9430845859020323,2.008173136380818,2.0206730871236944,2.033908808452543
PDMS,10,replicate3,300,10,1.1896364079496842e-32,1.2943757629277108,1.5998050337807626,1.7498885440066736,1.813613572025837,1.8764982762994986,1.8906667123377616,1.9222253622580567,1.9646389977556598,1.985755077208554,2.034807578020885
PDMS,10,replicate3,295,10,7.112057718370167e-33,1.259955603734515,1.5776153513153786,1.7010437544884671,1.7701442667660743,1.8040444716693638,1.8475944380952818,1.902540696542936,1.9353220542586755,1.9965227981079763,2.034724727267527
PDMS,10,replicate3,290,10,7.71282973755364e-33,1.2266512555205389,1.5507208631988543,1.6572505281889527,1.7151666088639608,1.7663446757158368,1.7957613995563904,1.8464639219488805,1.9038721794312639,1.9491340262567671,1.9589623082654826
PDMS,10,replicate3,285,10,1.364142415886086e-32,1.1972931461910672,1.506915922035629,1.60896693690917,1.6937996624444414,1.7557109981829053,1.8010226654010144,1.8291783789296816,1.8577678589463968,1.8940576407337226,1.9057948699721574
PDMS,10,replicate3,280,10,1.1279607921302096e-32,1.1794433520514727,1.4556827063510773,1.565028375873685,1.65078144735364,1.7014185651431628,1.7635711281100641,1.7986867368872583,1.8019891697998243,1.8388660825310061,1.875131530960897
PDMS,10,replicate3,275,10,7.29845993693262e-33,1.131684535794907,1.4077753424510946,1.5300631913350955,1.601050256650272,1.659482077560344,1.7056700840891899,1.7433243392180355,1.770581518262227,1.783708618001146,1.814458850875941
PDMS,10,replicate3,270,10,8.886378336199956e-33,1.1085334596710958,1.3709535313662122,1.5019175147999781,1.5625583015622628,1.6088462170123834,1.6667632463816542,1.6682188547008,1.7277775255068444,1.7629111426405977,1.8009145229446404
PDMS,10,replicate3,265,10,9.486092240353996e-33,1.0906929957355302,1.368605052877339,1.4961557936625398,1.5665467609764265,1.605639833438795,1.6664411196289013,1.694079369567914,1.7211704906223573,1.761680481246182,1.794019133812102
PDMS,10,replicate3,260,10,9.406656886424102e-33,1.0652461512359679,1.3382436422679373,1.4353599777459833,1.4856603622462974,1.5510405727527035,1.6010936517943595,1.6407228954026483,1.6614391813690461,1.6947709577868992,1.7239336274390678
PDMS,10,replicate3,255,10,7.076905281376232e-33,1.0288926233920366,1.283736995622702,1.4126703599228796,1.467425664312395,1.5078988653035599,1.5373813133592111,1.583163783220057,1.6191947164500458,1.6560519201171853,1.7074363329887359
PDMS,10,replicate3,250,10,8.732689358602364e-33,0.9927039338317808,1.2430392544835949,1.3618282603533018,1.409141427083045,1.450409786468274,1.5090099960315986,1.5400427858654895,1.5766917175158925,1.615234192907034,1.6529380660085955
PDMS,10,replicate3,245,10,8.709078940272692e-33,0.9672498273367625,1.1982093595939047,1.2884372185756987,1.3329228727442561,1.3833620766028383,1.439520979938798,1.488658942857829,1.527934188073133,1.5808660704074442,1.5821012997515513
PDMS,10,replicate3,240,10,7.832841929302904e-33,0.9412914773579306,1.162714359266343,1.2730406151231002,1.321908142360649,1.348152403648255,1.4003895943561202,1.4564303410195045,1.4969665795033638,1.5357083337508437,1.5710461933130226
PDMS,10,replicate3,235,10,6.749564103669533e-33,0.907584764740856,1.1195881680800475,1.2367877308858655,1.312352183873651,1.351939097465792,1.361715303394579,1.4130385927949494,1.454514573566432,1.4970638771768177,1.5293248501941237
PDMS,10,replicate3,230,10,8.270783784892497e-33,0.900248561289958,1.0992054678774525,1.2052114527960884,1.2532454413938925,1.2936854072610564,1.3465310952689704,1.393395934697572,1.4496694107771908,1.4690818236425298,1.4947101484205911
PDMS,10,replicate3,225,10,8.277189574025168e-33,0.845264369889596,1.050851358941633,1.171022093191162,1.2396027600704516,1.2837859389921868,1.322339007353238,1.3555616976699252,1.3972079681209721,1.4480956191189516,1.466757689625086
PDMS,10,replicate3,220,10,1.2579645874525418e-32,0.8283002593665113,1.0174091632714564,1.0863127448744705,1.1359858857957588,1.198857392504069,1.2635993242561265,1.3172242140043506,1.360339116221049,1.3678069032378812,1.3916891685454695
PDMS,10,replicate3,215,10,5.6494884789010686e-33,0.8055577331513657,0.9964004065223779,1.05897091298376,1.0972710938632022,1.167849420571331,1.2264257506342073,1.2701972586249473,1.2844109185530785,1.3300351891319413,1.3562987969777935
PDMS,10,replicate3,210,10,9.868698070154604e-33,0.7816319884996852,0.9718566437429633,1.0560346376042509,1.116922293374757,1.1553113468666047,1.193231764563515,1.240513387583034,1.2679759837868358,1.2954970599111757,1.3342895530937071
PDMS,10,replicate3,205,10,6.913891330517542e-33,0.7374183394838536,0.9181813750187786,1.0160196969893032,1.067277729173063,1.1135911637395355,1.135191404529397,1.171968280598043,1.210005798532754,1.2490948889548068,1.3026167693205604
PDMS,10,replicate3,200,10,7.297574903113732e-33,0.7361487972337594,0.9001074803829473,0.9862494815840582,1.0419642214918072,1.073785990210506,1.120895561079268,1.1590014765934598,1.1869167403063625,1.2360815255082456,1.253007045511128
PDMS,10,replicate3,195,10,5.6035380940139986e-33,0.6968584935566373,0.8728248874456408,0.9525346973719998,1.005299668955277,1.0341699597233125,1.0888439217439223,1.1218588020771718,1.160387628762087,1.191851273745035,1.2238936174528086
PDMS,10,replicate3,190,10,9.345528885280062e-33,0.6813337125516842,0.8320938084769847,0.9094607366666926,0.9590970281288127,1.0058327236963398,1.0504254793433176,1.0905409008555726,1.1131000098013093,1.1620753129247718,1.1905960519569612
PDMS,10,replicate3,185,10,1.0221269849069102e-32,0.6515928642922348,0.7986455137464599,0.8619590170252431,0.9193336893761666,0.9650359159279326,0.9868922898883055,1.0336447314977628,1.0638314096116712,1.079745245665165,1.100822962553774
PDMS,10,replicate3,180,10,6.825680580778598e-33,0.6133739820793374,0.7629195232017593,0.8397193022869877,0.8627493187234292,0.9021612642111881,0.9428393254921321,0.9917932299466983,1.0241706505546009,1.0429265620198023,1.0767563932270838
PDMS,10,replicate3,175,10,6.22816855511752e-33,0.5932660391654565,0.7263090421439177,0.78801933327755,0.8344033867950994,0.8806451403303083,0.9117332155459774,0.945285305811615,0.9746791551264693,0.9988546069626251,1.0339945964589667
PDMS,10,replicate3,170,10,7.927247915774057e-33,0.5848730882649215,0.720177607055024,0.7685508911100775,0.8139137417434469,0.8525736513915796,0.8811848786734892,0.9221024470097848,0.9584216456420842,0.9682811919921488,0.9835269874792777
PDMS,10,replicate3,165,10,5.8690874952124955e-33,0.5588621730133648,0.6804153429865909,0.7522426281927201,0.788407293492251,0.8098912610860068,0.8313027118261893,0.8734866963480681,0.9153586728014576,0.9438898858881618,0.9713528856352109
PDMS,10,replicate3,160,10,7.041700206282186e-33,0.5295644072827405,0.6406335097799424,0.6920452613183029,0.7323925838367529,0.7614094059780052,0.8019915752506108,0.8277706767614215,0.8410873550515481,0.8668487482132617,0.8916131645962855
PDMS,10,replicate3,155,10,7.817218227451738e-33,0.5077009976266883,0.6088159431757911,0.6713375216866949,0.7016101674660751,0.7269346685582653,0.7495191954679563,0.797976000329343,0.8228828218510854,0.841776579182366,0.8737655264702863
PDMS,10,replicate3,150,10,3.4847635629129114e-33,0.4802954942866566,0.583375459541447,0.6211412288110327,0.6519118941018042,0.6811341596955326,0.6976809324971669,0.7322366177023503,0.7536670124075922,0.7886585092681259,0.80181513524896
PDMS,10,replicate3,145,10,4.134692430234546e-33,0.46288109431748997,0.55410112301291,0.589364966153095,0.6231627617815695,0.6586818825107273,0.6847471587471622,0.7218076852634917,0.7482109574506655,0.7736365903977677,0.79805010341736
PDMS,10,replicate3,140,10,4.78382191217138e-33,0.441278773217791,0.5317670718166554,0.5817498714633393,0.5934208523140618,0.6233925413457523,0.6474967326817717,0.6767463274220424,0.7100635768073587,0.7276587003590274,0.7470141175238219
PDMS,10,replicate3,135,10,4.5156852145265394e-33,0.4229139907254531,0.496176987241517,0.5341057949219079,0.562465511769931,0.6030953051730178,0.6207115792001066,0.6421300122010025,0.6695749206781005,0.691744643895569,0.7146897509140481
PDMS,10,replicate3,130,10,2.8924189927750123e-33,0.3895582961292088,0.46832881463790654,0.49833487033092094,0.5238641330144427,0.5364034779498211,0.5557665250311498,0.5811975028352039,0.595450643436774,0.6107794158167152,0.6317968795887604
PDMS,10,replicate3,125,10,3.028528629276479e-33,0.37519406588699866,0.43942167881261324,0.47103978914783856,0.4969736825927349,0.5125874187243153,0.5304992484704351,0.5529923430485061,0.5710444582566071,0.5893440928682543,0.6031645124598879
PDMS,10,replicate3,120,10,2.0252143229165307e-33,0.35856129779037793,0.4119211342394823,0.4325898073015386,0.457735217750205,0.47334409863439647,0.48210215752597796,0.5069709820897101,0.5265124863801756,0.5494858969244641,0.5678270792449082
PDMS,10,replicate3,115,10,2.6817095701847493e-33,0.32717863452180657,0.37664485699124783,0.40680553572646294,0.4239428806803452,0.43168521791419917,0.45561233146000574,0.46935982156130357,0.48440179973679054,0.4972117673930751,0.5146821317616982
PDMS,10,replicate3,110,10,1.345165756274697e-33,0.31117327198918804,0.361643874532003,0.3868524900892779,0.3966420656193521,0.4083334973346224,0.4249916483270922,0.4391792893838016,0.4631200055912738,0.4716631231533198,0.4829526765996319
PDMS,10,replicate3,105,10,2.7951651958705033e-33,0.288281082192989,0.3353057051588812,0.3494761783085333,0.3581825360624739,0.3664638153116643,0.3863107846849589,0.40375307001249816,0.4153667751665206,0.42402784057088383,0.4374514776467226
PDMS,10,replicate3,100,10,1.4274881761702354e-33,0.26739989227534045,0.3030878144193493,0.31520964968123344,0.3242542886190097,0.33528283657523633,0.3495798789951428,0.3615501213995452,0.37157581739289824,0.3870511706532764,0.389308926390311
PDMS,30,original,305,10,2.1129599408990343e-33,1.333528063160267,1.7226733244479573,1.8830843060499198,1.9601495253643513,2.0219812611308994,2.0686268391581013,2.0989884437055446,2.1129794156480934,2.1450199959903613,2.1744666884862744
PDMS,30,original,300,10,1.6525143443939247e-33,1.3084343112211223,1.6575257256999105,1.840177681434675,1.9249041813081138,1.9860168337653406,2.0139763789879526,2.0382475373146045,2.065792970527399,2.088468852829436,2.116741615666771
PDMS,30,original,295,10,2.249639856905959e-33,1.2716798573714578,1.6002119831805417,1.7625790285899607,1.8686811363205629,1.9236200025017833,1.9620395624697573,1.9914531913804852,2.0162860803595803,2.057234170991694,2.0735176427311304
PDMS,30,original,290,10,1.4410355028870391e-33,1.2519692276772285,1.5827252020279226,1.7443930266426766,1.82835736281455,1.8938540708929765,1.926613738391956,1.9648376789130044,1.9952151208638935,2.0212948639225514,2.0453083584271035
PDMS,30,original,285,10,1.607839384607e-33,1.2138563022111808,1.5438597310812932,1.6790682895733613,1.7711005075762298,1.821909932356574,1.8756332566461502,1.9196313536851117,1.9593687141261036,1.9824127578609887,2.0106548737362298
PDMS,30,original,280,10,1.4349972656103468e-33,1.189049479938259,1.4992605734203366,1.651636698081278,1.7391038736568363,1.788279821210623,1.8258053925649507,1.8569331665927002,1.8865476676381274,1.908271224949596,1.9506949245362986
PDMS,30,original,275,10,1.7915924917484953e-33,1.1555557194172636,1.4543077807873328,1.5983217950509914,1.683426811073383,1.7425345655272317,1.7842178898022367,1.8188988869363178,1.860151740125837,1.8756548782595868,1.8961482365388977
PDMS,30,original,270,10,1.552054746684588e-33,1.1219907996060634,1.404578501700023,1.5332205100924883,1.616390543426741,1.6933362923767152,1.7393254149340893,1.7740201094092622,1.7997052644588893,1.841752764066305,1.862477644532797
PDMS,30,original,265,10,1.1699108954078179e-33,1.1014898085915559,1.3844439568491826,1.516225442207594,1.5862363224015985,1.645807206462465,1.7006235917528891,1.7452522862178803,1.7816741814888701,1.810285332978396,1.833315398254263
PDMS,30,original,260,10,1.5845829635068023e-33,1.0735255886609116,1.359395511833752,1.5019206890361168,1.5820043679711178,1.6489728233090357,1.6906190763243316,1.7115937429563612,1.7440437771326516,1.767086467429042,1.7862236262806963
PDMS,30,original,255,10,1.1171175110640886e-33,1.0297483247455477,1.2952768278875142,1.4207789912265896,1.523856865755898,1.585759627842572,1.625872818888908,1.6666757075447785,1.7013114237794835,1.724068394195261,1.7568649689922045
PDMS,30,original,250,10,2.2011701000263535e-33,1.0054418141185169,1.264281923498832,1.3857014814570605,1.4631784958103637,1.523933511161223,1.5773767989395135,1.6145732667060457,1.6486244916345396,1.6834721479818042,1.6961457454182802
PDMS,30,original,245,10,1.3752109628153594e-33,0.9754818886088372,1.2169389982661052,1.341851054529646,1.413885281551123,1.4743699417624285,1.5216083865448256,1.562110481204979,1.5993743664402191,1.640450935593408,1.6682370784172647
PDMS,30,original,240,10,1.4212101186984768e-33,0.9439588804789232,1.1689138704030744,1.2972936339675463,1.3733335573653318,1.4337430508886118,1.4885445971176874,1.530446861978344,1.5593316200023426,1.5945932704592267,1.6243844670494283
PDMS,30,original,235,10,2.4168226428611293e-33,0.9207907969508197,1.1546366925149123,1.2871689854057033,1.3581844780564425,1.4121024057835583,1.4647381436545457,1.5080129875045896,1.5393730687508576,1.55754528890512,1.5899943318988994
PDMS,30,original,230,10,1.4821449465613422e-33,0.8860905527211766,1.1091004326275566,1.212676953211456,1.2845240849128878,1.3470912228013423,1.3950363538461683,1.4233038122260613,1.4591450075147552,1.4930504600435435,1.5237717096641872
PDMS,30,original,225,10,1.405334303836162e-33,0.8660657410405725,1.0807663206043567,1.1949580491843481,1.2639548483715373,1.3182534313336745,1.3633278853627928,1.3947300656857706,1.4244613517528062,1.4667179175337643,1.5002300390806682
PDMS,30,original,220,10,1.5827935420666587e-33,0.8280160315451542,1.034171021942033,1.1424564898334733,1.220855423104786,1.2748693234445434,1.3218206813114333,1.3546809178613273,1.3845625150758474,1.4212899931823313,1.4541267409638627
PDMS,30,original,215,10,1.519988120633325e-33,0.8099930962837298,1.0163638176024492,1.1155147161888013,1.1839048122479423,1.2420913859918274,1.2837389339792378,1.3165398619980218,1.349700443241738,1.3803877894576286,1.4203466112487875
PDMS,30,original,210,10,1.2104388074021827e-33,0.7790367863200958,0.9707792800618448,1.06352258726301,1.1172531390327576,1.1773575421675966,1.2250239457906797,1.260676872230808,1.3011410329958828,1.3262239354328753,1.3513660190585357
PDMS,30,original,205,10,1.8089124436159903e-33,0.757851452229126,0.9368363092631842,1.034172738201157,1.101411044152186,1.1403842970302647,1.1865640664709476,1.2159161678275998,1.2583615737357399,1.299314298795459,1.329370725201665
PDMS,30,original,200,10,1.5757763931287365e-33,0.727642522078059,0.8963655526412173,0.9991916168825865,1.0510718093243718,1.1051036489610613,1.1480879103527388,1.1774649518608467,1.2094552396741205,1.243096654117977,1.2691292377089458
PDMS,30,original,195,10,2.155776706309838e-33,0.6929644045112033,0.8690948786772541,0.9549799830887572,1.0100352392710203,1.059752136307447,1.1037293379149957,1.1447043965960881,1.1754861690003766,1.2107613896137825,1.2381107999757164
PDMS,30,original,190,10,1.901148214151533e-33,0.6652574792006387,0.8172931066163356,0.9254030051303521,0.9915019349758044,1.0262540484755058,1.062969335563277,1.0954256574606824,1.1252715821184704,1.154138805265832,1.1850580256259562
PDMS,30,original,185,10,1.8381295644355556e-33,0.6473060929920545,0.8022596891389784,0.8820472720258887,0.9322136461579884,0.9695493009864006,1.014940179046143,1.038289065921118,1.0758969619901877,1.1137662260765009,1.146282587001669
PDMS,30,original,180,10,1.8881558272022454e-33,0.621666058421377,0.7540342463220819,0.8352130223815634,0.8880739539391944,0.9285452269800102,0.9592690285018879,0.9938173386139196,1.0219561817595697,1.0540275191257167,1.0825972932920684
PDMS,30,original,175,10,1.5534649610084384e-33,0.5940923362135284,0.7249553881854253,0.8006886283914308,0.852597633542632,0.8826868907150889,0.918725385395682,0.9429402412348262,0.9700039013172373,1.002042874590656,1.0264172261534634
PDMS,30,original,170,10,1.3978276990676255e-33,0.5694630332435576,0.7003130785288102,0.7644338499381459,0.8110663357719486,0.8431929346499913,0.872809077895222,0.9030120742652281,0.93436288681589,0.9626459569840049,0.992654297465221
PDMS,30,original,165,10,9.875570988711742e-34,0.5411356276003956,0.6628618829450202,0.7237795704096583,0.7651506389390864,0.7958145534511643,0.8272443635332621,0.8601960722862001,0.8868379442143656,0.9162798812360455,0.9400030731779709
PDMS,30,original,160,10,1.1151839182282937e-33,0.5261313573939905,0.6422723741515728,0.6896379128121003,0.7249343730852126,0.7617323150796714,0.7917436863819497,0.8195511921540033,0.8478392533517527,0.8658653889777936,0.8937978360675942
PDMS,30,original,155,10,1.504151074549673e-33,0.49664302300859237,0.6042692409750525,0.6543222777427562,0.6865103347989187,0.7186929760344064,0.7450827947351524,0.780217297837174,0.8016516827158497,0.8228825385031682,0.8545888659864527
PDMS,30,original,150,10,1.5327818175919672e-33,0.47844974132691265,0.5677734706113313,0.6152030127487819,0.6496754466558362,0.6804197053734347,0.70229131266562,0.7227330709933256,0.7457485975927794,0.770184095305995,0.7938419516856497
PDMS,30,original,145,10,1.4993825147741791e-33,0.45281955605519525,0.5430744223180733,0.5836095637496,0.6179504295389278,0.649483486038408,0.6761664677333421,0.6879584559192758,0.7066370413535114,0.7341811584270085,0.7614813915269681
PDMS,30,original,140,10,1.9525895373394063e-33,0.4329580424572462,0.5125957573679518,0.5538697914830634,0.5858079513749398,0.6074696464949234,0.6291969041401252,0.6486819551825564,0.6673985368963591,0.6852836582049461,0.7115199779684506
PDMS,30,original,135,10,1.3638080957912366e-33,0.4114001513546149,0.48739743231465127,0.5203722337622778,0.5509072450108342,0.572026690730972,0.595292102512692,0.6046151274462186,0.6190157988693561,0.6376969785954286,0.6638330455853173
PDMS,30,original,130,10,1.5804092621789116e-33,0.3922373188164299,0.4576376078089863,0.4916061890120359,0.5202431489071635,0.5410088288178425,0.5541539887164939,0.5640853290574468,0.5846907389350061,0.6009981413134201,0.6229653019418014
PDMS,30,original,125,10,1.8506276494568955e-33,0.36761849307448935,0.4255416539041989,0.4472577803764418,0.46892252627345166,0.489564648967186,0.5017680414085424,0.5203076384796483,0.5326288964635578,0.5507536072006656,0.5714967939047344
PDMS,30,original,120,10,1.5213837966651769e-33,0.3511771458452678,0.40943569072767544,0.4310160891361033,0.44684788451910984,0.46428521879662304,0.48226474195824337,0.4931881445585141,0.5063809909743984,0.5187715194750069,0.5374395903088078
PDMS,30,original,115,10,1.467727806996206e-33,0.32487749134095684,0.37938230280482543,0.4016363529972685,0.415802414712264,0.4294433752667241,0.43620890927244577,0.44864832773114616,0.464623255649098,0.4824332479703101,0.49453063274609876
PDMS,30,original,110,10,1.6285019321098068e-33,0.3127317019717123,0.35331317153131764,0.3737212953804842,0.3871881565642232,0.4006666009452071,0.4084145610558618,0.41900185769221965,0.4306108633676896,0.4426071756748474,0.4564018735987796
PDMS,30,original,105,10,1.1826997462691271e-33,0.2884575815663026,0.3318213520007561,0.34909916132456137,0.35677587299889196,0.36847905217875276,0.3768025288223628,0.38774822706387935,0.39456913619033035,0.4077611493473124,0.4201610592090736
PDMS,30,original,100,10,1.6090787739998684e-33,0.2717039919762949,0.3111580830427088,0.3205607929592697,0.3287604980706137,0.33904853092482334,0.3475883317697164,0.35390018575819465,0.36372768112431064,0.37232865787584163,0.3860570945921788
PDMS,30,replicate2,305,10,1.9977733373462766e-33,1.325546090187359,1.6856765621025112,1.8507379896926306,1.9447745553728546,2.013814256386448,2.0624319589552917,2.074270153094382,2.0994104516978744,2.118165164459453,2.1406403143591466
PDMS,30,replicate2,300,10,1.3547349900598664e-33,1.3082281802383986,1.646401549565396,1.8001066231585328,1.8784525620746482,1.9431015295567324,1.9855927763450414,2.0279487711186044,2.058606293979971,2.0892013426891713,2.1197179393152488
PDMS,30,replicate2,295,10,1.8887107053468532e-33,1.2758964468164709,1.6142827140952427,1.7826869924517716,1.8677689634016137,1.9297694226775288,1.9876680261670785,2.0120791556114725,2.046912454596311,2.066124679681996,2.0900597521695894
PDMS,30,replicate2,290,10,1.7232891728910787e-33,1.2556055010598268,1.585286770960907,1.7311100539823965,1.8361105612968651,1.8953550087950142,1.9414373826116669,1.964630900912716,1.9773721504757795,2.005817686240616,2.025670900275143
PDMS,30,replicate2,285,10,1.4795316885746195e-33,1.2199026571861307,1.5321192782487334,1.6924707063293414,1.780251520143075,1.8260273634925295,1.8666074719635777,1.8971678509428185,1.927971172102217,1.9688333771421995,1.9975883750981018
PDMS,30,replicate2,280,10,1.537283842014156e-33,1.1938344447454685,1.5173425078832783,1.6705150058840708,1.7548496175083872,1.820196031348301,1.856801421920545,1.8942272736711865,1.9375975805253158,1.9495663145709123,1.982645674596639
PDMS,30,replicate2,275,10,1.7117106348386413e-33,1.1535117430165274,1.4521388312944272,1.5919289350801313,1.6724722060635195,1.7365343083770206,1.7856579143012532,1.8291159367281327,1.866582598991646,1.8989314784835074,1.918145730612831
PDMS,30,replicate2,270,10,1.5669468037883407e-33,1.1349567914208607,1.4313200836608129,1.5657413461167056,1.6554035353100034,1.7150059514247977,1.772992080931629,1.7853728642606868,1.801509232302298,1.8390103275968843,1.8702382337906687
PDMS,30,replicate2,265,10,1.130003283872054e-33,1.1039997272210298,1.384625388260342,1.5100452029372522,1.604836482950051,1.6575400444486363,1.7113971872492244,1.7545305871278036,1.7812516400789662,1.8085727633475244,1.839558270994989
PDMS,30,replicate2,260,10,1.4564654767947346e-33,1.0750417584683771,1.3425635490893804,1.4920784571402093,1.5816726927857718,1.6440419533339417,1.680178351948904,1.7158225840398504,1.7426322992772636,1.777242646982905,1.8051248050127366
PDMS,30,replicate2,255,10,1.168922291551923e-33,1.034744950762948,1.2956817924401085,1.4266916680423294,1.512580655091355,1.5744508750480617,1.6225736965325446,1.6481943798710978,1.6963134557503192,1.7158979861663581,1.744123371605332
PDMS,30,replicate2,250,10,1.6434279118948892e-33,1.0029463625509034,1.2673430874320812,1.4049153594202044,1.4876402261412573,1.5427918327736951,1.581739585462373,1.6145423343439447,1.6364640995404351,1.6700100699481655,1.6947257984108686
PDMS,30,replicate2,245,10,1.2130896226432347e-33,0.9891731591527886,1.2356276231365786,1.3569174136092768,1.4395238856883816,1.4878455921530813,1.5299157361325597,1.5764278470840964,1.614892552422436,1.6541492252283885,1.6743745341634557
PDMS,30,replicate2,240,10,1.3237211786541581e-33,0.9509381628492388,1.183051057217902,1.3005578673054354,1.3833851561183639,1.4464484206100008,1.490262923609381,1.529513845706309,1.5555677780905315,1.5932469754707295,1.62285668333244
PDMS,30,replicate2,235,10,1.679003112415113e-33,0.9236364610576497,1.1590818627393378,1.2710258864552137,1.347720748072677,1.4057897848832621,1.4672730271956473,1.508302993957706,1.5405475773461341,1.5651724477660292,1.584534190702295
PDMS,30,replicate2,230,10,1.3602413681542819e-33,0.8883836220298807,1.1155672369402352,1.2266735790275454,1.2997193892161705,1.3446436152196282,1.3898938150003595,1.4329871527597737,1.4616278021041889,1.500375435592082,1.5393762892167717
PDMS,30,replicate2,225,10,1.8681317530230377e-33,0.8759226352207555,1.0873434045885466,1.1929613369739205,1.2749435179613378,1.3276227799894857,1.3723259030251636,1.4053425552755858,1.4360654552365464,1.4682960368425897,1.4914072189952876
PDMS,30,replicate2,220,10,1.283154497881131e-33,0.8448586986781628,1.0569814216799087,1.1567520795041992,1.2200797271766612,1.2622389835815755,1.305448099616666,1.3531319067300978,1.3961428430502945,1.422340611600592,1.4562585426883785
PDMS,30,replicate2,215,10,1.4788011394016968e-33,0.8030669791382754,0.9976524110864509,1.0951471421784478,1.1643765427795827,1.207745303025396,1.2549912688421796,1.2998944963064158,1.3246863364292991,1.3491372711972816,1.3754689562813687
PDMS,30,replicate2,210,10,2.061050041745227e-33,0.7748460752546913,0.9546331478042219,1.0455014946141699,1.107338198060919,1.1549670063892878,1.2024095401907222,1.235265378334011,1.283825825877772,1.3180255991786693,1.3514531470883797
PDMS,30,replicate2,205,10,1.4232842483569232e-33,0.7512678392194136,0.9387736780895102,1.0266688022889514,1.0872414366806264,1.1367191780462762,1.1847734439536797,1.2154160170124835,1.2396824307856673,1.279581083401463,1.3134626323023568
PDMS,30,replicate2,200,10,1.6983632712597247e-33,0.7192211172187787,0.883233831133208,0.9744656979147548,1.0295539446108968,1.0733249240033111,1.1264189098066342,1.154949066090801,1.1908020856545876,1.224069124529909,1.2546386724642975
PDMS,30,replicate2,195,10,1.5217521000624714e-33,0.6936580626064919,0.8623708880348712,0.9442039306436254,1.0004558500235372,1.0492517326076893,1.0805897934227242,1.1145056111300125,1.1524610221981813,1.1781887984580208,1.204111096842736
PDMS,30,replicate2,190,10,9.924419649826558e-34,0.6734651473205403,0.827591046007084,0.9007342752799419,0.9526976650784466,0.9962872104080244,1.0316685229717,1.0707443355102713,1.0992088137368186,1.1324245136598368,1.1677593906292079
PDMS,30,replicate2,185,10,1.992385688636515e-33,0.6452878045140753,0.789132702557598,0.8683783474374808,0.9219520075569054,0.9667492643268222,0.9943761868070983,1.0212414442767457,1.0624249673713444,1.090725983105346,1.1118555927900602
PDMS,30,replicate2,180,10,1.8901378810113686e-33,0.6114863747186252,0.7503989129119863,0.8232856187479921,0.8721676999725065,0.9143964062808487,0.950943694405961,0.973010050365855,1.0059148969597558,1.0321544176701076,1.0709222778207867
PDMS,30,replicate2,175,10,1.625070895198171e-33,0.5952950696571333,0.7190597436281779,0.7816156991925816,0.8224236894833519,0.8697626476149081,0.9049377283160289,0.9374652161854045,0.968435986889261,0.9944698563940355,1.0180805111127733
PDMS,30,replicate2,170,10,2.3644108886823594e-33,0.5741217512876452,0.6923608605076456,0.7479859979205801,0.7877933678080797,0.8248806977627201,0.8656753332697698,0.8937741947811624,0.9264639749046182,0.953748773599299,0.9794189043523973
PDMS,30,replicate2,165,10,1.9714893169374e-33,0.5415527725234172,0.6521921618222805,0.7108084237381929,0.7528603947623139,0.7935904212906106,0.829634372836443,0.8514048934877447,0.8726726051261544,0.8921473633284016,0.918232461876309
PDMS,30,replicate2,160,10,1.4075780469012573e-33,0.5289916996815042,0.6353463957058487,0.6845228829992372,0.7242920792935627,0.7582296047959505,0.7805950818370693,0.8108119551200182,0.8408084120975362,0.8657336243622339,0.8888714063103444
PDMS,30,replicate2,155,10,1.9733889870918652e-33,0.5038140259174939,0.6052632393325714,0.6513817006116316,0.6882864569809829,0.7187764500669059,0.7409004648320006,0.7619801146721914,0.7975358203081564,0.8205269395941759,0.8425757025426769
PDMS,30,replicate2,150,10,1.0712395076142917e-33,0.4717892215349213,0.5629973858748802,0.6126507771979717,0.6426423302508228,0.6761438017715082,0.6992113411474642,0.7238113235876498,0.7460856830402185,0.7706473365962176,0.7942631194474074
PDMS,30,replicate2,145,10,1.1876621499379338e-33,0.45372866417063024,0.5425770075705152,0.5865274517459862,0.618738526870892,0.6465131094537265,0.6665805994147924,0.6866338081745631,0.7094192592364499,0.7326615317683414,0.754111287952376
PDMS,30,replicate2,140,10,2.3436889764872258e-33,0.43352143693581213,0.5077026479193062,0.5408306959747771,0.5716895191829996,0.5928171386979162,0.6151268069940767,0.6334850325209859,0.652022466528728,0.6704794551493632,0.6960066946242123
PDMS,30,replicate2,135,10,1.1564145143359173e-33,0.41370322006940335,0.48415853727099323,0.5137426433370043,0.5361747557988321,0.5618078765107515,0.588308633709479,0.606428403956869,0.6233537796876373,0.643501539100303,0.6617382586134297
PDMS,30,replicate2,130,10,1.5909543699751255e-33,0.3859358231786422,0.4567254392515913,0.4885510746693158,0.5071710052543081,0.5247091747655315,0.5404902506473735,0.563630942612716,0.5836433405533319,0.596763866440964,0.612001948461564
PDMS,30,replicate2,125,10,1.9711403979294372e-33,0.36960450004493894,0.4271919333749154,0.4519849412208365,0.4709466624638995,0.4881802641951243,0.5080495328141291,0.5268803734226192,0.5404640542164376,0.5560168270798826,0.5718080010126408
PDMS,30,replicate2,120,10,1.4542168876323064e-33,0.35361235492599424,0.4106873049213945,0.43440209628143267,0.44930924628750535,0.4670523342876828,0.48049564871730366,0.49185387381277135,0.5090025269581692,0.5254498859355115,0.5407249658047611
PDMS,30,replicate2,115,10,1.0212083987502688e-33,0.32788546340723823,0.37389561478573635,0.3962071319971767,0.4117832962316276,0.42735928513107585,0.4393452562741242,0.44862226673043076,0.46219191236552737,0.47816997762773283,0.4939492257731003
PDMS,30,replicate2,110,10,1.857257110608192e-33,0.30976271554826196,0.3496038440469401,0.3695894120993578,0.3838438675324667,0.39944577523836555,0.4094986839165811,0.41863823315798915,0.4301139570781472,0.4447179799392228,0.4587673452240071
PDMS,30,replicate2,105,10,1.1439115832172443e-33,0.292075477683673,0.33227250708988004,0.3516639628414722,0.36315668135193363,0.37500590031079467,0.37829272814233306,0.38564102107804393,0.3975251917698552,0.40909504488991716,0.4193292519375236
PDMS,30,replicate2,100,10,1.0005058709444664e-33,0.2771783204891722,0.31462103528671015,0.32562162239906756,0.3332613404999727,0.34187263254196826,0.3523176081939981,0.36449589417080464,0.37238199613395845,0.38079389299370586,0.388838063834099
PDMS,30,replicate3,305,10,2.032677353385905e-33,1.349496853827644,1.7028487364868514,1.8517696193230264,1.9537608381117473,2.007826012557147,2.059632693504862,2.0907137756696845,2.125089065931103,2.1278885702671824,2.145273439942257
PDMS,30,replicate3,300,10,1.8818122857935857e-33,1.2957021006187939,1.6487452712475423,1.8077027340743785,1.8927488437589184,1.9469156937428802,1.9835844016955655,2.029366855292927,2.05540930201975,2.078879568037004,2.0923012108426184
PDMS,30,replicate3,295,10,1.2717201312243447e-33,1.2679405569342521,1.6087952853651177,1.7707548652085279,1.8584991125069472,1.9265173146777386,1.965844702348528,1.999804706860926,2.0344049121414716,2.0614308169777176,2.0863549507314794
PDMS,30,replicate3,290,10,1.1008794504261455e-33,1.2446631340555023,1.5740534291179877,1.7387838759059175,1.843485214314562,1.888895741248979,1.9364418203358518,1.962094952241171,1.9878497082188957,2.0202262544683736,2.0396253423937414
PDMS,30,replicate3,285,10,1.5202207333053004e-33,1.2176599379079467,1.528824365924118,1.667429113616017,1.7575380063080626,1.8215440066752333,1.8700475434417072,1.903106068110557,1.9336360169594904,1.9651878957469926,1.9769935928243458
PDMS,30,replicate3,280,10,2.0433436136154394e-33,1.177024051064087,1.4872299923664813,1.6349178128669295,1.7108209231417164,1.766086383729069,1.8320475482523437,1.8656882287098366,1.888065942925861,1.91465408821858,1.9346823861463296
PDMS,30,replicate3,275,10,1.9503748708583077e-33,1.1533809420096874,1.456680973529153,1.600772581457378,1.688506146610991,1.75615300482837,1.8122159185076427,1.85638533395935,1.8756716690873212,1.898091369844586,1.918256229691107
PDMS,30,replicate3,270,10,2.3067277921298155e-33,1.1291277629250314,1.4328088816706133,1.5754270639255121,1.6570739982712808,1.7134594988715102,1.75504160406627,1.79162616975342,1.8314626530153852,1.8572846066280295,1.8863881103413191
PDMS,30,replicate3,265,10,1.788234146296852e-33,1.1067167428957498,1.3993596297634951,1.556875465633063,1.634873831044013,1.6892753316484943,1.716413769062808,1.743003405848425,1.7754157815863247,1.8217868626785232,1.8537590830421717
PDMS,30,replicate3,260,10,1.764536730339367e-33,1.055139954940262,1.330818271571097,1.4616188010755438,1.5589049576283767,1.611975637760152,1.6512331759217882,1.6775247079293358,1.7010032291198818,1.7376302919827016,1.7764167493492635
PDMS,30,replicate3,255,10,2.042285952872552e-33,1.0306200613774514,1.2937181611392743,1.4279795449838055,1.50099331033064,1.550590188027228,1.5880092260460383,1.6352771698729878,1.671473677588457,1.7051468227949655,1.737926550949267
PDMS,30,replicate3,250,10,2.365389800343589e-33,1.0046249391441724,1.2471666853495778,1.368420854266218,1.4566886896895244,1.5232876627965792,1.5587645142900368,1.5912552188801217,1.6208524233297292,1.6566364394951325,1.6808769817490514
PDMS,30,replicate3,245,10,8.351182611700218e-34,0.9800393109227621,1.2417110828853137,1.357910528512623,1.4244695465004649,1.482899532365981,1.5350325857331364,1.5743222472317417,1.6010423854501536,1.6361767244386278,1.6771961692216255
PDMS,30,replicate3,240,10,1.798822868969061e-33,0.9443323617048278,1.1707565880722874,1.2876702856925892,1.3638109954486726,1.4214258534747881,1.468475675578071,1.5050200411159487,1.5390285541756672,1.5670545021392155,1.5999866587891685
PDMS,30,replicate3,235,10,2.082503714637616e-33,0.9239149586341592,1.1495780121045058,1.2546350018137358,1.3412323176090755,1.399782516164024,1.4434742510498824,1.4843212244499864,1.5206939969681321,1.5543574972597398,1.58946174242502
PDMS,30,replicate3,230,10,1.9186329333283438e-33,0.8846249207041769,1.113229266525353,1.2221949876295328,1.2955582384728686,1.3414828403202064,1.3717657704816495,1.4150242587741138,1.4568767530716278,1.4891180296870226,1.5148216504965935
PDMS,30,replicate3,225,10,1.191107725141568e-33,0.8638908907420083,1.0787517498025458,1.16818350691726,1.2410858273389376,1.3040135520042797,1.3470021178974576,1.3790609008244301,1.4177009601849984,1.4539837640377942,1.4853515717090757
PDMS,30,replicate3,220,10,1.861269679199766e-33,0.8297380496585672,1.028946080338355,1.1242260417532934,1.189360839870497,1.2457263815950466,1.2935281787405233,1.3238820785166803,1.3662514726534147,1.3997441841590996,1.432322856725626
PDMS,30,replicate3,215,10,1.8887276666875177e-33,0.8024452899768736,0.9973152352346869,1.092470033131494,1.160359579247338,1.2133598266943721,1.2523345587458088,1.2962475714852382,1.3270392572576546,1.3646311016732013,1.399767120131091
PDMS,30,replicate3,210,10,1.1494749029553204e-33,0.7734390917137965,0.9680656896430619,1.0665359726168198,1.1326082763919039,1.1816839727543504,1.2162442793324633,1.2543160121964778,1.2919667011407907,1.315326258451367,1.3482396240168286
PDMS,30,replicate3,205,10,1.3655236142470546e-33,0.7556715028604001,0.9214455914731673,1.0193346527046843,1.0890731197499666,1.127068625637563,1.1747356436286291,1.2067620099231333,1.2402551937557498,1.2753522047795427,1.3039806364072057
PDMS,30,replicate3,200,10,1.6376755943608333e-33,0.7182543833190744,0.8939354033300742,0.9768447991970465,1.0347958026037627,1.0739631348525929,1.1190894722630973,1.1565294884985984,1.196852736795126,1.2283183396678143,1.2558110788366332
PDMS,30,replicate3,195,10,1.3169851033615397e-33,0.6963648682764434,0.857780694376725,0.9388342089826306,0.9970840027706412,1.0455990909260677,1.0751299905302647,1.1132505248163187,1.149829756566525,1.1908620079216816,1.2288416178892043
PDMS,30,replicate3,190,10,2.00427316539392e-33,0.6675845943178764,0.8321379543369474,0.9058712884744085,0.9595547870137275,1.005526721343964,1.038394193785746,1.0644662042077773,1.1066401023485426,1.1355170949921827,1.1623095924179379
PDMS,30,replicate3,185,10,1.8299251216510933e-33,0.643784930741732,0.7825424143443216,0.8606461220124663,0.9151363652535881,0.9579531764283112,0.9923561383250646,1.0299420437972553,1.062292661350598,1.0961387976373438,1.126075154447261
PDMS,30,replicate3,180,10,1.4229304832516277e-33,0.6160104137212835,0.7606618174868327,0.834651892742572,0.8760839753330167,0.9229080629895426,0.9537301984726797,0.98303370497576,1.0166161856172347,1.0455821861278312,1.0711519039649633
PDMS,30,replicate3,175,10,1.8988366257237784e-33,0.5944612740189118,0.7188493322524725,0.7859485784368039,0.8289280457141528,0.8700709367430125,0.9094332658854182,0.9397312282196755,0.9685241907312759,0.999593519190908,1.023716589555195
PDMS,30,replicate3,170,10,1.4628817096633869e-33,0.5716668139902025,0.7071256380109782,0.7638872905146575,0.8071021523599928,0.8412301372389436,0.8678085591499661,0.9012036090762574,0.9249293569085981,0.9466011042650466,0.9765590830262643
PDMS,30,replicate3,165,10,1.5412527957297348e-33,0.5489434719720478,0.6636846665688131,0.7221348978438276,0.7610522115778318,0.7943811206643749,0.8247590003414098,0.8576956401845942,0.8834830818916671,0.9107420928242715,0.9413836100598216
PDMS,30,replicate3,160,10,1.8904819539219986e-33,0.5239862410132028,0.6240749665075898,0.6787700779049458,0.7235716805686255,0.7485231477394726,0.7780277771443267,0.8038782988303608,0.827925625099543,0.8561914651354827,0.8825654922118531
PDMS,30,replicate3,155,10,1.7966808939479553e-33,0.4946492224299653,0.6002848477959399,0.6511141277222604,0.67915790732802,0.7086830236965584,0.7389423350335605,0.7611142288566092,0.7944116373905252,0.8228161409028555,0.8425820668850383
PDMS,30,replicate3,150,10,2.3536719369928322e-33,0.4750842599861662,0.5704700823147006,0.6203597209396544,0.6566074490313497,0.6772537077048731,0.7050863157456784,0.7331115971083397,0.7542019169394013,0.7809982154041217,0.8030284462628543
PDMS,30,replicate3,145,10,1.302146353328448e-33,0.45476872935996926,0.5380580272279483,0.582047546627781,0.6169544760627617,0.6418639211562244,0.6605129463697663,0.6859127215796131,0.7111760007189171,0.7386663568205015,0.7549369841328376
PDMS,30,replicate3,140,10,1.8453357111694573e-33,0.43270374317020543,0.5150606176375032,0.545604181062228,0.5737759496412471,0.6001174814594352,0.6229467072369049,0.6432021487144741,0.6608398578558329,0.6882830281256204,0.7147538038820086
PDMS,30,replicate3,135,10,1.3003823738993023e-33,0.41018928925232456,0.4870947804846234,0.514822193655091,0.542705958675062,0.5703817654740232,0.5921332568584141,0.6062280956050285,0.62759118080927,0.6430583204468058,0.6622991452020389
PDMS,30,replicate3,130,10,2.1170660808152808e-33,0.3916862199715093,0.4579753479643293,0.4876878887290269,0.5072113842705763,0.525482454725283,0.540380365196695,0.5607392131372546,0.580187293524106,0.5999735460416227,0.6190543924648109
PDMS,30,replicate3,125,10,2.065968830538038e-33,0.3685509837539172,0.43405893921011307,0.4646392324478157,0.4821144364931057,0.4963674777270065,0.5079305500888143,0.5262177368834052,0.5445446679462846,0.5586962220977046,0.5748239853397601
PDMS,30,replicate3,120,10,2.0287508030219883e-33,0.3486466748989368,0.40625688885482897,0.4234352745747886,0.43888278908808853,0.4536627765353781,0.46540680887164604,0.48383450449945364,0.5010028966350765,0.5128192823071852,0.5233897263934617
PDMS,30,replicate3,115,10,2.4820935163125343e-33,0.3313347943482985,0.3795537511193145,0.39894994687632634,0.4115510197506831,0.42256685968882596,0.4370726733707223,0.45433889102558156,0.4717990857090383,0.48151267915960244,0.4935528334991475
PDMS,30,replicate3,110,10,1.4190148366067098e-33,0.3130773429069328,0.36126380205769654,0.3793886817975197,0.39589732487007695,0.40218463309248725,0.4142031632520947,0.4226039269767493,0.4363437910031881,0.45211550990653937,0.46368073405501004
PDMS,30,replicate3,105,10,1.2244924896673575e-33,0.28933483218726497,0.33344765583596575,0.3489121451757191,0.3603583826523417,0.36865299931932755,0.3778701291970129,0.38937818838906535,0.39493270098325667,0.40801226559421855,0.41721344796422527
PDMS,30,replicate3,100,10,1.4208951223718437e-33,0.27784622863123776,0.31087242323422765,0.3225092498783145,0.3329399778663498,0.34864074189852373,0.3566228929383668,0.36527325815524064,0.36950388979587345,0.37951074311816263,0.3882639448733487
PDMS,100,original,305,10,1.5334067886161833e-32,1.3142736475994803,1.666081785133923,1.8361062815815081,1.940912805337821,2.0078105993225517,2.0489771617428034,2.0844843320994526,2.109085905823688,2.124707321969365,2.1360933666757
PDMS,100,original,300,10,1.3823601857344026e-32,1.277694081499766,1.6281533538939599,1.7914109957339481,1.8855269199365394,1.9480603209032452,2.002297723011445,2.0372436467691655,2.0663196213269766,2.0881560375457435,2.1106232154899027
PDMS,100,original,295,10,1.739896307718524e-32,1.2403876206565172,1.5823266917882375,1.7400487805973213,1.8297499939846862,1.902964368916745,1.954819391839214,1.9861944062489552,2.023223155684314,2.0381821814812064,2.0527375758820754
PDMS,100,original,290,10,1.734500444406978e-32,1.2146047090414904,1.544753510886384,1.7081478576820786,1.80912301717686,1.8677081121683805,1.9175797159061254,1.9516001642592038,1.983979443543967,1.9976112414288274,2.0181145584269844
PDMS,100,original,285,10,2.3176636945013403e-32,1.1874195042591507,1.5096648486028472,1.6658816259537066,1.7552569497247308,1.816616883057748,1.8582660967966518,1.8963831572675311,1.933286178981339,1.9627710088673958,1.9905437232052812
PDMS,100,original,280,10,1.7702132309548432e-32,1.153914053873422,1.4682287554567823,1.6247780088488206,1.7124213622665692,1.7781345513730369,1.8415662753519502,1.8788534419369927,1.9094497203768406,1.9317893267695276,1.9488022636774922
PDMS,100,original,275,10,1.789916216691421e-32,1.126236530146929,1.4211957626401743,1.5834760242568988,1.6709454894546418,1.7400019977212362,1.7946836944893998,1.8413431458267258,1.8813061824955848,1.904004765186772,1.9192446017650913
PDMS,100,original,270,10,1.472624821122877e-32,1.0958294727968183,1.3875010517897066,1.5358098278875303,1.6264468776586898,1.6894931605575305,1.7398646895728203,1.774964634806309,1.8032786617262968,1.8317830776017292,1.8611249703385249
PDMS,100,original,265,10,1.521000436779657e-32,1.0684943097477946,1.3470955135199387,1.4889878354266721,1.5769562723642787,1.6438088758473437,1.6951991931210781,1.7434077817587217,1.7771055488468808,1.8029287972116184,1.8319731661228684
PDMS,100,original,260,10,1.3766087441761568e-32,1.0362579900450486,1.3260553162793134,1.46625526300955,1.5499049540758378,1.610996571033872,1.6709776305676656,1.712412336127656,1.7443063702066783,1.7654960850925097,1.7959435593813797
PDMS,100,original,255,10,1.566533182404797e-32,1.0158822564052028,1.2810429723372108,1.4171979198646996,1.5100595455631365,1.5760239013801178,1.6299981443673324,1.6725284143438173,1.7004676706225532,1.7295278376313337,1.7501729169603812
PDMS,100,original,250,10,1.904557277340383e-32,0.9775818138401654,1.2430335133741672,1.382242259995236,1.466694478380981,1.5245990371989457,1.5676149880511674,1.610317587072688,1.6561076910866928,1.685983286801711,1.7043792599170704
PDMS,100,original,245,10,1.860572101895118e-32,0.9524685604298313,1.2076323157075421,1.337517472121554,1.419676982059338,1.484032692677491,1.539524525140073,1.5837720505489203,1.616124221382081,1.6445739691096404,1.6705528563833763
PDMS,100,original,240,10,1.7312370262761553e-32,0.927836390116117,1.1738700239354622,1.2971630799526679,1.3870288729486346,1.4549123019302415,1.5064645827709007,1.5503379991784534,1.5829996920464344,1.6043415681863333,1.6327245958509482
PDMS,100,original,235,10,1.546110406793521e-32,0.8940015020352874,1.1258902325064666,1.2549302628886754,1.3428726513280176,1.4074512541267599,1.455460695812072,1.5036060963277769,1.5424631305203138,1.568419688724929,1.5912374641558515
PDMS,100,original,230,10,1.5208371341774688e-32,0.8681646744892909,1.099048713113967,1.2296298276963402,1.3140976593209563,1.3816831057356629,1.4249939700851815,1.4675982412824928,1.5032996239837324,1.5287243621526345,1.5566137248749217
PDMS,100,original,225,10,2.0358642757793154e-32,0.8445532846121055,1.060477325743888,1.1789227306107999,1.2627080231551984,1.3196339640766992,1.3667939362083987,1.40361138504194,1.4383968808014211,1.472262978662749,1.4976046442331858
PDMS,100,original,220,10,1.471659053045421e-32,0.814838120122784,1.020493350407491,1.1305774646243232,1.208395404667256,1.2657869105280872,1.3199817125623206,1.36240924290896,1.395815289311386,1.4252636618053034,1.4501019814492988
PDMS,100,original,215,10,1.5205848638493574e-32,0.7879776436684833,0.9863928084844659,1.090185726505236,1.1608483010153372,1.223093942193546,1.275780897566617,1.3154873335843764,1.345557366596141,1.3740920218879835,1.3959083799065612
PDMS,100,original,210,10,2.2292613818888936e-32,0.7561332972136936,0.951767098816183,1.0533755059775767,1.1292844119428327,1.1910857147390674,1.243184878024991,1.278104756463889,1.3121336219024635,1.3460010243753684,1.371776311150665
PDMS,100,original,205,10,1.8450981560383224e-32,0.7335634231366727,0.9166655118746931,1.006993241221412,1.0755832582546925,1.132053803034244,1.1827325747717388,1.2240848342544612,1.2560706982775822,1.2878291907335266,1.3135277507282415
PDMS,100,original,200,10,9.724102205732647e-33,0.7040635209466108,0.8802178442730378,0.9761067274179964,1.0411110945263595,1.098668466296787,1.1443211483471913,1.1797390809482793,1.2187368387632738,1.247401348622783,1.2702804873021054
PDMS,100,original,195,10,1.7572975462038308e-32,0.6722661545982218,0.84171655149643,0.9333611801273456,1.000232226696648,1.0498804581479384,1.0869360874585865,1.1227093549324714,1.1589775723292512,1.1863259666664259,1.211922505436038
PDMS,100,original,190,10,1.6093330970277293e-32,0.6560137358331518,0.814805183849742,0.8990009414022453,0.9593925149127271,1.0096779697784257,1.0532651549319743,1.0941620371646024,1.1295758874397916,1.1587945815524312,1.1827085008183391
PDMS,100,original,185,10,1.8554172416174468e-32,0.6307735286675972,0.7782277462003755,0.8564422596215173,0.9175837449344328,0.9716754051028353,1.0105966833516598,1.043082282902106,1.0737752399919187,1.1032519466829398,1.1252069870818104
PDMS,100,original,180,10,1.4404764504233087e-32,0.5995037418222369,0.7381434091797834,0.8050656061887208,0.8613427531416555,0.9061061012321552,0.9451585895790153,0.9798594916304989,1.0082575551660746,1.0365266293124833,1.0637388754466985
PDMS,100,original,175,10,1.8704598110663118e-32,0.5754739630154966,0.7077581469723205,0.7817723630728801,0.8356026757261461,0.8797727916766469,0.9167692837018496,0.9488340182465093,0.9741766597325426,0.9925054532940674,1.0193234642256876
PDMS,100,original,170,10,1.7873428837504903e-32,0.5512070673355147,0.6724582733987867,0.7417654515505111,0.7907306779119084,0.8344104410820992,0.8641331382767472,0.8954766760434781,0.9232418803387358,0.9472601993897045,0.9718193884712301
PDMS,100,original,165,10,1.7835851679582052e-32,0.52946108859722,0.6438413160302094,0.7023065363049913,0.7503780678881306,0.7955436305592339,0.8310690394366718,0.85875823011704,0.8833768289464358,0.9063031667040582,0.9301601924209321
PDMS,100,original,160,10,1.4642963884112855e-32,0.5037708959729075,0.6156129400103549,0.6688593754079044,0.711765997291369,0.7498844765570669,0.781822198882819,0.8091335269169854,0.8319230130967942,0.8535967520132564,0.8751721891056967
PDMS,100,original,155,10,1.7813305384828345e-32,0.48195240271000844,0.5847189031485078,0.6401871212496197,0.6820411420691765,0.7147910055338661,0.7456350112603979,0.771188170071674,0.7910537395504728,0.8143273338761423,0.8332662211698441
PDMS,100,original,150,10,1.8125090439070422e-32,0.45964157577020126,0.5563153080746122,0.6035065529064542,0.6355204331846024,0.66410005773697,0.6924594691318658,0.7182740988131202,0.7412771350169981,0.7633154981356174,0.7818597809328386
PDMS,100,original,145,10,1.4247127741432763e-32,0.43690301393344005,0.5242911433746048,0.5668916247854321,0.6003416683312418,0.6296225135976365,0.6572382742285852,0.678921345964086,0.697181567583774,0.7141878335502984,0.7309305224572694
PDMS,100,original,140,10,1.4528663768860935e-32,0.41862682902383713,0.49847423150884235,0.5381594440212103,0.5663757704444377,0.5909418293385814,0.6160282289350522,0.6355030541917738,0.6576260221010138,0.6720465604623322,0.687927893175637
PDMS,100,original,135,10,1.4492116763554043e-32,0.3985847881681249,0.469936451847311,0.5016100292980401,0.5313793503393505,0.5552514775094585,0.5752680430613767,0.5959346267535293,0.615513955939338,0.6304684360308361,0.6406122969841099
PDMS,100,original,130,10,1.3786228096031433e-32,0.3754761088408962,0.4440023290536662,0.47440166791442523,0.4987443200695322,0.5211666037731675,0.5422276866704974,0.5574048478848131,0.5739875663203413,0.5863375282298803,0.5991712366678421
PDMS,100,original,125,10,1.4005065289243167e-32,0.35789015797224966,0.42339007982116816,0.4528840099037426,0.4755276793534664,0.49432488257304996,0.5094820969478919,0.5220855047628997,0.5350072844611736,0.5459438805918311,0.5606427217526494
PDMS,100,original,120,10,1.4899565535723066e-32,0.3396584100756476,0.3960680869630548,0.423662120471518,0.4415816927535169,0.46102149300872497,0.4797795058471951,0.49188780341098226,0.5034584306500205,0.5130697756625661,0.5223652269300078
PDMS,100,original,115,10,1.4258342357410982e-32,0.3192851587446387,0.3711816923157212,0.3920209399229626,0.4102637974902009,0.42197652853795764,0.4335565236450867,0.44693483373982346,0.4570371554670717,0.4695352564548017,0.4801229184240249
PDMS,100,original,110,10,1.8220590269081195e-32,0.3020882787711834,0.34675134583507916,0.3634347323773676,0.37759711808317975,0.38724894780499886,0.3991649296174481,0.4083687791353,0.42005489132545526,0.4305962353587402,0.4410598333871073
PDMS,100,original,105,10,1.4412279935817656e-32,0.2849103531203937,0.32428046178640124,0.3396971267705043,0.35289607523039124,0.3658689145194014,0.3742134580678874,0.38308087049001116,0.39082022152404683,0.39705196112486907,0.40483229090707606
PDMS,100,original,100,10,1.5510048023472724e-32,0.2659056089860846,0.3011538529013327,0.31608266136912233,0.3263685749876651,0.3339737437496898,0.34353262328636586,0.3509630255225847,0.3575942280568706,0.36350704900794684,0.37107882406950626
PDMS,100,replicate2,305,10,1.913541847030658e-32,1.3066280316509962,1.6666876010333591,1.8366243633008257,1.938191966114133,2.004385114361857,2.050758267468766,2.0850594822707715,2.1127867042612336,2.13400656001399,2.151599991514906
PDMS,100,replicate2,300,10,1.95597550142664e-32,1.2824139261863345,1.6318802809514927,1.7969219052455923,1.8953660306573,1.970402512250324,2.01886415539997,2.051622341469581,2.076145459169158,2.097601287528561,2.10614027256146
PDMS,100,replicate2,295,10,1.768815208498477e-32,1.2482031245921583,1.5762659392717757,1.7355869839575422,1.8312481213974245,1.897903973398326,1.9555900078525634,2.0045226760367685,2.032069808647489,2.056525901188899,2.0717705202339105
PDMS,100,replicate2,290,10,1.833021372558228e-32,1.2122593387338458,1.548574949804539,1.7084165452260245,1.8051452445335865,1.870290571048064,1.9112432570606903,1.9407109327757794,1.9723364219827293,1.9946176118018422,2.019995694349872
PDMS,100,replicate2,285,10,1.9539247075470109e-32,1.195453539022074,1.528439008473888,1.6902408005686245,1.7902078285544736,1.859832683598977,1.9029253131986146,1.9463460927218228,1.9773972669520596,1.994855356846076,2.015332993561611
PDMS,100,replicate2,280,10,1.6498611154126934e-32,1.1556785563886902,1.4799427233004105,1.6274741229951804,1.7195788933207639,1.7941437485590623,1.8423381730285342,1.887140983462254,1.912397357109894,1.9371625958590346,1.9570271980772138
PDMS,100,replicate2,275,10,1.99253757856868e-32,1.1239518500468273,1.4193315945353115,1.5676169634766925,1.6663873055742784,1.7384398315092144,1.7841272792199612,1.8337320898016298,1.8658615856227176,1.8887434252698643,1.8976284644530945
PDMS,100,replicate2,270,10,1.7255436771310535e-32,1.099700793769631,1.3971688213339784,1.539585601067179,1.6228770772311585,1.683174331460242,1.7450311434436756,1.7845049155278478,1.8211982523163435,1.8471524404524327,1.8695832399623733
PDMS,100,replicate2,265,10,1.3508414665556362e-32,1.0671011640617363,1.3633826163759628,1.509493958017247,1.5926530937322885,1.6639300162408834,1.709389584709798,1.7488667677864078,1.7812343353921345,1.8104930592399704,1.830670177792964
PDMS,100,replicate2,260,10,1.5290906466988092e-32,1.030189523582569,1.3094426824050096,1.4494091475778705,1.5480712564408992,1.6176800204897153,1.6646396750684285,1.7080846993147634,1.741294462390116,1.7678620518025017,1.7911545460993197
PDMS,100,replicate2,255,10,1.6246542759340906e-32,1.0051386976887617,1.2775238865447172,1.4168382081225854,1.4995857855062353,1.567304493357486,1.622363318655054,1.6673007069757184,1.6997769083424992,1.7267050232099859,1.7550302893181944
PDMS,100,replicate2,250,10,1.331126920867828e-32,0.980197765500512,1.2398937646564,1.3746470324243898,1.468117389898845,1.5405756663567312,1.5820821914233414,1.6207533138008103,1.6596172182777078,1.691349774505791,1.7199074981698081
PDMS,100,replicate2,245,10,1.6700026476535345e-32,0.9573308387012937,1.2037139663484395,1.334275193098661,1.4257014211240917,1.4940613453023146,1.5423366171101018,1.5860885946575771,1.623175337527568,1.6537540504614778,1.6788750954764609
PDMS,100,replicate2,240,10,1.5425575508964543e-32,0.9233006259196624,1.1675630528230125,1.289892962464418,1.3689116087188207,1.4338137337178964,1.489142121463713,1.533322294621633,1.5730237746410445,1.5977524909491532,1.6241454941770475
PDMS,100,replicate2,235,10,1.4665352144090253e-32,0.8903570564482692,1.1203318548522403,1.250827878203438,1.3336124223536303,1.3953851814945977,1.450453430243853,1.4917431290728127,1.5289455491128128,1.5492120716874507,1.5765949635826386
PDMS,100,replicate2,230,10,1.3310016636747519e-32,0.8681223762660633,1.0894225267371809,1.2111471457713918,1.2927204778748118,1.3551001780126168,1.4073168969009113,1.4505555011965887,1.4841759433809043,1.5120276508709902,1.5394419047607517
PDMS,100,replicate2,225,10,1.329073054089771e-32,0.8386435419755873,1.0583670811606574,1.1760791297658362,1.25340995034496,1.3159486779533187,1.3670422773956656,1.4016261083420198,1.4324560055989355,1.4637483493007721,1.4888127697400684
PDMS,100,replicate2,220,10,1.9167359054541e-32,0.8132022245202826,1.0205437507510675,1.126426014732331,1.2005546214548224,1.2618004649609658,1.3123400674284085,1.358139595515978,1.3936595883458822,1.4208898718884788,1.446351092491417
PDMS,100,replicate2,215,10,2.1360308142031526e-32,0.7829791576346542,0.9788449454926417,1.0886643950106754,1.1616806556477568,1.2212764709538073,1.2687994300084842,1.313646737350749,1.3429501630450422,1.371168126071121,1.3981100452885247
PDMS,100,replicate2,210,10,9.311414873385908e-33,0.7556368795176236,0.9433467599183439,1.0469101463124766,1.118539632572608,1.177556784362608,1.22595102058964,1.2659405945217324,1.3050221487780422,1.331161987956008,1.3538472032940727
PDMS,100,replicate2,205,10,1.0596477583529002e-32,0.7328496463911388,0.9110697964891701,1.0092053821984674,1.0799231846919262,1.1332842817066135,1.1855034711263825,1.2253766988183947,1.2565084013884653,1.2852847837277588,1.3100909610270528
PDMS,100,replicate2,200,10,1.6870645503552627e-32,0.700979203797178,0.8793747588418585,0.9708203553076388,1.0320136379622034,1.0868304609418726,1.1327252622713377,1.1736066571579105,1.2078916080232704,1.237341645072569,1.2685102455123651
PDMS,100,replicate2,195,10,1.0233184898489254e-32,0.6798366167003784,0.848105137715143,0.9396179407919034,1.0003419913925693,1.0516260084886313,1.0974316359354206,1.1405411855250864,1.1732729749773285,1.201987151719433,1.2285131609970545
PDMS,100,replicate2,190,10,1.9929578340108698e-32,0.6513520159138537,0.8089120377326223,0.8957180403260402,0.9532286029762608,1.0074036177135899,1.0490378909112688,1.0878976107184282,1.1173477995137397,1.1413528189191584,1.1689192846097243
PDMS,100,replicate2,185,10,1.3947827434519253e-32,0.6273586515951592,0.7762732058655155,0.8524204028214752,0.9075957818217247,0.9594843641917106,0.9988502562528929,1.0355561513294318,1.0677764520914759,1.0935168514893228,1.118114077112229
PDMS,100,replicate2,180,10,1.095822503964482e-32,0.5996902798044409,0.7441304362813747,0.8236351764229546,0.8776436291013765,0.9199334564800454,0.9579450480257234,0.9941416746972488,1.0220793996961786,1.0479032352742128,1.0669970349095488
PDMS,100,replicate2,175,10,1.844015325163599e-32,0.5793128304419838,0.7063043307622985,0.7763003468799944,0.8289690978097688,0.8792919433348813,0.9184060211365008,0.9504802632471776,0.973505295110375,0.9950803808514401,1.0198525215160819
PDMS,100,replicate2,170,10,1.6220642615445488e-32,0.5530015216051901,0.6775931320615831,0.7358631720711407,0.7820394709551859,0.825783276880868,0.8628286243835486,0.8984529396227595,0.9233051032298544,0.9471401190041305,0.9688124198577851
PDMS,100,replicate2,165,10,1.385007414566109e-32,0.5276525129511009,0.6365945290718542,0.6967068006371369,0.7429386175717579,0.7825790284212293,0.8126935367716903,0.841883121659244,0.8708667362224276,0.8922693433981289,0.9145219221596534
PDMS,100,replicate2,160,10,1.6235556415817356e-32,0.5065722984792969,0.6176386964555703,0.6718144203359546,0.7143211774181353,0.7475789794845521,0.7796590055169046,0.8078793917723843,0.8316663935073751,0.8533502807944199,0.8705573798125578
PDMS,100,replicate2,155,10,1.5681170420518254e-32,0.4815292294867688,0.5788108726531762,0.6360491305737436,0.6764644818687665,0.7103311201475726,0.7368071132289717,0.7639262844700582,0.7874067548405842,0.807064911842542,0.8267209370997193
PDMS,100,replicate2,150,10,1.0221291318286883e-32,0.4607356910436856,0.5500537504326608,0.5962376671165001,0.6330752184837675,0.6683940894797902,0.6981263498635203,0.7218664878904437,0.7381262183446591,0.7582100560049427,0.7768485379749996
PDMS,100,replicate2,145,10,1.309075801746562e-32,0.4394855324568437,0.5260305900819073,0.566584916296297,0.598997545200228,0.6280389330084535,0.6531455803969545,0.6736628423654378,0.6930090828231917,0.7128803310968137,0.7299450484893028
PDMS,100,replicate2,140,10,1.534878231395711e-32,0.4177647677083206,0.49634545535892827,0.533465256870603,0.562732936291212,0.5894136858750163,0.6125021304269562,0.6334239866177546,0.6516508034636875,0.6684749785924633,0.6827179017286154
PDMS,100,replicate2,135,10,1.3203723616828694e-32,0.3947305923171752,0.4660195290752548,0.49981599159631696,0.5272729804741833,0.5523539977777105,0.5780334003028901,0.5987938759984617,0.6143860523341319,0.6266197031058401,0.6393978457326344
PDMS,100,replicate2,130,10,1.457422460955742e-32,0.3765444174020437,0.44374263231497046,0.47580977186666606,0.4991087605680411,0.5215216354012304,0.5443900620814226,0.5613521335725207,0.5750670037683163,0.5864612561910387,0.597165574253683
PDMS,100,replicate2,125,10,1.3144185478138473e-32,0.35542381144284624,0.42051789545396223,0.45231944358382015,0.4715857559209378,0.4883314147261658,0.5066989170275031,0.521410598794086,0.5348883746372395,0.5502048489012388,0.5620072390529062
PDMS,100,replicate2,120,10,1.6605287554706813e-32,0.338646761952013,0.3935829771485907,0.4165764348186694,0.43546761286056856,0.4492761609561183,0.4615025764762114,0.4752488698670362,0.4861248723578133,0.49973636983455183,0.5140589221219978
PDMS,100,replicate2,115,10,1.0641218984644616e-32,0.31881709329825064,0.3707056555577156,0.39171434826595664,0.40831394215262096,0.42434842856251825,0.4398207158655495,0.4520742346678587,0.4633087246850942,0.4738494754796735,0.4827727006433939
PDMS,100,replicate2,110,10,1.894441295714518e-32,0.3021865588408582,0.34769386287079795,0.36756687726939974,0.3866089249201471,0.39750380573900845,0.4098781451407721,0.4193272963749595,0.42483855147448296,0.4336890966768915,0.4434537969896127
PDMS,100,replicate2,105,10,1.7491968006329247e-32,0.2837120209038751,0.32520351510489276,0.3432973097184701,0.35753783749633633,0.3678204670763108,0.3775288094994792,0.38669052240278146,0.3956997229783726,0.40233121798397614,0.40879223856392316
PDMS,100,replicate2,100,10,1.7429315997231716e-32,0.2663330215798966,0.3024258792405685,0.3174543514606582,0.32747919503845047,0.33702407065380974,0.34812085886998145,0.35937175510575115,0.3653425933640568,0.36872685979881514,0.3742097712151534
PDMS,100,replicate3,305,10,1.9583517298826722e-32,1.3041589720008235,1.6526414360969657,1.8229984599862405,1.913534353939233,1.9721313545026962,2.0159590541412333,2.0619479867410067,2.102849082687528,2.12564924588495,2.1407039977634446
PDMS,100,replicate3,300,10,1.5193359501310107e-32,1.2815170613176885,1.6296473311263988,1.7877207467589304,1.8902242606138304,1.953164241181489,2.003253868640211,2.039787882725965,2.0611679184801597,2.083210080727925,2.102599062839895
PDMS,100,replicate3,295,10,1.698074891752251e-32,1.2501040697982135,1.5789488108312848,1.7411948990300279,1.8453699083569108,1.9028435571247573,1.954546245308458,1.9840620777215612,2.016642205147204,2.0410479656085565,2.0659934422377844
PDMS,100,replicate3,290,10,1.3272322416027407e-32,1.2118949429677304,1.5342240945754233,1.6965635408555937,1.7941388000594345,1.8626021430703656,1.9140362088178642,1.9437478241378812,1.9659209469015433,1.9873618059029554,2.0054665211162446
PDMS,100,replicate3,285,10,2.0932967474036834e-32,1.1883076210628263,1.506796576197827,1.6480343301681226,1.752088516880929,1.8236275082386146,1.8772399552148318,1.917748089535714,1.9495487843579375,1.9723116757791934,1.9923386860891927
PDMS,100,replicate3,280,10,1.1231108663069961e-32,1.1555983561746221,1.464368765901487,1.6169204517043276,1.7140622587004757,1.7885461392066706,1.8382930210633102,1.8804180355282096,1.9147123104111483,1.938821185006717,1.9593703761423427
PDMS,100,replicate3,275,10,1.8962526961737344e-32,1.135382543695173,1.4378378511401242,1.5914517626205513,1.6857305978104684,1.7545281943603908,1.8112581122627116,1.8584096135625192,1.896637681737836,1.926242717588967,1.9520827669665155
PDMS,100,replicate3,270,10,1.5502620388986103e-32,1.1019111298472268,1.3944707397996434,1.5589144739871044,1.6595143021919818,1.7183834542535141,1.7743207265039964,1.820311866644958,1.849027056034776,1.8693901378964437,1.8901619058663648
PDMS,100,replicate3,265,10,2.2355347771944555e-32,1.070121833672951,1.3542108244044686,1.505189222489859,1.5967472444740585,1.6625048052322355,1.7194575804373315,1.7555148732842618,1.7888773259296222,1.824461928259328,1.8419008931581544
PDMS,100,replicate3,260,10,1.2278927518415982e-32,1.0421192105475914,1.327068710851512,1.4655868424818217,1.5544881772059402,1.6235749134500992,1.6659639348443052,1.7038204560889123,1.7421503358203556,1.7692212409780173,1.7870168162744977
PDMS,100,replicate3,255,10,1.0812376500529324e-32,1.0103479452157191,1.283523421998434,1.4254357334957555,1.5165708101092432,1.5841659393973702,1.6461519003168885,1.6818618730194128,1.71160927418448,1.7472926473661512,1.776041286868105
PDMS,100,replicate3,250,10,1.9844836581166808e-32,0.9816395028984124,1.2479632352215122,1.3775956632663493,1.4635061482023044,1.5326934473572154,1.5853967661600805,1.6192752538722979,1.6554451418192664,1.6890200595131355,1.7155893232915596
PDMS,100,replicate3,245,10,1.8926508202303124e-32,0.9531819083370447,1.2078487154133248,1.3389735296357852,1.423592396022463,1.4887612818354345,1.5434185174467818,1.588542771303946,1.62540720690527,1.6609997842311581,1.6827982321531063
PDMS,100,replicate3,240,10,1.6013617058478034e-32,0.9299857240205597,1.1810963278481086,1.3160443093051706,1.4011017225175342,1.464352717236069,1.511265855313167,1.5529536158464705,1.5956267002381899,1.624653222380196,1.646893064420708
PDMS,100,replicate3,235,10,1.8584755071960584e-32,0.8958672457247328,1.1286072287959499,1.255193454148891,1.3431936999784324,1.4070535869302527,1.4475608893502845,1.4932954119979596,1.5284638332342255,1.557801548108307,1.5795517078480554
PDMS,100,replicate3,230,10,1.667616322531238e-32,0.8659309815759771,1.0898112933255313,1.2119056452745585,1.295808063132557,1.360855853439575,1.4064630819483221,1.4510899129947652,1.487835048768172,1.5238111164624708,1.5471547720452938
PDMS,100,replicate3,225,10,2.044332013219655e-32,0.8394186339086058,1.053295026673134,1.163601876857545,1.2463373614438416,1.3097726857237721,1.3588129708311003,1.4024350668007226,1.4339357369545662,1.4667308671004846,1.487632754743687
PDMS,100,replicate3,220,10,1.708480018487367e-32,0.8115880166454394,1.0213787447688012,1.129276432638393,1.208704677166018,1.2763590138400307,1.3310145792973491,1.3714573557401184,1.4023582510020134,1.431327682170609,1.458856628966772
PDMS,100,replicate3,215,10,1.7572507210849238e-32,0.7802243362624808,0.9708792356061562,1.0768188466428819,1.1505949573925753,1.211292424650306,1.2601690126682894,1.3004206693793683,1.3368154742525424,1.3652528683612528,1.3894349754563304
PDMS,100,replicate3,210,10,1.8866255980549576e-32,0.7532707669211296,0.9523699972916365,1.055276718603721,1.1249180426001875,1.1795416032855912,1.226310196251693,1.270951828015413,1.3039150793607033,1.3302944223497333,1.3532441156808421
PDMS,100,replicate3,205,10,1.8050012214042959e-32,0.7293579509341456,0.9094981320398352,1.0144805516515143,1.0813638503007796,1.1352136363601901,1.1805886489691972,1.2226858457796692,1.2585025488358799,1.2824976076672938,1.3063654895559569
PDMS,100,replicate3,200,10,1.411304986658251e-32,0.705697159659872,0.8812426878982157,0.9722372939419927,1.0364001388635729,1.0821344159926904,1.125916516329443,1.1654837543984669,1.2055635833359326,1.2364796043401118,1.268712906587543
PDMS,100,replicate3,195,10,1.865736327196571e-32,0.6763514413473708,0.8444821453242192,0.9322204279595668,0.9955911473923708,1.0537172374540604,1.0974680323920314,1.133805757230818,1.1634286587705287,1.1919581201182643,1.214060319522133
PDMS,100,replicate3,190,10,1.7599203381766076e-32,0.6526909019888892,0.8124766460264867,0.8971822682489833,0.9553889667541796,1.0026686444665045,1.0448778866809136,1.0872188189185592,1.1213536055127817,1.1440850410814574,1.169258276843666
PDMS,100,replicate3,185,10,1.525682363356368e-32,0.6243136672947885,0.7753007783789603,0.8554069237270856,0.911309677219918,0.9576099722495071,1.0013941539546318,1.0356764523031987,1.0633666471505157,1.0937299150836122,1.1169697980860955
PDMS,100,replicate3,180,10,1.349488220619225e-32,0.6042482804553538,0.7380145631689421,0.8118016804043785,0.8702214163899411,0.9170011418011278,0.9569017532812918,0.9905044506419785,1.0190185822595128,1.0464520040951841,1.074289793179845
PDMS,100,replicate3,175,10,2.0969224748920487e-32,0.5745825940374287,0.7064459677326754,0.7753569504871306,0.8264196219315634,0.8663716962131451,0.9027333263621202,0.9279673450484932,0.9531613033372217,0.9855594985205631,1.0063534840715165
PDMS,100,replicate3,170,10,1.5340845456302375e-32,0.5548104995156699,0.6763433543002795,0.7372204981288959,0.786272488802253,0.8298788268308849,0.8679340290060216,0.8989720666964454,0.9286048938347861,0.9476580728800827,0.9730504447545085
PDMS,100,replicate3,165,10,1.4191265374576744e-32,0.5269022955323593,0.6416088934346238,0.6987364766851613,0.749154029541574,0.7898442891524234,0.8195205168189977,0.8456338406981911,0.8706763359752918,0.8917389423031619,0.914686114813127
PDMS,100,replicate3,160,10,1.5696669534876465e-32,0.5085857565868339,0.6128621235370257,0.6673291202135488,0.7133116958421113,0.7478314263445387,0.7747993383297404,0.8030817713390899,0.8292348554397833,0.8488428299906394,0.8717853426577673
PDMS,100,replicate3,155,10,1.5854118997201157e-32,0.48183123388995347,0.5800300876842245,0.632378562667619,0.6689231226404917,0.7039444003430056,0.7330377495560887,0.7587206761901798,0.7792516715983334,0.8011924871868261,0.8198518062833717
PDMS,100,replicate3,150,10,1.3292691342751938e-32,0.4612177862410782,0.5535721573252537,0.6030992419168826,0.642728788074711,0.6714305608404934,0.6987518498165611,0.7208130956727741,0.7431393010636062,0.7631635431274705,0.7836567055877266
PDMS,100,replicate3,145,10,1.3228049266100866e-32,0.4412351455619946,0.5242362240604346,0.5744081716787405,0.6103103631585189,0.637911852180355,0.6582512576830354,0.6818984007577064,0.6994643737960513,0.7181510783889256,0.7374943950138464
PDMS,100,replicate3,140,10,1.674257880334206e-32,0.4144821462269269,0.4945072799161231,0.5292135360495795,0.5578161565433875,0.58509478769017,0.6114943454881303,0.6321836075298665,0.6485280326265882,0.6657652463446977,0.6815359740217544
PDMS,100,replicate3,135,10,1.5827967168291616e-32,0.39408147193606574,0.46799123798066555,0.5034494967950642,0.5315933849468104,0.5508398604459065,0.568103564817621,0.5838403353332593,0.6001667182630608,0.6177454078461297,0.6324422213386184
PDMS,100,replicate3,130,10,1.6029502480067223e-32,0.37545315305882954,0.4398822208596271,0.4737819497193966,0.4987748662093304,0.5178429946669278,0.5319478561019068,0.5486559172742391,0.5644090841716862,0.5836541597265177,0.5964300338496458
PDMS,100,replicate3,125,10,1.5914406337793884e-32,0.35627154610454503,0.4163507985640108,0.44621086137465243,0.4637088064678724,0.479980336155856,0.4962945070471525,0.5120624054466603,0.5246868764276564,0.5386396832226977,0.5525321338606083
PDMS,100,replicate3,120,10,1.8667582854167153e-32,0.3368053623568321,0.390224938172124,0.4150485791677231,0.43626891533972856,0.45424637032113874,0.467778241518711,0.47948588468502695,0.49340609114620204,0.503051028382638,0.5134044804326867
PDMS,100,replicate3,115,10,1.4091738584339974e-32,0.3213543493050459,0.3712227348689678,0.3919139094594869,0.4086023463957595,0.42261238813840346,0.4378897094047077,0.45086957547774703,0.459467980169152,0.4709825611879658,0.4803578263285925
PDMS,100,replicate3,110,10,1.4708308337547537e-32,0.29938169581597307,0.3443479111773132,0.36541425960158497,0.3757167549380195,0.3884848212051636,0.3990069481228015,0.40822791116801493,0.42007789443559285,0.4303974726979293,0.43595674065949963
PDMS,100,replicate3,105,10,1.665035673165477e-32,0.2822301052216526,0.3221714981465835,0.3385874692661146,0.3503680030835323,0.36095115020579893,0.3699295869170114,0.3791140472014134,0.38574712615074375,0.3933733287065768,0.4022141847433057
PDMS,100,replicate3,100,10,8.958815874876541e-33,0.2652496781114856,0.3004140810454975,0.31693213365476597,0.32639238212924304,0.3351327009952415,0.3440103060548937,0.35120747846805217,0.35920098301064896,0.3638293404003698,0.3696035300953154
PMTFPS,10,original,305,10,3.852928003313495e-33,1.0789243250694902,1.404358986242677,1.5656134088737221,1.6604360136424074,1.7559915076628585,1.8271733057857955,1.886048468175155,1.9401880096811677,1.9943469847360817,2.0309270483040827
PMTFPS,10,original,300,10,5.419135448888602e-33,1.0476090319870683,1.359372132343398,1.5235049214376475,1.6400744724402903,1.72942619229172,1.7764111737711197,1.8457178236900926,1.8916559002613744,1.9447832803433236,1.9865940307569694
PMTFPS,10,original,295,10,3.51199665880709e-33,1.025070372317102,1.327086597916639,1.4822529521625643,1.581588561960794,1.6621864357100624,1.732435185131454,1.7982561326324276,1.8522915403236602,1.903465861346454,1.9396027867679055
PMTFPS,10,original,290,10,3.784857108809678e-33,0.9920297871735665,1.2859629642426846,1.434866630853716,1.5343592892806233,1.6239465618821434,1.6901888440359385,1.7446936909458763,1.8049491305831964,1.8506279185846406,1.8943857835180484
PMTFPS,10,original,285,10,4.473642261670333e-33,0.9731254049044242,1.243391472806403,1.3898121237989982,1.50042460598195,1.5852520989925785,1.6492911089355515,1.6886878199355397,1.7358429277996303,1.7844250960716572,1.8311808531981963
PMTFPS,10,original,280,20,3.995415384181654e-33,0.9464410523763187,1.2224055138833916,1.359278232982761,1.4583332152486865,1.5412503515772042,1.6027480175228905,1.666314056004706,1.703369923903534,1.7498894604902528,1.7942475419625006
PMTFPS,10,original,275,10,6.373858587904e-33,0.9155755356476611,1.1691503772448677,1.3077838789917506,1.4147349926224149,1.5061955146916515,1.5735909052224522,1.61668340655272,1.6493253036285136,1.7072417603954064,1.742291588985576
PMTFPS,10,original,270,10,4.060601918748868e-33,0.9114138895973272,1.1756547020298107,1.3025983724938668,1.4018836653752536,1.4738436356451055,1.5174537791004385,1.5696225790011473,1.6301703985331968,1.6540197776066634,1.6925102745359897
PMTFPS,10,original,265,10,5.5893126851481434e-33,0.8732061741323374,1.1193083713206087,1.2369018129422138,1.3132112035621335,1.3938987268231247,1.4728870729786434,1.5225149573441858,1.582219535818547,1.6142796493339628,1.645910896487901
PMTFPS,10,original,260,10,4.673816841270539e-33,0.8511385005653036,1.0948996006058072,1.2059284421757646,1.2862323265231133,1.3509310871790388,1.417304903094172,1.458643564695262,1.4963171275933818,1.5503157469359352,1.5851652725238323
PMTFPS,10,original,255,10,4.61324528260189e-33,0.8273096069907627,1.0455509881338634,1.1471725359869365,1.2291753191249175,1.3050406787783122,1.364149558064651,1.4198854350187602,1.4569579794343723,1.4940554538712196,1.534178387521206
PMTFPS,10,original,250,10,4.822072942011904e-33,0.8017149349217014,1.0033945530087918,1.0883711248906285,1.1762022016627736,1.234123978309053,1.279052501967192,1.329204499177843,1.383641783518121,1.4430140453610347,1.4902014891846938
PMTFPS,10,original,245,10,5.168196134404192e-33,0.7790886998290283,0.9803397176883604,1.085284262850712,1.1604082851159143,1.2153951493747674,1.272872825003322,1.3154735701985882,1.3476187215715936,1.394949275927122,1.4397653839403344
PMTFPS,10,original,240,10,5.948127061261483e-33,0.7459123835162658,0.936537319154197,1.0314669252940396,1.1030466852096115,1.1524590917882254,1.209290409754471,1.2485016035578456,1.2956866256136625,1.3392914853353963,1.3762524661378506
PMTFPS,10,original,235,10,4.6178602585004525e-33,0.7437611667546069,0.9304527206997149,1.0273959669821,1.091225208297145,1.1530523633841476,1.1973938342037653,1.2358884633428533,1.2790070539039857,1.3319895871886467,1.353936716104735
PMTFPS,10,original,230,10,4.2492390586026654e-33,0.7114166381027947,0.8882093849762132,0.9730554616859932,1.0334541183078065,1.0845537365338662,1.122925441737848,1.161929718974403,1.2000467828906296,1.2447219593109404,1.2799514682318838
PMTFPS,10,original,225,10,4.827264789897788e-33,0.6899728476436982,0.8419657557760788,0.9293518833788795,0.9888955530068214,1.0441178968845433,1.0889236295896136,1.1310028474605365,1.171372110712494,1.210109023186549,1.2481146885408418
PMTFPS,10,original,220,10,5.048783633028853e-33,0.6684985751756057,0.8254949743345543,0.8923199206753585,0.9408593803459911,1.0080336686204436,1.05898541449802,1.094943750444965,1.140689612066879,1.1692003906966424,1.185219450698905
PMTFPS,10,original,215,10,3.7513985335450906e-33,0.6340984783208962,0.7815613993840089,0.8543340499295828,0.9154224582808312,0.9410987767605038,0.9749394786980371,1.0100266171074916,1.0507198854040511,1.0795345129271556,1.1032430318654742
PMTFPS,10,original,210,10,4.144248356910337e-33,0.6197583938948213,0.7669616076265691,0.8333885369207289,0.8868907127869743,0.9263752778641272,0.96936986816195,1.0170058934046529,1.0387928449231927,1.0705292914415252,1.0986314436775813
PMTFPS,10,original,205,10,6.811127554292923e-33,0.5951055237651003,0.7238196103027625,0.7901767039776171,0.8384102134189068,0.8748047701146042,0.9216588851524458,0.9503470088145589,0.9894038485147731,1.0153483498722338,1.044519584795127
PMTFPS,10,original,200,10,5.711609546460086e-33,0.5782781326748425,0.6944997951336467,0.7539089067405615,0.793552878736105,0.8308484274299557,0.8782039456650985,0.9126463048038881,0.9379741458339221,0.9605470707666577,0.9923962573357288
PMTFPS,10,original,195,10,6.38943413156165e-33,0.5560026595700613,0.6761118990866826,0.7309788456087183,0.7806032486977857,0.8142617176417687,0.848127022985907,0.8822243934986542,0.9132698694838177,0.9375838930940716,0.9622287948362518
PMTFPS,10,original,190,10,5.8339064077720286e-33,0.5437407301393511,0.6445512810623985,0.6872809099708462,0.735945065888316,0.7697536903879756,0.7969328970817982,0.8197025051395048,0.8474422796490464,0.8745435747970538,0.9000892110904793
PMTFPS,10,original,185,10,4.184629396022771e-33,0.5166168841826095,0.6181738956707268,0.6694619692915166,0.7082997569228453,0.726198675635976,0.7558389008235562,0.7824304825501887,0.817593793330375,0.842718429468483,0.8686072729440653
PMTFPS,10,original,180,10,5.569699037579247e-33,0.49665499567804067,0.5875612900953828,0.6317140959009218,0.6620702824370069,0.6923063066592806,0.7196347845704875,0.7513725556059508,0.7781665410558058,0.803908569315458,0.8272662611628245
PMTFPS,10,original,175,10,5.181464190112563e-33,0.47561432309973,0.5608794354628694,0.6072070497182681,0.6320367835657235,0.6611568907433674,0.6876643832336266,0.7084293796811049,0.7313689657142006,0.7612808575225226,0.785190130627779
PMTFPS,10,original,170,10,6.275790350059515e-33,0.45244196311702717,0.5337839243733102,0.565726877685188,0.5936010127220465,0.6116987152762342,0.6390138844911479,0.6722264224277847,0.6881527964269158,0.7120699966946258,0.7335926098003199
PMTFPS,10,original,165,10,4.4286462466593344e-33,0.42796708804328015,0.5097325531294555,0.5403034183589992,0.5664087747462648,0.581691980803743,0.601624895628799,0.6272697038930638,0.6461301971122844,0.6692939592710403,0.6872969056725904
PMTFPS,10,original,160,10,5.044745529117609e-33,0.42246893959547177,0.48581596879947053,0.5160606152334319,0.542590524431069,0.5581378742520726,0.5765658783096299,0.5941704988239687,0.6160283898308592,0.6388505709350873,0.6558219409646889
PMTFPS,10,original,155,10,4.0571406868249456e-33,0.39609422703105396,0.44599475487727547,0.4748148324734444,0.5041165232792311,0.5185829667687429,0.5325264374511423,0.5505195170319233,0.572372168303741,0.5861768277582731,0.5948139687806115
PMTFPS,10,original,150,10,6.466734977862596e-33,0.37431590909204554,0.42595153574741457,0.4494234119426676,0.47271095509739275,0.4945891555914218,0.5025994054138143,0.5163217521931367,0.5332536367995596,0.5429493242005033,0.5592177894579327
PMTFPS,10,original,145,10,5.711609546460085e-33,0.3542824432135089,0.40056804585004746,0.41806172046569134,0.4340277050724299,0.44748800972030434,0.46141134140746437,0.4772016269417788,0.48993112546172923,0.5064453028840609,0.5234863710792387
PMTFPS,10,original,140,10,3.561030777729332e-33,0.3441746140632701,0.39040271039888097,0.41509250633563155,0.4322251536314184,0.44236449017082524,0.45120218237578646,0.45775334982772337,0.47857771204532035,0.49736899753167735,0.517237495662519
PMTFPS,10,original,135,10,4.898796916325528e-33,0.3285880793132968,0.3704099339393356,0.3775452917427818,0.39225455596927367,0.40458943011932125,0.41969770821982894,0.42924922763690593,0.4366820113082043,0.45514060192244593,0.47135504804845463
PMTFPS,10,original,130,10,5.4768226476206495e-33,0.3065409520178072,0.3412281284363681,0.35508177383506256,0.3610017480846144,0.37315630171380604,0.38305282653148387,0.3893868935805379,0.40504678209391953,0.41475806523692693,0.42631691868010985
PMTFPS,10,original,125,10,4.4032638792172336e-33,0.2987024267944167,0.3293246226678813,0.3393419380731174,0.3443777620153052,0.3498041069232912,0.36512978838930654,0.3769965955112473,0.38955616432779705,0.3991666451453957,0.4039911739454866
PMTFPS,10,original,120,10,6.0306197554483125e-33,0.27917006949947165,0.3041638593357415,0.31273369896433917,0.32514838831313186,0.3322123888492544,0.3360480694340951,0.34978366236852876,0.35938396875070155,0.3743847796273969,0.37974690371063763
PMTFPS,10,original,115,10,3.6879426149398374e-33,0.2690288858250346,0.29116735100240676,0.3039490920121543,0.3071438416504151,0.3113681850457002,0.31928193256415294,0.3282507976399169,0.33962869111138083,0.3534198737689024,0.35800501975106425
PMTFPS,10,original,110,10,3.7900489566955625e-33,0.25266611802635475,0.2706737823118318,0.27873286505671957,0.2853128550011263,0.2876414430392978,0.2956142471236397,0.30487913605647166,0.3145290010657036,0.3226746830985471,0.3306479223635188
PMTFPS,10,original,105,10,5.183771678061845e-33,0.23697993166365197,0.25184816774806135,0.25571145870752754,0.26581637834842015,0.27099712513734336,0.2778746711682639,0.28298324478886927,0.292913787934561,0.29788850663499156,0.30431452094111267
PMTFPS,10,original,100,10,7.019378341715617e-33,0.22398627731177875,0.23537144017239062,0.23520822877092046,0.2380440097357209,0.2459317568250992,0.25133757664651946,0.2538200642913152,0.26356955590359843,0.2649051387396713,0.2700148384956233
PMTFPS,10,replicate2,305,10,5.488360087367059e-33,1.0649109184549954,1.417838092133237,1.5852440695343324,1.7089494606021962,1.806126150280922,1.8754572956537032,1.9259271029566924,1.9992516710776322,2.0640594766815825,2.099774421581521
PMTFPS,10,replicate2,300,10,4.670932481333937e-33,1.0365344987298326,1.3477603543258512,1.5050652069354933,1.6200406795379227,1.7061361087596705,1.7747951835222875,1.8381734114319617,1.8980747117364243,1.9486137035089257,2.0080763318935246
PMTFPS,10,replicate2,295,10,5.593927661046708e-33,1.0214845139178184,1.3256895922946166,1.4841645991663814,1.6163882346123473,1.6947702417633999,1.7590332389973071,1.8116825283749478,1.8650396611476812,1.9091325852966439,1.9517010462721451
PMTFPS,10,replicate2,290,10,2.7614862033031443e-33,0.9842399789855744,1.2723437821568524,1.42273105878281,1.5164434263053859,1.6053535663354588,1.6704438252935667,1.7398412831097947,1.7632346833805594,1.8118576435486098,1.8519940090651672
PMTFPS,10,replicate2,285,10,3.472192491681977e-33,0.9786227972074084,1.2589596323187247,1.395385019982255,1.4929313928661525,1.5674961046904523,1.6558935584230867,1.7212038534288179,1.766194538436245,1.8080289656356663,1.8482385142923927
PMTFPS,10,replicate2,280,10,4.760347639368612e-33,0.9560930051479056,1.2182879274065477,1.3460908571364827,1.4546631357733095,1.540659308736074,1.6297315433244486,1.6823840249681319,1.739752850518283,1.7780944972043677,1.8138007820217354
PMTFPS,10,replicate2,275,10,4.836494741694916e-33,0.9275680390822831,1.1867529548221971,1.3145465032628372,1.4148519936672506,1.4801505563491408,1.542905278649498,1.5970935557774104,1.6316792867612748,1.6941727879456394,1.731459164589758
PMTFPS,10,replicate2,270,10,3.550070209970241e-33,0.8984179057030044,1.1449423316924991,1.2690367107955178,1.3690788656159456,1.4497821248491765,1.5177541861573798,1.5690257522989837,1.5996012445942438,1.6335484783212202,1.6783797808524437
PMTFPS,10,replicate2,265,10,5.588158941173502e-33,0.8623722966915208,1.1005780682729014,1.2281090872920195,1.3149625172144872,1.378898953023065,1.4362339564838427,1.5044434063574432,1.5409587529799886,1.574627104174583,1.623474070173683
PMTFPS,10,replicate2,260,10,4.156939540631389e-33,0.8513351955812485,1.085368982393893,1.2087572928661277,1.295862814731656,1.3575864317830397,1.408543186001188,1.4648536525518687,1.5129831571946004,1.5541791239483898,1.5841840759176777
PMTFPS,10,replicate2,255,10,4.8457246934920426e-33,0.823976325554326,1.0605137669972353,1.1757014578851424,1.2477918491822138,1.3019540720737268,1.3605671958749215,1.4125248939411967,1.4505669158077283,1.5024094531821846,1.5338517352434438
PMTFPS,10,replicate2,250,10,5.935435877540432e-33,0.8010386119398056,1.0144442236617797,1.121981993377514,1.194618512291066,1.2637272820648182,1.2976706973092007,1.345531436583014,1.3865645569994318,1.4209866830618643,1.4851779865694539
PMTFPS,10,replicate2,245,10,4.582671067273903e-33,0.7718610017078847,0.9907106533818382,1.077947484508702,1.1504999568479417,1.2152238818223218,1.2752693900792118,1.3228643212763656,1.3526968710576102,1.4037293177093395,1.4400332658793655
PMTFPS,10,replicate2,240,10,3.574298833437702e-33,0.7546775243383125,0.9481156193002184,1.0521534023623755,1.1172819197223682,1.1788016936729775,1.229749365997883,1.2677165526706158,1.3147078797464258,1.3536901397526153,1.40181887206701
PMTFPS,10,replicate2,235,10,3.389122925507828e-33,0.725639676285747,0.9103451655484079,1.0062398239562667,1.0670922351179346,1.1263778325621463,1.1777479107727555,1.2091571878011265,1.2521875406964587,1.2847074680195183,1.3160782859478715
PMTFPS,10,replicate2,230,10,4.194436219807219e-33,0.6967949245861432,0.8614334200455133,0.9465258786411177,1.0210190942612443,1.075476222579283,1.109177177779939,1.1520337972110444,1.1896594105580216,1.216060333602769,1.2467172748281339
PMTFPS,10,replicate2,225,10,4.275198298032087e-33,0.6798644017603748,0.8449162792660113,0.9257997688539541,0.9874482684991241,1.0487195323720038,1.0795044769948823,1.1111465137530625,1.157473127030399,1.195192521243445,1.2334493876485688
PMTFPS,10,replicate2,220,10,4.293081329639022e-33,0.6559435363642792,0.8055147374915345,0.8868317852056201,0.9351173137254147,0.9850055563064577,1.0364147553938217,1.0730662725420033,1.1092621275644654,1.1431636786901553,1.177050618761956
PMTFPS,10,replicate2,215,10,4.677278073194463e-33,0.6396390894182599,0.7843396299236995,0.8538573927941439,0.9009337861909946,0.9472793647686242,0.9930720265165339,1.0338176385182103,1.0769255755114486,1.1137063348150391,1.1401070895173344
PMTFPS,10,replicate2,210,10,5.146274998886014e-33,0.6221328697956598,0.752481622806503,0.8319700190869337,0.8809259558083795,0.9142478847403013,0.9633999422490118,0.985535660717416,1.0195398159541191,1.0567011643752735,1.0904100605520906
PMTFPS,10,replicate2,205,10,3.784280236822358e-33,0.6053672943007892,0.7370302434296343,0.8006197795010097,0.8586172084319822,0.9067343839113524,0.9364600611409003,0.9599688270241055,0.9986640089441498,1.0260922837352973,1.0547973244322932
PMTFPS,10,replicate2,200,10,4.464989181860525e-33,0.5700681007198591,0.6913926482696697,0.7497366002039787,0.7992446766923833,0.833545908540065,0.8729329256886584,0.8967623010488172,0.9256142842450743,0.9546537832355604,0.9810334234881155
PMTFPS,10,replicate2,195,10,4.109636037671109e-33,0.5527964640796437,0.671604410375157,0.7139749627663529,0.7625243938831098,0.8021866036113467,0.8341038014882836,0.8633462351299579,0.8877281109779108,0.9112186741536448,0.9370795115279875
PMTFPS,10,replicate2,190,10,3.892732170438609e-33,0.5324702475046549,0.6413730683246379,0.6846427261989965,0.7358567921187615,0.7667658461108898,0.7892779549525504,0.8201535372746209,0.8425108030350643,0.8622716720587249,0.8964814957013694
PMTFPS,10,replicate2,185,10,5.528164254492172e-33,0.5067354096506381,0.6031290913899126,0.6575817123056579,0.6940814481020756,0.7212929512893399,0.7490305489958221,0.7646891824948442,0.7951589800517638,0.817027608434261,0.8456282688478923
PMTFPS,10,replicate2,180,10,3.09203385203778e-33,0.4919255257864932,0.584320379147357,0.6301438145452175,0.6590213475685184,0.7001906634125457,0.7236566264913274,0.7522112922384018,0.7758884453390085,0.7973355294660045,0.8170971743987827
PMTFPS,10,replicate2,175,10,3.2650954482339245e-33,0.46366696817611447,0.556269003066675,0.5904256573842124,0.6131143639709247,0.6438348290130689,0.6700877331600178,0.6932923700595761,0.7106840356807136,0.7332703047399824,0.7560730223826633
PMTFPS,10,replicate2,170,10,4.2030892996170264e-33,0.4526033163757675,0.5264739230402975,0.5663088156031014,0.586370885130002,0.6149234669596222,0.6465368049430023,0.6662622003981609,0.6904855154969887,0.7175613376496996,0.739404090674897
PMTFPS,10,replicate2,165,10,6.196758887796611e-33,0.4368525280029993,0.5045663773365019,0.5340907452845518,0.5578862568818568,0.584157362217844,0.6017429732635938,0.6214123363699853,0.6420478941997592,0.6606353480327899,0.6858844795261783
PMTFPS,10,replicate2,160,10,4.243470338729461e-33,0.40857506602602234,0.46768405917738753,0.49824906731459445,0.513755698213971,0.5412105250389206,0.5676070802392632,0.5792060789899919,0.5878577225474269,0.6050407283801904,0.6256027641276131
PMTFPS,10,replicate2,155,10,4.272890810082805e-33,0.39502103852980297,0.45545268675232425,0.47664327436244347,0.49038322774240317,0.5143596593175335,0.530960636552935,0.5476293830099548,0.5628327634328698,0.5800320530525702,0.5940833406000634
PMTFPS,10,replicate2,150,10,4.5763254754133776e-33,0.3772751958576494,0.4337303895705394,0.4562227147338137,0.4651845881494948,0.48697634747923,0.5090510851484888,0.5257174376455155,0.5348523337639006,0.5496984586150552,0.5685878738004024
PMTFPS,10,replicate2,145,10,5.3124141312343126e-33,0.3630654847998789,0.41600178708806423,0.4354228412385619,0.4432779659690887,0.4626745232099444,0.4750578254386322,0.4980573890948083,0.521112503302531,0.5334451043600655,0.5499549100733636
PMTFPS,10,replicate2,140,10,5.2726099641091986e-33,0.3439398267802087,0.39439781839867816,0.40756159550699317,0.421496838271511,0.4357049247476114,0.45004455128107335,0.46689867516723715,0.48031646710870246,0.4938650466982967,0.5056921850839016
PMTFPS,10,replicate2,135,10,4.7240047041674214e-33,0.3223465478804558,0.36468314544705466,0.37936153872934536,0.39345882287407485,0.40525261904798615,0.41689001962916866,0.4357231562622744,0.44600278668092674,0.4561155165087797,0.4617951035162703
PMTFPS,10,replicate2,130,10,4.507100836934921e-33,0.31128620987292094,0.3411155834069936,0.35865373952887103,0.36887324182521575,0.37970711201179064,0.39033703109575046,0.40412257785333444,0.4109527192953858,0.42513722582877744,0.4345854737529161
PMTFPS,10,replicate2,125,10,4.428646246659336e-33,0.29481486927770545,0.32807907183247026,0.3369788806987608,0.34684716445382885,0.3520400402079945,0.3654776849508212,0.37834844223098885,0.38687406921898754,0.39617822851540396,0.4054178855627595
PMTFPS,10,replicate2,120,10,5.123200119393195e-33,0.27929852607283795,0.30753807779923753,0.3163522203349737,0.32355984425290085,0.32981048363077214,0.34128318927951196,0.35322837284394615,0.36185283864685663,0.36686946025173756,0.3768770174303334
PMTFPS,10,replicate2,115,10,4.4949865252011906e-33,0.26504712765375027,0.29248290770431706,0.3056209314865974,0.3051512665384316,0.30943379111776637,0.31855697873135724,0.32924137321188196,0.33849574412407435,0.34778358791758235,0.3565524746588212
PMTFPS,10,replicate2,110,10,4.832456637783672e-33,0.24891846525345943,0.2682496026087018,0.2784156938077225,0.28148015598921844,0.28593386428173384,0.2898148417865556,0.2949859124526893,0.3075645236841661,0.3186366348763,0.3225681519325273
PMTFPS,10,replicate2,105,10,5.446248432292664e-33,0.23387587050294045,0.2529996758778049,0.25523330682345574,0.25981971413383176,0.2664231400397359,0.2727314921354248,0.27805576845693725,0.28418147400410454,0.2910610900248007,0.2945109341624953
PMTFPS,10,replicate2,100,10,3.689096358914478e-33,0.22095823831877176,0.2351321330854101,0.23684194356106153,0.24217058971371658,0.24788616345945008,0.25623598980656215,0.26099897975194236,0.273062288329482,0.2753584437040488,0.27891547304054487
PMTFPS,10,replicate3,305,10,5.110508935672145e-33,1.0777885863233663,1.4186827711624495,1.5881632369354577,1.6956465862621326,1.793012095146382,1.859630808887908,1.9142417876159379,1.9686769325341058,2.0323647575213983,2.0922433835811063
PMTFPS,10,replicate3,300,10,5.113970167596068e-33,1.0399622785020033,1.3590189775687211,1.5220821142784473,1.6458201260744574,1.7443791687828933,1.8104026097292394,1.8705849131507726,1.9213109314781522,1.9758312650692573,2.0009405174549375
PMTFPS,10,replicate3,295,10,5.3141447471962736e-33,1.0195927368775004,1.33793405619853,1.500698301096191,1.5865169795059244,1.6854159074833817,1.765737026701932,1.817789325219946,1.855146790756893,1.9071356343788999,1.9423794122013738
PMTFPS,10,replicate3,290,10,4.391726439470824e-33,0.9826619365593148,1.2723737849087648,1.4410702247783538,1.5586196065089823,1.642125808899913,1.6948585313369378,1.735962698267766,1.7936858290899305,1.8296895358836085,1.8756476642394067
PMTFPS,10,replicate3,285,10,4.803180384427157e-33,0.9798337038376761,1.2368017411002892,1.386745241212364,1.4985519766406985,1.5566421096318526,1.6148051450886176,1.6671208968687892,1.7263277094624496,1.7877856828440024,1.8370381070489654
PMTFPS,10,replicate3,280,10,3.398352877304956e-33,0.9592455344569089,1.229467634972405,1.372116843192494,1.4604861079039657,1.5396175169897253,1.5999952552103878,1.6760487166429598,1.7057967196190984,1.75441880613718,1.7888636195140428
PMTFPS,10,replicate3,275,10,4.402687007229914e-33,0.9286053116514223,1.1876406798611847,1.3108628756973164,1.405506496488437,1.4753519379872684,1.5394716789048357,1.6168777507254295,1.6608473706299658,1.7111942338018804,1.758972246705231
PMTFPS,10,replicate3,270,10,6.105036241812654e-33,0.8910276254319983,1.1496515137325216,1.2795327052079921,1.379654838154598,1.4523886230231002,1.5173587155058277,1.5729937627678654,1.6327697378126587,1.6669083154289392,1.691704395730902
PMTFPS,10,replicate3,265,10,3.952726857119937e-33,0.8601516785460053,1.1083828911697493,1.2372784379286583,1.3153126325995317,1.3874620874088626,1.4455680173638814,1.5017545131974654,1.5485667659340834,1.6089435948124007,1.6506568474794434
PMTFPS,10,replicate3,260,10,4.295965689575625e-33,0.8493531921622519,1.0955315249931137,1.2227696680571836,1.2943948887649852,1.3532089618717007,1.3942024535789141,1.4568602012429472,1.4934933125976593,1.5334888564741243,1.5728703778295228
PMTFPS,10,replicate3,255,10,3.5448783620843576e-33,0.8138142454184294,1.0320554057264777,1.1486950090332602,1.227301897274371,1.2851787396049033,1.3413684471917235,1.3832938596455082,1.4219618574685693,1.4636582993687912,1.5058567212537142
PMTFPS,10,replicate3,250,10,5.690265282929227e-33,0.798467231882195,1.024879069148939,1.1214099672061892,1.2005827686005952,1.2565385297328517,1.3023455927382674,1.3448378729915524,1.3909703810769438,1.4456422381200948,1.4900508029255006
PMTFPS,10,replicate3,245,10,3.7092868784706946e-33,0.7758067009241193,0.9867932918204083,1.0936496549683405,1.17519538991976,1.2339495034216053,1.2763653928325964,1.3324693678644115,1.3696438830905808,1.3936309396858078,1.4248123604520673
PMTFPS,10,replicate3,240,10,4.901104404274809e-33,0.7509876486857482,0.9582185773775367,1.0435338091625392,1.1026781500583225,1.1528040873906948,1.2071590034597135,1.2588899866795533,1.3102623719198803,1.3457227090074462,1.3934026300888298
PMTFPS,10,replicate3,235,10,5.688534666967266e-33,0.7369292532190749,0.9254144176293337,1.0249284618120653,1.0892611366312719,1.138399494958999,1.1838086081292254,1.215393302429365,1.264167065431875,1.3059971970476438,1.3504628460245023
PMTFPS,10,replicate3,230,10,4.521522636617933e-33,0.7035865654241096,0.8798743447149715,0.9713939147115165,1.0247575120081653,1.0761312563557843,1.1246275879638743,1.1687884604991907,1.2064787259249934,1.250647646825301,1.2880584774682002
PMTFPS,10,replicate3,225,10,3.183179626034416e-33,0.6721343936998025,0.8423895296488354,0.9267754262678751,0.9829230560165918,1.0308410479535695,1.07642336780941,1.1085313354498918,1.1543978954864937,1.2045985014315066,1.2324598780867722
PMTFPS,10,replicate3,220,10,5.414520472990038e-33,0.6569433455917103,0.8158618428249834,0.8864464472069693,0.9461335359678411,0.9866758710202757,1.0270129630970923,1.0718505706197041,1.1034773654855194,1.1451549089621866,1.1755789057153363
PMTFPS,10,replicate3,215,10,5.097240879963773e-33,0.6388151121003238,0.7902646798644544,0.8474120734430709,0.8973907531213807,0.9523444216749717,0.9959764329364418,1.030031227989746,1.0703816759251974,1.0859973731626977,1.1194625614143559
PMTFPS,10,replicate3,210,10,3.377008613774097e-33,0.6170383755856996,0.7500400595520711,0.8177913506982517,0.8634121239257466,0.9131007084744491,0.9547211607351974,0.9862805895132329,1.0155511139202744,1.0439598645983423,1.0750582216119202
PMTFPS,10,replicate3,205,10,4.30231128143615e-33,0.5950458944920746,0.7355731544282113,0.7872819604955226,0.8401757579720733,0.8854322339797858,0.930361872796241,0.9571064631331845,0.9926125103404025,1.0207047691939368,1.0469325999331243
PMTFPS,10,replicate3,200,10,3.901385250248415e-33,0.5716689956715314,0.7053050673072951,0.7509580454476364,0.7874159231021652,0.8327353189122706,0.8673248253628332,0.9059704630447163,0.9423642581811595,0.9733508995386911,0.9926079453441184
PMTFPS,10,replicate3,195,10,5.0366693212951225e-33,0.552383735523004,0.6641966844454378,0.722128563144727,0.763593705637469,0.819247428788979,0.8489850501131861,0.8697433896323672,0.8943995151976916,0.9294900302559969,0.9578514056866677
PMTFPS,10,replicate3,190,10,4.1188659894682364e-33,0.5289388422072095,0.6374211168697619,0.6747200708500947,0.7156020930365418,0.7481388104581288,0.7796604634195401,0.8082315665592601,0.8281017921977787,0.8645719356405334,0.8853519721310444
PMTFPS,10,replicate3,185,10,4.323655544967008e-33,0.5171298268187228,0.6100443235181198,0.6572541505630424,0.6929576636365975,0.7278748019671089,0.7530734730043912,0.7761764034342027,0.7984833442913264,0.8202101124938134,0.8511777156433308
PMTFPS,10,replicate3,180,10,5.4012524172816666e-33,0.489754742377674,0.58626160043219,0.6287647931621183,0.6608082671466345,0.6915767224472207,0.7162837133713131,0.74689214797238,0.7718545672981316,0.7973816012687924,0.8180486116282969
PMTFPS,10,replicate3,175,10,4.190974987883298e-33,0.4700169971040188,0.5562511389326709,0.5885661696823583,0.6152029290364992,0.6508258674573468,0.6725466853569257,0.6944751112123472,0.7199086661768278,0.7424211297962262,0.7615844032320315
PMTFPS,10,replicate3,170,10,5.292223611678096e-33,0.45282609222660264,0.5307338965303956,0.5634310675679916,0.5938924181157853,0.6213845051777106,0.6438833716151178,0.6634823719615115,0.68110292393832,0.7060099648839855,0.7272484686911932
PMTFPS,10,replicate3,165,10,5.051091120978135e-33,0.43110635115444457,0.4926694871320262,0.5201866544722317,0.5408409876817472,0.5678492459714835,0.5957784573118674,0.6114648941311573,0.6277677574855847,0.6476132186297768,0.6637597483012574
PMTFPS,10,replicate3,160,10,3.6642908634596976e-33,0.4146476461468759,0.4830506306684523,0.5058109019856057,0.5274371740537658,0.5522755459427227,0.5707808821739307,0.5916768997881299,0.6100332353302427,0.6225220197728996,0.6393665231265491
PMTFPS,10,replicate3,155,10,6.773054003129772e-33,0.39713840986455673,0.45977668337784994,0.49059847049966726,0.5130253343326459,0.528968764940163,0.5469946717929626,0.5715275237513627,0.5824340948641252,0.6004114219895348,0.6128102672882302
PMTFPS,10,replicate3,150,10,4.521522636617933e-33,0.37970498751243903,0.4439338000525647,0.46162358411888293,0.4785558425182835,0.49656925760269227,0.5081162489689464,0.5235991726816331,0.5485606381865687,0.5671350088700582,0.5801142940371322
PMTFPS,10,replicate3,145,10,3.892732170438608e-33,0.36085597236497896,0.4122494903420688,0.42520798293536577,0.44077210005593975,0.45660920196905347,0.47043474434170757,0.488502837771405,0.5036286938443209,0.5163018563333901,0.5308408570233203
PMTFPS,10,replicate3,140,10,6.189836423948764e-33,0.34472164622940976,0.3873449023524417,0.40109283004237656,0.4155870401401529,0.4271127107224092,0.44614479050063327,0.46104132399838316,0.47486679405365695,0.4855760584317045,0.49575890914547305
PMTFPS,10,replicate3,135,10,5.4814376235192135e-33,0.3275752053688733,0.36974235867966254,0.38013638539532774,0.391300751192316,0.40656541394806006,0.41877689121630457,0.42840203375811897,0.44633554606607806,0.4609139453373331,0.4691870996311168
PMTFPS,10,replicate3,130,10,4.639781394018631e-33,0.31471984843199996,0.3544446203523361,0.367305938270865,0.3770740156054079,0.3865189084314383,0.39426946038794164,0.4103013122139438,0.4163497356120208,0.43861436654781716,0.4518661743297551
PMTFPS,10,replicate3,125,10,4.4667197978224874e-33,0.3004218503770641,0.3294639679309039,0.3386811941696451,0.35362312581236643,0.36406430667961803,0.374649323669621,0.3789560029688728,0.39605554978736535,0.40334199671442467,0.4132629071146551
PMTFPS,10,replicate3,120,10,3.798125164518049e-33,0.2824893356664738,0.3106926308148984,0.3225318488871389,0.32575841193442884,0.33987344296072747,0.3456308118913333,0.35397100073372567,0.3649081109816922,0.3764281980868931,0.386191398152977
PMTFPS,10,replicate3,115,10,4.260199626361755e-33,0.2715419584181139,0.30113411405337254,0.3040813127758271,0.31167616853897095,0.3141027785529439,0.3229784822051744,0.33622613614727953,0.3466775569784833,0.3540818802227831,0.3605744654272272
PMTFPS,10,replicate3,110,10,5.0135944418023036e-33,0.2538269397307847,0.271194774427618,0.2792971764359798,0.2887225868893543,0.2904921568121408,0.30073205940231496,0.30799903083599023,0.31693594661549057,0.3237301948751531,0.3349860469705247
PMTFPS,10,replicate3,105,10,2.875129984805279e-33,0.23580701968384415,0.25590081774477225,0.25951638279437866,0.272232856847938,0.27522088937386474,0.2779608882172914,0.2891855847303834,0.29696568939384915,0.30086983961575514,0.31161518387272796
PMTFPS,10,replicate3,100,10,4.3553835042696335e-33,0.22274778027756487,0.24517173169933448,0.24608333607673688,0.24460045696314775,0.25073660335073333,0.25711174896499056,0.2669352053253703,0.2751303301981491,0.27759253127413624,0.2811373464173467
PMTFPS,30,original,305,10,7.621575741557025e-33,1.1181853292521582,1.4644916152244765,1.6480580453187148,1.7783956953640359,1.8894544805149143,1.9703673075111976,2.036148691749747,2.0919767270075185,2.1470399168616803,2.1995464284490707
PMTFPS,30,original,300,10,9.6179065014876e-33,1.0845680456736244,1.4210178964231157,1.607345732144098,1.7310092679674862,1.8369212345080193,1.9148218658912532,1.978380083285628,2.0351840374114634,2.0964710531538358,2.139313274530592
PMTFPS,30,original,295,10,7.386015325472459e-33,1.0568002224214195,1.3686667635133993,1.5455418036007482,1.6780168938402382,1.7692481779442217,1.8473640370174027,1.9165131699667088,1.984037462968868,2.0326317572623127,2.0727986595143966
PMTFPS,30,original,290,10,9.479799238547843e-33,1.0327641833100838,1.349818333941958,1.5090124528457554,1.621976461334285,1.714024462777709,1.7860795882996847,1.8594524806944999,1.9161112327436183,1.9649778665821191,2.00567692769841
PMTFPS,30,original,285,10,8.334870577050098e-33,1.0062830906300182,1.30872503708259,1.4582244155674,1.5653691018275402,1.6559283628774495,1.7422273619590978,1.8030522614165225,1.858948688727801,1.9056501900281622,1.9433328897852244
PMTFPS,30,original,280,10,9.11819163037178e-33,0.9777592149587722,1.266380968319209,1.4243565619488396,1.5203921092981887,1.6137324737600836,1.6775120027590031,1.7422850918818695,1.7999656665206973,1.849748384729263,1.885934590267508
PMTFPS,30,original,275,10,8.95265743211582e-33,0.9509397857686883,1.2268845346568262,1.3807499170219573,1.4899593856532718,1.5740821186096359,1.6534875523057149,1.7156084223275094,1.7624720669637033,1.8087475057479463,1.8527444633596197
PMTFPS,30,original,270,10,7.850133535858734e-33,0.9236733299094693,1.1906317891027574,1.3195709657347436,1.4148817788113914,1.5018546944268458,1.5585952082852,1.6282184666387534,1.683349154614929,1.7356996889768372,1.7716098413379378
PMTFPS,30,original,265,10,9.180242640058797e-33,0.9007966932509761,1.1532242206293106,1.2954427622320606,1.4007554322651656,1.4834882438129409,1.552254260528097,1.6120156421834686,1.6555164253364025,1.6957910263680342,1.7232632934480723
PMTFPS,30,original,260,10,6.538892607018043e-33,0.8719607350420218,1.1049333008147393,1.2302609692254711,1.337236163705689,1.4179495096605432,1.4796758176646838,1.5207560564635185,1.569505545581075,1.6158047147426917,1.6538294819367494
PMTFPS,30,original,255,10,7.075176725222134e-33,0.8498584074094626,1.081394317851861,1.1976647311893611,1.2915933681323355,1.3680913608439622,1.4309412064724993,1.4883728494716197,1.5387255186625608,1.5834473218023997,1.6251882801283652
PMTFPS,30,original,250,10,6.892135972509023e-33,0.8139949434193385,1.0380968033687366,1.1610009428813792,1.2397074875934075,1.3061568239922796,1.3681080251396138,1.4268330735836814,1.4610221863025443,1.5025300694104113,1.5395708176957565
PMTFPS,30,original,245,10,8.871543729797682e-33,0.7904633794221044,0.991327146401875,1.0935285371035255,1.175494983587188,1.2508048555259452,1.3076527086046585,1.35553024917365,1.4086649778797662,1.4426561882691622,1.4723350527853156
PMTFPS,30,original,240,10,8.842755173579256e-33,0.7679602274520185,0.967537883879154,1.076671902656054,1.155350628589448,1.2136752232924624,1.2661028614944247,1.3168878527057326,1.363603548211981,1.3970797734386575,1.4302391635411316
PMTFPS,30,original,235,10,8.512075811610826e-33,0.7459589693378968,0.9384633604439847,1.0303682331639537,1.1120953505602302,1.178103307706623,1.2372960518487557,1.2788091395500272,1.319433008133155,1.3483902597070245,1.3796307334875944
PMTFPS,30,original,230,10,7.523150002053481e-33,0.7234666565710168,0.9002283322537773,0.9959785759044151,1.0751017627800123,1.1314713669863006,1.1789278488712034,1.2184925845167485,1.2594057616970615,1.2931411412678433,1.3275447409074803
PMTFPS,30,original,225,10,6.504657567190722e-33,0.6933523130627001,0.8653012820817481,0.9580639330841961,1.0269641475949447,1.0838999210148255,1.128549497326108,1.1711753040012414,1.2066716765120613,1.2445424350139678,1.2772069422460768
PMTFPS,30,original,220,10,8.208628867686859e-33,0.6770240086713368,0.8290584684455167,0.9153244450536782,0.9811639820254238,1.0330174669440493,1.078631664860065,1.1113241359494885,1.1417804096694621,1.1784781401922686,1.2093456996829761
PMTFPS,30,original,215,10,8.598441480266111e-33,0.6532346987723221,0.794825414407992,0.8720430915437664,0.9340809835316909,0.9849640798588182,1.0295915225299503,1.0648727767317494,1.0958291258206525,1.1303867273301893,1.1578481309396598
PMTFPS,30,original,210,10,7.314627486741626e-33,0.6255477840007341,0.7604099169412933,0.8283217692802772,0.8820113370210881,0.9305858334689955,0.9716400310016784,1.0129941352621565,1.0474454180215615,1.0815880476665976,1.1113230852696134
PMTFPS,30,original,205,10,7.648419125057991e-33,0.6076332886168536,0.7319691525915084,0.7995669709910631,0.8568784761404812,0.9036510851498957,0.9499871334269268,0.9805875189520593,1.0058059472807093,1.038463970761884,1.0637496869166416
PMTFPS,30,original,200,10,9.0014812673241e-33,0.5794470409830453,0.7041157845635582,0.7667291133380274,0.8169850104344893,0.8562635283930158,0.8924375107713282,0.9254753889737378,0.9569966789472341,0.9850660692971743,1.0078350654635178
PMTFPS,30,original,195,10,6.99795336833892e-33,0.5631385864086532,0.6701926983995897,0.7241237596575918,0.7724429410742307,0.8161446722023374,0.8524969238518242,0.883371868109518,0.9106819475818814,0.9347567975392714,0.95218303481143
PMTFPS,30,original,190,10,9.157095084721008e-33,0.537179634320142,0.6451289264821957,0.6941525224907937,0.7348090093391271,0.7757302832521027,0.8074811238246344,0.8302968647074414,0.8595075037226536,0.8885794036981401,0.9140836706566995
PMTFPS,30,original,185,10,8.337010267039307e-33,0.5119087341582876,0.6108312664365585,0.6645584333403156,0.708200877921265,0.740705900224607,0.7685715324944903,0.794332148535922,0.8179496972481365,0.8390461759503213,0.8578536839520666
PMTFPS,30,original,180,10,5.936667133692011e-33,0.4988787771429527,0.5846290039962874,0.6324756951455843,0.6771658147116175,0.7123946820695245,0.7349270124179265,0.7509424037618329,0.7781292384002344,0.797668077521507,0.8118775005132532
PMTFPS,30,original,175,10,7.425891366180415e-33,0.4758365668575921,0.5617398853606711,0.6027022979391091,0.634466778036938,0.6648101826873095,0.6924598633172264,0.7141570135190125,0.7303744490275349,0.7482238932589468,0.7686464793122018
PMTFPS,30,original,170,10,7.489693031313146e-33,0.4549139741410514,0.5286335127800605,0.565012983689868,0.6013548958613726,0.6258748213831735,0.6505190836712733,0.6706933203477632,0.692061062826387,0.7080678475242408,0.724962323864885
PMTFPS,30,original,165,10,7.916074890980671e-33,0.4358124294894564,0.502285348196551,0.5370438358504123,0.5672769292304188,0.5895101411216963,0.6076156133178989,0.6285201214041072,0.6443436041824933,0.6614901687420961,0.6809840013715391
PMTFPS,30,original,160,10,8.536974022394332e-33,0.4211388954025619,0.4847856421850243,0.5117932950793099,0.5391346883038206,0.5615028316228081,0.5814869775886466,0.6009748982352289,0.6179691319413484,0.6385722574416854,0.6563108286163216
PMTFPS,30,original,155,10,8.31366819442977e-33,0.4011582612098441,0.450967419771763,0.48094290288546004,0.5086646225709084,0.531089210540635,0.5477734397550936,0.5597223682559037,0.5730095324989808,0.588469465075154,0.6022268740480554
PMTFPS,30,original,150,10,1.0437018732810572e-32,0.380045940300498,0.4313843240136392,0.45386850467958473,0.47449019035463486,0.49113084134911345,0.5106918688844991,0.521676705948201,0.5381800984733768,0.549154664278298,0.5638086570410835
PMTFPS,30,original,145,10,7.200251330954898e-33,0.363173668553087,0.41310995931478567,0.4326004604146349,0.451649063326074,0.4678042939988464,0.48533118186398017,0.4998219615791221,0.5114053834482791,0.5221059655103586,0.5330423173724305
PMTFPS,30,original,140,10,7.464016751442657e-33,0.3480950926167076,0.3930296885781034,0.4099587207029322,0.4237679806347915,0.4412896766349673,0.455830184843542,0.4672101017723138,0.4722796322541859,0.4808215523389099,0.49671279787939737
PMTFPS,30,original,135,10,5.904766301125647e-33,0.3292745688889664,0.36548704816313116,0.3793148918616054,0.3932772517367124,0.4123264137762277,0.42623965245659623,0.4375584146877237,0.44650678404716154,0.4568596932563385,0.46596993205695164
PMTFPS,30,original,130,10,6.228443041311213e-33,0.3110192933286109,0.3443784788597602,0.35790931502292633,0.3734018790334682,0.38437123763602987,0.3946506461979547,0.40778595876661494,0.4165052462866405,0.42490864422626934,0.4342955016125135
PMTFPS,30,original,125,10,9.328270283857606e-33,0.2980806050419551,0.3254606971879117,0.33784377211374983,0.3500664858607117,0.36092325655660285,0.37027027386775335,0.3822982097119405,0.39125592043222895,0.39852006493757697,0.40682086584760213
PMTFPS,30,original,120,10,7.420444882571523e-33,0.2838191317426574,0.30842793610290103,0.3210210097418823,0.3316357179642008,0.3384745234182127,0.3474881697870612,0.3580964901869816,0.3659191595167081,0.3717036380945884,0.3799710525463701
PMTFPS,30,original,115,10,6.94504467042397e-33,0.2668980111024369,0.2920765320040911,0.3010079689990231,0.3090329271241933,0.31471443721043835,0.32373953581317133,0.33281673047895105,0.3422498482630158,0.34819347931886996,0.35289604929365576
PMTFPS,30,original,110,10,8.260759496514822e-33,0.251351522094133,0.27329206903677894,0.2791629938969952,0.2872904835893568,0.2986381238268548,0.3025952447285437,0.3057822639967544,0.30986358398350544,0.3169397364106233,0.3237135210960241
PMTFPS,30,original,105,10,8.488733739001291e-33,0.2368810511893978,0.2523248205826254,0.2599877801023386,0.26656827458283516,0.27345915993015535,0.28068164483604463,0.2824165547494406,0.287343111587315,0.29369196121628244,0.2992292135596234
PMTFPS,30,original,100,10,5.2410733699278364e-33,0.22291061029810916,0.23706773221729457,0.24502022233574058,0.2512789206375832,0.2565636427591639,0.260767575231171,0.26398582631106005,0.26740978248490505,0.2745738281337985,0.28049950800509493
PMTFPS,30,replicate2,305,10,8.826026688209088e-33,1.1023911075216213,1.4455760249307417,1.640525338095309,1.7755799222733415,1.8863102966989007,1.9699865687146754,2.031208450886358,2.0985634114009537,2.1422057745211203,2.2046717502815727
PMTFPS,30,replicate2,300,10,6.444551730221168e-33,1.075221444397759,1.406318167477319,1.5804740607085184,1.7161528811622957,1.8260058952500717,1.9087806181328237,1.9747654970205115,2.035597435142992,2.0808348475046956,2.1246888998548923
PMTFPS,30,replicate2,295,10,9.505670035690078e-33,1.0620593949015802,1.381834972629136,1.5509491015982242,1.676371476288193,1.768905923297286,1.8544652599590012,1.9252609894717403,1.9841276894688125,2.0322215583924743,2.0837029233499385
PMTFPS,30,replicate2,290,10,7.273778859674938e-33,1.0484073994199412,1.3643877653824825,1.5294647510028903,1.6541282644813387,1.7661461488059558,1.842504588768571,1.9014947345748894,1.9475538021068644,1.9904230146380868,2.0258631728761003
PMTFPS,30,replicate2,285,10,7.846826742239048e-33,0.9997267075698388,1.291594512172889,1.4499963036076835,1.5746745912870581,1.6772388466531694,1.7525409294896168,1.7991747572253225,1.843430252301895,1.8901698253440302,1.9428736209056598
PMTFPS,30,replicate2,280,10,8.122263199031573e-33,0.974492165702342,1.2576920456797045,1.4160560705485445,1.5240907633258725,1.606928418876058,1.6779789326551757,1.7519031508329372,1.804023570835285,1.850086950542438,1.8833874353870281
PMTFPS,30,replicate2,275,10,9.301815934900133e-33,0.950875297691238,1.2211734418333982,1.3778205481273569,1.4860161351323256,1.5758963157633865,1.6405337443238779,1.6932246869676022,1.7488055570754182,1.7921215939694028,1.8309284981209442
PMTFPS,30,replicate2,270,10,7.465767406888371e-33,0.9274315316093441,1.1822192951076167,1.3262120622114055,1.4289933550906675,1.5146550674022734,1.581965542083499,1.6452944360315769,1.695303653971763,1.7350938909308191,1.7748628645733546
PMTFPS,30,replicate2,265,10,8.536195953307347e-33,0.8997544999931193,1.1417859688529621,1.2772148045405038,1.3811058115474502,1.459774525462254,1.5374427017712204,1.6001418296763035,1.6385556950934739,1.682408608578242,1.7202051072636664
PMTFPS,30,replicate2,260,10,9.052250275249842e-33,0.8684355390262338,1.1152571977890382,1.2493999826947693,1.3397781813375311,1.4180052543981148,1.4729344630752583,1.5360429845673165,1.583542121136333,1.633842075300817,1.6650182540570841
PMTFPS,30,replicate2,255,10,9.188217848200389e-33,0.8386283382232833,1.0684735663792964,1.1900635600281921,1.286530957977888,1.365505115116798,1.4261752276794235,1.4819255876484452,1.5278916437911456,1.5685872959192384,1.6147747104542354
PMTFPS,30,replicate2,250,10,8.553313473221007e-33,0.8142836764881067,1.0373488594847302,1.153615345836221,1.246076210589028,1.3150792230989967,1.3712160184396829,1.431461526443088,1.4829018261908138,1.525066740812115,1.567030034822687
PMTFPS,30,replicate2,245,10,7.045415582644975e-33,0.7894794057600418,0.9984896278643876,1.1102197047907048,1.1831301279220259,1.246516052377947,1.3119714241973681,1.3636532362730276,1.4042653991012057,1.440832299021508,1.485135258190314
PMTFPS,30,replicate2,240,10,8.161944722467785e-33,0.7635629696000866,0.9650686638449709,1.0737213476724,1.1553350069730368,1.2247088881255135,1.280855115231552,1.3338168958252845,1.3711138502752287,1.4007835200578154,1.4445456555627314
PMTFPS,30,replicate2,235,10,6.941154324989048e-33,0.7366347399216966,0.919926019776784,1.0142269030900155,1.0863489516508875,1.152953337801447,1.2111168019271383,1.260344293272388,1.2979278142939241,1.3272465600670347,1.364386777764165
PMTFPS,30,replicate2,230,10,8.318336608951678e-33,0.7163652272326172,0.8885249507455443,0.9885334680427154,1.0550672897003854,1.1172843745099206,1.166880176450613,1.2119449174816639,1.251455796359171,1.2844565969639465,1.3223758729801744
PMTFPS,30,replicate2,225,10,7.548048212836987e-33,0.6917935667153421,0.8605954919245524,0.94761181607307,1.0059994972512833,1.059656244987576,1.1091037479041634,1.1613156626032337,1.2013884552804819,1.2321482696459445,1.2573016595343378
PMTFPS,30,replicate2,220,10,7.977542348852451e-33,0.6725340880202253,0.8311913494457601,0.9091959201087109,0.9739814207037663,1.029196022083259,1.0706171275949194,1.112471120470508,1.1524493227151313,1.1804608139798662,1.2060911545673711
PMTFPS,30,replicate2,215,10,7.284282792349229e-33,0.6473042589507803,0.7961911418741243,0.8657476751942127,0.9271618302812257,0.9764404133563002,1.0256465961724308,1.0589570347224155,1.0888065608603614,1.1148138668483878,1.1396316744991097
PMTFPS,30,replicate2,210,10,8.42026365934665e-33,0.6246294623562477,0.7660462008704105,0.8386203808890972,0.8975632269729594,0.9485725924291127,0.9862738417858642,1.0223861131817849,1.058207865394887,1.0848393819200741,1.111189076671411
PMTFPS,30,replicate2,205,10,5.6627868150734554e-33,0.6013259563551416,0.7327822861779436,0.8005423018759836,0.8583723323399992,0.9031421446484315,0.9475301730725961,0.9823906954259198,1.0095782917147056,1.0370471796651586,1.0673267974741065
PMTFPS,30,replicate2,200,10,9.560912940865983e-33,0.5834232278072294,0.7106781865856859,0.7710652578808174,0.8168540228346524,0.8564606202034681,0.8997133595145268,0.928718919267806,0.9553717336133436,0.9864323217618518,1.012902292867477
PMTFPS,30,replicate2,195,10,9.523565624690724e-33,0.5561891840820612,0.67088887523075,0.732461345361976,0.776108950679156,0.8110543645882708,0.8472028378814331,0.8810746517235566,0.9092717977452642,0.9399891448444462,0.9606321912688156
PMTFPS,30,replicate2,190,10,8.329229576169461e-33,0.5345972481752173,0.6349836485209541,0.6866169648394762,0.7315554275788252,0.7707432917025102,0.8010360787441717,0.8269895559540453,0.8590448229722198,0.8768902591527985,0.8994033023439538
PMTFPS,30,replicate2,185,10,7.604069187099873e-33,0.5138534346267738,0.6068408823849321,0.6608229758380131,0.7023329247395866,0.7357715580530146,0.765451963424918,0.7986005034358301,0.8193224994923811,0.8400886927504416,0.8606396058325035
PMTFPS,30,replicate2,180,10,9.258244066028996e-33,0.49245600208626306,0.5748293905989865,0.6234488491982904,0.6649520493081064,0.6961102826614611,0.725554272397319,0.7506894916393585,0.7698770220382838,0.788043603506978,0.8037448521806422
PMTFPS,30,replicate2,175,10,7.1146637313866e-33,0.4720321757329814,0.5552020402690638,0.5996011223168585,0.6278669003640828,0.6589694680868179,0.687923909278165,0.7133513132251277,0.7307661494401401,0.7499658494801221,0.7659233123889032
PMTFPS,30,replicate2,170,10,7.712220790190723e-33,0.453358797398202,0.5287227135871013,0.5649870769533383,0.5978453673701326,0.6255411888826795,0.6445136050956061,0.6608426877092832,0.679697200701925,0.7071805306268943,0.7246243042771485
PMTFPS,30,replicate2,165,10,6.311696433618559e-33,0.4342755869537859,0.5034313544469851,0.5357091403064322,0.5624621409999713,0.5883456565014364,0.6079633060756235,0.6274850329776271,0.645308553383731,0.6677771662405473,0.6833351745359499
PMTFPS,30,replicate2,160,10,7.182355741954255e-33,0.4147001292321398,0.47930088082328953,0.5090743528405284,0.533009801393429,0.554588694724153,0.5792802623278359,0.5993388350400322,0.6127519640689127,0.628976856979199,0.6465497438293052
PMTFPS,30,replicate2,155,10,5.901654024777708e-33,0.3988131504322686,0.457834821780999,0.4814707153240705,0.503103838038658,0.5259706310306002,0.5472714175753783,0.5628878117318727,0.5761316770120839,0.5912482622248947,0.6046580017463407
PMTFPS,30,replicate2,150,10,6.34126305892397e-33,0.3804472666185322,0.4312424302309072,0.45246734232612285,0.4741811375570558,0.4980311853801306,0.5092987810452213,0.5267050392376933,0.5382698513963687,0.5540013768334104,0.5691871614655886
PMTFPS,30,replicate2,145,10,7.523150002053481e-33,0.3663863442114641,0.4148882420510439,0.4344409971701017,0.45451892776853464,0.46920553651660446,0.48408559627389797,0.49903052283979593,0.5149263563109783,0.5248482813930282,0.5383584147816233
PMTFPS,30,replicate2,140,10,8.101255333682993e-33,0.3461269372783685,0.3898418285558492,0.40866658162011643,0.42218687192232995,0.4403043137980216,0.4566950541541976,0.47262644328140074,0.4820380972659416,0.4922393817944978,0.5036858624746562
PMTFPS,30,replicate2,135,10,7.211922367259667e-33,0.3273132834471252,0.36573842176107635,0.3816089183315002,0.39543122763346067,0.4094035464779239,0.41832856433707033,0.4287991555216841,0.4392354903526633,0.4529129810244128,0.4622884001502875
PMTFPS,30,replicate2,130,10,8.46616973547874e-33,0.312565347495747,0.3426624197492657,0.3570553805908752,0.3702384193645192,0.38273199547776254,0.3953189034649879,0.4070314632643659,0.41466172552661035,0.4245949595655036,0.43314722977150844
PMTFPS,30,replicate2,125,10,6.380944582360182e-33,0.29576100374067404,0.3249225002359201,0.3404006787611109,0.3499994931976708,0.3621221348133527,0.3669875585209359,0.3761320597322674,0.3864451817472056,0.3954760166317465,0.403579204584635
PMTFPS,30,replicate2,120,10,8.200070107730027e-33,0.2819949038829441,0.30770870756254387,0.32023650509392537,0.3337033087869286,0.34662579847421826,0.35055921312774674,0.3591283677215037,0.36682680972424164,0.3738686292373519,0.38315045734055786
PMTFPS,30,replicate2,115,10,5.430922227152063e-33,0.2653025147669796,0.28726910491694974,0.29374369600974737,0.3043527702554651,0.31477483479449886,0.32340539212831587,0.33130731931458957,0.3374697245916527,0.34544628630553953,0.3509894083235289
PMTFPS,30,replicate2,110,10,7.346528319307992e-33,0.24780104745884318,0.2675245417056162,0.2739604497613044,0.2819406106852166,0.2907968509872755,0.29684511213872994,0.3010077981432178,0.30816563664218105,0.31431235009497765,0.3205198559750177
PMTFPS,30,replicate2,105,10,7.575280630881446e-33,0.2345370819041579,0.25079668281416984,0.25587423735713805,0.26155918925938665,0.2691239893103571,0.2743069425401773,0.2788967874799832,0.28610052581140616,0.29286550800596184,0.296533029102046
PMTFPS,30,replicate2,100,10,7.350418664742914e-33,0.22138174055430765,0.23513472000749225,0.24172537541162473,0.24589532439606843,0.251858727832633,0.25745578434716654,0.25904746213483926,0.26222044970381275,0.27036891919021694,0.27543804456915455
PMTFPS,30,replicate3,305,10,8.937485084919622e-33,1.0967550975234654,1.4335864864424521,1.609902376651268,1.7456902993710954,1.8473096321159292,1.924133886835984,1.9953178580201794,2.047337838666345,2.1040045988938134,2.154551009449576
PMTFPS,30,replicate3,300,10,8.751526573130318e-33,1.0866892472567007,1.4156525119573076,1.5798537144452334,1.7171794378005003,1.8276783881499488,1.9107791622212429,1.981097941039856,2.0503460476248154,2.098925424221828,2.1385871786767816
PMTFPS,30,replicate3,295,10,9.1498979456664e-33,1.0561580706892244,1.3655305345717372,1.5324627093320329,1.6544233466626104,1.7534802197960133,1.832759117235354,1.9088645476185224,1.9609175506595704,2.008650784047813,2.044609261992784
PMTFPS,30,replicate3,290,10,7.773493730790755e-33,1.0376780945842998,1.3496557276399836,1.5223886418150445,1.6376950121097138,1.7421997125696211,1.827406623354691,1.8863031825981262,1.9332809466834484,1.9828522262840778,2.0326755654349182
PMTFPS,30,replicate3,285,10,7.797224837943784e-33,1.0016485354785394,1.2888005839962837,1.4524118206563963,1.5611105418958056,1.6459409200185118,1.7360498234013668,1.8041146132666785,1.8505380899515635,1.9050345066350354,1.9376506609400295
PMTFPS,30,replicate3,280,10,8.380193101366948e-33,0.9783332544774129,1.2642954102183024,1.4135686661353533,1.546224632093794,1.6375961300000554,1.712036023259449,1.778383445956348,1.833852496845196,1.87192740555134,1.9037038108149864
PMTFPS,30,replicate3,275,10,7.552327592815403e-33,0.9602977717001568,1.238954874292381,1.3838344685373536,1.4918885283419834,1.5802261279679921,1.6549309749985013,1.7124724314075355,1.7615424479520443,1.8110505254753,1.848521331086672
PMTFPS,30,replicate3,270,10,7.220481127216498e-33,0.9187103895232159,1.1791126208549072,1.3219535271605622,1.4269049329109023,1.5172785137394615,1.5855140259258875,1.6443376348692467,1.6905356366511501,1.7423551447377714,1.7875158778968327
PMTFPS,30,replicate3,265,10,7.927940444557185e-33,0.8980100892345877,1.1585484687962107,1.2853174552987738,1.381204225596433,1.4660733292555115,1.5361143499167287,1.5958968439229124,1.6507995918587124,1.6952926466731675,1.7365641614751521
PMTFPS,30,replicate3,260,10,8.593384031200711e-33,0.8777415764100132,1.1198434744956969,1.2591069302420819,1.3584237843322882,1.431332717789637,1.4894482668428242,1.5433217498735083,1.5901971894234979,1.6296269815463666,1.6661077287546984
PMTFPS,30,replicate3,255,10,7.647641055971007e-33,0.8409129457435889,1.0726193431757811,1.197814671569874,1.2925147520917688,1.3632382554272815,1.4257698296126082,1.4839767166565843,1.5311178390067013,1.5699957540337128,1.612589051510098
PMTFPS,30,replicate3,250,10,9.569471700822812e-33,0.8164978104561224,1.0337247868568091,1.153227192013554,1.2404607484566952,1.3080975375625479,1.3741724674819424,1.4166318944062162,1.4663324016638133,1.5064371890488968,1.539764930046506
PMTFPS,30,replicate3,245,10,1.0709342913255159e-32,0.7977013643730587,1.0112468148620268,1.1261818238695203,1.203573472007477,1.266969659734891,1.3277324837304723,1.3724119953030514,1.4172637130505912,1.4582876618504605,1.4952858598541348
PMTFPS,30,replicate3,240,10,8.728573535064273e-33,0.7688011482719384,0.9661087352392906,1.0726179678142762,1.1507601546789532,1.2232432113555696,1.2765490875725547,1.329892577412122,1.3675059564809833,1.4052004754732992,1.4259003463677997
PMTFPS,30,replicate3,235,10,6.372385822403352e-33,0.7436020320328534,0.9362410663305665,1.038786709905807,1.1102680591843974,1.176015526303101,1.2231479747286842,1.2681633068909675,1.3143806491376124,1.3515404651218408,1.379888535504572
PMTFPS,30,replicate3,230,10,9.332938698379513e-33,0.7270233692257847,0.903719377848506,0.9997633628353574,1.0672475717742858,1.1320378033451237,1.1861018766717386,1.2292082141873675,1.2663978019498634,1.3026969025176465,1.3347798566790179
PMTFPS,30,replicate3,225,10,8.722154465096652e-33,0.7052663635086768,0.8719636620375673,0.9607682485219909,1.026882071982388,1.0805010194025164,1.1339000548451508,1.1745417271198806,1.2203879304828211,1.2564799322000375,1.2808310260142444
PMTFPS,30,replicate3,220,10,4.6077251331224245e-33,0.6736395262702336,0.8306824129264104,0.9199738490424079,0.985028096250422,1.0383372736392205,1.079614888978006,1.1172182251378608,1.1535699450929595,1.1918008312091828,1.223515267435777
PMTFPS,30,replicate3,215,10,7.793139975237115e-33,0.6579251522285563,0.8071547063633145,0.8780754408619998,0.9416180503486113,0.9912631336454029,1.0412660436689747,1.0822353624059522,1.1180565924274686,1.1529353031612413,1.1851518049146044
PMTFPS,30,replicate3,210,10,6.716292358850518e-33,0.625814502789457,0.7654884131334306,0.8405719239016458,0.8969190366643858,0.9390989931595103,0.9832818334200825,1.0244451637304668,1.0580390837149911,1.0883267836008568,1.1165400288312757
PMTFPS,30,replicate3,205,10,5.69624378581379e-33,0.6035141924713594,0.7329107994011714,0.8012949595227523,0.8619031239128014,0.9121611257077336,0.9507240641378647,0.9852134305111063,1.0112164127699763,1.0420913597144685,1.0670521455739492
PMTFPS,30,replicate3,200,10,8.771172817576678e-33,0.5808589109058937,0.7008412933769292,0.7669925995207223,0.8163883963835362,0.859913588880431,0.8937852047540966,0.9225708110544921,0.9503251055155566,0.9794301852848035,1.0075778020005273
PMTFPS,30,replicate3,195,10,8.382916343171396e-33,0.5589895413106319,0.6781480519473017,0.7359841428671114,0.7850723938437477,0.8306282920411119,0.8603320787153045,0.8830040256976659,0.9098057767811145,0.9315620821435718,0.9589456987857934
PMTFPS,30,replicate3,190,10,7.502142136704897e-33,0.537761017545485,0.6480022107525015,0.7003761756274555,0.7375547709881585,0.7786585288153581,0.8067733207728942,0.8376770129352623,0.8634521289917872,0.8918305410844779,0.9093601234858444
PMTFPS,30,replicate3,185,10,8.448274146478096e-33,0.5180860269483063,0.6226168610670179,0.6685772475122469,0.7141397630333552,0.7502547672355677,0.7765085664742177,0.7983520367964596,0.8239272052299624,0.8466946264615476,0.8621673303718829
PMTFPS,30,replicate3,180,10,6.977723572077323e-33,0.5000456673834014,0.5901161438510807,0.6370664242355386,0.6743890567430084,0.7071731074202994,0.7353099812533415,0.7573372212184,0.7814775847214213,0.803043826347017,0.8267871842733975
PMTFPS,30,replicate3,175,10,6.579352199541237e-33,0.4767216020337142,0.5609533395054445,0.6021890597219752,0.6376938012705456,0.6709517879585992,0.7000870995923605,0.7165904005142445,0.7402015968218472,0.7588385803579982,0.7769786749600283
PMTFPS,30,replicate3,170,10,7.204141676389823e-33,0.46261719830796155,0.537654349669146,0.5781736811269779,0.6124763394318528,0.6441964249487214,0.6696555489274365,0.6879905582743546,0.7057090039112195,0.7228132297766393,0.7463643484588453
PMTFPS,30,replicate3,165,10,7.001065644686858e-33,0.4385244924535967,0.5043458825017414,0.5410012034055834,0.5704530242354829,0.5886030374729563,0.6152560204274508,0.6383738115697419,0.6578814095019322,0.6783206529473466,0.6904842426736313
PMTFPS,30,replicate3,160,10,7.893510887458122e-33,0.422285943154103,0.48257652533633044,0.5129875279531481,0.5390084046821324,0.5641418361944452,0.5871521209308672,0.6055296722525834,0.6205469024909467,0.6368826758927999,0.6506662141035149
PMTFPS,30,replicate3,155,10,7.848382880413017e-33,0.3990743482208567,0.4588147259773156,0.48348261046030555,0.5065775280718904,0.5281395686797797,0.5507565855840573,0.5679698851029993,0.5814638948671739,0.5934507016200864,0.6077217626784264
PMTFPS,30,replicate3,150,10,6.941154324989048e-33,0.3806381925446946,0.432711691978766,0.45644038955447364,0.4796630861178734,0.49541151738242506,0.5123995684302552,0.5309470327575913,0.5419778942744022,0.5609160417532791,0.5747783508092886
PMTFPS,30,replicate3,145,10,6.605806548498713e-33,0.3636009049728234,0.4099471070122454,0.43128180194348537,0.45199628529039526,0.46929343734285645,0.4859190525316229,0.4986952538837131,0.51272722663841,0.5224374748726313,0.532285282291095
PMTFPS,30,replicate3,140,10,6.662605591848585e-33,0.34496639866310147,0.38281532645647154,0.4051228092545391,0.4250196228388788,0.4412250654061135,0.4537103569298594,0.4642015088161875,0.4748436437660593,0.4872439737799967,0.497575094697268
PMTFPS,30,replicate3,135,10,8.07869133016044e-33,0.33129316439046164,0.36817888466336673,0.38415380208375305,0.3995704589007989,0.4110176631868191,0.4224651893282827,0.43849475240512686,0.44758188818529066,0.4592097239720361,0.4701792088973849
PMTFPS,30,replicate3,130,10,7.518481587531573e-33,0.3091695397285156,0.3424499053981524,0.3565295467142927,0.3720998179640637,0.38406801236176225,0.39361641047568596,0.4015771586213949,0.41284331397031987,0.42179244596960286,0.43232032977702406
PMTFPS,30,replicate3,125,10,6.42685065849227e-33,0.29810325380449576,0.32780475734264514,0.3405115107469841,0.3505014195941472,0.36074002857100723,0.3702626751941308,0.3804334938497239,0.385381163029288,0.39598552568090634,0.40589458386822647
PMTFPS,30,replicate3,120,10,7.656977885014822e-33,0.2809795138794121,0.30756626450207686,0.3149600315245967,0.329558635599613,0.34127591087626824,0.3480908069285971,0.3529183806494083,0.3602688069223724,0.3696745742177563,0.375984910744259
PMTFPS,30,replicate3,115,10,8.149495617076032e-33,0.2672742063470924,0.2909028951301178,0.300035292463727,0.3089390049476024,0.31946880279253775,0.3267555210003909,0.33115244610407796,0.33705868208832607,0.3458458874819089,0.35268746129088185
PMTFPS,30,replicate3,110,10,7.722335688321522e-33,0.25123395730152176,0.2707051593721968,0.28157522371053034,0.2846841830426273,0.29256356189382393,0.2991527938980362,0.30716983029036,0.31247570844133726,0.31751213892658087,0.32560637696275374
PMTFPS,30,replicate3,105,10,5.4254757435431714e-33,0.2383798611256022,0.25612600688925957,0.2603341802795036,0.26816914543332177,0.27290212566557753,0.27827002565794307,0.28426876734516004,0.2886987429788176,0.2965453173274254,0.30295922378762
PMTFPS,30,replicate3,100,10,9.213894128070878e-33,0.2217190012930439,0.23382782364989993,0.23975580860227524,0.24387357808385574,0.2512881755416874,0.2574893590194437,0.26072927972254645,0.26680696149015787,0.2707010469610991,0.274340424214413
PMTFPS,100,original,305,10,1.3273343446504705e-32,1.1258695722751577,1.4793290224457318,1.6768956467355651,1.8172428238568148,1.9213861509730392,2.0128959228429055,2.095413720411265,2.1635399955410497,2.219160096640862,2.2747663047936753
PMTFPS,100,original,300,10,1.311748701058413e-32,1.0976940755803004,1.4445189431736192,1.6362964310701227,1.774586134667281,1.8872686424227922,1.9751936549683626,2.0529283273984036,2.111707518312063,2.171082287986262,2.209307764181035
PMTFPS,100,original,295,10,1.4914171879406836e-32,1.07448910171801,1.4158472046860633,1.5994510532552106,1.7310996977357973,1.8393713436161356,1.9229900892834988,1.9931644608129115,2.0512827402404388,2.1062066674724105,2.158238661130994
PMTFPS,100,original,290,10,1.8331060570062485e-32,1.042101799246694,1.3621833557194094,1.545003704951863,1.6698936201557601,1.7644607787294373,1.841352951923246,1.9057453236769888,1.9688476956831908,2.0214368461160883,2.0735408923680247
PMTFPS,100,original,285,10,1.8511994658078546e-32,1.0162626434327957,1.3215530737909025,1.4897493275272347,1.6119868204809318,1.7123688940943353,1.7921522779058396,1.8664910588050798,1.918380265548698,1.9648057552458937,2.0085425886762946
PMTFPS,100,original,280,10,1.8878784616297635e-32,0.9920129413283381,1.2890660705134758,1.4546145836101514,1.571761687411351,1.669596804568935,1.7442693982897954,1.8079739241275523,1.8665195679620468,1.9161369748462014,1.9573506788761221
PMTFPS,100,original,275,10,1.2193129441755963e-32,0.9623774990312561,1.2429292204060292,1.3901397709535133,1.5008082647295862,1.5980583466199085,1.677632432340515,1.736148758641043,1.7842383204904722,1.8359728722923176,1.8778416646395626
PMTFPS,100,original,270,10,1.7423812053598526e-32,0.9322546129766419,1.2052668599054828,1.3510300401927453,1.4605302542602563,1.547237424835071,1.6181627310425406,1.6799694288063218,1.7402799895758267,1.7888107394697286,1.83643819849939
PMTFPS,100,original,265,10,1.786724119158608e-32,0.9079531439684352,1.1636983364077853,1.3078506098004297,1.4214896552429264,1.5058479081940264,1.5778354065306608,1.640565679331989,1.6926011168374024,1.7355485488161413,1.7792119123417898
PMTFPS,100,original,260,10,1.3237719118294286e-32,0.8813043312911093,1.13334890847366,1.271989133988768,1.377664083081986,1.4589775672615095,1.5293979015992138,1.5914925890124063,1.6415003295942754,1.6887498795126148,1.7292346693095315
PMTFPS,100,original,255,10,1.3422403135595653e-32,0.8569520707663255,1.0990719004072538,1.2269232311403493,1.3240149962371723,1.4038312806236861,1.4661385643353464,1.5232123513140814,1.5744747141260769,1.6241545819985688,1.6615277433387863
PMTFPS,100,original,250,10,1.4142389558374595e-32,0.8302207818076581,1.0573703377134813,1.1767139268875266,1.2682407276947454,1.3458179310202827,1.4084473078375468,1.4651765061344517,1.512862282619491,1.556359207043403,1.5935548696590338
PMTFPS,100,original,245,10,1.715522336853842e-32,0.8027753598388646,1.0169559103196586,1.1344288968389002,1.2251954330699255,1.2972993169648477,1.354771302443521,1.4130309587379541,1.462754796602545,1.5013525607876261,1.5404323246372091
PMTFPS,100,original,240,10,1.7806539211280172e-32,0.773831594311077,0.973345824822089,1.0831923422178114,1.1686510114672164,1.2427372632282285,1.3036840518467279,1.3494599232750448,1.395022688599446,1.4329379154597153,1.4725044281937856
PMTFPS,100,original,235,10,1.6349222942777747e-32,0.7525892057686847,0.9465303720235998,1.0537857528667818,1.1301316293328398,1.1992927222362335,1.253712727352422,1.298427230727303,1.3422346487037753,1.3794172673290697,1.4114051559125254
PMTFPS,100,original,230,10,1.614953920833515e-32,0.7306833982915861,0.9107456842257828,1.007776900420329,1.087523151158384,1.150673225453485,1.2114637824843766,1.2592120064773318,1.2998449039421662,1.333376723205518,1.3692613008222625
PMTFPS,100,original,225,10,1.6013135530582114e-32,0.7046906611220642,0.8758448033952744,0.9689074898551604,1.0410497135078662,1.1071333637300418,1.1538259363171934,1.195582723338273,1.238762235041056,1.2767123604474553,1.3102268682399334
PMTFPS,100,original,220,10,1.8882300175002612e-32,0.6797827508866564,0.841504652365192,0.9314388269178296,0.9980508224635039,1.0506362704578254,1.0988306606878426,1.1408225439324522,1.1818410385578726,1.2197567850213924,1.2491494981379714
PMTFPS,100,original,215,10,1.4965499036499474e-32,0.6546305111830164,0.8080429926635622,0.890421192342248,0.9500420038326902,1.0073722810688508,1.0561844943259182,1.092959839228255,1.1311125630200665,1.1618819630815087,1.1887040853649538
PMTFPS,100,original,210,10,1.6412502999467304e-32,0.6308470109805221,0.7738736484613379,0.852761528485703,0.9148331648703669,0.9653119992447046,1.0093477736404546,1.0509136032235344,1.0866583384750572,1.1152573688307978,1.1440788434662565
PMTFPS,100,original,205,10,1.3558338072188033e-32,0.6108498593938723,0.7456272553186583,0.812870885730429,0.8689792686245852,0.9219443387036108,0.9595223506111747,0.9976413872357048,1.0311760129951069,1.0635885911148033,1.089631692993604
PMTFPS,100,original,200,10,1.3694507379360744e-32,0.5840062733894427,0.7077624131007009,0.7754716251020435,0.8271479990941533,0.872285698989368,0.9147518645377956,0.9505835339351739,0.9810231649419616,1.0053530938482156,1.0327348820961242
PMTFPS,100,original,195,10,1.5355960423332064e-32,0.5632285671471127,0.6763166048826073,0.7394261475393191,0.7908162609413494,0.8314627665135624,0.8671465620402738,0.8996237822261628,0.9312104050591625,0.9585003316163222,0.9845582773171234
PMTFPS,100,original,190,10,1.3615524493788964e-32,0.5410757634684787,0.6498329959189376,0.7072799778875256,0.7528861361295813,0.7900059478407182,0.824664567017779,0.8543923838094697,0.883103973829968,0.9081431563354789,0.9328454528741856
PMTFPS,100,original,185,10,1.5199166505090164e-32,0.5220638555413043,0.6226612901939583,0.6751268422943038,0.7136965558043157,0.7498617110748745,0.7811951335327435,0.8098961051215147,0.837454920273407,0.858244799323888,0.8769529625846108
PMTFPS,100,original,180,10,1.3530447973128563e-32,0.5018793013068029,0.5929552197327806,0.6391828317296232,0.6788462537452662,0.7112044280381458,0.7397815790889811,0.7680852003841935,0.7908120211533598,0.8109524764824958,0.8323673658395041
PMTFPS,100,original,175,10,1.4075593942980062e-32,0.47929334271884566,0.5631181855457011,0.6055446907663119,0.6418860518597777,0.6765543132659152,0.7027876685766088,0.7264786879053247,0.7509329014043921,0.7697832237920342,0.7890248189188489
PMTFPS,100,original,170,10,1.5362757170161683e-32,0.46089094974355255,0.5407284786780358,0.5773485548002439,0.6090183353466135,0.6395558139660966,0.6649452568945883,0.6868654741744731,0.7069155892611019,0.7285608280497147,0.7451434633984063
PMTFPS,100,original,165,10,1.1424628308848364e-32,0.43786059611726136,0.5071756840905064,0.5410217718072194,0.5697640806344975,0.5965223730349118,0.6212583090162287,0.6404140959082009,0.6569613248772989,0.6770957114969953,0.6910233840678133
PMTFPS,100,original,160,10,1.484104825834335e-32,0.42065449273621114,0.4880015331514727,0.5210042044661044,0.548770693499867,0.5729129576334825,0.5953954360821774,0.6165038650141264,0.6318441863815236,0.6481082852833894,0.6640022122948406
PMTFPS,100,original,155,10,1.4280902571350622e-32,0.39999909143639656,0.4580571351164485,0.48700044486646005,0.512430639418639,0.5345179056834908,0.5534909616335436,0.5699750742467076,0.5876356847655814,0.6022033650213274,0.6149573423873614
PMTFPS,100,original,150,10,1.0158792804476928e-32,0.38441936800033916,0.436240074071846,0.4603443208504336,0.485704377441608,0.5066673478720144,0.5225517215769316,0.5391428515778941,0.5537904094908377,0.566480592745611,0.5782698710856314
PMTFPS,100,original,145,10,1.44494150186091e-32,0.3640229267716329,0.4140093534476894,0.43758564022788154,0.4595615936787475,0.4801655710965691,0.49743619275521267,0.5120606711594251,0.5251942870518744,0.5362296309315042,0.5472826969563819
PMTFPS,100,original,140,10,1.3515916997147998e-32,0.34628467145828257,0.39003557401239286,0.40966127573562244,0.42860445559465976,0.44593862543884766,0.4598035999544302,0.47228738260727604,0.48419211849915006,0.49220301415537515,0.502703638976627
PMTFPS,100,original,135,10,1.7522950809078833e-32,0.329239175356632,0.36806329882312616,0.38433276862573,0.39894055574992043,0.4156338247391148,0.42958741715001175,0.441528353212641,0.4524837713616801,0.4619555491169781,0.46991486446270414
PMTFPS,100,original,130,10,1.3465058581216021e-32,0.3131636121108086,0.3491054440967376,0.36274906541342394,0.3773534277523043,0.39041034663318275,0.40234251653064845,0.41291190234427405,0.4222902324854491,0.43025633448020717,0.4390717684945161
PMTFPS,100,original,125,10,1.3607087152897022e-32,0.2978124100934221,0.3263119466076225,0.34013331578734485,0.3524280286232065,0.3642975672600694,0.3745901326046921,0.3856263310654563,0.3952798914610996,0.40277735872802073,0.4090143967161655
PMTFPS,100,original,120,10,1.7964036241263065e-32,0.2804648313293897,0.3075743782827816,0.3177506513747825,0.33034983667932477,0.34109265937889577,0.35049906499229305,0.35918282246934236,0.36854564268236034,0.3733194230864216,0.3789827586229842
PMTFPS,100,original,115,10,1.4659645429166627e-32,0.26489689598037713,0.2891928629958411,0.29873085718565157,0.308936099902136,0.31887994376503465,0.3271705181275525,0.33419921750649073,0.3401607891656623,0.34701211111848573,0.3527553345664665
PMTFPS,100,original,110,10,1.3142799033259952e-32,0.25056210885691654,0.2704740530301947,0.27802242372503927,0.28686252057798944,0.2949655146944881,0.30164109720903276,0.3074565787760143,0.31370090747232976,0.31902554649680975,0.32526301697289783
PMTFPS,100,original,105,10,1.1425097050009027e-32,0.23616957880404307,0.2510843357493762,0.257559061992028,0.2667661915807168,0.2748545914921056,0.28040740366841727,0.28728228117551574,0.29186107199836575,0.2959561579103743,0.2985605582513674
PMTFPS,100,original,100,10,1.1365801293185111e-32,0.22244243145226034,0.23788633809315915,0.24388442840609584,0.25065502186058974,0.25603137185749997,0.26125412879025045,0.26539750472974,0.2697828853468645,0.2721682352123189,0.2764351140156592
PMTFPS,100,replicate2,305,10,1.4713316292062584e-32,1.1260818530546381,1.4896971229490024,1.6876122030946594,1.8295872961840303,1.9367035617340342,2.027949249230199,2.1059497904896576,2.1671367056077955,2.2125942366463827,2.265429996910072
PMTFPS,100,replicate2,300,10,2.0346178819754322e-32,1.0988030856578521,1.448971369354843,1.6310489494886382,1.7727151811660302,1.8825580920585108,1.9657708911252931,2.037200690895779,2.105305705707148,2.1620487200068395,2.206226373402818
PMTFPS,100,replicate2,295,10,1.5247915585799156e-32,1.0727550389279343,1.4012295883799013,1.5846612560961102,1.716049921735787,1.8174253782596832,1.9018319904460896,1.978420444134136,2.044890395165191,2.1002258579315987,2.154517830665129
PMTFPS,100,replicate2,290,10,1.7220378389870625e-32,1.0432150750344806,1.3641392314066008,1.5382969304515617,1.6612637199124447,1.7653387647861756,1.84533676287677,1.9041721817008814,1.9692680612938562,2.0278411307444477,2.0694861470832064
PMTFPS,100,replicate2,285,10,1.736428192619428e-32,1.0165522956091815,1.3307394320256347,1.495324885848151,1.6142678071735168,1.7109952834537814,1.796838140835194,1.8631091351377342,1.9190415663946374,1.9688864706149154,2.0162095818675128
PMTFPS,100,replicate2,280,10,1.7101318135062129e-32,0.9877092740337167,1.2853008103856336,1.4492555577687356,1.5662999160696753,1.6588745321015703,1.7401426659303922,1.8061204984908532,1.8690704457750484,1.9250942436408913,1.968164692953906
PMTFPS,100,replicate2,275,10,1.5446661837920425e-32,0.961329440989962,1.248583157027857,1.4045666408105546,1.5212140126226628,1.616429048742844,1.687899908268912,1.752454219700566,1.811232150270797,1.8535808461696042,1.8975448933950467
PMTFPS,100,replicate2,270,10,1.5157917282951793e-32,0.9349390286445345,1.2112466445655476,1.3615648392207382,1.4660577569286113,1.5537040229352577,1.6299025593269285,1.6953385574068698,1.747942456677737,1.7985993371973543,1.836780239168507
PMTFPS,100,replicate2,265,10,1.387497272621614e-32,0.9071767831546174,1.162602283718869,1.303913168341521,1.4064261709140493,1.4882102024105248,1.5608556531448474,1.6202726604308464,1.6764641419076338,1.725761942353649,1.7720085396269685
PMTFPS,100,replicate2,260,10,1.5317054906997005e-32,0.8824932188542893,1.1306279028633308,1.2683606529857971,1.3667893202315122,1.4513149705658879,1.5145559155997534,1.5692430619588615,1.6249752085487752,1.6761052535309298,1.718792638308578
PMTFPS,100,replicate2,255,10,1.438965052062452e-32,0.858906030294716,1.0964382314789034,1.2222160374122506,1.3123639575320207,1.3920791217137336,1.4604788617364846,1.5132236248780193,1.5654214186089523,1.6152212448474894,1.6549858994601976
PMTFPS,100,replicate2,250,10,1.243640610414025e-32,0.829274822299209,1.0524335574676453,1.173620997185091,1.2656140229382866,1.3447857038887723,1.4167101942367404,1.472198817261998,1.5170269450545184,1.5562928429671303,1.592777930965683
PMTFPS,100,replicate2,245,10,9.251544288012971e-33,0.80351867947931,1.0231789020993127,1.1353492864802277,1.221299587845092,1.2932907377071912,1.356702521514769,1.4128317885979709,1.4598117711004008,1.4979304159369458,1.5341244438196753
PMTFPS,100,replicate2,240,10,2.2285595371999025e-32,0.780119661611385,0.9820085722497425,1.0950624498724617,1.1836834717131124,1.2463580346263137,1.3044913611741864,1.3599304007978703,1.4038624747685167,1.4450980544688197,1.478063637039647
PMTFPS,100,replicate2,235,10,1.7810054769985148e-32,0.7553262857356807,0.9473514729343895,1.0534627280655386,1.1373307911224106,1.2066895536763198,1.260859707328802,1.307016655498399,1.3491286136199965,1.3951247560252098,1.4321493924087347
PMTFPS,100,replicate2,230,10,1.3127330574958063e-32,0.7311190659682757,0.9131299066636517,1.01351470272187,1.0862302961002508,1.1528373309995659,1.2088766051902406,1.2577001936063184,1.3021845170556436,1.3399715583950578,1.3756448751384531
PMTFPS,100,replicate2,225,10,1.3295139910475548e-32,0.7053715504950022,0.8782830452204508,0.97068690584754,1.0451013022237914,1.1074455661029277,1.1589902205330547,1.2094285364936783,1.2525977082098274,1.2872828471250668,1.3200262449601827
PMTFPS,100,replicate2,220,10,1.371606947275126e-32,0.6798168599725729,0.8436228071560696,0.9337561578817424,1.0052837899138414,1.0605201358129706,1.1083503985929426,1.1520195503280783,1.1952435202955467,1.2313325574129683,1.2581373466366927
PMTFPS,100,replicate2,215,10,1.5299711484052462e-32,0.6576785146419925,0.8106928240034776,0.8960006620469052,0.9598500301791582,1.0142062170520476,1.0566048768579317,1.1036686546598111,1.1394968560369534,1.1738875586873108,1.2011419501514955
PMTFPS,100,replicate2,210,10,1.6356722801348362e-32,0.6321795223606659,0.776410904447294,0.8493469885980817,0.9099957285010711,0.9613799096950182,1.0022554179227234,1.0412509068744198,1.07576112340588,1.1075800980971526,1.1347129691266178
PMTFPS,100,replicate2,205,10,1.6245865516851476e-32,0.6096194014941564,0.7449283655409836,0.8126303840043688,0.8693866564216511,0.9152345956971493,0.9554538063584743,0.9927269211115999,1.0252973985963314,1.0563946615628101,1.0823052062370022
PMTFPS,100,replicate2,200,10,1.3888331849295046e-32,0.5864714124651401,0.7124776107790186,0.7802817388316738,0.8340021004950684,0.8805052464858985,0.9208225538083727,0.9561830921401594,0.9838746914826355,1.0133374173367904,1.0415732032489597
PMTFPS,100,replicate2,195,10,1.2782805821870485e-32,0.5653146976273623,0.6839277714800747,0.7431000267697387,0.7917753061874631,0.8360104032337574,0.8702659625198347,0.9015124377727307,0.9309151356111183,0.9555432787167183,0.9835090348852246
PMTFPS,100,replicate2,190,10,1.9246980797998716e-32,0.5410606054135483,0.647903437955423,0.7029176487153181,0.7475650585841433,0.7899248902214674,0.82238434750387,0.8511761274157585,0.8796927158687756,0.9032402144143967,0.9266489065086312
PMTFPS,100,replicate2,185,10,1.7403656183690003e-32,0.5203668774449458,0.6274728331592596,0.6794038374360454,0.7207118132080185,0.7581500184957272,0.791663036300623,0.8200803495246992,0.8440676864376705,0.8694347655852033,0.8890780960760492
PMTFPS,100,replicate2,180,10,1.681796410344112e-32,0.4986067537872203,0.5924376447440095,0.6398141307104253,0.6802078971565763,0.7147242025833862,0.741405847327732,0.7714114367243871,0.7938193755682162,0.8148205013522288,0.8315096004749922
PMTFPS,100,replicate2,175,10,1.6166648260699368e-32,0.4797737984314902,0.5654856807772621,0.6079331334422114,0.6443639982498792,0.6770770190753445,0.7072393496530498,0.7310567141239279,0.7513816636723892,0.7730600549725042,0.7956061469312339
PMTFPS,100,replicate2,170,10,1.6645936097477662e-32,0.4623427652101434,0.5414852798037832,0.5827403789806358,0.6176668331511891,0.6469875490894508,0.6720685546626752,0.6966444555088162,0.71503233618469,0.734298909759764,0.752725144940817
PMTFPS,100,replicate2,165,10,1.5286821102134217e-32,0.4399793513898774,0.5146223391294567,0.5508231591720866,0.5811745986668903,0.6056029663580228,0.6265498486275989,0.6478266625909492,0.6667731991425493,0.6839317599687197,0.6993121538427058
PMTFPS,100,replicate2,160,10,1.1963680643611242e-32,0.4221037853067788,0.4855395421361465,0.5177833222513964,0.5457688221755036,0.5704761741594288,0.5922635968784068,0.6116518016324083,0.630817620357006,0.6460888325796998,0.6619325857662256
PMTFPS,100,replicate2,155,10,1.4194888568368892e-32,0.4019240909539322,0.45983623396561163,0.4900946512996699,0.5149162375429078,0.5374894904766164,0.5579865510390721,0.576896602479205,0.5947302976070762,0.6091242626890663,0.6207983871790594
PMTFPS,100,replicate2,150,10,1.4630114736044832e-32,0.3820814901877321,0.4345381104115851,0.4617812263069611,0.4815221429201671,0.5032686243216233,0.5225522520020164,0.5376730943415832,0.5545020232185959,0.5694657362465547,0.5809174488417266
PMTFPS,100,replicate2,145,10,1.8873862834110673e-32,0.3674557823813763,0.4129811933713771,0.4354076134405057,0.4563758810432363,0.47582663216170495,0.4924468278126638,0.5074755124707575,0.5217789776989006,0.5357422781471655,0.544677351913254
PMTFPS,100,replicate2,140,10,1.4275746418583323e-32,0.3479430040477439,0.39205949452769884,0.4136294578889217,0.4317626085226346,0.4480001632177192,0.4624022374098753,0.4748335223505025,0.4865671632338066,0.4969743259025778,0.505571257442134
PMTFPS,100,replicate2,135,10,1.5681266788832442e-32,0.32923827577036424,0.36980876975746074,0.38703719531699227,0.40395497629942545,0.41915684127401454,0.43065988435438846,0.4426975358639867,0.45432789968975945,0.4632646682456446,0.47203380248274146
PMTFPS,100,replicate2,130,10,1.264054287960915e-32,0.31365741241762324,0.3482342190597596,0.3629392215809558,0.3791875744447283,0.3899599230247358,0.4033810071723507,0.4164778037026856,0.42632174579307536,0.43408584822976987,0.4410519072625096
PMTFPS,100,replicate2,125,10,1.1644702283779818e-32,0.2968757105040595,0.3271720821079014,0.3415540953719464,0.3531051286176366,0.36654091575495584,0.3781238338410613,0.38678169778241134,0.39494115204849223,0.4019201442999238,0.410275772714314
PMTFPS,100,replicate2,120,10,1.3925596771567787e-32,0.281327515203177,0.30748356413849026,0.31949296178417247,0.3308095642865695,0.3384519043212311,0.34762027197131334,0.3576755218164997,0.36283383038361655,0.36919873579284485,0.37638370997206605
PMTFPS,100,replicate2,115,10,1.1288224631095323e-32,0.2659206728318944,0.2911860770716904,0.30006158714828546,0.3123462687368386,0.32261372243436315,0.332176351610565,0.3377493274739424,0.3440810825716799,0.34843340256915917,0.35315465521866934
PMTFPS,100,replicate2,110,10,1.6781402292909378e-32,0.25181986993081107,0.27284664105407197,0.27962840547267753,0.2899702874682603,0.29921634517522033,0.30710466726157076,0.31383670953241904,0.3190875489286644,0.32399106508366177,0.32761950087682223
PMTFPS,100,replicate2,105,10,1.5528925911616848e-32,0.2394354205197884,0.2562885375502717,0.2627060153530309,0.269447012457867,0.27620803598918175,0.282801895592248,0.28927407781258907,0.29441903387875695,0.2986755403560203,0.30236345466532055
PMTFPS,100,replicate2,100,10,1.8439339778175723e-32,0.2231187634484843,0.2398483366070471,0.2435675180814154,0.25007137655077294,0.2581866626213475,0.2647692524626302,0.26915733751006793,0.27291449636398823,0.27641442824805196,0.27905375365216645
PMTFPS,100,replicate3,305,10,1.570423510570495e-32,1.1279197027313788,1.481655721569149,1.67848809607523,1.8241653628345333,1.9372117109564784,2.0305612571676113,2.101934009135904,2.169137729553094,2.2244446775839823,2.2678864322337495
PMTFPS,100,replicate3,300,10,1.336474797283406e-32,1.104013663623673,1.4516302703627555,1.6375903310792512,1.773272914181193,1.8798376364557723,1.9679243863597378,2.0404624043833826,2.106715723834396,2.160963235336156,2.211853927407204
PMTFPS,100,replicate3,295,10,1.4947686872394267e-32,1.073810734531372,1.4098391449182115,1.5948946303897134,1.7259114706415104,1.8240387073570445,1.9104407410655586,1.9843542364208644,2.045943938772047,2.099981838937519,2.148055189589866
PMTFPS,100,replicate3,290,10,1.7145614174744817e-32,1.0475990097002008,1.3684067185320847,1.5431658636151164,1.6710836349008371,1.7709908528272522,1.8568506535417817,1.9318056905744627,1.9907837737049277,2.051743838886515,2.0979946678952386
PMTFPS,100,replicate3,285,10,1.5973995643666722e-32,1.0193578793111673,1.3290781300763193,1.501118690648279,1.6239317365151442,1.7237421650039753,1.7986038801076358,1.869840425063679,1.931209934974812,1.9804065444200742,2.0245088432154192
PMTFPS,100,replicate3,280,10,1.9468226625831825e-32,0.9881740670676662,1.2874649529478535,1.447984182300837,1.566551368827032,1.667835350317053,1.744846730627573,1.8132837106616613,1.8703096306953284,1.9216227438613593,1.96757156746812
PMTFPS,100,replicate3,275,10,1.442363425477262e-32,0.9627370195058251,1.2486923750430527,1.4112762735443531,1.5247686580166966,1.6144055256221599,1.6915526097455544,1.7655135921225575,1.8199820347356053,1.87155889800214,1.9147777627967764
PMTFPS,100,replicate3,270,10,1.6022041612634715e-32,0.9370615300178441,1.204932508902986,1.3544142786412567,1.459959217674404,1.5476675389907517,1.6263825406581318,1.689537466468026,1.7413773826305772,1.7878634498065076,1.8291455919426212
PMTFPS,100,replicate3,265,10,1.1732122510243536e-32,0.9106807844446283,1.1717638434685127,1.3109957273630273,1.4193753369058228,1.503150117089415,1.5725685997026893,1.6364083897536763,1.6974986386897115,1.7481004566571852,1.7878441948424135
PMTFPS,100,replicate3,260,10,1.6193600877437508e-32,0.8868565035025258,1.1410940453529337,1.2772054880686958,1.3741097521000927,1.4596275692441754,1.531792986698648,1.5879299892551444,1.6376761039201326,1.6838049212968902,1.7246625834763383
PMTFPS,100,replicate3,255,10,1.872644373908204e-32,0.8576622773940453,1.0944226425541228,1.2211037864015828,1.3129162664673537,1.3957724477388243,1.4638055523105797,1.5213016921852716,1.573869934025999,1.6248074836315656,1.6652615102230726
PMTFPS,100,replicate3,250,10,1.532642973021027e-32,0.8308091104096664,1.0539363161055035,1.177926046549667,1.2700254197886545,1.346018015250116,1.4090487844632762,1.4660267055016536,1.5157256152069745,1.558518469010418,1.599463772022084
PMTFPS,100,replicate3,245,10,1.2802024209457682e-32,0.8080888026233877,1.0210783734045221,1.1370758093561892,1.2296084284006592,1.306585179365531,1.3646522999707902,1.4184005323939832,1.4640637905389027,1.5044486848024765,1.5370620844727156
PMTFPS,100,replicate3,240,10,1.321568828374311e-32,0.7789597934008705,0.9812988578050572,1.0909767678405442,1.1719178929598548,1.2360804226812672,1.3008370856680602,1.3585408271832904,1.4024507756178812,1.4423818898885057,1.4782019648404505
PMTFPS,100,replicate3,235,10,1.461769309528725e-32,0.7550332508106249,0.9522343055379843,1.057006473425698,1.136303622496625,1.2022062227636932,1.2617324953376412,1.3123452835993101,1.3590144853002109,1.3972171844520944,1.4303820429735146
PMTFPS,100,replicate3,230,10,1.426168418376342e-32,0.7314982660823051,0.9142898794677201,1.0107066084862288,1.090124591221274,1.1530542159512016,1.2060885226992988,1.254183983517858,1.292265095665209,1.330369583716851,1.3665815605507106
PMTFPS,100,replicate3,225,10,1.4322854905229992e-32,0.7067346741609777,0.8803444684284342,0.9737602846994304,1.0445871341599655,1.104362316374659,1.165708298509705,1.211032442558245,1.2469150833641935,1.2858258758110637,1.3209717054669554
PMTFPS,100,replicate3,220,10,1.7753805830705542e-32,0.6799563614846771,0.8411378692996818,0.9270191441243872,0.9915302483739789,1.0459424079873378,1.0944191735607878,1.1374505154002277,1.1768400329474409,1.2122839896001714,1.2438152903685558
PMTFPS,100,replicate3,215,10,9.28201246345609e-33,0.6586194987784847,0.8111085487312438,0.8909611229807615,0.9527221429633348,1.0084725725902783,1.0570429126718834,1.0954978135931543,1.1343870890051977,1.1651994129532164,1.1946098873727533
PMTFPS,100,replicate3,210,10,1.6302583197291745e-32,0.6306683488530485,0.7753683090140913,0.8564299108924986,0.9160071846431663,0.966994947455958,1.0078579319652392,1.044315455981328,1.07956425266857,1.1112417262575676,1.1397392166413014
PMTFPS,100,replicate3,205,10,1.1816964660323604e-32,0.6112166598287072,0.7468016045295968,0.81641019742639,0.873186110085111,0.921539793543522,0.9654129293676595,0.9991606281804002,1.0287875255462038,1.057288266754003,1.0857310585269384
PMTFPS,100,replicate3,200,10,1.2765228028345605e-32,0.5878340691707072,0.7109525149137264,0.7759593242768437,0.8314594873618489,0.8792297952930177,0.9189547686599833,0.9545850854450588,0.9845368620533552,1.0127273995791313,1.0369048482185248
PMTFPS,100,replicate3,195,10,1.2700073007013397e-32,0.56408726531745,0.678847482298041,0.7414911830997927,0.7907121766557964,0.8328221412324215,0.867930412408304,0.8993909480113345,0.9284343161187367,0.9546091640683404,0.9794127399359747
PMTFPS,100,replicate3,190,10,1.6360707101214e-32,0.5422262327725885,0.6506081639749322,0.7079617780772965,0.7533630792305827,0.7912020923413071,0.8264561004720854,0.8600505206078928,0.8876292620059338,0.914148804681384,0.9346532576154688
PMTFPS,100,replicate3,185,10,1.2225472581841733e-32,0.5249701982433584,0.6245499509166597,0.6729600905475286,0.7178154378777415,0.7566690509268501,0.7876259321342938,0.8145182034537122,0.8395921213274461,0.8643174170647221,0.8850848911662144
PMTFPS,100,replicate3,180,10,1.239187569387723e-32,0.49931383402763824,0.5925595367546805,0.6418058712782281,0.6812958858696153,0.7143381938521326,0.7413235941022462,0.767925727146072,0.7927010804681023,0.8131474278088584,0.83443517239287
PMTFPS,100,replicate3,175,10,1.389278489032135e-32,0.48226474325583923,0.5680208894657655,0.6111958300075873,0.6495431678224153,0.6790288918702039,0.7070445775894404,0.7323372719600323,0.753860082624425,0.7748569326221494,0.7915354783291639
PMTFPS,100,replicate3,170,10,1.7643182916788987e-32,0.4620038940925711,0.5431005494064394,0.5806793509378265,0.6123287314779127,0.6427664761483175,0.6674318518405216,0.6919059431524253,0.7122044848524764,0.7325184343807585,0.7487580906769958
PMTFPS,100,replicate3,165,10,1.2268831139203096e-32,0.43856403922052234,0.5115377923935165,0.5498162893856743,0.5789407544554023,0.6046892518560417,0.6278914896277694,0.6499286066285033,0.6700898654648382,0.6897211557612162,0.7025927396295448
PMTFPS,100,replicate3,160,10,1.7699666226648922e-32,0.42135650571439937,0.4863985688473731,0.519823482379502,0.5488858572573085,0.5699063567281851,0.5916305006072269,0.6095944888680324,0.626946419521125,0.6454902065990297,0.6617364085130903
PMTFPS,100,replicate3,155,10,1.445199309499275e-32,0.40014679891728633,0.46231000055811455,0.48899808629564906,0.5130904747075526,0.5369069398783186,0.5582280479842687,0.5742498269644682,0.5899123168493606,0.605361026645731,0.619708308279083
PMTFPS,100,replicate3,150,10,1.0536363809391272e-32,0.3833614004583562,0.4376144862537322,0.4625772180729628,0.48667700707210493,0.508872336332699,0.52650306554254,0.5452723877945211,0.5606975480356338,0.5738115982368083,0.583526159450199
PMTFPS,100,replicate3,145,10,1.567493878316349e-32,0.3645493479591596,0.41241067408783316,0.43743496443507224,0.4610696976244165,0.4806221179439799,0.4980626164601508,0.511455134831461,0.5250447817973021,0.5354877489403224,0.5471630340578737
PMTFPS,100,replicate3,140,10,1.6580781076145454e-32,0.34824831492771513,0.39122718926600675,0.41225048248916896,0.4305494053288812,0.44852403817685216,0.463121025968282,0.476307463790023,0.4874959437277667,0.4979571315252014,0.5067374183584743
PMTFPS,100,replicate3,135,10,1.3942002712191003e-32,0.3318453254752115,0.3720369412969676,0.38945887962747067,0.40714835503367486,0.4217697010310853,0.434181924300961,0.44588093711351445,0.4574559296328694,0.4675318843635676,0.47686735179784756
PMTFPS,100,replicate3,130,10,1.1677045423865589e-32,0.31401116825255937,0.3492757817490796,0.36598010746509885,0.38067901348537936,0.3951441938184356,0.4051878345626408,0.4167862891068147,0.42722903202791224,0.43554880782864613,0.4440257339559732
PMTFPS,100,replicate3,125,10,1.7005226197126136e-32,0.2963346330247786,0.3246186109655248,0.3379921997166657,0.3501111035038066,0.3610177173240249,0.3714123202266804,0.38220386628415126,0.3904332504879329,0.39838987976708,0.4057071182590576
PMTFPS,100,replicate3,120,10,1.6549375418381008e-32,0.28382554623083056,0.311404306588605,0.32009019450340637,0.33106540061368495,0.3412669677993777,0.35017256155321086,0.36036524937504955,0.3681209042185819,0.3746024239394017,0.37848311856724826
PMTFPS,100,replicate3,115,10,1.7782867782666672e-32,0.26740025526816513,0.29163082648708133,0.300958321468504,0.31097437395338956,0.3208510550278765,0.32920429199409973,0.3375295869096869,0.34563900479125287,0.35037624763118747,0.35424704123337325
PMTFPS,100,replicate3,110,10,1.4005751510041222e-32,0.24955298889929906,0.2703321474066068,0.2778349092796034,0.2866050843705606,0.2955617916430018,0.3045692102820836,0.31099110977006905,0.31592872175209524,0.321086683085312,0.32581345463482503
PMTFPS,100,replicate3,105,10,1.3893722372642673e-32,0.23700420429879596,0.2559031196423955,0.2605642083278939,0.2665574866964484,0.27438833860641665,0.2807534488540882,0.287318799206132,0.2919365506160011,0.2975187105642217,0.3010055708558219
PMTFPS,100,replicate3,100,10,1.3895362966704996e-32,0.22340051711814893,0.23812337733201638,0.2432047159068254,0.24984514894118423,0.25620696012141214,0.2617514154239112,0.26595392643986937,0.2701286047003491,0.27374405941540203,0.27872534883192956
