folder_name,graph_file,cnt_d0,cnt_d1,cnt_d2,cnt_d3,cnt_d4,cnt_d5,cnt_d6,uts_mean,uts_std,strain_break_mean,strain_break_std,toughness_mean,toughness_std,num_directions,total_nodes,lambda_2,assortativity,avg_path_len,max_betweenness,deg_mean,deg_std,deg_skew,deg_entropy,graph_energy,avg_eigenvector_cent,frac_loops,frac_dangling,fraction_active_nodes,lambda_2_core,avg_path_core,core_density,cyclomatic_idx,cyclomatic_norm,num_bridges,num_articulations,max_k_core,mean_k_core,cycle_rank,deg_bimodality,Quadrant
10_0_26_75_43_53_9,10_0_26_75_43_53_9\output\network_N6x6x6_trial6.gpickle,10,0,26,75,43,53,9,4.30486,0.22001014787201664,13.215825,1.3010846712935324,20.02776989030833,3.1972576429728266,12,216,0.28901925045621923,-0.09272930904436419,5.122519535874971,0.05131358197258092,3.5555555555555554,1.3356461422412567,-0.5153977983775747,1.56287068998586,333.28472641496757,0.057529166214002773,0.0,0.0,0.9537037037037037,0.28901925045621923,5.122519535874971,0.018186123608808905,179,0.8689320388349514,0,0,3,2.529126213592233,169.0,0.376417584307259,Q4: Strong/Tough
10_13_50_46_13_69_15,10_13_50_46_13_69_15\output\network_N6x6x6_trial354781.gpickle,10,13,50,46,13,69,15,3.7377366666666663,0.5132044096058498,13.720016666666666,1.838512448436386,17.85719716397729,4.264943077540019,12,216,0.13556105454810344,-0.0629023321001947,5.348804167653327,0.055171532391370015,3.4166666666666665,1.636533146850604,-0.20359458240652425,1.6983928032045812,320.1924494204164,0.05727310402879744,0.0,0.06018518518518518,0.8657407407407407,0.28116676753481884,5.0679086884020474,0.02012535219366339,164,0.7961165048543689,19,18,3,2.296116504854369,154.0,0.5184814562064392,Q3: Strong/Brittle
10_14_31_40_49_48_24,10_14_31_40_49_48_24\output\network_N6x6x6_trial0.gpickle,10,14,31,40,49,48,24,3.8353491666666666,0.28950159068239834,12.465841666666668,1.368320595631943,16.765141375196876,3.193853485265571,12,216,0.21092410444948673,-0.07571221591739619,5.15609756097561,0.0579341292514765,3.5925925925925926,1.6074884772182894,-0.41150885080867783,1.8254100275568446,327.9387180292803,0.058926386585855146,0.0,0.06481481481481481,0.8842592592592593,0.288335669623183,4.9851749793331495,0.020556627170019288,183,0.8883495145631068,15,15,3,2.5728155339805827,173.0,0.4820606909856297,Q3: Strong/Brittle
10_14_38_49_33_37_35,10_14_38_49_33_37_35\output\network_N6x6x6_trial1.gpickle,10,14,38,49,33,37,35,3.8499691666666664,0.3905176168339131,12.961683333333333,1.8360246066948256,18.83647129916875,6.297052492925824,12,216,0.25652527514592416,-0.15966980641673453,5.171536822164338,0.05671743377828689,3.537037037037037,1.691076393602201,-0.16719066484946413,1.8459912934714935,323.9171332346672,0.057463899778956114,0.0,0.06481481481481481,0.8842592592592593,0.30650335009167806,5.029043813722788,0.020225957564067237,177,0.8592233009708737,15,15,3,2.558252427184466,167.0,0.47531726752641795,Q4: Strong/Tough
10_15_23_72_21_73_2,10_15_23_72_21_73_2\output\network_N6x6x6_trial11527.gpickle,10,15,23,72,21,73,2,3.717985833333333,0.26855268007284083,13.842908333333334,2.4521944683821246,18.664469599345086,4.983671101196059,12,216,0.1891683997566787,-0.04201464068460513,5.303812455600284,0.06029826626062458,3.4166666666666665,1.4695993407123669,-0.5145367818145337,1.5687611102807189,323.4057781333156,0.05710990314449672,0.0,0.06944444444444445,0.8796296296296297,0.2913488158176328,5.110219994430521,0.019660261765524923,164,0.7961165048543689,16,15,3,2.0,154.0,0.5057601468754995,Q4: Strong/Tough
10_15_33_29_78_22_29,10_15_33_29_78_22_29\output\network_N6x6x6_trial2.gpickle,10,15,33,29,78,22,29,3.6578183333333327,0.40575992131705435,12.3075125,1.6885250750932748,14.876906780745834,3.2426442450708586,12,216,0.26050829942808545,-0.1619502618352482,5.169737153682217,0.05619896825831748,3.537037037037037,1.592377246422641,-0.34611778263346255,1.7541638981019703,325.90769302992487,0.05707209841150238,0.0,0.06944444444444445,0.8842592592592593,0.3160489552823108,5.002590245246624,0.020225957564067237,177,0.8592233009708737,15,15,3,2.5097087378640777,167.0,0.4387287101680859,Q3: Strong/Brittle
10_16_39_60_18_32_41,10_16_39_60_18_32_41\output\network_N6x6x6_trial250.gpickle,10,16,39,60,18,32,41,2.8490825,0.799680302611873,12.955425000000004,2.1194222554448654,15.076097635315419,7.662348549657892,12,216,0.1424126921414965,-0.015144434199391028,5.41723892967085,0.07272235799678362,3.4814814814814814,1.745265985679024,-0.026516033735551597,1.8053082980325073,320.44394963321645,0.049808014304748814,0.0,0.07407407407407407,0.8657407407407407,0.20538615928572324,5.144270024725433,0.020527859237536656,171,0.8300970873786407,19,17,3,2.3300970873786406,161.0,0.49057589097833776,Q1: Weak/Brittle
10_16_39_63_27_21_40,10_16_39_63_27_21_40\output\network_N6x6x6_trial0.gpickle,10,16,39,63,27,21,40,3.457359166666667,0.7456227573362008,13.663725000000001,3.3911048472130245,19.063236270947915,10.139971293492218,12,216,0.20643943765824757,-0.16994080360417002,5.307269713473834,0.05885592492773223,3.4074074074074074,1.7053132493661243,0.05195819392060329,1.8023089299695079,317.21647549692176,0.050285681650301485,0.0,0.07407407407407407,0.875,0.2689365905498702,5.122030845435101,0.019756838905775075,163,0.7912621359223301,17,17,3,2.3106796116504853,153.0,0.4595442499455369,Q2: Weak/Tough
10_17_39_36_48_31_35,10_17_39_36_48_31_35\output\network_N6x6x6_trial2.gpickle,10,17,39,36,48,31,35,3.5567966666666666,0.5222742875209879,12.920016666666667,2.3933786487701627,17.211249191570836,6.757192173411456,12,216,0.19429178778808123,-0.12504448081987116,5.271134264740706,0.0681875890699718,3.5185185185185186,1.7022941028565035,-0.19500054607694878,1.8577575846419423,321.272574399011,0.055171304861192136,0.0,0.0787037037037037,0.8703703703703703,0.28570751013980317,5.0949482307429745,0.020593924223461145,175,0.8495145631067961,18,16,3,2.4611650485436893,165.0,0.4820720565600504,Q1: Weak/Brittle
10_18_20_64_29_56_19,10_18_20_64_29_56_19\output\network_N6x6x6_trial0.gpickle,10,18,20,64,29,56,19,3.947483333333333,0.4371570842449606,14.08455,2.1257070068959805,22.827898389591667,7.163962729437965,12,216,0.1987432935636713,-0.0261802032117756,5.241060857210514,0.05498643280289321,3.5185185185185186,1.5927002547588531,-0.37406728918306725,1.7634667422531063,326.1597701942027,0.05689245826323376,0.0,0.08333333333333333,0.8611111111111112,0.28229414547390824,4.985236849752979,0.020924149956408022,175,0.8495145631067961,20,20,3,2.5194174757281553,165.0,0.4716123676385742,Q4: Strong/Tough
10_18_31_51_18_63_25,10_18_31_51_18_63_25\output\network_N6x6x6_trial303.gpickle,10,18,31,51,18,63,25,3.913648333333333,0.2508997187733688,13.590845833333331,3.133452898657907,19.613630242375006,6.847800220395268,12,216,0.2476738791136034,-0.15783560493434895,5.1529244612834475,0.05346329691325518,3.564814814814815,1.6929764942700452,-0.3205180590097461,1.7847907770982663,325.1531122876127,0.05835880485019365,0.0,0.08333333333333333,0.8703703703703703,0.2955400309517282,4.96478552736375,0.02087837069063602,180,0.8737864077669902,18,18,3,2.504854368932039,170.0,0.5243089950164387,Q4: Strong/Tough
10_1_12_87_77_24_5,10_1_12_87_77_24_5\output\network_N6x6x6_trial9.gpickle,10,1,12,87,77,24,5,4.559609166666666,0.2866098054399143,15.692933333333334,2.29731138193227,27.62457043218646,7.056851780614649,12,216,0.2919270560052081,-0.2221483942414194,5.170589628226379,0.0550980752254123,3.4444444444444446,1.1412576991207843,-0.8723042663772419,1.392999537204535,331.8882969578505,0.0647543189162089,0.0,0.004629629629629629,0.9490740740740741,0.29243097534966733,5.159923481587757,0.017742706838833094,167,0.8106796116504854,1,1,3,2.8689320388349513,157.0,0.3468985505678116,Q4: Strong/Tough
10_1_17_90_68_19_11,10_1_17_90_68_19_11\output\network_N6x6x6_trial7.gpickle,10,1,17,90,68,19,11,4.192461666666666,0.42954934888852464,14.194999999999999,1.4040715728433026,21.422380918016668,4.624693950892769,12,216,0.2877599008179453,-0.298271636785764,5.21425526876628,0.05310841685780182,3.4166666666666665,1.210486587194496,-0.4939718406179013,1.4612920157140739,327.8288056836186,0.05881169239176118,0.0,0.004629629629629629,0.9490740740740741,0.28813517221448426,5.2038259206121475,0.017599234815877572,164,0.7961165048543689,1,1,2,1.9951456310679612,154.0,0.2766720525507353,Q4: Strong/Tough
10_20_30_45_45_47_19,10_20_30_45_45_47_19\output\network_N6x6x6_trial0.gpickle,10,20,30,45,45,47,19,3.9016424999999995,0.38565589766277836,13.7054,1.532563983438647,19.74095001418333,4.041792616997084,12,216,0.1810270147051578,-0.04557185787520039,5.329765569500355,0.06319510829571273,3.4444444444444446,1.612068680949656,-0.3242400821885134,1.8360315566899574,321.1083203393244,0.05579438027487725,0.0,0.09259259259259259,0.8564814814814815,0.26195644352039615,5.094947121034077,0.02062279670975323,167,0.8106796116504854,21,20,3,2.3398058252427183,157.0,0.48211259954102037,Q4: Strong/Tough
10_20_37_40_27_48_34,10_20_37_40_27_48_34\output\network_N6x6x6_trial19.gpickle,10,20,37,40,27,48,34,3.6515625000000003,0.5209915504613134,12.530425,1.912011230844369,16.947207423147916,5.235557448949024,12,216,0.2349749925275839,-0.11834240158482313,5.208003788775752,0.0549153985923243,3.5462962962962963,1.7579673619102936,-0.22772306371974732,1.862310171220928,322.48805126351664,0.05434056846079368,0.0,0.09259259259259259,0.8518518518518519,0.2722089857438277,4.987764314564029,0.02144214777856973,178,0.8640776699029126,22,22,3,2.504854368932039,168.0,0.531152432420442,Q3: Strong/Brittle
10_20_42_30_46_44_24,10_20_42_30_46_44_24\output\network_N6x6x6_trial61.gpickle,10,20,42,30,46,44,24,3.3221275,0.6532577769549195,13.117925,1.818688077124552,16.408034468525834,4.499312029253055,12,216,0.19969020460259426,-0.05072775507277828,5.3354960928250055,0.06624481101920189,3.435185185185185,1.6792477821496732,-0.23367467079193496,1.8528076582487993,320.32139542339087,0.05394660748912041,0.0,0.09259259259259259,0.8472222222222222,0.27746620250996146,5.067795592385757,0.020897135651234012,166,0.8058252427184466,23,21,3,2.378640776699029,156.0,0.5056557699131179,Q1: Weak/Brittle
10_23_20_33_76_38_16,10_23_20_33_76_38_16\output\network_N6x6x6_trial0.gpickle,10,23,20,33,76,38,16,3.820960833333333,0.4154081661542523,14.67416666666667,1.588268067389409,22.275983042270727,4.35622377637095,12,216,0.1940958843464823,-0.021530536928560808,5.276059673218091,0.05259586193603448,3.4814814814814814,1.5574283259263666,-0.5427746004928723,1.754134702207383,324.4604359580477,0.05905533955155121,0.0,0.10648148148148148,0.8379629629629629,0.2783032571330197,4.977163904235727,0.02154696132596685,171,0.8300970873786407,25,24,3,2.563106796116505,161.0,0.4999723293309441,Q4: Strong/Tough
10_24_14_63_41_47_17,10_24_14_63_41_47_17\output\network_N6x6x6_trial1.gpickle,10,24,14,63,41,47,17,3.7406341666666663,0.4601418216060916,13.805425,1.8498594172373384,19.979356632625002,6.802913038756946,12,216,0.1828650456387945,-0.11584751653985018,5.313805351645749,0.06655372458909606,3.435185185185185,1.582737596394229,-0.378591621559887,1.7704568701852004,321.6450809095339,0.05754656960730323,0.0,0.1111111111111111,0.8425925925925926,0.24974606055249876,5.033149171270718,0.021067330459595652,166,0.8058252427184466,24,24,3,2.558252427184466,156.0,0.4668205321340027,Q4: Strong/Tough
10_24_32_54_19_16_61,10_24_32_54_19_16_61\output\network_N6x6x6_trial1045.gpickle,10,24,32,54,19,16,61,3.3362366666666667,0.3371242050623018,13.380416666666669,1.1974132430878752,17.70480503456771,3.8414070251235635,12,216,0.15855921628115646,-0.06280005084805398,5.291783092588207,0.061041211522526444,3.574074074074074,1.898848109423495,-0.055555122316470286,1.779552036679887,320.34066965704477,0.05441167062842689,0.0,0.1111111111111111,0.8287037037037037,0.3084523448329452,4.967673090201494,0.022534680810997427,181,0.8786407766990292,27,25,3,2.412621359223301,171.0,0.5558853615465338,Q1: Weak/Brittle
10_24_32_58_21_16_55,10_24_32_58_21_16_55\output\network_N6x6x6_trial118.gpickle,10,24,32,58,21,16,55,3.518939166666667,0.8583194594424846,11.380412499999998,1.7513678191541464,13.385265381904167,5.621763821690915,12,216,0.1703971540109217,-0.09588482609249478,5.285342173810087,0.05542584383124122,3.5,1.855921454276674,-0.002172644782581954,1.7900557118721787,317.54399562852836,0.05441385935374306,0.0,0.1111111111111111,0.8379629629629629,0.2853446115434818,5.01767955801105,0.02166973603437692,173,0.8398058252427184,25,25,3,2.3980582524271843,163.0,0.530081448638093,Q1: Weak/Brittle
10_24_41_26_35_34_46,10_24_41_26_35_34_46\output\network_N6x6x6_trial15.gpickle,10,24,41,26,35,34,46,3.216616666666667,0.5591947844495293,11.465829166666666,1.894813494500441,13.788436671240417,5.775993901139588,12,216,0.1672440809130366,-0.05606993975829008,5.265735259294341,0.0621234451357384,3.564814814814815,1.8547893368857193,-0.182872130544147,1.8719587233818333,321.4066201329232,0.05241742592533435,0.0,0.1111111111111111,0.8379629629629629,0.27211798264522835,4.9840392879066915,0.022099447513812154,180,0.8737864077669902,25,24,3,2.378640776699029,170.0,0.5663126136733422,Q1: Weak/Brittle
10_24_42_21_52_43_24,10_24_42_21_52_43_24\output\network_N6x6x6_trial979.gpickle,10,24,42,21,52,43,24,3.5643899999999995,0.5627668370500639,12.33665,2.0052453009752527,15.193744520265623,4.149641230624698,12,216,0.1728728649916371,0.10193779645318708,5.3567605967321805,0.0760620531019184,3.4166666666666665,1.7085027016313092,-0.2448452637552375,1.8396959619073474,318.82852267644535,0.05132461825156894,0.0,0.1111111111111111,0.8287037037037037,0.2230267188105754,5.055049902705417,0.021467578934153537,164,0.7961165048543689,27,25,3,2.3300970873786406,154.0,0.5277570290988229,Q1: Weak/Brittle
10_25_38_19_45_38_41,10_25_38_19_45_38_41\output\network_N6x6x6_trial16062.gpickle,10,25,38,19,45,38,41,3.7352358333333338,0.43224977190004255,12.809574999999997,2.159083010552937,18.620715016052085,5.420192644978781,12,216,0.25528607158770816,-0.054429340873672134,5.1362538479753725,0.05054357119632338,3.5833333333333335,1.826375686475307,-0.27034653435333256,1.8592834906954883,324.20837614837967,0.05433180874273757,0.0,0.11574074074074074,0.8379629629629629,0.266818423714459,4.906077348066298,0.022222222222222223,182,0.883495145631068,25,25,3,2.470873786407767,172.0,0.5660575316198287,Q4: Strong/Tough
10_26_23_22_57_62_16,10_26_23_22_57_62_16\output\network_N6x6x6_trial144.gpickle,10,26,23,22,57,62,16,4.084383333333333,0.19930350077763864,12.932516666666665,1.2326989790924447,19.262183925012497,3.8484280818116807,12,216,0.24335626128319665,-0.0383421171869398,5.18276107032915,0.05393868955711109,3.574074074074074,1.6594493938681378,-0.5888860531390117,1.7708648171566006,326.07571604607244,0.05623196970653539,0.0,0.12037037037037036,0.8287037037037037,0.36092345317016405,4.887577678739564,0.022534680810997427,181,0.8786407766990292,27,26,3,2.4854368932038833,171.0,0.5915617502705993,Q4: Strong/Tough
10_26_27_27_49_49_28,10_26_27_27_49_49_28\output\network_N6x6x6_trial22.gpickle,10,26,27,27,49,49,28,3.645108333333333,0.39805566231021283,13.959583333333333,3.017283086606596,21.122953766124795,8.75107218622013,12,216,0.24594028869537446,-0.05306760176472291,5.22022259057542,0.05304219285395311,3.564814814814815,1.7335103977305073,-0.39705633171416077,1.8548540225800916,323.98569893831257,0.05786868628321641,0.0,0.12037037037037036,0.8333333333333334,0.29685905932725837,4.973308504034761,0.02228429546865301,180,0.8737864077669902,26,25,3,2.4854368932038833,170.0,0.5508889116552101,Q2: Weak/Tough
10_26_35_29_43_29_44,10_26_35_29_43_29_44\output\network_N6x6x6_trial2.gpickle,10,26,35,29,43,29,44,3.6357416666666666,0.4183361654983812,11.495029166666667,1.3930044535790158,14.076714399579584,4.192826197391814,12,216,0.16151591253363023,-0.09063372066794184,5.309258820743548,0.06414600946512468,3.537037037037037,1.8279006675637786,-0.18662808812336387,1.8766087314014306,318.9493727094539,0.0585754084649158,0.0,0.12037037037037036,0.8055555555555556,0.33119525865197913,4.909175470068434,0.023254268819347553,177,0.8592233009708737,32,28,3,2.4902912621359223,167.0,0.5431739872611934,Q1: Weak/Brittle
10_27_20_36_44_65_14,10_27_20_36_44_65_14\output\network_N6x6x6_trial10.gpickle,10,27,20,36,44,65,14,3.7832641666666667,0.46937322664482284,12.813741666666667,1.5956257923138564,18.340392298808332,5.884833213389223,12,216,0.22665501257168078,-0.11937031255948675,5.232914989344068,0.05809764201494655,3.5185185185185186,1.6526156679498596,-0.524940097221082,1.7839770529721712,321.8859990869156,0.059589088381108275,0.0,0.125,0.8240740740740741,0.33414437102078925,4.950104741953914,0.022344950168221925,175,0.8495145631067961,28,25,3,2.5825242718446604,165.0,0.5749956142595767,Q4: Strong/Tough
10_27_22_48_36_47_26,10_27_22_48_36_47_26\output\network_N6x6x6_trial25.gpickle,10,27,22,48,36,47,26,3.563749166666666,0.8062553637388336,11.869979166666667,1.590949124403723,14.20759924669675,4.900173807036446,12,216,0.20284593106263227,-0.027433817250216375,5.273076012313521,0.05591712413771386,3.4722222222222223,1.7075992099226311,-0.287316062629495,1.8544073064671727,320.5391011212167,0.05587912301658174,0.0,0.125,0.8240740740740741,0.277005499818048,4.965593855138704,0.022027550307877865,170,0.8252427184466019,28,26,3,2.3640776699029127,160.0,0.5113185718582436,Q1: Weak/Brittle
10_27_26_46_39_39_29,10_27_26_46_39_39_29\output\network_N6x6x6_trial21.gpickle,10,27,26,46,39,39,29,3.3133816666666664,0.5392879590075746,12.849133333333334,1.5305137690403907,16.070689182369165,3.57695916265788,12,216,0.17478854677241415,-0.007937052278614833,5.337437840397821,0.06820034836298848,3.435185185185185,1.7201052301366582,-0.20938035036264244,1.8741170743191908,319.9340141061995,0.057180754453737395,0.0,0.125,0.8240740740740741,0.22328867306148034,5.036945343744049,0.021773630419602615,166,0.8058252427184466,28,26,3,2.4029126213592233,156.0,0.5001177598244742,Q1: Weak/Brittle
10_27_39_26_50_31_33,10_27_39_26_50_31_33\output\network_N6x6x6_trial31.gpickle,10,27,39,26,50,31,33,3.631183333333334,0.452525794040762,13.315808333333335,2.493582457849995,18.888039584454166,6.440908412257145,12,216,0.16743201065525815,-0.06226968597811972,5.319156997395217,0.0527630974681132,3.4074074074074074,1.76402862283109,-0.14516519544309506,1.8704526500984577,316.61019788676185,0.05728512403079574,0.0,0.125,0.8055555555555556,0.32280893652483944,4.927513122051691,0.02232409806657365,163,0.7912621359223301,32,29,3,2.3980582524271843,153.0,0.5202390135017819,Q2: Weak/Tough
10_28_25_40_47_14_52,10_28_25_40_47_14_52\output\network_N6x6x6_trial30.gpickle,10,28,25,40,47,14,52,3.5455416666666664,0.4169460887579538,13.682483333333336,2.134531394253913,20.633665168620833,6.624794703015618,12,216,0.1907405567086616,-0.12059842083391371,5.227421264503907,0.06359099367272958,3.5555555555555554,1.8400550179643553,-0.15748453487572095,1.8210049620252333,320.4402279374196,0.058662417134345994,0.0,0.12962962962962962,0.8240740740740741,0.2934633925801559,4.912588078461246,0.022598870056497175,179,0.8689320388349514,28,25,3,2.4854368932038833,169.0,0.5219120467626566,Q2: Weak/Tough
10_28_31_31_44_45_27,10_28_31_31_44_45_27\output\network_N6x6x6_trial13.gpickle,10,28,31,31,44,45,27,3.7125966666666668,0.48653722886560513,14.505408333333335,2.273319159825684,22.095202836134792,6.836204483210408,12,216,0.22518480013907818,-0.07549034425829186,5.281884915936538,0.0569282825966651,3.4537037037037037,1.7420946271618782,-0.2665759572218461,1.8751555595031002,316.07987941188424,0.05616275370695351,0.0,0.12962962962962962,0.8194444444444444,0.30340055137449734,4.988700564971752,0.022085259373394967,168,0.8155339805825242,29,27,3,2.4514563106796117,158.0,0.5362426739995981,Q4: Strong/Tough
10_2_16_74_87_20_7,10_2_16_74_87_20_7\output\network_N6x6x6_trial11.gpickle,10,2,16,74,87,20,7,3.6152141666666666,0.7058335763650705,12.830424999999998,1.0623363937763153,16.176445613466665,4.012257830842081,12,216,0.25082667093607075,-0.22186208923231363,5.262893677480464,0.05815336365890678,3.4537037037037037,1.1776016057386023,-0.8331352257042319,1.4431283864738813,329.71006408636237,0.06318375607779983,0.0,0.009259259259259259,0.9444444444444444,0.2522641400633135,5.24244180430793,0.017917511832319134,168,0.8155339805825242,2,2,3,2.6359223300970873,158.0,0.35429211095503493,Q1: Weak/Brittle
10_2_16_81_79_23_5,10_2_16_81_79_23_5\output\network_N6x6x6_trial5.gpickle,10,2,16,81,79,23,5,4.260833333333333,0.4433263548698883,15.467916666666667,2.542336797395044,24.466938180497916,6.43033404224049,12,216,0.277523945009165,-0.18356030335154577,5.295050911674165,0.0592191279085143,3.4166666666666665,1.163686670314079,-0.8380380218246078,1.4397511704212018,328.64392134613496,0.0633068531587991,0.0,0.009259259259259259,0.9444444444444444,0.28213850247706973,5.2728677677967735,0.017724331111755046,164,0.7961165048543689,2,2,2,1.9902912621359223,154.0,0.35976240812589283,Q4: Strong/Tough
10_2_19_74_81_24_6,10_2_19_74_81_24_6\output\network_N6x6x6_trial4.gpickle,10,2,19,74,81,24,6,4.456012500000001,0.6478819403528829,13.91790833333333,0.7969335778034173,21.35950462133104,3.6314149228499986,12,216,0.29586701416038735,-0.17979452054794579,5.187639119109638,0.0607503272155153,3.435185185185185,1.1923610886415439,-0.7885202969842937,1.4779101990521377,330.95998870181666,0.06180510493207341,0.0,0.009259259259259259,0.9444444444444444,0.3062908729420359,5.166859847387231,0.01782092147203709,166,0.8058252427184466,2,2,3,2.4854368932038833,156.0,0.36164472104789164,Q4: Strong/Tough
10_2_20_68_88_22_6,10_2_20_68_88_22_6\output\network_N6x6x6_trial24.gpickle,10,2,20,68,88,22,6,3.9915141666666663,0.34283524849064007,14.203341666666667,2.121432545262098,20.956654413866662,5.452090182887833,12,216,0.24498037607536674,-0.1091003640145634,5.2564053990054465,0.051516917091779364,3.4444444444444446,1.1889408088351492,-0.8431252416803938,1.4678133837144942,330.0578011103481,0.05540320382047748,0.0,0.009259259259259259,0.9444444444444444,0.2533691454238216,5.231237322515213,0.017869216652178114,167,0.8106796116504854,2,2,3,2.6844660194174756,157.0,0.3763989995914252,Q4: Strong/Tough
10_31_28_34_48_31_34,10_31_28_34_48_31_34\output\network_N6x6x6_trial5.gpickle,10,31,28,34,48,31,34,3.5363233333333333,0.5491450834908953,12.711683333333333,2.2317950786430987,18.108594087274373,7.145299528425868,12,216,0.14065635493728723,-0.05954007616943285,5.322424816481175,0.06479861087525651,3.425925925925926,1.7753648748799429,-0.18087282577956593,1.8806258702285954,315.35770637745713,0.05640978319682712,0.0,0.14351851851851852,0.7916666666666666,0.3159797030582993,4.919435844513244,0.02304781561747506,165,0.8009708737864077,35,32,3,2.4320388349514563,155.0,0.5206574997569389,Q2: Weak/Tough
10_31_43_20_42_29_41,10_31_43_20_42_29_41\output\network_N6x6x6_trial3240.gpickle,10,31,43,20,42,29,41,2.814439166666667,0.9622044577293881,12.009570833333333,1.5191988141311983,11.95158226044375,3.7141021622773183,12,216,0.09872948368313227,-0.047781746648030324,5.494056358039309,0.07562405676528887,3.4074074074074074,1.8610880779853503,-0.07829070834812639,1.8659457109838464,314.0492178704444,0.052260195309413796,0.0,0.14351851851851852,0.7731481481481481,0.27087688972504065,4.973522833850372,0.02373566120770507,163,0.7912621359223301,39,39,3,2.2815533980582523,153.0,0.5664605925785832,Q1: Weak/Brittle
10_32_27_33_11_71_32,10_32_27_33_11_71_32\output\network_N6x6x6_trial116598.gpickle,10,32,27,33,11,71,32,3.8700258333333335,0.38945870727755666,12.672070833333335,2.2353482985933772,17.599347122960168,5.751663338151944,12,216,0.26181353839694266,-0.18836140888208378,5.170494908832583,0.04712804002009297,3.5925925925925926,1.8660566316534244,-0.3506117661194778,1.7723505702288445,319.12768069426477,0.05843280704018445,0.0,0.14814814814814814,0.8055555555555556,0.339818967282459,4.867849312338051,0.023652913427679223,183,0.8883495145631068,32,30,3,2.5,173.0,0.633434214763026,Q3: Strong/Brittle
10_33_26_22_21_83_21,10_33_26_22_21_83_21\output\network_N6x6x6_trial615.gpickle,10,33,26,22,21,83,21,3.913573333333334,0.45909795598422004,13.019995833333333,1.6867832280777233,19.773572078267293,6.161475693860331,12,216,0.10618817253972443,-0.07786850745012093,5.205162206961876,0.060474601374323284,3.5925925925925926,1.8183072970792908,-0.4794196367546689,1.7375110129976965,323.17017207790485,0.0590471204464929,0.0,0.1527777777777778,0.7870370370370371,0.3894703604776705,4.788165680473373,0.024504002784545773,183,0.8883495145631068,36,35,3,2.4854368932038833,173.0,0.6662748732504464,Q4: Strong/Tough
10_34_21_39_46_37_29,10_34_21_39_46_37_29\output\network_N6x6x6_trial96.gpickle,10,34,21,39,46,37,29,3.810676666666667,0.5908641952588505,13.40750833333333,2.5611258922130102,19.401268461824998,6.720258399113712,12,216,0.18813868739972117,-0.12704222837246626,5.287473360170495,0.05686810342811749,3.4074074074074074,1.7561375812815962,-0.22805306853188434,1.870144008452311,314.90159467272474,0.05613251587604867,0.0,0.1574074074074074,0.7962962962962963,0.3284108609896982,4.931184550523596,0.022711818305453556,163,0.7912621359223301,34,32,3,2.4320388349514563,153.0,0.5236362660721062,Q4: Strong/Tough
10_35_24_26_58_17_46,10_35_24_26_58_17_46\output\network_N6x6x6_trial331.gpickle,10,35,24,26,58,17,46,3.7574125000000005,0.457830359123788,13.851237500000002,2.56499222343891,20.763849617195834,7.307775130934427,12,216,0.20214896696231635,-0.198238511962642,5.2252900781435,0.05301446732850099,3.490740740740741,1.853402128870892,-0.18607553948983116,1.818636460007658,316.48955473455055,0.05938417028508025,0.0,0.16203703703703703,0.7824074074074074,0.3919858841815415,4.8609467455621305,0.023950408565793183,172,0.8349514563106796,37,34,3,2.4757281553398056,162.0,0.5417469052477956,Q4: Strong/Tough
10_36_9_36_65_12_48,10_36_9_36_65_12_48\output\network_N6x6x6_trial4400.gpickle,10,36,9,36,65,12,48,3.102650833333333,0.38782787985261213,11.505425,1.9824340753540832,12.204885052441668,2.960731421595253,12,216,0.22845510384529688,-0.012791941826311092,5.290457021075065,0.05572966199988464,3.564814814814815,1.8245910153001017,-0.2800064065415773,1.7281212939848243,320.79761525889177,0.0549507221857714,0.0,0.16666666666666666,0.7870370370370371,0.29292145086388355,4.924678036895232,0.024295161851722938,180,0.8737864077669902,36,35,3,2.5,170.0,0.5192774152693633,Q1: Weak/Brittle
10_37_18_19_53_58_21,10_37_18_19_53_58_21\output\network_N6x6x6_trial655.gpickle,10,37,18,19,53,58,21,3.6057058333333334,0.4514335415366314,13.549183333333332,1.5956407092624438,19.09840161042679,4.963206005442038,12,216,0.245855311576872,-0.044980446134015674,5.196353303338858,0.05033978604718217,3.509259259259259,1.7664327432677251,-0.46888008189008856,1.7897831152479764,319.44534348244395,0.060080810750487365,0.0,0.1712962962962963,0.7777777777777778,0.3698974838028032,4.817436555460508,0.024308525805531795,174,0.8446601941747572,38,37,3,2.441747572815534,164.0,0.6143352889950668,Q2: Weak/Tough
10_38_10_30_56_46_26,10_38_10_30_56_46_26\output\network_N6x6x6_trial279.gpickle,10,38,10,30,56,46,26,3.7209649999999996,0.658080902188325,14.072045833333334,3.0432342879642,21.644597060775002,9.018377859848442,12,216,0.23451041591805072,0.002277567439661681,5.262941037177362,0.05228649003777741,3.509259259259259,1.7611831585527447,-0.4323118785362369,1.7985950452416952,318.34426232028085,0.054430676721032585,0.0,0.17592592592592593,0.7777777777777778,0.334139315867346,4.851297405189621,0.024308525805531795,174,0.8446601941747572,38,35,3,2.4271844660194173,164.0,0.5725363319077713,Q4: Strong/Tough
10_38_12_41_41_33_41,10_38_12_41_41_33_41\output\network_N6x6x6_trial127.gpickle,10,38,12,41,41,33,41,3.950936666666667,0.2888008631200553,12.830408333333333,2.9034351066763233,19.09770306953021,8.132205977101776,12,216,0.21434153350803367,-0.06288580246913586,5.240634619938432,0.0579269607195162,3.5185185185185186,1.848329984374691,-0.2580756327407369,1.841819525600726,317.2313306305062,0.05437613555633354,0.0,0.17592592592592593,0.7731481481481481,0.36985207524322705,4.819565687901306,0.02460139961041772,175,0.8495145631067961,39,35,3,2.3689320388349513,165.0,0.5550926695208145,Q4: Strong/Tough
10_38_24_26_40_48_30,10_38_24_26_40_48_30\output\network_N6x6x6_trial686.gpickle,10,38,24,26,40,48,30,2.9363483333333336,0.554363096216931,11.647108333333335,0.7955994432484366,12.098972540246875,2.6402120615116926,12,216,0.2031794219745023,-0.08939923001164117,5.331375799194885,0.055527065950110165,3.4444444444444446,1.8324913891634038,-0.26337853031289304,1.8676549120616965,313.67545525703514,0.054028019181870585,0.0,0.17592592592592593,0.7638888888888888,0.3112899606918561,4.889726533628973,0.024464153732446415,167,0.8106796116504854,41,37,3,2.3737864077669903,157.0,0.5873899564558878,Q1: Weak/Brittle
10_38_7_51_19_63_28,10_38_7_51_19_63_28\output\network_N6x6x6_trial5462.gpickle,10,38,7,51,19,63,28,3.919929166666666,0.3839971087013186,12.467904166666669,2.0576876775945143,18.106443385575417,6.481630355277706,12,216,0.2174316949675699,-0.08154185459068773,5.23495145631068,0.057283420145796196,3.537037037037037,1.812640420746639,-0.3722426439789054,1.7379536022971023,319.2410401194568,0.05582668490322636,0.0,0.17592592592592593,0.7731481481481481,0.34365539285147906,4.838323353293413,0.02474568934420316,177,0.8592233009708737,39,35,3,2.5097087378640777,167.0,0.5896503169106212,Q4: Strong/Tough
10_39_28_18_27_53_41,10_39_28_18_27_53_41\output\network_N6x6x6_trial32139.gpickle,10,39,28,18,27,53,41,3.5097183333333337,0.39124704305236896,12.463745833333332,1.6325037015601649,16.652472914802082,5.547872861346918,12,216,0.17927740291003968,-0.02809725137726779,5.314421027705423,0.06181728453455563,3.5555555555555554,1.942856494449524,-0.28276801211296004,1.8433214882800477,317.0448691163784,0.05457419563722742,0.0,0.18055555555555555,0.75,0.35438597414267636,4.806686603788053,0.026071620274518825,179,0.8689320388349514,44,41,3,2.4029126213592233,169.0,0.648790208272839,Q1: Weak/Brittle
10_3_12_74_87_21_9,10_3_12_74_87_21_9\output\network_N6x6x6_trial1.gpickle,10,3,12,74,87,21,9,4.236379166666667,0.4425155204520766,13.730441666666666,1.8872722089735456,19.232000938526248,4.666001108696655,12,216,0.26397932753222636,-0.20259646592138797,5.236703765095903,0.059190809531899424,3.5,1.2018504251546631,-0.8080488435396367,1.4545127447134425,332.5085805796599,0.06152595357986172,0.0,0.013888888888888888,0.9398148148148148,0.26988018208681086,5.201677803248305,0.01829000634053553,173,0.8398058252427184,3,3,3,2.8640776699029127,163.0,0.3470422930590645,Q4: Strong/Tough
10_3_12_76_85_23_7,10_3_12_76_85_23_7\output\network_N6x6x6_trial3.gpickle,10,3,12,76,85,23,7,4.2123225,0.406710865216823,13.976233333333333,1.6234538805344065,20.97289783302875,4.984349876773657,12,216,0.25555678998293907,-0.14392848316474327,5.283968742600047,0.0517319947170361,3.4814814814814814,1.1861974843504297,-0.86296782655688,1.4463923138573294,329.7337297516236,0.06097358963056024,0.0,0.013888888888888888,0.9398148148148148,0.2726604180256714,5.247329659074282,0.018192459640052675,171,0.8300970873786407,3,3,3,2.7524271844660193,161.0,0.3631032560916202,Q4: Strong/Tough
10_3_14_84_73_27_5,10_3_14_84_73_27_5\output\network_N6x6x6_trial5.gpickle,10,3,14,84,73,27,5,4.248970833333334,0.4936754470037026,13.974183333333334,1.424580238662915,20.82544612686667,6.224802295600148,12,216,0.2767411800747815,-0.041722443409991476,5.242197489936064,0.05610690512746934,3.425925925925926,1.1840272120848723,-0.8021956839136819,1.4600218073993656,330.37392925190954,0.059396608415983,0.0,0.013888888888888888,0.9398148148148148,0.2790316952534434,5.2121153001999705,0.017899819538604107,165,0.8009708737864077,3,3,2,1.9854368932038835,155.0,0.36051707471970773,Q4: Strong/Tough
10_3_15_72_85_27_4,10_3_15_72_85_27_4\output\network_N6x6x6_trial4.gpickle,10,3,15,72,85,27,4,3.90021,0.29988013533187996,13.703324999999998,1.231782189975836,19.04405348803333,3.7632263250125693,12,216,0.25212167009550357,-0.13775270333803483,5.254558370826427,0.04924800616938573,3.462962962962963,1.1779291773177227,-0.9565443899245589,1.4538870604160758,330.13253333268113,0.062323043170625474,0.0,0.013888888888888888,0.9398148148148148,0.26694140854974463,5.223918450958396,0.01809491293956982,169,0.8203883495145631,3,3,3,2.5533980582524274,159.0,0.4096346658554524,Q4: Strong/Tough
10_3_15_85_73_22_8,10_3_15_85_73_22_8\output\network_N6x6x6_trial9.gpickle,10,3,15,85,73,22,8,3.5943791666666662,0.5892728640233702,13.261666666666668,1.0406612660013612,17.665309882072293,4.945614196884666,12,216,0.2518517294429579,-0.29901825057156656,5.26000473596969,0.057408224576874965,3.4166666666666665,1.2028130608117205,-0.6657726176165548,1.4752330228447712,327.0581893306596,0.06386369221488931,0.0,0.013888888888888888,0.9398148148148148,0.2662694962000091,5.2281129590791595,0.01785104618836268,164,0.7961165048543689,3,3,2,1.9854368932038835,154.0,0.32126821063476824,Q1: Weak/Brittle
10_3_21_63_87_24_8,10_3_21_63_87_24_8\output\network_N6x6x6_trial6.gpickle,10,3,21,63,87,24,8,4.456910833333333,0.4134223776288671,13.907491666666665,2.1005934187185984,22.327932627725,7.428464250355021,12,216,0.2960317464964178,-0.26921204534390947,5.1508406346199385,0.049399392416595585,3.4722222222222223,1.2357209121964015,-0.7606059618949544,1.520107216315918,331.104370200198,0.06342529200452593,0.0,0.013888888888888888,0.9398148148148148,0.30377560599920717,5.117787640833049,0.018143686289811247,170,0.8252427184466019,3,3,2,1.9854368932038835,160.0,0.3729880350566957,Q4: Strong/Tough
10_40_19_21_35_57_34,10_40_19_21_35_57_34\output\network_N6x6x6_trial1498.gpickle,10,40,19,21,35,57,34,3.5866783333333334,0.6207625631945672,10.872095833333335,1.3224150630346632,12.838356068578333,3.3187926396868987,12,216,0.21681501785883056,-0.008815385006222304,5.239687426000474,0.04870469451143321,3.564814814814815,1.8869588905419579,-0.3735442206375269,1.832464967191107,319.8215060997584,0.054222057031987694,0.0,0.18518518518518517,0.7592592592592593,0.3495657337889701,4.772257967978453,0.02566212778692204,180,0.8737864077669902,42,39,3,2.4271844660194173,170.0,0.6367618587201668,Q1: Weak/Brittle
10_40_31_28_24_40_43,10_40_31_28_24_40_43\output\network_N6x6x6_trial534.gpickle,10,40,31,28,24,40,43,2.6791424999999998,0.6925351216981104,11.4158125,2.3712408226957358,11.436259225037501,5.6706115126981675,12,216,0.10451294696755063,0.008463607117724058,5.547951693109164,0.06205970882591291,3.425925925925926,1.93985348675321,-0.1086333286234409,1.8757578808963202,312.2448872765943,0.05434398107775447,0.0,0.18518518518518517,0.7268518518518519,0.31623269520930997,4.870814959986935,0.02621264086232239,165,0.8009708737864077,49,43,3,2.3155339805825244,155.0,0.6155040271765833,Q1: Weak/Brittle
10_42_3_39_55_41_26,10_42_3_39_55_41_26\output\network_N6x6x6_trial340.gpickle,10,42,3,39,55,41,26,3.3721175000000003,0.6904157371362681,11.37625,1.506333366296009,13.066667353177083,4.614871304394213,12,216,0.21932415110468878,-0.08759354681716691,5.273549609282501,0.05470580091523243,3.4537037037037037,1.7605989051459445,-0.3864036763342252,1.7477181953039636,315.7045116635288,0.05733583274167866,0.0,0.19444444444444445,0.7592592592592593,0.3214962291676506,4.830166093071973,0.024764327397875204,168,0.8155339805825242,42,39,3,2.5194174757281553,158.0,0.5556707610795532,Q1: Weak/Brittle
10_44_16_35_44_13_54,10_44_16_35_44_13_54\output\network_N6x6x6_trial575056.gpickle,10,44,16,35,44,13,54,3.2343475000000006,0.4126729800969326,12.653320833333332,1.9206549407535367,16.25212103217917,6.262442174462588,12,216,0.18585895328256372,-0.06669019376389776,5.294766753492778,0.06021091125353354,3.4537037037037037,1.9478585547327458,-0.10502383201896842,1.79387738646109,312.7794505958127,0.05146803967661101,0.0,0.2037037037037037,0.7453703703703703,0.2628300221024405,4.835714285714285,0.02546583850931677,168,0.8155339805825242,45,42,3,2.3689320388349513,158.0,0.5780100361027473,Q1: Weak/Brittle
10_48_16_27_23_55_37,10_48_16_27_23_55_37\output\network_N6x6x6_trial2738.gpickle,10,48,16,27,23,55,37,3.2347208333333337,0.7138734432593583,12.445012499999997,1.6640023763160368,15.549276472023957,5.526838634435997,12,216,0.1668565885308319,-0.013183802756613837,5.392327729102534,0.05737487544349322,3.4722222222222223,1.9553266911531184,-0.24813127785799186,1.818259105307011,312.6667330400692,0.05191482209955948,0.0,0.2222222222222222,0.7083333333333334,0.2869735724042446,4.7975576195390435,0.027691778465772275,170,0.8252427184466019,53,48,3,2.296116504854369,160.0,0.6527180447884118,Q1: Weak/Brittle
10_4_16_77_77_25_7,10_4_16_77_77_25_7\output\network_N6x6x6_trial0.gpickle,10,4,16,77,77,25,7,4.197255,0.6411161944673783,13.6471,1.9619027405387182,19.12371368776458,5.020849971191846,12,216,0.2470144637362251,-0.23248923919727607,5.252095666587734,0.054388042147041335,3.435185185185185,1.2192373766093552,-0.7382255628693798,1.5050388263840906,329.2801814369411,0.06137800902808896,0.0,0.018518518518518517,0.9351851851851852,0.25330948289769883,5.212994433771735,0.018077927195704644,166,0.8058252427184466,4,4,3,2.8058252427184467,156.0,0.35720634760595904,Q4: Strong/Tough
10_4_9_80_82_24_7,10_4_9_80_82_24_7\output\network_N6x6x6_trial0.gpickle,10,4,9,80,82,24,7,4.013555833333333,0.7010665851693206,14.392933333333337,1.7354107349238364,21.36373294600833,5.408045538170804,12,216,0.25293784398809765,-0.16179416658177806,5.261188728392138,0.05598112347484941,3.4814814814814814,1.1900940009673797,-0.8624539059832571,1.4393810855000764,332.4404346483175,0.06224990226838382,0.0,0.018518518518518517,0.9351851851851852,0.25960375814439907,5.227230185705138,0.018324220481749667,171,0.8300970873786407,4,4,3,2.8592233009708736,161.0,0.3626314773146913,Q4: Strong/Tough
10_5_10_79_78_28_6,10_5_10_79_78_28_6\output\network_N6x6x6_trial2.gpickle,10,5,10,79,78,28,6,4.425084166666666,0.505688006341498,14.609575,2.3451728056886694,23.61742292274271,8.006761176343053,12,216,0.27284060106431746,-0.04789792930349115,5.217807246033625,0.05573510736055273,3.4722222222222223,1.2092110477599398,-0.8540667875382763,1.4717559847720894,331.4919167581632,0.06065279315506448,0.0,0.023148148148148147,0.9305555555555556,0.28838509614889185,5.165373134328358,0.018407960199004977,170,0.8252427184466019,5,5,3,2.6844660194174756,160.0,0.38126195202207386,Q4: Strong/Tough
10_5_11_75_88_20_7,10_5_11_75_88_20_7\output\network_N6x6x6_trial0.gpickle,10,5,11,75,88,20,7,3.7108916666666665,0.8462825133964162,13.986658333333333,2.5062921655499832,19.116613261806254,9.016582058384031,12,216,0.2705208630545612,-0.19491636688286285,5.235282974188965,0.056509787528113344,3.4537037037037037,1.1932236080782055,-0.8795636874972017,1.4456341799218246,330.8930176429552,0.062256266062257405,0.0,0.023148148148148147,0.9305555555555556,0.28320344256342045,5.180398009950249,0.018308457711442787,168,0.8155339805825242,5,5,3,2.4805825242718447,158.0,0.3746735159993314,Q4: Strong/Tough
10_5_17_69_84_24_7,10_5_17_69_84_24_7\output\network_N6x6x6_trial2.gpickle,10,5,17,69,84,24,7,4.53229,0.47425270123989116,16.119975,2.154024866819091,28.557841586522922,7.041056765766931,12,216,0.25176340985498,-0.17707265491939977,5.205162206961876,0.05833129941746843,3.4444444444444446,1.231028878120018,-0.7876958978052773,1.5166011380876199,330.69906761871454,0.06227336618157744,0.0,0.023148148148148147,0.9305555555555556,0.2649432488513188,5.147164179104478,0.01825870646766169,167,0.8106796116504854,5,5,3,2.6262135922330097,157.0,0.3809817722623324,Q4: Strong/Tough
10_5_27_58_46_63_7,10_5_27_58_46_63_7\output\network_N6x6x6_trial0.gpickle,10,5,27,58,46,63,7,4.127761666666667,0.48227745954020657,13.876262500000003,2.8147258048168893,21.936691910705004,9.574241011941696,12,216,0.2822658407162219,-0.07897984368572593,5.1118636040729335,0.05266013550791892,3.5833333333333335,1.4018836534383932,-0.6448500267536167,1.6423029746727194,332.2573460184715,0.06272048990087822,0.0,0.023148148148148147,0.9305555555555556,0.29587233878146746,5.061990049751244,0.01900497512437811,182,0.883495145631068,5,5,3,2.703883495145631,172.0,0.46471397540585074,Q4: Strong/Tough
10_6_17_76_75_24_8,10_6_17_76_75_24_8\output\network_N6x6x6_trial0.gpickle,10,6,17,76,75,24,8,3.9069233333333337,0.6665069612956459,13.551258333333335,2.2899001530118928,20.204829669859375,7.941044069675329,12,216,0.23799349878363857,-0.08515073643675221,5.318209803457258,0.05693072867561564,3.4074074074074074,1.2511996986376939,-0.6615564571256493,1.54288395753121,327.6611127476066,0.055910478807439955,0.0,0.027777777777777776,0.9259259259259259,0.26099861477666964,5.24572864321608,0.018190954773869346,163,0.7912621359223301,6,6,3,2.0485436893203883,153.0,0.3550647361752254,Q4: Strong/Tough
10_6_22_64_54_46_14,10_6_22_64_54_46_14\output\network_N6x6x6_trial3.gpickle,10,6,22,64,54,46,14,4.479632499999999,0.42334218073021807,13.603333333333332,2.5659748057782816,21.78948539092208,7.331000822322586,12,216,0.2692398895245394,-0.062513284870127,5.099455363485673,0.054660106516724705,3.574074074074074,1.4089903378983162,-0.5286033160315871,1.688161257583269,334.5349706907757,0.06044633766836158,0.0,0.027777777777777776,0.9259259259259259,0.2798963845054952,5.041608040201005,0.019095477386934675,181,0.8786407766990292,6,6,3,2.703883495145631,171.0,0.40131781779338543,Q4: Strong/Tough
11_0_10_80_89_22_4,11_0_10_80_89_22_4\output\network_N6x6x6_trial5.gpickle,11,0,10,80,89,22,4,4.659981666666666,0.6047149847356925,13.724166666666667,2.0713295940584207,20.712347711866666,4.731571293650953,12,216,0.30558097111998545,-0.04315940318637695,5.19713055954089,0.0589660476511375,3.4722222222222223,1.1259426777506245,-1.1179139020249043,1.3336044353269612,332.43961490069626,0.06258329388698423,0.0,0.0,0.9490740740740741,0.30558097111998545,5.19713055954089,0.017934002869440458,171,0.8341463414634146,0,0,3,2.8390243902439023,160.0,0.4025894862951791,Q4: Strong/Tough
11_0_13_82_80_24_6,11_0_13_82_80_24_6\output\network_N6x6x6_trial25.gpickle,11,0,13,82,80,24,6,4.536435833333333,0.3058364437478071,14.115816666666667,2.075346281882188,21.93677168144167,5.231632588247557,12,216,0.2785541210692985,-0.11523181172941478,5.1957914873266375,0.06222075972373535,3.462962962962963,1.1700421480689864,-0.890594532918778,1.400009206568052,330.33454806071427,0.06160484008533756,0.0,0.0,0.9490740740740741,0.2785541210692985,5.1957914873266375,0.01788617886178862,170,0.8292682926829268,0,0,3,2.795121951219512,159.0,0.3568113178168603,Q4: Strong/Tough
11_0_49_25_87_41_3,11_0_49_25_87_41_3\output\network_N6x6x6_trial14.gpickle,11,0,49,25,87,41,3,3.9785858333333333,0.4781494296670991,14.272091666666666,2.361594183123741,21.436559604188332,7.164580696695339,12,216,0.26499161251006076,-0.09048270470978977,5.217503586800574,0.05545399439731878,3.4444444444444446,1.3321754231424214,-0.7442695363665051,1.478823610676121,327.1951551522068,0.06196786728802373,0.0,0.0,0.9490740740740741,0.26499161251006076,5.217503586800574,0.017790530846484937,168,0.8195121951219512,0,0,2,2.0,157.0,0.4942362733578896,Q4: Strong/Tough
11_0_62_36_28_74_5,11_0_62_36_28_74_5\output\network_N6x6x6_trial14.gpickle,11,0,62,36,28,74,5,3.6067250000000004,0.9656612149843236,13.417916666666668,1.5557351342871817,17.36737524746667,6.7775704339974805,12,216,0.22612009634082175,-0.12640823293669415,5.208799617407939,0.06349076584893876,3.4444444444444446,1.5020562038439742,-0.3725955934881599,1.5275210261925791,325.2529109160959,0.057555014669877544,0.0,0.0,0.9490740740740741,0.22612009634082175,5.208799617407939,0.017790530846484937,168,0.8195121951219512,0,0,3,2.1951219512195124,157.0,0.5071766136409068,Q1: Weak/Brittle
11_10_55_31_45_31_33,11_10_55_31_45_31_33\output\network_N6x6x6_trial2.gpickle,11,10,55,31,45,31,33,3.5080308333333328,0.49931604491307796,13.501241666666665,1.888620473810771,18.178704358281248,5.529734211447936,12,216,0.21566134472226955,-0.030419626297479255,5.2982305117168815,0.06274180425031817,3.4537037037037037,1.688107965978805,-0.10199983435224715,1.8132515911811755,320.07543382142023,0.054770157461252154,0.0,0.046296296296296294,0.8981481481481481,0.24510376372716083,5.178783184658939,0.019336573900966828,169,0.824390243902439,11,11,3,2.370731707317073,158.0,0.4735163329432315,Q2: Weak/Tough
11_11_43_46_20_51_34,11_11_43_46_20_51_34\output\network_N6x6x6_trial74.gpickle,11,11,43,46,20,51,34,3.493759166666667,0.5088534994059084,14.867925,2.3886547096378323,21.916906115491667,6.707107802650649,12,216,0.2374180123634021,-0.17128360685841812,5.129411764705883,0.054589301430074025,3.5833333333333335,1.7246846195861538,-0.2249325695753868,1.8061264827218704,325.00340581987894,0.05387566077525175,0.0,0.05092592592592592,0.8935185185185185,0.30212841327580364,5.001727115716753,0.02023963730569948,183,0.8926829268292683,12,12,3,2.5707317073170732,172.0,0.5089820696631661,Q2: Weak/Tough
11_12_20_69_45_25_34,11_12_20_69_45_25_34\output\network_N6x6x6_trial0.gpickle,11,12,20,69,45,25,34,3.3904175000000003,0.48903834853252215,12.961666666666666,1.3331549499422621,17.239588058775833,4.938959244553,12,216,0.1488434409137283,-0.012823609242199602,5.285318029650885,0.06120194226980909,3.5555555555555554,1.5976448716164897,-0.23378493783912935,1.7644835577543143,327.75464864207254,0.053065377693172634,0.0,0.05555555555555555,0.8888888888888888,0.2472431391736085,5.12041884816754,0.02023342059336824,180,0.8780487804878049,13,12,3,2.4634146341463414,169.0,0.39918128843421263,Q1: Weak/Brittle
11_13_14_69_60_28_21,11_13_14_69_60_28_21\output\network_N6x6x6_trial2.gpickle,11,13,14,69,60,28,21,4.184068333333332,0.5691718627800881,13.907491666666667,2.408450531101664,21.142680057062503,6.543851053731298,12,216,0.23674808705626826,-0.19148123341023987,5.18259206121473,0.05705695054761218,3.490740740740741,1.4813367984906112,-0.4092336563496839,1.709913998934025,325.57664012356867,0.05677753472391007,0.0,0.06018518518518518,0.8888888888888888,0.2999858069398658,5.028359511343805,0.019851657940663178,173,0.8439024390243902,13,11,3,2.4048780487804877,162.0,0.38081457740214963,Q4: Strong/Tough
11_14_28_62_22_42_37,11_14_28_62_22_42_37\output\network_N6x6x6_trial46.gpickle,11,14,28,62,22,42,37,3.66577,0.4814025617228613,12.394966666666669,1.4931995503690128,16.764265299239586,3.133579674285891,12,216,0.1888623765630209,-0.003355601391496515,5.149210903873745,0.06856133124623295,3.5925925925925926,1.7080259183405002,-0.22782726508921722,1.8053861415604715,327.04289035491655,0.05583375490693677,0.0,0.06481481481481481,0.875,0.30862697526851385,4.976584487222785,0.02093887200270179,184,0.8975609756097561,16,16,3,2.497560975609756,173.0,0.4761975220525989,Q3: Strong/Brittle
11_15_28_64_27_39_32,11_15_28_64_27_39_32\output\network_N6x6x6_trial2.gpickle,11,15,28,64,27,39,32,3.8766525,0.5951242931260243,13.87417916666667,3.261815443089064,20.174284211207915,7.552090618631462,12,216,0.20790673315527414,-0.07740483341737593,5.20363462458154,0.0587966675058801,3.509259259259259,1.669416455877624,-0.1892834514343846,1.8139918655174783,323.71450419015787,0.05591573244303886,0.0,0.06944444444444445,0.875,0.28850507051143837,5.028481368906901,0.020432286389733198,175,0.8536585365853658,16,15,3,2.497560975609756,164.0,0.4527605973071872,Q4: Strong/Tough
11_15_43_40_46_25_36,11_15_43_40_46_25_36\output\network_N6x6x6_trial2.gpickle,11,15,43,40,46,25,36,3.6627041666666664,0.6219461600553852,14.6679125,2.3442266335017075,21.62385607060833,5.646022191261629,12,216,0.20749835585654453,-0.12138195182741808,5.292778574844572,0.06246643353249224,3.4537037037037037,1.704483517185383,-0.10874883971000401,1.8480540289743537,318.85623105176296,0.05227263726784806,0.0,0.06944444444444445,0.8703703703703703,0.248223399891347,5.1107634543178975,0.02025258846285129,169,0.824390243902439,17,17,3,2.4634146341463414,158.0,0.4654994235110204,Q4: Strong/Tough
11_15_48_35_26_48_33,11_15_48_35_26_48_33\output\network_N6x6x6_trial3.gpickle,11,15,48,35,26,48,33,3.6563725000000002,0.3437523062740816,13.713745833333332,2.4881604655396137,20.381465454145832,7.036042617278993,12,216,0.20390248587638699,-0.11545740461254607,5.210234337637494,0.05853270297877846,3.509259259259259,1.7559178794725294,-0.17957762822461087,1.842105538547338,320.4830483080807,0.05838395550216467,0.0,0.06944444444444445,0.8657407407407407,0.2692643713710493,5.016732792823874,0.020757863262607097,175,0.8536585365853658,18,17,3,2.448780487804878,164.0,0.5268798899739676,Q4: Strong/Tough
11_15_50_30_35_43_32,11_15_50_30_35_43_32\output\network_N6x6x6_trial32.gpickle,11,15,50,30,35,43,32,4.2234125,0.363067824153307,14.278325,1.9954750554379277,21.92723913198959,5.318453442745654,12,216,0.1870259620584692,-0.11263689974726246,5.209660449545672,0.05756281239628887,3.4814814814814814,1.7399525402290885,-0.1693350301390283,1.8488570708548546,319.452575256517,0.05847163409219917,0.0,0.06944444444444445,0.8703703703703703,0.27338979869105734,5.023381499601775,0.02042325634315622,172,0.8390243902439024,17,16,3,2.424390243902439,161.0,0.5161038616001793,Q4: Strong/Tough
11_16_42_27_49_49_22,11_16_42_27_49_49_22\output\network_N6x6x6_trial0.gpickle,11,16,42,27,49,49,22,3.7691774999999996,0.5090277881760648,13.476258333333334,1.1113939269061572,18.96446461085,4.428144343120438,12,216,0.20952452584010833,-0.043634456317671114,5.221425155428025,0.054267130090893886,3.490740740740741,1.6610760143284318,-0.3383381348597024,1.8284760461315663,322.8664342580804,0.058016717314897326,0.0,0.07407407407407407,0.8657407407407407,0.3131390310108881,5.023057903513312,0.020642861250071875,173,0.8439024390243902,18,16,3,2.473170731707317,162.0,0.5108041668330857,Q4: Strong/Tough
11_16_52_21_41_47_28,11_16_52_21_41_47_28\output\network_N6x6x6_trial1320.gpickle,11,16,52,21,41,47,28,2.9216225,0.8233368683101407,12.701216666666665,1.8901849560441315,15.33447203530146,7.579636525156602,12,216,0.11589585075500373,0.049350735611570044,5.380105212816834,0.06869808682647377,3.4722222222222223,1.7318280500851486,-0.21793513415547627,1.8259588224286103,321.53538655802816,0.053816472249543626,0.0,0.07407407407407407,0.8518518518518519,0.20763855699953893,5.078937990021383,0.021026372059871703,171,0.8341463414634146,21,21,3,2.4146341463414633,160.0,0.5294245716206497,Q1: Weak/Brittle
11_17_45_35_36_34_38,11_17_45_35_36_34_38\output\network_N6x6x6_trial1.gpickle,11,17,45,35,36,34,38,3.7772233333333336,0.4255141416438341,14.995016666666665,2.7438012907380074,23.05906892637421,7.151809403761049,12,216,0.22440677220275884,-0.13569007263922542,5.246102343376375,0.05854152227126155,3.490740740740741,1.7664327432677247,-0.13588600035707657,1.8687520987373885,318.47774417885586,0.04887390620814594,0.0,0.0787037037037037,0.8657407407407407,0.2686326892496397,5.065033638088667,0.020642861250071875,173,0.8439024390243902,18,18,3,2.3024390243902437,162.0,0.5103082686213694,Q4: Strong/Tough
11_18_36_28_36_64_23,11_18_36_28_36_64_23\output\network_N6x6x6_trial16.gpickle,11,18,36,28,36,64,23,3.26646,0.5385950290957638,11.005416666666667,1.5243315252558707,12.513640213552081,4.0823567620709005,12,216,0.20101886773585861,-0.16189670112649182,5.149593495934959,0.05010771112587632,3.5925925925925926,1.7080259183405002,-0.43966226948063064,1.819706584545053,324.3788590263264,0.05819254826714433,0.0,0.08333333333333333,0.8564814814814815,0.2965870340745659,4.938307873090482,0.021621621621621623,184,0.8975609756097561,20,20,3,2.5414634146341464,173.0,0.5617255824305734,Q1: Weak/Brittle
11_19_44_24_41_29_48,11_19_44_24_41_29_48\output\network_N6x6x6_trial44.gpickle,11,19,44,24,41,29,48,3.615470833333333,0.4855629559843971,13.576275,1.6148971206266771,18.99876975330292,4.16265600673587,12,216,0.1725754180110936,-0.14440491191658697,5.188809182209469,0.0540911100412055,3.5925925925925926,1.8410797809831958,-0.20071021015330529,1.8529427282686013,321.5750448943177,0.05871524036610863,0.0,0.08796296296296297,0.8564814814814815,0.3141567012790686,4.993537015276146,0.021621621621621623,184,0.8975609756097561,20,18,3,2.4292682926829268,173.0,0.5488160267902954,Q2: Weak/Tough
11_19_52_33_30_28_43,11_19_52_33_30_28_43\output\network_N6x6x6_trial5.gpickle,11,19,52,33,30,28,43,3.2294525000000003,0.4579675419926067,14.2991625,2.6126302437330753,18.837946136133333,6.84740857688322,12,216,0.17916949470424925,-0.039719118896822204,5.337254901960784,0.06017637521735643,3.425925925925926,1.8216989613062147,-0.014259251639697594,1.8556494067158036,316.3934945208588,0.05055668406371786,0.0,0.08796296296296297,0.8518518518518519,0.22048766645389103,5.1107745307674035,0.020729389403658826,166,0.8097560975609757,21,21,3,2.4048780487804877,155.0,0.5343877552476831,Q2: Weak/Tough
11_1_14_80_83_21_6,11_1_14_80_83_21_6\output\network_N6x6x6_trial5.gpickle,11,1,14,80,83,21,6,4.060804166666666,0.8026887239091952,13.822083333333332,1.9339337436226252,19.485530286052082,5.736179507749006,12,216,0.25534058135450965,-0.19673044940329498,5.310569105691057,0.07066057536016829,3.435185185185185,1.172786710962463,-0.8945169525702004,1.4153937787768311,326.9124800940995,0.06028702239013325,0.0,0.004629629629629629,0.9444444444444444,0.255406807225403,5.302714189123925,0.017869216652178114,167,0.8146341463414634,1,1,3,2.848780487804878,156.0,0.3635813160276512,Q4: Strong/Tough
11_1_16_67_92_22_7,11_1_16_67_92_22_7\output\network_N6x6x6_trial0.gpickle,11,1,16,67,92,22,7,4.354008333333334,0.34369388785258054,13.855391666666668,1.6082084154208853,20.88050511064375,3.8150470749287604,12,216,0.2655194674929148,-0.21563090974056154,5.131707317073171,0.04655652607558985,3.490740740740741,1.1979563645238311,-0.9314516000903487,1.439715781936039,331.75800885160254,0.061147478285556174,0.0,0.004629629629629629,0.9444444444444444,0.2784055929712451,5.11672945040085,0.018158987733024243,173,0.8439024390243902,1,1,3,2.5707317073170732,162.0,0.3859694391671775,Q4: Strong/Tough
11_20_28_65_21_25_46,11_20_28_65_21_25_46\output\network_N6x6x6_trial1323.gpickle,11,20,28,65,21,25,46,3.7849583333333334,0.5857008211654555,14.103333333333333,1.6288464846496598,20.7570880475375,5.578250634842935,12,216,0.11744221544875648,-0.16527668469858575,5.226972740315638,0.07623121209083854,3.5,1.784708711578779,-0.06596738020928188,1.803737836608335,320.0283142937861,0.054058792905651125,0.0,0.09259259259259259,0.8472222222222222,0.32803206533827667,4.942172581516844,0.021377529574250886,174,0.848780487804878,22,20,3,2.3658536585365852,163.0,0.48882703933741467,Q4: Strong/Tough
11_20_33_40_47_34_31,11_20_33_40_47_34_31\output\network_N6x6x6_trial2.gpickle,11,20,33,40,47,34,31,4.044601666666667,0.36508003282005014,13.682483333333332,1.3705298937718295,20.702266689555206,4.25085111195504,12,216,0.18002014629855465,-0.04016672982190463,5.251554280248685,0.056487758553960724,3.4722222222222223,1.7021681888726146,-0.22843201457918066,1.8727866501787251,319.5481223883436,0.050844218547224,0.0,0.09259259259259259,0.8518518518518519,0.29724017275533643,5.025481111903065,0.021026372059871703,171,0.8341463414634146,21,20,3,2.424390243902439,160.0,0.48208783041526926,Q4: Strong/Tough
11_20_35_45_18_51_36,11_20_35_45_18_51_36\output\network_N6x6x6_trial225.gpickle,11,20,35,45,18,51,36,3.227255,0.650100356066918,11.792920833333334,1.6906711260446166,14.148137217968753,4.769971165349921,12,216,0.20814408592996592,-0.13997423787033259,5.17819225251076,0.06198211902279977,3.5555555555555554,1.7916128329552332,-0.23071653275271506,1.8401628134288535,319.80045364043815,0.053400400446003984,0.0,0.09259259259259259,0.8518518518518519,0.2786964239517044,4.957175100974103,0.021560940841054883,180,0.8780487804878049,21,21,3,2.5073170731707317,169.0,0.5415414970287957,Q1: Weak/Brittle
11_20_43_25_43_41_33,11_20_43_25_43_41_33\output\network_N6x6x6_trial187.gpickle,11,20,43,25,43,41,33,3.6228916666666664,0.6768700657540477,12.755408333333335,1.6481389764713072,16.359596686605627,4.717050475914682,12,216,0.192856082771254,0.028121484814397052,5.261979913916786,0.05628413176300399,3.5,1.7638342073763935,-0.23032210073999784,1.8666311701541476,320.03523496845133,0.055443809945073794,0.0,0.09259259259259259,0.8518518518518519,0.25802938504953193,5.042468519838441,0.02120456165359943,174,0.848780487804878,21,20,3,2.424390243902439,163.0,0.5304355900895474,Q1: Weak/Brittle
11_21_32_21_78_30_23,11_21_32_21_78_30_23\output\network_N6x6x6_trial12.gpickle,11,21,32,21,78,30,23,3.5081058333333335,0.5612322050105216,13.042891666666668,1.8451436638774834,17.40454027385,6.224916862881069,12,216,0.19486121743340112,-0.03549987664135514,5.193113342898135,0.058855131896437436,3.462962962962963,1.6297348450882818,-0.40240667350138143,1.76821398095833,320.52580692517625,0.05429270194031009,0.0,0.09722222222222222,0.8425925925925926,0.3557721541908074,4.923501912452188,0.021310181531176007,170,0.8292682926829268,23,22,3,2.4292682926829268,159.0,0.4878771103224077,Q1: Weak/Brittle
11_21_34_21_78_30_21,11_21_34_21_78_30_21\output\network_N6x6x6_trial6.gpickle,11,21,34,21,78,30,21,4.08748,0.5786372798077681,13.565816666666668,1.3470369110466955,19.9165837242125,5.045257458547013,12,216,0.19887355592339917,-0.09768577195699926,5.273170731707317,0.0747659728644613,3.425925925925926,1.6170601107937939,-0.38583440495361077,1.7644579014528685,318.4017789537595,0.05499857245311627,0.0,0.09722222222222222,0.8425925925925926,0.2718323559983642,5.038734745917067,0.021067330459595652,166,0.8097560975609757,23,22,3,2.521951219512195,155.0,0.48500771246175794,Q4: Strong/Tough
11_22_44_37_25_43_34,11_22_44_37_25_43_34\output\network_N6x6x6_trial0.gpickle,11,22,44,37,25,43,34,3.5196741666666664,0.4969578506013418,13.294991666666666,1.9335073922185788,17.854150141115625,4.35496308706873,12,216,0.2194356333757978,-0.060567513017522216,5.256432329029173,0.05598474902959492,3.425925925925926,1.7935259278227038,-0.10793799449497413,1.8725568934786903,316.0429687747369,0.056905915718330355,0.0,0.10185185185185185,0.8379629629629629,0.2874166717983636,5.022590546347453,0.021240024554941683,166,0.8097560975609757,24,21,3,2.3853658536585365,155.0,0.5358296339177483,Q1: Weak/Brittle
11_24_46_22_39_30_44,11_24_46_22_39_30_44\output\network_N6x6x6_trial134.gpickle,11,24,46,22,39,30,44,3.4695599999999995,0.45158874949080235,13.292920833333334,2.417579734591527,18.663962620860417,6.444947529421595,12,216,0.18205548193190976,-0.07024246321443474,5.253658536585366,0.06066043387455291,3.4814814814814814,1.858322030266978,-0.12232138046515487,1.8651406869302831,318.0014770070337,0.057813099776792685,0.0,0.1111111111111111,0.8287037037037037,0.26761035405002775,4.974075701462557,0.021969744523256545,172,0.8390243902439024,26,23,3,2.3804878048780487,161.0,0.5584848777968704,Q2: Weak/Tough
11_24_7_61_51_25_37,11_24_7_61_51_25_37\output\network_N6x6x6_trial6.gpickle,11,24,7,61,51,25,37,3.9079700000000006,0.7880362454227597,13.10332083333333,1.5399686094552834,18.968309853663126,6.885653873664669,12,216,0.2062781823461627,-0.12624631478839626,5.161740793878527,0.053194260820932524,3.574074074074074,1.6871173294711668,-0.3332932243843579,1.7566034894176192,323.56639280671254,0.05613028802322721,0.0,0.1111111111111111,0.8379629629629629,0.31878268215052913,4.8952731737262125,0.022222222222222223,182,0.8878048780487805,24,21,3,2.5121951219512195,171.0,0.45379834761560683,Q4: Strong/Tough
11_25_24_36_57_25_38,11_25_24_36_57_25_38\output\network_N6x6x6_trial17.gpickle,11,25,24,36,57,25,38,3.855586666666666,0.3656235834008644,12.997075,2.64330724602249,19.33644317928771,6.84444658382422,12,216,0.25863948894583044,-0.08575848012811207,5.177809660449546,0.05135698672990933,3.5277777777777777,1.7504408615764613,-0.27419713179576455,1.8508209572529852,321.5249270007461,0.05845377214422114,0.0,0.11574074074074074,0.8333333333333334,0.3378732889182192,4.9222222222222225,0.022098075729360647,177,0.8634146341463415,25,24,3,2.4878048780487805,166.0,0.4957898960885993,Q4: Strong/Tough
11_25_34_42_25_57_22,11_25_34_42_25_57_22\output\network_N6x6x6_trial2.gpickle,11,25,34,42,25,57,22,3.543604166666667,0.6011193920436873,13.344991666666667,1.3934552387610284,17.323982283606252,4.656259699351663,12,216,0.19527833057304975,-0.07786930605404128,5.3506456241033,0.06240348999503646,3.4074074074074074,1.732248790173121,-0.23405609433438654,1.8444641609735382,314.47025773461763,0.05487812773912507,0.0,0.11574074074074074,0.8240740740740741,0.2445757289978191,5.054592775979178,0.02164667047546499,164,0.8,27,27,3,2.448780487804878,153.0,0.5369102295694853,Q1: Weak/Brittle
11_26_22_41_31_63_22,11_26_22_41_31_63_22\output\network_N6x6x6_trial44.gpickle,11,26,22,41,31,63,22,3.8651424999999997,0.33533833795449525,11.884566666666666,1.7412740790789434,15.28915252132298,5.3380344562830135,12,216,0.1817211153223361,-0.06641686415127092,5.1818268770923,0.06296843765662674,3.537037037037037,1.7262994350253946,-0.42163690010000926,1.8251822420652335,320.73653918864954,0.0568177869539601,0.0,0.12037037037037036,0.8240740740740741,0.3352287109902186,4.892591887259569,0.022535390084428363,178,0.8682926829268293,27,22,3,2.4341463414634146,167.0,0.5613805330007563,Q3: Strong/Brittle
11_26_30_33_32_57_27,11_26_30_33_32_57_27\output\network_N6x6x6_trial22.gpickle,11,26,30,33,32,57,27,3.8682216666666664,0.3570843461712591,12.197104166666664,1.550892418423762,17.021760483881877,4.6264231819466755,12,216,0.2459744735056194,-0.07844035996394193,5.1833572453371595,0.05390563530982567,3.5185185185185186,1.7715941841631702,-0.3352711867645071,1.8620696321939958,319.28381461236023,0.057721882912667825,0.0,0.12037037037037036,0.8240740740740741,0.31221684130932836,4.908842760109185,0.022408430140290737,176,0.8585365853658536,27,25,3,2.5170731707317073,165.0,0.5643557712329451,Q3: Strong/Brittle
11_26_31_23_58_21_46,11_26_31_23_58_21_46\output\network_N6x6x6_trial10.gpickle,11,26,31,23,58,21,46,3.585735,0.6170108760859351,12.551250000000003,1.945677474771534,17.977847706993334,6.444059247308543,12,216,0.20717684604394065,-0.10309698856909975,5.244571975131516,0.056521539201223096,3.564814814814815,1.8271266054581754,-0.2495365536988409,1.8326140635307706,320.86768313098753,0.05680052000637104,0.0,0.12037037037037036,0.8148148148148148,0.2891377173612537,4.93064935064935,0.023116883116883116,181,0.8829268292682927,29,29,3,2.5170731707317073,170.0,0.5329076008980094,Q1: Weak/Brittle
11_26_35_15_56_61_12,11_26_35_15_56_61_12\output\network_N6x6x6_trial81995.gpickle,11,26,35,15,56,61,12,3.335246666666667,0.4943097937079091,11.624162499999999,2.4775368560263136,14.287818732934875,7.445897365596715,12,216,0.20107613621282308,0.05914253805225318,5.315638450502152,0.060722805404092806,3.435185185185185,1.6737247669004833,-0.4737401001498846,1.754226679206389,317.59829359802785,0.05261195929835631,0.0,0.12037037037037036,0.8194444444444444,0.2710891846980163,5.002824858757062,0.02202105803800719,167,0.8146341463414634,28,24,3,2.4,156.0,0.5954075636002424,Q1: Weak/Brittle
11_26_35_22_21_78_23,11_26_35_22_21_78_23\output\network_N6x6x6_trial238.gpickle,11,26,35,22,21,78,23,3.136880833333333,0.5281945189741234,11.501233333333333,1.8581435072330188,13.720268313520831,5.791678559351338,12,216,0.22615420077390688,-0.03489570818444591,5.204878048780488,0.0513923788576412,3.5833333333333335,1.8059828554208572,-0.4320864203098812,1.766935348629982,320.0335366179753,0.05516004768278754,0.0,0.12037037037037036,0.8194444444444444,0.3228942591455905,4.915511042629687,0.023048279404211607,183,0.8926829268292683,28,24,3,2.448780487804878,172.0,0.6351098148235507,Q1: Weak/Brittle
11_27_22_28_27_97_4,11_27_22_28_27_97_4\output\network_N6x6x6_trial125.gpickle,11,27,22,28,27,97,4,3.618100833333333,1.0621704101858165,12.722075000000002,2.788685784521387,18.598085170347918,8.739700621428968,12,216,0.20086368686589173,0.0024892939265444424,5.197704447632711,0.05056050064590448,3.574074074074074,1.6788648264896566,-0.6979430234107278,1.6023671049845714,323.6603522708997,0.05834875509653341,0.0,0.125,0.8148148148148148,0.3051601221761821,4.879935064935065,0.023181818181818182,182,0.8878048780487805,29,26,3,2.551219512195122,171.0,0.697465455613778,Q2: Weak/Tough
11_27_25_51_22_44_36,11_27_25_51_22_44_36\output\network_N6x6x6_trial44.gpickle,11,27,25,51,22,44,36,3.7496074999999998,0.3890427278188734,13.592933333333333,1.2416539717471835,20.16246543870521,4.928507166574329,12,216,0.23963602176306495,-0.16567661522517296,5.209469153515064,0.05729887265728298,3.490740740740741,1.802751859274584,-0.19834109532403543,1.8573459728496693,317.62755719787333,0.060413494530278354,0.0,0.125,0.8240740740740741,0.3228340544893793,4.926998032120866,0.0222179902240843,173,0.8439024390243902,27,23,3,2.521951219512195,162.0,0.5321389190640275,Q4: Strong/Tough
11_28_25_43_29_37_43,11_28_25_43_29_37_43\output\network_N6x6x6_trial54.gpickle,11,28,25,43,29,37,43,3.4530591666666663,0.4382095415715016,12.051249999999998,0.9025036948216151,15.067917482420832,3.056878731380973,12,216,0.11048063300878465,-0.02780739595866631,5.379626972740316,0.06529183742041444,3.5462962962962963,1.8453357581634438,-0.2215254701715752,1.8805134924319278,318.8387162568224,0.05688428831429222,0.0,0.12962962962962962,0.7962962962962963,0.2813940684270302,4.931456548347613,0.023799809601523187,179,0.8731707317073171,33,32,3,2.44390243902439,168.0,0.548708526840139,Q1: Weak/Brittle
11_2_16_75_83_23_6,11_2_16_75_83_23_6\output\network_N6x6x6_trial5.gpickle,11,2,16,75,83,23,6,4.4331925,0.3924860916033629,15.155441666666668,2.772037933981163,26.103396392172915,8.936359731945409,12,216,0.27529529521396484,-0.18838252200546426,5.15714968914395,0.06020581300982103,3.435185185185185,1.2001014474722405,-0.8677040843995268,1.4606169972127845,329.2088462774576,0.061473167177854615,0.0,0.009259259259259259,0.9398148148148148,0.30745584212059485,5.132614739306443,0.017997366239086963,167,0.8146341463414634,2,2,3,2.7512195121951217,156.0,0.37783332468114755,Q4: Strong/Tough
11_2_9_77_89_21_7,11_2_9_77_89_21_7\output\network_N6x6x6_trial0.gpickle,11,2,9,77,89,21,7,4.4180725,0.35176798684466726,14.815833333333332,1.5264955903055277,23.173954241733338,4.942534845830813,12,216,0.2506266561025792,-0.07758268681094516,5.21922525107604,0.05438377321427279,3.490740740740741,1.178474927610621,-0.9707127577007192,1.3981665549878635,332.21371541699943,0.06097870779013336,0.0,0.009259259259259259,0.9398148148148148,0.2513810679306605,5.1995317758376824,0.01829000634053553,173,0.8439024390243902,2,2,3,2.682926829268293,162.0,0.3760788805772943,Q4: Strong/Tough
11_30_32_26_49_28_40,11_30_32_26_49_28_40\output\network_N6x6x6_trial51.gpickle,11,30,32,26,49,28,40,3.157329166666667,0.3566585110545364,12.201250000000002,1.661705073862387,14.706572036008959,4.6397542306494275,12,216,0.19109982499887085,-0.06161338422183066,5.339359158297466,0.05698965372354078,3.462962962962963,1.8329591836695733,-0.18445196097816607,1.877209299417126,315.20774007307176,0.05454737812788063,0.0,0.1388888888888889,0.7962962962962963,0.23350377519488152,5.000951992384061,0.02318781449748402,170,0.8292682926829268,33,30,3,2.4390243902439024,159.0,0.5420408116371281,Q1: Weak/Brittle
11_30_41_17_32_41_44,11_30_41_17_32_41_44\output\network_N6x6x6_trial439636.gpickle,11,30,41,17,32,41,44,3.067061666666667,0.5774600926014041,12.394983333333334,1.0297291827088435,15.208238907018334,3.9634277389484804,12,216,0.18926762716461804,-0.005411473838236747,5.299665231946437,0.05676538270344106,3.5185185185185186,1.9171810009484778,-0.1938824160900861,1.8637126736501353,317.6124923950274,0.05581984815124127,0.0,0.1388888888888889,0.7962962962962963,0.3066653237698129,4.9403644770841835,0.023595811233510133,176,0.8585365853658536,33,31,3,2.341463414634146,165.0,0.6080323532152361,Q1: Weak/Brittle
11_31_30_41_26_18_59,11_31_30_41_26_18_59\output\network_N6x6x6_trial414.gpickle,11,31,30,41,26,18,59,2.9068775,0.3377448247352084,11.099170833333332,1.3135731136005735,11.68272415688125,2.426377675732462,12,216,0.06494167219263075,-0.08357572231917768,5.424485891917743,0.06078243144508526,3.5277777777777777,1.950585540451196,-0.09044644799965783,1.8362286931207863,316.18494393207425,0.05383052786949102,0.0,0.14351851851851852,0.7870370370370371,0.2737158277312736,4.9262791507135395,0.024086320918900103,177,0.8634146341463415,35,30,3,2.4048780487804877,166.0,0.5810157123133345,Q1: Weak/Brittle
11_31_30_46_19_13_66,11_31_30_46_19_13_66\output\network_N6x6x6_trial11764.gpickle,11,31,30,46,19,13,66,2.7904991666666668,0.42627511307171756,12.35957916666667,1.9075254755243258,13.835519902037085,4.527473173335902,12,216,0.19618029277845303,-0.0883736327762898,5.315638450502152,0.06642633528611175,3.5462962962962963,1.9878532029938603,-0.06133544865674036,1.779029462068003,314.4504805830131,0.05207842474167063,0.0,0.14351851851851852,0.8009259259259259,0.25983993643819264,4.9853474929426,0.023591880629116817,179,0.8731707317073171,32,30,3,2.3609756097560974,168.0,0.5971101457242757,Q1: Weak/Brittle
11_31_40_19_36_22_57,11_31_40_19_36_22_57\output\network_N6x6x6_trial24162.gpickle,11,31,40,19,36,22,57,2.9940358333333337,0.5887302967893184,12.188733333333332,0.6827365296282958,14.527107382362502,3.272520205443756,12,216,0.1678513958156399,-0.03973870440936047,5.384026781444285,0.06485531037589576,3.537037037037037,1.9693292989028386,-0.13159196342487028,1.8391973515109534,315.9194043653554,0.05201076406363787,0.0,0.14351851851851852,0.7962962962962963,0.2534169714785365,5.004147966816266,0.023731810145518836,178,0.8682926829268293,33,29,3,2.3073170731707315,167.0,0.6085861615973834,Q1: Weak/Brittle
11_33_21_49_27_22_53,11_33_21_49_27_22_53\output\network_N6x6x6_trial69.gpickle,11,33,21,49,27,22,53,3.6327374999999993,0.38786851913427656,13.176258333333335,2.0839662211187324,18.060820090885418,4.6903054550982715,12,216,0.17817893620971492,-0.07719688343360198,5.265136298421807,0.05559236231179858,3.509259259259259,1.909990160777306,-0.1198565621676569,1.839112833133004,317.92012515734575,0.05931785918341578,0.0,0.1527777777777778,0.7870370370370371,0.3030585808320138,4.873512008353638,0.023947093630351548,175,0.8536585365853658,35,33,3,2.4341463414634146,164.0,0.556599710650654,Q1: Weak/Brittle
11_33_36_24_31_31_50,11_33_36_24_31_31_50\output\network_N6x6x6_trial2173.gpickle,11,33,36,24,31,31,50,3.2995916666666667,0.4396200328282242,12.853329166666667,2.434564632576217,17.198686875668752,6.411494795282494,12,216,0.20190046009570944,-0.10597586992418762,5.2388330942132955,0.05153333972724296,3.5,1.9460310986818885,-0.13946007502943236,1.877362073464568,313.8614203042618,0.05653376814711711,0.0,0.1527777777777778,0.7870370370370371,0.3167423657515084,4.89112426035503,0.023877479986077272,174,0.848780487804878,35,32,3,2.3902439024390243,163.0,0.6031984882149466,Q1: Weak/Brittle
11_34_10_53_42_19_47,11_34_10_53_42_19_47\output\network_N6x6x6_trial34.gpickle,11,34,10,53,42,19,47,3.6299675000000007,0.30250343287652687,13.538750000000002,1.7286368673514596,19.67397769619021,4.847154649585287,12,216,0.19814377549878984,-0.1107510024917913,5.279387852702056,0.05778228276737047,3.509259259259259,1.838353582896283,-0.19358002220488105,1.7937606760250395,315.61221530426303,0.055543007818724205,0.0,0.1574074074074074,0.7916666666666666,0.30938246072114656,4.888613691090471,0.023735810113519093,175,0.8536585365853658,34,29,3,2.497560975609756,164.0,0.5142820498868733,Q2: Weak/Tough
11_35_31_27_37_30_45,11_35_31_27_37_30_45\output\network_N6x6x6_trial122.gpickle,11,35,31,27,37,30,45,3.2689833333333334,0.563900896735312,12.655441666666668,1.4658486361480922,15.8931832346125,5.517720730806101,12,216,0.13886522743166424,-0.02830558932485862,5.386417981826877,0.06201999096959586,3.4537037037037037,1.9094514398374718,-0.13838505241380863,1.8882648654090108,312.85604414413353,0.05384483387587747,0.0,0.16203703703703703,0.7685185185185185,0.2759293394799713,4.940781307046367,0.02438846294267981,169,0.824390243902439,39,37,3,2.395121951219512,158.0,0.5806443972416494,Q1: Weak/Brittle
11_36_15_44_39_32_39,11_36_15_44_39_32_39\output\network_N6x6x6_trial177.gpickle,11,36,15,44,39,32,39,3.7053875,0.547301558438079,12.824191666666666,2.395143683740891,18.474150436035416,6.209328092812902,12,216,0.22822951401932048,-0.11113210716385483,5.223338115734099,0.05785422762456009,3.462962962962963,1.8380037778843512,-0.21392128652807102,1.860602555916376,315.3610430918001,0.05527424880910902,0.0,0.16666666666666666,0.7777777777777778,0.3415264374481544,4.846663815226689,0.024023381807812945,170,0.8292682926829268,37,33,3,2.4390243902439024,159.0,0.539883443230839,Q4: Strong/Tough
11_37_28_32_31_33_44,11_37_28_32_31_33_44\output\network_N6x6x6_trial180.gpickle,11,37,28,32,31,33,44,3.438636666666667,0.4216227219393609,12.330416666666666,1.964748535471878,15.317547740491667,4.620372551758679,12,216,0.15718426952482828,-0.12133705198651579,5.340698230511717,0.06190219623718796,3.435185185185185,1.916174565561929,-0.1258328966437681,1.89134885813346,311.02659456376233,0.055952596869338116,0.0,0.1712962962962963,0.7685185185185185,0.31369188007542,4.9109894121942315,0.024242424242424242,167,0.8146341463414634,39,36,3,2.3609756097560974,156.0,0.5848494884577783,Q1: Weak/Brittle
11_38_20_27_31_43_46,11_38_20_27_31_43_46\output\network_N6x6x6_trial405.gpickle,11,38,20,27,31,43,46,3.3176225,0.3199781231877423,12.184566666666667,1.4190505930218116,16.140700914355833,4.558871577319161,12,216,0.19328155955307166,-0.045772483830371545,5.259014825442372,0.054082357892762084,3.5833333333333335,1.941863366288507,-0.2985810281671494,1.8668984286288755,317.8502421434864,0.05595238308631865,0.0,0.17592592592592593,0.7638888888888888,0.3513194036914626,4.8093126385809315,0.02564671101256467,183,0.8926829268292683,40,34,3,2.4048780487804877,172.0,0.6220110485822974,Q1: Weak/Brittle
11_38_21_33_21_43_49,11_38_21_33_21_43_49\output\network_N6x6x6_trial6516.gpickle,11,38,21,33,21,43,49,2.918068333333333,0.8569032259035374,11.536641666666668,3.09176189216557,13.709980534835628,9.028684727546297,12,216,0.16625153155962896,-0.039352031578522524,5.29220468675275,0.05479045321224842,3.574074074074074,1.9659306706800321,-0.25140458163429913,1.8554144559924695,318.0183123278895,0.05461210603304069,0.0,0.17592592592592593,0.7638888888888888,0.22572007174971767,4.848780487804878,0.02557280118255728,182,0.8878048780487805,40,35,3,2.4097560975609755,171.0,0.6269829210927882,Q1: Weak/Brittle
11_39_27_30_31_25_53,11_39_27_30_31_25_53\output\network_N6x6x6_trial5108.gpickle,11,39,27,30,31,25,53,2.797031666666667,0.33040543308772763,12.299183333333332,1.1902589450992958,14.080910027692084,3.1421190351566226,12,216,0.09973718555246247,-0.0666495724457061,5.437207077953133,0.07359533081121908,3.4722222222222223,1.974177434581268,-0.11392945446456722,1.8677310030044112,311.67331601117024,0.05252140061729631,0.0,0.18055555555555555,0.7407407407407407,0.3215526625945019,4.850393081761006,0.025943396226415096,171,0.8341463414634146,45,40,3,2.341463414634146,160.0,0.60575755367475,Q1: Weak/Brittle
11_3_10_77_85_22_8,11_3_10_77_85_22_8\output\network_N6x6x6_trial1.gpickle,11,3,10,77,85,22,8,4.434850833333333,0.6175470736505076,13.69084166666667,2.070154282277182,20.949273864754172,7.586334826722871,12,216,0.29283279236141396,-0.1537523854360201,5.160210425633668,0.058229151257802196,3.4814814814814814,1.2093882864633851,-0.875339494291983,1.4427072207005582,331.3356640837136,0.06292569784109056,0.0,0.013888888888888888,0.9351851851851852,0.3037727120023886,5.128565095315501,0.018373479138958673,172,0.8390243902439024,3,3,3,2.770731707317073,161.0,0.36645980252243976,Q4: Strong/Tough
11_3_17_73_82_24_6,11_3_17_73_82_24_6\output\network_N6x6x6_trial0.gpickle,11,3,17,73,82,24,6,3.9913158333333336,0.4754764584158072,13.244991666666671,1.9261557143086558,18.08493009191083,5.912997012939636,12,216,0.2757213138621216,-0.1625258976422464,5.1499760879961745,0.0632759773623236,3.425925925925926,1.218709880279473,-0.8405030239806062,1.489094713522302,329.46857984425276,0.06145130140258787,0.0,0.013888888888888888,0.9351851851851852,0.2846523412708373,5.122358504507167,0.018077927195704644,166,0.8097560975609757,3,3,3,2.5902439024390245,155.0,0.38507334541153043,Q4: Strong/Tough
11_40_27_27_28_47_36,11_40_27_27_28_47_36\output\network_N6x6x6_trial273.gpickle,11,40,27,27,28,47,36,3.6422825,0.44935808994841003,14.390841666666665,2.548849414101172,21.051968077035628,6.729533625013361,12,216,0.22996526843669923,-0.14261443236818522,5.301386896221904,0.06232973490979135,3.4166666666666665,1.910618476557516,-0.17872283343775683,1.8791091378727216,309.03052767149484,0.04945165089667348,0.0,0.18518518518518517,0.7592592592592593,0.32132943889368676,4.900793057010325,0.024539877300613498,165,0.8048780487804879,41,37,3,2.234146341463415,154.0,0.6093130194757951,Q2: Weak/Tough
11_41_15_31_12_82_24,11_41_15_31_12_82_24\output\network_N6x6x6_trial7691.gpickle,11,41,15,31,12,82,24,3.217564166666667,0.9344819616634156,11.997095833333333,2.370860940447788,15.127321903367708,8.259940713904658,12,216,0.09000149992417238,0.076011432995375,5.391200382592062,0.0767952132821987,3.5462962962962963,1.8875040311914728,-0.4271254789242303,1.7032839211438557,318.508949760711,0.05522542381507789,0.0,0.18981481481481483,0.7361111111111112,0.27709422930160343,4.769047050394077,0.02682907411830268,179,0.8731707317073171,46,41,3,2.44390243902439,168.0,0.6769931198680484,Q1: Weak/Brittle
11_43_21_18_54_33_36,11_43_21_18_54_33_36\output\network_N6x6x6_trial1239.gpickle,11,43,21,18,54,33,36,3.438025,0.49869948983163537,12.0137625,2.6086982309289977,14.878729941949999,5.744588962569446,12,216,0.21442682986330644,-0.029503915496758203,5.288283118125299,0.058685554213333845,3.4074074074074074,1.8833433482380575,-0.2238582860003072,1.838858566771143,310.346738018916,0.05224453148000644,0.0,0.19907407407407407,0.75,0.29023991205696487,4.874242772793497,0.024921401732995938,164,0.8,43,40,3,2.292682926829268,153.0,0.5877315554283381,Q1: Weak/Brittle
11_44_3_42_55_14_47,11_44_3_42_55_14_47\output\network_N6x6x6_trial2681.gpickle,11,44,3,42,55,14,47,2.7923625,0.2884338159533598,11.094995833333334,1.3403751619506779,11.157381245429166,2.90843298349448,12,216,0.10525418043208361,0.01969938976942275,5.493926351028216,0.07219738545101236,3.462962962962963,1.8827970029144974,-0.20872457348014398,1.711082954860722,312.98412635515416,0.05359053399807426,0.0,0.2037037037037037,0.7407407407407407,0.2601659740286653,4.905738993710692,0.025864779874213838,170,0.8292682926829268,45,38,3,2.3365853658536584,159.0,0.5398936116572065,Q1: Weak/Brittle
11_46_7_47_21_43_41,11_46_7_47_21_43_41\output\network_N6x6x6_trial116227.gpickle,11,46,7,47,21,43,41,3.6013949999999997,0.36750957852596616,13.340825,3.169298238010796,18.098942054054167,8.526690275229019,12,216,0.14271419961881684,-0.15072001075395386,5.3480631276901,0.05476859855687391,3.4537037037037037,1.9335452913469562,-0.20450795124474253,1.7873353916428127,308.56081179469925,0.05365906942620037,0.0,0.21296296296296297,0.7222222222222222,0.3267992181945891,4.7998345740281225,0.026799007444168736,169,0.824390243902439,49,44,3,2.424390243902439,158.0,0.6005986300414934,Q2: Weak/Tough
11_4_15_69_83_29_5,11_4_15_69_83_29_5\output\network_N6x6x6_trial0.gpickle,11,4,15,69,83,29,5,3.5454074999999996,0.723043268139662,11.988758333333335,1.8797852830435775,14.15622978635625,6.4376190420391515,12,216,0.23179061554673952,-0.2437988403249871,5.253180296508847,0.051393862786282,3.462962962962963,1.2317251220974739,-0.9180871356195132,1.4995438412123987,329.7210232737245,0.06432151121143237,0.0,0.018518518518518517,0.9305555555555556,0.2364660287766541,5.2132338308457715,0.018407960199004977,170,0.8292682926829268,4,4,3,2.795121951219512,159.0,0.42088946209393213,Q1: Weak/Brittle
11_5_11_79_79_26_5,11_5_11_79_79_26_5\output\network_N6x6x6_trial1.gpickle,11,5,11,79,79,26,5,4.111916666666667,0.5320474445531673,12.832475,1.6818720973590708,16.86560638395271,4.680377541339016,12,216,0.20810030808890598,-0.1871374820137416,5.3497847919655666,0.062182426719031667,3.425925925925926,1.2149051456930906,-0.9037892485859605,1.468188843775586,327.60634223442594,0.06155577512808191,0.0,0.023148148148148147,0.9259259259259259,0.220965359762763,5.288743718592965,0.018341708542713567,166,0.8097560975609757,5,5,2,1.975609756097561,155.0,0.4024649306584713,Q3: Strong/Brittle
11_5_20_66_82_25_7,11_5_20_66_82_25_7\output\network_N6x6x6_trial1.gpickle,11,5,20,66,82,25,7,4.4265325,0.6767647897672795,15.217916666666667,2.775361188155917,25.869152849379166,9.883964449911756,12,216,0.23926330620007571,-0.06928652643547474,5.150167384026782,0.05097657014004463,3.4166666666666665,1.2665570127975558,-0.7627682420356107,1.5498147921816767,328.8551957975233,0.057746406298546944,0.0,0.023148148148148147,0.9259259259259259,0.24079740634920338,5.095678391959799,0.01829145728643216,165,0.8048780487804879,5,5,3,2.6682926829268294,154.0,0.39419615216462817,Q4: Strong/Tough
11_5_38_46_48_63_5,11_5_38_46_48_63_5\output\network_N6x6x6_trial10.gpickle,11,5,38,46,48,63,5,3.9655583333333335,0.7450522137724458,13.290808333333333,2.5375506019448273,19.811641612519377,10.361378320409393,12,216,0.27039862901469625,-0.06606254298313181,5.147297943567671,0.056382509199920446,3.5,1.4401645996461914,-0.5998198302655873,1.6546666404643993,327.85275226487477,0.05594244485437389,0.0,0.023148148148148147,0.9259259259259259,0.27794234680264074,5.102060301507538,0.018743718592964823,174,0.848780487804878,5,5,3,2.4682926829268292,163.0,0.49384052716693905,Q4: Strong/Tough
11_5_45_45_58_38_14,11_5_45_45_58_38_14\output\network_N6x6x6_trial0.gpickle,11,5,45,45,58,38,14,4.096982499999999,0.6727183710157494,12.749175000000001,0.9615264930697438,17.2490770785175,3.8478146793619454,12,216,0.20548958789571722,0.08163390287219112,5.257867049258728,0.06708482409213952,3.4074074074074074,1.4658901797898742,-0.32907365071330763,1.7284986255629151,326.0317253366944,0.054572108222818716,0.0,0.023148148148148147,0.9259259259259259,0.20778070437601018,5.210552763819096,0.018241206030150753,164,0.8,5,5,3,2.2243902439024392,153.0,0.4074869282747385,Q3: Strong/Brittle
11_6_60_40_22_48_29,11_6_60_40_22_48_29\output\network_N6x6x6_trial14.gpickle,11,6,60,40,22,48,29,3.1018008333333333,0.7981537138135144,12.699141666666664,0.8858581850935409,14.6501456229625,4.1043808884905735,12,216,0.19226812221254805,-0.19787639056251166,5.195887135341942,0.06427645057221251,3.462962962962963,1.6828433056053826,-0.08453645086831521,1.7557625823086864,320.93976843389146,0.05766087481909023,0.0,0.027777777777777776,0.9166666666666666,0.29938632059922987,5.109470337896734,0.018817617802389375,170,0.8292682926829268,7,7,3,2.346341463414634,159.0,0.4913858543530341,Q1: Weak/Brittle
12_10_13_70_66_26_19,12_10_13_70_66_26_19\output\network_N6x6x6_trial0.gpickle,12,10,13,70,66,26,19,3.799964166666667,0.4889696289385523,13.288725000000001,0.7725010799614889,18.925922681057294,3.7211998919898264,12,216,0.24707900199824734,-0.06479954292120862,5.196030136192408,0.05159448439050855,3.490740740740741,1.4433459735805907,-0.4896237796357439,1.6680756165530701,326.2990246218038,0.05551944327933244,0.0,0.046296296296296294,0.8981481481481481,0.2874740916010307,5.079910261203995,0.01960365365098018,174,0.8529411764705882,10,10,3,2.7058823529411766,162.0,0.37159265111304696,Q4: Strong/Tough
12_11_34_30_58_55_16,12_11_34_30_58_55_16\output\network_N6x6x6_trial5.gpickle,12,11,34,30,58,55,16,4.213444166666666,0.6327717568162359,13.397066666666667,2.007450290515033,19.60791486517292,5.13149202896633,12,216,0.22099081193872971,-0.026355773726036907,5.131024823722592,0.053791738112227774,3.574074074074074,1.576468766671516,-0.5688243171972319,1.7715823593491329,328.5940400144443,0.05571114964101343,0.0,0.05092592592592592,0.8888888888888888,0.2665040570589993,5.004635689354275,0.020397033158813263,183,0.8970588235294118,12,12,3,2.661764705882353,171.0,0.5138412767910693,Q4: Strong/Tough
12_12_31_60_32_26_43,12_12_31_60_32_26_43\output\network_N6x6x6_trial0.gpickle,12,12,31,60,32,26,43,3.246375,0.7418596906592243,11.005420833333332,1.4516145471592332,12.18215511855,4.365015916429312,12,216,0.18268461332946961,-0.06826030791943506,5.16632860040568,0.054602402847158914,3.564814814814815,1.722794608188319,-0.15864221727936387,1.8146409052755976,324.6507886759282,0.054586115998174915,0.0,0.05555555555555555,0.8796296296296297,0.2974562988802755,4.995822890559733,0.020662768031189084,182,0.8921568627450981,14,14,3,2.4362745098039214,170.0,0.4565346067192848,Q1: Weak/Brittle
12_14_24_10_105_46_5,12_14_24_10_105_46_5\output\network_N6x6x6_trial10.gpickle,12,14,24,10,105,46,5,4.012964166666667,0.39859721519052155,13.109583333333335,1.9397001850944786,18.979738323566668,5.884473849499628,12,216,0.23985394190452275,-0.03135282037971116,5.16019511252777,0.04570127354624122,3.574074074074074,1.4446818418401548,-1.027614504722686,1.4915036121398613,327.98127631298325,0.06302368578410272,0.0,0.06481481481481481,0.875,0.3304020852051697,5.001238320387256,0.020882584712371945,183,0.8970588235294118,15,14,3,2.7107843137254903,171.0,0.6264597195269945,Q4: Strong/Tough
12_14_37_37_48_37_31,12_14_37_37_48_37_31\output\network_N6x6x6_trial4.gpickle,12,14,37,37,48,37,31,3.5497866666666673,0.4417483172828417,13.707483333333334,2.4172846556392336,19.03036517903354,5.469312552860455,12,216,0.22865757002812537,0.005810160723616681,5.194726166328601,0.05528750217325599,3.5277777777777777,1.6885142128254593,-0.28737413003471,1.8574597846369576,322.6256089679101,0.050883495192407105,0.0,0.06481481481481481,0.8796296296296297,0.28423602465040965,5.047062099693679,0.020439988861041494,178,0.8725490196078431,14,13,3,2.303921568627451,166.0,0.4789270292509413,Q2: Weak/Tough
12_14_44_34_36_40_36,12_14_44_34_36_40_36\output\network_N6x6x6_trial2.gpickle,12,14,44,34,36,40,36,3.5684316666666667,0.47640190235124896,12.182520833333335,1.2075376770275006,15.557666223229168,2.779591326129521,12,216,0.23000835595782904,-0.1011571868483919,5.219211822660099,0.0593093420115262,3.537037037037037,1.7555516486907612,-0.22074362749067095,1.8626171767822204,320.10497781072405,0.05554493262680884,0.0,0.06481481481481481,0.8611111111111112,0.27192614110841223,5.0386515547805875,0.02115664051147922,179,0.8774509803921569,18,18,3,2.426470588235294,167.0,0.5103236317903852,Q1: Weak/Brittle
12_14_51_29_38_29_43,12_14_51_29_38_29_43\output\network_N6x6x6_trial18.gpickle,12,14,51,29,38,29,43,4.146485833333333,0.4817046231087113,14.751224999999998,1.9046382535471142,23.30597906851479,6.5224493751975405,12,216,0.16876218805668866,-0.08208077750338622,5.282430213464696,0.0668756055500577,3.509259259259259,1.8001819371548842,-0.12216874229251268,1.8449458759033706,319.62475685858425,0.05384215469142004,0.0,0.06481481481481481,0.8703703703703703,0.2741721282753112,5.1054727500284445,0.02065081351689612,176,0.8627450980392157,16,15,3,2.426470588235294,164.0,0.518310877791611,Q4: Strong/Tough
12_15_27_56_32_57_17,12_15_27_56_32_57_17\output\network_N6x6x6_trial0.gpickle,12,15,27,56,32,57,17,2.883564166666666,0.8055488101646224,11.363758333333331,0.7216811986123481,11.618039276922916,2.958041702204274,12,216,0.14917650986386724,-0.021739130434781262,5.348256543996909,0.05190980975282526,3.4814814814814814,1.6071684410183065,-0.39479231403935944,1.7902366443397637,320.9268721627936,0.051340023989280954,0.0,0.06944444444444445,0.8657407407407407,0.24474793860042598,5.1313897993214885,0.020642861250071875,173,0.8480392156862745,17,17,3,2.446078431372549,161.0,0.48224342112109014,Q1: Weak/Brittle
12_17_17_66_52_27_25,12_17_17_66_52_27_25\output\network_N6x6x6_trial0.gpickle,12,17,17,66,52,27,25,4.238035833333334,0.3783176880493062,15.067916666666667,1.9267016655558165,23.78239190985292,4.318541482965181,12,216,0.2151008655721179,-0.11865143369175503,5.234279918864098,0.05693567661241021,3.435185185185185,1.5768765901367368,-0.2987341260510683,1.7753269686139448,321.2310312651448,0.05967298676919436,0.0,0.0787037037037037,0.8657407407407407,0.2731904424947523,5.045828301995285,0.020355356218733828,168,0.8235294117647058,17,17,3,2.6372549019607843,156.0,0.40493809868986647,Q4: Strong/Tough
12_17_31_52_27_29_48,12_17_31_52_27_29_48\output\network_N6x6x6_trial6.gpickle,12,17,31,52,27,29,48,3.4745225000000004,0.5864101306128816,12.192916666666667,1.4039133311529204,15.731654954076042,4.0043682440391635,12,216,0.21590987646231743,-0.12907468032121752,5.154303100550565,0.05445437600270757,3.5925925925925926,1.8080941318346127,-0.18509320414685645,1.8458404154295869,321.97747143326546,0.05650974421562625,0.0,0.0787037037037037,0.8564814814814815,0.29791057812712063,4.953819036427732,0.021680376028202115,185,0.9068627450980392,19,18,3,2.5098039215686274,173.0,0.5080406758734036,Q1: Weak/Brittle
12_17_48_40_27_23_49,12_17_48_40_27_23_49\output\network_N6x6x6_trial0.gpickle,12,17,48,40,27,23,49,3.4756625,0.4122995285615584,13.267924999999998,2.0701125344309985,17.574618793604582,5.610391109477215,12,216,0.15698889297867308,-0.1929537683960166,5.2524389065971215,0.07080904163394396,3.4722222222222223,1.845707398931135,-0.028845426130223475,1.8421326193024246,313.06760076427634,0.054888671574135434,0.0,0.0787037037037037,0.8611111111111112,0.2184628416405122,5.0649811101424005,0.020749782040104622,172,0.8431372549019608,18,18,3,2.3333333333333335,160.0,0.5298710646597938,Q1: Weak/Brittle
12_19_36_33_58_26_32,12_19_36_33_58_26_32\output\network_N6x6x6_trial12.gpickle,12,19,36,33,58,26,32,3.562302499999999,0.6108338666272115,12.253325000000002,2.367196889387319,14.854716844483335,4.771819056406803,12,216,0.15615471902642183,-0.02262816780854836,5.248671882546122,0.06240648060106365,3.4444444444444446,1.7042068500197738,-0.22206166632065696,1.8508598650717842,318.4013639968867,0.054403160967305395,0.0,0.08796296296296297,0.8564814814814815,0.249751840968794,5.050058754406581,0.02074030552291422,169,0.8284313725490197,19,19,3,2.3480392156862746,157.0,0.47227353897909025,Q1: Weak/Brittle
12_1_18_69_89_20_7,12_1_18_69_89_20_7\output\network_N6x6x6_trial2.gpickle,12,1,18,69,89,20,7,4.428523333333334,0.41827320277009805,14.892916666666666,1.4566347259083936,24.320853173329166,5.625242987836093,12,216,0.29213530744992505,-0.2681759617154478,5.196802859074665,0.049442798598898344,3.435185185185185,1.2192373766093552,-0.8914869301896975,1.453872973992381,327.26059132259803,0.061296339992957825,0.0,0.004629629629629629,0.9398148148148148,0.29249623359719673,5.188021265180705,0.01804613958932839,168,0.8235294117647058,1,1,3,2.7598039215686274,156.0,0.38642087522050966,Q4: Strong/Tough
12_20_29_37_56_33_29,12_20_29_37_56_33_29\output\network_N6x6x6_trial0.gpickle,12,20,29,37,56,33,29,4.4515925,0.30340017900250155,14.872083333333334,2.0114636399204993,24.92307465526675,5.570736977706098,12,216,0.26281421862567805,-0.09263892200806108,5.17062687143823,0.05204660052205465,3.4814814814814814,1.6886411449220733,-0.311304118165522,1.8593289151603232,319.5110600503429,0.057118930401947154,0.0,0.09259259259259259,0.8518518518518519,0.31979631970038347,4.974340698503207,0.021145165122356854,173,0.8480392156862745,20,20,3,2.3529411764705883,161.0,0.48051981047329306,Q4: Strong/Tough
12_21_27_29_60_48_19,12_21_27_29_60_48_19\output\network_N6x6x6_trial10.gpickle,12,21,27,29,60,48,19,3.9886441666666665,0.42885976242159335,12.657499999999999,1.5975679114412216,17.916292354676248,4.873551902592566,12,216,0.19948041873330213,-0.05163765122454901,5.238867960977495,0.059897869918564814,3.5,1.6499158227686106,-0.48549168212662364,1.820576147024722,321.6511538677404,0.0580061132953001,0.0,0.09722222222222222,0.8472222222222222,0.24814511185184607,4.989371284453251,0.021437578814627996,175,0.8578431372549019,21,20,3,2.5637254901960786,163.0,0.5276636731790221,Q3: Strong/Brittle
12_21_42_26_45_33_37,12_21_42_26_45_33_37\output\network_N6x6x6_trial28.gpickle,12,21,42,26,45,33,37,3.4118566666666665,0.6729003271205096,13.453349999999999,1.5582468677437904,17.882526549556076,5.167434901942431,12,216,0.1541903863533689,0.014322916666669903,5.315802182942142,0.061500185600965415,3.4722222222222223,1.7948399976833453,-0.18777121926124174,1.8765052165637834,318.2126035012451,0.05505895472624989,0.0,0.09722222222222222,0.8379629629629629,0.22222037387931387,5.05402087170043,0.021608348680171884,172,0.8431372549019608,23,23,3,2.4019607843137254,160.0,0.5248836073421469,Q1: Weak/Brittle
12_24_27_55_28_33_37,12_24_27_55_28_33_37\output\network_N6x6x6_trial5.gpickle,12,24,27,55,28,33,37,3.7606483333333327,0.30558003686523044,14.849158333333333,1.157896531401038,23.372783357590418,4.053724556500672,12,216,0.21257033311763898,-0.09892222788072746,5.289964261566696,0.05811548666732625,3.435185185185185,1.7783322823497272,-0.13304428908476904,1.8670676165876587,315.9310726974235,0.05035906223535147,0.0,0.1111111111111111,0.8287037037037037,0.30934195935880204,5.028937292072061,0.02171866172870504,168,0.8235294117647058,25,25,3,2.465686274509804,156.0,0.49589622359352736,Q4: Strong/Tough
12_25_23_43_32_38_43,12_25_23_43_32_38_43\output\network_N6x6x6_trial12.gpickle,12,25,23,43,32,38,43,3.6412566666666666,0.4545357647705574,14.149175,2.488136909458226,21.010723032802083,8.886164796765044,12,216,0.2477733860073945,-0.017250304760951903,5.192601178402396,0.06026719219911248,3.5925925925925926,1.8335203795342319,-0.28982810109336343,1.8798979665065179,322.09877085088897,0.05950062052326029,0.0,0.11574074074074074,0.8287037037037037,0.30050910374984774,4.936036658088004,0.02278576360554893,185,0.9068627450980392,25,24,3,2.514705882352941,173.0,0.5426978020090489,Q2: Weak/Tough
12_25_42_41_22_22_52,12_25_42_41_22_22_52\output\network_N6x6x6_trial41.gpickle,12,25,42,41,22,22,52,3.1748675,0.8538149017802882,12.688741666666667,1.382731446243469,15.462386046151314,5.320677421234351,12,216,0.11192133806565752,-0.06480931189934372,5.364290543803729,0.08084527298450365,3.435185185185185,1.90891256686331,-0.006253218841963544,1.8521307436288907,312.32295564878945,0.05369324333408251,0.0,0.11574074074074074,0.8009259259259259,0.2428648154843662,4.979029439440785,0.02285253394273424,168,0.8235294117647058,31,30,3,2.264705882352941,156.0,0.5608353548354627,Q1: Weak/Brittle
12_26_49_23_24_29_53,12_26_49_23_24_29_53\output\network_N6x6x6_trial2020.gpickle,12,26,49,23,24,29,53,2.7407624999999993,0.3735900972127295,10.392887499999999,1.1897280708431164,9.3920395479375,2.082588872274112,12,216,0.126753834600444,0.061871410361076754,5.433642422486236,0.06379952473862827,3.4814814814814814,1.9578024409539418,-0.07033232183195774,1.8489113068692273,314.45563792582834,0.05400500007182707,0.0,0.12037037037037036,0.8009259259259259,0.17928994061067427,5.073800241968007,0.023188600618362684,173,0.8480392156862745,31,30,3,2.3088235294117645,161.0,0.6046486984199637,Q1: Weak/Brittle
12_27_16_63_35_8_55,12_27_16_63_35_8_55\output\network_N6x6x6_trial2120.gpickle,12,27,16,63,35,8,55,3.5158083333333336,0.513555235666579,14.136662500000002,2.8896812141887582,21.093615345553335,7.595625204330503,12,216,0.17665714574221525,-0.08990134735478315,5.267217231720275,0.061671065117887544,3.509259259259259,1.8483995598313252,-0.09383556767062612,1.7379570087423595,318.21435253283175,0.05429942543077145,0.0,0.125,0.8148148148148148,0.27186733280019243,4.947987012987013,0.02279220779220779,176,0.8627450980392157,28,27,3,2.450980392156863,164.0,0.49525763758807057,Q2: Weak/Tough
12_28_12_29_80_43_12,12_28_12_29_80_43_12\output\network_N6x6x6_trial12.gpickle,12,28,12,29,80,43,12,4.092765000000001,0.38486391897006916,13.936666666666667,1.8649392404460676,22.35348325135625,6.592676829816541,12,216,0.24723154352703614,-0.06172186053623593,5.174925142470782,0.05160089117921141,3.4537037037037037,1.5921349471656865,-0.6623801170408191,1.7053539609452057,320.2967979806862,0.059874472002834016,0.0,0.12962962962962962,0.8148148148148148,0.3587686946622145,4.886298701298701,0.022402597402597403,170,0.8333333333333334,28,27,3,2.588235294117647,158.0,0.5649716422594815,Q4: Strong/Tough
12_28_39_38_22_30_47,12_28_39_38_22_30_47\output\network_N6x6x6_trial80.gpickle,12,28,39,38,22,30,47,3.0885841666666667,0.5327242166364997,13.711666666666668,1.9992587261004735,17.1999496741924,5.24932966199188,12,216,0.148940468063057,-0.14887998543070458,5.343716797063653,0.05341173003997759,3.425925925925926,1.906148451836571,-0.0504747671605448,1.8788729583548085,312.0176835613163,0.053440386555674214,0.0,0.12962962962962962,0.7916666666666666,0.316587318636232,4.946680426556587,0.023185414516683867,167,0.8186274509803921,33,32,3,2.303921568627451,155.0,0.5677560868182239,Q1: Weak/Brittle
12_29_23_39_37_46_30,12_29_23_39_37_46_30\output\network_N6x6x6_trial12.gpickle,12,29,23,39,37,46,30,3.86195,0.34517699853360256,14.0554,1.6473796961639815,21.283658758222916,4.505745329410551,12,216,0.20449749590137378,-0.0008935014948958639,5.25142470781416,0.06262719832693071,3.4722222222222223,1.7870850118296477,-0.2952725280814157,1.8835047109772682,317.004088706331,0.05685947716105813,0.0,0.13425925925925927,0.8009259259259259,0.27612729732350055,4.9257964780212395,0.023121387283236993,172,0.8431372549019608,31,30,3,2.4950980392156863,160.0,0.5424041841772415,Q4: Strong/Tough
12_29_30_40_29_45_31,12_29_30_40_29_45_31\output\network_N6x6x6_trial38.gpickle,12,29,30,40,29,45,31,3.355935833333333,0.5023531663656943,13.8179375,2.597832303184474,18.47978741145625,6.545436386604835,12,216,0.18992142375435253,-0.07716478028687598,5.307253936057181,0.06600755266271394,3.4074074074074074,1.8080941318346122,-0.18615253720518543,1.8916369589351025,313.1629062847981,0.053840954414691285,0.0,0.13425925925925927,0.8055555555555556,0.27128734608737937,4.9678426682612455,0.022456979602684207,165,0.8088235294117647,30,29,3,2.450980392156863,153.0,0.5423407723755297,Q2: Weak/Tough
12_30_33_41_18_43_39,12_30_33_41_18_43_39\output\network_N6x6x6_trial312.gpickle,12,30,33,41,18,43,39,3.5487441666666673,0.3754780308588492,14.019974999999997,2.7711539792792097,20.36439070167708,8.761908155561526,12,216,0.1788853826114983,-0.13932119286477843,5.3290350623007825,0.06487665032551687,3.425925925925926,1.8792418866625724,-0.12096000417918176,1.8746617117276765,311.00692766829593,0.05434944150803321,0.0,0.1388888888888889,0.7916666666666666,0.2901771820956015,4.972136222910216,0.023185414516683867,167,0.8186274509803921,33,30,3,2.3872549019607843,155.0,0.5684967822491348,Q2: Weak/Tough
12_31_21_34_40_49_29,12_31_21_34_40_49_29\output\network_N6x6x6_trial43.gpickle,12,31,21,34,40,49,29,3.7448633333333334,0.44383496700788333,13.176258333333331,2.9928505437147854,18.779772759929166,7.705770109800913,12,216,0.23175598484821225,-0.1506463296593498,5.191973341060562,0.053395850743684706,3.490740740740741,1.7976083409907315,-0.3435979679870515,1.8752336669099852,315.23251580830095,0.05291994973829783,0.0,0.14351851851851852,0.7962962962962963,0.33746802948749133,4.8535971712226305,0.02345981232150143,174,0.8529411764705882,32,29,3,2.4705882352941178,162.0,0.5619867714059871,Q4: Strong/Tough
12_31_35_36_12_57_33,12_31_35_36_12_57_33\output\network_N6x6x6_trial32824.gpickle,12,31,35,36,12,57,33,3.298036666666667,0.7887561291925971,12.919991666666668,2.7540147970609303,17.926995133535417,9.91553451478273,12,216,0.1217140313657698,-0.1626268128276702,5.313242538394668,0.06740643350604497,3.425925925925926,1.8817038363797753,-0.1681218253887125,1.8318807286773864,311.2219776213553,0.05269769869497521,0.0,0.14351851851851852,0.7777777777777778,0.31417456400194677,4.860493299116054,0.023809523809523808,167,0.8186274509803921,36,32,3,2.4313725490196076,155.0,0.5959406086992928,Q1: Weak/Brittle
12_32_28_41_17_57_29,12_32_28_41_17_57_29\output\network_N6x6x6_trial1386.gpickle,12,32,28,41,17,57,29,3.48753,0.6798894453879982,14.653333333333336,2.1833424385306324,21.4596123446,7.672385082975833,12,216,0.1839648583155242,-0.021162080399200672,5.349657104220999,0.06218789941683296,3.4166666666666665,1.8415221159963582,-0.20998358718380222,1.8449509174435987,313.2444569357983,0.053097356690217146,0.0,0.14814814814814814,0.7824074074074074,0.3259427194225713,4.929980276134122,0.023527754296985066,166,0.8137254901960784,35,32,3,2.2205882352941178,154.0,0.5773080518624951,Q2: Weak/Tough
12_32_37_21_37_37_40,12_32_37_21_37_37_40\output\network_N6x6x6_trial8413.gpickle,12,32,37,21,37,37,40,3.108419166666667,0.6000790006665558,13.586666666666668,2.229829971968466,18.19157141376542,6.158624846018803,12,216,0.164889855981877,-0.14248855597170298,5.344151453684923,0.05796001020730996,3.435185185185185,1.8967474506724333,-0.1603447244697498,1.8890540264466398,311.1465300654175,0.056986507363558724,0.0,0.14814814814814814,0.7824074074074074,0.27512820120668335,4.9743589743589745,0.023668639053254437,168,0.8235294117647058,35,33,3,2.392156862745098,156.0,0.5839542773205705,Q2: Weak/Tough
12_33_13_43_47_20_48,12_33_13_43_47_20_48\output\network_N6x6x6_trial153.gpickle,12,33,13,43,47,20,48,3.1020616666666663,0.7732535932003305,12.551254166666668,1.9523216687082172,15.737053334453128,6.648982363444213,12,216,0.17435590335163317,0.00047151329202461587,5.2507968704723265,0.05086700465258878,3.537037037037037,1.863021867856021,-0.24293541100234842,1.8244968927642373,318.4877180765931,0.05893717515651202,0.0,0.1527777777777778,0.7824074074074074,0.35709414262678135,4.851789236404621,0.024443505212735982,179,0.8774509803921569,35,33,3,2.465686274509804,167.0,0.5318204910554054,Q1: Weak/Brittle
12_33_1_50_62_41_17,12_33_1_50_62_41_17\output\network_N6x6x6_trial12.gpickle,12,33,1,50,62,41,17,3.2933850000000002,0.5019996774318352,11.892920833333333,1.5300444241179094,14.726238487806249,4.015317192383888,12,216,0.18237163195083395,-0.08780340059322404,5.276248430406645,0.05911867861796758,3.425925925925926,1.639804096834287,-0.523761505985406,1.6849626991013635,317.0228328261088,0.05899872460153518,0.0,0.1527777777777778,0.7870370370370371,0.323036547251919,4.882701009397842,0.023390184476157327,167,0.8186274509803921,34,30,3,2.588235294117647,155.0,0.5228399143298355,Q1: Weak/Brittle
12_33_32_39_21_32_47,12_33_32_39_21_32_47\output\network_N6x6x6_trial474.gpickle,12,33,32,39,21,32,47,3.3967066666666668,0.40591858673329506,13.909549999999998,1.9814402032780773,18.758742355291876,3.5816065219543876,12,216,0.13962036619322032,-0.01993070248060561,5.345890080169999,0.06365374236165681,3.425925925925926,1.9302835317723532,-0.07664169875914656,1.8809194272366963,312.0902456357336,0.056248711315350364,0.0,0.1527777777777778,0.7685185185185185,0.31935567262775905,4.907922599488865,0.024242424242424242,167,0.8186274509803921,38,34,3,2.392156862745098,155.0,0.5809925201687398,Q2: Weak/Tough
12_35_31_26_18_51_43,12_35_31_26_18_51_43\output\network_N6x6x6_trial4507.gpickle,12,35,31,26,18,51,43,3.9282358333333334,0.7466263325392243,12.840858333333335,1.2688322777645682,18.26160390887917,5.008939693967514,12,216,0.15106517928657023,-0.10171010188930583,5.29580797836376,0.06629758164728453,3.5185185185185186,1.9601657218369244,-0.22689335073980868,1.858141467114358,313.47523641209375,0.059497504217543254,0.0,0.16203703703703703,0.7592592592592593,0.33456272062914627,4.85732455484064,0.02543767768966033,177,0.8676470588235294,40,35,3,2.426470588235294,165.0,0.6336908557645621,Q4: Strong/Tough
12_36_21_30_41_32_44,12_36_21_30_41_32_44\output\network_N6x6x6_trial86.gpickle,12,36,21,30,41,32,44,3.695090833333334,0.39446900043937416,13.259583333333333,1.6662128139553143,18.516480322322916,4.183718008767331,12,216,0.24003202520996014,-0.17217937598162078,5.18477735921955,0.05351001576537444,3.5,1.9051586888313607,-0.23499569052028849,1.8824043255508136,313.323385431253,0.059236063070520616,0.0,0.16666666666666666,0.7731481481481481,0.33816914698587236,4.838179063559628,0.02460139961041772,175,0.8578431372549019,37,33,3,2.4901960784313726,163.0,0.5776231147990172,Q4: Strong/Tough
12_36_25_33_26_31_53,12_36_25_33_26_31_53\output\network_N6x6x6_trial4733.gpickle,12,36,25,33,26,31,53,3.1876691666666663,0.6830325272569179,11.672083333333333,1.8555861426080138,13.604432183519373,4.879361544859018,12,216,0.1303441116756604,-0.1339524823699193,5.296194339804887,0.06327173482981326,3.5277777777777777,1.9765211363578017,-0.179766333726195,1.8740201138052976,312.40130354222,0.053110743247323663,0.0,0.16666666666666666,0.7592592592592593,0.3065516181117759,4.851414035612748,0.02551249438874757,178,0.8725490196078431,40,35,3,2.465686274509804,166.0,0.6083548720157081,Q1: Weak/Brittle
12_36_31_28_27_40_42,12_36_31_28_27_40_42\output\network_N6x6x6_trial120.gpickle,12,36,31,28,27,40,42,2.8599608333333335,0.4773229923133519,11.363766666666665,1.7712623210972704,11.829653254734792,3.3327048943212105,12,216,0.1811589229128602,-0.09083651374717601,5.344151453684923,0.05231390292117404,3.435185185185185,1.9330131351134845,-0.149672094810639,1.8933071636082528,310.7230244915504,0.05289423002475481,0.0,0.16666666666666666,0.7638888888888888,0.32520016454322653,4.912490761271249,0.024538063562453808,168,0.8235294117647058,39,35,3,2.3480392156862746,156.0,0.6010766500171251,Q1: Weak/Brittle
12_40_10_50_27_32_45,12_40_10_50_27_32_45\output\network_N6x6x6_trial3102.gpickle,12,40,10,50,27,32,45,3.2727649999999997,0.5576111183357687,12.551254166666666,2.2762236412036283,16.638080835480835,6.503279901008203,12,216,0.21341157982030057,-0.02418593947762155,5.31333912875495,0.05237515788631993,3.462962962962963,1.9144959975289015,-0.1827666869234613,1.8234635212270642,313.6030939377612,0.053406114699550825,0.0,0.18518518518518517,0.75,0.32494665865785105,4.85024154589372,0.025458170385706618,171,0.8382352941176471,42,41,3,2.4019607843137254,159.0,0.5667721436680051,Q1: Weak/Brittle
12_40_24_23_27_35_55,12_40_24_23_27_35_55\output\network_N6x6x6_trial113235.gpickle,12,40,24,23,27,35,55,3.3081208333333336,0.6485198367880808,13.11166666666667,2.789910100801736,17.03155917496458,4.92699130301711,12,216,0.21537370449877738,-0.0631736030509048,5.266975755819569,0.052251792364411666,3.564814814814815,2.0242655190543495,-0.23143877278794928,1.858649613338022,313.08651360219494,0.05115045970462847,0.0,0.18518518518518517,0.75,0.33587041678823665,4.804769572885515,0.026301663982823402,182,0.8921568627450981,42,35,4,2.5098039215686274,170.0,0.6477820067609723,Q1: Weak/Brittle
12_42_23_26_8_86_19,12_42_23_26_8_86_19\output\network_N6x6x6_trial179076.gpickle,12,42,23,26,8,86,19,2.521729166666667,0.8001738385965298,11.738779166666667,1.1440158622622496,11.583365254437501,4.501700371984585,12,216,0.11892001991676926,0.06920962638626876,5.435187868250749,0.06560665469934993,3.435185185185185,1.9016228359353735,-0.34440657499326305,1.6749005320559744,311.63148366579173,0.05287440134717427,0.0,0.19444444444444445,0.7175925925925926,0.29717600388855014,4.84021784666946,0.026979472140762465,168,0.8235294117647058,49,43,3,2.303921568627451,156.0,0.6890897526739065,Q1: Weak/Brittle
12_44_15_29_15_69_32,12_44_15_29_15_69_32\output\network_N6x6x6_trial43744.gpickle,12,44,15,29,15,69,32,3.6624658333333335,0.3281627505130733,12.586666666666666,2.489273370243926,17.439112808633748,5.993426327051325,12,216,0.20523456006601862,-0.08223793237834219,5.301844875881387,0.04935563566058205,3.509259259259259,1.950761344109916,-0.33946771876190024,1.772161710927981,312.32945175244583,0.057900941398033305,0.0,0.2037037037037037,0.7222222222222222,0.3466718777109723,4.756327543424318,0.02737799834574028,176,0.8627450980392157,48,39,3,2.3627450980392157,164.0,0.6686477448329957,Q3: Strong/Brittle
12_45_10_39_22_46_42,12_45_10_39_22_46_42\output\network_N6x6x6_trial46621.gpickle,12,45,10,39,22,46,42,3.381180833333333,0.657776507263401,12.107491666666668,1.383599096835456,15.031491029816666,4.763486142633868,12,216,0.0935259904124034,-0.07074549193985481,5.351299140345794,0.0816765482487489,3.4814814814814814,1.9625261568508408,-0.24241210544819797,1.8191394764508324,310.7419729506471,0.05530359174467823,0.0,0.20833333333333334,0.7268518518518519,0.2914797226684868,4.811530295606729,0.026865915400947248,173,0.8480392156862745,47,39,3,2.4215686274509802,161.0,0.6218452471627621,Q1: Weak/Brittle
12_4_10_70_87_22_11,12_4_10_70_87_22_11\output\network_N6x6x6_trial3.gpickle,12,4,10,70,87,22,11,4.380181666666666,0.4865184542548777,13.434591666666668,2.0327899040720414,21.172974210795832,6.663012847022921,12,216,0.29374822893588487,-0.2123425122595242,5.104655655365595,0.05298059783194717,3.509259259259259,1.2765358967720417,-0.8285407364181148,1.4924156141057159,330.9329522871325,0.06208853320097247,0.0,0.018518518518518517,0.9259259259259259,0.312605378078655,5.065477386934673,0.018844221105527637,176,0.8627450980392157,4,4,3,2.8529411764705883,164.0,0.37607804465603256,Q4: Strong/Tough
12_4_18_68_82_24_8,12_4_18_68_82_24_8\output\network_N6x6x6_trial1.gpickle,12,4,18,68,82,24,8,4.152045,0.5154695756055832,13.51585,1.1611913641457499,19.92273511228125,5.045817533947561,12,216,0.27750326298404115,-0.20465386305153194,5.191055732637882,0.05684479067682094,3.425925925925926,1.2780461339243416,-0.779548251543841,1.5392734291031471,325.72623119656885,0.06093258478038483,0.0,0.018518518518518517,0.9259259259259259,0.2969358548473155,5.143819095477387,0.018391959798994974,167,0.8186274509803921,4,4,3,2.642156862745098,155.0,0.389984240542575,Q4: Strong/Tough
12_4_36_51_41_55_17,12_4_36_51_41_55_17\output\network_N6x6x6_trial0.gpickle,12,4,36,51,41,55,17,3.64144,0.5353665657130015,12.645000000000001,2.2578793751918336,17.128809544436255,7.939067544700811,12,216,0.157809669825545,0.09306953604072567,5.25567468366657,0.05901122106268587,3.564814814814815,1.5291800523068282,-0.44896602282983056,1.7376939027447469,329.5805851360268,0.05791323711801213,0.0,0.018518518518518517,0.9212962962962963,0.19865368823943697,5.16826557027562,0.01928836099690371,182,0.8921568627450981,5,5,3,2.5637254901960786,170.0,0.44844507897269076,Q1: Weak/Brittle
12_4_46_49_49_39_17,12_4_46_49_49_39_17\output\network_N6x6x6_trial0.gpickle,12,4,46,49,49,39,17,4.010450833333333,0.7123183239893328,13.380433333333334,2.405429882347205,18.666704715687292,7.624711598124635,12,216,0.24761836081712144,0.018907880804717718,5.255578093306288,0.05668300688824312,3.4074074074074074,1.5094580646159137,-0.2666938344445563,1.7460030292430206,323.18903784968086,0.056372345852783265,0.0,0.018518518518518517,0.9259259259259259,0.25899881767819377,5.210251256281407,0.01829145728643216,165,0.8088235294117647,4,4,3,2.3529411764705883,153.0,0.40594223965633447,Q4: Strong/Tough
12_5_15_75_78_22_9,12_5_15_75_78_22_9\output\network_N6x6x6_trial5.gpickle,12,5,15,75,78,22,9,3.749915833333333,0.4393104572975383,14.517908333333333,1.3340721660004837,21.222344150262504,4.781851831617153,12,216,0.24420279350478588,-0.1006358457055501,5.263160436588429,0.06478219996156018,3.4074074074074074,1.2804588083750021,-0.7265144541086682,1.533150284799535,326.02986057809704,0.0597484952533924,0.0,0.023148148148148147,0.9212962962962963,0.2617614705127099,5.204405867722451,0.018425460636515914,165,0.8088235294117647,5,5,3,2.299019607843137,153.0,0.368986351625281,Q4: Strong/Tough
13_0_62_29_47_39_26,13_0_62_29_47_39_26\output\network_N6x6x6_trial1.gpickle,13,0,62,29,47,39,26,3.511520833333334,0.37845405063359044,13.020008333333335,1.3890043655188975,15.831168125389581,3.7608416243684863,12,216,0.23525318507537762,-0.002528583562641909,5.22782031897771,0.06517824078706945,3.4722222222222223,1.6213753497236096,-0.19461450602616592,1.6927570926036517,322.6188762420388,0.05357779917610466,0.0,0.0,0.9398148148148148,0.23525318507537762,5.22782031897771,0.01829000634053553,173,0.8522167487684729,0,0,3,2.522167487684729,160.0,0.44777679493020817,Q1: Weak/Brittle
13_10_30_36_71_42_14,13_10_30_36_71_42_14\output\network_N6x6x6_trial2.gpickle,13,10,30,36,71,42,14,3.7877533333333333,0.33169057604775093,13.628316666666668,2.37213478531938,18.532255022200754,3.4537068213889777,12,216,0.26049461133509233,-0.11715357283853191,5.200604789542994,0.05805261160915453,3.5,1.5184055965240497,-0.5951074336790442,1.7456858444264172,323.20412927250345,0.058663874000908896,0.0,0.046296296296296294,0.8935185185185185,0.2832788099718972,5.1089162348877375,0.019861830742659757,176,0.8669950738916257,10,10,3,2.5320197044334973,163.0,0.4770035811292415,Q4: Strong/Tough
13_10_54_30_17_66_26,13_10_54_30_17_66_26\output\network_N6x6x6_trial2351.gpickle,13,10,54,30,17,66,26,3.220238333333333,0.5516755683798424,11.830391666666669,1.1248265306691614,13.665761724283334,2.2110142276862312,12,216,0.22225376565479982,0.058982081669178295,5.217480368726528,0.058772097293014365,3.5277777777777777,1.7557225658956097,-0.27714763340497434,1.7493358042002105,321.79902573174854,0.05492641558695582,0.0,0.046296296296296294,0.8935185185185185,0.23715136555747174,5.126619170984456,0.020023747841105353,179,0.8817733990147784,10,10,3,2.522167487684729,166.0,0.5524736079605479,Q1: Weak/Brittle
13_12_53_23_54_25_36,13_12_53_23_54_25_36\output\network_N6x6x6_trial29.gpickle,13,12,53,23,54,25,36,3.169278333333333,0.5645046932316466,11.451275,0.7955217115463704,12.996686863652085,2.809560801335059,12,216,0.15065505464592566,-0.07233951802089908,5.260400916938985,0.06618188156750632,3.4444444444444446,1.739163982499836,-0.1443991419872314,1.8077377792134024,317.0802394758079,0.05478956584173909,0.0,0.05555555555555555,0.875,0.1720359193770969,5.111673984014409,0.02015084993808398,170,0.8374384236453202,14,15,3,2.3793103448275863,157.0,0.48297008469159713,Q1: Weak/Brittle
13_13_23_43_67_48_9,13_13_23_43_67_48_9\output\network_N6x6x6_trial1.gpickle,13,13,23,43,67,48,9,4.213564166666667,0.2549034098587912,13.976241666666667,2.0757770137382017,22.944542004562496,6.802610189509503,12,216,0.2916187390585716,-0.10086546601781918,5.125591376871677,0.05043714331228269,3.4722222222222223,1.4966526436693546,-0.6796785502810667,1.7278537296564191,325.67999907877856,0.057697103386588885,0.0,0.06018518518518518,0.8796296296296297,0.3215014534830282,4.995488721804511,0.020161514898357005,173,0.8522167487684729,13,13,3,2.70935960591133,160.0,0.5079008413324099,Q4: Strong/Tough
13_17_23_52_44_31_36,13_17_23_52_44_31_36\output\network_N6x6x6_trial3.gpickle,13,17,23,52,44,31,36,3.910296666666667,0.5087827321056492,13.0304,2.3586913454993077,18.326222255058337,8.198423190701654,12,216,0.2367283891353065,-0.15122836778120097,5.14958786519046,0.050234584437851004,3.5462962962962963,1.7153137023278542,-0.2960985479142761,1.8518773065525753,321.4087256412513,0.058170127756155515,0.0,0.0787037037037037,0.8564814814814815,0.2978184842304998,4.964394829612221,0.02144535840188014,181,0.8916256157635468,18,17,3,2.605911330049261,168.0,0.4673344580601419,Q4: Strong/Tough
13_18_2_86_37_14_46,13_18_2_86_37_14_46\output\network_N6x6x6_trial35.gpickle,13,18,2,86,37,14,46,3.7015608333333336,0.7718232436948494,13.038762499999999,2.660201433798842,17.689263714137503,5.73842495853394,12,216,0.23027002825086318,-0.1969182707959579,5.143735063161489,0.05555713694646536,3.5833333333333335,1.7003539936447654,-0.22766417416435616,1.5951882931054575,323.12070398349965,0.060301634469277665,0.0,0.08333333333333333,0.8564814814814815,0.3024000263791507,4.939130434782609,0.021680376028202115,185,0.9113300492610837,18,15,3,2.7783251231527095,172.0,0.4133911513250855,Q3: Strong/Brittle
13_19_41_19_63_36_25,13_19_41_19_63_36_25\output\network_N6x6x6_trial14.gpickle,13,19,41,19,63,36,25,4.338783333333333,0.5169669607001549,13.3825,2.4994654225120483,20.05975950680625,6.9466987166670515,12,216,0.2332660067027508,-0.11487641321916472,5.147051650977906,0.053921588072579164,3.425925925925926,1.7035024035666857,-0.3143155486748512,1.8197897837999388,316.8177579860918,0.056169787424913444,0.0,0.08796296296296297,0.8472222222222222,0.33961164105189534,4.942412778478352,0.021017234131988232,168,0.8275862068965517,20,20,3,2.394088669950739,155.0,0.5067089492835873,Q4: Strong/Tough
13_1_7_76_84_25_10,13_1_7_76_84_25_10\output\network_N6x6x6_trial1.gpickle,13,1,7,76,84,25,10,4.196435,0.6489786231392114,13.636641666666668,1.7381703548359568,21.182854074643753,5.218207181504567,12,216,0.2857872459982743,-0.015593533340230035,5.085011949470809,0.05279953660134716,3.537037037037037,1.2540742928397783,-0.9219324319881583,1.4318163511719788,332.0081323698789,0.055807453705939224,0.0,0.004629629629629629,0.9351851851851852,0.28989886091210487,5.069454706664696,0.01876754839663071,180,0.8866995073891626,1,1,3,2.394088669950739,167.0,0.37898305164484075,Q4: Strong/Tough
13_20_22_31_49_65_16,13_20_22_31_49_65_16\output\network_N6x6x6_trial1.gpickle,13,20,22,31,49,65,16,4.085312500000001,0.38498262127713845,13.315845833333334,2.9942190456123354,20.064756921648957,7.989508720035154,12,216,0.28712959008421624,-0.034370747552782625,5.123737989562503,0.049742798315703315,3.5833333333333335,1.664582029619848,-0.6245907508204801,1.7914297450106658,324.35240237963126,0.05821216934483634,0.0,0.09259259259259259,0.8472222222222222,0.3333706836676508,4.921155347384856,0.022038071218399086,185,0.9113300492610837,20,20,3,2.5320197044334973,172.0,0.5784954299371761,Q4: Strong/Tough
13_21_13_47_61_32_29,13_21_13_47_61_32_29\output\network_N6x6x6_trial3.gpickle,13,21,13,47,61,32,29,3.6574925000000005,0.7820624138149611,12.176262500000002,2.228548037692274,16.49866464609375,6.669680112027057,12,216,0.20739400783584158,-0.05708192196712965,5.129005511388577,0.06524150073899948,3.5462962962962963,1.6660235384672757,-0.45031155977535686,1.8063014380529814,323.703643525277,0.059145985390514404,0.0,0.09722222222222222,0.8425925925925926,0.3530931569227828,4.905895209762613,0.02197802197802198,181,0.8916256157635468,21,19,3,2.6157635467980294,168.0,0.4749649164525314,Q3: Strong/Brittle
13_22_31_22_44_58_26,13_22_31_22_44_58_26\output\network_N6x6x6_trial124.gpickle,13,22,31,22,44,58,26,3.614293333333333,0.6509077635801319,11.901258333333333,1.5517533773435845,14.994658318727083,4.138799257961425,12,216,0.15186939727891663,-0.05434813628005966,5.157294054528606,0.05173694668147217,3.574074074074074,1.7675244442948166,-0.46199611219518716,1.8450730307098142,321.4235686643276,0.05837821863384335,0.0,0.10185185185185185,0.8240740740740741,0.3661476149123715,4.871326096616517,0.022916269916841238,184,0.9064039408866995,25,23,3,2.541871921182266,171.0,0.5785745604035094,Q1: Weak/Brittle
13_23_33_30_42_21_54,13_23_33_30_42_21_54\output\network_N6x6x6_trial1.gpickle,13,23,33,30,42,21,54,3.7240858333333335,0.6444002036837349,14.944987500000002,2.888992661099266,23.891677284563542,8.420776109882688,12,216,0.2504303336298275,-0.03975041785453353,5.195922547919817,0.0516098888811307,3.5925925925925926,1.8980352269934544,-0.2222980830964712,1.860446864785123,321.4475002925941,0.0587602155496695,0.0,0.10648148148148148,0.8240740740740741,0.33443395338412585,4.934679108741192,0.02304322986097886,186,0.916256157635468,25,25,3,2.4334975369458127,173.0,0.5531789872264823,Q4: Strong/Tough
13_24_29_51_22_45_32,13_24_29_51_22_45_32\output\network_N6x6x6_trial165.gpickle,13,24,29,51,22,45,32,3.43446,0.4272766995168354,12.261670833333332,2.03573217074946,15.229833992847917,5.496367297063692,12,216,0.1823375519169187,-0.05014191106906352,5.262546944349608,0.05589259478337828,3.425925925925926,1.790942766956284,-0.1837160614301961,1.8660255613089909,315.6351834750532,0.05268259626280761,0.0,0.1111111111111111,0.8240740740740741,0.29383019633086915,4.972513172094204,0.02190059036374024,168,0.8275862068965517,25,23,3,2.310344827586207,155.0,0.518887510229718,Q1: Weak/Brittle
13_25_20_35_37_78_8,13_25_20_35_37_78_8\output\network_N6x6x6_trial23.gpickle,13,25,20,35,37,78,8,3.469470833333333,0.49781692008639633,12.030399999999998,1.503454726067045,14.869339786979168,3.5491212473569016,12,216,0.2354382774921291,-0.023456718587857372,5.1748524606155195,0.048803844293632735,3.5,1.6722129936991568,-0.6207818466368366,1.7260615165963065,320.39664253378066,0.05670402291915899,0.0,0.11574074074074074,0.8240740740740741,0.30773893208629843,4.9162699168412365,0.022408430140290737,176,0.8669950738916257,25,24,3,2.600985221674877,163.0,0.6255417165559503,Q1: Weak/Brittle
13_25_23_38_61_23_33,13_25_23_38_61_23_33\output\network_N6x6x6_trial1.gpickle,13,25,23,38,61,23,33,3.659009166666666,0.3338047066389351,14.188749999999999,3.684919775585352,21.359015445539583,9.80293191286058,12,216,0.17492090860603526,-0.05394381844151663,5.274155001707067,0.05622349889845577,3.435185185185185,1.7335103977305073,-0.26948664925266763,1.8455316460452096,317.3989919706845,0.05428690708371425,0.0,0.11574074074074074,0.8101851851851852,0.2933577685553539,4.943316912972086,0.022528735632183907,169,0.8325123152709359,28,26,3,2.2758620689655173,156.0,0.4798089599323814,Q4: Strong/Tough
13_26_41_28_23_48_37,13_26_41_28_23_48_37\output\network_N6x6x6_trial216.gpickle,13,26,41,28,23,48,37,3.1897008333333337,0.5626994514904372,12.480395833333333,1.629730486979664,14.775547984286666,4.226922549349282,12,216,0.13251653210162548,-0.16464977745055323,5.3675071940691605,0.0670325039768102,3.4537037037037037,1.8825920825408624,-0.17773733744751355,1.8792089127159874,309.9920602823266,0.05585973547719146,0.0,0.12037037037037036,0.8101851851851852,0.22226156856712692,5.033563218390805,0.022660098522167486,171,0.8423645320197044,28,25,3,2.3497536945812807,158.0,0.5821057013486243,Q1: Weak/Brittle
13_27_43_20_37_35_41,13_27_43_20_37_35_41\output\network_N6x6x6_trial5027.gpickle,13,27,43,20,37,35,41,2.8085616666666664,0.4615471107379566,12.3387375,1.7270765285501246,13.817847989595833,3.1858530417994415,12,216,0.13655487345318654,0.019003306068149713,5.304492025557235,0.06517050870956367,3.435185185185185,1.8918595014201915,-0.1457132279076974,1.8832608746755435,313.99215301441075,0.0527792537703623,0.0,0.125,0.7962962962962963,0.2442570088967525,4.953080375356997,0.02311981504147967,169,0.8325123152709359,31,29,3,2.3645320197044337,156.0,0.573086564937999,Q1: Weak/Brittle
13_29_39_24_37_31_43,13_29_39_24_37_31_43\output\network_N6x6x6_trial117.gpickle,13,29,39,24,37,31,43,3.223276666666667,0.35819429891083165,12.659612500000001,1.5163059442997477,16.180913828935417,4.630493763837513,12,216,0.14277220849064726,-0.030868778398364854,5.314929522508901,0.06824357710007342,3.425925925925926,1.9012846714578113,-0.1282527677422399,1.894087259879935,311.8374431527575,0.05266324667980584,0.0,0.13425925925925927,0.7824074074074074,0.2876244056474209,4.9130741053817975,0.023668639053254437,168,0.8275862068965517,34,33,3,2.2955665024630543,155.0,0.5693132437667846,Q1: Weak/Brittle
13_2_6_78_81_28_8,13_2_6_78_81_28_8\output\network_N6x6x6_trial2.gpickle,13,2,6,78,81,28,8,4.534716666666667,0.3264986103679801,14.680408333333332,1.4942488366279183,25.06090913793854,5.930584272396535,12,216,0.3329955829861529,-0.1347636048179894,5.049797590596498,0.049032384703476026,3.5185185185185186,1.2507885030198729,-0.9647510053721539,1.4345741417022748,332.38061909393434,0.0637310549390846,0.0,0.009259259259259259,0.9305555555555556,0.3642664614917484,5.023582089552239,0.018805970149253733,178,0.8768472906403941,2,2,3,2.8916256157635467,165.0,0.3998172509060627,Q4: Strong/Tough
13_30_19_37_40_37_40,13_30_19_37_40_37_40\output\network_N6x6x6_trial21.gpickle,13,30,19,37,40,37,40,3.7586883333333336,0.4093689209183922,12.428341666666666,2.4596955269600387,16.81570072699167,6.7054682217636925,12,216,0.24740159626653285,-0.09794175251536041,5.1794371555382135,0.048776643241330526,3.537037037037037,1.8530551646059275,-0.3073464796260797,1.886190974509098,317.704842973178,0.05757948161533867,0.0,0.1388888888888889,0.8009259259259259,0.34159722814511373,4.8905766904153785,0.023659093964242504,180,0.8866995073891626,30,30,3,2.522167487684729,167.0,0.5541685176517313,Q3: Strong/Brittle
13_31_25_14_73_9_51,13_31_25_14_73_9_51\output\network_N6x6x6_trial25906.gpickle,13,31,25,14,73,9,51,3.6329533333333335,0.4538822330431344,13.307479166666667,2.154081748435043,19.533233779127084,5.782290462805958,12,216,0.2303058497398409,-0.06066437786658796,5.185582597668634,0.0608814841202878,3.5462962962962963,1.8875040311914728,-0.2742859959835941,1.71454548689177,317.48796919253436,0.053134286300930124,0.0,0.14351851851851852,0.7916666666666666,0.3218633922813041,4.8466460268317855,0.02414860681114551,181,0.8916256157635468,32,30,3,2.5123152709359604,168.0,0.5463685720200728,Q2: Weak/Tough
13_31_31_22_40_41_38,13_31_31_22_40_41_38\output\network_N6x6x6_trial606.gpickle,13,31,31,22,40,41,38,2.729149166666667,0.7129458128481007,11.726245833333335,1.6135336164582912,12.39770077950625,5.824772990185831,12,216,0.20252603643585215,0.04868088144205268,5.307808613373653,0.058591061723742614,3.4814814814814814,1.885527146457307,-0.2550760083804696,1.8924340129249115,314.84622303104135,0.05650244154621143,0.0,0.14351851851851852,0.7824074074074074,0.2323525098542094,4.964497041420119,0.024091293322062553,174,0.8571428571428571,34,34,3,2.41871921182266,161.0,0.5832388291273274,Q1: Weak/Brittle
13_33_24_38_22_47_39,13_33_24_38_22_47_39\output\network_N6x6x6_trial78.gpickle,13,33,24,38,22,47,39,3.6898891666666667,0.4388571887576932,12.747104166666666,2.3806125791185844,17.149119929539584,6.472585015253379,12,216,0.1780494921579487,-0.0883092469367471,5.254060381407599,0.056710859835726504,3.4814814814814814,1.9050686848776632,-0.23064124709220152,1.8795865899681505,313.7293741285866,0.05761501821412329,0.0,0.1527777777777778,0.7685185185185185,0.33872354303488506,4.84512595837897,0.02475355969331873,174,0.8571428571428571,37,34,3,2.3842364532019706,161.0,0.5876091184776713,Q3: Strong/Brittle
13_33_27_45_18_32_48,13_33_27_45_18_32_48\output\network_N6x6x6_trial2580.gpickle,13,33,27,45,18,32,48,3.6536266666666672,0.6452922528246837,13.330412499999996,2.019265044940547,17.447746017302624,4.399345813158675,12,216,0.21230969218229578,-0.1617632116168007,5.2704482270887185,0.05655734411651616,3.435185185185185,1.9401849288918418,-0.09593347259329789,1.8671099463301088,307.8978952876465,0.05371103148149328,0.0,0.1527777777777778,0.7824074074074074,0.3111567270035036,4.908847562693716,0.023739081431389124,169,0.8325123152709359,34,31,3,2.394088669950739,156.0,0.5765290617169508,Q3: Strong/Brittle
13_33_9_49_24_56_32,13_33_9_49_24_56_32\output\network_N6x6x6_trial9.gpickle,13,33,9,49,24,56,32,3.2610408333333325,0.7285354307840072,11.805412500000001,1.594475118981818,14.705486740331251,5.078876890890243,12,216,0.20687612329332472,0.02147704590818253,5.196995561625128,0.057634771379934974,3.5462962962962963,1.8377938629179484,-0.38698519408383414,1.802130988804763,318.92129072271223,0.053151931545097425,0.0,0.1527777777777778,0.7824074074074074,0.37788642849772175,4.806142575373345,0.024584389969005353,181,0.8916256157635468,34,29,3,2.5320197044334973,168.0,0.5769631153635522,Q1: Weak/Brittle
13_34_13_38_38_46_34,13_34_13_38_38_46_34\output\network_N6x6x6_trial4.gpickle,13,34,13,38,38,46,34,3.580904166666666,0.5547512572084046,11.640845833333335,2.009636623710276,13.59731318447083,3.488336826763076,12,216,0.1859583609889782,-0.0015336552115891332,5.257376969224016,0.056874532452510944,3.5185185185185186,1.8458235213257215,-0.35842899770101017,1.8611337255285971,317.0888555142141,0.05850950321377941,0.0,0.1574074074074074,0.7731481481481481,0.293240068591225,4.857802467354448,0.02481783421109588,178,0.8768472906403941,36,35,3,2.5073891625615765,165.0,0.5721819901476759,Q1: Weak/Brittle
13_34_17_36_36_36_44,13_34_17_36_36_36_44\output\network_N6x6x6_trial204.gpickle,13,34,17,36,36,36,44,3.7157800000000005,0.36217381075941985,13.553341666666668,1.3999750750509412,20.150395365042915,4.646857420979649,12,216,0.23490087889847522,-0.08938932048381969,5.175535287518899,0.059729027201500126,3.537037037037037,1.9047986474998206,-0.28409016684137944,1.8802338911167178,316.8003936130989,0.05617855444831705,0.0,0.1574074074074074,0.7824074074074074,0.3231608710172518,4.831220061989293,0.024513947590870666,180,0.8866995073891626,34,31,3,2.522167487684729,167.0,0.5768798921904645,Q4: Strong/Tough
13_36_17_26_48_44_32,13_36_17_26_48_44_32\output\network_N6x6x6_trial242.gpickle,13,36,17,26,48,44,32,3.2683324999999996,0.9052957148277113,13.155391666666667,2.7361381953580532,18.155588248265417,8.984395082952712,12,216,0.20969357797883015,-0.002126721376085014,5.260010730137053,0.05718278415602902,3.4814814814814814,1.8508330530865837,-0.35407005490183424,1.8639279374318147,315.21890072158783,0.054644019727965946,0.0,0.16666666666666666,0.7731481481481481,0.3022995657830078,4.885073227039896,0.024529254743525,174,0.8571428571428571,36,34,3,2.3596059113300494,161.0,0.5841499590047502,Q2: Weak/Tough
13_36_23_33_32_21_58,13_36_23_33_32_21_58\output\network_N6x6x6_trial17562.gpickle,13,36,23,33,32,21,58,3.2880183333333335,0.40015603627071383,12.967920833333336,1.9816935891910668,16.645861182166666,4.725734662946948,12,216,0.16436156501410207,-0.08837486049891827,5.293566795103156,0.0632253618128269,3.5277777777777777,1.9974907098163115,-0.16980736672263685,1.8558508400005553,312.5859329518488,0.05316457304196892,0.0,0.16666666666666666,0.7638888888888888,0.29560013063125123,4.856910569105691,0.02535107169253511,179,0.8817733990147784,38,32,3,2.3694581280788176,166.0,0.6018794164273005,Q1: Weak/Brittle
13_36_24_31_34_39_39,13_36_24_31_34_39_39\output\network_N6x6x6_trial86.gpickle,13,36,24,31,34,39,39,3.5682725000000004,0.6859799824111124,12.980408333333331,2.4330060287150723,17.08440309167604,7.257410329517317,12,216,0.20604200596439032,-0.1734783826106806,5.25581622201629,0.06376845602406127,3.435185185185185,1.906485753597286,-0.2049645140232634,1.899667366323646,309.8374648155585,0.053851917820543035,0.0,0.16666666666666666,0.7592592592592593,0.30218452132223056,4.858820888822385,0.024839144096962442,169,0.8325123152709359,39,36,3,2.477832512315271,156.0,0.5825522669633737,Q1: Weak/Brittle
13_3_13_78_79_21_9,13_3_13_78_79_21_9\output\network_N6x6x6_trial0.gpickle,13,3,13,78,79,21,9,3.63599,0.7390185043578632,13.9033375,3.200242067480013,20.017082774956876,11.189629259247974,12,216,0.2297032265732604,-0.09323703217334338,5.280885724040385,0.06577971835312282,3.4166666666666665,1.2702070405748527,-0.7889675055578278,1.4923886790966416,326.54449235661315,0.05917173100774565,0.0,0.013888888888888888,0.9259259259259259,0.2410915692954262,5.2485929648241205,0.018391959798994974,167,0.8226600985221675,3,3,3,2.645320197044335,154.0,0.36926181617453313,Q2: Weak/Tough
13_3_18_61_91_22_8,13_3_18_61_91_22_8\output\network_N6x6x6_trial5.gpickle,13,3,18,61,91,22,8,3.9553758333333326,0.6893494882793286,13.249166666666666,2.614993633623013,17.924250159024584,5.175164873924493,12,216,0.24794969292167163,-0.08368887971941845,5.202165536750719,0.05318260003211392,3.4444444444444446,1.2825995978461322,-0.8836870997666902,1.511589253656099,329.156549819612,0.0598938089002828,0.0,0.013888888888888888,0.9212962962962963,0.27201483878296917,5.151718186894066,0.018679254860159384,170,0.8374384236453202,4,4,3,2.5566502463054186,157.0,0.41700453423070927,Q3: Strong/Brittle
13_41_18_15_38_48_43,13_41_18_15_38_48_43\output\network_N6x6x6_trial178630.gpickle,13,41,18,15,38,48,43,3.228428333333333,0.7768644532653184,12.719958333333336,2.7465241671545306,17.72525738182583,9.747574612390173,12,216,0.17481658861826987,0.0007466175434199839,5.24830512607911,0.060244721122892315,3.574074074074074,1.9776702703475972,-0.36499709099659594,1.838122071533492,313.6599626895372,0.054242378317513745,0.0,0.18981481481481483,0.7453703703703703,0.3564493210997916,4.775310559006211,0.02670807453416149,184,0.9064039408866995,42,37,3,2.3891625615763545,171.0,0.6543479347180359,Q1: Weak/Brittle
13_4_13_70_84_26_6,13_4_13_70_84_26_6\output\network_N6x6x6_trial0.gpickle,13,4,13,70,84,26,6,4.153121666666666,0.31143649443167204,13.774183333333333,2.492582851793608,19.815168014858333,6.403833289167997,12,216,0.267643269603914,-0.1831184035786687,5.166560991074477,0.05672766756506372,3.435185185185185,1.267639598186974,-0.9385498353237532,1.4989904188475913,327.2141343185379,0.06368494023963746,0.0,0.018518518518518517,0.9212962962962963,0.2822773087057725,5.119841632404446,0.01862849601543069,169,0.8325123152709359,4,4,3,2.6305418719211824,156.0,0.43123200334675976,Q4: Strong/Tough
13_4_14_65_91_25_4,13_4_14_65_91_25_4\output\network_N6x6x6_trial18.gpickle,13,4,14,65,91,25,4,3.737294166666667,0.5065842254659855,13.061666666666667,2.5377134630520355,17.14411815504562,7.2177981837400464,12,216,0.23835197616377335,-0.16444314127938234,5.237379895625031,0.050992951544596564,3.425925925925926,1.2450175047386371,-1.0615535378235939,1.469367378015056,325.88965347627885,0.06005220509349686,0.0,0.018518518518518517,0.9212962962962963,0.2560285664141038,5.185523577483377,0.018577737170701995,168,0.8275862068965517,4,4,3,2.7438423645320196,155.0,0.47408066338180177,Q3: Strong/Brittle
13_4_17_73_71_31_7,13_4_17_73_71_31_7\output\network_N6x6x6_trial3.gpickle,13,4,17,73,71,31,7,4.093591666666667,0.5845324093072647,13.647091666666666,1.7937887052541115,19.840402550704376,5.468953279204407,12,216,0.28141693437871174,-0.09149067895714512,5.158659708335366,0.06137770151107572,3.4166666666666665,1.309686137125143,-0.7640569259053263,1.5651722465886655,326.0409840708516,0.06124203207149811,0.0,0.018518518518518517,0.9212962962962963,0.29224496506317327,5.114461194863205,0.0185269783259733,167,0.8226600985221675,4,4,2,1.980295566502463,154.0,0.4036587927390806,Q4: Strong/Tough
13_4_30_60_52_26_31,13_4_30_60_52_26_31\output\network_N6x6x6_trial0.gpickle,13,4,30,60,52,26,31,2.94257,0.9257388026598,11.576275,1.4691570717449967,12.070528793585417,4.558363595778421,12,216,0.18885419889426483,-0.03663709988430293,5.291908501194947,0.07380406602085637,3.5555555555555554,1.5683993570547894,-0.28630783859587106,1.74928349579295,327.28656530881034,0.054718756502663786,0.0,0.018518518518518517,0.9212962962962963,0.20392980789971937,5.239124917516877,0.01928836099690371,182,0.896551724137931,4,4,3,2.6108374384236455,169.0,0.38726109726604596,Q1: Weak/Brittle
13_6_12_78_72_26_9,13_6_12_78_72_26_9\output\network_N6x6x6_trial0.gpickle,13,6,12,78,72,26,9,4.267197499999999,0.6457843873941853,12.857474999999999,1.8362812289720225,18.056553587041666,4.10188422787598,12,216,0.23373042292912916,-0.14242008413380677,5.250256060088767,0.05580181940956962,3.4074074074074074,1.3161182897208457,-0.7308722981576272,1.5505443405760495,325.33298457160447,0.061384679033655395,0.0,0.027777777777777776,0.9120370370370371,0.2427794150082418,5.195586864187299,0.01875064746710867,166,0.8177339901477833,6,6,3,2.7783251231527095,153.0,0.38449381945846073,Q3: Strong/Brittle
13_6_52_41_29_29_46,13_6_52_41_29_29_46\output\network_N6x6x6_trial0.gpickle,13,6,52,41,29,29,46,4.380874166666667,0.4339415707876336,14.142891666666669,2.134969246249359,22.711661327983336,7.281532527911744,12,216,0.28448558945448177,-0.24056069982640135,5.082573281958738,0.05477857166476717,3.564814814814815,1.7783322823497267,-0.11885615794146621,1.7954789218453084,321.40860281608934,0.0596902568573975,0.0,0.027777777777777776,0.9120370370370371,0.30621779606626826,5.030042473842329,0.019631202734901067,183,0.9014778325123153,6,6,3,2.5665024630541873,170.0,0.4960194343548588,Q4: Strong/Tough
13_8_36_60_35_24_40,13_8_36_60_35_24_40\output\network_N6x6x6_trial1.gpickle,13,8,36,60,35,24,40,3.8739950000000007,0.48670123684008304,14.261650000000003,2.2960205539512635,20.73952808312396,7.5718460780158505,12,216,0.25478184204160775,-0.08562502569161773,5.191728039799054,0.055707888170134404,3.5185185185185186,1.6913805531526576,-0.129484631384924,1.796978029243321,321.9001239513346,0.053787458425840165,0.0,0.037037037037037035,0.9027777777777778,0.2756743467498278,5.095849854612741,0.019666931007137192,178,0.8768472906403941,8,8,3,2.4532019704433496,165.0,0.4337045234414168,Q4: Strong/Tough
14_0_14_69_86_23_10,14_0_14_69_86_23_10\output\network_N6x6x6_trial1.gpickle,14,0,14,69,86,23,10,4.230664999999999,0.4281698865228614,13.320008333333334,1.4394892765944993,19.018289227373753,3.760563049049485,12,216,0.2905858171575583,-0.1323106272614774,5.117334121471849,0.054720613337368565,3.490740740740741,1.2837688320979435,-0.8788036598002376,1.4666532251816153,328.8436039004966,0.05956631549032197,0.0,0.0,0.9351851851851852,0.2905858171575583,5.117334121471849,0.01857051376779469,176,0.8712871287128713,0,0,3,2.900990099009901,162.0,0.3889255356331015,Q4: Strong/Tough
14_10_31_54_46_26_35,14_10_31_54_46_26_35\output\network_N6x6x6_trial0.gpickle,14,10,31,54,46,26,35,3.870575,0.33378861945099325,13.9429,1.8349282084048955,20.504232548647916,5.3686788423388645,12,216,0.2729488184383415,-0.13037798819070034,5.104526870597508,0.05120597720575644,3.509259259259259,1.67495367747097,-0.24072431366341168,1.8239052976043002,321.2175962583549,0.05962140118420689,0.0,0.046296296296296294,0.8888888888888888,0.32204258568988037,5.011507417102967,0.02012434554973822,178,0.8811881188118812,10,9,3,2.51980198019802,164.0,0.4321181246245533,Q4: Strong/Tough
14_10_32_59_25_31_45,14_10_32_59_25_31_45\output\network_N6x6x6_trial0.gpickle,14,10,32,59,25,31,45,3.8979508333333333,0.5287388085885496,14.313708333333336,2.2835619108672947,22.92608255209375,6.656159104926014,12,216,0.23992674411931297,-0.15902699480320862,5.069109896064234,0.047867418244517665,3.5925925925925926,1.7692697648142504,-0.20813574902495205,1.8119625621980922,323.9698180001289,0.05919613609219871,0.0,0.046296296296296294,0.8888888888888888,0.2460738976704787,4.967713787085515,0.0206151832460733,187,0.9257425742574258,10,10,3,2.5841584158415842,173.0,0.4768483580994047,Q4: Strong/Tough
14_13_29_20_87_25_28,14_13_29_20_87_25_28\output\network_N6x6x6_trial0.gpickle,14,13,29,20,87,25,28,4.25303,0.40355631403807835,13.642908333333333,2.133386051350581,20.656217638738955,6.139415045401026,12,216,0.1816478317577592,-0.06597006832729181,5.104034284025418,0.060525382408138984,3.574074074074074,1.6313122626329812,-0.5319644986933194,1.7171071251292545,324.9341899759768,0.0592187998205286,0.0,0.06018518518518518,0.8703703703703703,0.33485773190749124,4.937251109341222,0.0211628171578109,185,0.9158415841584159,14,12,3,2.6386138613861387,171.0,0.4773507967834237,Q4: Strong/Tough
14_14_22_40_73_32_21,14_14_22_40_73_32_21\output\network_N6x6x6_trial1.gpickle,14,14,22,40,73,32,21,4.2141366666666675,0.44042123263479893,13.345,1.1255742526965216,20.413732692450207,4.100258299405123,12,216,0.28628254233058303,-0.09960592471803151,5.098911383675681,0.052572103180913904,3.5,1.5811388300841898,-0.5305599185393615,1.775770182437483,321.9038648056619,0.059116645951041165,0.0,0.06481481481481481,0.8703703703703703,0.3152739673384317,4.958698372966208,0.020707702810331095,177,0.8762376237623762,14,14,3,2.6386138613861387,163.0,0.46152238673247076,Q4: Strong/Tough
14_15_47_38_31_25_46,14_15_47_38_31_25_46\output\network_N6x6x6_trial2.gpickle,14,15,47,38,31,25,46,3.2617100000000003,0.8722539123921047,13.299150000000003,1.8882277760288,15.843721412520834,4.1330089340225085,12,216,0.1943298648921955,-0.018489825431257347,5.339392148170041,0.06343935402552627,3.462962962962963,1.8405208900679195,-0.08144896061936435,1.8577053975898818,314.6940335352234,0.05237600269940259,0.0,0.06944444444444445,0.8564814814814815,0.24929365507877652,5.151468860164512,0.020975323149236193,173,0.8564356435643564,17,17,3,2.3168316831683167,159.0,0.5165599896301407,Q1: Weak/Brittle
14_16_25_60_20_50_31,14_16_25_60_20_50_31\output\network_N6x6x6_trial712.gpickle,14,16,25,60,20,50,31,3.8989324999999995,0.5804632742922531,12.484549999999999,1.439982301685221,16.358146679233126,3.0909941048056186,12,216,0.21838547676888048,-0.1163583361363383,5.156790305896261,0.05554796407817746,3.5277777777777777,1.7398293516432888,-0.29975668363211083,1.8131941919109806,319.4886661574229,0.05779474217008945,0.0,0.07407407407407407,0.8611111111111112,0.2844181501977448,4.9984306887532695,0.02121476315024702,180,0.8910891089108911,16,16,3,2.5396039603960396,166.0,0.49513642936766766,Q3: Strong/Brittle
14_16_32_54_26_32_42,14_16_32_54_26_32_42\output\network_N6x6x6_trial0.gpickle,14,16,32,54,26,32,42,3.9904091666666663,0.5409497701490459,14.105408333333335,2.321418029803599,21.469070846422085,6.020104587659825,12,216,0.22281953795230433,-0.075610921909542,5.176050440864982,0.0678192552573885,3.509259259259259,1.797608340990732,-0.17286124729402041,1.8557733501815563,318.8369407058694,0.05443638220028857,0.0,0.07407407407407407,0.8564814814814815,0.2793841907682437,4.996239717978848,0.02126909518213866,178,0.8811881188118812,17,15,3,2.5396039603960396,164.0,0.49388981050057396,Q4: Strong/Tough
14_17_20_61_33_30_41,14_17_20_61_33_30_41\output\network_N6x6x6_trial2.gpickle,14,17,20,61,33,30,41,3.9694550000000004,0.385798463049902,14.311675,2.0671594008546283,22.743329070483338,7.259313697142982,12,216,0.12314826113881176,-0.15039991050953866,5.176001182207773,0.06367432221002953,3.5555555555555554,1.7603310575283178,-0.26021052135675365,1.8314519893399235,320.00347494215714,0.053677311686500986,0.0,0.0787037037037037,0.8472222222222222,0.34536368526625516,4.930523028883685,0.02191797273764487,183,0.905940594059406,19,18,3,2.5742574257425743,169.0,0.47306832063065823,Q4: Strong/Tough
14_17_23_70_31_23_38,14_17_23_70_31_23_38\output\network_N6x6x6_trial0.gpickle,14,17,23,70,31,23,38,3.645611666666667,0.3538775934753271,14.949166666666668,2.3965598686218734,23.21071342265625,7.760754767274905,12,216,0.23463849106199672,-0.116720191615738,5.212551105856854,0.05184060191777016,3.425925925925926,1.7251071019016615,-0.12089595251751946,1.8038862421822783,317.115808334789,0.05574434311858338,0.0,0.0787037037037037,0.8564814814814815,0.2845900959082053,5.014923619271445,0.02074030552291422,169,0.8366336633663366,17,17,3,2.5,155.0,0.43837973345737913,Q2: Weak/Tough
14_18_23_57_34_29_41,14_18_23_57_34_29_41\output\network_N6x6x6_trial1.gpickle,14,18,23,57,34,29,41,3.1877783333333327,0.6796968218972502,12.336670833333335,1.5276852902428255,14.248151145572395,4.85866387506148,12,216,0.1889489066232406,-0.04259227748009168,5.328850795527314,0.06481910626892544,3.5277777777777777,1.7740847057595301,-0.2322872128030814,1.8505188005956548,319.59806469771445,0.057270543113384705,0.0,0.08333333333333333,0.8472222222222222,0.25427315423381036,5.052903380772233,0.021737825016513543,180,0.8910891089108911,19,18,3,2.5,166.0,0.47956462163982355,Q1: Weak/Brittle
14_18_33_43_14_63_31,14_18_33_43_14_63_31\output\network_N6x6x6_trial101044.gpickle,14,18,33,43,14,63,31,4.035500833333334,0.29907579238542903,14.190825000000002,1.7283314656651754,23.266790575810834,5.62809151681508,12,216,0.2848493986074986,-0.12390845312732215,5.090586670607359,0.05265182170096154,3.564814814814815,1.8093028540181708,-0.34161946994040193,1.8081129332569366,320.1041831487272,0.061364424037811456,0.0,0.08333333333333333,0.8472222222222222,0.35451419292761965,4.900858704137392,0.02197802197802198,184,0.9108910891089109,19,18,3,2.5396039603960396,170.0,0.5619280003935789,Q4: Strong/Tough
14_19_23_45_46_34_35,14_19_23_45_46_34_35\output\network_N6x6x6_trial3.gpickle,14,19,23,45,46,34,35,3.362106666666667,0.5797882843235873,12.726233333333331,2.358668145049706,15.822360746441875,5.14117276027212,12,216,0.17769952167863176,0.06347993659988271,5.2250628047879415,0.059673560509483685,3.537037037037037,1.7476223314672628,-0.33507420826705314,1.8717679148490345,321.95545252376706,0.05313342059787673,0.0,0.08796296296296297,0.8379629629629629,0.24301779362497125,4.96353591160221,0.02216083486801719,181,0.8960396039603961,21,22,3,2.5396039603960396,167.0,0.49186252093356625,Q1: Weak/Brittle
14_1_18_78_48_39_18,14_1_18_78_48_39_18\output\network_N6x6x6_trial1.gpickle,14,1,18,78,48,39,18,3.9618733333333336,0.7270270209482512,13.53459166666667,1.9190561379917703,20.750884900688334,7.1286737082853255,12,216,0.28470568733089946,-0.07954901346695911,5.059110388650805,0.0481026882667663,3.5462962962962963,1.4426330047113776,-0.5087872023689832,1.6275005044281525,329.29445177771476,0.05964773209750576,0.0,0.004629629629629629,0.9305555555555556,0.28667068801069945,5.045771144278607,0.01900497512437811,182,0.900990099009901,1,1,3,2.7524752475247523,168.0,0.3686460804960405,Q4: Strong/Tough
14_20_23_45_42_33_39,14_20_23_45_42_33_39\output\network_N6x6x6_trial0.gpickle,14,20,23,45,42,33,39,4.299339166666667,0.45356929122348244,13.657491666666667,1.898827873741383,21.850277171522503,5.679429928985835,12,216,0.207945300691166,-0.09270713489690714,5.140879759617753,0.0551814596602568,3.5555555555555554,1.7838438175558138,-0.3136726706125552,1.8774848670032398,319.6639915920275,0.06028420118480615,0.0,0.09259259259259259,0.8333333333333334,0.3462434311388398,4.897082557417753,0.022470515207945376,183,0.905940594059406,22,19,3,2.599009900990099,169.0,0.5039312899560465,Q4: Strong/Tough
14_20_44_29_18_51_40,14_20_44_29_18_51_40\output\network_N6x6x6_trial334.gpickle,14,20,44,29,18,51,40,2.647735,0.7151393870253546,12.26375,1.0329353412322897,13.106974196339165,4.243040668149402,12,216,0.15724455163774625,0.0417311470282565,5.350524604699276,0.06630064830345687,3.5277777777777777,1.8903180867610097,-0.2260601084237403,1.8515638330391015,317.55313816891885,0.05616680492994672,0.0,0.09259259259259259,0.8240740740740741,0.22448308668588485,5.068494889862248,0.022662350028565988,180,0.8910891089108911,24,22,3,2.495049504950495,166.0,0.5842775657694392,Q1: Weak/Brittle
14_21_17_64_35_25_40,14_21_17_64_35_25_40\output\network_N6x6x6_trial6.gpickle,14,21,17,64,35,25,40,3.680155833333334,0.7909175462973193,14.53458333333333,2.685094841538294,22.0539627359,9.707602012432638,12,216,0.19228784117930947,-0.12013366750208757,5.241367420324122,0.06162585093499744,3.4814814814814814,1.7637369916126924,-0.20476692684297695,1.8212081580120716,316.645418630917,0.056328688524077165,0.0,0.09722222222222222,0.8379629629629629,0.27355772172207254,4.988827501534684,0.021792510742786986,175,0.8663366336633663,21,20,3,2.5841584158415842,161.0,0.4650397330086881,Q4: Strong/Tough
14_21_25_31_54_40_31,14_21_25_31_54_40_31\output\network_N6x6x6_trial14.gpickle,14,21,25,31,54,40,31,3.871590833333333,0.5523774693911513,13.355420833333332,2.4007177316949004,20.510974614004173,7.574816944545818,12,216,0.17048365118169315,-0.12531285895653582,5.121816659277868,0.0464838633474533,3.5462962962962963,1.752692422253066,-0.4150379849096674,1.8696247373803785,321.0711658934214,0.058856651415364884,0.0,0.09722222222222222,0.8333333333333334,0.34726937433855476,4.85034140285537,0.022408441961514588,182,0.900990099009901,22,21,3,2.5495049504950495,168.0,0.5254613485705194,Q4: Strong/Tough
14_23_19_47_55_34_24,14_23_19_47_55_34_24\output\network_N6x6x6_trial2.gpickle,14,23,19,47,55,34,24,3.3260241666666666,0.700018740326028,11.934579166666666,2.376916442092774,13.979768780756045,6.49517063063032,12,216,0.21095622237702324,-0.175978509744532,5.211171863455002,0.05553891481653212,3.4074074074074074,1.677945376307303,-0.3566096140612805,1.8450130261165478,313.81453424460994,0.0558241835707328,0.0,0.10648148148148148,0.8194444444444444,0.31329854031800203,4.940934771443246,0.02202105803800719,167,0.8267326732673267,25,23,3,2.48019801980198,153.0,0.4770793383716581,Q1: Weak/Brittle
14_23_23_20_75_41_20,14_23_23_20_75_41_20\output\network_N6x6x6_trial16.gpickle,14,23,23,20,75,41,20,3.8018916666666667,0.3880630291768193,12.117929166666665,1.7032091141257353,15.607904009908331,5.271848200602119,12,216,0.21072822729093882,-0.021082185801022647,5.192847642973253,0.05281298435361612,3.490740740740741,1.6777154350284746,-0.5515690874176943,1.7777002098155814,319.2413437910481,0.05164218647690276,0.0,0.10648148148148148,0.8194444444444444,0.292902964599091,4.91743708269132,0.022598870056497175,176,0.8712871287128713,25,24,3,2.589108910891089,162.0,0.545790991803446,Q3: Strong/Brittle
14_25_11_63_30_30_43,14_25_11_63_30_30_43\output\network_N6x6x6_trial23.gpickle,14,25,11,63,30,30,43,3.8816741666666665,0.42427776250663785,12.326258333333335,2.3759459086359453,16.736725833871457,6.082254689726596,12,216,0.29553956152725736,-0.11855194870218884,5.081917146938575,0.04713654335802988,3.537037037037037,1.815192704421162,-0.2617033532018708,1.80760951011787,319.6314996478547,0.05551404263849205,0.0,0.11574074074074074,0.8194444444444444,0.36749399269868444,4.826399589111453,0.022919876733436057,181,0.8960396039603961,25,25,3,2.5643564356435644,167.0,0.4996514169016382,Q3: Strong/Brittle
14_25_17_33_67_12_48,14_25_17_33_67_12_48\output\network_N6x6x6_trial469.gpickle,14,25,17,33,67,12,48,3.5978341666666664,0.31851576723029834,12.026254166666666,1.4460251921875262,16.419718941722916,5.175788716255882,12,216,0.28964449073477594,-0.21921657189619315,5.065169203487513,0.04712858679261416,3.5833333333333335,1.8212988853095007,-0.33161919446448546,1.7719496649346387,319.45307595442256,0.0584429959414767,0.0,0.11574074074074074,0.8194444444444444,0.36794223848372054,4.812403697996919,0.023240883410374936,186,0.9207920792079208,25,25,3,2.6435643564356437,172.0,0.5053932233002095,Q1: Weak/Brittle
14_25_20_29_59_28_41,14_25_20_29_59_28_41\output\network_N6x6x6_trial7.gpickle,14,25,20,29,59,28,41,3.5281941666666667,0.33295029682767796,12.103362499999998,1.2832176428034658,15.637171195397919,3.316717975533553,12,216,0.21563503450291588,-0.03895111170195009,5.153342199891631,0.05011906862219007,3.5833333333333335,1.8162078931419472,-0.38464566411476947,1.8515848290396002,320.7983244281276,0.058050723049240346,0.0,0.11574074074074074,0.8101851851851852,0.35229697074028504,4.864630541871922,0.023645320197044337,186,0.9207920792079208,27,25,3,2.5841584158415842,172.0,0.5328073997347187,Q1: Weak/Brittle
14_25_39_29_35_38_36,14_25_39_29_35_38_36\output\network_N6x6x6_trial7.gpickle,14,25,39,29,35,38,36,3.6670175,0.5257536132563267,13.786658333333335,1.2199585043887995,19.161257746074998,3.075647288401268,12,216,0.16705970995430078,-0.03836890158516846,5.290084232303827,0.06560254888356107,3.4074074074074074,1.851110962903674,-0.16439123001686323,1.904809335873356,312.54576074035276,0.05445624138457199,0.0,0.11574074074074074,0.8055555555555556,0.27157912938974094,4.991362700152814,0.022589861138794763,167,0.8267326732673267,28,27,3,2.400990099009901,153.0,0.5476754705636123,Q4: Strong/Tough
14_26_43_19_49_11_54,14_26_43_19_49_11_54\output\network_N6x6x6_trial469.gpickle,14,26,43,19,49,11,54,3.4648191666666666,0.49756006747022236,12.561666666666667,1.9243278142784184,15.631411407693747,5.523419200345681,12,216,0.13616588938946006,-0.09732519261520835,5.32362937786316,0.07548837133012608,3.4444444444444446,1.935694598909371,-0.08430499534182119,1.8020634109025386,311.0973685772673,0.054347115158252635,0.0,0.12037037037037036,0.8009259259259259,0.27194113243948353,4.984675359591343,0.023054173948111305,171,0.8465346534653465,29,26,3,2.4306930693069306,157.0,0.559436759682585,Q1: Weak/Brittle
14_27_14_47_50_28_36,14_27_14_47_50_28_36\output\network_N6x6x6_trial26.gpickle,14,27,14,47,50,28,36,3.6683391666666663,0.31108270029737367,12.530399999999998,1.4196040633453635,16.618423341725002,3.15947972312155,12,216,0.22154782913397003,-0.15229789048008752,5.1601891532436825,0.060727630918648114,3.4814814814814814,1.7794166828313558,-0.30731804583189404,1.8486687029043043,317.35886606850494,0.058334284990267896,0.0,0.125,0.8055555555555556,0.323114161401405,4.861736761676965,0.023121387283236993,175,0.8663366336633663,28,26,3,2.5693069306930694,161.0,0.49881270678499573,Q3: Strong/Brittle
14_27_1_4_143_23_4,14_27_1_4_143_23_4\output\network_N6x6x6_trial10095.gpickle,14,27,1,4,143,23,4,4.398495,0.5590447327733862,12.182491666666666,1.1746014405308816,16.98739896354521,4.427614267814224,12,216,0.27862971482225507,-0.029458209786080027,5.114723412639772,0.0493852510039472,3.4814814814814814,1.4528482975118187,-1.2721627392435204,1.1214455281507074,323.5557731859573,0.06397138830642655,0.0,0.125,0.8101851851851852,0.4052938224034414,4.808013136288999,0.02292282430213465,175,0.8663366336633663,27,24,3,2.717821782178218,161.0,0.7456998632752373,Q3: Strong/Brittle
14_28_19_30_68_32_25,14_28_19_30_68_32_25\output\network_N6x6x6_trial14.gpickle,14,28,19,30,68,32,25,3.425864166666667,0.6053578258553413,12.640833333333333,1.5917363539718368,15.952042654626831,4.701610356160526,12,216,0.2104176038760314,-0.15219344824769285,5.229299049307916,0.06422960923770549,3.4166666666666665,1.721998193314319,-0.3973471471302972,1.8265248918655637,314.53998048090483,0.058532000035755406,0.0,0.12962962962962962,0.8055555555555556,0.28270043042199233,4.951298917015481,0.022656301906850043,168,0.8316831683168316,28,28,3,2.5841584158415842,154.0,0.5158972036015629,Q1: Weak/Brittle
14_28_21_32_42_40_39,14_28_21_32_42_40_39\output\network_N6x6x6_trial2.gpickle,14,28,21,32,42,40,39,3.483145833333333,0.4982900418842145,11.769995833333333,1.4579450264639517,14.635574730231253,3.4459307491910818,12,216,0.25750971201101536,-0.14069035386062928,5.135215014038717,0.051753480770893194,3.5555555555555554,1.8575837219222764,-0.3519339464007174,1.8914670404951945,317.41150977461507,0.058130445094566045,0.0,0.12962962962962962,0.8009259259259259,0.3519765829669444,4.839763409060358,0.023860733969619574,183,0.905940594059406,29,26,3,2.51980198019802,169.0,0.5638740093690006,Q1: Weak/Brittle
14_28_22_46_20_58_28,14_28_22_46_20_58_28\output\network_N6x6x6_trial100.gpickle,14,28,22,46,20,58,28,3.151096666666666,0.5125638893889771,11.670016666666667,1.6033562785520323,13.481300455557085,4.62485815897853,12,216,0.13814025041829756,-0.0412314205512866,5.30082261957539,0.056361440090778085,3.462962962962963,1.8228281136633788,-0.30746724244727824,1.8424495489824126,314.01000128570774,0.05477925220213867,0.0,0.12962962962962962,0.7962962962962963,0.29096935375792576,4.949884400924793,0.023391812865497075,173,0.8564356435643564,30,29,3,2.4257425742574257,159.0,0.5635054055317144,Q1: Weak/Brittle
14_28_25_44_29_24_52,14_28_25_44_29_24_52\output\network_N6x6x6_trial3.gpickle,14,28,25,44,29,24,52,3.06924,0.38543529074281707,12.755433333333334,1.3939630263708176,15.510309568354165,4.503622885300731,12,216,0.09377235967627486,0.1112838930233127,5.40968425200729,0.08110774415852141,3.509259259259259,1.9244786228539081,-0.16415337540281022,1.872434367046107,316.62278708376874,0.05304087633078194,0.0,0.12962962962962962,0.7685185185185185,0.27929340098502875,4.891858342460752,0.025045637093829867,178,0.8811881188118812,36,34,3,2.4158415841584158,164.0,0.5544768289519794,Q1: Weak/Brittle
14_29_22_35_32_38_46,14_29_22_35_32_38_46\output\network_N6x6x6_trial2.gpickle,14,29,22,35,32,38,46,2.9837650000000004,0.8235953297635517,12.411658333333333,1.3551076226991057,14.030676846908127,4.516445168625491,12,216,0.23299826560934322,0.0009734639702035856,5.197527215408108,0.04923327488423315,3.574074074074074,1.9134209411984437,-0.30190060914496486,1.8924644030178406,317.7755883907839,0.05672300137898811,0.0,0.13425925925925927,0.7916666666666666,0.333112227793092,4.856002751977984,0.024423804609563123,185,0.9158415841584159,31,29,3,2.5247524752475248,171.0,0.579903386267851,Q1: Weak/Brittle
14_29_31_25_38_30_49,14_29_31_25_38_30_49\output\network_N6x6x6_trial257.gpickle,14,29,31,25,38,30,49,3.424666666666667,0.43482310790966744,12.990845833333333,1.537056367359692,17.847920238116668,4.757634985145819,12,216,0.2363629215535155,-0.031741261401820604,5.229742377222797,0.059006155961105936,3.5277777777777777,1.9386819373793596,-0.2269270244649651,1.891541042999656,315.375302455898,0.055116678316725114,0.0,0.13425925925925927,0.7916666666666666,0.31228649752035276,4.910354317165463,0.024079807361541108,180,0.8910891089108911,31,30,3,2.4356435643564356,166.0,0.5837235718836994,Q1: Weak/Brittle
14_29_33_26_25_43_46,14_29_33_26_25_43_46\output\network_N6x6x6_trial12.gpickle,14,29,33,26,25,43,46,3.540162500000001,0.34550271422293727,10.949170833333334,1.4735477143414706,13.63217812648125,3.6308867653042554,12,216,0.14581466963648865,-0.13665323188308345,5.226047977932121,0.05409263522887181,3.537037037037037,1.9528039002168982,-0.2440322326291327,1.8890994908499044,314.49116257412777,0.05377614878917065,0.0,0.13425925925925927,0.7824074074074074,0.3707737078307608,4.812059735136658,0.024584389969005353,181,0.8960396039603961,33,30,3,2.48019801980198,167.0,0.6084616172114533,Q1: Weak/Brittle
14_29_34_26_24_39_50,14_29_34_26_24_39_50\output\network_N6x6x6_trial39.gpickle,14,29,34,26,24,39,50,2.8803183333333333,0.9331651076384548,11.4595875,2.3339593880468623,13.822169142952083,8.049751617041217,12,216,0.12391663033467747,-0.1366497493346525,5.269986700162554,0.06883660709565825,3.5462962962962963,1.973829982824608,-0.22419634892342455,1.8847298155149819,312.6532152552845,0.055771508939466495,0.0,0.13425925925925927,0.7916666666666666,0.2500932176468723,4.91173030615755,0.024217406260749915,182,0.900990099009901,31,29,3,2.4207920792079207,168.0,0.6129672789776588,Q1: Weak/Brittle
14_29_35_19_25_74_20,14_29_35_19_25_74_20\output\network_N6x6x6_trial850.gpickle,14,29,35,19,25,74,20,3.759005833333333,0.4822807136834027,12.515845833333332,1.5213346612238128,17.023075533108337,4.339161320291108,12,216,0.16280550850128978,-0.011076748684711729,5.28106989803458,0.06240107771170431,3.4537037037037037,1.8428252226126585,-0.3747638040492311,1.792559600135986,313.42220953905894,0.055165447015067294,0.0,0.13425925925925927,0.7685185185185185,0.3363075379749566,4.84249726177437,0.02460752099306316,172,0.8514851485148515,36,31,3,2.4455445544554455,158.0,0.6360959867820655,Q3: Strong/Brittle
14_2_14_75_77_27_7,14_2_14_75_77_27_7\output\network_N6x6x6_trial2.gpickle,14,2,14,75,77,27,7,4.243061666666667,0.48835425925300957,14.217904166666665,2.589966544865842,22.541099549212493,8.257961973733096,12,216,0.297790574804013,-0.16915752981571489,5.14698783311167,0.053938913056701905,3.425925925925926,1.285270570330417,-0.8692039145573434,1.5041048335461642,325.1700995395048,0.06453123888729893,0.0,0.009259259259259259,0.9259259259259259,0.31311776412304476,5.125326633165829,0.018492462311557788,169,0.8366336633663366,2,2,3,2.757425742574257,155.0,0.407441287842376,Q4: Strong/Tough
14_2_16_67_88_21_8,14_2_16_67_88_21_8\output\network_N6x6x6_trial3.gpickle,14,2,16,67,88,21,8,4.035909166666666,0.5213816878010827,14.69709166666667,2.310244305789012,24.130860147112298,8.377391443545719,12,216,0.25730967783122966,-0.15786795573082385,5.1986109058667065,0.0626716567607517,3.425925925925926,1.2816634424443165,-0.8973317670566385,1.491088290876399,325.7358992873202,0.05773508702720679,0.0,0.009259259259259259,0.9259259259259259,0.2593930275632046,5.182613065326633,0.018492462311557788,169,0.8366336633663366,2,2,2,1.99009900990099,155.0,0.41165320344894457,Q4: Strong/Tough
14_30_25_31_30_35_51,14_30_25_31_30_35_51\output\network_N6x6x6_trial2.gpickle,14,30,25,31,30,35,51,3.7549558333333333,0.358605129435761,11.542916666666665,2.1612098113993676,14.043499187801165,5.283714011866103,12,216,0.25172408961311604,-0.0858029436046337,5.1586621348702035,0.05731291069542411,3.5833333333333335,1.9561157657175838,-0.2754016366541365,1.8896097322389909,316.1795446379738,0.05505739755148891,0.0,0.1388888888888889,0.7962962962962963,0.32334627275651756,4.849177206582348,0.02427580579355365,186,0.9207920792079208,30,27,3,2.4752475247524752,172.0,0.5983281586018215,Q3: Strong/Brittle
14_31_28_25_39_36_43,14_31_28_25_39_36_43\output\network_N6x6x6_trial174.gpickle,14,31,28,25,39,36,43,3.5857324999999993,0.4038885263519502,12.428329166666666,1.9193405855981653,17.14785180404792,5.94735629946204,12,216,0.20054001248044628,-0.08001464178467196,5.288803507216393,0.05687522635538927,3.5,1.9172704363041553,-0.25224777625137496,1.8993931353760016,312.97656884650956,0.05462371575025514,0.0,0.14351851851851852,0.7824074074074074,0.27547335448030447,4.9212454212454215,0.02430262045646661,177,0.8762376237623762,33,30,3,2.48019801980198,163.0,0.5835883130995004,Q1: Weak/Brittle
14_31_33_29_20_34_55,14_31_33_29_20_34_55\output\network_N6x6x6_trial2062.gpickle,14,31,33,29,20,34,55,2.9067950000000002,0.9621260459220853,11.661670833333332,1.3801179190951902,13.359908801741666,5.793339796385679,12,216,0.1525090195367933,0.004969822903810415,5.374710605388897,0.06555026452128089,3.537037037037037,2.0088965366400915,-0.18265976551925417,1.8722646898718038,312.7795328218287,0.05467819884824708,0.0,0.14351851851851852,0.7685185185185185,0.23086404023150633,4.94399415845199,0.025264695144213218,181,0.8960396039603961,36,33,3,2.381188118811881,167.0,0.6221900619306456,Q1: Weak/Brittle
14_31_34_25_41_14_57,14_31_34_25_41_14_57\output\network_N6x6x6_trial2373.gpickle,14,31,34,25,41,14,57,3.4926433333333335,0.5078172352715975,12.892933333333334,1.3755966895213954,16.25975474865562,3.65669142963979,12,216,0.2442698713920751,-0.12931995540691277,5.227821289591645,0.05396732937784616,3.4722222222222223,1.9788620623298618,-0.11292309202515727,1.8408999862565387,310.06358888419413,0.05738597760098237,0.0,0.14351851851851852,0.7824074074074074,0.3218990653622984,4.895463510848126,0.024091293322062553,174,0.8613861386138614,33,31,3,2.4504950495049505,160.0,0.5823074618955687,Q1: Weak/Brittle
14_31_37_29_36_12_57,14_31_37_29_36_12_57\output\network_N6x6x6_trial1016.gpickle,14,31,37,29,36,12,57,2.9291316666666667,0.8406689711159929,14.480408333333331,2.2482479294843256,18.866254118624997,8.544353402480189,12,216,0.09133867398271336,-0.07248328421077227,5.40027584848037,0.06635943585171904,3.4166666666666665,1.9796417558440929,-0.03923577081613997,1.8385402982418384,307.5502559488865,0.05245908294170773,0.0,0.14351851851851852,0.7731481481481481,0.2453965734572484,4.996464901522256,0.024096385542168676,168,0.8316831683168316,35,33,3,2.3267326732673266,154.0,0.5795132997396524,Q2: Weak/Tough
14_32_18_37_42_47_26,14_32_18_37_42_47_26\output\network_N6x6x6_trial5.gpickle,14,32,18,37,42,47,26,4.016794166666666,0.6249319843052032,13.503324999999998,1.1611348027719837,19.517154182558336,3.3123822572428856,12,216,0.2269228651146091,-0.09452335353719947,5.236737106546475,0.05604824232125945,3.4166666666666665,1.7982759232932792,-0.3349665070426292,1.8746738838369201,312.28778481726874,0.05860886651190626,0.0,0.14814814814814814,0.7824074074074074,0.3353915726888395,4.873485488870104,0.023668639053254437,168,0.8316831683168316,33,32,3,2.4356435643564356,154.0,0.5544417413260404,Q4: Strong/Tough
14_32_28_27_25_59_31,14_32_28_27_25_59_31\output\network_N6x6x6_trial89.gpickle,14,32,28,27,25,59,31,3.6738049999999998,0.3872698908706949,13.549166666666666,3.2949129723163995,19.595253897520834,8.465688759141207,12,216,0.16860773627248948,-0.1723996314919052,5.242598886754347,0.054396973269553145,3.4722222222222223,1.8927656295471613,-0.3051913671896282,1.8676863645248618,311.6786026281576,0.05718457753814673,0.0,0.14814814814814814,0.7731481481481481,0.30345569854423293,4.835004689416348,0.024529254743525,174,0.8613861386138614,35,34,3,2.48019801980198,160.0,0.6119487869825051,Q4: Strong/Tough
14_32_31_18_41_40_40,14_32_31_18_41_40_40\output\network_N6x6x6_trial68502.gpickle,14,32,31,18,41,40,40,3.2549624999999995,0.7227829002557291,13.4262625,2.9409788092235694,17.54495542164375,6.598069359123441,12,216,0.1839183137004678,0.008363708385598615,5.339983252056549,0.05693869459277739,3.4814814814814814,1.9195942929840837,-0.2603522954715742,1.885938326437096,313.773011599966,0.058523375749483096,0.0,0.14814814814814814,0.7638888888888888,0.2934736892044154,4.900369549150037,0.025055432372505543,175,0.8663366336633663,37,34,3,2.4356435643564356,161.0,0.5970302219826019,Q1: Weak/Brittle
14_33_11_35_55_22_46,14_33_11_35_55_22_46\output\network_N6x6x6_trial20.gpickle,14,33,11,35,55,22,46,3.5834333333333332,0.38817467683877693,12.601245833333335,2.3066234119973514,17.03648397230417,5.944809695220866,12,216,0.21572573145040694,-0.15926721628972715,5.1695975567706025,0.06030870394358721,3.5462962962962963,1.8776672843523217,-0.32399901811227133,1.821253659091173,316.315423537971,0.056554823623408856,0.0,0.1527777777777778,0.7824074074074074,0.34217751392183954,4.833474218089603,0.02465483234714004,182,0.900990099009901,33,32,3,2.5594059405940595,168.0,0.5458098828302956,Q1: Weak/Brittle
14_33_20_47_27_18_57,14_33_20_47_27_18_57\output\network_N6x6x6_trial149.gpickle,14,33,20,47,27,18,57,3.0645841666666667,0.9381199996753999,12.615825,1.7459679947071385,16.274442390241667,7.717947747279624,12,216,0.09827132633115852,-0.0030086868019533496,5.320526082458993,0.07108094052662975,3.490740740740741,1.9696557810306847,-0.12797217646212222,1.8351332957152888,313.56060903710767,0.05419461976568017,0.0,0.1527777777777778,0.7592592592592593,0.33811129512420823,4.828146042196618,0.025362860990573097,176,0.8712871287128713,38,37,3,2.4158415841584158,162.0,0.5691794989390896,Q1: Weak/Brittle
14_33_21_34_50_23_41,14_33_21_34_50_23_41\output\network_N6x6x6_trial40.gpickle,14,33,21,34,50,23,41,2.8978641666666665,0.8802637435872875,12.426250000000001,1.7183070648654932,14.3345681827375,5.936152377334821,12,216,0.1557174955850317,-0.07111946449889281,5.364563322003842,0.06343354538982485,3.4166666666666665,1.866493047481371,-0.19810812708861975,1.8746452912730391,309.80404687286637,0.05352229258703555,0.0,0.1527777777777778,0.7685185185185185,0.26864864160283414,4.946987951807229,0.024315443592552027,168,0.8316831683168316,36,34,3,2.405940594059406,154.0,0.534688601719737,Q1: Weak/Brittle
14_33_38_23_21_42_45,14_33_38_23_21_42_45\output\network_N6x6x6_trial2511.gpickle,14,33,38,23,21,42,45,2.8256983333333334,0.45857126007185495,12.449175000000002,2.2440730892267444,14.281321200166667,6.4007900469347545,12,216,0.13226681372639443,-0.11760016385435798,5.3787498152800355,0.07021855937240322,3.435185185185185,1.9826709825298061,-0.1392003871941464,1.8804029429677838,307.71742840811936,0.05280783718370717,0.0,0.1527777777777778,0.7638888888888888,0.18993055667290482,4.961714708056172,0.024685883222468587,170,0.8415841584158416,37,34,3,2.3366336633663365,156.0,0.621639636402331,Q1: Weak/Brittle
14_33_38_27_23_28_53,14_33_38_27_23_28_53\output\network_N6x6x6_trial2946.gpickle,14,33,38,27,23,28,53,2.85645,0.5847532333671472,10.472091666666667,1.8250498284103245,10.288577847986458,6.104532160172571,12,216,0.1042672384954105,-0.0013131976362441055,5.541007832126496,0.08728045283665013,3.425925925925926,2.0055649601366308,-0.07394253713710186,1.8780979157199722,308.9325168372955,0.05297166379371611,0.0,0.1527777777777778,0.7546296296296297,0.23511475008850707,4.963265924411119,0.02507005983488601,169,0.8366336633663366,39,36,3,2.3465346534653464,155.0,0.6131403622871394,Q1: Weak/Brittle
14_34_0_48_42_44_34,14_34_0_48_42_44_34\output\network_N6x6x6_trial2.gpickle,14,34,0,48,42,44,34,3.5638141666666665,0.33783226825498114,12.4074875,2.4347101025348823,16.576016777656246,6.073830627790439,12,216,0.16128720065508229,0.035857100499251136,5.228560169449781,0.050779045912344986,3.564814814814815,1.8220518965865369,-0.45308631787893455,1.7361884323489967,319.8161236875109,0.05759783301596944,0.0,0.1574074074074074,0.7731481481481481,0.3666230437783496,4.80297236851598,0.025250703412452204,184,0.9108910891089109,35,34,3,2.5495049504950495,170.0,0.5603261361835129,Q1: Weak/Brittle
14_34_29_37_20_35_47,14_34_29_37_20_35_47\output\network_N6x6x6_trial113.gpickle,14,34,29,37,20,35,47,2.8756924999999995,0.4002361415074231,12.511674999999999,1.9657226377446197,14.63517335401729,5.355632101400629,12,216,0.1583763929112445,-0.03430013005531123,5.347027240037437,0.07010687890496058,3.425925925925926,1.9659306706800312,-0.11784012524103417,1.8872813373481039,308.24093867653437,0.05322259729827745,0.0,0.1574074074074074,0.7592592592592593,0.3002768159729965,4.92608110130181,0.024839144096962442,169,0.8366336633663366,38,35,3,2.3217821782178216,155.0,0.5939432918095972,Q1: Weak/Brittle
14_34_30_23_31_55_29,14_34_30_23_31_55_29\output\network_N6x6x6_trial605.gpickle,14,34,30,23,31,55,29,3.7459775,0.42676971495419314,12.697095833333334,2.1438364985910123,16.475127681185416,3.9013562860823896,12,216,0.21998387387696539,-0.12098324428231914,5.26471602384119,0.05512743744857319,3.4074074074074074,1.8857999434223653,-0.26195010833738586,1.8775753684979084,310.43235127289125,0.05181724178053878,0.0,0.1574074074074074,0.7592592592592593,0.344382869040787,4.8600179560077805,0.02468951069878797,167,0.8267326732673267,38,37,3,2.4257425742574257,153.0,0.6062104475566524,Q3: Strong/Brittle
14_34_36_19_25_51_37,14_34_36_19_25_51_37\output\network_N6x6x6_trial53481.gpickle,14,34,36,19,25,51,37,3.097681666666667,0.5728913900969557,11.513754166666665,2.734220867347949,13.87969834025,7.747576886480997,12,216,0.0946499231711963,-0.027756708554557395,5.313235801192059,0.06821735070886491,3.425925925925926,1.949376461103812,-0.19968345308610638,1.8734587387090385,309.9331638758121,0.05403384489220665,0.0,0.1574074074074074,0.75,0.30901926529698265,4.8220228510083585,0.025304807913503567,169,0.8366336633663366,40,36,3,2.3415841584158414,155.0,0.6242586596332653,Q1: Weak/Brittle
14_34_6_58_40_26_38,14_34_6_58_40_26_38\output\network_N6x6x6_trial20.gpickle,14,34,6,58,40,26,38,3.797228333333333,0.5186649894172751,11.92835,2.5092920997929538,15.726670807633333,7.816654410797158,12,216,0.2203019373298314,-0.1417486330678709,5.188118811881188,0.05716399629475079,3.4166666666666665,1.8212988853095007,-0.224719419472467,1.7938280646223947,312.88002471405224,0.05808871763976006,0.0,0.1574074074074074,0.7777777777777778,0.32718804469933843,4.835685771314514,0.02388080980895352,168,0.8316831683168316,34,33,3,2.495049504950495,154.0,0.5039973454769778,Q3: Strong/Brittle
14_35_17_2_90_25_33,14_35_17_2_90_25_33\output\network_N6x6x6_trial24699.gpickle,14,35,17,2,90,25,33,3.993205,0.25559888632712513,13.9241625,2.974309149276307,21.79081754858125,7.310569597963746,12,216,0.2283046809467194,-0.11995310039284779,5.205901187133639,0.05646556745632641,3.509259259259259,1.8180951079834977,-0.47249017216693917,1.6170634935330475,316.4026194680755,0.057693413076863924,0.0,0.16203703703703703,0.7685185185185185,0.3564725351883496,4.811683096020445,0.025045637093829867,178,0.8811881188118812,36,35,3,2.5346534653465347,164.0,0.57763191469304,Q4: Strong/Tough
14_35_9_6_65_77_10,14_35_9_6_65_77_10\output\network_N6x6x6_trial1167.gpickle,14,35,9,6,65,77,10,4.189283333333333,0.39878178172891604,11.792924999999999,2.703869000347773,16.65959526338604,7.62382496031977,12,216,0.2974181325191978,-0.11907046282616408,5.061868873454509,0.048933841055660204,3.5925925925925926,1.7508571289145942,-0.8091777955955648,1.5755395015081097,320.782003312866,0.05973303451129511,0.0,0.16203703703703703,0.7731481481481481,0.43393860133808526,4.69980520885939,0.025467138013130365,187,0.9257425742574258,35,33,3,2.5841584158415842,173.0,0.7283112460276068,Q3: Strong/Brittle
14_36_22_23_13_79_29,14_36_22_23_13_79_29\output\network_N6x6x6_trial4128.gpickle,14,36,22,23,13,79,29,3.4112349999999996,1.0150209713063403,12.828325000000001,3.342688611700418,18.2457734241875,11.14930456136656,12,216,0.2250869323672179,-0.07682458874590875,5.158711393527413,0.0600181350259198,3.564814814814815,1.9401849288918414,-0.4289310345093387,1.7537270817545845,314.7576192905019,0.056411241778239446,0.0,0.16666666666666666,0.7638888888888888,0.3483739836361377,4.783739837398374,0.025720620842572064,184,0.9108910891089109,37,35,3,2.410891089108911,170.0,0.6826609166886142,Q2: Weak/Tough
14_39_21_37_23_32_50,14_39_21_37_23_32_50\output\network_N6x6x6_trial11341.gpickle,14,39,21,37,23,32,50,2.5283624999999996,0.6732145970283795,11.432491666666666,1.4381112475560514,11.416795933968103,4.453904433181316,12,216,0.16276445334895687,0.08966008675976135,5.370474360868923,0.055596806071958355,3.4444444444444446,1.996911195067936,-0.14500378596589575,1.8753445794384844,309.2941257453108,0.0526734890061944,0.0,0.18055555555555555,0.7407407407407407,0.30007558592118727,4.89064465408805,0.025943396226415096,171,0.8465346534653465,42,37,3,2.3465346534653464,157.0,0.6069302507396752,Q1: Weak/Brittle
14_3_11_74_83_27_4,14_3_11_74_83_27_4\output\network_N6x6x6_trial8.gpickle,14,3,11,74,83,27,4,3.856120833333333,0.6955524741582327,13.574166666666665,2.338350566223028,19.391480759707292,7.923246718149155,12,216,0.25801473596201807,-0.14998052201012405,5.192355056401163,0.06060346657966749,3.4166666666666665,1.2518504821381944,-1.0495540837877397,1.4566818907757266,326.10123924193437,0.06270025316720515,0.0,0.013888888888888888,0.9212962962962963,0.27494610603133623,5.161971473529262,0.018577737170701995,168,0.8316831683168316,3,3,3,2.2475247524752477,154.0,0.46179001825104016,Q4: Strong/Tough
14_42_13_30_31_52_34,14_42_13_30_31_52_34\output\network_N6x6x6_trial161.gpickle,14,42,13,30,31,52,34,3.771225833333333,0.269576950252871,13.53459166666667,2.324993593703838,19.639929621127084,5.236126709969016,12,216,0.2067038171617565,-0.08962341781621277,5.217132160977291,0.05200893021477276,3.4537037037037037,1.9335452913469562,-0.30826036640983223,1.851557462213781,308.3950495189148,0.054859834691374405,0.0,0.19444444444444445,0.7407407407407407,0.3455521411644749,4.798034591194969,0.026022012578616353,172,0.8514851485148515,42,37,3,2.504950495049505,158.0,0.6234116751044574,Q4: Strong/Tough
14_43_15_28_34_33_49,14_43_15_28_34_33_49\output\network_N6x6x6_trial65664.gpickle,14,43,15,28,34,33,49,3.3600825000000003,0.4664518203617068,13.090850000000001,1.2792227330818249,18.095040517304252,4.878046670487415,12,216,0.2059084337676257,0.009606826867703533,5.306438106497217,0.06181397396226731,3.4814814814814814,2.0068469902435657,-0.22721247626321722,1.8633289222043514,310.4424483241939,0.057034587082921584,0.0,0.19907407407407407,0.7268518518518519,0.3155133449665406,4.8304752572268495,0.027029234035603464,175,0.8663366336633663,45,41,3,2.4207920792079207,161.0,0.6233908067618733,Q2: Weak/Tough
14_44_2_40_31_52_33,14_44_2_40_31_52_33\output\network_N6x6x6_trial15894.gpickle,14,44,2,40,31,52,33,3.7037791666666666,0.3949739016158395,11.384591666666667,1.4309204503910138,14.585206849770836,3.675910567023364,12,216,0.23949512971449094,-0.13025415444770289,5.207132653563864,0.0500030503346068,3.4722222222222223,1.9146527261434105,-0.3551970748532119,1.7655763462658223,309.8365493785922,0.058261385274567964,0.0,0.2037037037037037,0.7314814814814815,0.385667040334293,4.755704265097154,0.026687091832621142,174,0.8613861386138614,44,39,3,2.5,160.0,0.6141286882431002,Q3: Strong/Brittle
14_6_54_29_28_55_30,14_6_54_29_28_55_30\output\network_N6x6x6_trial6.gpickle,14,6,54,29,28,55,30,3.712755833333333,0.9834160081865857,12.7366875,1.8460067032341503,17.993143473012502,6.423169879262194,12,216,0.2867799317115561,-0.09612274652957437,5.066991773804246,0.05706991983591093,3.5555555555555554,1.7418239340656538,-0.29020274347850133,1.780393917236865,321.3801584838073,0.057026780706081685,0.0,0.027777777777777776,0.9074074074074074,0.2932446582583849,5.0177917320774466,0.01978021978021978,183,0.905940594059406,6,5,3,2.5742574257425743,169.0,0.5227224778716582,Q3: Strong/Brittle
14_7_32_59_26_60_18,14_7_32_59_26_60_18\output\network_N6x6x6_trial3.gpickle,14,7,32,59,26,60,18,3.969046666666667,0.4952301605707077,13.969966666666666,2.3451303937923984,20.98217093583604,6.594151990353055,12,216,0.22330265847985833,-0.05209656925031737,5.182848135559825,0.0642462049337748,3.5185185185185186,1.6042852422639666,-0.41361266424779486,1.743591800730253,324.4304796626503,0.05287658869713903,0.0,0.032407407407407406,0.9027777777777778,0.2246546423004673,5.113930742796722,0.0197197991012424,179,0.8861386138613861,7,6,3,2.5742574257425743,165.0,0.46873532617359515,Q4: Strong/Tough
14_7_52_31_38_30_44,14_7_52_31_38_30_44\output\network_N6x6x6_trial4.gpickle,14,7,52,31,38,30,44,3.981113333333333,0.20868402395860494,13.713720833333333,2.6514894401903573,21.72249018865833,9.274317388074119,12,216,0.23060085222499208,-0.06358727674906234,5.127727698142949,0.06101740925195111,3.564814814814815,1.7887153891785648,-0.18600864680715243,1.8139127142807143,322.40474589354864,0.05953910232640827,0.0,0.032407407407407406,0.8981481481481481,0.25667084344641333,5.037337749051867,0.020137813151006892,184,0.9108910891089109,8,8,3,2.5544554455445545,170.0,0.5022639718578733,Q4: Strong/Tough
14_7_8_69_89_24_5,14_7_8_69_89_24_5\output\network_N6x6x6_trial6.gpickle,14,7,8,69,89,24,5,4.3970191666666665,0.4721323760955595,13.405416666666667,1.3600627037219843,19.721224616847707,3.353360774535328,12,216,0.2831976076831532,-0.13920935240732024,5.176493768779863,0.056717012042094936,3.4074074074074074,1.284069320248868,-1.0406271863170005,1.4717313095113316,325.00108854704786,0.06449681683808522,0.0,0.032407407407407406,0.9027777777777778,0.29961432986719727,5.107798043880518,0.01908538197197991,167,0.8267326732673267,7,7,3,2.8217821782178216,153.0,0.48024663038792675,Q4: Strong/Tough
15_0_14_77_77_23_10,15_0_14_77_77_23_10\output\network_N6x6x6_trial1.gpickle,15,0,14,77,77,23,10,4.215168333333334,0.9257409210629913,13.022091666666666,0.9876795207778122,17.08619292473979,4.365243798886483,12,216,0.231984195706096,-0.20399369579901305,5.21681592039801,0.05873834997800516,3.435185185185185,1.3036497779251244,-0.8046262309085314,1.4787237387354382,325.5458394083175,0.06080130583613233,0.0,0.0,0.9305555555555556,0.231984195706096,5.21681592039801,0.01845771144278607,171,0.8507462686567164,0,0,3,2.890547263681592,156.0,0.37655944795837737,Q3: Strong/Brittle
15_10_42_35_43_31_40,15_10_42_35_43_31_40\output\network_N6x6x6_trial1.gpickle,15,10,42,35,43,31,40,3.4251433333333328,0.7799339593125106,12.665825,2.2744535215904063,17.37671857453542,8.08284918621382,12,216,0.262304793120184,-0.09180158037635666,5.117810945273632,0.05245755327592293,3.5462962962962963,1.7736980580407118,-0.2529687347483712,1.8530270347909952,320.1860027337569,0.05889660062522327,0.0,0.046296296296296294,0.8842592592592593,0.29345012519108316,5.025847340865252,0.020556627170019288,183,0.9104477611940298,10,10,3,2.517412935323383,168.0,0.49168251063242957,Q1: Weak/Brittle
15_12_33_55_17_75_9,15_12_33_55_17_75_9\output\network_N6x6x6_trial471.gpickle,15,12,33,55,17,75,9,3.8639108333333336,0.9882228026652891,13.111683333333334,2.381256868348217,18.5686711715625,8.293473347854471,12,216,0.23330246795032028,-0.04410135185048199,5.130149253731343,0.05297240866395093,3.425925925925926,1.6313122626329806,-0.453422703760255,1.680931351710212,318.5565913868524,0.06049050495932749,0.0,0.05555555555555555,0.875,0.2950105145098521,5.002364066193853,0.02015084993808398,170,0.845771144278607,12,12,3,2.417910447761194,155.0,0.5303028813771773,Q4: Strong/Tough
15_13_23_52_33_51_29,15_13_23_52_33_51_29\output\network_N6x6x6_trial1.gpickle,15,13,23,52,33,51,29,3.841460833333333,0.2212460470629299,13.115820833333332,2.230418562499194,19.19212450599375,5.444914883918759,12,216,0.21967960924100194,-0.19907489483778504,5.0839800995024875,0.05744522769871481,3.5925925925925926,1.7107342859082963,-0.44086521025674424,1.8331229870217576,321.51308903756046,0.05669696800842054,0.0,0.06018518518518518,0.8703703703703703,0.2864409007495434,4.940607577653886,0.021333485038115826,188,0.9353233830845771,13,12,3,2.646766169154229,173.0,0.5004209707115783,Q4: Strong/Tough
15_13_24_59_32_50_23,15_13_24_59_32_50_23\output\network_N6x6x6_trial1.gpickle,15,13,24,59,32,50,23,3.9039683333333337,0.4298190557438742,12.707491666666668,2.388227420148094,18.024307097952086,6.53286914801335,12,216,0.2766224723016179,-0.17660230224908058,5.062089552238806,0.055551963403046654,3.490740740740741,1.6638608068695193,-0.38784476441379845,1.8130832136578212,319.0442845354463,0.060459602557610646,0.0,0.06018518518518518,0.8703703703703703,0.32818918972028843,4.939014677437706,0.020707702810331095,177,0.8805970149253731,13,12,3,2.671641791044776,162.0,0.47341305205780093,Q3: Strong/Brittle
15_13_37_32_39_53_27,15_13_37_32_39_53_27\output\network_N6x6x6_trial0.gpickle,15,13,37,32,39,53,27,3.7382516666666668,0.5793643805331455,13.999141666666667,1.2756758564635018,20.8063783599175,4.985466594906152,12,216,0.21594869229444585,-0.012494777102818995,5.130149253731343,0.05510657929005366,3.5462962962962963,1.7394350895411481,-0.4049053808142501,1.8532201793489973,320.91917634104163,0.055059326552544904,0.0,0.06018518518518518,0.8703703703703703,0.2884368823367947,4.997724428262601,0.02104903857094095,183,0.9104477611940298,13,13,3,2.5472636815920398,168.0,0.5290513513988842,Q4: Strong/Tough
15_15_44_39_12_74_17,15_15_44_39_12_74_17\output\network_N6x6x6_trial82163.gpickle,15,15,44,39,12,74,17,3.8547216666666664,0.21401466572929576,13.590858333333335,1.7953913034295774,19.500642852745624,5.127541705380219,12,216,0.18794917698441635,-0.08973881677462868,5.181592039800995,0.050707916139188666,3.425925925925926,1.7490934355730918,-0.31757738659529605,1.7312548999617285,314.7254767411997,0.05988007828128946,0.0,0.06944444444444445,0.8518518518518519,0.28968655658479414,5.000831551437396,0.02096697552862913,170,0.845771144278607,17,16,3,2.472636815920398,155.0,0.5604521479298921,Q4: Strong/Tough
15_16_27_50_27_52_29,15_16_27_50_27_52_29\output\network_N6x6x6_trial0.gpickle,15,16,27,50,27,52,29,3.5530875,0.5098300558376455,13.722074999999998,2.250977997865595,19.3008571357725,7.975397236062428,12,216,0.19970575811457492,-0.019082005053184484,5.214328358208955,0.06167213000761276,3.5277777777777777,1.7504408615764613,-0.357062898620567,1.8490063426663284,320.3697470359319,0.05595198259718126,0.0,0.07407407407407407,0.8425925925925926,0.2768019532178367,4.98949669115415,0.02197802197802198,181,0.900497512437811,19,19,3,2.5771144278606966,166.0,0.513066644099292,Q2: Weak/Tough
15_17_35_35_40_46_28,15_17_35_35_40_46_28\output\network_N6x6x6_trial6.gpickle,15,17,35,35,40,46,28,3.1171441666666664,0.49296848377048624,12.297095833333332,2.3800731640065824,14.757442827489582,5.440828344593067,12,216,0.22607555023472214,-0.1006851355376809,5.210845771144279,0.054310428733579046,3.4722222222222223,1.7557225658956093,-0.3233560668102689,1.881601774083659,316.9666014848247,0.05139940075127252,0.0,0.0787037037037037,0.8425925925925926,0.28558151640777374,4.991500212494688,0.021613745370651447,175,0.8706467661691543,19,17,3,2.4925373134328357,160.0,0.5177847334445935,Q1: Weak/Brittle
15_18_23_31_74_39_16,15_18_23_31_74_39_16\output\network_N6x6x6_trial0.gpickle,15,18,23,31,74,39,16,3.7055466666666668,0.4713753581335744,12.340833333333336,1.1941478986661949,15.632897277181042,3.5361536167540266,12,216,0.18700294744750678,-0.050013052558302545,5.20318407960199,0.05476394700780481,3.4444444444444446,1.612068680949656,-0.5761994290646167,1.778248057609742,318.16895525015065,0.059738449396700415,0.0,0.08333333333333333,0.8425925925925926,0.2067738804916986,5.0111711492926965,0.021431607066966184,172,0.8557213930348259,19,17,3,2.616915422885572,157.0,0.5149679719774151,Q3: Strong/Brittle
15_18_27_45_50_35_26,15_18_27_45_50_35_26\output\network_N6x6x6_trial6.gpickle,15,18,27,45,50,35,26,3.304628333333334,0.5340312699619959,12.974158333333333,2.4827333312494964,16.89918098674271,7.4156454854754825,12,216,0.2077177677631565,-0.10839816511399288,5.236716417910448,0.06721767929733946,3.4166666666666665,1.6948997566774222,-0.3187740670264451,1.8674835257742546,315.16815639368986,0.05406983546430476,0.0,0.08333333333333333,0.8472222222222222,0.2782449959689919,5.033327328409295,0.02107728337236534,169,0.8407960199004975,18,17,3,2.4925373134328357,154.0,0.4729498077526094,Q1: Weak/Brittle
15_18_7_86_23_22_45,15_18_7_86_23_22_45\output\network_N6x6x6_trial3780.gpickle,15,18,7,86,23,22,45,3.8395525,0.4635823513703723,13.526216666666665,1.5673426294386161,20.075392199477083,5.43929022154339,12,216,0.24486699948616153,-0.10138129457163461,5.126666666666667,0.057543105047871614,3.5277777777777777,1.7609884289550515,-0.19865232459531507,1.6680478699074486,319.248785157202,0.0565330856123158,0.0,0.08333333333333333,0.8472222222222222,0.32993168998419786,4.9231970215576775,0.02179787425689065,181,0.900497512437811,18,17,3,2.626865671641791,166.0,0.44169131767072245,Q4: Strong/Tough
15_19_34_33_30_56_29,15_19_34_33_30_56_29\output\network_N6x6x6_trial7.gpickle,15,19,34,33,30,56,29,3.7667625,0.4990680505055565,13.790825,2.6844948448218333,20.23931452035625,9.181330303755985,12,216,0.20037817809829547,-0.08218419960337282,5.1969154228855725,0.053989343890713415,3.5185185185185186,1.802680522020438,-0.3572117607281624,1.8708649994125004,317.42804676503874,0.05839246337899943,0.0,0.08796296296296297,0.8333333333333334,0.3240760878304468,4.953258845437617,0.02228429546865301,180,0.8955223880597015,21,21,3,2.4925373134328357,165.0,0.5570236002346709,Q4: Strong/Tough
15_22_26_46_47_12_48,15_22_26_46_47_12_48\output\network_N6x6x6_trial61.gpickle,15,22,26,46,47,12,48,3.264825833333333,0.5142960275862261,12.161687500000001,2.190334049401769,15.48434213371875,6.661457612464472,12,216,0.14239628000364524,-0.05199750560575445,5.280796019900498,0.06571013864739965,3.462962962962963,1.8380037778843512,-0.1512907206313188,1.8287730057449032,314.29735322130875,0.05504482524272928,0.0,0.10185185185185185,0.8240740740740741,0.23419705643400965,5.0044435980448165,0.022281470196153112,174,0.8656716417910447,23,23,3,2.353233830845771,159.0,0.48986578970646555,Q1: Weak/Brittle
15_22_44_31_27_23_54,15_22_44_31_27_23_54\output\network_N6x6x6_trial1.gpickle,15,22,44,31,27,23,54,3.11111,0.5109442562387146,12.242925,1.9695946253290293,14.498306112958124,4.902613169716333,12,216,0.14373250500703552,-0.04876093702571947,5.3162189054726365,0.052333254276651996,3.4722222222222223,1.9529575545506723,-0.09064674451622833,1.8655990785877887,312.9639584311368,0.052928034811690144,0.0,0.10185185185185185,0.8148148148148148,0.16879402145801703,5.0433766233766235,0.022727272727272728,175,0.8706467661691543,25,24,3,2.417910447761194,160.0,0.5715769310466547,Q1: Weak/Brittle
15_23_35_31_40_40_32,15_23_35_31_40_40_32\output\network_N6x6x6_trial2.gpickle,15,23,35,31,40,40,32,3.6481250000000003,0.4764258891037864,13.832475,2.2564070817433777,20.288630585870624,5.768214959881834,12,216,0.20021806502040743,-0.13453005927180284,5.242686567164179,0.05850809175091471,3.4166666666666665,1.8162078931419472,-0.2366604412559475,1.9047144692916707,312.1249846276628,0.05956864640387544,0.0,0.10648148148148148,0.8194444444444444,0.24670714092221432,4.993323061119671,0.022149460708782744,169,0.8407960199004975,24,24,3,2.4079601990049753,154.0,0.5335434754296983,Q2: Weak/Tough
15_25_21_44_30_39_42,15_25_21_44_30_39_42\output\network_N6x6x6_trial0.gpickle,15,25,21,44,30,39,42,3.949014166666666,0.48771529299818517,13.824174999999999,1.8813065797139497,21.153320312545834,4.457683617162561,12,216,0.2252923609627473,-0.09619213539074216,5.173830845771144,0.07290297961779901,3.5462962962962963,1.8702557720668165,-0.2996765018173958,1.8871815866672395,316.69118760466284,0.058359138447118986,0.0,0.11574074074074074,0.8009259259259259,0.2765855278271626,4.857911009544294,0.023860733969619574,183,0.9104477611940298,28,27,3,2.5771144278606966,168.0,0.5490916637641708,Q4: Strong/Tough
15_26_2_80_21_16_56,15_26_2_80_21_16_56\output\network_N6x6x6_trial25433.gpickle,15,26,2,80,21,16,56,3.4509391666666662,0.47040865841057705,13.453337500000002,1.6749344262195516,19.01304851586271,5.037547788632367,12,216,0.13628302387978064,-0.009344550508239348,5.213333333333333,0.054265578976082966,3.564814814814815,1.877119286981597,-0.1977718466007845,1.6206683448632444,318.7440950217669,0.0584195081618369,0.0,0.12037037037037036,0.8055555555555556,0.33993495955767355,4.887117135074082,0.023785794963789783,185,0.9203980099502488,27,24,3,2.611940298507463,170.0,0.4971241509817072,Q2: Weak/Tough
15_27_11_55_42_26_40,15_27_11_55_42_26_40\output\network_N6x6x6_trial23.gpickle,15,27,11,55,42,26,40,3.5790191666666673,0.45347083582185554,12.130450000000002,1.7158519106166086,15.624580131372921,6.706802513603393,12,216,0.21647806772419775,-0.1504798802500666,5.171144278606965,0.06009465433650221,3.4814814814814814,1.812924185262284,-0.2731521827448288,1.8306657516275193,314.15049054327835,0.05954290089672277,0.0,0.125,0.8009259259259259,0.33836643612084416,4.865976609759376,0.02339024062373975,176,0.8756218905472637,28,25,3,2.5074626865671643,161.0,0.49809367535616117,Q1: Weak/Brittle
15_28_27_29_30_71_16,15_28_27_29_30_71_16\output\network_N6x6x6_trial109.gpickle,15,28,27,29,30,71,16,3.5778833333333337,0.6581437436246145,13.1929125,3.545433502063194,18.65545196539167,9.39405800145895,12,216,0.2069227587106723,-0.07440591779040365,5.219203980099502,0.05174559429182591,3.425925925925926,1.790942766956284,-0.425497179477013,1.8122725464397298,313.31475908464165,0.057565065309420696,0.0,0.12962962962962962,0.7962962962962963,0.32113800032434253,4.9009927920576635,0.02318781449748402,170,0.845771144278607,29,28,3,2.482587064676617,155.0,0.6117374288354681,Q2: Weak/Tough
15_28_42_25_29_25_52,15_28_42_25_29_25_52\output\network_N6x6x6_trial333.gpickle,15,28,42,25,29,25,52,3.73696,0.472838635776872,13.432475000000002,1.997034885826568,18.546997680477087,5.46588530350428,12,216,0.17883207012572078,-0.13070130276781716,5.3283582089552235,0.06310195798033902,3.425925925925926,1.9800098377220232,-0.08154768464575846,1.8800717088480892,308.0771480430751,0.055735835697476276,0.0,0.12962962962962962,0.7870370370370371,0.28099178261112423,4.979603202227636,0.02359902540898016,170,0.845771144278607,31,30,3,2.388059701492537,155.0,0.5914872294214644,Q4: Strong/Tough
15_29_38_37_21_18_58,15_29_38_37_21_18_58\output\network_N6x6x6_trial231.gpickle,15,29,38,37,21,18,58,3.24973,0.4328497063839441,13.211666666666668,1.8207895596568964,17.299383569135205,5.420740246939687,12,216,0.21168128582048681,-0.12185884144689442,5.267363184079602,0.05839460968440423,3.4166666666666665,2.0028914284289288,-0.024632593733220517,1.8494824522693731,307.44258589274983,0.05314448146882604,0.0,0.13425925925925927,0.7870370370370371,0.3009307931384263,4.9346327880264536,0.023529411764705882,169,0.8407960199004975,31,29,3,2.36318407960199,154.0,0.5909035080811355,Q1: Weak/Brittle
15_29_45_16_37_23_51,15_29_45_16_37_23_51\output\network_N6x6x6_trial282995.gpickle,15,29,45,16,37,23,51,3.352870833333333,0.6051361438477892,12.7429,1.9336073446626474,16.553625123203897,6.035384267689986,12,216,0.11983463912375648,-0.018358835112954438,5.381094527363184,0.07073964059691196,3.4074074074074074,1.9815680147252495,-0.08046336769198445,1.855940441550882,309.28824222656795,0.05649885299222134,0.0,0.13425925925925927,0.7638888888888888,0.17040705386935406,4.936733185513673,0.024538063562453808,168,0.835820895522388,36,34,3,2.288557213930348,153.0,0.5953903674353945,Q1: Weak/Brittle
15_2_33_45_64_53_4,15_2_33_45_64_53_4\output\network_N6x6x6_trial0.gpickle,15,2,33,45,64,53,4,3.9130441666666673,0.34580018299248905,14.595008333333332,2.0506635618982507,23.24874898751875,6.730720658263409,12,216,0.2089921960959058,0.10293205409205776,5.1808955223880595,0.062474355858144384,3.462962962962963,1.4300085853531836,-0.7803666134458661,1.621432226464386,323.77482379005113,0.06073577398310333,0.0,0.009259259259259259,0.9212962962962963,0.20960848754049644,5.157809248261509,0.01888229023907416,174,0.8656716417910447,2,2,3,2.5671641791044775,159.0,0.5097813400746488,Q4: Strong/Tough
15_2_6_81_86_21_5,15_2_6_81_86_21_5\output\network_N6x6x6_trial8.gpickle,15,2,6,81,86,21,5,4.243072500000001,0.45599724909851874,13.328341666666665,0.9968148243767357,18.535295781747916,3.9676186330834025,12,216,0.2925976331096279,-0.14252150199286726,5.166666666666667,0.053291112002254386,3.4074074074074074,1.232560095725462,-1.121677482422904,1.3763709356765124,326.3313602511414,0.06462474570364359,0.0,0.009259259259259259,0.9212962962962963,0.2993560318768959,5.1464392670422825,0.018577737170701995,168,0.835820895522388,2,2,3,2.855721393034826,153.0,0.45272996393650144,Q4: Strong/Tough
15_30_10_43_42_47_29,15_30_10_43_42_47_29\output\network_N6x6x6_trial37.gpickle,15,30,10,43,42,47,29,4.018889166666667,0.5665489751330467,13.507508333333334,2.287218107023732,21.292822260082293,6.9395421761430365,12,216,0.22417575811177445,-0.11553158013036699,5.177512437810945,0.05165217007410061,3.5,1.8027756377319946,-0.42195143131662727,1.8428489137534085,316.861470988821,0.05895460093171033,0.0,0.1388888888888889,0.7870370370370371,0.33973205113758165,4.841420118343195,0.024155934563174383,178,0.8855721393034826,31,30,3,2.5970149253731343,163.0,0.554223142221905,Q4: Strong/Tough
15_32_25_23_47_45_29,15_32_25_23_47_45_29\output\network_N6x6x6_trial8.gpickle,15,32,25,23,47,45,29,3.3355558333333337,0.561547930032963,13.857479166666666,2.9231940742290172,19.288462536741665,8.761601028574097,12,216,0.12427955207012671,-0.04634601867657379,5.320099502487563,0.059028290919655474,3.4166666666666665,1.8490488045158469,-0.31837628935827095,1.8844409406293283,310.3375026469816,0.053598104428544485,0.0,0.14814814814814814,0.7592592592592593,0.30122762452398183,4.879919197964986,0.024839144096962442,169,0.8407960199004975,37,32,3,2.462686567164179,154.0,0.5773233333925653,Q2: Weak/Tough
15_34_11_33_51_49_23,15_34_11_33_51_49_23\output\network_N6x6x6_trial8.gpickle,15,34,11,33,51,49,23,4.1047183333333335,0.3164668769616954,13.92416666666667,1.5348528823817464,22.820298196095834,4.728526849055483,12,216,0.22994461091964782,-0.08478054583180106,5.1956218905472635,0.05901389150080426,3.435185185185185,1.7938844059756875,-0.44051435553643725,1.8307539760851357,311.95373841793827,0.057906447448808164,0.0,0.1574074074074074,0.7685185185185185,0.34792755157976696,4.8211025921869295,0.02453450164293538,171,0.8507462686567164,35,30,3,2.4975124378109452,156.0,0.5772927595560726,Q4: Strong/Tough
15_34_24_15_56_25_47,15_34_24_15_56_25_47\output\network_N6x6x6_trial28730.gpickle,15,34,24,15,56,25,47,3.560760833333333,0.4368901336235906,12.576241666666668,2.229911387050441,16.598543393237495,6.0927448487788975,12,216,0.2049965207381129,-0.11634372860126768,5.236417910447761,0.05302664341233212,3.509259259259259,1.9460090706764466,-0.2853512096118586,1.8370395957322547,310.53773124532927,0.05343002861298306,0.0,0.1574074074074074,0.7592592592592593,0.36460295903546813,4.812509352087386,0.025587311087834803,179,0.8905472636815921,37,33,3,2.4776119402985075,164.0,0.5893633452336866,Q1: Weak/Brittle
15_37_16_44_24_41_39,15_37_16_44_24_41_39\output\network_N6x6x6_trial2784.gpickle,15,37,16,44,24,41,39,2.7782808333333335,0.8133681523399919,10.797087499999998,1.7192053846575217,10.548203700958334,4.737149021253772,12,216,0.16676934981263947,-0.06443671712767962,5.372935323383085,0.05974137212462311,3.4074074074074074,1.9270829857635101,-0.1986080999753504,1.8729676202078087,307.27096614477426,0.055178705922474716,0.0,0.1712962962962963,0.75,0.2996188972697854,4.891189325971935,0.02522812667740204,168,0.835820895522388,39,34,3,2.353233830845771,153.0,0.5779545476476153,Q1: Weak/Brittle
15_40_26_21_26_45_43,15_40_26_21_26_45_43\output\network_N6x6x6_trial126789.gpickle,15,40,26,21,26,45,43,2.718625,0.355121539863467,10.613750000000001,1.1532297046411295,10.198635268297917,3.7547801439849127,12,216,0.17636782147950447,-0.039612313564004006,5.345671641791045,0.05962923971170729,3.435185185185185,2.0104962909880784,-0.20604056292555337,1.881929614328206,305.7919412630635,0.05268154259100652,0.0,0.18518518518518517,0.7314814814814815,0.25551810865798547,4.876803999032492,0.0264452148673708,171,0.8507462686567164,43,38,3,2.36318407960199,156.0,0.6409621057117159,Q1: Weak/Brittle
15_4_0_106_42_48_1,15_4_0_106_42_48_1\output\network_N6x6x6_trial642.gpickle,15,4,0,106,42,48,1,4.268621666666666,0.49895504433153987,13.674133333333332,1.4376550283553964,20.266273245582294,2.7210449172444515,12,216,0.2941524868999787,-0.10212049094847195,5.158407960199005,0.047968197697340044,3.4074074074074074,1.2876697086068498,-0.9461516688844688,1.2859717089417015,324.7189906791144,0.06158945036904138,0.0,0.018518518518518517,0.9120370370370371,0.2995193880412739,5.120895058531026,0.01885424220449601,168,0.835820895522388,4,4,3,2.9601990049751246,153.0,0.44688281872274027,Q4: Strong/Tough
15_8_29_55_35_41_33,15_8_29_55_35_41_33\output\network_N6x6x6_trial0.gpickle,15,8,29,55,35,41,33,4.171101666666666,0.4972919225638218,14.242941666666669,1.3322693417988805,22.982821192789377,3.9366703565241443,12,216,0.2240632186022965,-0.06002284474360803,5.130646766169154,0.05348027668433466,3.5833333333333335,1.6921660456131147,-0.3528075120225566,1.8225488890602508,324.8520264474955,0.05714373250557847,0.0,0.037037037037037035,0.8935185185185185,0.22918802903673183,5.045552677029361,0.02045552677029361,187,0.9303482587064676,8,8,3,2.63681592039801,172.0,0.4620802603524258,Q4: Strong/Tough
15_8_45_29_47_29_43,15_8_45_29_47_29_43\output\network_N6x6x6_trial9.gpickle,15,8,45,29,47,29,43,3.437021666666667,0.5695081313852234,13.726241666666668,2.159003773525471,17.799201179366666,5.8182826956999465,12,216,0.2883704128536477,-0.1213606559045306,5.0634825870646765,0.046800997602679056,3.5925925925925926,1.782305191874323,-0.27701458624408104,1.8264460105357962,322.329396528854,0.05812839864034649,0.0,0.037037037037037035,0.8935185185185185,0.3267730266830341,4.977331606217617,0.020509499136442143,188,0.9353233830845771,8,8,3,2.5522388059701493,173.0,0.4979959073026223,Q1: Weak/Brittle
