folder_name,axis,seed,velocity_seed,uts,sab,toughness
10_0_26_75_43_53_9,x,1,4928459,4.16921,11.4638,15.003250080500004
10_0_26_75_43_53_9,x,2,7391052,4.01953,12.6637,18.759427097500005
10_0_26_75_43_53_9,x,3,2648317,4.70297,13.3887,22.35637553675
10_0_26_75_43_53_9,x,4,9184735,4.22824,12.3637,19.976533201
10_0_26_75_43_53_9,y,1,4928459,4.22189,13.1638,18.6721398537
10_0_26_75_43_53_9,y,2,7391052,4.21538,16.0137,27.19128937625
10_0_26_75_43_53_9,y,3,2648317,4.37815,12.3138,20.92880257075
10_0_26_75_43_53_9,y,4,9184735,4.02944,13.4137,19.79726824675
10_0_26_75_43_53_9,z,1,4928459,4.18235,11.6888,14.8732248925
10_0_26_75_43_53_9,z,2,7391052,4.64413,12.6637,19.260375974
10_0_26_75_43_53_9,z,3,2648317,4.60284,15.1138,23.028222439
10_0_26_75_43_53_9,z,4,9184735,4.26419,14.3387,20.486329415
10_13_50_46_13_69_15,x,1,4928459,3.4423,12.9888,16.361857742250002
10_13_50_46_13_69_15,x,2,7391052,3.76983,17.3388,24.969459983
10_13_50_46_13_69_15,x,3,2648317,3.39754,14.8887,20.00924677525
10_13_50_46_13_69_15,x,4,9184735,3.78003,11.3638,14.630148118852501
10_13_50_46_13_69_15,y,1,4928459,4.56274,12.0388,14.56896655175
10_13_50_46_13_69_15,y,2,7391052,3.08313,10.3887,10.46155253425
10_13_50_46_13_69_15,y,3,2648317,4.53412,13.9388,20.203828635500003
10_13_50_46_13_69_15,y,4,9184735,3.87039,13.9387,19.17403430725
10_13_50_46_13_69_15,z,1,4928459,3.68351,12.8138,15.507523809125
10_13_50_46_13_69_15,z,2,7391052,3.11467,14.5138,15.593948170750002
10_13_50_46_13_69_15,z,3,2648317,4.43694,15.4138,25.978670382
10_13_50_46_13_69_15,z,4,9184735,3.17764,15.0137,16.827128957750002
10_14_31_40_49_48_24,x,1,4928459,3.96037,10.6138,14.449187095750002
10_14_31_40_49_48_24,x,2,7391052,3.71063,14.3887,19.767862927375
10_14_31_40_49_48_24,x,3,2648317,4.2287,12.5888,22.36338141845
10_14_31_40_49_48_24,x,4,9184735,4.43107,11.7388,17.622874694500002
10_14_31_40_49_48_24,y,1,4928459,3.62167,11.7638,14.2308932185
10_14_31_40_49_48_24,y,2,7391052,3.87043,15.1887,21.167704590875
10_14_31_40_49_48_24,y,3,2648317,3.6302,10.5637,11.174044671025
10_14_31_40_49_48_24,y,4,9184735,3.28128,11.9138,13.4881271950625
10_14_31_40_49_48_24,z,1,4928459,3.82958,12.2138,17.218713407675
10_14_31_40_49_48_24,z,2,7391052,3.60681,12.2137,14.55284978525
10_14_31_40_49_48_24,z,3,2648317,3.92896,12.2637,16.639504382400002
10_14_31_40_49_48_24,z,4,9184735,3.92449,14.1388,18.5065531155
10_14_38_49_33_37_35,x,1,4928459,3.5166,11.9137,15.394948764
10_14_38_49_33_37_35,x,2,7391052,3.89978,13.5638,24.078949321
10_14_38_49_33_37_35,x,3,2648317,3.76692,12.4638,19.758756348
10_14_38_49_33_37_35,x,4,9184735,4.07117,13.7388,24.602094449499997
10_14_38_49_33_37_35,y,1,4928459,3.4241,11.2387,12.614577126125
10_14_38_49_33_37_35,y,2,7391052,3.99889,12.0888,15.906319299625004
10_14_38_49_33_37_35,y,3,2648317,2.9793,10.6638,10.48559770305
10_14_38_49_33_37_35,y,4,9184735,3.71737,11.5638,14.048326677170001
10_14_38_49_33_37_35,z,1,4928459,3.97454,13.4137,16.9763185181
10_14_38_49_33_37_35,z,2,7391052,4.05725,12.1138,13.877740462405
10_14_38_49_33_37_35,z,3,2648317,4.28558,17.5638,32.44768401425
10_14_38_49_33_37_35,z,4,9184735,4.50813,15.2137,25.8463429068
10_15_23_72_21_73_2,x,1,4928459,3.48741,13.7638,16.066841484500003
10_15_23_72_21_73_2,x,2,7391052,4.15204,17.7138,26.3599232235
10_15_23_72_21_73_2,x,3,2648317,3.52345,18.6138,27.2773351428875
10_15_23_72_21_73_2,x,4,9184735,3.92954,15.0137,22.056922185999998
10_15_23_72_21_73_2,y,1,4928459,3.88234,11.1137,15.34923565775
10_15_23_72_21_73_2,y,2,7391052,3.50988,11.4137,14.7851466949985
10_15_23_72_21_73_2,y,3,2648317,3.24132,10.0887,10.676474698
10_15_23_72_21_73_2,y,4,9184735,4.15352,14.4388,22.3386002795
10_15_23_72_21_73_2,z,1,4928459,3.56981,12.5137,14.42153585525
10_15_23_72_21_73_2,z,2,7391052,3.81608,15.1887,21.762446948500003
10_15_23_72_21_73_2,z,3,2648317,3.57821,13.6888,18.103690623705
10_15_23_72_21_73_2,z,4,9184735,3.77223,12.5637,14.775482397550002
10_15_33_29_78_22_29,x,1,4928459,3.79421,10.5637,10.822946347724995
10_15_33_29_78_22_29,x,2,7391052,3.73544,10.2888,9.390714760500002
10_15_33_29_78_22_29,x,3,2648317,3.28107,14.3387,18.769085054
10_15_33_29_78_22_29,x,4,9184735,3.58413,11.6138,13.761602299750002
10_15_33_29_78_22_29,y,1,4928459,4.11299,12.1888,15.4763743225
10_15_33_29_78_22_29,y,2,7391052,3.54311,9.68875,10.580266734
10_15_33_29_78_22_29,y,3,2648317,4.00938,10.4388,12.688849949000002
10_15_33_29_78_22_29,y,4,9184735,4.40342,12.4638,18.46793967585
10_15_33_29_78_22_29,z,1,4928459,3.2027,14.3387,17.2810106195
10_15_33_29_78_22_29,z,2,7391052,3.99245,14.2388,18.84539103725
10_15_33_29_78_22_29,z,3,2648317,3.09804,13.8137,15.32086047675
10_15_33_29_78_22_29,z,4,9184735,3.13688,13.7138,17.117840092125004
10_16_39_60_18_32_41,x,1,4928459,3.95706,17.0138,24.7227235085
10_16_39_60_18_32_41,x,2,7391052,4.25423,13.8388,22.373852337
10_16_39_60_18_32_41,x,3,2648317,3.64709,14.5637,23.441906056750003
10_16_39_60_18_32_41,x,4,9184735,3.83598,16.9387,31.085824384
10_16_39_60_18_32_41,y,1,4928459,2.09377,10.5888,8.586383780875
10_16_39_60_18_32_41,y,2,7391052,2.04953,11.0888,9.335766129
10_16_39_60_18_32_41,y,3,2648317,2.03205,11.6638,9.9294190775
10_16_39_60_18_32_41,y,4,9184735,2.03545,11.8887,9.504289141575
10_16_39_60_18_32_41,z,1,4928459,2.53966,10.7138,8.118770109000002
10_16_39_60_18_32_41,z,2,7391052,2.66543,12.3887,12.553570917935
10_16_39_60_18_32_41,z,3,2648317,2.55336,12.7887,12.2158888484
10_16_39_60_18_32_41,z,4,9184735,2.52538,11.9888,9.04477733325
10_16_39_63_27_21_40,x,1,4928459,4.23418,10.1137,16.8480282025
10_16_39_63_27_21_40,x,2,7391052,3.40815,9.28875,9.9866072749
10_16_39_63_27_21_40,x,3,2648317,4.45911,12.3637,21.10495166525
10_16_39_63_27_21_40,x,4,9184735,3.38454,12.3888,16.456995532
10_16_39_63_27_21_40,y,1,4928459,2.67165,12.2137,8.615965908125
10_16_39_63_27_21_40,y,2,7391052,2.38909,13.5388,11.047831849175
10_16_39_63_27_21_40,y,3,2648317,2.53137,9.38875,6.669333038374999
10_16_39_63_27_21_40,y,4,9184735,2.65471,12.5137,11.1322575915
10_16_39_63_27_21_40,z,1,4928459,4.17348,18.5137,32.68183877575
10_16_39_63_27_21_40,z,2,7391052,3.99955,17.8137,32.592055985
10_16_39_63_27_21_40,z,3,2648317,4.41042,19.3887,37.92258077925
10_16_39_63_27_21_40,z,4,9184735,3.17206,16.4387,23.700388649550003
10_17_39_36_48_31_35,x,1,4928459,4.00135,11.8638,15.25843073425
10_17_39_36_48_31_35,x,2,7391052,3.88031,16.5888,27.833307936
10_17_39_36_48_31_35,x,3,2648317,3.94939,16.3387,26.6096537385
10_17_39_36_48_31_35,x,4,9184735,3.5349,17.1138,26.60173217125
10_17_39_36_48_31_35,y,1,4928459,2.57745,10.3638,8.95516569865
10_17_39_36_48_31_35,y,2,7391052,2.9268,11.4888,11.36876644275
10_17_39_36_48_31_35,y,3,2648317,3.61124,11.1138,11.761995609
10_17_39_36_48_31_35,y,4,9184735,2.6941,10.3387,9.825625849700002
10_17_39_36_48_31_35,z,1,4928459,3.62002,12.5387,15.7627469914
10_17_39_36_48_31_35,z,2,7391052,3.62435,11.6388,14.318997070375
10_17_39_36_48_31_35,z,3,2648317,4.28173,11.3137,14.095383581500002
10_17_39_36_48_31_35,z,4,9184735,3.97992,14.3388,24.143184475475
10_18_20_64_29_56_19,x,1,4928459,3.88518,14.3887,22.84823478175
10_18_20_64_29_56_19,x,2,7391052,4.58045,11.4137,17.187163334825
10_18_20_64_29_56_19,x,3,2648317,4.08981,16.4887,31.3725733295
10_18_20_64_29_56_19,x,4,9184735,4.3225,15.0637,27.163418935350006
10_18_20_64_29_56_19,y,1,4928459,4.11376,12.5387,17.30324181325
10_18_20_64_29_56_19,y,2,7391052,3.32402,10.5138,12.637378400500005
10_18_20_64_29_56_19,y,3,2648317,3.29069,12.4137,15.788099369
10_18_20_64_29_56_19,y,4,9184735,3.14402,13.6887,17.744669944625002
10_18_20_64_29_56_19,z,1,4928459,4.04503,17.7638,36.236896496
10_18_20_64_29_56_19,z,2,7391052,4.17649,16.7387,31.418108827750004
10_18_20_64_29_56_19,z,3,2648317,4.35085,14.8887,25.85066237675
10_18_20_64_29_56_19,z,4,9184735,4.047,13.1137,18.3843330658
10_18_31_51_18_63_25,x,1,4928459,3.48277,10.0887,12.61554907875
10_18_31_51_18_63_25,x,2,7391052,4.17617,10.3138,12.92769371425
10_18_31_51_18_63_25,x,3,2648317,4.0937,9.53875,10.885882353625
10_18_31_51_18_63_25,x,4,9184735,4.1476,11.4387,13.48113154575
10_18_31_51_18_63_25,y,1,4928459,3.91083,13.2138,19.055252954025
10_18_31_51_18_63_25,y,2,7391052,3.49827,14.7637,22.804254163475
10_18_31_51_18_63_25,y,3,2648317,3.65158,18.0888,26.978798882250004
10_18_31_51_18_63_25,y,4,9184735,3.81166,14.3638,22.916483637300004
10_18_31_51_18_63_25,z,1,4928459,4.11559,15.8638,24.676413960500003
10_18_31_51_18_63_25,z,2,7391052,4.12768,14.0888,19.954966871
10_18_31_51_18_63_25,z,3,2648317,4.15861,19.9888,34.6688065362
10_18_31_51_18_63_25,z,4,9184735,3.78932,11.3387,14.398329211375001
10_1_12_87_77_24_5,x,1,4928459,5.00612,13.8137,20.297359084375003
10_1_12_87_77_24_5,x,2,7391052,4.86886,15.9638,27.224121537250003
10_1_12_87_77_24_5,x,3,2648317,4.54979,13.8387,20.5420290503125
10_1_12_87_77_24_5,x,4,9184735,4.60306,12.3887,17.5334863165
10_1_12_87_77_24_5,y,1,4928459,4.31776,16.7388,30.0845043125
10_1_12_87_77_24_5,y,2,7391052,4.5573,13.4888,23.02651958075
10_1_12_87_77_24_5,y,3,2648317,4.12391,17.8388,29.45390683125
10_1_12_87_77_24_5,y,4,9184735,4.45018,18.9138,34.891493209675
10_1_12_87_77_24_5,z,1,4928459,5.04174,19.5637,44.5966464305
10_1_12_87_77_24_5,z,2,7391052,4.18356,17.6888,31.598719020125
10_1_12_87_77_24_5,z,3,2648317,4.35008,14.0138,25.9702639105
10_1_12_87_77_24_5,z,4,9184735,4.66295,14.0638,26.2757959025
10_1_17_90_68_19_11,x,1,4928459,4.7451,15.5387,27.42630646425
10_1_17_90_68_19_11,x,2,7391052,3.95157,12.4637,14.874269037375
10_1_17_90_68_19_11,x,3,2648317,4.56593,14.9137,20.6788115115
10_1_17_90_68_19_11,x,4,9184735,3.61231,13.1887,17.47077964225
10_1_17_90_68_19_11,y,1,4928459,3.66412,13.2638,18.226276087375
10_1_17_90_68_19_11,y,2,7391052,3.72741,12.6638,15.28470156665
10_1_17_90_68_19_11,y,3,2648317,4.59369,15.2388,21.2913381735
10_1_17_90_68_19_11,y,4,9184735,4.96829,14.9888,25.30874046575
10_1_17_90_68_19_11,z,1,4928459,3.86964,13.3138,18.341640467
10_1_17_90_68_19_11,z,2,7391052,4.16751,15.5387,26.914877012249995
10_1_17_90_68_19_11,z,3,2648317,4.29187,12.4388,22.19292620075
10_1_17_90_68_19_11,z,4,9184735,4.1521,16.7887,29.057904387549996
10_20_30_45_45_47_19,x,1,4928459,3.58288,14.0637,21.0360661535
10_20_30_45_45_47_19,x,2,7391052,4.19908,14.4387,23.022911790075
10_20_30_45_45_47_19,x,3,2648317,3.80327,14.2137,19.46674438725
10_20_30_45_45_47_19,x,4,9184735,3.67658,14.8888,23.78778271225
10_20_30_45_45_47_19,y,1,4928459,4.3278,10.3887,11.773728670249998
10_20_30_45_45_47_19,y,2,7391052,3.79185,13.8638,17.461659682750003
10_20_30_45_45_47_19,y,3,2648317,3.37794,10.8387,13.039371002
10_20_30_45_45_47_19,y,4,9184735,3.12911,13.1137,17.326649129125002
10_20_30_45_45_47_19,z,1,4928459,4.12539,15.3388,22.179535177250003
10_20_30_45_45_47_19,z,2,7391052,4.28955,13.2887,19.6495025745
10_20_30_45_45_47_19,z,3,2648317,4.3445,14.9887,25.526254828
10_20_30_45_45_47_19,z,4,9184735,4.17176,15.0388,22.621194063249998
10_20_37_40_27_48_34,x,1,4928459,3.77961,13.3638,15.830915706499995
10_20_37_40_27_48_34,x,2,7391052,2.67586,11.0888,10.57543911175
10_20_37_40_27_48_34,x,3,2648317,3.39449,10.9138,12.20965054425
10_20_37_40_27_48_34,x,4,9184735,2.60652,10.6137,9.5149854272
10_20_37_40_27_48_34,y,1,4928459,3.7599,11.8387,14.047394798250002
10_20_37_40_27_48_34,y,2,7391052,3.83311,15.2138,25.544440562750005
10_20_37_40_27_48_34,y,3,2648317,3.76131,15.7888,24.2545082781
10_20_37_40_27_48_34,y,4,9184735,3.50074,15.5637,23.872144919750003
10_20_37_40_27_48_34,z,1,4928459,4.00861,12.4138,19.88363500875
10_20_37_40_27_48_34,z,2,7391052,4.45939,12.2387,18.7680385585
10_20_37_40_27_48_34,z,3,2648317,4.02759,11.0137,15.190378051225
10_20_37_40_27_48_34,z,4,9184735,4.01162,10.3138,13.674958110750001
10_20_42_30_46_44_24,x,1,4928459,3.42786,10.5637,12.87968043275
10_20_42_30_46_44_24,x,2,7391052,3.17029,10.0137,8.67055212241
10_20_42_30_46_44_24,x,3,2648317,3.77244,11.7388,14.584760929675
10_20_42_30_46_44_24,x,4,9184735,4.37615,13.8388,23.543467314249998
10_20_42_30_46_44_24,y,1,4928459,3.60832,15.5137,24.859009862
10_20_42_30_46_44_24,y,2,7391052,3.76296,11.7638,16.949849699500003
10_20_42_30_46_44_24,y,3,2648317,3.76128,12.9638,19.1281849695
10_20_42_30_46_44_24,y,4,9184735,4.01143,12.0137,19.410560319000002
10_20_42_30_46_44_24,z,1,4928459,2.69287,15.1137,16.4891290805
10_20_42_30_46_44_24,z,2,7391052,2.5175,14.6638,12.991707331875002
10_20_42_30_46_44_24,z,3,2648317,2.47833,13.7638,12.735458565850005
10_20_42_30_46_44_24,z,4,9184735,2.2861,15.4638,14.654052995
10_23_20_33_76_38_16,x,1,4928459,3.41485,13.8138,19.7148522865
10_23_20_33_76_38_16,x,2,7391052,4.19753,11.7638,15.187557673
10_23_20_33_76_38_16,x,3,2648317,4.73466,13.6638,23.49053322025
10_23_20_33_76_38_16,x,4,9184735,4.25214,13.1887,21.93361432233375
10_23_20_33_76_38_16,y,1,4928459,3.57255,14.6887,21.39984415925
10_23_20_33_76_38_16,y,2,7391052,4.08218,15.0388,22.02466925875
10_23_20_33_76_38_16,y,3,2648317,3.41954,15.5638,21.9110233051625
10_23_20_33_76_38_16,y,4,9184735,3.4129,15.1137,24.306254260375
10_23_20_33_76_38_16,z,1,4928459,3.28695,13.6387,15.6021058223
10_23_20_33_76_38_16,z,2,7391052,3.8427,18.0137,31.8396516780775
10_23_20_33_76_38_16,z,3,2648317,3.81468,14.8138,22.31242071625
10_23_20_33_76_38_16,z,4,9184735,3.82085,16.7887,27.589269805000004
10_24_14_63_41_47_17,x,1,4928459,4.00757,12.4388,15.5889609325
10_24_14_63_41_47_17,x,2,7391052,3.68525,13.9637,21.3348144698
10_24_14_63_41_47_17,x,3,2648317,4.42269,16.2138,31.29577942525
10_24_14_63_41_47_17,x,4,9184735,2.76158,12.9388,13.961402133750003
10_24_14_63_41_47_17,y,1,4928459,3.67391,12.3638,15.840358350675
10_24_14_63_41_47_17,y,2,7391052,3.36948,11.9637,15.72641386975
10_24_14_63_41_47_17,y,3,2648317,4.36935,18.4137,37.11441079160001
10_24_14_63_41_47_17,y,4,9184735,3.42408,12.5888,16.30024392025
10_24_14_63_41_47_17,z,1,4928459,3.35243,14.7637,20.46806995625
10_24_14_63_41_47_17,z,2,7391052,3.65322,11.9637,15.226241596425
10_24_14_63_41_47_17,z,3,2648317,4.01047,14.1388,18.24984679725
10_24_14_63_41_47_17,z,4,9184735,4.15758,13.9138,18.645737347999997
10_24_32_54_19_16_61,x,1,4928459,3.3608,11.5887,12.546688013500004
10_24_32_54_19_16_61,x,2,7391052,3.71628,15.6637,25.301430186625005
10_24_32_54_19_16_61,x,3,2648317,3.3185,12.5887,15.0123966605
10_24_32_54_19_16_61,x,4,9184735,2.78686,12.0637,13.651924704950002
10_24_32_54_19_16_61,y,1,4928459,3.53825,14.7888,20.89237922945
10_24_32_54_19_16_61,y,2,7391052,3.19924,11.5138,13.60609076875
10_24_32_54_19_16_61,y,3,2648317,3.17272,13.6138,17.871100694949998
10_24_32_54_19_16_61,y,4,9184735,3.47094,13.6637,22.556582871625
10_24_32_54_19_16_61,z,1,4928459,3.5918,13.5638,16.36678866775
10_24_32_54_19_16_61,z,2,7391052,3.98986,13.8887,21.1694140963625
10_24_32_54_19_16_61,z,3,2648317,3.02609,13.5388,15.535273023625
10_24_32_54_19_16_61,z,4,9184735,2.8635,14.0888,17.947591496725
10_24_32_58_21_16_55,x,1,4928459,5.10854,13.7887,23.071304461750003
10_24_32_58_21_16_55,x,2,7391052,4.60503,13.2138,18.371107345500004
10_24_32_58_21_16_55,x,3,2648317,5.03387,14.4137,24.7024611295
10_24_32_58_21_16_55,x,4,9184735,3.65613,12.4138,15.763603115075
10_24_32_58_21_16_55,y,1,4928459,3.16379,10.4638,10.02516157275
10_24_32_58_21_16_55,y,2,7391052,2.45582,9.73875,8.76599238
10_24_32_58_21_16_55,y,3,2648317,3.06356,10.8387,11.4262663525
10_24_32_58_21_16_55,y,4,9184735,3.23927,12.5887,13.139904241675
10_24_32_58_21_16_55,z,1,4928459,2.73903,10.2638,8.500314337225001
10_24_32_58_21_16_55,z,2,7391052,3.07593,10.5637,11.094037989
10_24_32_58_21_16_55,z,3,2648317,3.14582,8.88875,7.326308399874999
10_24_32_58_21_16_55,z,4,9184735,2.94048,9.38875,8.436723257999999
10_24_41_26_35_34_46,x,1,4928459,3.67693,15.2388,25.528020744
10_24_41_26_35_34_46,x,2,7391052,2.9784,12.1137,12.19357521175
10_24_41_26_35_34_46,x,3,2648317,4.25025,12.5637,18.87351852925
10_24_41_26_35_34_46,x,4,9184735,3.59916,10.9137,13.78823260875
10_24_41_26_35_34_46,y,1,4928459,3.11521,11.4638,11.1004684812
10_24_41_26_35_34_46,y,2,7391052,2.58228,9.78875,8.318941547525
10_24_41_26_35_34_46,y,3,2648317,2.74994,11.0887,11.482123606250004
10_24_41_26_35_34_46,y,4,9184735,2.9642,11.6638,12.60107939825
10_24_41_26_35_34_46,z,1,4928459,3.49237,10.2637,12.124744120635
10_24_41_26_35_34_46,z,2,7391052,3.09278,8.53875,7.308318386
10_24_41_26_35_34_46,z,3,2648317,2.20418,9.38875,7.852977675775
10_24_41_26_35_34_46,z,4,9184735,3.8937,14.5638,24.289239745499998
10_24_42_21_52_43_24,x,1,4928459,4.10935,13.2887,19.516978609
10_24_42_21_52_43_24,x,2,7391052,3.97307,11.7888,15.15327083875
10_24_42_21_52_43_24,x,3,2648317,3.83051,14.4138,21.31808457375
10_24_42_21_52_43_24,x,4,9184735,3.92682,13.6887,20.39061945125
10_24_42_21_52_43_24,y,1,4928459,2.90687,15.2387,17.050409737875
10_24_42_21_52_43_24,y,2,7391052,2.48139,12.2637,11.1967864316625
10_24_42_21_52_43_24,y,3,2648317,3.23599,11.0637,10.513968161250002
10_24_42_21_52_43_24,y,4,9184735,2.84963,15.2638,18.78546885475
10_24_42_21_52_43_24,z,1,4928459,3.99863,9.81375,13.551445664375
10_24_42_21_52_43_24,z,2,7391052,3.24428,8.76375,7.630755250575
10_24_42_21_52_43_24,z,3,2648317,4.22669,11.8137,15.07180078045
10_24_42_21_52_43_24,z,4,9184735,3.98945,10.6387,12.145345889499998
10_25_38_19_45_38_41,x,1,4928459,3.71059,12.3387,19.5934626565
10_25_38_19_45_38_41,x,2,7391052,4.01255,9.68875,13.406305054175002
10_25_38_19_45_38_41,x,3,2648317,3.95003,12.7888,21.084831641375
10_25_38_19_45_38_41,x,4,9184735,3.41172,9.26375,11.520647942874998
10_25_38_19_45_38_41,y,1,4928459,2.88838,12.2387,13.886635697000004
10_25_38_19_45_38_41,y,2,7391052,4.75069,16.0388,25.30973423575
10_25_38_19_45_38_41,y,3,2648317,3.54914,13.4887,19.533986319
10_25_38_19_45_38_41,y,4,9184735,3.41962,12.8888,14.686905423499999
10_25_38_19_45_38_41,z,1,4928459,3.56841,11.8137,16.028873469500002
10_25_38_19_45_38_41,z,2,7391052,3.99249,17.3137,31.88551170745
10_25_38_19_45_38_41,z,3,2648317,3.65747,13.5887,19.1277899195
10_25_38_19_45_38_41,z,4,9184735,3.91174,12.2638,17.383896126
10_26_23_22_57_62_16,x,1,4928459,3.76067,12.9887,17.561462633499996
10_26_23_22_57_62_16,x,2,7391052,3.68322,13.6638,19.214144721
10_26_23_22_57_62_16,x,3,2648317,4.14368,12.9888,17.409063160900004
10_26_23_22_57_62_16,x,4,9184735,4.05794,14.9138,24.689356198249996
10_26_23_22_57_62_16,y,1,4928459,3.9137,14.0138,24.88378202925
10_26_23_22_57_62_16,y,2,7391052,4.14734,14.0638,24.9881113755
10_26_23_22_57_62_16,y,3,2648317,4.30979,12.1137,18.36634541825
10_26_23_22_57_62_16,y,4,9184735,4.09838,13.4888,19.88403501775
10_26_23_22_57_62_16,z,1,4928459,4.04363,10.7138,13.54211446775
10_26_23_22_57_62_16,z,2,7391052,4.30259,12.8888,16.746258601
10_26_23_22_57_62_16,z,3,2648317,4.27104,10.6137,13.29457055075
10_26_23_22_57_62_16,z,4,9184735,4.28062,12.7387,20.56696292625
10_26_27_27_49_49_28,x,1,4928459,3.85912,10.3387,11.8520465168875
10_26_27_27_49_49_28,x,2,7391052,3.1635,12.6887,15.368751500650005
10_26_27_27_49_49_28,x,3,2648317,3.50601,12.9637,18.44618342025
10_26_27_27_49_49_28,x,4,9184735,3.55587,12.5138,18.879023812375
10_26_27_27_49_49_28,y,1,4928459,2.95924,10.9138,12.513057331110002
10_26_27_27_49_49_28,y,2,7391052,3.79154,18.1138,33.2365934425
10_26_27_27_49_49_28,y,3,2648317,3.44136,12.5387,13.52174213435
10_26_27_27_49_49_28,y,4,9184735,4.17533,18.1137,31.930195306625002
10_26_27_27_49_49_28,z,1,4928459,3.30541,14.0638,17.522851777250004
10_26_27_27_49_49_28,z,2,7391052,3.76472,10.9388,15.82314153475
10_26_27_27_49_49_28,z,3,2648317,4.44172,14.3388,24.90327144925
10_26_27_27_49_49_28,z,4,9184735,3.77748,19.9887,39.4785869675
10_26_35_29_43_29_44,x,1,4928459,3.75518,11.4638,15.21349602175
10_26_35_29_43_29_44,x,2,7391052,3.27107,10.8888,11.84094452755
10_26_35_29_43_29_44,x,3,2648317,3.4753,11.3137,13.462108283125
10_26_35_29_43_29_44,x,4,9184735,3.45381,10.7387,11.794126373999998
10_26_35_29_43_29_44,y,1,4928459,3.05634,9.56375,8.69243214175
10_26_35_29_43_29_44,y,2,7391052,3.89086,10.0388,8.944390477874999
10_26_35_29_43_29_44,y,3,2648317,3.40286,12.8888,18.2045763475
10_26_35_29_43_29_44,y,4,9184735,4.12744,10.0388,10.61814970413
10_26_35_29_43_29_44,z,1,4928459,3.60718,13.6888,18.88038687845
10_26_35_29_43_29_44,z,2,7391052,4.5932,14.1888,23.48062784
10_26_35_29_43_29_44,z,3,2648317,3.15027,11.1638,12.635438743
10_26_35_29_43_29_44,z,4,9184735,3.84539,11.9638,15.153895455825003
10_27_20_36_44_65_14,x,1,4928459,4.15625,13.6138,21.84045138975
10_27_20_36_44_65_14,x,2,7391052,4.20169,14.1888,24.530562196
10_27_20_36_44_65_14,x,3,2648317,3.81439,10.9138,12.63429205775
10_27_20_36_44_65_14,x,4,9184735,4.55377,14.8887,26.840664769000004
10_27_20_36_44_65_14,y,1,4928459,3.58646,10.4387,11.843669143249995
10_27_20_36_44_65_14,y,2,7391052,3.64539,12.7137,16.038448109275
10_27_20_36_44_65_14,y,3,2648317,3.12393,11.5137,13.51519731325
10_27_20_36_44_65_14,y,4,9184735,4.04277,11.5637,14.54980441605
10_27_20_36_44_65_14,z,1,4928459,4.22211,15.1137,27.769436336375
10_27_20_36_44_65_14,z,2,7391052,3.34458,11.2388,12.77545514575
10_27_20_36_44_65_14,z,3,2648317,2.89491,12.9138,13.648835666
10_27_20_36_44_65_14,z,4,9184735,3.81292,14.6637,24.097891043249998
10_27_22_48_36_47_26,x,1,4928459,4.55043,11.2637,16.35794951825
10_27_22_48_36_47_26,x,2,7391052,4.36474,10.7137,13.862704665
10_27_22_48_36_47_26,x,3,2648317,4.68675,15.5387,26.756811795750004
10_27_22_48_36_47_26,x,4,9184735,4.94063,14.1887,20.971862367786
10_27_22_48_36_47_26,y,1,4928459,3.19526,10.6638,10.039797033624998
10_27_22_48_36_47_26,y,2,7391052,3.58444,10.8887,12.3095618285
10_27_22_48_36_47_26,y,3,2648317,3.29061,10.6388,9.648307238
10_27_22_48_36_47_26,y,4,9184735,2.79199,9.88875,9.614150429749998
10_27_22_48_36_47_26,z,1,4928459,2.58999,11.3387,10.84699155145
10_27_22_48_36_47_26,z,2,7391052,3.00897,11.7637,11.869128534
10_27_22_48_36_47_26,z,3,2648317,3.00843,12.9138,14.61542572525
10_27_22_48_36_47_26,z,4,9184735,2.75275,12.6387,13.598500272999999
10_27_26_46_39_39_29,x,1,4928459,3.63786,13.3887,19.441520801
10_27_26_46_39_39_29,x,2,7391052,3.59264,14.8137,19.720795078500004
10_27_26_46_39_39_29,x,3,2648317,4.04905,14.5637,21.013058829
10_27_26_46_39_39_29,x,4,9184735,3.60153,14.7637,19.532262515875
10_27_26_46_39_39_29,y,1,4928459,3.23285,11.7887,13.3903486395
10_27_26_46_39_39_29,y,2,7391052,3.29147,11.2637,13.462116883499998
10_27_26_46_39_39_29,y,3,2648317,3.08459,13.4388,16.46639858835
10_27_26_46_39_39_29,y,4,9184735,2.84728,10.4887,12.5144675915
10_27_26_46_39_39_29,z,1,4928459,3.12878,13.9888,16.346229995500003
10_27_26_46_39_39_29,z,2,7391052,2.38117,10.6387,10.060220820175
10_27_26_46_39_39_29,z,3,2648317,4.31159,13.3637,19.23705139003
10_27_26_46_39_39_29,z,4,9184735,2.60177,11.6887,11.6637990555
10_27_39_26_50_31_33,x,1,4928459,3.71181,13.3137,20.417887194
10_27_39_26_50_31_33,x,2,7391052,3.56063,11.3887,12.80534778675
10_27_39_26_50_31_33,x,3,2648317,3.6523,19.9888,34.91640694775
10_27_39_26_50_31_33,x,4,9184735,3.38564,11.2137,14.383248471874998
10_27_39_26_50_31_33,y,1,4928459,3.53482,11.3637,14.2281936805
10_27_39_26_50_31_33,y,2,7391052,4.1635,10.9388,14.9506324574
10_27_39_26_50_31_33,y,3,2648317,3.25272,11.5637,16.180929060000004
10_27_39_26_50_31_33,y,4,9184735,3.87985,14.5637,22.545857004325
10_27_39_26_50_31_33,z,1,4928459,3.77577,15.4637,23.781634780325
10_27_39_26_50_31_33,z,2,7391052,3.82313,13.3137,18.5868609525
10_27_39_26_50_31_33,z,3,2648317,4.3492,14.6138,23.699119889025003
10_27_39_26_50_31_33,z,4,9184735,2.48483,12.0637,10.160356788999998
10_28_25_40_47_14_52,x,1,4928459,4.48877,16.6138,32.28366039725
10_28_25_40_47_14_52,x,2,7391052,3.84008,10.4138,14.7328734069
10_28_25_40_47_14_52,x,3,2648317,3.27581,12.5137,16.902657401749998
10_28_25_40_47_14_52,x,4,9184735,3.30905,11.8137,17.068034304625
10_28_25_40_47_14_52,y,1,4928459,4.14927,14.1637,22.2582501675
10_28_25_40_47_14_52,y,2,7391052,3.63851,13.2137,17.984302559
10_28_25_40_47_14_52,y,3,2648317,3.07665,12.6138,17.07699178825
10_28_25_40_47_14_52,y,4,9184735,3.69733,18.9137,37.04278803775
10_28_25_40_47_14_52,z,1,4928459,3.20967,12.7638,15.95291588825
10_28_25_40_47_14_52,z,2,7391052,3.41808,14.1887,20.020573605000003
10_28_25_40_47_14_52,z,3,2648317,3.1074,13.0387,16.8767467095
10_28_25_40_47_14_52,z,4,9184735,3.33588,13.9387,19.404187757675
10_28_31_31_44_45_27,x,1,4928459,4.28225,15.8137,22.4695304515
10_28_31_31_44_45_27,x,2,7391052,4.17326,14.6138,24.158008711725
10_28_31_31_44_45_27,x,3,2648317,4.47852,16.9138,33.284973020500004
10_28_31_31_44_45_27,x,4,9184735,4.29438,14.7887,28.854049057500003
10_28_31_31_44_45_27,y,1,4928459,3.67371,13.5637,22.6888029205
10_28_31_31_44_45_27,y,2,7391052,3.62184,11.8888,15.2522165385
10_28_31_31_44_45_27,y,3,2648317,2.90922,11.4388,12.298684293250002
10_28_31_31_44_45_27,y,4,9184735,3.56187,17.5137,26.1319436424675
10_28_31_31_44_45_27,z,1,4928459,3.1442,13.1388,15.565365617250002
10_28_31_31_44_45_27,z,2,7391052,3.15729,11.8137,13.335592496
10_28_31_31_44_45_27,z,3,2648317,3.46159,13.7637,19.117086148825003
10_28_31_31_44_45_27,z,4,9184735,3.79303,18.8137,31.9861811356
10_2_16_74_87_20_7,x,1,4928459,3.56436,11.4888,11.962669119525003
10_2_16_74_87_20_7,x,2,7391052,4.58044,14.0387,23.4992884655
10_2_16_74_87_20_7,x,3,2648317,3.76483,11.9387,14.169429474750002
10_2_16_74_87_20_7,x,4,9184735,3.32485,14.2388,16.424210698
10_2_16_74_87_20_7,y,1,4928459,4.6143,12.5387,16.615376131725
10_2_16_74_87_20_7,y,2,7391052,4.04085,12.2888,16.52444750685
10_2_16_74_87_20_7,y,3,2648317,4.14766,13.7888,18.953360966125
10_2_16_74_87_20_7,y,4,9184735,4.16155,14.4637,23.66749231405
10_2_16_74_87_20_7,z,1,4928459,2.72435,12.2387,11.985762940475
10_2_16_74_87_20_7,z,2,7391052,2.99597,13.3388,15.375590136350002
10_2_16_74_87_20_7,z,3,2648317,3.19961,12.4388,14.45575524075
10_2_16_74_87_20_7,z,4,9184735,2.2638,11.1638,10.483964367499999
10_2_16_81_79_23_5,x,1,4928459,3.81745,13.6638,19.3748509645
10_2_16_81_79_23_5,x,2,7391052,4.24599,13.0888,19.72299406325001
10_2_16_81_79_23_5,x,3,2648317,4.29129,19.9888,34.423005450999995
10_2_16_81_79_23_5,x,4,9184735,4.57253,18.2637,32.837783197625
10_2_16_81_79_23_5,y,1,4928459,4.68913,13.4638,23.262176345525
10_2_16_81_79_23_5,y,2,7391052,3.61175,15.9887,24.65749717725
10_2_16_81_79_23_5,y,3,2648317,4.0259,18.3637,29.0261328923
10_2_16_81_79_23_5,y,4,9184735,4.84301,14.4638,22.978018470875
10_2_16_81_79_23_5,z,1,4928459,4.7412,17.7137,31.314055112225
10_2_16_81_79_23_5,z,2,7391052,4.57715,14.4137,20.9000216812
10_2_16_81_79_23_5,z,3,2648317,4.30908,15.2638,24.58435626925
10_2_16_81_79_23_5,z,4,9184735,3.40552,10.9387,10.522366540975002
10_2_19_74_81_24_6,x,1,4928459,5.09733,13.7387,25.09053459475
10_2_19_74_81_24_6,x,2,7391052,3.30302,12.2887,13.898052474275
10_2_19_74_81_24_6,x,3,2648317,3.46238,13.6888,18.2272592035
10_2_19_74_81_24_6,x,4,9184735,3.78814,14.9137,19.906195582749998
10_2_19_74_81_24_6,y,1,4928459,4.80455,14.3387,21.1282025905
10_2_19_74_81_24_6,y,2,7391052,4.75264,15.2888,26.02104250825
10_2_19_74_81_24_6,y,3,2648317,5.55411,13.9887,25.5186587483225
10_2_19_74_81_24_6,y,4,9184735,4.87639,14.0138,24.96471742055
10_2_19_74_81_24_6,z,1,4928459,4.5411,14.6388,22.884356963325
10_2_19_74_81_24_6,z,2,7391052,4.04863,12.9388,18.03153085725
10_2_19_74_81_24_6,z,3,2648317,4.47579,13.3387,18.18924571275
10_2_19_74_81_24_6,z,4,9184735,4.76807,13.8387,22.454258799750004
10_2_20_68_88_22_6,x,1,4928459,4.38658,18.0138,31.576264304
10_2_20_68_88_22_6,x,2,7391052,4.22335,16.3637,28.61219785675
10_2_20_68_88_22_6,x,3,2648317,4.45114,14.5138,24.422661368750003
10_2_20_68_88_22_6,x,4,9184735,4.31363,13.0387,19.430362368
10_2_20_68_88_22_6,y,1,4928459,3.81513,10.8637,12.55268066835
10_2_20_68_88_22_6,y,2,7391052,3.47835,12.5138,16.691186601625
10_2_20_68_88_22_6,y,3,2648317,4.32007,11.1138,14.4493668795
10_2_20_68_88_22_6,y,4,9184735,3.4273,15.3888,22.291026144249997
10_2_20_68_88_22_6,z,1,4928459,4.12404,15.3638,20.19871206525
10_2_20_68_88_22_6,z,2,7391052,3.7144,13.2138,17.563643499175
10_2_20_68_88_22_6,z,3,2648317,3.903,16.5637,25.336037452250004
10_2_20_68_88_22_6,z,4,9184735,3.74118,13.4887,18.355713758500002
10_31_28_34_48_31_34,x,1,4928459,3.72749,12.1387,16.291571497125
10_31_28_34_48_31_34,x,2,7391052,4.03089,11.7137,18.1089557425
10_31_28_34_48_31_34,x,3,2648317,4.00165,16.0138,30.827024663
10_31_28_34_48_31_34,x,4,9184735,3.43212,14.2638,23.3548530074
10_31_28_34_48_31_34,y,1,4928459,2.67513,10.1888,9.900476548325
10_31_28_34_48_31_34,y,2,7391052,3.60716,13.5887,19.16453041025
10_31_28_34_48_31_34,y,3,2648317,2.94704,10.9888,11.621072119025
10_31_28_34_48_31_34,y,4,9184735,3.42667,11.6888,13.850977912500001
10_31_28_34_48_31_34,z,1,4928459,2.72631,10.6638,11.195082476
10_31_28_34_48_31_34,z,2,7391052,3.8066,11.5888,14.4663353313675
10_31_28_34_48_31_34,z,3,2648317,3.39783,11.7388,15.46888390305
10_31_28_34_48_31_34,z,4,9184735,4.65699,17.9637,33.05336543675
10_31_43_20_42_29_41,x,1,4928459,2.28076,10.9638,8.443130543075
10_31_43_20_42_29_41,x,2,7391052,2.74583,13.2387,14.33167463325
10_31_43_20_42_29_41,x,3,2648317,2.48763,13.3637,13.734111861125
10_31_43_20_42_29_41,x,4,9184735,2.41557,11.0388,11.3090671486
10_31_43_20_42_29_41,y,1,4928459,1.91712,12.2638,8.81708188695
10_31_43_20_42_29_41,y,2,7391052,1.89512,13.9637,11.577422981999998
10_31_43_20_42_29_41,y,3,2648317,1.8469,13.3887,8.089075484975
10_31_43_20_42_29_41,y,4,9184735,2.00547,12.2137,9.261030221
10_31_43_20_42_29_41,z,1,4928459,3.12699,8.46375,7.30780952625
10_31_43_20_42_29_41,z,2,7391052,4.09886,11.3887,15.5641524455
10_31_43_20_42_29_41,z,3,2648317,4.33272,10.5887,14.678435174124996
10_31_43_20_42_29_41,z,4,9184735,4.6203,13.2388,20.305995218475
10_32_27_33_11_71_32,x,1,4928459,4.25941,13.8637,25.59650558025
10_32_27_33_11_71_32,x,2,7391052,3.19264,10.4638,11.4507129465
10_32_27_33_11_71_32,x,3,2648317,4.43786,13.8387,22.06074133225
10_32_27_33_11_71_32,x,4,9184735,3.9635,10.0887,13.00862366725
10_32_27_33_11_71_32,y,1,4928459,4.13364,15.6138,23.71066754075
10_32_27_33_11_71_32,y,2,7391052,4.18777,15.9387,24.222030459000003
10_32_27_33_11_71_32,y,3,2648317,4.08534,13.2888,15.1824410193575
10_32_27_33_11_71_32,y,4,9184735,4.07442,15.6137,25.024628564637
10_32_27_33_11_71_32,z,1,4928459,3.43413,11.5638,13.3258428027775
10_32_27_33_11_71_32,z,2,7391052,3.69677,9.36375,10.758379158
10_32_27_33_11_71_32,z,3,2648317,3.25601,10.5637,10.96029420125
10_32_27_33_11_71_32,z,4,9184735,3.71882,11.8637,15.8912982035
10_33_26_22_21_83_21,x,1,4928459,3.98189,9.78875,12.977220363999995
10_33_26_22_21_83_21,x,2,7391052,3.99583,15.4137,27.35924652575
10_33_26_22_21_83_21,x,3,2648317,4.85814,10.9137,17.6638704175
10_33_26_22_21_83_21,x,4,9184735,4.41481,13.0888,23.648603883685002
10_33_26_22_21_83_21,y,1,4928459,3.84023,11.8888,17.160879674
10_33_26_22_21_83_21,y,2,7391052,3.88906,16.0888,32.740486669374995
10_33_26_22_21_83_21,y,3,2648317,4.41878,13.6137,25.07754164525
10_33_26_22_21_83_21,y,4,9184735,3.82089,13.1637,22.8631153531975
10_33_26_22_21_83_21,z,1,4928459,3.61296,12.2638,12.67124742545
10_33_26_22_21_83_21,z,2,7391052,3.57495,12.8887,14.73391578175
10_33_26_22_21_83_21,z,3,2648317,3.49073,12.7637,14.212618536
10_33_26_22_21_83_21,z,4,9184735,3.06461,14.3638,16.17411866325
10_34_21_39_46_37_29,x,1,4928459,3.95526,17.7887,27.13600037825
10_34_21_39_46_37_29,x,2,7391052,3.90614,17.1637,28.452149802825005
10_34_21_39_46_37_29,x,3,2648317,3.51785,13.6138,20.611333489475
10_34_21_39_46_37_29,x,4,9184735,4.0541,13.5638,18.714772653249998
10_34_21_39_46_37_29,y,1,4928459,3.97123,11.8138,16.356514087125003
10_34_21_39_46_37_29,y,2,7391052,3.45195,10.3388,10.93296442075
10_34_21_39_46_37_29,y,3,2648317,2.36828,10.5637,9.30936523155
10_34_21_39_46_37_29,y,4,9184735,3.12053,10.2638,11.055430737875001
10_34_21_39_46_37_29,z,1,4928459,4.45488,12.6137,19.33709122475
10_34_21_39_46_37_29,z,2,7391052,4.02541,11.7138,16.583369457000003
10_34_21_39_46_37_29,z,3,2648317,4.34783,16.4887,30.10785544405
10_34_21_39_46_37_29,z,4,9184735,4.55466,14.9638,24.218374615000002
10_35_24_26_58_17_46,x,1,4928459,4.04496,14.5387,23.17405632975
10_35_24_26_58_17_46,x,2,7391052,4.27349,15.5888,25.013535872725
10_35_24_26_58_17_46,x,3,2648317,4.6378,15.3387,27.4013646615
10_35_24_26_58_17_46,x,4,9184735,4.04315,19.9887,38.86319814975
10_35_24_26_58_17_46,y,1,4928459,3.84181,15.6387,24.137159306500003
10_35_24_26_58_17_46,y,2,7391052,3.50054,13.8388,18.639904342
10_35_24_26_58_17_46,y,3,2648317,4.05277,12.3137,17.9921499275
10_35_24_26_58_17_46,y,4,9184735,3.6995,9.76375,12.819711551249998
10_35_24_26_58_17_46,z,1,4928459,3.51693,12.1138,15.071238788000002
10_35_24_26_58_17_46,z,2,7391052,3.18945,13.8888,20.37973084725
10_35_24_26_58_17_46,z,3,2648317,3.22665,11.3137,13.299684229375
10_35_24_26_58_17_46,z,4,9184735,3.0619,11.8887,12.374461400750002
10_36_9_36_65_12_48,x,1,4928459,3.66092,11.3137,12.923371526
10_36_9_36_65_12_48,x,2,7391052,3.48689,11.2138,14.769728447000002
10_36_9_36_65_12_48,x,3,2648317,2.91696,11.5388,12.19959242225
10_36_9_36_65_12_48,x,4,9184735,3.31746,10.2387,13.517639633999998
10_36_9_36_65_12_48,y,1,4928459,3.42819,15.1637,15.88157651005
10_36_9_36_65_12_48,y,2,7391052,3.55573,12.2888,12.312951666
10_36_9_36_65_12_48,y,3,2648317,2.84496,10.5137,10.7503685515
10_36_9_36_65_12_48,y,4,9184735,2.93741,16.0138,17.608006645325002
10_36_9_36_65_12_48,z,1,4928459,2.84206,10.1888,10.7019990379
10_36_9_36_65_12_48,z,2,7391052,2.33598,9.43875,6.00248479475
10_36_9_36_65_12_48,z,3,2648317,3.23487,9.93875,10.1587760452
10_36_9_36_65_12_48,z,4,9184735,2.67038,10.2138,9.632125349325001
10_37_18_19_53_58_21,x,1,4928459,3.45874,12.6388,14.585002682350002
10_37_18_19_53_58_21,x,2,7391052,3.75624,13.5388,19.69356194791
10_37_18_19_53_58_21,x,3,2648317,2.69231,13.5888,15.55361107925
10_37_18_19_53_58_21,x,4,9184735,2.748,11.7887,12.468250806575
10_37_18_19_53_58_21,y,1,4928459,3.36737,13.4638,16.82466287875
10_37_18_19_53_58_21,y,2,7391052,3.91448,16.9388,28.454464443250004
10_37_18_19_53_58_21,y,3,2648317,3.7262,13.8638,18.8202449115
10_37_18_19_53_58_21,y,4,9184735,4.11236,15.5887,25.679351937425004
10_37_18_19_53_58_21,z,1,4928459,3.65643,14.9887,26.2228204638865
10_37_18_19_53_58_21,z,2,7391052,4.11228,13.0387,20.02922398085
10_37_18_19_53_58_21,z,3,2648317,3.95514,12.1888,16.77484337475
10_37_18_19_53_58_21,z,4,9184735,3.76892,10.9638,14.074780818624998
10_38_10_30_56_46_26,x,1,4928459,2.72311,10.3637,10.03370643025
10_38_10_30_56_46_26,x,2,7391052,2.45143,8.86375,6.960794439374999
10_38_10_30_56_46_26,x,3,2648317,3.32397,13.2387,17.705127935675
10_38_10_30_56_46_26,x,4,9184735,3.58413,11.6637,12.88014451775
10_38_10_30_56_46_26,y,1,4928459,4.37756,16.5387,31.197295533275003
10_38_10_30_56_46_26,y,2,7391052,3.83975,11.7387,15.61989021525
10_38_10_30_56_46_26,y,3,2648317,4.91433,16.0888,27.28622151225
10_38_10_30_56_46_26,y,4,9184735,3.95915,13.8137,21.881956469725
10_38_10_30_56_46_26,z,1,4928459,4.23807,19.3887,35.305628437125
10_38_10_30_56_46_26,z,2,7391052,3.68494,16.9637,29.267385352375
10_38_10_30_56_46_26,z,3,2648317,3.45207,12.9387,18.923342806750004
10_38_10_30_56_46_26,z,4,9184735,4.10307,17.2637,32.673671079500004
10_38_12_41_41_33_41,x,1,4928459,3.95729,12.4638,15.007976628750002
10_38_12_41_41_33_41,x,2,7391052,4.39306,19.6638,38.785803773825
10_38_12_41_41_33_41,x,3,2648317,3.79216,11.4637,15.1242647735
10_38_12_41_41_33_41,x,4,9184735,3.93648,12.1887,16.472900260250004
10_38_12_41_41_33_41,y,1,4928459,3.28407,9.16375,9.049028467
10_38_12_41_41_33_41,y,2,7391052,4.04972,11.5388,16.75264330225
10_38_12_41_41_33_41,y,3,2648317,4.17611,12.1637,18.396459730925
10_38_12_41_41_33_41,y,4,9184735,4.04375,9.86375,12.386077849749999
10_38_12_41_41_33_41,z,1,4928459,4.05286,11.2638,16.0115454425
10_38_12_41_41_33_41,z,2,7391052,4.05399,17.5887,32.75769792325
10_38_12_41_41_33_41,z,3,2648317,4.16653,14.3387,22.2478787745
10_38_12_41_41_33_41,z,4,9184735,3.50522,12.2637,16.180159907862496
10_38_24_26_40_48_30,x,1,4928459,4.14932,12.2138,18.19110683195
10_38_24_26_40_48_30,x,2,7391052,2.84173,11.0638,13.295997896
10_38_24_26_40_48_30,x,3,2648317,3.33209,12.0888,13.418422743362502
10_38_24_26_40_48_30,x,4,9184735,3.58936,13.0638,15.3838804473
10_38_24_26_40_48_30,y,1,4928459,3.01887,11.6638,12.00157511075
10_38_24_26_40_48_30,y,2,7391052,2.68956,12.0387,11.288279126725
10_38_24_26_40_48_30,y,3,2648317,3.40799,11.4638,12.0701729225
10_38_24_26_40_48_30,y,4,9184735,2.1763,10.7387,9.787681364
10_38_24_26_40_48_30,z,1,4928459,2.4785,10.5387,9.173817938125
10_38_24_26_40_48_30,z,2,7391052,2.62928,10.8888,8.94259024125
10_38_24_26_40_48_30,z,3,2648317,2.43003,11.0888,9.275210459625
10_38_24_26_40_48_30,z,4,9184735,2.49315,12.9138,12.358935401375
10_38_7_51_19_63_28,x,1,4928459,3.47257,13.1888,20.69450748225
10_38_7_51_19_63_28,x,2,7391052,4.37248,13.5387,23.72957091575
10_38_7_51_19_63_28,x,3,2648317,3.11992,10.8887,11.908066075250002
10_38_7_51_19_63_28,x,4,9184735,3.84537,13.9637,23.206592612425005
10_38_7_51_19_63_28,y,1,4928459,4.03806,10.1137,11.619420543
10_38_7_51_19_63_28,y,2,7391052,4.08338,10.2888,13.9324972135
10_38_7_51_19_63_28,y,3,2648317,3.56712,13.1138,20.93197140675
10_38_7_51_19_63_28,y,4,9184735,3.64253,14.1887,22.83724059325
10_38_7_51_19_63_28,z,1,4928459,4.09511,13.4387,19.484624352155
10_38_7_51_19_63_28,z,2,7391052,4.40174,16.7138,30.446585288325004
10_38_7_51_19_63_28,z,3,2648317,4.03214,10.5637,9.57971169575
10_38_7_51_19_63_28,z,4,9184735,4.36873,9.61375,8.9065324485
10_39_28_18_27_53_41,x,1,4928459,3.51395,13.0388,17.91242241325
10_39_28_18_27_53_41,x,2,7391052,3.42198,13.6887,19.7054668915
10_39_28_18_27_53_41,x,3,2648317,3.79541,12.3887,17.288602511025
10_39_28_18_27_53_41,x,4,9184735,3.33639,10.6137,13.917203448425
10_39_28_18_27_53_41,y,1,4928459,3.6081,13.6137,14.81387915135
10_39_28_18_27_53_41,y,2,7391052,3.4466,12.9638,16.1693950231
10_39_28_18_27_53_41,y,3,2648317,3.22641,13.7138,15.40100967575
10_39_28_18_27_53_41,y,4,9184735,2.49003,12.4138,12.551861857
10_39_28_18_27_53_41,z,1,4928459,3.81202,9.61375,8.18721130375
10_39_28_18_27_53_41,z,2,7391052,3.51587,10.9887,15.23076141375
10_39_28_18_27_53_41,z,3,2648317,3.80237,10.8137,16.046095887625
10_39_28_18_27_53_41,z,4,9184735,4.14749,15.7138,32.6057654011
10_3_12_74_87_21_9,x,1,4928459,4.51092,13.5638,18.673913052415
10_3_12_74_87_21_9,x,2,7391052,5.01096,14.6138,24.1503217245
10_3_12_74_87_21_9,x,3,2648317,4.91157,14.6638,23.32962379825
10_3_12_74_87_21_9,x,4,9184735,4.63437,12.4138,16.745915769
10_3_12_74_87_21_9,y,1,4928459,3.90895,12.1138,15.671230094500002
10_3_12_74_87_21_9,y,2,7391052,4.24206,12.3887,17.2614412695
10_3_12_74_87_21_9,y,3,2648317,3.44074,12.3887,13.285831842499997
10_3_12_74_87_21_9,y,4,9184735,3.95174,11.6638,14.46805552675
10_3_12_74_87_21_9,z,1,4928459,4.27136,16.9637,27.0938286215
10_3_12_74_87_21_9,z,2,7391052,3.84881,15.3888,22.35318177825
10_3_12_74_87_21_9,z,3,2648317,3.95284,11.5638,13.0715636606
10_3_12_74_87_21_9,z,4,9184735,4.15223,17.0388,24.67910412455
10_3_12_76_85_23_7,x,1,4928459,4.41553,12.6388,17.8466519155
10_3_12_76_85_23_7,x,2,7391052,4.40969,12.1388,15.895190134250004
10_3_12_76_85_23_7,x,3,2648317,3.69788,12.7887,15.749831095000005
10_3_12_76_85_23_7,x,4,9184735,3.68396,13.4637,18.398317172244997
10_3_12_76_85_23_7,y,1,4928459,4.03965,15.3387,23.91562326225
10_3_12_76_85_23_7,y,2,7391052,3.8625,17.7388,28.191711187500005
10_3_12_76_85_23_7,y,3,2648317,3.98901,13.9637,17.70862531005
10_3_12_76_85_23_7,y,4,9184735,3.78827,12.4637,15.104284516875
10_3_12_76_85_23_7,z,1,4928459,4.97346,15.1638,28.3415699785
10_3_12_76_85_23_7,z,2,7391052,4.43634,15.3887,28.650863325000003
10_3_12_76_85_23_7,z,3,2648317,4.56417,12.2637,18.75187028795
10_3_12_76_85_23_7,z,4,9184735,4.68741,14.3637,23.120235811225005
10_3_14_84_73_27_5,x,1,4928459,4.25267,13.7138,23.179900591375
10_3_14_84_73_27_5,x,2,7391052,4.05475,15.4137,25.38401022875
10_3_14_84_73_27_5,x,3,2648317,4.29106,12.5638,17.74721413522
10_3_14_84_73_27_5,x,4,9184735,4.6275,15.7387,27.57676650925
10_3_14_84_73_27_5,y,1,4928459,4.34293,15.1388,18.37644450275
10_3_14_84_73_27_5,y,2,7391052,3.29562,13.6138,13.913263433375002
10_3_14_84_73_27_5,y,3,2648317,3.95555,11.9387,13.916074008000002
10_3_14_84_73_27_5,y,4,9184735,3.56929,12.3888,13.070272464555
10_3_14_84_73_27_5,z,1,4928459,4.45677,12.4387,18.9468480254
10_3_14_84_73_27_5,z,2,7391052,4.15726,14.0888,20.945003115250007
10_3_14_84_73_27_5,z,3,2648317,4.7473,14.1138,21.252016602750004
10_3_14_84_73_27_5,z,4,9184735,5.23695,16.5388,35.597539905725
10_3_15_72_85_27_4,x,1,4928459,3.29355,11.5388,11.60841239
10_3_15_72_85_27_4,x,2,7391052,3.89524,14.8637,24.64882279145
10_3_15_72_85_27_4,x,3,2648317,4.04193,14.4887,21.56905635925
10_3_15_72_85_27_4,x,4,9184735,3.84572,13.2388,18.422517988250004
10_3_15_72_85_27_4,y,1,4928459,3.97834,13.0138,18.02119417265
10_3_15_72_85_27_4,y,2,7391052,3.69272,12.5388,17.907532732
10_3_15_72_85_27_4,y,3,2648317,3.44193,12.1387,14.3494627135
10_3_15_72_85_27_4,y,4,9184735,4.22816,14.7137,22.950244936
10_3_15_72_85_27_4,z,1,4928459,4.27116,12.9887,14.77075193725
10_3_15_72_85_27_4,z,2,7391052,3.8635,15.0638,20.45780255255
10_3_15_72_85_27_4,z,3,2648317,4.32658,14.3387,21.647321733500004
10_3_15_72_85_27_4,z,4,9184735,3.92369,15.5137,22.17552155
10_3_15_85_73_22_8,x,1,4928459,3.18793,12.8137,14.2632207325
10_3_15_85_73_22_8,x,2,7391052,3.39415,13.3387,15.5277188932
10_3_15_85_73_22_8,x,3,2648317,4.26479,14.7138,23.078341953500004
10_3_15_85_73_22_8,x,4,9184735,3.13265,12.4388,13.7892066655
10_3_15_85_73_22_8,y,1,4928459,2.89623,11.3637,12.12738047775
10_3_15_85_73_22_8,y,2,7391052,3.72026,12.0138,14.326803487
10_3_15_85_73_22_8,y,3,2648317,2.86317,13.2637,14.37509222575
10_3_15_85_73_22_8,y,4,9184735,2.89263,12.4888,12.0271438782925
10_3_15_85_73_22_8,z,1,4928459,4.1335,14.1888,21.82000363025
10_3_15_85_73_22_8,z,2,7391052,4.51378,14.6887,26.70725577075
10_3_15_85_73_22_8,z,3,2648317,3.76143,13.4137,19.468823073375
10_3_15_85_73_22_8,z,4,9184735,4.37203,14.4138,24.472727796999997
10_3_21_63_87_24_8,x,1,4928459,4.28911,19.7138,42.45669385375
10_3_21_63_87_24_8,x,2,7391052,5.1028,15.3888,24.892611014375
10_3_21_63_87_24_8,x,3,2648317,5.16258,13.7138,26.2712245865
10_3_21_63_87_24_8,x,4,9184735,4.73328,14.7887,25.375718003425
10_3_21_63_87_24_8,y,1,4928459,4.10172,12.6387,16.573808512
10_3_21_63_87_24_8,y,2,7391052,3.91115,11.8388,15.809589544650002
10_3_21_63_87_24_8,y,3,2648317,4.18991,12.9637,17.840823802000003
10_3_21_63_87_24_8,y,4,9184735,4.40722,13.9138,19.196839883999996
10_3_21_63_87_24_8,z,1,4928459,4.93459,15.0387,27.785697543
10_3_21_63_87_24_8,z,2,7391052,3.94628,11.8887,14.9305974585
10_3_21_63_87_24_8,z,3,2648317,4.24563,12.2387,16.86577120175
10_3_21_63_87_24_8,z,4,9184735,4.45866,12.7637,19.93581612875
10_40_19_21_35_57_34,x,1,4928459,4.22639,11.6887,15.6903530545
10_40_19_21_35_57_34,x,2,7391052,4.21968,12.4637,16.278061841499998
10_40_19_21_35_57_34,x,3,2648317,4.42181,11.5638,17.761231629000005
10_40_19_21_35_57_34,x,4,9184735,4.55754,13.0138,17.6242735149075
10_40_19_21_35_57_34,y,1,4928459,2.73716,10.4138,11.2513891434
10_40_19_21_35_57_34,y,2,7391052,3.38574,11.3887,12.656356376179998
10_40_19_21_35_57_34,y,3,2648317,3.13515,11.8138,14.4844593172
10_40_19_21_35_57_34,y,4,9184735,2.7816,10.7888,11.641521101
10_40_19_21_35_57_34,z,1,4928459,3.28442,9.13875,8.9397118565
10_40_19_21_35_57_34,z,2,7391052,3.10505,8.33875,7.715345837852501
10_40_19_21_35_57_34,z,3,2648317,3.93684,10.1888,10.685606148725
10_40_19_21_35_57_34,z,4,9184735,3.24876,9.66375,9.331963002175
10_40_31_28_24_40_43,x,1,4928459,2.58532,12.7387,12.61782755025
10_40_31_28_24_40_43,x,2,7391052,3.31941,12.7638,11.800249512
10_40_31_28_24_40_43,x,3,2648317,2.74061,15.2137,16.1674695925
10_40_31_28_24_40_43,x,4,9184735,2.75008,14.4137,14.937020469
10_40_31_28_24_40_43,y,1,4928459,2.61536,9.68875,8.27125177525
10_40_31_28_24_40_43,y,2,7391052,3.64763,14.1137,22.68338226575
10_40_31_28_24_40_43,y,3,2648317,3.99099,12.4137,19.355609113025
10_40_31_28_24_40_43,y,4,9184735,2.92345,9.91375,9.817994594999998
10_40_31_28_24_40_43,z,1,4928459,1.75032,8.48875,5.406677002
10_40_31_28_24_40_43,z,2,7391052,2.19355,8.76375,5.02133629025
10_40_31_28_24_40_43,z,3,2648317,1.9119,10.2137,6.502738305925
10_40_31_28_24_40_43,z,4,9184735,1.72109,8.26375,4.653554229499999
10_42_3_39_55_41_26,x,1,4928459,2.48638,10.5637,9.709523676
10_42_3_39_55_41_26,x,2,7391052,2.81726,11.1887,10.19466696225
10_42_3_39_55_41_26,x,3,2648317,2.89479,9.08875,7.830325582575
10_42_3_39_55_41_26,x,4,9184735,2.51759,10.1387,8.6139610525
10_42_3_39_55_41_26,y,1,4928459,3.43461,11.1137,12.33085668585
10_42_3_39_55_41_26,y,2,7391052,3.62857,9.91375,10.9703449051
10_42_3_39_55_41_26,y,3,2648317,2.7174,11.6138,9.5032044415
10_42_3_39_55_41_26,y,4,9184735,3.02996,14.0138,15.2936726801
10_42_3_39_55_41_26,z,1,4928459,4.41583,12.8138,19.814082652
10_42_3_39_55_41_26,z,2,7391052,4.19714,11.9388,14.324542974
10_42_3_39_55_41_26,z,3,2648317,4.03365,13.9637,23.9092298355
10_42_3_39_55_41_26,z,4,9184735,4.29223,10.1638,14.305596790750002
10_44_16_35_44_13_54,x,1,4928459,3.56015,13.3138,15.525678277425
10_44_16_35_44_13_54,x,2,7391052,3.11478,11.5887,11.6064806125
10_44_16_35_44_13_54,x,3,2648317,3.31672,13.1387,16.836161587375003
10_44_16_35_44_13_54,x,4,9184735,2.40716,11.1637,10.567502158
10_44_16_35_44_13_54,y,1,4928459,3.57422,10.3137,10.92269975275
10_44_16_35_44_13_54,y,2,7391052,3.497,13.3138,17.8101170855
10_44_16_35_44_13_54,y,3,2648317,3.05599,12.9887,17.584869466625
10_44_16_35_44_13_54,y,4,9184735,3.65475,9.83875,11.6228317964
10_44_16_35_44_13_54,z,1,4928459,3.89143,17.7137,35.15387591525
10_44_16_35_44_13_54,z,2,7391052,3.16319,13.3638,17.400314712000004
10_44_16_35_44_13_54,z,3,2648317,2.83579,12.8388,15.188303688
10_44_16_35_44_13_54,z,4,9184735,2.74099,12.2637,14.806617334325
10_48_16_27_23_55_37,x,1,4928459,4.20219,15.2388,27.597296481
10_48_16_27_23_55_37,x,2,7391052,3.86397,14.2137,21.213733215362502
10_48_16_27_23_55_37,x,3,2648317,3.78046,13.9138,19.876766806125
10_48_16_27_23_55_37,x,4,9184735,4.01071,13.9638,19.023384224
10_48_16_27_23_55_37,y,1,4928459,3.29245,13.7138,16.875221734750003
10_48_16_27_23_55_37,y,2,7391052,3.31693,10.7388,11.30702336055
10_48_16_27_23_55_37,y,3,2648317,3.64024,12.1388,17.7720135685
10_48_16_27_23_55_37,y,4,9184735,3.54223,11.0138,11.729574513950002
10_48_16_27_23_55_37,z,1,4928459,2.19512,10.9887,10.099742048
10_48_16_27_23_55_37,z,2,7391052,2.44461,12.4137,12.22366736755
10_48_16_27_23_55_37,z,3,2648317,2.37386,11.3637,10.80354243125
10_48_16_27_23_55_37,z,4,9184735,2.15388,9.63875,8.06935191325
10_4_16_77_77_25_7,x,1,4928459,3.71681,10.9387,11.8294883747
10_4_16_77_77_25_7,x,2,7391052,3.73052,12.5638,15.31503276275
10_4_16_77_77_25_7,x,3,2648317,4.02563,17.8388,29.154851444
10_4_16_77_77_25_7,x,4,9184735,3.44853,15.6387,21.088242011625002
10_4_16_77_77_25_7,y,1,4928459,4.82141,14.6388,23.454274254
10_4_16_77_77_25_7,y,2,7391052,5.1983,15.0888,23.652375137225
10_4_16_77_77_25_7,y,3,2648317,4.83277,14.6388,22.3756086705
10_4_16_77_77_25_7,y,4,9184735,5.01184,12.6637,17.9116948544
10_4_16_77_77_25_7,z,1,4928459,4.54093,13.9888,20.6829990415
10_4_16_77_77_25_7,z,2,7391052,3.88843,11.1887,14.16326563825
10_4_16_77_77_25_7,z,3,2648317,4.04977,13.0888,17.823767915250002
10_4_16_77_77_25_7,z,4,9184735,3.10212,11.4888,12.032964148975001
10_4_9_80_82_24_7,x,1,4928459,5.67044,12.9137,23.423762398175
10_4_9_80_82_24_7,x,2,7391052,4.3852,17.7637,32.808329906500006
10_4_9_80_82_24_7,x,3,2648317,4.84327,15.2888,26.21025864525
10_4_9_80_82_24_7,x,4,9184735,4.26733,12.0887,19.578575979
10_4_9_80_82_24_7,y,1,4928459,3.44182,13.3888,18.838530836750003
10_4_9_80_82_24_7,y,2,7391052,3.49442,14.7387,20.26838109725
10_4_9_80_82_24_7,y,3,2648317,3.45963,15.2138,23.073722632
10_4_9_80_82_24_7,y,4,9184735,3.51436,16.0638,20.66808218675
10_4_9_80_82_24_7,z,1,4928459,3.12333,13.9888,16.2481056438
10_4_9_80_82_24_7,z,2,7391052,4.42673,16.1888,27.41767641425
10_4_9_80_82_24_7,z,3,2648317,3.65501,11.6388,12.45105675025
10_4_9_80_82_24_7,z,4,9184735,3.88113,13.4388,15.378312862125
10_5_10_79_78_28_6,x,1,4928459,5.58272,16.9637,27.1419523451
10_5_10_79_78_28_6,x,2,7391052,5.02587,17.2637,34.21033493825
10_5_10_79_78_28_6,x,3,2648317,4.76946,12.8888,22.105064620675
10_5_10_79_78_28_6,x,4,9184735,4.29458,13.1638,21.013482341999996
10_5_10_79_78_28_6,y,1,4928459,4.52633,13.7137,23.87220626375
10_5_10_79_78_28_6,y,2,7391052,4.18614,17.9387,33.727782424
10_5_10_79_78_28_6,y,3,2648317,4.11575,15.4888,24.19734123775
10_5_10_79_78_28_6,y,4,9184735,4.60963,18.1388,37.819028600925
10_5_10_79_78_28_6,z,1,4928459,3.83075,13.4637,15.48526654695
10_5_10_79_78_28_6,z,2,7391052,4.2865,10.7888,11.422801859500003
10_5_10_79_78_28_6,z,3,2648317,4.241,13.2137,18.026306639875
10_5_10_79_78_28_6,z,4,9184735,3.63228,12.2887,14.387507254137502
10_5_11_75_88_20_7,x,1,4928459,4.15831,15.7387,26.75107626515
10_5_11_75_88_20_7,x,2,7391052,4.43474,15.6638,26.76517274025
10_5_11_75_88_20_7,x,3,2648317,5.12005,18.6137,35.796994791275004
10_5_11_75_88_20_7,x,4,9184735,4.89556,15.9388,30.2661819235
10_5_11_75_88_20_7,y,1,4928459,2.60631,11.6137,9.811388490875
10_5_11_75_88_20_7,y,2,7391052,3.00192,10.2888,8.296282351675
10_5_11_75_88_20_7,y,3,2648317,2.83263,11.3387,9.17764093475
10_5_11_75_88_20_7,y,4,9184735,2.84667,13.1888,10.97652039525
10_5_11_75_88_20_7,z,1,4928459,4.36135,13.3137,19.1299732889
10_5_11_75_88_20_7,z,2,7391052,3.89584,16.6887,23.426029785625
10_5_11_75_88_20_7,z,3,2648317,2.8442,10.9387,10.8704595325
10_5_11_75_88_20_7,z,4,9184735,3.53312,14.5138,18.131638641924997
10_5_17_69_84_24_7,x,1,4928459,4.88088,15.9387,30.662870090175
10_5_17_69_84_24_7,x,2,7391052,4.97807,19.9887,42.11214019072501
10_5_17_69_84_24_7,x,3,2648317,5.35107,15.6887,32.7291337815
10_5_17_69_84_24_7,x,4,9184735,5.09975,16.1137,31.750688408125
10_5_17_69_84_24_7,y,1,4928459,3.94999,13.5887,15.69621803235
10_5_17_69_84_24_7,y,2,7391052,4.66621,16.3887,26.2433103335
10_5_17_69_84_24_7,y,3,2648317,4.03639,18.9637,33.30875614375
10_5_17_69_84_24_7,y,4,9184735,3.81825,15.2138,21.140674034250004
10_5_17_69_84_24_7,z,1,4928459,4.47027,13.2638,22.090073655675003
10_5_17_69_84_24_7,z,2,7391052,4.18378,19.4387,36.39679910997501
10_5_17_69_84_24_7,z,3,2648317,4.20994,14.1137,23.540679568
10_5_17_69_84_24_7,z,4,9184735,4.74288,14.7388,27.02275569025
10_5_27_58_46_63_7,x,1,4928459,3.26856,11.9388,16.250910906500003
10_5_27_58_46_63_7,x,2,7391052,4.28235,11.4638,15.66221280895
10_5_27_58_46_63_7,x,3,2648317,3.21666,9.21375,8.029106754250002
10_5_27_58_46_63_7,x,4,9184735,4.68821,16.0887,29.89362429485
10_5_27_58_46_63_7,y,1,4928459,3.96075,13.7138,19.31847319175
10_5_27_58_46_63_7,y,2,7391052,4.64986,13.3388,19.95692288975
10_5_27_58_46_63_7,y,3,2648317,4.5034,12.6387,18.9959983725
10_5_27_58_46_63_7,y,4,9184735,3.79721,12.4638,13.91505963625
10_5_27_58_46_63_7,z,1,4928459,4.29113,19.9888,42.45692412625
10_5_27_58_46_63_7,z,2,7391052,4.67812,18.0638,37.787749812
10_5_27_58_46_63_7,z,3,2648317,4.1346,13.5637,18.11471666086
10_5_27_58_46_63_7,z,4,9184735,4.06229,14.0387,22.85860347455
10_6_17_76_75_24_8,x,1,4928459,4.12407,14.6137,22.132279574
10_6_17_76_75_24_8,x,2,7391052,3.83387,14.7388,20.83379399725
10_6_17_76_75_24_8,x,3,2648317,4.71973,17.0387,34.82861726925
10_6_17_76_75_24_8,x,4,9184735,3.79471,17.0137,27.4989134065
10_6_17_76_75_24_8,y,1,4928459,3.91682,10.8638,14.123187467
10_6_17_76_75_24_8,y,2,7391052,4.53481,15.3388,28.678028152000003
10_6_17_76_75_24_8,y,3,2648317,4.6438,14.9888,25.65470837665
10_6_17_76_75_24_8,y,4,9184735,4.81749,13.3138,23.977310374750004
10_6_17_76_75_24_8,z,1,4928459,2.62149,10.4887,9.3582615478375
10_6_17_76_75_24_8,z,2,7391052,3.41906,10.9138,10.461403534249998
10_6_17_76_75_24_8,z,3,2648317,3.11023,11.9137,12.173915563575
10_6_17_76_75_24_8,z,4,9184735,3.347,11.3888,12.737536775250001
10_6_22_64_54_46_14,x,1,4928459,4.23341,16.0888,29.477186146375
10_6_22_64_54_46_14,x,2,7391052,3.64686,11.1638,12.4188561799
10_6_22_64_54_46_14,x,3,2648317,4.89981,12.3637,17.53494934425
10_6_22_64_54_46_14,x,4,9184735,4.28279,15.1638,22.71111024855
10_6_22_64_54_46_14,y,1,4928459,5.08102,13.7137,27.3374356515
10_6_22_64_54_46_14,y,2,7391052,3.96386,11.7887,16.20647628025
10_6_22_64_54_46_14,y,3,2648317,4.93727,10.0887,13.461771319250005
10_6_22_64_54_46_14,y,4,9184735,4.65491,12.0138,19.83886617375
10_6_22_64_54_46_14,z,1,4928459,4.04964,12.9387,15.120929408990005
10_6_22_64_54_46_14,z,2,7391052,4.6571,12.6888,20.94036646725
10_6_22_64_54_46_14,z,3,2648317,4.77704,19.9887,37.558987420250006
10_6_22_64_54_46_14,z,4,9184735,4.57188,15.2388,28.86689005075
11_0_10_80_89_22_4,x,1,4928459,5.3267,15.3137,24.732001768000003
11_0_10_80_89_22_4,x,2,7391052,5.7206,14.7138,25.445926007
11_0_10_80_89_22_4,x,3,2648317,4.29033,12.2637,18.256597436825
11_0_10_80_89_22_4,x,4,9184735,5.15359,13.0138,18.7645751335
11_0_10_80_89_22_4,y,1,4928459,4.28909,11.0137,15.457811416000002
11_0_10_80_89_22_4,y,2,7391052,4.27724,12.2138,18.999958570000004
11_0_10_80_89_22_4,y,3,2648317,4.24969,12.2388,18.01334261075
11_0_10_80_89_22_4,y,4,9184735,3.98528,10.7887,13.085426060249997
11_0_10_80_89_22_4,z,1,4928459,3.58895,14.6137,19.5542713055
11_0_10_80_89_22_4,z,2,7391052,4.96467,18.1388,31.50496955275
11_0_10_80_89_22_4,z,3,2648317,4.97819,14.7888,21.66948513275
11_0_10_80_89_22_4,z,4,9184735,5.09545,15.5887,23.063807549074998
11_0_13_82_80_24_6,x,1,4928459,4.55226,14.7637,25.4896793835
11_0_13_82_80_24_6,x,2,7391052,4.51293,15.4137,23.9018108795
11_0_13_82_80_24_6,x,3,2648317,4.07759,17.8387,33.6442525591
11_0_13_82_80_24_6,x,4,9184735,4.94752,11.9387,19.201668902
11_0_13_82_80_24_6,y,1,4928459,4.95593,12.5138,18.313818629725
11_0_13_82_80_24_6,y,2,7391052,4.74473,12.2637,18.07161686225
11_0_13_82_80_24_6,y,3,2648317,4.34241,12.3637,18.77726057105
11_0_13_82_80_24_6,y,4,9184735,4.46351,13.7637,19.2774681575
11_0_13_82_80_24_6,z,1,4928459,3.91535,16.6638,23.109949416
11_0_13_82_80_24_6,z,2,7391052,4.48783,12.4637,16.27296078925
11_0_13_82_80_24_6,z,3,2648317,4.6061,12.2638,17.13416044075
11_0_13_82_80_24_6,z,4,9184735,4.83107,17.1388,30.046613586675
11_0_49_25_87_41_3,x,1,4928459,3.58693,13.6637,16.265435445825002
11_0_49_25_87_41_3,x,2,7391052,3.7717,13.6388,17.209914854
11_0_49_25_87_41_3,x,3,2648317,3.47273,11.4388,13.24362171225
11_0_49_25_87_41_3,x,4,9184735,3.75296,17.0888,29.722530295685
11_0_49_25_87_41_3,y,1,4928459,4.61687,15.1138,24.133198519125
11_0_49_25_87_41_3,y,2,7391052,3.46099,13.1888,16.34386222025
11_0_49_25_87_41_3,y,3,2648317,3.71347,12.5388,15.74660098
11_0_49_25_87_41_3,y,4,9184735,4.59556,15.0637,25.68509809415
11_0_49_25_87_41_3,z,1,4928459,3.3735,11.1888,14.24488548275
11_0_49_25_87_41_3,z,2,7391052,4.38746,13.0637,20.524641125850003
11_0_49_25_87_41_3,z,3,2648317,4.61909,19.9887,38.13033360675
11_0_49_25_87_41_3,z,4,9184735,4.39177,15.2887,25.988592913625002
11_0_62_36_28_74_5,x,1,4928459,5.71735,15.5137,28.160467278875
11_0_62_36_28_74_5,x,2,7391052,4.36154,14.7637,24.71336657845
11_0_62_36_28_74_5,x,3,2648317,4.35349,16.2637,28.2877949155
11_0_62_36_28_74_5,x,4,9184735,4.10091,14.6137,24.7968318805
11_0_62_36_28_74_5,y,1,4928459,3.80727,12.1138,13.6969908665
11_0_62_36_28_74_5,y,2,7391052,3.65469,11.7888,15.748305352
11_0_62_36_28_74_5,y,3,2648317,3.7801,11.0637,13.116888716900002
11_0_62_36_28_74_5,y,4,9184735,3.62503,12.8388,16.53656658985
11_0_62_36_28_74_5,z,1,4928459,2.41033,13.5387,11.448009292099998
11_0_62_36_28_74_5,z,2,7391052,2.48369,11.8638,10.10072851175
11_0_62_36_28_74_5,z,3,2648317,2.73613,12.7638,10.852214571
11_0_62_36_28_74_5,z,4,9184735,2.25017,13.8888,10.950338416175
11_10_55_31_45_31_33,x,1,4928459,2.69241,13.6388,14.33531416485
11_10_55_31_45_31_33,x,2,7391052,3.33342,14.6387,18.355935761075
11_10_55_31_45_31_33,x,3,2648317,2.6178,11.3887,11.03861302775
11_10_55_31_45_31_33,x,4,9184735,3.98064,17.7888,32.165631000750004
11_10_55_31_45_31_33,y,1,4928459,3.9291,12.3138,16.87947505975
11_10_55_31_45_31_33,y,2,7391052,3.66416,15.7887,25.832688012925
11_10_55_31_45_31_33,y,3,2648317,3.70941,13.5388,19.07663024325
11_10_55_31_45_31_33,y,4,9184735,2.9542,14.0387,15.718493308000001
11_10_55_31_45_31_33,z,1,4928459,4.07413,11.6887,16.24011663
11_10_55_31_45_31_33,z,2,7391052,4.00854,11.0637,13.862540758625
11_10_55_31_45_31_33,z,3,2648317,3.28926,12.0387,14.62476756465
11_10_55_31_45_31_33,z,4,9184735,3.8433,14.0888,20.01424676775
11_11_43_46_20_51_34,x,1,4928459,4.00224,13.0637,17.6780095815
11_11_43_46_20_51_34,x,2,7391052,4.17467,15.3638,25.56687595995
11_11_43_46_20_51_34,x,3,2648317,3.46394,18.9638,25.718523732475
11_11_43_46_20_51_34,x,4,9184735,3.33119,15.6638,20.135574615575003
11_11_43_46_20_51_34,y,1,4928459,2.91497,12.5637,15.1290345655
11_11_43_46_20_51_34,y,2,7391052,2.90869,12.6887,15.921367377150002
11_11_43_46_20_51_34,y,3,2648317,3.25024,12.4137,15.754767879000005
11_11_43_46_20_51_34,y,4,9184735,2.67609,14.9138,18.163988219
11_11_43_46_20_51_34,z,1,4928459,3.3114,13.1638,17.739817876375
11_11_43_46_20_51_34,z,2,7391052,3.96253,13.4388,21.9423193895
11_11_43_46_20_51_34,z,3,2648317,4.32245,16.3888,31.7694103845
11_11_43_46_20_51_34,z,4,9184735,3.6067,19.7887,37.483183805375
11_12_20_69_45_25_34,x,1,4928459,3.40818,14.5388,21.42067034105
11_12_20_69_45_25_34,x,2,7391052,4.01065,12.7387,20.41912587025
11_12_20_69_45_25_34,x,3,2648317,3.92417,13.3138,21.57438578025
11_12_20_69_45_25_34,x,4,9184735,3.64432,15.6137,25.980399793249994
11_12_20_69_45_25_34,y,1,4928459,2.87096,10.5138,9.509940897750004
11_12_20_69_45_25_34,y,2,7391052,2.93471,11.4887,11.688742802175
11_12_20_69_45_25_34,y,3,2648317,2.79144,12.9638,13.60112631725
11_12_20_69_45_25_34,y,4,9184735,2.6768,11.8888,10.763438541250002
11_12_20_69_45_25_34,z,1,4928459,3.49702,12.3138,17.112018866875
11_12_20_69_45_25_34,z,2,7391052,3.90636,12.9137,18.857219822
11_12_20_69_45_25_34,z,3,2648317,3.01839,12.9137,14.7734708016
11_12_20_69_45_25_34,z,4,9184735,4.00201,14.3387,21.174516871610003
11_13_14_69_60_28_21,x,1,4928459,3.43779,10.6888,12.328686554
11_13_14_69_60_28_21,x,2,7391052,4.14972,12.5887,19.878597611925
11_13_14_69_60_28_21,x,3,2648317,4.28377,13.3887,22.7969815305
11_13_14_69_60_28_21,x,4,9184735,2.9358,11.5638,14.395193477000003
11_13_14_69_60_28_21,y,1,4928459,4.64256,11.8888,16.608084128999998
11_13_14_69_60_28_21,y,2,7391052,4.61167,16.7138,31.247579906749998
11_13_14_69_60_28_21,y,3,2648317,4.80772,18.1887,32.453069608
11_13_14_69_60_28_21,y,4,9184735,4.97223,12.1888,18.458695892025002
11_13_14_69_60_28_21,z,1,4928459,4.18572,12.7637,15.41860921975
11_13_14_69_60_28_21,z,2,7391052,4.03785,15.9137,27.279875425
11_13_14_69_60_28_21,z,3,2648317,3.67731,17.5137,26.8051297588
11_13_14_69_60_28_21,z,4,9184735,4.46668,13.4887,16.041657572
11_14_28_62_22_42_37,x,1,4928459,4.05657,13.9887,20.131926393
11_14_28_62_22_42_37,x,2,7391052,4.54533,13.4637,22.209762606500004
11_14_28_62_22_42_37,x,3,2648317,3.12421,15.1637,19.397234195
11_14_28_62_22_42_37,x,4,9184735,4.01574,13.0887,20.238765178175
11_14_28_62_22_42_37,y,1,4928459,3.92155,10.6387,12.979224762450002
11_14_28_62_22_42_37,y,2,7391052,3.5806,12.1137,18.0147299025
11_14_28_62_22_42_37,y,3,2648317,4.0784,10.5387,14.35245268725
11_14_28_62_22_42_37,y,4,9184735,3.80818,10.2138,14.4322628925
11_14_28_62_22_42_37,z,1,4928459,2.74785,11.2388,12.235742107000002
11_14_28_62_22_42_37,z,2,7391052,3.27999,11.6637,13.653715716
11_14_28_62_22_42_37,z,3,2648317,3.24383,13.3137,17.264822607250004
11_14_28_62_22_42_37,z,4,9184735,3.58699,13.3137,16.26054454325
11_15_28_64_27_39_32,x,1,4928459,3.20683,11.7388,14.934484370700002
11_15_28_64_27_39_32,x,2,7391052,4.42231,11.4638,14.26736643875
11_15_28_64_27_39_32,x,3,2648317,4.2416,11.7387,17.56367718825
11_15_28_64_27_39_32,x,4,9184735,4.01786,15.0888,24.418090827250005
11_15_28_64_27_39_32,y,1,4928459,3.87534,19.9888,34.423881906750005
11_15_28_64_27_39_32,y,2,7391052,3.72955,14.6137,17.120282992
11_15_28_64_27_39_32,y,3,2648317,3.71429,19.9887,32.660490816695
11_15_28_64_27_39_32,y,4,9184735,4.07949,15.6638,21.051807180249998
11_15_28_64_27_39_32,z,1,4928459,2.85138,10.0637,9.688307144275
11_15_28_64_27_39_32,z,2,7391052,3.06947,9.98875,10.82158440125
11_15_28_64_27_39_32,z,3,2648317,5.0708,14.0388,25.674640703425
11_15_28_64_27_39_32,z,4,9184735,4.24091,12.1138,19.4667965649
11_15_43_40_46_25_36,x,1,4928459,3.86511,13.3638,18.71617963175
11_15_43_40_46_25_36,x,2,7391052,4.36234,14.9138,25.656385599750003
11_15_43_40_46_25_36,x,3,2648317,3.41572,9.81375,10.806759130600003
11_15_43_40_46_25_36,x,4,9184735,3.16845,11.7888,15.3796210667
11_15_43_40_46_25_36,y,1,4928459,3.30474,16.3637,22.9284238255
11_15_43_40_46_25_36,y,2,7391052,2.59836,13.0388,13.8214544653
11_15_43_40_46_25_36,y,3,2648317,2.88201,16.3137,22.701611143224994
11_15_43_40_46_25_36,y,4,9184735,3.27403,18.7887,30.84400316725
11_15_43_40_46_25_36,z,1,4928459,4.47061,13.8387,22.359455852250004
11_15_43_40_46_25_36,z,2,7391052,4.53845,14.8887,27.683335559625
11_15_43_40_46_25_36,z,3,2648317,4.24335,16.5387,25.17188151185
11_15_43_40_46_25_36,z,4,9184735,3.82928,16.3638,23.4171618935
11_15_48_35_26_48_33,x,1,4928459,4.19048,14.3137,23.44992026875
11_15_48_35_26_48_33,x,2,7391052,3.33322,13.1138,15.66378634
11_15_48_35_26_48_33,x,3,2648317,3.38854,13.7638,15.684901856500002
11_15_48_35_26_48_33,x,4,9184735,3.86412,15.0137,23.0531948775
11_15_48_35_26_48_33,y,1,4928459,3.70083,13.4888,17.724797246999998
11_15_48_35_26_48_33,y,2,7391052,3.892,14.7137,22.694941804900004
11_15_48_35_26_48_33,y,3,2648317,4.26018,17.9637,34.85692010299999
11_15_48_35_26_48_33,y,4,9184735,3.8318,17.8637,31.348681263
11_15_48_35_26_48_33,z,1,4928459,3.41227,10.8888,15.180382415
11_15_48_35_26_48_33,z,2,7391052,3.52912,13.3888,22.0861081697
11_15_48_35_26_48_33,z,3,2648317,3.36529,9.66375,11.79978815975
11_15_48_35_26_48_33,z,4,9184735,3.10862,10.3887,11.034162944650001
11_15_50_30_35_43_32,x,1,4928459,3.50108,14.5637,17.538996224250003
11_15_50_30_35_43_32,x,2,7391052,3.81054,15.2887,26.138263723
11_15_50_30_35_43_32,x,3,2648317,4.23145,13.6888,21.56240320175
11_15_50_30_35_43_32,x,4,9184735,4.47148,10.9388,15.9613659243
11_15_50_30_35_43_32,y,1,4928459,3.98675,11.9887,13.79308247795
11_15_50_30_35_43_32,y,2,7391052,4.248,14.8387,22.9717815195
11_15_50_30_35_43_32,y,3,2648317,4.84664,14.2888,24.647209555000003
11_15_50_30_35_43_32,y,4,9184735,4.82773,15.3137,27.567000261500002
11_15_50_30_35_43_32,z,1,4928459,4.23299,12.8638,18.938667181125
11_15_50_30_35_43_32,z,2,7391052,4.12261,13.2388,19.7704322545
11_15_50_30_35_43_32,z,3,2648317,4.14387,15.0637,20.3082606405
11_15_50_30_35_43_32,z,4,9184735,4.25781,19.2637,33.929406620500004
11_16_42_27_49_49_22,x,1,4928459,3.93308,13.0387,19.0525639465
11_16_42_27_49_49_22,x,2,7391052,3.45685,13.5137,16.73265552625
11_16_42_27_49_49_22,x,3,2648317,3.53715,14.0887,17.401437318000003
11_16_42_27_49_49_22,x,4,9184735,2.96233,14.2388,15.86628080425
11_16_42_27_49_49_22,y,1,4928459,3.92137,15.4888,25.602197520175
11_16_42_27_49_49_22,y,2,7391052,3.21798,11.5137,11.89401889175
11_16_42_27_49_49_22,y,3,2648317,3.42257,13.1388,16.24866525675
11_16_42_27_49_49_22,y,4,9184735,3.66363,12.6638,17.17842849825
11_16_42_27_49_49_22,z,1,4928459,4.85808,13.7388,24.252328804125
11_16_42_27_49_49_22,z,2,7391052,4.14107,15.2138,27.908853829
11_16_42_27_49_49_22,z,3,2648317,3.65123,12.2638,16.581359564075
11_16_42_27_49_49_22,z,4,9184735,4.46479,12.8137,18.854785371075
11_16_52_21_41_47_28,x,1,4928459,1.88437,13.6387,9.6779433147
11_16_52_21_41_47_28,x,2,7391052,2.07571,11.5137,8.529402524875
11_16_52_21_41_47_28,x,3,2648317,1.87008,14.2637,10.50006958
11_16_52_21_41_47_28,x,4,9184735,1.95144,11.9137,8.770717981125
11_16_52_21_41_47_28,y,1,4928459,2.97067,10.6638,11.340740980675
11_16_52_21_41_47_28,y,2,7391052,2.53319,10.8138,11.87201784725
11_16_52_21_41_47_28,y,3,2648317,3.12219,10.8387,14.04384363025
11_16_52_21_41_47_28,y,4,9184735,3.5525,11.6887,15.661758652750002
11_16_52_21_41_47_28,z,1,4928459,3.90505,17.2387,34.9796300757825
11_16_52_21_41_47_28,z,2,7391052,3.05666,11.7887,12.6128241873
11_16_52_21_41_47_28,z,3,2648317,3.85999,14.4637,24.372559808
11_16_52_21_41_47_28,z,4,9184735,4.27762,13.5887,21.65215584091
11_17_45_35_36_34_38,x,1,4928459,3.01806,12.2388,16.28761247325
11_17_45_35_36_34_38,x,2,7391052,3.7066,12.3387,18.373867917112506
11_17_45_35_36_34_38,x,3,2648317,3.81778,13.3638,18.2482877241
11_17_45_35_36_34_38,x,4,9184735,3.3697,14.2388,19.153886595000003
11_17_45_35_36_34_38,y,1,4928459,3.18164,17.7638,28.4825818075
11_17_45_35_36_34_38,y,2,7391052,4.20309,13.5138,18.6516616915
11_17_45_35_36_34_38,y,3,2648317,3.74963,18.4138,26.7219387575
11_17_45_35_36_34_38,y,4,9184735,3.69415,11.4388,13.723905676700001
11_17_45_35_36_34_38,z,1,4928459,4.16028,19.5637,38.519031989503
11_17_45_35_36_34_38,z,2,7391052,3.80797,17.5387,29.876774249
11_17_45_35_36_34_38,z,3,2648317,4.59781,12.4388,18.442466515275
11_17_45_35_36_34_38,z,4,9184735,4.01997,17.0887,30.22681172005
11_18_36_28_36_64_23,x,1,4928459,2.55367,9.16375,8.425432892999998
11_18_36_28_36_64_23,x,2,7391052,3.23216,9.51375,8.573073789
11_18_36_28_36_64_23,x,3,2648317,2.81938,8.76375,8.100951121249999
11_18_36_28_36_64_23,x,4,9184735,2.89698,9.18875,8.79092256425
11_18_36_28_36_64_23,y,1,4928459,4.0856,12.0138,17.544756331
11_18_36_28_36_64_23,y,2,7391052,4.12602,13.8388,22.088018780125
11_18_36_28_36_64_23,y,3,2648317,4.05663,11.5387,16.22174460375
11_18_36_28_36_64_23,y,4,9184735,2.91677,10.7637,11.74373570725
11_18_36_28_36_64_23,z,1,4928459,3.13329,11.6388,12.7887320315
11_18_36_28_36_64_23,z,2,7391052,2.82874,10.8388,11.497748115500002
11_18_36_28_36_64_23,z,3,2648317,2.9071,12.7387,13.137774401
11_18_36_28_36_64_23,z,4,9184735,3.64118,12.0637,11.250792225
11_19_44_24_41_29_48,x,1,4928459,3.81539,15.5887,22.94333271575
11_19_44_24_41_29_48,x,2,7391052,2.98524,11.4638,12.862244493975002
11_19_44_24_41_29_48,x,3,2648317,3.45572,14.7388,23.444713476
11_19_44_24_41_29_48,x,4,9184735,3.40213,15.3137,21.95702694725
11_19_44_24_41_29_48,y,1,4928459,3.13077,13.1388,14.457941850935
11_19_44_24_41_29_48,y,2,7391052,3.45753,11.5888,13.6179027797
11_19_44_24_41_29_48,y,3,2648317,3.58365,14.8388,18.930663095
11_19_44_24_41_29_48,y,4,9184735,4.18237,15.7388,26.326673339249997
11_19_44_24_41_29_48,z,1,4928459,4.79445,12.4138,20.26502594475
11_19_44_24_41_29_48,z,2,7391052,3.10786,11.7138,15.150107267125
11_19_44_24_41_29_48,z,3,2648317,3.55859,14.3887,20.818473993675003
11_19_44_24_41_29_48,z,4,9184735,3.91195,11.9888,17.211131136225006
11_19_52_33_30_28_43,x,1,4928459,3.63571,15.5388,17.481952232250002
11_19_52_33_30_28_43,x,2,7391052,3.81118,14.6888,23.09396836225
11_19_52_33_30_28_43,x,3,2648317,3.52752,17.6388,24.978194585550003
11_19_52_33_30_28_43,x,4,9184735,3.77301,17.5388,29.21626040555
11_19_52_33_30_28_43,y,1,4928459,2.63122,10.2887,9.4675745991
11_19_52_33_30_28_43,y,2,7391052,3.09696,13.6387,21.12471336025
11_19_52_33_30_28_43,y,3,2648317,2.93159,9.68875,10.233239373050004
11_19_52_33_30_28_43,y,4,9184735,2.51718,12.1637,9.096209506225001
11_19_52_33_30_28_43,z,1,4928459,3.88739,18.2388,29.6311897325
11_19_52_33_30_28_43,z,2,7391052,2.83662,13.9637,16.024089207750002
11_19_52_33_30_28_43,z,3,2648317,3.11483,13.5887,15.73788834875
11_19_52_33_30_28_43,z,4,9184735,2.99022,14.6137,19.970073920374997
11_1_14_80_83_21_6,x,1,4928459,4.72489,12.0637,18.599406334475
11_1_14_80_83_21_6,x,2,7391052,5.10516,12.4887,17.399545560249997
11_1_14_80_83_21_6,x,3,2648317,5.56318,14.3638,28.36720313175
11_1_14_80_83_21_6,x,4,9184735,4.32807,12.1137,18.11143360675
11_1_14_80_83_21_6,y,1,4928459,3.34257,14.0388,17.75550409025
11_1_14_80_83_21_6,y,2,7391052,3.29358,13.4888,15.250495850675
11_1_14_80_83_21_6,y,3,2648317,3.07899,12.7637,13.539365804750002
11_1_14_80_83_21_6,y,4,9184735,2.87597,12.6387,12.580479666025
11_1_14_80_83_21_6,z,1,4928459,3.95942,17.3388,27.069203295
11_1_14_80_83_21_6,z,2,7391052,3.9802,16.9637,26.70707244415
11_1_14_80_83_21_6,z,3,2648317,4.6382,11.3638,12.32510640825
11_1_14_80_83_21_6,z,4,9184735,3.83942,16.2388,26.121547240299996
11_1_16_67_92_22_7,x,1,4928459,4.45979,14.9637,28.28985970625
11_1_16_67_92_22_7,x,2,7391052,3.88582,11.5638,17.261576625000004
11_1_16_67_92_22_7,x,3,2648317,4.41274,11.5137,15.586714392249998
11_1_16_67_92_22_7,x,4,9184735,4.6445,11.8388,18.07863318
11_1_16_67_92_22_7,y,1,4928459,4.68516,16.2637,26.95423564375
11_1_16_67_92_22_7,y,2,7391052,4.05665,16.1137,24.239095629075
11_1_16_67_92_22_7,y,3,2648317,5.01628,13.7137,18.2060583023
11_1_16_67_92_22_7,y,4,9184735,4.51533,14.8888,21.02415490075
11_1_16_67_92_22_7,z,1,4928459,4.56829,13.7637,21.39579321675
11_1_16_67_92_22_7,z,2,7391052,4.01599,13.8137,19.22278915235
11_1_16_67_92_22_7,z,3,2648317,4.08559,12.6887,17.769136886
11_1_16_67_92_22_7,z,4,9184735,3.90196,15.1387,22.53801369325
11_20_28_65_21_25_46,x,1,4928459,3.05725,15.1637,19.762557201875005
11_20_28_65_21_25_46,x,2,7391052,3.74693,13.7388,18.10676762375
11_20_28_65_21_25_46,x,3,2648317,3.82412,14.3388,19.549224570250004
11_20_28_65_21_25_46,x,4,9184735,3.35659,13.1138,17.677803653
11_20_28_65_21_25_46,y,1,4928459,2.9546,12.7388,14.3372680155
11_20_28_65_21_25_46,y,2,7391052,3.28668,12.9138,18.913858378775
11_20_28_65_21_25_46,y,3,2648317,3.37012,12.4387,15.3143731201
11_20_28_65_21_25_46,y,4,9184735,4.17575,17.3387,31.95028687525
11_20_28_65_21_25_46,z,1,4928459,4.58164,12.5387,18.837765211725
11_20_28_65_21_25_46,z,2,7391052,3.98855,12.6387,18.0933586435
11_20_28_65_21_25_46,z,3,2648317,4.94219,15.8638,32.22260646
11_20_28_65_21_25_46,z,4,9184735,4.13508,16.4137,24.319186816725
11_20_33_40_47_34_31,x,1,4928459,4.51853,12.9888,21.13817150975
11_20_33_40_47_34_31,x,2,7391052,3.97004,16.0387,28.479497614512503
11_20_33_40_47_34_31,x,3,2648317,4.76607,12.8387,22.552842624750003
11_20_33_40_47_34_31,x,4,9184735,3.87959,13.8637,21.548034045
11_20_33_40_47_34_31,y,1,4928459,3.94359,14.4387,25.4112240116
11_20_33_40_47_34_31,y,2,7391052,4.25361,11.7137,16.60866847775
11_20_33_40_47_34_31,y,3,2648317,4.24331,13.4388,22.3360348005
11_20_33_40_47_34_31,y,4,9184735,3.93508,11.3387,14.368066357299998
11_20_33_40_47_34_31,z,1,4928459,4.12368,15.6638,25.59011867675
11_20_33_40_47_34_31,z,2,7391052,3.85294,12.9888,17.46786766625
11_20_33_40_47_34_31,z,3,2648317,3.78119,14.1137,16.3964892835
11_20_33_40_47_34_31,z,4,9184735,3.26759,14.7637,16.530185207
11_20_35_45_18_51_36,x,1,4928459,2.34828,13.8388,13.128735174575002
11_20_35_45_18_51_36,x,2,7391052,2.7544,13.7887,14.56264807225
11_20_35_45_18_51_36,x,3,2648317,2.44087,11.3638,11.033861818375
11_20_35_45_18_51_36,x,4,9184735,1.96028,10.8138,7.636582761900001
11_20_35_45_18_51_36,y,1,4928459,3.83863,13.6137,22.673821437375
11_20_35_45_18_51_36,y,2,7391052,3.90623,10.8137,14.5599973814
11_20_35_45_18_51_36,y,3,2648317,4.00429,13.8137,22.965309636
11_20_35_45_18_51_36,y,4,9184735,3.64357,12.2388,17.197277418750005
11_20_35_45_18_51_36,z,1,4928459,3.41118,8.18875,7.218471342500001
11_20_35_45_18_51_36,z,2,7391052,3.3477,11.1888,12.974356737
11_20_35_45_18_51_36,z,3,2648317,3.51228,10.0388,10.9927420012
11_20_35_45_18_51_36,z,4,9184735,3.55935,11.8137,14.8338428343
11_20_43_25_43_41_33,x,1,4928459,4.47294,15.2388,24.342769687750003
11_20_43_25_43_41_33,x,2,7391052,4.7173,15.2638,24.728889744750003
11_20_43_25_43_41_33,x,3,2648317,4.37742,11.3138,15.743661085250004
11_20_43_25_43_41_33,x,4,9184735,3.82024,11.1887,15.037921410075004
11_20_43_25_43_41_33,y,1,4928459,2.92874,12.2387,14.855759341500002
11_20_43_25_43_41_33,y,2,7391052,3.55759,10.1637,10.368696352000002
11_20_43_25_43_41_33,y,3,2648317,3.68821,13.0137,16.685148349125
11_20_43_25_43_41_33,y,4,9184735,3.57165,14.3887,19.722687383442498
11_20_43_25_43_41_33,z,1,4928459,2.46243,12.5638,11.545290826375002
11_20_43_25_43_41_33,z,2,7391052,2.76272,10.7137,9.038559677825
11_20_43_25_43_41_33,z,3,2648317,3.12115,14.0388,18.463659332
11_20_43_25_43_41_33,z,4,9184735,3.99431,12.9387,15.782117049175
11_21_32_21_78_30_23,x,1,4928459,2.74524,12.7637,11.232763729
11_21_32_21_78_30_23,x,2,7391052,2.61364,11.1637,11.546179487625
11_21_32_21_78_30_23,x,3,2648317,3.80979,14.6387,16.90002261095
11_21_32_21_78_30_23,x,4,9184735,2.8729,11.8137,10.96438665975
11_21_32_21_78_30_23,y,1,4928459,3.80444,14.5888,23.17919528225
11_21_32_21_78_30_23,y,2,7391052,3.42155,15.4137,22.47750153175
11_21_32_21_78_30_23,y,3,2648317,3.56497,13.2637,18.08650513025
11_21_32_21_78_30_23,y,4,9184735,3.24418,14.4637,19.90778013
11_21_32_21_78_30_23,z,1,4928459,3.78873,9.83875,10.65759925
11_21_32_21_78_30_23,z,2,7391052,3.42924,9.96375,9.932973080125002
11_21_32_21_78_30_23,z,3,2648317,4.56638,13.9888,26.726860261
11_21_32_21_78_30_23,z,4,9184735,4.23621,14.6137,27.242716133500004
11_21_34_21_78_30_21,x,1,4928459,3.48358,15.5637,23.56157285775
11_21_34_21_78_30_21,x,2,7391052,3.85559,12.0637,15.4648446366
11_21_34_21_78_30_21,x,3,2648317,3.67053,13.8138,21.427436814375
11_21_34_21_78_30_21,x,4,9184735,3.88529,12.6137,16.20838908825
11_21_34_21_78_30_21,y,1,4928459,5.33588,13.2638,18.14807921525
11_21_34_21_78_30_21,y,2,7391052,3.75456,13.2138,16.183461321750002
11_21_34_21_78_30_21,y,3,2648317,4.46093,13.6887,17.568474201
11_21_34_21_78_30_21,y,4,9184735,3.03187,13.2137,14.031784485950002
11_21_34_21_78_30_21,z,1,4928459,4.34392,16.9387,33.48713222775
11_21_34_21_78_30_21,z,2,7391052,4.24091,12.8638,20.738744681250004
11_21_34_21_78_30_21,z,3,2648317,4.6396,13.5137,23.489799953
11_21_34_21_78_30_21,z,4,9184735,4.3471,12.0387,18.689285207625
11_22_44_37_25_43_34,x,1,4928459,3.5707,11.4137,15.363162310500002
11_22_44_37_25_43_34,x,2,7391052,3.82864,12.6137,17.0542539756375
11_22_44_37_25_43_34,x,3,2648317,3.40175,11.7387,14.39221017525
11_22_44_37_25_43_34,x,4,9184735,3.92019,14.3638,24.28738860625
11_22_44_37_25_43_34,y,1,4928459,2.77658,15.2138,17.9041886005
11_22_44_37_25_43_34,y,2,7391052,3.60552,17.9388,27.2511147525
11_22_44_37_25_43_34,y,3,2648317,2.7358,12.5638,13.345462714750004
11_22_44_37_25_43_34,y,4,9184735,2.63937,14.2887,12.96827891575
11_22_44_37_25_43_34,z,1,4928459,3.8478,13.3637,19.121554567
11_22_44_37_25_43_34,z,2,7391052,3.90429,10.1137,12.85321833875
11_22_44_37_25_43_34,z,3,2648317,4.10272,13.2637,19.5021723285
11_22_44_37_25_43_34,z,4,9184735,3.90273,12.6638,20.206796408
11_24_46_22_39_30_44,x,1,4928459,3.51027,12.8637,17.330138108249997
11_24_46_22_39_30_44,x,2,7391052,3.92156,14.7387,23.946475925
11_24_46_22_39_30_44,x,3,2648317,4.26433,15.7888,30.553317682
11_24_46_22_39_30_44,x,4,9184735,3.91749,15.4138,29.14696901875
11_24_46_22_39_30_44,y,1,4928459,3.74022,11.9138,18.08056126725
11_24_46_22_39_30_44,y,2,7391052,3.22557,12.3137,13.40892019175
11_24_46_22_39_30_44,y,3,2648317,3.83576,10.1138,12.437478150575004
11_24_46_22_39_30_44,y,4,9184735,3.35062,12.1887,18.8893877515
11_24_46_22_39_30_44,z,1,4928459,2.78243,9.53875,8.391983742
11_24_46_22_39_30_44,z,2,7391052,3.11689,11.5888,12.932907189950004
11_24_46_22_39_30_44,z,3,2648317,2.80963,14.9387,17.05593006605
11_24_46_22_39_30_44,z,4,9184735,3.15995,18.1138,21.79348235725
11_24_7_61_51_25_37,x,1,4928459,2.74891,13.7637,12.72221812
11_24_7_61_51_25_37,x,2,7391052,3.45316,12.3888,12.7610142363
11_24_7_61_51_25_37,x,3,2648317,3.3595,11.2137,11.777616866664998
11_24_7_61_51_25_37,x,4,9184735,2.46604,9.83875,7.955672573250002
11_24_7_61_51_25_37,y,1,4928459,4.55717,12.2638,19.295780679
11_24_7_61_51_25_37,y,2,7391052,4.55966,12.7137,22.596759309875
11_24_7_61_51_25_37,y,3,2648317,5.09928,15.9888,32.72137522725001
11_24_7_61_51_25_37,y,4,9184735,4.79917,13.5137,28.22131856725
11_24_7_61_51_25_37,z,1,4928459,3.86726,14.3887,24.314979525642496
11_24_7_61_51_25_37,z,2,7391052,4.4799,13.3387,18.58501374925
11_24_7_61_51_25_37,z,3,2648317,3.54637,13.2388,18.982804995
11_24_7_61_51_25_37,z,4,9184735,3.95922,14.5887,17.685164394475
11_25_24_36_57_25_38,x,1,4928459,4.38226,14.4888,24.636413090652503
11_25_24_36_57_25_38,x,2,7391052,4.40243,16.0138,27.344221965000003
11_25_24_36_57_25_38,x,3,2648317,3.34788,13.7888,17.679449051
11_25_24_36_57_25_38,x,4,9184735,3.49349,11.9137,14.719083383850002
11_25_24_36_57_25_38,y,1,4928459,4.26355,11.2387,16.8690526735
11_25_24_36_57_25_38,y,2,7391052,4.19536,13.0138,20.730044676250003
11_25_24_36_57_25_38,y,3,2648317,3.90958,10.9387,17.007994213899998
11_25_24_36_57_25_38,y,4,9184735,3.79914,11.2388,14.368214304750001
11_25_24_36_57_25_38,z,1,4928459,3.76907,11.6637,15.3506214605
11_25_24_36_57_25_38,z,2,7391052,3.69357,19.9887,37.06223943725
11_25_24_36_57_25_38,z,3,2648317,3.31585,11.2387,13.741543269049998
11_25_24_36_57_25_38,z,4,9184735,3.69486,10.4387,12.528440625750001
11_25_34_42_25_57_22,x,1,4928459,3.14672,11.4387,13.062713717625
11_25_34_42_25_57_22,x,2,7391052,2.77387,13.2888,13.80684670075
11_25_34_42_25_57_22,x,3,2648317,3.11095,11.6887,14.1351651475
11_25_34_42_25_57_22,x,4,9184735,4.33329,14.7137,24.86207842625
11_25_34_42_25_57_22,y,1,4928459,3.12721,13.8887,16.46280002975
11_25_34_42_25_57_22,y,2,7391052,3.39004,11.2638,12.12726722025
11_25_34_42_25_57_22,y,3,2648317,2.87489,12.0137,12.7158099515
11_25_34_42_25_57_22,y,4,9184735,3.21736,14.5887,14.656579408350002
11_25_34_42_25_57_22,z,1,4928459,3.69608,12.8137,16.356651554800003
11_25_34_42_25_57_22,z,2,7391052,4.76974,14.5138,22.856582915000004
11_25_34_42_25_57_22,z,3,2648317,4.00842,14.6388,22.86659826975
11_25_34_42_25_57_22,z,4,9184735,4.07468,15.2888,23.978694061749998
11_26_22_41_31_63_22,x,1,4928459,4.15329,14.1388,20.982493497750003
11_26_22_41_31_63_22,x,2,7391052,3.59003,12.1137,16.712226925750002
11_26_22_41_31_63_22,x,3,2648317,3.72249,12.7637,12.404804724499998
11_26_22_41_31_63_22,x,4,9184735,3.29909,12.5387,15.307831138125
11_26_22_41_31_63_22,y,1,4928459,3.30975,8.18875,6.310445293875
11_26_22_41_31_63_22,y,2,7391052,4.43704,11.6388,11.65389627158825
11_26_22_41_31_63_22,y,3,2648317,3.9845,9.83875,9.7983956315
11_26_22_41_31_63_22,y,4,9184735,3.74107,10.5637,10.345938408250003
11_26_22_41_31_63_22,z,1,4928459,3.93515,14.7387,25.938741147
11_26_22_41_31_63_22,z,2,7391052,4.24725,12.9887,19.851068943425
11_26_22_41_31_63_22,z,3,2648317,4.04022,12.1887,19.329974232
11_26_22_41_31_63_22,z,4,9184735,3.92183,10.9138,14.8340140421125
11_26_30_33_32_57_27,x,1,4928459,3.92953,11.7888,17.41057851505
11_26_30_33_32_57_27,x,2,7391052,3.96016,13.2638,18.10369743375
11_26_30_33_32_57_27,x,3,2648317,3.60442,12.1388,17.103640328250002
11_26_30_33_32_57_27,x,4,9184735,3.3353,14.3888,23.057947675499996
11_26_30_33_32_57_27,y,1,4928459,3.96773,10.5888,13.275290557000002
11_26_30_33_32_57_27,y,2,7391052,3.3909,9.78875,9.60128581575
11_26_30_33_32_57_27,y,3,2648317,4.29313,13.0388,19.5083774535
11_26_30_33_32_57_27,y,4,9184735,3.59277,12.0387,14.73496986875
11_26_30_33_32_57_27,z,1,4928459,4.51355,14.9388,25.87512625105
11_26_30_33_32_57_27,z,2,7391052,4.3349,11.2387,15.674375035925
11_26_30_33_32_57_27,z,3,2648317,3.80757,13.0637,19.950557664
11_26_30_33_32_57_27,z,4,9184735,3.6887,10.0888,9.9652792080575
11_26_31_23_58_21_46,x,1,4928459,4.07143,11.0638,14.42615772665
11_26_31_23_58_21_46,x,2,7391052,4.08895,11.8137,17.711545149025
11_26_31_23_58_21_46,x,3,2648317,4.03255,12.5138,20.940877799675
11_26_31_23_58_21_46,x,4,9184735,4.49728,14.5888,27.267421341250003
11_26_31_23_58_21_46,y,1,4928459,3.16303,10.8138,11.31508838337
11_26_31_23_58_21_46,y,2,7391052,3.0424,11.6888,14.796855554675
11_26_31_23_58_21_46,y,3,2648317,4.09595,13.3637,21.40558384525
11_26_31_23_58_21_46,y,4,9184735,3.39957,13.2387,19.422675699875
11_26_31_23_58_21_46,z,1,4928459,2.92098,10.4637,10.519060142
11_26_31_23_58_21_46,z,2,7391052,3.8462,17.2637,30.608418648
11_26_31_23_58_21_46,z,3,2648317,2.25559,10.1387,7.754592623775
11_26_31_23_58_21_46,z,4,9184735,3.61489,13.6638,19.565895570375
11_26_35_15_56_61_12,x,1,4928459,4.45673,15.3887,28.86806428525
11_26_35_15_56_61_12,x,2,7391052,3.53273,14.3638,23.218083366352
11_26_35_15_56_61_12,x,3,2648317,3.89903,15.9388,26.42179198475
11_26_35_15_56_61_12,x,4,9184735,3.64787,13.2637,18.05966747675
11_26_35_15_56_61_12,y,1,4928459,2.94961,9.31375,9.493000154999995
11_26_35_15_56_61_12,y,2,7391052,2.91706,9.18875,9.2836529435
11_26_35_15_56_61_12,y,3,2648317,3.22064,9.98875,11.331242643724998
11_26_35_15_56_61_12,y,4,9184735,3.09238,8.23875,7.349228970499999
11_26_35_15_56_61_12,z,1,4928459,3.52801,11.4138,10.259932482
11_26_35_15_56_61_12,z,2,7391052,2.90108,9.63875,7.474637182499999
11_26_35_15_56_61_12,z,3,2648317,2.56191,10.6137,8.346332111891499
11_26_35_15_56_61_12,z,4,9184735,3.31591,12.1387,11.348191193
11_26_35_22_21_78_23,x,1,4928459,3.74637,13.1637,20.313906624125
11_26_35_22_21_78_23,x,2,7391052,3.35843,15.6887,24.47275011465
11_26_35_22_21_78_23,x,3,2648317,3.92035,13.0387,21.53730633025
11_26_35_22_21_78_23,x,4,9184735,3.55783,13.0387,17.712916265625
11_26_35_22_21_78_23,y,1,4928459,2.36603,10.5638,8.608704013499999
11_26_35_22_21_78_23,y,2,7391052,2.52605,10.3387,8.262382735000001
11_26_35_22_21_78_23,y,3,2648317,2.56609,9.48875,7.26874667415
11_26_35_22_21_78_23,y,4,9184735,3.49928,10.4888,11.39171141345
11_26_35_22_21_78_23,z,1,4928459,3.53207,10.8387,13.728177870000003
11_26_35_22_21_78_23,z,2,7391052,2.3953,8.76375,6.814031678249999
11_26_35_22_21_78_23,z,3,2648317,3.10755,10.5637,9.8685789295
11_26_35_22_21_78_23,z,4,9184735,3.06722,12.0388,14.66400711375
11_27_22_28_27_97_4,x,1,4928459,1.94776,9.53875,6.83532702125
11_27_22_28_27_97_4,x,2,7391052,2.20984,10.4887,8.2181629221
11_27_22_28_27_97_4,x,3,2648317,2.43749,8.16375,6.1259227936250005
11_27_22_28_27_97_4,x,4,9184735,2.34909,13.0638,11.935817705
11_27_22_28_27_97_4,y,1,4928459,4.19593,18.5137,34.340758302025
11_27_22_28_27_97_4,y,2,7391052,4.17847,13.6137,22.757052419750003
11_27_22_28_27_97_4,y,3,2648317,3.82746,16.0637,27.3229802255
11_27_22_28_27_97_4,y,4,9184735,3.81048,13.5388,22.996294300875
11_27_22_28_27_97_4,z,1,4928459,4.3308,10.7887,15.070685706000004
11_27_22_28_27_97_4,z,2,7391052,4.14232,12.9637,23.43781068575
11_27_22_28_27_97_4,z,3,2648317,5.47571,11.0638,17.06819858555
11_27_22_28_27_97_4,z,4,9184735,4.51186,14.8638,27.068011376750004
11_27_25_51_22_44_36,x,1,4928459,3.79205,12.8888,17.088476551825
11_27_25_51_22_44_36,x,2,7391052,4.49855,13.9638,24.767860581625
11_27_25_51_22_44_36,x,3,2648317,3.64877,14.4637,19.49306414815
11_27_25_51_22_44_36,x,4,9184735,3.5798,11.8638,15.050088629500003
11_27_25_51_22_44_36,y,1,4928459,3.66744,15.3637,26.795941822
11_27_25_51_22_44_36,y,2,7391052,4.5575,15.8638,30.998285210712503
11_27_25_51_22_44_36,y,3,2648317,3.77415,13.5137,20.568092781625
11_27_25_51_22_44_36,y,4,9184735,3.86191,13.9637,22.060565061500004
11_27_25_51_22_44_36,z,1,4928459,3.36031,13.4138,17.240587538775
11_27_25_51_22_44_36,z,2,7391052,3.27688,13.5138,15.96568176025
11_27_25_51_22_44_36,z,3,2648317,3.3645,11.2888,14.01246802875
11_27_25_51_22_44_36,z,4,9184735,3.61343,13.0138,17.908473149749998
11_28_25_43_29_37_43,x,1,4928459,3.67625,12.5388,18.977262958025
11_28_25_43_29_37_43,x,2,7391052,4.02515,12.6137,19.573696982
11_28_25_43_29_37_43,x,3,2648317,4.07826,12.6887,16.251291960975003
11_28_25_43_29_37_43,x,4,9184735,3.38316,13.4887,17.43504831615
11_28_25_43_29_37_43,y,1,4928459,3.33327,11.1388,13.231799868
11_28_25_43_29_37_43,y,2,7391052,2.85261,11.4888,11.82329297375
11_28_25_43_29_37_43,y,3,2648317,3.20719,11.6138,12.68849656875
11_28_25_43_29_37_43,y,4,9184735,2.49381,11.0388,9.15364268
11_28_25_43_29_37_43,z,1,4928459,3.69045,13.3888,18.238039514375
11_28_25_43_29_37_43,z,2,7391052,3.33544,12.4887,15.527807306399998
11_28_25_43_29_37_43,z,3,2648317,3.6469,10.5887,12.890046993375002
11_28_25_43_29_37_43,z,4,9184735,3.71422,11.5387,15.024583667250003
11_2_16_75_83_23_6,x,1,4928459,4.07149,14.2388,19.093810406000003
11_2_16_75_83_23_6,x,2,7391052,4.49502,15.8637,28.7442009208
11_2_16_75_83_23_6,x,3,2648317,4.4134,17.6638,33.243522933675
11_2_16_75_83_23_6,x,4,9184735,4.57576,16.7387,28.447667567999996
11_2_16_75_83_23_6,y,1,4928459,4.58419,12.9888,21.48363328275
11_2_16_75_83_23_6,y,2,7391052,4.60781,13.8638,23.14062592845
11_2_16_75_83_23_6,y,3,2648317,4.01943,11.9138,15.148589257975
11_2_16_75_83_23_6,y,4,9184735,4.2849,11.1138,15.068741784250001
11_2_16_75_83_23_6,z,1,4928459,5.34874,19.7888,42.13062178275
11_2_16_75_83_23_6,z,2,7391052,4.81781,19.9888,42.89383580100001
11_2_16_75_83_23_6,z,3,2648317,4.17357,13.2887,22.121705644175
11_2_16_75_83_23_6,z,4,9184735,3.80619,14.4138,21.72380139625
11_2_9_77_89_21_7,x,1,4928459,4.25034,16.2638,25.913860326375
11_2_9_77_89_21_7,x,2,7391052,4.31196,15.4137,25.676564626425
11_2_9_77_89_21_7,x,3,2648317,4.18433,14.6638,23.2243086465
11_2_9_77_89_21_7,x,4,9184735,4.42153,17.2137,29.850440390750002
11_2_9_77_89_21_7,y,1,4928459,4.11691,15.3637,21.139193140625
11_2_9_77_89_21_7,y,2,7391052,5.17244,14.1388,21.340836341000003
11_2_9_77_89_21_7,y,3,2648317,4.24986,14.0388,19.9146174805
11_2_9_77_89_21_7,y,4,9184735,5.0503,13.6887,18.425211325000003
11_2_9_77_89_21_7,z,1,4928459,4.53277,13.1638,18.018974297
11_2_9_77_89_21_7,z,2,7391052,3.88063,13.6137,20.18510807025
11_2_9_77_89_21_7,z,3,2648317,4.40027,17.6387,35.143019170125
11_2_9_77_89_21_7,z,4,9184735,4.44553,12.5888,19.255317086250002
11_30_32_26_49_28_40,x,1,4928459,2.92808,12.1888,14.911162722
11_30_32_26_49_28_40,x,2,7391052,3.23737,10.5638,11.032381267025002
11_30_32_26_49_28_40,x,3,2648317,3.36186,11.5387,16.73755512
11_30_32_26_49_28_40,x,4,9184735,3.2915,14.1387,19.745510736375003
11_30_32_26_49_28_40,y,1,4928459,3.22388,11.3638,12.002794667375
11_30_32_26_49_28_40,y,2,7391052,2.55797,10.1887,8.531339163707502
11_30_32_26_49_28_40,y,3,2648317,2.78685,13.2888,14.427333627625
11_30_32_26_49_28_40,y,4,9184735,2.88109,11.3137,10.442801354500002
11_30_32_26_49_28_40,z,1,4928459,3.02007,10.5638,11.095101173
11_30_32_26_49_28_40,z,2,7391052,3.86504,16.2387,25.96307190075
11_30_32_26_49_28_40,z,3,2648317,3.03341,12.0887,13.621381629000002
11_30_32_26_49_28_40,z,4,9184735,3.70083,12.9388,17.96843107075
11_30_41_17_32_41_44,x,1,4928459,3.40907,13.0138,17.631588305500003
11_30_41_17_32_41_44,x,2,7391052,3.2655,12.8387,16.63944766575
11_30_41_17_32_41_44,x,3,2648317,3.20198,12.2888,15.303740034845
11_30_41_17_32_41_44,x,4,9184735,2.73579,12.8888,16.00178800875
11_30_41_17_32_41_44,y,1,4928459,3.12163,11.4887,11.91981100175
11_30_41_17_32_41_44,y,2,7391052,3.34593,12.1637,15.764495365749998
11_30_41_17_32_41_44,y,3,2648317,3.17256,12.3888,16.803695265
11_30_41_17_32_41_44,y,4,9184735,4.52767,15.0387,25.8815652945
11_30_41_17_32_41_44,z,1,4928459,2.51959,10.8387,11.544885530875
11_30_41_17_32_41_44,z,2,7391052,2.87276,11.1387,11.2032579525
11_30_41_17_32_41_44,z,3,2648317,2.43168,12.4137,12.622779041
11_30_41_17_32_41_44,z,4,9184735,2.20058,12.2387,11.181813417999999
11_31_30_41_26_18_59,x,1,4928459,2.36301,8.86375,7.184490246499999
11_31_30_41_26_18_59,x,2,7391052,3.03727,10.0887,10.1225011354
11_31_30_41_26_18_59,x,3,2648317,3.02249,9.58875,8.93610552075
11_31_30_41_26_18_59,x,4,9184735,3.46316,9.88875,10.84120109675
11_31_30_41_26_18_59,y,1,4928459,3.14585,11.2888,13.200023695749998
11_31_30_41_26_18_59,y,2,7391052,2.84004,13.1137,15.84038335425
11_31_30_41_26_18_59,y,3,2648317,3.00201,11.8387,14.700840883625002
11_31_30_41_26_18_59,y,4,9184735,3.21973,10.4138,12.85317905775
11_31_30_41_26_18_59,z,1,4928459,3.15975,12.1388,12.81318151005
11_31_30_41_26_18_59,z,2,7391052,2.60317,13.2388,13.375607718
11_31_30_41_26_18_59,z,3,2648317,2.73475,11.2387,10.8313500115
11_31_30_41_26_18_59,z,4,9184735,2.2913,11.4888,9.49382565225
11_31_30_46_19_13_66,x,1,4928459,2.19622,12.1887,11.435861999550005
11_31_30_46_19_13_66,x,2,7391052,3.37993,10.7887,12.751264332025002
11_31_30_46_19_13_66,x,3,2648317,2.39945,9.31375,7.847484521025001
11_31_30_46_19_13_66,x,4,9184735,2.26193,11.0887,10.084931039750002
11_31_30_46_19_13_66,y,1,4928459,2.96075,10.0638,10.383676737125
11_31_30_46_19_13_66,y,2,7391052,3.46301,14.1137,21.208845768895003
11_31_30_46_19_13_66,y,3,2648317,2.91265,13.0888,16.416211665749998
11_31_30_46_19_13_66,y,4,9184735,2.78966,13.1887,15.18722451675
11_31_30_46_19_13_66,z,1,4928459,3.1244,16.7638,23.70903052125
11_31_30_46_19_13_66,z,2,7391052,3.16147,13.1888,14.915949401
11_31_30_46_19_13_66,z,3,2648317,2.53054,11.7138,11.265647993325
11_31_30_46_19_13_66,z,4,9184735,2.30598,12.8137,10.820110327999998
11_31_40_19_36_22_57,x,1,4928459,3.66596,12.5638,15.812074421750005
11_31_40_19_36_22_57,x,2,7391052,2.71061,11.5387,11.97012374825
11_31_40_19_36_22_57,x,3,2648317,3.71963,11.5887,14.636154926625004
11_31_40_19_36_22_57,x,4,9184735,3.66983,13.6137,19.22946219325
11_31_40_19_36_22_57,y,1,4928459,3.28363,12.5137,18.959119754375
11_31_40_19_36_22_57,y,2,7391052,2.90662,12.4387,15.77542440925
11_31_40_19_36_22_57,y,3,2648317,3.49361,12.4637,17.08750733175
11_31_40_19_36_22_57,y,4,9184735,3.36068,11.9888,17.646725490250002
11_31_40_19_36_22_57,z,1,4928459,2.28621,12.1887,11.343376445225
11_31_40_19_36_22_57,z,2,7391052,2.10017,12.5138,11.18011248125
11_31_40_19_36_22_57,z,3,2648317,2.56475,12.1637,11.817725773875
11_31_40_19_36_22_57,z,4,9184735,2.16673,10.6888,8.8674816125
11_33_21_49_27_22_53,x,1,4928459,2.79044,10.1887,12.00140329125
11_33_21_49_27_22_53,x,2,7391052,4.08868,12.4887,12.890387137275
11_33_21_49_27_22_53,x,3,2648317,3.55622,12.8387,18.004425941725
11_33_21_49_27_22_53,x,4,9184735,3.43238,14.2388,19.719061886025003
11_33_21_49_27_22_53,y,1,4928459,3.73439,11.8888,16.767050098000002
11_33_21_49_27_22_53,y,2,7391052,3.67883,11.4637,17.093510737625003
11_33_21_49_27_22_53,y,3,2648317,4.31239,15.4138,27.6728689305
11_33_21_49_27_22_53,y,4,9184735,3.17574,10.0388,11.514424590849998
11_33_21_49_27_22_53,z,1,4928459,3.38567,15.8637,19.19409847775
11_33_21_49_27_22_53,z,2,7391052,3.80206,15.6638,22.3501403665
11_33_21_49_27_22_53,z,3,2648317,3.83125,12.1138,15.61014976625
11_33_21_49_27_22_53,z,4,9184735,3.8048,15.9138,23.912319866875
11_33_36_24_31_31_50,x,1,4928459,2.94552,11.3887,12.537372227400002
11_33_36_24_31_31_50,x,2,7391052,3.51252,10.3388,13.364422930500002
11_33_36_24_31_31_50,x,3,2648317,2.73458,11.6638,12.9818900892
11_33_36_24_31_31_50,x,4,9184735,2.72725,10.3637,9.904155796999998
11_33_36_24_31_31_50,y,1,4928459,3.72907,16.2637,27.734413978000003
11_33_36_24_31_31_50,y,2,7391052,3.19524,14.2888,19.075773572875
11_33_36_24_31_31_50,y,3,2648317,4.08207,16.5138,26.220867678625005
11_33_36_24_31_31_50,y,4,9184735,3.89881,16.7887,27.720788800875
11_33_36_24_31_31_50,z,1,4928459,3.23244,12.2887,14.7554810345
11_33_36_24_31_31_50,z,2,7391052,3.5655,13.1887,18.78420099325
11_33_36_24_31_31_50,z,3,2648317,3.16376,9.66375,9.505119830500002
11_33_36_24_31_31_50,z,4,9184735,2.80834,11.4888,13.7997555753
11_34_10_53_42_19_47,x,1,4928459,4.34468,12.1387,18.893081230125
11_34_10_53_42_19_47,x,2,7391052,3.2245,13.2138,18.800243702375
11_34_10_53_42_19_47,x,3,2648317,3.97624,11.8887,19.241622886325
11_34_10_53_42_19_47,x,4,9184735,3.44576,10.7387,12.68490755775
11_34_10_53_42_19_47,y,1,4928459,3.62345,13.5137,20.10338952255
11_34_10_53_42_19_47,y,2,7391052,3.81834,13.9138,21.0334257362
11_34_10_53_42_19_47,y,3,2648317,3.38377,15.5138,26.329036983
11_34_10_53_42_19_47,y,4,9184735,3.704,16.6887,29.326967628
11_34_10_53_42_19_47,z,1,4928459,3.6046,11.8888,12.95234085555
11_34_10_53_42_19_47,z,2,7391052,3.25735,12.6387,14.59607724875
11_34_10_53_42_19_47,z,3,2648317,3.4778,14.6888,18.1304780811575
11_34_10_53_42_19_47,z,4,9184735,3.69912,15.6388,23.9961609225
11_35_31_27_37_30_45,x,1,4928459,2.76599,11.6388,11.622776809125
11_35_31_27_37_30_45,x,2,7391052,2.87331,11.6138,14.01448526705
11_35_31_27_37_30_45,x,3,2648317,3.41673,13.9138,20.5610913305
11_35_31_27_37_30_45,x,4,9184735,4.11072,15.4138,25.034239681
11_35_31_27_37_30_45,y,1,4928459,2.42603,12.3387,10.202705125175
11_35_31_27_37_30_45,y,2,7391052,3.09052,12.2388,11.986085884
11_35_31_27_37_30_45,y,3,2648317,2.28104,11.6887,9.912790569
11_35_31_27_37_30_45,y,4,9184735,3.37262,11.0388,10.02884012825
11_35_31_27_37_30_45,z,1,4928459,3.9986,15.5138,26.1702812035
11_35_31_27_37_30_45,z,2,7391052,3.51425,13.1388,19.0545638945
11_35_31_27_37_30_45,z,3,2648317,3.71539,12.0387,17.606914014
11_35_31_27_37_30_45,z,4,9184735,3.6626,11.2888,14.523424909249998
11_36_15_44_39_32_39,x,1,4928459,4.35282,14.3637,25.38440567275
11_36_15_44_39_32_39,x,2,7391052,4.27208,13.2887,21.31798495775
11_36_15_44_39_32_39,x,3,2648317,3.85779,10.7888,13.3686019615
11_36_15_44_39_32_39,x,4,9184735,3.57851,11.7138,17.404220359675
11_36_15_44_39_32_39,y,1,4928459,3.6626,10.7888,14.467848079700005
11_36_15_44_39_32_39,y,2,7391052,4.81299,14.1638,27.078013954
11_36_15_44_39_32_39,y,3,2648317,3.55562,10.4888,12.189791112500004
11_36_15_44_39_32_39,y,4,9184735,3.48468,14.5638,21.7256572187
11_36_15_44_39_32_39,z,1,4928459,3.40586,18.7888,29.04694326745
11_36_15_44_39_32_39,z,2,7391052,3.69512,13.7388,18.67787030915
11_36_15_44_39_32_39,z,3,2648317,3.12378,10.3138,9.832219469500002
11_36_15_44_39_32_39,z,4,9184735,2.6628,10.8887,11.196248869749999
11_37_28_32_31_33_44,x,1,4928459,4.34004,14.5637,23.504012397
11_37_28_32_31_33_44,x,2,7391052,3.95726,15.3638,18.496376627750003
11_37_28_32_31_33_44,x,3,2648317,3.15813,12.1638,13.8157105735
11_37_28_32_31_33_44,x,4,9184735,3.56846,14.5388,17.8167428825
11_37_28_32_31_33_44,y,1,4928459,2.89734,10.9887,12.574105478875
11_37_28_32_31_33_44,y,2,7391052,3.54591,10.9138,12.575987311600002
11_37_28_32_31_33_44,y,3,2648317,3.5255,13.3387,17.016786225
11_37_28_32_31_33_44,y,4,9184735,3.06225,11.3137,13.163546325199999
11_37_28_32_31_33_44,z,1,4928459,3.38972,11.0138,13.260261039224998
11_37_28_32_31_33_44,z,2,7391052,2.92958,9.58875,8.339717301250001
11_37_28_32_31_33_44,z,3,2648317,3.09772,9.63875,9.85442125125
11_37_28_32_31_33_44,z,4,9184735,3.79173,14.5387,23.39290547275
11_38_20_27_31_43_46,x,1,4928459,3.87344,12.1638,14.34227922285
11_38_20_27_31_43_46,x,2,7391052,3.19267,12.0388,14.23171424625
11_38_20_27_31_43_46,x,3,2648317,3.10098,11.5388,12.09621319375
11_38_20_27_31_43_46,x,4,9184735,3.20568,13.5887,19.963080762920004
11_38_20_27_31_43_46,y,1,4928459,3.3488,10.5637,13.80381729805
11_38_20_27_31_43_46,y,2,7391052,3.16742,11.3138,13.5173452187
11_38_20_27_31_43_46,y,3,2648317,3.07408,10.5637,11.85151428475
11_38_20_27_31_43_46,y,4,9184735,3.22929,12.2637,18.06999934325
11_38_20_27_31_43_46,z,1,4928459,3.46959,13.1137,20.07363466275
11_38_20_27_31_43_46,z,2,7391052,3.89826,12.7137,19.05137471375
11_38_20_27_31_43_46,z,3,2648317,2.72562,10.6637,9.8748407055
11_38_20_27_31_43_46,z,4,9184735,3.52564,15.6887,26.812597319749997
11_38_21_33_21_43_49,x,1,4928459,1.77158,8.78875,6.037850824499999
11_38_21_33_21_43_49,x,2,7391052,2.10669,9.11375,6.431302404475001
11_38_21_33_21_43_49,x,3,2648317,2.03585,8.98875,6.315977850249999
11_38_21_33_21_43_49,x,4,9184735,2.44391,8.83875,6.8413063782500005
11_38_21_33_21_43_49,y,1,4928459,2.36967,13.0887,11.173684780975
11_38_21_33_21_43_49,y,2,7391052,2.44597,9.28875,7.904519008999999
11_38_21_33_21_43_49,y,3,2648317,2.67198,12.0887,10.069592855575005
11_38_21_33_21_43_49,y,4,9184735,3.04663,11.9637,14.735565680749998
11_38_21_33_21_43_49,z,1,4928459,3.81227,12.7387,21.5894923805
11_38_21_33_21_43_49,z,2,7391052,4.15197,13.5887,21.8384590415
11_38_21_33_21_43_49,z,3,2648317,3.75472,9.96375,13.749135701250005
11_38_21_33_21_43_49,z,4,9184735,4.40558,19.9887,37.8328795110025
11_39_27_30_31_25_53,x,1,4928459,3.02053,11.6638,13.151290825550005
11_39_27_30_31_25_53,x,2,7391052,3.22803,12.6138,17.79293708065
11_39_27_30_31_25_53,x,3,2648317,3.25947,12.6138,15.848407275250002
11_39_27_30_31_25_53,x,4,9184735,2.63433,12.3137,14.25164628828
11_39_27_30_31_25_53,y,1,4928459,2.91552,10.5637,9.9307907245
11_39_27_30_31_25_53,y,2,7391052,2.67158,11.1138,10.23256480785
11_39_27_30_31_25_53,y,3,2648317,2.35386,11.0638,9.54350521575
11_39_27_30_31_25_53,y,4,9184735,2.12387,11.6887,10.92009650325
11_39_27_30_31_25_53,z,1,4928459,2.62886,14.5137,18.195346254125
11_39_27_30_31_25_53,z,2,7391052,2.79248,14.1138,18.13893939235
11_39_27_30_31_25_53,z,3,2648317,3.15224,11.7638,14.87435275625
11_39_27_30_31_25_53,z,4,9184735,2.78361,13.5638,16.0910432085
11_3_10_77_85_22_8,x,1,4928459,5.10169,18.8388,36.325528319
11_3_10_77_85_22_8,x,2,7391052,5.02001,12.1138,15.766553180750003
11_3_10_77_85_22_8,x,3,2648317,4.43064,13.4388,18.271543811550004
11_3_10_77_85_22_8,x,4,9184735,5.13175,13.5887,21.534059337125
11_3_10_77_85_22_8,y,1,4928459,4.9396,11.6387,18.57848187675
11_3_10_77_85_22_8,y,2,7391052,5.00337,17.0388,36.8591871445
11_3_10_77_85_22_8,y,3,2648317,3.94552,13.2638,20.788785909000005
11_3_10_77_85_22_8,y,4,9184735,4.70862,13.9637,23.873207295675
11_3_10_77_85_22_8,z,1,4928459,3.64019,11.8137,13.716648857750002
11_3_10_77_85_22_8,z,2,7391052,3.72384,12.9887,16.072571447499996
11_3_10_77_85_22_8,z,3,2648317,3.32095,12.0638,14.152603120075002
11_3_10_77_85_22_8,z,4,9184735,4.25203,13.5388,15.452116077375003
11_3_17_73_82_24_6,x,1,4928459,4.29137,11.1387,13.18553294225
11_3_17_73_82_24_6,x,2,7391052,4.25601,14.9137,22.2031377445
11_3_17_73_82_24_6,x,3,2648317,4.31659,13.5637,17.974294899525006
11_3_17_73_82_24_6,x,4,9184735,4.59725,15.0388,28.092969295175
11_3_17_73_82_24_6,y,1,4928459,3.52723,10.4388,10.49679742295
11_3_17_73_82_24_6,y,2,7391052,3.36766,11.5387,13.323943209375
11_3_17_73_82_24_6,y,3,2648317,3.291,10.9387,10.80773929208
11_3_17_73_82_24_6,y,4,9184735,3.52833,15.0387,20.382148705
11_3_17_73_82_24_6,z,1,4928459,4.45082,13.4638,16.999866432250002
11_3_17_73_82_24_6,z,2,7391052,3.95644,14.4888,23.076044389075
11_3_17_73_82_24_6,z,3,2648317,4.65844,16.5638,27.46956572575
11_3_17_73_82_24_6,z,4,9184735,3.65465,11.8137,13.007121045
11_40_27_27_28_47_36,x,1,4928459,3.11735,11.8138,13.30450057425
11_40_27_27_28_47_36,x,2,7391052,4.12369,14.8887,23.059680869625005
11_40_27_27_28_47_36,x,3,2648317,2.99803,13.5888,16.789463740325
11_40_27_27_28_47_36,x,4,9184735,2.99207,13.9637,19.024160168125
11_40_27_27_28_47_36,y,1,4928459,3.44298,17.5388,26.8108628832
11_40_27_27_28_47_36,y,2,7391052,3.77059,19.9638,36.3349548573
11_40_27_27_28_47_36,y,3,2648317,4.33581,15.7888,24.87340766475
11_40_27_27_28_47_36,y,4,9184735,3.94752,16.6888,28.539812202349992
11_40_27_27_28_47_36,z,1,4928459,4.18653,12.2387,16.011662088625
11_40_27_27_28_47_36,z,2,7391052,3.69241,11.5137,13.8631961133775
11_40_27_27_28_47_36,z,3,2648317,3.80703,12.9888,19.22801480325
11_40_27_27_28_47_36,z,4,9184735,3.29338,11.7137,14.783900959250001
11_41_15_31_12_82_24,x,1,4928459,1.80474,10.6388,6.439390398075
11_41_15_31_12_82_24,x,2,7391052,2.09002,10.2887,5.6549957234875
11_41_15_31_12_82_24,x,3,2648317,1.96848,9.91375,5.21360188325
11_41_15_31_12_82_24,x,4,9184735,1.92141,9.61375,5.0036110915
11_41_15_31_12_82_24,y,1,4928459,3.33476,12.7888,16.6156017795
11_41_15_31_12_82_24,y,2,7391052,3.67704,12.2638,17.946853422750003
11_41_15_31_12_82_24,y,3,2648317,3.99302,15.5638,28.8526005077
11_41_15_31_12_82_24,y,4,9184735,4.01216,12.1887,17.1622605755
11_41_15_31_12_82_24,z,1,4928459,4.02124,10.2137,13.827581704750004
11_41_15_31_12_82_24,z,2,7391052,3.74981,9.43875,12.8215001305
11_41_15_31_12_82_24,z,3,2648317,4.4063,14.0138,24.145891256999995
11_41_15_31_12_82_24,z,4,9184735,3.63179,17.0388,27.8439743664
11_43_21_18_54_33_36,x,1,4928459,3.06374,11.9137,13.9800770505
11_43_21_18_54_33_36,x,2,7391052,3.0981,12.4138,12.7724950845
11_43_21_18_54_33_36,x,3,2648317,3.87796,10.4638,13.41194560625
11_43_21_18_54_33_36,x,4,9184735,4.12152,13.7138,20.26649071265
11_43_21_18_54_33_36,y,1,4928459,2.56245,8.38875,7.613536897249999
11_43_21_18_54_33_36,y,2,7391052,2.76681,8.28875,7.121789034500001
11_43_21_18_54_33_36,y,3,2648317,3.36664,11.0888,14.081932627500002
11_43_21_18_54_33_36,y,4,9184735,3.44924,9.98875,8.977257545499999
11_43_21_18_54_33_36,z,1,4928459,3.38161,11.9137,15.13990777525
11_43_21_18_54_33_36,z,2,7391052,3.39595,16.0388,19.65276311925
11_43_21_18_54_33_36,z,3,2648317,4.10383,12.6888,17.10761873375
11_43_21_18_54_33_36,z,4,9184735,4.06845,17.2637,28.418945116500005
11_44_3_42_55_14_47,x,1,4928459,3.01702,12.2388,14.954337293
11_44_3_42_55_14_47,x,2,7391052,2.61158,10.8137,12.355288419250002
11_44_3_42_55_14_47,x,3,2648317,3.03197,12.0887,14.1033094055
11_44_3_42_55_14_47,x,4,9184735,3.25007,11.2137,12.796137150300002
11_44_3_42_55_14_47,y,1,4928459,2.67969,8.43875,4.920451697
11_44_3_42_55_14_47,y,2,7391052,2.82924,9.36375,7.329053076774999
11_44_3_42_55_14_47,y,3,2648317,2.88435,9.23875,8.64150890785
11_44_3_42_55_14_47,y,4,9184735,2.67832,10.7137,10.062631687500001
11_44_3_42_55_14_47,z,1,4928459,3.2378,12.3138,13.69418753685
11_44_3_42_55_14_47,z,2,7391052,2.44753,11.9637,12.997575941
11_44_3_42_55_14_47,z,3,2648317,2.51707,12.3388,12.310753116350002
11_44_3_42_55_14_47,z,4,9184735,2.32371,12.4138,9.723340713774999
11_46_7_47_21_43_41,x,1,4928459,3.28079,14.3887,14.321383794025
11_46_7_47_21_43_41,x,2,7391052,3.09778,10.4888,10.3488514545
11_46_7_47_21_43_41,x,3,2648317,3.10107,12.3138,12.559494681
11_46_7_47_21_43_41,x,4,9184735,3.11787,10.8388,10.268929985175003
11_46_7_47_21_43_41,y,1,4928459,3.64219,9.18875,10.461045401775
11_46_7_47_21_43_41,y,2,7391052,3.74151,15.1887,21.019075877
11_46_7_47_21_43_41,y,3,2648317,3.78973,12.0637,17.08326090925
11_46_7_47_21_43_41,y,4,9184735,3.834,9.08875,9.179672489000001
11_46_7_47_21_43_41,z,1,4928459,4.36407,14.4887,22.519312364575
11_46_7_47_21_43_41,z,2,7391052,3.62803,14.3387,21.075219918875
11_46_7_47_21_43_41,z,3,2648317,3.81538,19.3888,36.7604980475
11_46_7_47_21_43_41,z,4,9184735,3.80432,18.3137,31.590559725975
11_4_15_69_83_29_5,x,1,4928459,2.9581,10.4887,9.99410513875
11_4_15_69_83_29_5,x,2,7391052,3.34551,9.26375,7.407410769749999
11_4_15_69_83_29_5,x,3,2648317,3.57357,11.4388,9.58233872815
11_4_15_69_83_29_5,x,4,9184735,2.85547,9.98875,7.392665040499999
11_4_15_69_83_29_5,y,1,4928459,4.7822,15.7888,27.704287364749995
11_4_15_69_83_29_5,y,2,7391052,4.4044,14.9138,26.21185584425
11_4_15_69_83_29_5,y,3,2648317,4.64147,12.4388,16.765970757124997
11_4_15_69_83_29_5,y,4,9184735,4.06862,12.7138,16.36210348275
11_4_15_69_83_29_5,z,1,4928459,3.02809,12.6887,13.57748312275
11_4_15_69_83_29_5,z,2,7391052,2.56079,12.5387,12.7560109165
11_4_15_69_83_29_5,z,3,2648317,2.89864,10.0638,9.36483547625
11_4_15_69_83_29_5,z,4,9184735,3.42803,11.5387,12.755690794749997
11_5_11_79_79_26_5,x,1,4928459,3.50832,13.5887,15.2020890645
11_5_11_79_79_26_5,x,2,7391052,4.17974,13.4137,19.032288117750003
11_5_11_79_79_26_5,x,3,2648317,3.87429,12.6888,15.597573152624998
11_5_11_79_79_26_5,x,4,9184735,5.07558,15.1637,21.73275866095
11_5_11_79_79_26_5,y,1,4928459,3.35105,10.0638,10.403429304
11_5_11_79_79_26_5,y,2,7391052,3.72925,11.4387,12.113784581625
11_5_11_79_79_26_5,y,3,2648317,4.03849,11.3887,11.90324149875
11_5_11_79_79_26_5,y,4,9184735,3.45843,10.8137,11.260603703250002
11_5_11_79_79_26_5,z,1,4928459,4.34429,14.8887,23.67286525775
11_5_11_79_79_26_5,z,2,7391052,4.40321,15.0387,23.481312086
11_5_11_79_79_26_5,z,3,2648317,4.88696,13.9137,21.29236710875
11_5_11_79_79_26_5,z,4,9184735,4.49339,11.5888,16.6949640714825
11_5_20_66_82_25_7,x,1,4928459,4.61555,15.2638,25.287937757750004
11_5_20_66_82_25_7,x,2,7391052,5.183,18.6887,37.968654138625
11_5_20_66_82_25_7,x,3,2648317,5.04672,17.7387,33.8653541585
11_5_20_66_82_25_7,x,4,9184735,4.77992,19.4138,44.32954307275
11_5_20_66_82_25_7,y,1,4928459,5.21023,16.7888,31.9557484915
11_5_20_66_82_25_7,y,2,7391052,4.42889,17.2137,32.218461579875
11_5_20_66_82_25_7,y,3,2648317,4.28169,11.5637,14.92357313325
11_5_20_66_82_25_7,y,4,9184735,4.56266,12.3888,18.1641840565
11_5_20_66_82_25_7,z,1,4928459,2.88055,12.2638,12.6046077035
11_5_20_66_82_25_7,z,2,7391052,3.53059,11.5138,14.314216048000002
11_5_20_66_82_25_7,z,3,2648317,3.7994,13.1637,18.4765526858
11_5_20_66_82_25_7,z,4,9184735,4.79919,16.6137,26.3210013665
11_5_38_46_48_63_5,x,1,4928459,3.88442,11.1137,13.89768908125
11_5_38_46_48_63_5,x,2,7391052,3.95391,12.3387,17.4578070155
11_5_38_46_48_63_5,x,3,2648317,4.17587,12.4887,16.361478816625002
11_5_38_46_48_63_5,x,4,9184735,4.14432,11.6388,15.46914237475
11_5_38_46_48_63_5,y,1,4928459,2.67162,11.2137,10.6889890464
11_5_38_46_48_63_5,y,2,7391052,2.81346,13.4887,14.41864799775
11_5_38_46_48_63_5,y,3,2648317,3.58413,11.8137,14.109683727575
11_5_38_46_48_63_5,y,4,9184735,3.41879,11.4138,12.04170262865
11_5_38_46_48_63_5,z,1,4928459,4.45259,17.6387,35.064201254082505
11_5_38_46_48_63_5,z,2,7391052,4.22558,13.7388,20.860502637
11_5_38_46_48_63_5,z,3,2648317,5.36652,19.5387,47.705508449275
11_5_38_46_48_63_5,z,4,9184735,4.89549,13.0637,19.664346321375
11_5_45_45_58_38_14,x,1,4928459,3.8509,12.0387,17.197365732199998
11_5_45_45_58_38_14,x,2,7391052,3.64217,13.1638,18.49603962225
11_5_45_45_58_38_14,x,3,2648317,4.4768,13.0888,22.83465245725
11_5_45_45_58_38_14,x,4,9184735,4.72295,12.8637,18.55430419111
11_5_45_45_58_38_14,y,1,4928459,3.75258,12.6388,13.7341628705
11_5_45_45_58_38_14,y,2,7391052,4.14801,11.5387,14.212161783875
11_5_45_45_58_38_14,y,3,2648317,2.80847,12.4138,11.94175898475
11_5_45_45_58_38_14,y,4,9184735,3.08302,11.5387,12.062746540374999
11_5_45_45_58_38_14,z,1,4928459,4.50997,12.3638,15.431814466500002
11_5_45_45_58_38_14,z,2,7391052,4.18684,12.8888,18.8282468545
11_5_45_45_58_38_14,z,3,2648317,5.13278,13.0638,18.808776239
11_5_45_45_58_38_14,z,4,9184735,4.8493,15.3887,24.8868951999
11_6_60_40_22_48_29,x,1,4928459,2.61144,11.9387,9.626030548875
11_6_60_40_22_48_29,x,2,7391052,2.58961,12.8887,11.849221002400002
11_6_60_40_22_48_29,x,3,2648317,2.17137,11.8137,9.8102765425
11_6_60_40_22_48_29,x,4,9184735,2.31094,11.5137,9.752834321250003
11_6_60_40_22_48_29,y,1,4928459,2.86251,11.7887,12.785123415775
11_6_60_40_22_48_29,y,2,7391052,2.37008,11.9138,11.027066935675002
11_6_60_40_22_48_29,y,3,2648317,3.15952,13.9887,17.8415312445
11_6_60_40_22_48_29,y,4,9184735,2.4671,13.7387,15.735097721999999
11_6_60_40_22_48_29,z,1,4928459,3.9332,13.8137,20.367435998000005
11_6_60_40_22_48_29,z,2,7391052,4.15029,12.2387,18.43751429575
11_6_60_40_22_48_29,z,3,2648317,4.31393,13.5388,17.92510527745
11_6_60_40_22_48_29,z,4,9184735,4.28162,13.2138,20.644510171375
12_10_13_70_66_26_19,x,1,4928459,3.74724,12.6388,20.27143854075
12_10_13_70_66_26_19,x,2,7391052,3.98865,13.3887,21.07371287225
12_10_13_70_66_26_19,x,3,2648317,4.08563,14.2387,27.0807008785
12_10_13_70_66_26_19,x,4,9184735,4.39047,13.0638,19.14696051425
12_10_13_70_66_26_19,y,1,4928459,2.80809,14.3637,15.648775036499998
12_10_13_70_66_26_19,y,2,7391052,3.70812,11.6137,16.0512341172375
12_10_13_70_66_26_19,y,3,2648317,4.51384,13.7137,24.551519196625
12_10_13_70_66_26_19,y,4,9184735,4.32037,13.0137,19.750993894225
12_10_13_70_66_26_19,z,1,4928459,3.13752,13.3888,15.63319709625
12_10_13_70_66_26_19,z,2,7391052,3.51584,12.4387,14.310305868225004
12_10_13_70_66_26_19,z,3,2648317,3.89782,14.1887,17.36424954375
12_10_13_70_66_26_19,z,4,9184735,3.48598,13.4137,16.227984614125003
12_11_34_30_58_55_16,x,1,4928459,4.0206,14.9887,24.407056267375
12_11_34_30_58_55_16,x,2,7391052,4.94764,15.0637,26.04411827975
12_11_34_30_58_55_16,x,3,2648317,4.36723,16.1887,25.85616191405
12_11_34_30_58_55_16,x,4,9184735,3.80275,17.6887,26.0285728225
12_11_34_30_58_55_16,y,1,4928459,4.1803,11.6387,16.6746308395
12_11_34_30_58_55_16,y,2,7391052,4.27592,13.5888,23.1720461665
12_11_34_30_58_55_16,y,3,2648317,5.4673,11.2638,15.12226499525
12_11_34_30_58_55_16,y,4,9184735,4.46024,12.1887,15.493808168025001
12_11_34_30_58_55_16,z,1,4928459,2.67697,11.8138,10.959031637
12_11_34_30_58_55_16,z,2,7391052,4.19813,12.0637,13.981374835125
12_11_34_30_58_55_16,z,3,2648317,4.11892,11.7887,17.18552088
12_11_34_30_58_55_16,z,4,9184735,4.04533,12.4888,20.370391577000003
12_12_31_60_32_26_43,x,1,4928459,2.98415,9.63875,10.2979244459
12_12_31_60_32_26_43,x,2,7391052,3.78365,10.4138,14.861162948599995
12_12_31_60_32_26_43,x,3,2648317,3.95002,12.5137,18.330260088525
12_12_31_60_32_26_43,x,4,9184735,4.03913,10.8887,13.214153469875
12_12_31_60_32_26_43,y,1,4928459,2.19167,10.9887,8.462469948025
12_12_31_60_32_26_43,y,2,7391052,2.96258,11.5388,9.577085178425
12_12_31_60_32_26_43,y,3,2648317,1.99871,9.53875,6.52214176925
12_12_31_60_32_26_43,y,4,9184735,2.41272,8.56375,5.9349077355
12_12_31_60_32_26_43,z,1,4928459,4.25038,14.5137,21.470160804125
12_12_31_60_32_26_43,z,2,7391052,3.20635,11.1888,12.140934174900002
12_12_31_60_32_26_43,z,3,2648317,3.12228,11.1888,12.147287470149998
12_12_31_60_32_26_43,z,4,9184735,4.05486,11.0888,13.227373389325003
12_14_24_10_105_46_5,x,1,4928459,3.2472,14.5888,20.61510283575
12_14_24_10_105_46_5,x,2,7391052,3.73202,11.0138,13.1035891605
12_14_24_10_105_46_5,x,3,2648317,3.61775,12.3387,16.503116467225006
12_14_24_10_105_46_5,x,4,9184735,3.8274,10.5637,12.201731621000002
12_14_24_10_105_46_5,y,1,4928459,4.14518,13.3638,20.38380047875
12_14_24_10_105_46_5,y,2,7391052,4.10651,14.0638,24.596201851000004
12_14_24_10_105_46_5,y,3,2648317,4.60009,14.2137,23.803169286825003
12_14_24_10_105_46_5,y,4,9184735,3.82351,12.5637,16.818210961750005
12_14_24_10_105_46_5,z,1,4928459,3.88815,11.2137,12.308344213475005
12_14_24_10_105_46_5,z,2,7391052,4.09134,14.2637,20.63937965275
12_14_24_10_105_46_5,z,3,2648317,4.72566,17.7138,32.841767398399995
12_14_24_10_105_46_5,z,4,9184735,4.35076,11.4138,13.942445955375002
12_14_37_37_48_37_31,x,1,4928459,3.73022,14.5137,21.15760504575
12_14_37_37_48_37_31,x,2,7391052,4.29064,17.2638,32.35935086975
12_14_37_37_48_37_31,x,3,2648317,4.04113,12.7887,20.20369584175
12_14_37_37_48_37_31,x,4,9184735,3.94299,12.3887,13.33043847625
12_14_37_37_48_37_31,y,1,4928459,3.69228,11.5137,15.027419823
12_14_37_37_48_37_31,y,2,7391052,2.86088,17.6888,19.689672910125
12_14_37_37_48_37_31,y,3,2648317,3.98387,14.0137,22.6228753997
12_14_37_37_48_37_31,y,4,9184735,3.2106,10.4637,12.584642872
12_14_37_37_48_37_31,z,1,4928459,3.35648,12.9387,16.6433920625
12_14_37_37_48_37_31,z,2,7391052,3.39042,10.4138,12.70389643025
12_14_37_37_48_37_31,z,3,2648317,3.07607,17.0888,24.049827494975
12_14_37_37_48_37_31,z,4,9184735,3.02186,13.4137,17.9915649223525
12_14_44_34_36_40_36,x,1,4928459,4.20799,10.4388,12.8795002365
12_14_44_34_36_40_36,x,2,7391052,3.63793,10.5137,11.87499743425
12_14_44_34_36_40_36,x,3,2648317,3.45743,9.98875,11.26835864995
12_14_44_34_36_40_36,x,4,9184735,4.71346,12.0138,16.569175953850003
12_14_44_34_36_40_36,y,1,4928459,2.99615,12.0638,13.87252271275
12_14_44_34_36_40_36,y,2,7391052,3.21473,13.2638,17.071103382999997
12_14_44_34_36_40_36,y,3,2648317,3.06351,13.9887,18.148189058125
12_14_44_34_36_40_36,y,4,9184735,3.35051,12.8388,18.766244737750004
12_14_44_34_36_40_36,z,1,4928459,3.57256,12.5887,15.4322039885
12_14_44_34_36_40_36,z,2,7391052,3.91204,13.3138,20.7437696075
12_14_44_34_36_40_36,z,3,2648317,3.25963,12.8888,16.249431295075
12_14_44_34_36_40_36,z,4,9184735,3.43524,12.2888,13.816497621500002
12_14_51_29_38_29_43,x,1,4928459,3.58633,12.4387,16.2054765285
12_14_51_29_38_29_43,x,2,7391052,4.79774,14.3637,25.120760717875
12_14_51_29_38_29_43,x,3,2648317,4.1895,13.7387,22.6884676454525
12_14_51_29_38_29_43,x,4,9184735,4.45362,17.0637,31.472105486249998
12_14_51_29_38_29_43,y,1,4928459,3.20277,12.7387,16.0720976735
12_14_51_29_38_29_43,y,2,7391052,4.22506,19.6887,40.005620370825
12_14_51_29_38_29_43,y,3,2648317,4.56738,14.4387,22.05973339975
12_14_51_29_38_29_43,y,4,9184735,3.54941,14.2637,21.5128766745
12_14_51_29_38_29_43,z,1,4928459,4.19656,15.7138,23.829927806975
12_14_51_29_38_29_43,z,2,7391052,3.89032,14.5887,21.0517150005
12_14_51_29_38_29_43,z,3,2648317,4.2977,13.3638,16.34903984655
12_14_51_29_38_29_43,z,4,9184735,4.80144,14.6138,23.3039276715
12_15_27_56_32_57_17,x,1,4928459,4.30755,11.0888,16.047080915625
12_15_27_56_32_57_17,x,2,7391052,4.1809,12.1888,16.74814250775
12_15_27_56_32_57_17,x,3,2648317,3.4259,11.0887,13.2828614555
12_15_27_56_32_57_17,x,4,9184735,3.6644,10.9387,14.577713481249999
12_15_27_56_32_57_17,y,1,4928459,3.04879,12.2888,13.8548543665
12_15_27_56_32_57_17,y,2,7391052,2.98252,10.5138,9.387602090999998
12_15_27_56_32_57_17,y,3,2648317,2.29648,10.0388,8.111753401724998
12_15_27_56_32_57_17,y,4,9184735,2.18371,10.7138,8.7478974725
12_15_27_56_32_57_17,z,1,4928459,2.2047,12.1388,9.16208724025
12_15_27_56_32_57_17,z,2,7391052,2.02317,12.2637,10.7284339405
12_15_27_56_32_57_17,z,3,2648317,2.12366,11.5637,9.052550938
12_15_27_56_32_57_17,z,4,9184735,2.16099,11.5387,9.715493512475001
12_17_17_66_52_27_25,x,1,4928459,4.33543,14.9887,22.279987506835
12_17_17_66_52_27_25,x,2,7391052,5.03391,15.0638,28.450547051700003
12_17_17_66_52_27_25,x,3,2648317,4.45117,16.9888,24.68103309225
12_17_17_66_52_27_25,x,4,9184735,4.75545,19.9888,34.033994183575
12_17_17_66_52_27_25,y,1,4928459,3.82673,16.1637,24.05892906625
12_17_17_66_52_27_25,y,2,7391052,4.13727,14.7387,23.357595773375
12_17_17_66_52_27_25,y,3,2648317,3.89848,13.4888,22.03258320325
12_17_17_66_52_27_25,y,4,9184735,3.7049,12.6138,15.264408550450002
12_17_17_66_52_27_25,z,1,4928459,4.29603,12.8138,20.54184467155
12_17_17_66_52_27_25,z,2,7391052,4.36764,15.5137,25.35640330025
12_17_17_66_52_27_25,z,3,2648317,4.21367,14.4637,23.783342496000003
12_17_17_66_52_27_25,z,4,9184735,3.83575,13.9887,21.548034022750002
12_17_31_52_27_29_48,x,1,4928459,3.72639,14.0638,21.575872287575
12_17_31_52_27_29_48,x,2,7391052,4.00027,14.2638,21.0634057933625
12_17_31_52_27_29_48,x,3,2648317,3.15528,12.0638,14.680261519999998
12_17_31_52_27_29_48,x,4,9184735,4.95065,13.4638,22.86300461325
12_17_31_52_27_29_48,y,1,4928459,3.02176,10.8637,10.901409647625
12_17_31_52_27_29_48,y,2,7391052,3.39485,10.3637,12.5150463625
12_17_31_52_27_29_48,y,3,2648317,3.82672,11.6888,15.614842865725
12_17_31_52_27_29_48,y,4,9184735,2.98001,11.5637,13.682117904500002
12_17_31_52_27_29_48,z,1,4928459,2.5671,10.4137,10.493825053875
12_17_31_52_27_29_48,z,2,7391052,3.20061,10.7638,12.386987754
12_17_31_52_27_29_48,z,3,2648317,3.32495,13.8137,16.20459341675
12_17_31_52_27_29_48,z,4,9184735,3.54568,12.9887,16.79849222975
12_17_48_40_27_23_49,x,1,4928459,3.7662,13.4137,15.931545766625
12_17_48_40_27_23_49,x,2,7391052,3.67608,18.2887,32.66227940425
12_17_48_40_27_23_49,x,3,2648317,3.40005,16.2637,23.66378040825
12_17_48_40_27_23_49,x,4,9184735,3.35112,11.3638,12.756621567750003
12_17_48_40_27_23_49,y,1,4928459,3.3314,13.1138,16.61807811318
12_17_48_40_27_23_49,y,2,7391052,3.39843,13.9137,19.1986767307
12_17_48_40_27_23_49,y,3,2648317,3.40729,12.4138,13.6458744865
12_17_48_40_27_23_49,y,4,9184735,3.26001,13.5888,15.8110218719
12_17_48_40_27_23_49,z,1,4928459,3.21522,10.8138,12.405611438375
12_17_48_40_27_23_49,z,2,7391052,3.01923,12.3138,15.578210612375
12_17_48_40_27_23_49,z,3,2648317,4.68511,12.7137,20.25511333025
12_17_48_40_27_23_49,z,4,9184735,3.19781,11.0138,12.3686117931
12_19_36_33_58_26_32,x,1,4928459,2.87792,9.51375,10.699490826
12_19_36_33_58_26_32,x,2,7391052,2.97076,10.9388,9.7430273765
12_19_36_33_58_26_32,x,3,2648317,3.07736,10.9137,12.594199669
12_19_36_33_58_26_32,x,4,9184735,2.92983,9.26375,9.893647437999999
12_19_36_33_58_26_32,y,1,4928459,3.50149,13.8638,16.878706547
12_19_36_33_58_26_32,y,2,7391052,4.46591,12.9637,14.968965939
12_19_36_33_58_26_32,y,3,2648317,4.25498,15.2137,22.36875342525
12_19_36_33_58_26_32,y,4,9184735,4.45103,17.2637,26.306693271625004
12_19_36_33_58_26_32,z,1,4928459,3.67942,12.4638,14.9507099345
12_19_36_33_58_26_32,z,2,7391052,2.82671,13.9637,13.97411352805
12_19_36_33_58_26_32,z,3,2648317,3.53469,10.2638,12.562267531
12_19_36_33_58_26_32,z,4,9184735,4.17753,10.4137,13.316026647875
12_1_18_69_89_20_7,x,1,4928459,3.87593,13.5888,21.47321209285
12_1_18_69_89_20_7,x,2,7391052,4.95343,16.7138,33.043451112375
12_1_18_69_89_20_7,x,3,2648317,3.96827,14.2638,20.030936564
12_1_18_69_89_20_7,x,4,9184735,5.1496,14.2387,24.091700958750003
12_1_18_69_89_20_7,y,1,4928459,4.77769,16.5888,29.627306505625
12_1_18_69_89_20_7,y,2,7391052,4.38253,12.9387,17.469355447500003
12_1_18_69_89_20_7,y,3,2648317,4.51879,15.3637,24.40084722125
12_1_18_69_89_20_7,y,4,9184735,4.78537,17.6387,35.528255664375
12_1_18_69_89_20_7,z,1,4928459,4.0364,15.5638,22.12832823625
12_1_18_69_89_20_7,z,2,7391052,3.93381,12.7887,16.026167367725
12_1_18_69_89_20_7,z,3,2648317,4.13116,14.5137,25.14720414575
12_1_18_69_89_20_7,z,4,9184735,4.6293,14.5138,22.883472763500006
12_20_29_37_56_33_29,x,1,4928459,3.85938,13.4137,20.751230411
12_20_29_37_56_33_29,x,2,7391052,4.17534,12.6138,17.69125806325
12_20_29_37_56_33_29,x,3,2648317,4.02501,19.5637,37.6664038424485
12_20_29_37_56_33_29,x,4,9184735,4.65432,12.3638,16.520510616
12_20_29_37_56_33_29,y,1,4928459,4.6036,16.8387,31.078172877875
12_20_29_37_56_33_29,y,2,7391052,4.87841,16.8638,26.461957885124995
12_20_29_37_56_33_29,y,3,2648317,4.57872,15.0637,24.64136766625
12_20_29_37_56_33_29,y,4,9184735,4.39353,14.2637,25.121225882224998
12_20_29_37_56_33_29,z,1,4928459,4.2899,15.5137,28.19593605945
12_20_29_37_56_33_29,z,2,7391052,4.60181,14.4138,22.99117833275
12_20_29_37_56_33_29,z,3,2648317,4.87585,12.8388,21.4196008243275
12_20_29_37_56_33_29,z,4,9184735,4.48324,14.7138,26.5380534025
12_21_27_29_60_48_19,x,1,4928459,4.24818,14.1137,20.016637663065
12_21_27_29_60_48_19,x,2,7391052,4.37016,12.6387,16.716173435749997
12_21_27_29_60_48_19,x,3,2648317,3.62863,13.6137,20.292500027
12_21_27_29_60_48_19,x,4,9184735,3.44124,11.8638,11.727331499750003
12_21_27_29_60_48_19,y,1,4928459,4.08478,13.1137,21.636571401375
12_21_27_29_60_48_19,y,2,7391052,5.07919,12.9138,23.492251822
12_21_27_29_60_48_19,y,3,2648317,3.84845,10.5138,13.1936878805
12_21_27_29_60_48_19,y,4,9184735,4.2196,11.0888,13.692215218874999
12_21_27_29_60_48_19,z,1,4928459,3.70143,15.8387,26.991115970225003
12_21_27_29_60_48_19,z,2,7391052,3.59782,14.3388,21.6259745005
12_21_27_29_60_48_19,z,3,2648317,3.85855,11.5137,13.75026741575
12_21_27_29_60_48_19,z,4,9184735,3.7857,10.3388,11.860781421325
12_21_42_26_45_33_37,x,1,4928459,2.55133,10.9638,8.842278676000001
12_21_42_26_45_33_37,x,2,7391052,2.53153,14.4388,14.579661324
12_21_42_26_45_33_37,x,3,2648317,2.92747,15.0138,18.492498339
12_21_42_26_45_33_37,x,4,9184735,2.30033,13.0138,11.041485265749998
12_21_42_26_45_33_37,y,1,4928459,3.86475,12.7387,17.008593519647924
12_21_42_26_45_33_37,y,2,7391052,3.61807,15.8888,26.912203266
12_21_42_26_45_33_37,y,3,2648317,3.28574,13.1638,15.007436917499998
12_21_42_26_45_33_37,y,4,9184735,3.42933,15.1637,22.501076631
12_21_42_26_45_33_37,z,1,4928459,4.02229,13.6887,23.051381476875
12_21_42_26_45_33_37,z,2,7391052,4.34427,11.2888,16.876757462249998
12_21_42_26_45_33_37,z,3,2648317,3.74292,14.5887,24.06393485925
12_21_42_26_45_33_37,z,4,9184735,4.32425,11.4888,16.2130108574
12_24_27_55_28_33_37,x,1,4928459,3.76161,14.8138,23.585586140000004
12_24_27_55_28_33_37,x,2,7391052,4.21278,14.2137,22.8773037965
12_24_27_55_28_33_37,x,3,2648317,4.32033,15.5387,28.765810477
12_24_27_55_28_33_37,x,4,9184735,3.83505,14.1637,20.6978651145
12_24_27_55_28_33_37,y,1,4928459,3.14784,12.2137,14.103552260024998
12_24_27_55_28_33_37,y,2,7391052,4.05961,14.6637,26.356856202749995
12_24_27_55_28_33_37,y,3,2648317,3.63779,14.4387,20.166121249
12_24_27_55_28_33_37,y,4,9184735,3.58673,13.9138,18.9402907812475
12_24_27_55_28_33_37,z,1,4928459,3.58806,15.6137,25.782752073987503
12_24_27_55_28_33_37,z,2,7391052,3.58965,16.1388,25.116762302500003
12_24_27_55_28_33_37,z,3,2648317,3.59612,15.6888,26.758792242325
12_24_27_55_28_33_37,z,4,9184735,3.79221,16.7888,27.321707651249998
12_25_23_43_32_38_43,x,1,4928459,3.99937,17.9888,37.04878240825
12_25_23_43_32_38_43,x,2,7391052,3.82212,14.6637,23.89900647025
12_25_23_43_32_38_43,x,3,2648317,4.22592,19.4388,38.34343329674999
12_25_23_43_32_38_43,x,4,9184735,4.00904,12.3138,14.75474941575
12_25_23_43_32_38_43,y,1,4928459,3.54635,11.6888,11.867898064
12_25_23_43_32_38_43,y,2,7391052,2.63728,10.5637,10.6041078685
12_25_23_43_32_38_43,y,3,2648317,3.36644,13.7888,16.087037785
12_25_23_43_32_38_43,y,4,9184735,4.06056,13.3387,15.5745317825
12_25_23_43_32_38_43,z,1,4928459,3.41908,12.1638,16.8724175105
12_25_23_43_32_38_43,z,2,7391052,3.02986,13.2887,16.552180158400002
12_25_23_43_32_38_43,z,3,2648317,4.01945,15.9887,28.697842059725
12_25_23_43_32_38_43,z,4,9184735,3.55961,14.5638,21.826689574
12_25_42_41_22_22_52,x,1,4928459,4.30519,14.1637,23.68602083975
12_25_42_41_22_22_52,x,2,7391052,2.96826,12.5887,15.556905750000002
12_25_42_41_22_22_52,x,3,2648317,3.26007,13.3138,18.419775576675004
12_25_42_41_22_22_52,x,4,9184735,3.01742,13.4887,16.7552376085
12_25_42_41_22_22_52,y,1,4928459,2.14175,12.5887,10.0318511905
12_25_42_41_22_22_52,y,2,7391052,1.86699,10.4138,7.572796800025
12_25_42_41_22_22_52,y,3,2648317,2.22264,11.6387,9.4186831215
12_25_42_41_22_22_52,y,4,9184735,2.33425,10.9388,8.974664267
12_25_42_41_22_22_52,z,1,4928459,3.64841,13.1888,17.965781841575
12_25_42_41_22_22_52,z,2,7391052,4.41759,15.2637,23.104740090540748
12_25_42_41_22_22_52,z,3,2648317,3.88922,13.6138,20.3260198595
12_25_42_41_22_22_52,z,4,9184735,4.02662,11.0637,13.736155608250002
12_26_49_23_24_29_53,x,1,4928459,2.97411,9.48875,8.3909211805
12_26_49_23_24_29_53,x,2,7391052,3.42535,9.86375,9.86688227525
12_26_49_23_24_29_53,x,3,2648317,3.13148,11.7887,11.744667428375
12_26_49_23_24_29_53,x,4,9184735,2.84682,11.9387,13.704916546
12_26_49_23_24_29_53,y,1,4928459,2.47633,10.2637,8.71537998865
12_26_49_23_24_29_53,y,2,7391052,1.94098,8.81375,6.0688392782500005
12_26_49_23_24_29_53,y,3,2648317,2.52635,8.03875,6.200016122249999
12_26_49_23_24_29_53,y,4,9184735,2.94003,11.6137,11.362347378874999
12_26_49_23_24_29_53,z,1,4928459,2.79639,10.9137,9.961628465024996
12_26_49_23_24_29_53,z,2,7391052,2.88497,10.9387,9.073743664325
12_26_49_23_24_29_53,z,3,2648317,2.58599,9.68875,8.830155106000001
12_26_49_23_24_29_53,z,4,9184735,2.36035,11.3637,8.78497714175
12_27_16_63_35_8_55,x,1,4928459,3.6487,15.1137,24.95210528369
12_27_16_63_35_8_55,x,2,7391052,3.82923,16.1388,29.0087692455
12_27_16_63_35_8_55,x,3,2648317,4.53613,14.5138,23.85572675575
12_27_16_63_35_8_55,x,4,9184735,3.61696,14.5638,22.297481060525
12_27_16_63_35_8_55,y,1,4928459,3.94348,18.0387,32.77797011825
12_27_16_63_35_8_55,y,2,7391052,3.21792,15.9387,24.820306275000004
12_27_16_63_35_8_55,y,3,2648317,3.55513,16.3137,24.92571847625
12_27_16_63_35_8_55,y,4,9184735,3.82677,17.6638,26.470387605675
12_27_16_63_35_8_55,z,1,4928459,3.16762,10.1387,10.56794959375
12_27_16_63_35_8_55,z,2,7391052,2.82353,11.3887,12.387548337
12_27_16_63_35_8_55,z,3,2648317,2.50226,9.73875,9.54949699775
12_27_16_63_35_8_55,z,4,9184735,3.52197,10.0888,11.509924397500003
12_28_12_29_80_43_12,x,1,4928459,3.96549,13.9888,20.22703858495
12_28_12_29_80_43_12,x,2,7391052,3.96473,12.3638,16.524593748250002
12_28_12_29_80_43_12,x,3,2648317,3.70848,13.3888,19.60586653275
12_28_12_29_80_43_12,x,4,9184735,3.65608,11.9888,14.4976728057
12_28_12_29_80_43_12,y,1,4928459,4.28012,15.9887,30.56326052625
12_28_12_29_80_43_12,y,2,7391052,4.34313,10.4137,13.738044825750002
12_28_12_29_80_43_12,y,3,2648317,4.87292,14.7637,25.08836156775
12_28_12_29_80_43_12,y,4,9184735,3.86842,12.8138,17.9346530085
12_28_12_29_80_43_12,z,1,4928459,4.75375,16.7137,34.827605898
12_28_12_29_80_43_12,z,2,7391052,4.01309,16.6887,30.336024485625
12_28_12_29_80_43_12,z,3,2648317,3.64076,13.2637,18.8559515955
12_28_12_29_80_43_12,z,4,9184735,4.04621,14.8638,26.04272543725
12_28_39_38_22_30_47,x,1,4928459,2.65742,14.9637,17.359503314999998
12_28_39_38_22_30_47,x,2,7391052,1.98964,13.0388,11.14705194775
12_28_39_38_22_30_47,x,3,2648317,2.52574,13.6387,15.268118574486252
12_28_39_38_22_30_47,x,4,9184735,2.74268,11.8138,13.201942669250002
12_28_39_38_22_30_47,y,1,4928459,4.0547,18.8888,31.378415054875
12_28_39_38_22_30_47,y,2,7391052,3.45758,15.0387,22.256528847250003
12_28_39_38_22_30_47,y,3,2648317,3.01307,13.3887,15.7610080317725
12_28_39_38_22_30_47,y,4,9184735,3.22493,14.3137,19.66529034125
12_28_39_38_22_30_47,z,1,4928459,3.51809,10.4137,11.749297520750002
12_28_39_38_22_30_47,z,2,7391052,3.29173,13.1388,17.867145417175003
12_28_39_38_22_30_47,z,3,2648317,3.00064,13.6388,16.53585996225
12_28_39_38_22_30_47,z,4,9184735,3.58679,12.2638,14.2092344085
12_29_23_39_37_46_30,x,1,4928459,3.17758,13.6637,17.6329769015
12_29_23_39_37_46_30,x,2,7391052,3.48457,17.0887,27.869279513
12_29_23_39_37_46_30,x,3,2648317,3.7503,16.3137,24.9097674967
12_29_23_39_37_46_30,x,4,9184735,3.71944,13.5637,20.619729546175
12_29_23_39_37_46_30,y,1,4928459,4.0533,16.5388,29.8488400925
12_29_23_39_37_46_30,y,2,7391052,4.10379,12.6138,18.519072777675003
12_29_23_39_37_46_30,y,3,2648317,4.08057,11.9137,16.47005159025
12_29_23_39_37_46_30,y,4,9184735,4.12353,13.0637,17.5624454469
12_29_23_39_37_46_30,z,1,4928459,4.06309,12.8388,17.2536260515
12_29_23_39_37_46_30,z,2,7391052,3.9717,14.3637,26.03504236000001
12_29_23_39_37_46_30,z,3,2648317,3.39875,12.4888,17.22617017775
12_29_23_39_37_46_30,z,4,9184735,4.41678,14.2137,21.456903144725004
12_29_30_40_29_45_31,x,1,4928459,4.08458,11.0388,15.57254367225
12_29_30_40_29_45_31,x,2,7391052,3.53639,11.8887,15.624321706500002
12_29_30_40_29_45_31,x,3,2648317,4.04758,16.0388,27.32536363295
12_29_30_40_29_45_31,x,4,9184735,3.35849,16.2137,22.773665730375
12_29_30_40_29_45_31,y,1,4928459,2.65672,15.5387,14.565701294499998
12_29_30_40_29_45_31,y,2,7391052,2.91029,11.6638,12.30951391575
12_29_30_40_29_45_31,y,3,2648317,2.88164,13.0638,11.882817327875
12_29_30_40_29_45_31,y,4,9184735,2.45486,15.8388,15.993564430375
12_29_30_40_29_45_31,z,1,4928459,3.71811,12.8388,18.455827201
12_29_30_40_29_45_31,z,2,7391052,3.48202,18.9388,34.141105459275
12_29_30_40_29_45_31,z,3,2648317,3.46282,9.43875,11.810124500375002
12_29_30_40_29_45_31,z,4,9184735,3.67773,13.3138,21.30290006625
12_30_33_41_18_43_39,x,1,4928459,3.41845,11.9887,14.3183986445
12_30_33_41_18_43_39,x,2,7391052,2.83396,12.5887,11.89974064925
12_30_33_41_18_43_39,x,3,2648317,3.30922,11.4138,13.513617998
12_30_33_41_18_43_39,x,4,9184735,3.28802,11.3387,13.164677785250001
12_30_33_41_18_43_39,y,1,4928459,3.62052,12.4887,16.045173247
12_30_33_41_18_43_39,y,2,7391052,4.03122,14.2887,23.214357570499995
12_30_33_41_18_43_39,y,3,2648317,3.99355,18.1637,32.344149865000006
12_30_33_41_18_43_39,y,4,9184735,4.15386,19.9888,38.40953101625001
12_30_33_41_18_43_39,z,1,4928459,3.53793,17.5388,33.003488328875
12_30_33_41_18_43_39,z,2,7391052,3.27859,12.7387,17.450605975374998
12_30_33_41_18_43_39,z,3,2648317,3.84552,12.9637,16.705505436625
12_30_33_41_18_43_39,z,4,9184735,3.27409,12.7387,14.3034419035
12_31_21_34_40_49_29,x,1,4928459,4.63059,19.1387,36.103164044175
12_31_21_34_40_49_29,x,2,7391052,4.0229,10.4637,13.22261951075
12_31_21_34_40_49_29,x,3,2648317,3.39507,9.36375,8.8364456345
12_31_21_34_40_49_29,x,4,9184735,3.71663,9.61375,10.414335579749999
12_31_21_34_40_49_29,y,1,4928459,4.00901,14.8388,23.4403580005
12_31_21_34_40_49_29,y,2,7391052,2.99398,14.5138,15.46313182025
12_31_21_34_40_49_29,y,3,2648317,4.04725,17.2138,29.534917161875
12_31_21_34_40_49_29,y,4,9184735,3.82465,15.1637,20.9036503435
12_31_21_34_40_49_29,z,1,4928459,4.05287,13.6388,20.39548477395
12_31_21_34_40_49_29,z,2,7391052,3.20885,10.9638,12.6157999409
12_31_21_34_40_49_29,z,3,2648317,3.23311,10.4887,14.5398211605
12_31_21_34_40_49_29,z,4,9184735,3.80345,12.7138,19.8875451485
12_31_35_36_12_57_33,x,1,4928459,3.66529,18.6138,35.86029133625
12_31_35_36_12_57_33,x,2,7391052,4.13211,12.5888,18.337583988
12_31_35_36_12_57_33,x,3,2648317,3.5791,10.1637,10.394597597825
12_31_35_36_12_57_33,x,4,9184735,3.47332,10.3388,9.40242821525
12_31_35_36_12_57_33,y,1,4928459,1.80248,10.9387,8.192208567425
12_31_35_36_12_57_33,y,2,7391052,2.23899,11.9388,11.248219881
12_31_35_36_12_57_33,y,3,2648317,2.14127,10.1387,7.738037853675001
12_31_35_36_12_57_33,y,4,9184735,2.87494,11.1888,9.278736533500002
12_31_35_36_12_57_33,z,1,4928459,3.87511,16.5637,32.390748440749995
12_31_35_36_12_57_33,z,2,7391052,3.7814,16.6887,31.1820459295
12_31_35_36_12_57_33,z,3,2648317,4.20657,13.6887,22.99960218725
12_31_35_36_12_57_33,z,4,9184735,3.80586,12.1887,18.099441072
12_32_28_41_17_57_29,x,1,4928459,3.32591,10.9388,13.09371755575
12_32_28_41_17_57_29,x,2,7391052,3.8249,14.6637,21.1091011718
12_32_28_41_17_57_29,x,3,2648317,4.00646,14.5637,26.22678106075
12_32_28_41_17_57_29,x,4,9184735,4.26817,14.0638,19.373433372500003
12_32_28_41_17_57_29,y,1,4928459,3.7947,14.3387,23.731178306125003
12_32_28_41_17_57_29,y,2,7391052,4.12316,15.1137,25.8641641495
12_32_28_41_17_57_29,y,3,2648317,3.69975,17.8387,34.0005655285
12_32_28_41_17_57_29,y,4,9184735,4.31893,18.2388,35.27372470425
12_32_28_41_17_57_29,z,1,4928459,2.60896,15.8638,17.321780616250003
12_32_28_41_17_57_29,z,2,7391052,3.02675,13.9637,14.9378337828
12_32_28_41_17_57_29,z,3,2648317,2.59553,15.6888,17.9520740541
12_32_28_41_17_57_29,z,4,9184735,2.25714,10.5638,8.630993832875
12_32_37_21_37_37_40,x,1,4928459,3.73625,12.6138,20.36425461925
12_32_37_21_37_37_40,x,2,7391052,2.98211,10.5888,10.615271649000002
12_32_37_21_37_37_40,x,3,2648317,3.61458,12.4637,19.857970912
12_32_37_21_37_37_40,x,4,9184735,4.26046,15.1388,27.114551858525004
12_32_37_21_37_37_40,y,1,4928459,3.59612,16.8887,28.68370544325
12_32_37_21_37_37_40,y,2,7391052,3.47127,16.6138,25.7106404948
12_32_37_21_37_37_40,y,3,2648317,3.08259,11.4387,14.116233549875002
12_32_37_21_37_37_40,y,4,9184735,2.71343,10.6388,12.039903019575
12_32_37_21_37_37_40,z,1,4928459,2.30633,12.0887,10.777605315750002
12_32_37_21_37_37_40,z,2,7391052,2.27657,13.2137,12.722882600225
12_32_37_21_37_37_40,z,3,2648317,2.56141,14.7887,16.618761898975002
12_32_37_21_37_37_40,z,4,9184735,2.69991,16.5638,19.67707560396
12_33_13_43_47_20_48,x,1,4928459,3.12733,10.7388,12.9667808075
12_33_13_43_47_20_48,x,2,7391052,3.61627,17.2888,31.401901698775
12_33_13_43_47_20_48,x,3,2648317,3.82847,10.8637,12.580860222
12_33_13_43_47_20_48,x,4,9184735,3.89692,12.1387,17.638866983625
12_33_13_43_47_20_48,y,1,4928459,4.13298,12.9887,20.6686058945
12_33_13_43_47_20_48,y,2,7391052,3.64677,13.8137,20.510118252325
12_33_13_43_47_20_48,y,3,2648317,3.13231,13.9388,18.108754803
12_33_13_43_47_20_48,y,4,9184735,3.43803,13.4638,19.742017638500002
12_33_13_43_47_20_48,z,1,4928459,2.53054,11.2887,9.56167881175
12_33_13_43_47_20_48,z,2,7391052,2.05603,9.93875,7.440793483750001
12_33_13_43_47_20_48,z,3,2648317,1.98776,10.7388,8.689153480749999
12_33_13_43_47_20_48,z,4,9184735,1.83133,13.4138,9.5351079369625
12_33_1_50_62_41_17,x,1,4928459,4.12613,14.1138,23.589895100425004
12_33_1_50_62_41_17,x,2,7391052,3.0439,11.7638,14.595539627
12_33_1_50_62_41_17,x,3,2648317,3.55464,14.7137,20.883097929
12_33_1_50_62_41_17,x,4,9184735,2.80996,10.8137,10.91177677625
12_33_1_50_62_41_17,y,1,4928459,3.88854,11.7637,16.61998040575
12_33_1_50_62_41_17,y,2,7391052,3.14705,10.8638,13.12419840875
12_33_1_50_62_41_17,y,3,2648317,3.85645,11.0388,14.012735496
12_33_1_50_62_41_17,y,4,9184735,2.9085,9.13875,9.557820048749997
12_33_1_50_62_41_17,z,1,4928459,2.83635,11.9388,13.7175981135
12_33_1_50_62_41_17,z,2,7391052,3.74624,13.7138,16.881511303499998
12_33_1_50_62_41_17,z,3,2648317,3.13876,10.7637,12.249276351
12_33_1_50_62_41_17,z,4,9184735,2.4641,12.0887,10.57143229375
12_33_32_39_21_32_47,x,1,4928459,3.51632,18.6887,23.12634089175
12_33_32_39_21_32_47,x,2,7391052,3.85872,12.3387,19.422280053
12_33_32_39_21_32_47,x,3,2648317,3.62266,11.7387,16.232289322249997
12_33_32_39_21_32_47,x,4,9184735,3.484,12.8638,17.178777955250002
12_33_32_39_21_32_47,y,1,4928459,2.95656,13.5638,16.4563274745
12_33_32_39_21_32_47,y,2,7391052,3.33347,15.9387,21.50900768875
12_33_32_39_21_32_47,y,3,2648317,3.14196,14.4137,19.022362959475
12_33_32_39_21_32_47,y,4,9184735,2.92712,13.6137,16.640690430025
12_33_32_39_21_32_47,z,1,4928459,3.07913,11.3637,13.081319421750004
12_33_32_39_21_32_47,z,2,7391052,3.25773,14.3387,20.30830412475
12_33_32_39_21_32_47,z,3,2648317,4.41427,15.5637,26.66983493325
12_33_32_39_21_32_47,z,4,9184735,3.16854,12.4887,15.457373008752501
12_35_31_26_18_51_43,x,1,4928459,3.73869,12.4387,15.791938130325
12_35_31_26_18_51_43,x,2,7391052,2.64993,10.9138,11.133382097675002
12_35_31_26_18_51_43,x,3,2648317,3.03383,11.4887,12.983573855
12_35_31_26_18_51_43,x,4,9184735,2.80356,13.3138,14.781377156
12_35_31_26_18_51_43,y,1,4928459,4.42704,12.5138,17.802734634625
12_35_31_26_18_51_43,y,2,7391052,4.089,12.3888,16.70946673175
12_35_31_26_18_51_43,y,3,2648317,4.6777,15.0887,30.737738247
12_35_31_26_18_51_43,y,4,9184735,4.82897,13.7888,22.986214302625
12_35_31_26_18_51_43,z,1,4928459,4.53449,12.9638,20.00876164125
12_35_31_26_18_51_43,z,2,7391052,4.85817,12.1138,16.9515191783
12_35_31_26_18_51_43,z,3,2648317,3.81986,15.2138,22.374385597750003
12_35_31_26_18_51_43,z,4,9184735,3.67759,11.8638,16.87815533425
12_36_21_30_41_32_44,x,1,4928459,3.52382,12.1387,13.8534563145
12_36_21_30_41_32_44,x,2,7391052,3.33863,13.8387,20.201928031
12_36_21_30_41_32_44,x,3,2648317,4.20091,13.2138,18.922878525
12_36_21_30_41_32_44,x,4,9184735,2.95659,10.6637,10.699014605750001
12_36_21_30_41_32_44,y,1,4928459,4.35864,12.5888,18.727058502250003
12_36_21_30_41_32_44,y,2,7391052,3.6797,11.3138,15.690574804525005
12_36_21_30_41_32_44,y,3,2648317,3.72991,15.4637,23.388100685500003
12_36_21_30_41_32_44,y,4,9184735,3.33294,12.7638,17.034547250775
12_36_21_30_41_32_44,z,1,4928459,3.88823,15.3387,22.519542196575003
12_36_21_30_41_32_44,z,2,7391052,4.00139,16.4137,26.821912849775
12_36_21_30_41_32_44,z,3,2648317,3.9844,12.0888,16.278727786475002
12_36_21_30_41_32_44,z,4,9184735,3.34593,13.2888,18.06002231575
12_36_25_33_26_31_53,x,1,4928459,2.35552,10.8387,8.50835960785
12_36_25_33_26_31_53,x,2,7391052,2.29855,11.7637,10.286049783750002
12_36_25_33_26_31_53,x,3,2648317,2.23742,11.6638,10.337666948
12_36_25_33_26_31_53,x,4,9184735,2.19731,10.3388,8.58898918525
12_36_25_33_26_31_53,y,1,4928459,3.2365,9.13875,8.37019148135
12_36_25_33_26_31_53,y,2,7391052,3.66535,9.61375,9.9071449275
12_36_25_33_26_31_53,y,3,2648317,3.85876,12.7887,20.04795954825
12_36_25_33_26_31_53,y,4,9184735,3.39569,10.1887,12.76931399725
12_36_25_33_26_31_53,z,1,4928459,4.09396,12.6637,18.422633322
12_36_25_33_26_31_53,z,2,7391052,3.8526,12.2888,18.025047911325
12_36_25_33_26_31_53,z,3,2648317,3.46206,16.4638,22.7853501965
12_36_25_33_26_31_53,z,4,9184735,3.59831,12.3138,15.204479293207502
12_36_31_28_27_40_42,x,1,4928459,2.51244,11.9388,11.517044145499998
12_36_31_28_27_40_42,x,2,7391052,2.4403,10.3637,10.647433055
12_36_31_28_27_40_42,x,3,2648317,2.73632,8.91375,7.08636209525
12_36_31_28_27_40_42,x,4,9184735,2.14151,8.58875,6.291284096
12_36_31_28_27_40_42,y,1,4928459,2.96131,11.1138,10.903096243040002
12_36_31_28_27_40_42,y,2,7391052,2.44113,10.9137,10.08956602725
12_36_31_28_27_40_42,y,3,2648317,2.80002,15.1638,17.997227298702498
12_36_31_28_27_40_42,y,4,9184735,2.46313,13.2638,12.801530601075001
12_36_31_28_27_40_42,z,1,4928459,3.52981,11.3888,12.9391769145
12_36_31_28_27_40_42,z,2,7391052,3.71956,13.2388,17.5507393495
12_36_31_28_27_40_42,z,3,2648317,3.34449,10.7137,12.980425788250002
12_36_31_28_27_40_42,z,4,9184735,3.22951,10.7638,11.15195344275
12_40_10_50_27_32_45,x,1,4928459,3.77813,13.3137,20.195547355
12_40_10_50_27_32_45,x,2,7391052,3.51412,11.4388,14.03752857975
12_40_10_50_27_32_45,x,3,2648317,3.86917,18.1638,28.14557013945
12_40_10_50_27_32_45,x,4,9184735,3.35479,11.9638,13.74290047552
12_40_10_50_27_32_45,y,1,4928459,2.62051,10.5138,9.7396072114
12_40_10_50_27_32_45,y,2,7391052,3.01223,11.6387,12.7098455199
12_40_10_50_27_32_45,y,3,2648317,2.31399,10.4138,9.05585009025
12_40_10_50_27_32_45,y,4,9184735,2.43486,9.78875,8.08725194125
12_40_10_50_27_32_45,z,1,4928459,3.55391,15.0387,24.3306194205
12_40_10_50_27_32_45,z,2,7391052,4.02131,13.3887,23.4401899965
12_40_10_50_27_32_45,z,3,2648317,3.76659,13.9638,22.777785974
12_40_10_50_27_32_45,z,4,9184735,3.03357,10.9887,13.39427332225
12_40_24_23_27_35_55,x,1,4928459,3.33948,10.2887,13.069890931875
12_40_24_23_27_35_55,x,2,7391052,3.28274,10.6638,13.338467240499998
12_40_24_23_27_35_55,x,3,2648317,2.98157,10.0138,10.74103960945
12_40_24_23_27_35_55,x,4,9184735,3.22127,10.1887,13.280968918500001
12_40_24_23_27_35_55,y,1,4928459,2.49173,16.1387,16.21107320975
12_40_24_23_27_35_55,y,2,7391052,2.60452,16.6637,17.5923314715
12_40_24_23_27_35_55,y,3,2648317,2.84834,12.9638,11.6649882845
12_40_24_23_27_35_55,y,4,9184735,2.54988,19.0387,19.033955086675
12_40_24_23_27_35_55,z,1,4928459,4.63119,12.9888,24.784843059
12_40_24_23_27_35_55,z,2,7391052,3.72501,11.8888,18.36857385675
12_40_24_23_27_35_55,z,3,2648317,3.8221,12.0637,18.79580584365
12_40_24_23_27_35_55,z,4,9184735,4.19962,14.4388,27.496772587425
12_42_23_26_8_86_19,x,1,4928459,2.12904,10.5388,7.740428555725
12_42_23_26_8_86_19,x,2,7391052,2.13086,11.0638,8.339617347
12_42_23_26_8_86_19,x,3,2648317,2.02775,11.9388,9.197373831500002
12_42_23_26_8_86_19,x,4,9184735,2.47152,10.4637,8.34979765665
12_42_23_26_8_86_19,y,1,4928459,3.47097,12.4388,19.736612679025
12_42_23_26_8_86_19,y,2,7391052,3.49936,11.2638,16.1886287275
12_42_23_26_8_86_19,y,3,2648317,3.61122,9.81375,12.8656026875
12_42_23_26_8_86_19,y,4,9184735,3.81466,12.7888,20.671228755250002
12_42_23_26_8_86_19,z,1,4928459,1.42429,11.8388,7.6366342826250015
12_42_23_26_8_86_19,z,2,7391052,1.7719,14.1388,9.844774967425
12_42_23_26_8_86_19,z,3,2648317,1.90754,11.9388,9.15074056485
12_42_23_26_8_86_19,z,4,9184735,2.00164,12.6387,9.2789429982
12_44_15_29_15_69_32,x,1,4928459,3.71034,13.7138,19.407493954725
12_44_15_29_15_69_32,x,2,7391052,3.943,16.0387,26.4005536095
12_44_15_29_15_69_32,x,3,2648317,3.79133,14.4637,24.338132927
12_44_15_29_15_69_32,x,4,9184735,2.96653,8.86375,7.871242530529999
12_44_15_29_15_69_32,y,1,4928459,3.16439,10.6887,12.219705163825
12_44_15_29_15_69_32,y,2,7391052,4.02955,11.4637,17.372380118425003
12_44_15_29_15_69_32,y,3,2648317,3.68013,11.8888,15.537434617425005
12_44_15_29_15_69_32,y,4,9184735,3.27346,8.98875,10.699606575374998
12_44_15_29_15_69_32,z,1,4928459,3.96627,16.4888,26.40234931175
12_44_15_29_15_69_32,z,2,7391052,3.7568,11.2388,13.18431982905
12_44_15_29_15_69_32,z,3,2648317,3.74466,11.8138,13.8841065115
12_44_15_29_15_69_32,z,4,9184735,3.92313,15.3887,21.952028554500004
12_45_10_39_22_46_42,x,1,4928459,3.62463,12.9388,17.541790636675003
12_45_10_39_22_46_42,x,2,7391052,3.3664,10.3637,10.338800401600002
12_45_10_39_22_46_42,x,3,2648317,3.56868,11.3637,13.8501690575
12_45_10_39_22_46_42,x,4,9184735,3.56856,10.3637,12.306597646499998
12_45_10_39_22_46_42,y,1,4928459,3.67823,13.4388,18.77892159875
12_45_10_39_22_46_42,y,2,7391052,2.7897,11.7638,11.6734859025
12_45_10_39_22_46_42,y,3,2648317,2.15869,10.1137,7.575607692649999
12_45_10_39_22_46_42,y,4,9184735,2.57924,11.7638,10.5077600645
12_45_10_39_22_46_42,z,1,4928459,3.62821,13.4637,19.8250864195
12_45_10_39_22_46_42,z,2,7391052,2.96415,11.6637,14.075238622125
12_45_10_39_22_46_42,z,3,2648317,3.83678,13.6637,19.29831064275
12_45_10_39_22_46_42,z,4,9184735,4.8109,14.3888,24.606123672749998
12_4_10_70_87_22_11,x,1,4928459,4.51745,12.3388,17.984312688
12_4_10_70_87_22_11,x,2,7391052,4.5195,16.4638,30.430524937125004
12_4_10_70_87_22_11,x,3,2648317,4.66534,11.0637,16.144394938625002
12_4_10_70_87_22_11,x,4,9184735,4.82627,13.4638,22.66515923
12_4_10_70_87_22_11,y,1,4928459,4.87521,14.6137,27.82188604355
12_4_10_70_87_22_11,y,2,7391052,4.50975,15.3137,28.190123697750003
12_4_10_70_87_22_11,y,3,2648317,4.76831,12.2138,18.582468717875003
12_4_10_70_87_22_11,y,4,9184735,4.57161,12.4388,16.103051743
12_4_10_70_87_22_11,z,1,4928459,3.35455,11.5888,14.279381788125
12_4_10_70_87_22_11,z,2,7391052,4.04158,13.1638,17.16120346855
12_4_10_70_87_22_11,z,3,2648317,4.47918,17.5387,32.774959542825
12_4_10_70_87_22_11,z,4,9184735,3.43343,11.0137,11.938223734125
12_4_18_68_82_24_8,x,1,4928459,2.87559,11.4888,11.29407535475
12_4_18_68_82_24_8,x,2,7391052,4.19467,11.6888,13.376165306250002
12_4_18_68_82_24_8,x,3,2648317,3.32092,12.5887,13.027667374
12_4_18_68_82_24_8,x,4,9184735,4.14822,13.4388,20.1623422065
12_4_18_68_82_24_8,y,1,4928459,4.06377,14.0388,18.91875097655
12_4_18_68_82_24_8,y,2,7391052,4.51038,13.4888,18.599315045
12_4_18_68_82_24_8,y,3,2648317,4.3579,14.1887,20.208073698
12_4_18_68_82_24_8,y,4,9184735,4.52449,15.4388,23.818276817500003
12_4_18_68_82_24_8,z,1,4928459,4.51932,15.0137,28.5443529255
12_4_18_68_82_24_8,z,2,7391052,4.39024,13.2137,22.754463659
12_4_18_68_82_24_8,z,3,2648317,4.74984,13.1138,22.785142332575
12_4_18_68_82_24_8,z,4,9184735,4.1692,14.4888,25.58419565175
12_4_36_51_41_55_17,x,1,4928459,3.5238,10.0387,10.39318123075
12_4_36_51_41_55_17,x,2,7391052,3.65203,9.56375,7.930574488924998
12_4_36_51_41_55_17,x,3,2648317,3.3975,11.3138,10.34642955125
12_4_36_51_41_55_17,x,4,9184735,2.56031,9.68875,7.6777442602849995
12_4_36_51_41_55_17,y,1,4928459,3.88551,13.6388,16.88507436685
12_4_36_51_41_55_17,y,2,7391052,3.65671,14.4387,19.0169239
12_4_36_51_41_55_17,y,3,2648317,3.40376,12.4387,17.155722285750002
12_4_36_51_41_55_17,y,4,9184735,2.88663,10.8388,9.405212770125
12_4_36_51_41_55_17,z,1,4928459,4.32856,15.6888,31.540217840750003
12_4_36_51_41_55_17,z,2,7391052,4.16011,16.5137,29.591327000275
12_4_36_51_41_55_17,z,3,2648317,3.72772,13.6887,22.353550919625
12_4_36_51_41_55_17,z,4,9184735,4.51464,13.8888,23.24975591865
12_4_46_49_49_39_17,x,1,4928459,3.44758,14.7388,21.51141016215
12_4_46_49_49_39_17,x,2,7391052,4.18164,11.2387,15.18208598875
12_4_46_49_49_39_17,x,3,2648317,4.24332,13.8887,20.300417865000004
12_4_46_49_49_39_17,x,4,9184735,4.11064,14.2138,20.110488181475
12_4_46_49_49_39_17,y,1,4928459,4.75841,12.8388,17.032519902775
12_4_46_49_49_39_17,y,2,7391052,2.7408,10.4888,10.029343663500002
12_4_46_49_49_39_17,y,3,2648317,4.69158,12.3388,13.811237629750003
12_4_46_49_49_39_17,y,4,9184735,2.56165,10.1638,9.001786203
12_4_46_49_49_39_17,z,1,4928459,3.95191,13.8637,18.95249356576
12_4_46_49_49_39_17,z,2,7391052,4.25017,14.0638,17.533676120075
12_4_46_49_49_39_17,z,3,2648317,4.27578,12.9388,20.0728129808125
12_4_46_49_49_39_17,z,4,9184735,4.91193,19.7887,40.462184325200006
12_5_15_75_78_22_9,x,1,4928459,3.82928,13.6387,19.62365146825
12_5_15_75_78_22_9,x,2,7391052,3.48896,13.5638,17.519418726
12_5_15_75_78_22_9,x,3,2648317,3.15309,15.0888,18.54007171825
12_5_15_75_78_22_9,x,4,9184735,3.88686,13.9138,19.075412881475003
12_5_15_75_78_22_9,y,1,4928459,3.55436,12.3637,15.060987980925
12_5_15_75_78_22_9,y,2,7391052,3.65062,14.4387,18.835608512250005
12_5_15_75_78_22_9,y,3,2648317,4.47558,15.4387,29.957788767750003
12_5_15_75_78_22_9,y,4,9184735,3.90773,14.1138,23.001532797000003
12_5_15_75_78_22_9,z,1,4928459,3.46401,14.3638,18.409811253
12_5_15_75_78_22_9,z,2,7391052,3.04521,13.6137,17.921768318
12_5_15_75_78_22_9,z,3,2648317,4.00311,17.7637,29.47088680275
12_5_15_75_78_22_9,z,4,9184735,4.54018,15.9137,27.2511905775
13_0_62_29_47_39_26,x,1,4928459,3.0665,11.4137,11.71180490125
13_0_62_29_47_39_26,x,2,7391052,3.4449,14.4887,16.994361496249997
13_0_62_29_47_39_26,x,3,2648317,4.04934,15.2138,25.665362877625004
13_0_62_29_47_39_26,x,4,9184735,3.23559,11.9638,11.871312516000001
13_0_62_29_47_39_26,y,1,4928459,3.36227,11.5888,13.078877716
13_0_62_29_47_39_26,y,2,7391052,4.11109,13.9638,17.52926006875
13_0_62_29_47_39_26,y,3,2648317,3.74757,14.4887,17.578259923875
13_0_62_29_47_39_26,y,4,9184735,3.64962,14.0887,19.1335229518
13_0_62_29_47_39_26,z,1,4928459,3.7914,12.0888,13.42269984525
13_0_62_29_47_39_26,z,2,7391052,3.65158,11.6638,13.902312169749996
13_0_62_29_47_39_26,z,3,2648317,3.23969,11.3638,13.605754768875
13_0_62_29_47_39_26,z,4,9184735,2.7887,13.9137,15.480488269250001
13_10_30_36_71_42_14,x,1,4928459,3.36294,18.6887,23.716386277956502
13_10_30_36_71_42_14,x,2,7391052,3.45648,17.0137,21.5145456915
13_10_30_36_71_42_14,x,3,2648317,3.64452,13.9887,17.6344384594375
13_10_30_36_71_42_14,x,4,9184735,3.61436,15.4137,21.2274924964
13_10_30_36_71_42_14,y,1,4928459,4.49752,11.6138,19.2608309775
13_10_30_36_71_42_14,y,2,7391052,3.81317,12.8388,18.094791607525
13_10_30_36_71_42_14,y,3,2648317,3.45265,13.1887,18.859561744750003
13_10_30_36_71_42_14,y,4,9184735,4.07513,10.4638,13.343661170249998
13_10_30_36_71_42_14,z,1,4928459,3.95309,13.1388,21.306833409
13_10_30_36_71_42_14,z,2,7391052,3.46508,12.2137,16.725595279525002
13_10_30_36_71_42_14,z,3,2648317,4.08627,10.5637,10.859835812315
13_10_30_36_71_42_14,z,4,9184735,4.03183,14.4137,19.84308734025
13_10_54_30_17_66_26,x,1,4928459,3.79268,10.4637,13.532542416000002
13_10_54_30_17_66_26,x,2,7391052,3.78678,10.2387,13.188182632625
13_10_54_30_17_66_26,x,3,2648317,3.97075,11.1637,15.22418901425
13_10_54_30_17_66_26,x,4,9184735,3.49535,12.1388,15.642131570500002
13_10_54_30_17_66_26,y,1,4928459,2.96834,12.2638,12.953538232
13_10_54_30_17_66_26,y,2,7391052,2.79507,10.4887,9.416554928925
13_10_54_30_17_66_26,y,3,2648317,2.21526,10.5888,9.970331339250002
13_10_54_30_17_66_26,y,4,9184735,2.87828,12.6137,14.37637709925
13_10_54_30_17_66_26,z,1,4928459,2.70217,13.0887,13.900095741075
13_10_54_30_17_66_26,z,2,7391052,2.92285,12.4137,13.516544362750002
13_10_54_30_17_66_26,z,3,2648317,3.10553,12.9887,14.25105297475
13_10_54_30_17_66_26,z,4,9184735,4.0098,13.5137,18.017600380025
13_12_53_23_54_25_36,x,1,4928459,3.51566,10.7637,13.31681265525
13_12_53_23_54_25_36,x,2,7391052,3.60389,10.1138,11.36837920975
13_12_53_23_54_25_36,x,3,2648317,4.12857,11.5888,15.519586870400005
13_12_53_23_54_25_36,x,4,9184735,3.41661,13.0388,17.755480088725
13_12_53_23_54_25_36,y,1,4928459,2.5036,10.5638,9.39141309075
13_12_53_23_54_25_36,y,2,7391052,2.47206,11.7138,9.65749025015
13_12_53_23_54_25_36,y,3,2648317,2.43773,11.5888,11.30927991
13_12_53_23_54_25_36,y,4,9184735,2.51656,11.8387,9.119653463275
13_12_53_23_54_25_36,z,1,4928459,2.75279,12.3387,13.0525621125
13_12_53_23_54_25_36,z,2,7391052,3.6218,10.6888,13.954760820775
13_12_53_23_54_25_36,z,3,2648317,3.57157,12.0138,17.30133261875
13_12_53_23_54_25_36,z,4,9184735,3.4905,11.1638,14.2134912735
13_13_23_43_67_48_9,x,1,4928459,3.98437,12.7137,18.503048953
13_13_23_43_67_48_9,x,2,7391052,4.49127,13.0137,19.8572838255
13_13_23_43_67_48_9,x,3,2648317,4.10903,12.5388,17.30923811025
13_13_23_43_67_48_9,x,4,9184735,4.0363,12.9638,19.61144038975
13_13_23_43_67_48_9,y,1,4928459,3.85558,12.8637,19.98627702975
13_13_23_43_67_48_9,y,2,7391052,4.15671,13.1137,18.68938177825
13_13_23_43_67_48_9,y,3,2648317,4.20013,13.5137,23.459363435
13_13_23_43_67_48_9,y,4,9184735,4.75463,16.9137,33.03935307
13_13_23_43_67_48_9,z,1,4928459,4.0849,12.8137,17.677012399
13_13_23_43_67_48_9,z,2,7391052,3.98935,13.6388,21.431358447750004
13_13_23_43_67_48_9,z,3,2648317,4.40269,19.7888,40.837637336
13_13_23_43_67_48_9,z,4,9184735,4.49781,13.8388,24.933109280500002
13_17_23_52_44_31_36,x,1,4928459,3.38722,11.7388,9.571529873875
13_17_23_52_44_31_36,x,2,7391052,3.82781,12.9888,15.7562367105
13_17_23_52_44_31_36,x,3,2648317,2.91376,10.8137,8.943160562225
13_17_23_52_44_31_36,x,4,9184735,3.39616,11.9388,14.776540195750002
13_17_23_52_44_31_36,y,1,4928459,3.81394,10.6887,13.4340509625
13_17_23_52_44_31_36,y,2,7391052,4.66313,12.6138,19.868902876350003
13_17_23_52_44_31_36,y,3,2648317,4.24337,19.4887,40.194019988125
13_17_23_52_44_31_36,y,4,9184735,4.20238,13.8137,21.06869103005
13_17_23_52_44_31_36,z,1,4928459,4.41908,12.9887,20.113345107750003
13_17_23_52_44_31_36,z,2,7391052,3.9427,13.6887,17.915858285200002
13_17_23_52_44_31_36,z,3,2648317,3.5604,10.5137,11.857119772124998
13_17_23_52_44_31_36,z,4,9184735,4.55361,15.0887,26.415211696250005
13_18_2_86_37_14_46,x,1,4928459,2.80995,14.1887,15.877266375625002
13_18_2_86_37_14_46,x,2,7391052,2.51564,13.2388,13.9418806055
13_18_2_86_37_14_46,x,3,2648317,2.50004,9.91375,9.539680537
13_18_2_86_37_14_46,x,4,9184735,2.89736,12.4138,13.024764420675002
13_18_2_86_37_14_46,y,1,4928459,3.95137,9.91375,13.541772570250002
13_18_2_86_37_14_46,y,2,7391052,4.33968,9.33875,13.190673565
13_18_2_86_37_14_46,y,3,2648317,4.76016,11.5137,15.8304494634
13_18_2_86_37_14_46,y,4,9184735,4.33876,11.9638,17.656067986775
13_18_2_86_37_14_46,z,1,4928459,3.79576,14.6138,21.41555234525
13_18_2_86_37_14_46,z,2,7391052,4.00801,18.0887,29.91854488675
13_18_2_86_37_14_46,z,3,2648317,4.52845,14.0638,23.33353569875
13_18_2_86_37_14_46,z,4,9184735,3.97355,17.2138,25.000976114675
13_19_41_19_63_36_25,x,1,4928459,5.23684,13.1138,19.78897348725
13_19_41_19_63_36_25,x,2,7391052,4.22294,10.9638,13.38099012875
13_19_41_19_63_36_25,x,3,2648317,4.01479,10.1137,12.483813840500002
13_19_41_19_63_36_25,x,4,9184735,4.16585,11.6638,13.790702913000002
13_19_41_19_63_36_25,y,1,4928459,3.72153,10.6888,11.595104158525
13_19_41_19_63_36_25,y,2,7391052,4.54915,14.1138,21.48850713235
13_19_41_19_63_36_25,y,3,2648317,5.13148,13.7887,22.17807451875
13_19_41_19_63_36_25,y,4,9184735,5.06911,14.8638,24.08405370455
13_19_41_19_63_36_25,z,1,4928459,4.06074,12.4137,15.81596809125
13_19_41_19_63_36_25,z,2,7391052,4.20609,12.7887,20.513178635500005
13_19_41_19_63_36_25,z,3,2648317,3.64393,18.5887,32.276935733749994
13_19_41_19_63_36_25,z,4,9184735,4.04295,17.4887,33.3208117375
13_1_7_76_84_25_10,x,1,4928459,5.4293,13.4387,25.469130521475
13_1_7_76_84_25_10,x,2,7391052,4.40728,14.1137,22.58359008725
13_1_7_76_84_25_10,x,3,2648317,3.84943,13.7637,21.479879228
13_1_7_76_84_25_10,x,4,9184735,3.8145,11.9637,17.254838270999997
13_1_7_76_84_25_10,y,1,4928459,4.15602,14.6387,25.002112959
13_1_7_76_84_25_10,y,2,7391052,4.85532,16.0637,30.409257234
13_1_7_76_84_25_10,y,3,2648317,3.82389,13.1138,19.50721613825
13_1_7_76_84_25_10,y,4,9184735,4.06071,10.9137,14.4212230115
13_1_7_76_84_25_10,z,1,4928459,3.98973,15.8138,23.862622104250004
13_1_7_76_84_25_10,z,2,7391052,2.77881,10.2887,9.821284345
13_1_7_76_84_25_10,z,3,2648317,4.23658,14.5388,23.66844558975
13_1_7_76_84_25_10,z,4,9184735,4.95565,14.9887,20.71464940625
13_20_22_31_49_65_16,x,1,4928459,4.30508,14.0138,18.203040804
13_20_22_31_49_65_16,x,2,7391052,3.74165,12.7138,17.07657250365
13_20_22_31_49_65_16,x,3,2648317,3.61194,11.3388,13.216601728
13_20_22_31_49_65_16,x,4,9184735,3.2261,10.7388,14.094553043857502
13_20_22_31_49_65_16,y,1,4928459,4.34673,9.33875,9.28848466725
13_20_22_31_49_65_16,y,2,7391052,4.44996,11.0137,13.721120556905
13_20_22_31_49_65_16,y,3,2648317,4.48327,12.7888,17.671467720749998
13_20_22_31_49_65_16,y,4,9184735,4.39483,13.6637,23.46555894025
13_20_22_31_49_65_16,z,1,4928459,4.3573,12.5887,21.659834543625003
13_20_22_31_49_65_16,z,2,7391052,4.07626,18.7387,37.1629435225
13_20_22_31_49_65_16,z,3,2648317,4.25034,12.8638,20.949578717750004
13_20_22_31_49_65_16,z,4,9184735,3.78029,19.9888,34.26732631125
13_21_13_47_61_32_29,x,1,4928459,4.78033,12.5637,21.69514060225
13_21_13_47_61_32_29,x,2,7391052,3.77266,13.3888,19.8742854225
13_21_13_47_61_32_29,x,3,2648317,4.97491,17.2387,33.770680936000005
13_21_13_47_61_32_29,x,4,9184735,3.54041,14.1638,21.00378317075
13_21_13_47_61_32_29,y,1,4928459,3.95622,14.4387,18.66036798775
13_21_13_47_61_32_29,y,2,7391052,4.46569,10.5388,14.2486420123
13_21_13_47_61_32_29,y,3,2648317,3.77209,11.2888,13.396939696
13_21_13_47_61_32_29,y,4,9184735,3.41159,9.01375,10.55581993425
13_21_13_47_61_32_29,z,1,4928459,2.60761,10.1888,10.4495777935
13_21_13_47_61_32_29,z,2,7391052,3.36598,11.0887,12.612945419925
13_21_13_47_61_32_29,z,3,2648317,2.33388,10.0138,9.014216225425
13_21_13_47_61_32_29,z,4,9184735,2.90854,12.1888,12.701576552475
13_22_31_22_44_58_26,x,1,4928459,3.43336,10.6888,13.10926252325
13_22_31_22_44_58_26,x,2,7391052,3.34298,10.5137,12.98961367915
13_22_31_22_44_58_26,x,3,2648317,4.14032,14.5138,18.964457211000003
13_22_31_22_44_58_26,x,4,9184735,5.37634,13.8387,22.888160046499998
13_22_31_22_44_58_26,y,1,4928459,2.804,11.6887,12.408529252249998
13_22_31_22_44_58_26,y,2,7391052,3.09067,10.6388,10.80749771125
13_22_31_22_44_58_26,y,3,2648317,3.03194,10.0888,10.31398559425
13_22_31_22_44_58_26,y,4,9184735,3.29737,10.4638,10.47745595025
13_22_31_22_44_58_26,z,1,4928459,3.97381,13.7387,19.602310267575
13_22_31_22_44_58_26,z,2,7391052,3.79806,13.8888,20.40563197275
13_22_31_22_44_58_26,z,3,2648317,3.70306,11.2138,14.62877442425
13_22_31_22_44_58_26,z,4,9184735,3.37961,11.5387,13.340221192249999
13_23_33_30_42_21_54,x,1,4928459,3.44245,12.8137,20.3787411854
13_23_33_30_42_21_54,x,2,7391052,3.62281,11.2388,13.98593817125
13_23_33_30_42_21_54,x,3,2648317,2.82753,12.6637,16.6332881485
13_23_33_30_42_21_54,x,4,9184735,2.42759,9.71375,9.966016502774998
13_23_33_30_42_21_54,y,1,4928459,3.83584,17.3637,28.55148496775
13_23_33_30_42_21_54,y,2,7391052,4.0911,19.7887,37.717414314924994
13_23_33_30_42_21_54,y,3,2648317,3.90756,14.4638,20.231430629
13_23_33_30_42_21_54,y,4,9184735,4.97024,16.8387,34.8379634705
13_23_33_30_42_21_54,z,1,4928459,4.27171,15.2137,21.72327802
13_23_33_30_42_21_54,z,2,7391052,3.808,17.8637,32.8745947735
13_23_33_30_42_21_54,z,3,2648317,3.3135,13.8888,19.407745419475
13_23_33_30_42_21_54,z,4,9184735,4.1707,17.4888,30.3922318116875
13_24_29_51_22_45_32,x,1,4928459,3.25,10.2888,9.918367116149998
13_24_29_51_22_45_32,x,2,7391052,2.67245,10.8887,10.4071701755
13_24_29_51_22_45_32,x,3,2648317,3.65966,12.9638,17.39778752425
13_24_29_51_22_45_32,x,4,9184735,3.26768,9.66375,9.415898750324999
13_24_29_51_22_45_32,y,1,4928459,3.96831,13.9138,20.5286950445
13_24_29_51_22_45_32,y,2,7391052,4.30393,15.0137,24.980308569
13_24_29_51_22_45_32,y,3,2648317,3.72023,16.4887,25.19363151575001
13_24_29_51_22_45_32,y,4,9184735,3.63747,13.1138,16.8751668935
13_24_29_51_22_45_32,z,1,4928459,2.9599,12.4888,13.352192241500004
13_24_29_51_22_45_32,z,2,7391052,3.19595,10.6637,11.345070969125002
13_24_29_51_22_45_32,z,3,2648317,3.35712,10.0887,10.352833671750002
13_24_29_51_22_45_32,z,4,9184735,3.22082,11.5638,12.990885442825
13_25_20_35_37_78_8,x,1,4928459,3.47341,11.9887,16.765479869500002
13_25_20_35_37_78_8,x,2,7391052,3.78752,14.4637,17.074666632475
13_25_20_35_37_78_8,x,3,2648317,3.68523,15.7888,23.4109436905
13_25_20_35_37_78_8,x,4,9184735,4.72286,12.0387,18.700121736875
13_25_20_35_37_78_8,y,1,4928459,3.63547,11.5137,15.624980378499997
13_25_20_35_37_78_8,y,2,7391052,3.36653,10.9638,14.198894942750004
13_25_20_35_37_78_8,y,3,2648317,3.1107,10.9887,11.5174383434
13_25_20_35_37_78_8,y,4,9184735,3.65172,12.1638,14.476727636000001
13_25_20_35_37_78_8,z,1,4928459,3.06503,10.9388,11.1093440345
13_25_20_35_37_78_8,z,2,7391052,3.2119,10.3387,11.02793501425
13_25_20_35_37_78_8,z,3,2648317,2.56834,11.3387,11.971038294
13_25_20_35_37_78_8,z,4,9184735,3.35494,11.8387,12.554506871
13_25_23_38_61_23_33,x,1,4928459,3.70671,11.8887,13.96936985135
13_25_23_38_61_23_33,x,2,7391052,3.58775,13.2887,15.3848048385
13_25_23_38_61_23_33,x,3,2648317,3.78574,12.3887,17.370644018874998
13_25_23_38_61_23_33,x,4,9184735,3.13621,10.6638,12.0556579205
13_25_23_38_61_23_33,y,1,4928459,3.81207,10.3137,11.8790668895
13_25_23_38_61_23_33,y,2,7391052,2.96579,10.2638,11.702479960999998
13_25_23_38_61_23_33,y,3,2648317,3.53023,13.2138,20.2745303065
13_25_23_38_61_23_33,y,4,9184735,3.99572,11.5138,15.36247883675
13_25_23_38_61_23_33,z,1,4928459,3.60299,18.7638,31.601923836
13_25_23_38_61_23_33,z,2,7391052,3.59618,17.9887,31.186722361000005
13_25_23_38_61_23_33,z,3,2648317,3.99364,19.9888,37.187014276000006
13_25_23_38_61_23_33,z,4,9184735,4.19508,19.9887,38.3334922505
13_26_41_28_23_48_37,x,1,4928459,2.57774,10.3888,11.0317795085
13_26_41_28_23_48_37,x,2,7391052,3.29664,13.9388,19.34959970225
13_26_41_28_23_48_37,x,3,2648317,2.75933,9.88875,10.1730221103
13_26_41_28_23_48_37,x,4,9184735,2.66165,11.1138,11.376361461374998
13_26_41_28_23_48_37,y,1,4928459,2.72968,12.0137,9.137911284425002
13_26_41_28_23_48_37,y,2,7391052,2.78806,12.8387,13.401034908215005
13_26_41_28_23_48_37,y,3,2648317,2.91814,15.7637,19.996051728375
13_26_41_28_23_48_37,y,4,9184735,2.76957,13.1387,15.192829498999998
13_26_41_28_23_48_37,z,1,4928459,3.96208,11.2637,12.9064058325
13_26_41_28_23_48_37,z,2,7391052,3.85529,14.3637,23.43870407225
13_26_41_28_23_48_37,z,3,2648317,4.12135,12.8387,17.317072420625003
13_26_41_28_23_48_37,z,4,9184735,3.83688,12.2137,13.985803283625
13_27_43_20_37_35_41,x,1,4928459,2.09117,12.7888,10.5850829169
13_27_43_20_37_35_41,x,2,7391052,2.74539,13.8887,12.903902541749998
13_27_43_20_37_35_41,x,3,2648317,2.32016,13.4637,13.385563949325
13_27_43_20_37_35_41,x,4,9184735,2.09136,15.9637,14.107148231050001
13_27_43_20_37_35_41,y,1,4928459,2.68366,11.5138,12.539068354299998
13_27_43_20_37_35_41,y,2,7391052,3.42145,13.8138,21.3971827735
13_27_43_20_37_35_41,y,3,2648317,2.86628,13.3137,17.9137512205
13_27_43_20_37_35_41,y,4,9184735,2.52204,9.93875,9.8958162615
13_27_43_20_37_35_41,z,1,4928459,3.03656,10.7887,12.160942929825
13_27_43_20_37_35_41,z,2,7391052,3.3647,11.2888,16.565008875
13_27_43_20_37_35_41,z,3,2648317,3.24577,10.5637,10.88730817875
13_27_43_20_37_35_41,z,4,9184735,3.3142,10.7387,13.47339964275
13_29_39_24_37_31_43,x,1,4928459,2.69899,12.7638,13.81213184725
13_29_39_24_37_31_43,x,2,7391052,3.06774,13.2137,16.468737335750003
13_29_39_24_37_31_43,x,3,2648317,2.69958,9.56375,8.279246030749999
13_29_39_24_37_31_43,x,4,9184735,2.76775,10.2638,7.7288319765
13_29_39_24_37_31_43,y,1,4928459,3.81437,13.4638,21.49034944165
13_29_39_24_37_31_43,y,2,7391052,3.51436,14.8388,22.08858047925
13_29_39_24_37_31_43,y,3,2648317,3.48316,14.1138,19.043748017250003
13_29_39_24_37_31_43,y,4,9184735,3.11033,13.7638,13.091164561400001
13_29_39_24_37_31_43,z,1,4928459,3.22546,11.9888,16.014854228425
13_29_39_24_37_31_43,z,2,7391052,3.65641,12.4388,18.3628504905
13_29_39_24_37_31_43,z,3,2648317,3.18303,11.5887,15.94793654775
13_29_39_24_37_31_43,z,4,9184735,3.45814,13.9138,21.842534990750003
13_2_6_78_81_28_8,x,1,4928459,4.77565,15.9387,31.308086371775
13_2_6_78_81_28_8,x,2,7391052,4.56771,13.8387,23.518790837000005
13_2_6_78_81_28_8,x,3,2648317,4.81259,12.8137,18.53793761425
13_2_6_78_81_28_8,x,4,9184735,4.92742,17.9137,37.7297525237875
13_2_6_78_81_28_8,y,1,4928459,4.44603,14.7638,21.2330129288
13_2_6_78_81_28_8,y,2,7391052,4.28454,13.5137,19.28071865
13_2_6_78_81_28_8,y,3,2648317,3.97392,15.3888,24.2287019655
13_2_6_78_81_28_8,y,4,9184735,4.16582,13.9137,20.568562963075
13_2_6_78_81_28_8,z,1,4928459,4.31681,14.7138,26.481774824
13_2_6_78_81_28_8,z,2,7391052,5.15537,12.6387,21.37148965025
13_2_6_78_81_28_8,z,3,2648317,4.36922,14.1388,22.199604421500005
13_2_6_78_81_28_8,z,4,9184735,4.62152,16.5888,34.27247690532499
13_30_19_37_40_37_40,x,1,4928459,3.45011,13.2137,19.71673144
13_30_19_37_40_37_40,x,2,7391052,4.27742,14.4387,23.50905130125
13_30_19_37_40_37_40,x,3,2648317,3.91607,14.8638,24.715654999
13_30_19_37_40_37_40,x,4,9184735,4.46107,14.9638,24.794202149000007
13_30_19_37_40_37_40,y,1,4928459,3.48633,16.1388,24.9394513464
13_30_19_37_40_37_40,y,2,7391052,3.24678,11.1637,10.323557466625
13_30_19_37_40_37_40,y,3,2648317,3.47671,13.5888,20.1238646084
13_30_19_37_40_37_40,y,4,9184735,3.78942,11.5638,16.243013280875
13_30_19_37_40_37_40,z,1,4928459,3.21334,8.51375,7.433368233749999
13_30_19_37_40_37_40,z,2,7391052,3.97048,7.93875,7.015528577
13_30_19_37_40_37_40,z,3,2648317,4.31131,10.9138,11.4861502891
13_30_19_37_40_37_40,z,4,9184735,3.50522,11.8387,11.487835032500001
13_31_25_14_73_9_51,x,1,4928459,4.37326,13.5387,21.339377468625003
13_31_25_14_73_9_51,x,2,7391052,4.38836,15.2387,24.88565129
13_31_25_14_73_9_51,x,3,2648317,3.49743,12.3137,17.323114051
13_31_25_14_73_9_51,x,4,9184735,4.1229,17.2637,33.208387337050006
13_31_25_14_73_9_51,y,1,4928459,3.66895,13.0137,21.074127304875
13_31_25_14_73_9_51,y,2,7391052,3.70969,8.98875,10.2106932725
13_31_25_14_73_9_51,y,3,2648317,3.44301,11.2888,14.000146733250002
13_31_25_14_73_9_51,y,4,9184735,3.45937,10.9887,14.0034107165
13_31_25_14_73_9_51,z,1,4928459,3.05907,13.3887,17.26865222475
13_31_25_14_73_9_51,z,2,7391052,2.89876,14.0138,18.146737978725
13_31_25_14_73_9_51,z,3,2648317,3.25194,13.8388,18.98043256825
13_31_25_14_73_9_51,z,4,9184735,3.7227,15.8137,23.958074404
13_31_31_22_40_41_38,x,1,4928459,2.95024,10.7387,11.6225243475
13_31_31_22_40_41_38,x,2,7391052,2.06757,11.2888,9.589369917749998
13_31_31_22_40_41_38,x,3,2648317,2.09217,10.6638,7.978396549499999
13_31_31_22_40_41_38,x,4,9184735,3.0007,11.0637,10.195275780400001
13_31_31_22_40_41_38,y,1,4928459,3.5567,10.1887,13.58123033425
13_31_31_22_40_41_38,y,2,7391052,3.66716,15.4138,26.2663028855
13_31_31_22_40_41_38,y,3,2648317,3.79602,13.2887,21.698112187
13_31_31_22_40_41_38,y,4,9184735,3.43639,11.4138,15.707018331
13_31_31_22_40_41_38,z,1,4928459,2.09883,12.4887,9.95354428775
13_31_31_22_40_41_38,z,2,7391052,2.08666,13.6637,8.29494681075
13_31_31_22_40_41_38,z,3,2648317,2.16156,11.0638,7.559974287174999
13_31_31_22_40_41_38,z,4,9184735,1.83579,9.43875,6.3257136355
13_33_24_38_22_47_39,x,1,4928459,3.16914,10.9638,9.68900358375
13_33_24_38_22_47_39,x,2,7391052,3.90451,9.31375,9.65978211
13_33_24_38_22_47_39,x,3,2648317,3.37946,10.0888,10.745790626
13_33_24_38_22_47_39,x,4,9184735,3.5582,10.8137,13.61315843075
13_33_24_38_22_47_39,y,1,4928459,3.87659,13.6387,18.71227328575
13_33_24_38_22_47_39,y,2,7391052,3.07923,16.1137,20.6665321725
13_33_24_38_22_47_39,y,3,2648317,4.18795,14.5388,22.31902385025
13_33_24_38_22_47_39,y,4,9184735,3.90265,14.4888,22.187598006
13_33_24_38_22_47_39,z,1,4928459,3.67861,11.0638,13.066555628500002
13_33_24_38_22_47_39,z,2,7391052,4.55971,17.0638,33.007466339125
13_33_24_38_22_47_39,z,3,2648317,3.07687,13.4888,16.1863723465
13_33_24_38_22_47_39,z,4,9184735,3.90575,11.3888,15.935882775349999
13_33_27_45_18_32_48,x,1,4928459,3.74648,9.98875,12.44166158225
13_33_27_45_18_32_48,x,2,7391052,4.63617,13.9387,25.173919534250004
13_33_27_45_18_32_48,x,3,2648317,3.39261,10.0137,12.42491467336
13_33_27_45_18_32_48,x,4,9184735,4.406,11.7388,18.624668567700002
13_33_27_45_18_32_48,y,1,4928459,3.70355,15.6138,23.468244424250003
13_33_27_45_18_32_48,y,2,7391052,3.99357,13.6388,21.94236571525
13_33_27_45_18_32_48,y,3,2648317,4.0876,13.3388,20.84559603635
13_33_27_45_18_32_48,y,4,9184735,4.21936,12.4137,18.0738205935
13_33_27_45_18_32_48,z,1,4928459,3.53872,13.1387,14.50076987025
13_33_27_45_18_32_48,z,2,7391052,2.80316,14.0388,11.99037100789
13_33_27_45_18_32_48,z,3,2648317,2.80602,17.1387,15.804974965750002
13_33_27_45_18_32_48,z,4,9184735,2.51028,14.9637,14.0816452368315
13_33_9_49_24_56_32,x,1,4928459,3.1251,9.56375,11.431313111250002
13_33_9_49_24_56_32,x,2,7391052,3.22491,10.1387,12.019067856999998
13_33_9_49_24_56_32,x,3,2648317,3.95235,10.9138,14.952926457800002
13_33_9_49_24_56_32,x,4,9184735,3.54385,12.3638,17.223841301500002
13_33_9_49_24_56_32,y,1,4928459,3.74148,12.2387,15.404089359
13_33_9_49_24_56_32,y,2,7391052,4.25259,14.9637,24.73263056475
13_33_9_49_24_56_32,y,3,2648317,3.99739,11.1888,16.449616089250004
13_33_9_49_24_56_32,y,4,9184735,3.86554,14.7888,24.0838585135
13_33_9_49_24_56_32,z,1,4928459,2.66654,10.8387,9.866638120624998
13_33_9_49_24_56_32,z,2,7391052,1.90548,10.9887,8.8850455462
13_33_9_49_24_56_32,z,3,2648317,2.2129,11.3137,9.30721068135
13_33_9_49_24_56_32,z,4,9184735,2.64436,12.3638,12.109603281750001
13_34_13_38_38_46_34,x,1,4928459,3.13653,9.28875,9.542081637
13_34_13_38_38_46_34,x,2,7391052,3.49692,9.41375,11.03676944025
13_34_13_38_38_46_34,x,3,2648317,2.50862,11.2638,11.037374130475
13_34_13_38_38_46_34,x,4,9184735,2.67335,9.53875,9.386180716575002
13_34_13_38_38_46_34,y,1,4928459,4.03798,12.0637,17.8614986565
13_34_13_38_38_46_34,y,2,7391052,4.12533,10.8638,12.0034642385
13_34_13_38_38_46_34,y,3,2648317,4.39396,10.0388,12.1538539794
13_34_13_38_38_46_34,y,4,9184735,3.94429,10.5638,10.6170861815
13_34_13_38_38_46_34,z,1,4928459,3.60163,15.4637,19.28900581675
13_34_13_38_38_46_34,z,2,7391052,3.35349,14.3388,17.99060439495
13_34_13_38_38_46_34,z,3,2648317,3.74865,12.8638,14.991165970625
13_34_13_38_38_46_34,z,4,9184735,3.9501,13.9887,17.258673051125
13_34_17_36_36_36_44,x,1,4928459,3.7928,13.9137,20.94776628009
13_34_17_36_36_36_44,x,2,7391052,3.59254,15.4388,25.37380883075
13_34_17_36_36_36_44,x,3,2648317,3.48013,14.0138,19.81964346575
13_34_17_36_36_36_44,x,4,9184735,3.45546,14.8888,19.17157090425
13_34_17_36_36_36_44,y,1,4928459,4.04991,12.8138,22.893394276975
13_34_17_36_36_36_44,y,2,7391052,3.84786,13.4388,21.368186358000003
13_34_17_36_36_36_44,y,3,2648317,3.9818,15.2137,28.9725358186
13_34_17_36_36_36_44,y,4,9184735,4.66471,13.9637,22.697756687000002
13_34_17_36_36_36_44,z,1,4928459,3.46667,13.3137,18.63059767125
13_34_17_36_36_36_44,z,2,7391052,3.38732,10.0388,10.487201474349998
13_34_17_36_36_36_44,z,3,2648317,3.40532,13.4388,16.6912211725
13_34_17_36_36_36_44,z,4,9184735,3.46484,12.1637,14.751061441
13_36_17_26_48_44_32,x,1,4928459,4.13557,11.5637,17.2415531495
13_36_17_26_48_44_32,x,2,7391052,4.21733,19.9888,34.32816111475
13_36_17_26_48_44_32,x,3,2648317,3.97847,18.0137,37.38419810175
13_36_17_26_48_44_32,x,4,9184735,4.08634,11.5387,15.942707283749998
13_36_17_26_48_44_32,y,1,4928459,3.48782,11.2638,15.342142019750002
13_36_17_26_48_44_32,y,2,7391052,3.76264,12.2137,19.5440665905
13_36_17_26_48_44_32,y,3,2648317,4.07574,12.6637,22.42114417175
13_36_17_26_48_44_32,y,4,9184735,3.26722,12.4387,17.591890449125
13_36_17_26_48_44_32,z,1,4928459,2.04184,12.5637,9.4042193465
13_36_17_26_48_44_32,z,2,7391052,1.82971,10.4137,8.11338646625
13_36_17_26_48_44_32,z,3,2648317,1.97935,13.1887,11.19038627631
13_36_17_26_48_44_32,z,4,9184735,2.35796,12.0138,9.363204009250001
13_36_23_33_32_21_58,x,1,4928459,3.04773,11.4138,13.2425996379
13_36_23_33_32_21_58,x,2,7391052,3.94447,13.6637,18.88582738015
13_36_23_33_32_21_58,x,3,2648317,3.44322,14.2388,20.5032040285
13_36_23_33_32_21_58,x,4,9184735,3.19307,16.0137,21.488662042
13_36_23_33_32_21_58,y,1,4928459,2.89352,8.78875,8.055559053500001
13_36_23_33_32_21_58,y,2,7391052,2.6905,11.8138,10.129817379
13_36_23_33_32_21_58,y,3,2648317,2.93323,10.7388,13.06214794775
13_36_23_33_32_21_58,y,4,9184735,3.31516,13.3638,17.058955802575
13_36_23_33_32_21_58,z,1,4928459,2.99806,14.6888,19.03089936175
13_36_23_33_32_21_58,z,2,7391052,3.45038,13.0637,15.436689859
13_36_23_33_32_21_58,z,3,2648317,4.0724,12.3887,17.496976733375
13_36_23_33_32_21_58,z,4,9184735,3.47448,15.4387,25.3589949605
13_36_24_31_34_39_39,x,1,4928459,2.20458,10.2887,6.685833810824999
13_36_24_31_34_39_39,x,2,7391052,3.2839,12.9888,15.68109632385
13_36_24_31_34_39_39,x,3,2648317,3.18387,11.5637,13.6427637835
13_36_24_31_34_39_39,x,4,9184735,2.38656,10.2887,8.594000207250001
13_36_24_31_34_39_39,y,1,4928459,3.5572,13.9887,19.1279897905
13_36_24_31_34_39_39,y,2,7391052,3.77312,11.6137,13.355083985125
13_36_24_31_34_39_39,y,3,2648317,3.99687,15.8638,28.364197854875
13_36_24_31_34_39_39,y,4,9184735,3.96891,18.9638,33.337078756687504
13_36_24_31_34_39_39,z,1,4928459,4.7158,13.0388,19.09762702975
13_36_24_31_34_39_39,z,2,7391052,3.72632,14.1637,17.8394544895
13_36_24_31_34_39_39,z,3,2648317,3.8664,10.5638,12.1937841795
13_36_24_31_34_39_39,z,4,9184735,4.15574,12.4387,17.09392688875
13_3_13_78_79_21_9,x,1,4928459,4.74433,15.8638,32.1131543655
13_3_13_78_79_21_9,x,2,7391052,4.60793,18.0888,35.811625233775
13_3_13_78_79_21_9,x,3,2648317,4.57557,19.3388,39.70194348475
13_3_13_78_79_21_9,x,4,9184735,4.36513,17.7637,32.79617601675
13_3_13_78_79_21_9,y,1,4928459,3.69776,14.0887,17.61979064475
13_3_13_78_79_21_9,y,2,7391052,3.0488,10.5388,10.222954798125
13_3_13_78_79_21_9,y,3,2648317,3.58539,14.8387,15.8758868365
13_3_13_78_79_21_9,y,4,9184735,3.06807,13.2138,16.06467151225
13_3_13_78_79_21_9,z,1,4928459,3.34815,11.6387,12.088426294299998
13_3_13_78_79_21_9,z,2,7391052,2.57537,11.5138,9.5737786157825
13_3_13_78_79_21_9,z,3,2648317,2.62347,8.81375,6.508362818999999
13_3_13_78_79_21_9,z,4,9184735,3.39191,11.1387,11.828222678
13_3_18_61_91_22_8,x,1,4928459,3.5092,10.5137,10.8527679785
13_3_18_61_91_22_8,x,2,7391052,3.25142,10.6138,10.35926066175
13_3_18_61_91_22_8,x,3,2648317,3.43199,10.4888,12.246969010115002
13_3_18_61_91_22_8,x,4,9184735,3.76253,10.4138,11.316532618475001
13_3_18_61_91_22_8,y,1,4928459,5.28914,12.3137,18.51772151925
13_3_18_61_91_22_8,y,2,7391052,5.23951,12.8637,22.27532912625
13_3_18_61_91_22_8,y,3,2648317,3.97666,11.7638,16.508156505955
13_3_18_61_91_22_8,y,4,9184735,4.61364,13.3888,21.08581692025
13_3_18_61_91_22_8,z,1,4928459,3.33143,15.6387,21.14651194425
13_3_18_61_91_22_8,z,2,7391052,3.96698,16.4137,23.518377668500005
13_3_18_61_91_22_8,z,3,2648317,3.78093,16.8637,23.3618966715
13_3_18_61_91_22_8,z,4,9184735,3.31108,17.7138,23.9016612835
13_41_18_15_38_48_43,x,1,4928459,3.56988,10.7387,14.76568266
13_41_18_15_38_48_43,x,2,7391052,4.17178,12.4637,20.019209781985
13_41_18_15_38_48_43,x,3,2648317,4.03667,15.6388,27.9923200265
13_41_18_15_38_48_43,x,4,9184735,4.24949,19.5137,41.424658197750006
13_41_18_15_38_48_43,y,1,4928459,3.93031,16.2637,28.8608771805
13_41_18_15_38_48_43,y,2,7391052,2.50932,10.5137,10.254309210174998
13_41_18_15_38_48_43,y,3,2648317,3.24575,11.2137,14.550056201500002
13_41_18_15_38_48_43,y,4,9184735,3.58547,11.8637,15.616710369125
13_41_18_15_38_48_43,z,1,4928459,2.0277,10.8137,8.69721071725
13_41_18_15_38_48_43,z,2,7391052,2.87078,11.8887,12.84424437425
13_41_18_15_38_48_43,z,3,2648317,2.31183,11.1887,9.698455142375002
13_41_18_15_38_48_43,z,4,9184735,2.23216,10.5387,7.9793547205
13_4_13_70_84_26_6,x,1,4928459,4.12993,11.5387,16.374827832625
13_4_13_70_84_26_6,x,2,7391052,4.45188,14.4887,21.43379275225
13_4_13_70_84_26_6,x,3,2648317,4.76016,19.9888,36.64898699305
13_4_13_70_84_26_6,x,4,9184735,4.17098,13.6138,20.719004696000002
13_4_13_70_84_26_6,y,1,4928459,4.37433,14.3888,20.601208650375
13_4_13_70_84_26_6,y,2,7391052,3.84378,13.5888,14.920984739
13_4_13_70_84_26_6,y,3,2648317,4.12144,10.7888,13.40379696375
13_4_13_70_84_26_6,y,4,9184735,4.28682,14.4137,23.9009853998
13_4_13_70_84_26_6,z,1,4928459,3.51775,16.0138,21.382127808225
13_4_13_70_84_26_6,z,2,7391052,3.79247,10.5638,12.473925948225
13_4_13_70_84_26_6,z,3,2648317,4.24242,14.3637,22.853249171
13_4_13_70_84_26_6,z,4,9184735,4.1455,11.5388,13.069125224
13_4_14_65_91_25_4,x,1,4928459,4.51301,17.0388,31.1117934466125
13_4_14_65_91_25_4,x,2,7391052,4.05304,18.1138,27.988989893975
13_4_14_65_91_25_4,x,3,2648317,4.41253,16.6637,28.37547651475
13_4_14_65_91_25_4,x,4,9184735,3.87807,11.9887,15.352429706775
13_4_14_65_91_25_4,y,1,4928459,3.78511,11.0387,11.33360587795
13_4_14_65_91_25_4,y,2,7391052,3.43109,13.1637,16.0157993902375
13_4_14_65_91_25_4,y,3,2648317,3.735,11.0388,13.4578945523625
13_4_14_65_91_25_4,y,4,9184735,4.27954,10.7888,12.696547004675
13_4_14_65_91_25_4,z,1,4928459,2.71107,10.7887,9.181667444125
13_4_14_65_91_25_4,z,2,7391052,3.28007,12.3388,15.803739638
13_4_14_65_91_25_4,z,3,2648317,3.40836,11.9637,12.806501138835
13_4_14_65_91_25_4,z,4,9184735,3.36064,11.8138,11.60497325225
13_4_17_73_71_31_7,x,1,4928459,4.60176,14.0388,23.002657560275
13_4_17_73_71_31_7,x,2,7391052,4.72224,14.9387,21.133961845225
13_4_17_73_71_31_7,x,3,2648317,4.1603,15.9638,26.1353116048525
13_4_17_73_71_31_7,x,4,9184735,4.37473,14.9638,24.53175536015
13_4_17_73_71_31_7,y,1,4928459,3.34699,11.1888,12.73222140725
13_4_17_73_71_31_7,y,2,7391052,3.52448,11.6387,15.1432627255
13_4_17_73_71_31_7,y,3,2648317,4.06614,13.9387,19.598017359
13_4_17_73_71_31_7,y,4,9184735,3.23663,13.5387,15.209445480124998
13_4_17_73_71_31_7,z,1,4928459,3.79054,11.6638,15.44349542025
13_4_17_73_71_31_7,z,2,7391052,5.14425,12.9638,19.59753787525
13_4_17_73_71_31_7,z,3,2648317,4.60218,17.0888,31.57784695585
13_4_17_73_71_31_7,z,4,9184735,3.55286,11.8387,13.979317014725
13_4_30_60_52_26_31,x,1,4928459,3.22862,12.0887,14.394384834375
13_4_30_60_52_26_31,x,2,7391052,2.64877,12.0888,11.688813927200002
13_4_30_60_52_26_31,x,3,2648317,3.5165,14.7388,19.36594643715
13_4_30_60_52_26_31,x,4,9184735,3.52118,13.5388,16.73250383525
13_4_30_60_52_26_31,y,1,4928459,1.65085,10.8387,6.75387218385
13_4_30_60_52_26_31,y,2,7391052,1.84334,11.1638,7.86427531795
13_4_30_60_52_26_31,y,3,2648317,1.67349,9.53875,5.9752464605
13_4_30_60_52_26_31,y,4,9184735,1.92309,10.8888,6.570717026750001
13_4_30_60_52_26_31,z,1,4928459,4.41148,11.0638,13.62718655325
13_4_30_60_52_26_31,z,2,7391052,3.85976,10.6638,14.14011070425
13_4_30_60_52_26_31,z,3,2648317,3.15203,9.61375,9.266492719875
13_4_30_60_52_26_31,z,4,9184735,3.88173,12.6888,18.466795522625002
13_6_12_78_72_26_9,x,1,4928459,3.70078,14.2387,17.407334442
13_6_12_78_72_26_9,x,2,7391052,4.18422,14.6637,22.009728165
13_6_12_78_72_26_9,x,3,2648317,3.331,14.6137,20.624290066525003
13_6_12_78_72_26_9,x,4,9184735,3.60607,16.5637,25.8927755035
13_6_12_78_72_26_9,y,1,4928459,4.29193,10.9388,14.23148357125
13_6_12_78_72_26_9,y,2,7391052,3.49068,11.2137,11.049866182
13_6_12_78_72_26_9,y,3,2648317,4.36558,11.0638,14.503734255
13_6_12_78_72_26_9,y,4,9184735,4.10201,14.1637,18.95041379325
13_6_12_78_72_26_9,z,1,4928459,4.5193,11.4887,15.75353054725
13_6_12_78_72_26_9,z,2,7391052,5.19857,10.8637,15.747779944725002
13_6_12_78_72_26_9,z,3,2648317,5.10574,12.7638,23.449145781
13_6_12_78_72_26_9,z,4,9184735,5.31049,11.7137,17.058560793
13_6_52_41_29_29_46,x,1,4928459,3.95649,13.2887,16.125177547375
13_6_52_41_29_29_46,x,2,7391052,3.90797,12.6887,17.107156261000004
13_6_52_41_29_29_46,x,3,2648317,4.48004,13.6888,22.21070207925
13_6_52_41_29_29_46,x,4,9184735,4.15432,11.0387,10.7459135315
13_6_52_41_29_29_46,y,1,4928459,4.71057,14.2137,22.344817994375003
13_6_52_41_29_29_46,y,2,7391052,4.03187,16.9637,31.89201598925
13_6_52_41_29_29_46,y,3,2648317,4.57336,18.6137,34.53395803925
13_6_52_41_29_29_46,y,4,9184735,4.4215,15.4888,23.096183161949998
13_6_52_41_29_29_46,z,1,4928459,4.90428,12.4138,21.61557475375
13_6_52_41_29_29_46,z,2,7391052,4.33625,13.6387,21.2700359995
13_6_52_41_29_29_46,z,3,2648317,5.31973,15.9387,35.05535337725
13_6_52_41_29_29_46,z,4,9184735,3.77411,11.7387,16.54304720135
13_8_36_60_35_24_40,x,1,4928459,3.41508,11.0887,12.6755962241875
13_8_36_60_35_24_40,x,2,7391052,4.36229,18.1388,36.12091257175
13_8_36_60_35_24_40,x,3,2648317,3.4202,12.0138,13.4350206852
13_8_36_60_35_24_40,x,4,9184735,3.56675,14.3888,21.889271160375
13_8_36_60_35_24_40,y,1,4928459,3.08113,11.9137,12.320085514100002
13_8_36_60_35_24_40,y,2,7391052,3.79916,12.5637,14.38213063475
13_8_36_60_35_24_40,y,3,2648317,4.13788,14.0137,16.6104052792
13_8_36_60_35_24_40,y,4,9184735,3.45921,12.2638,15.463046078075
13_8_36_60_35_24_40,z,1,4928459,4.1605,18.0887,31.9023109885
13_8_36_60_35_24_40,z,2,7391052,4.2139,14.9387,24.5050245821
13_8_36_60_35_24_40,z,3,2648317,3.9954,15.4137,23.37363760075
13_8_36_60_35_24_40,z,4,9184735,4.87644,16.3137,26.1968956785
14_0_14_69_86_23_10,x,1,4928459,4.71595,14.9637,24.9870740276675
14_0_14_69_86_23_10,x,2,7391052,4.41313,13.8637,21.1870567565
14_0_14_69_86_23_10,x,3,2648317,3.42858,12.9638,16.98407298925
14_0_14_69_86_23_10,x,4,9184735,4.32596,14.4638,21.48650757625
14_0_14_69_86_23_10,y,1,4928459,3.59098,14.5388,15.26841042075
14_0_14_69_86_23_10,y,2,7391052,4.14964,11.9888,12.6271595515
14_0_14_69_86_23_10,y,3,2648317,3.67833,15.4388,20.1123875396
14_0_14_69_86_23_10,y,4,9184735,4.15658,14.2888,15.181722012425002
14_0_14_69_86_23_10,z,1,4928459,4.4238,10.8137,17.783501627
14_0_14_69_86_23_10,z,2,7391052,4.62589,11.8137,17.670366770750004
14_0_14_69_86_23_10,z,3,2648317,4.48699,11.5388,19.209233126225
14_0_14_69_86_23_10,z,4,9184735,4.77215,13.1637,25.7219783305675
14_10_31_54_46_26_35,x,1,4928459,4.06332,15.6637,23.934200542425003
14_10_31_54_46_26_35,x,2,7391052,4.54411,16.2637,31.91996695725
14_10_31_54_46_26_35,x,3,2648317,4.13452,15.7888,25.465512913925004
14_10_31_54_46_26_35,x,4,9184735,3.62703,16.0137,27.125034771
14_10_31_54_46_26_35,y,1,4928459,3.82746,12.9387,17.963879109249998
14_10_31_54_46_26_35,y,2,7391052,3.64891,13.6887,21.374268662999995
14_10_31_54_46_26_35,y,3,2648317,4.03814,10.8138,15.48317727725
14_10_31_54_46_26_35,y,4,9184735,3.87416,11.1637,16.149577593125002
14_10_31_54_46_26_35,z,1,4928459,3.86968,14.7888,19.71534306925
14_10_31_54_46_26_35,z,2,7391052,3.29026,14.3638,16.5147200173
14_10_31_54_46_26_35,z,3,2648317,4.13809,14.0887,17.56909750575
14_10_31_54_46_26_35,z,4,9184735,3.39122,11.7387,12.836012164249999
14_10_32_59_25_31_45,x,1,4928459,4.25136,15.8137,29.288787948875
14_10_32_59_25_31_45,x,2,7391052,4.07577,12.3638,18.841289217750003
14_10_32_59_25_31_45,x,3,2648317,4.23406,12.1137,19.209040282750003
14_10_32_59_25_31_45,x,4,9184735,3.81893,12.2887,18.85339536
14_10_32_59_25_31_45,y,1,4928459,3.01784,13.8137,17.5731533804
14_10_32_59_25_31_45,y,2,7391052,3.43973,13.0887,16.388614252
14_10_32_59_25_31_45,y,3,2648317,2.80965,11.9137,13.85888027325
14_10_32_59_25_31_45,y,4,9184735,3.86884,13.6387,19.9646866855
14_10_32_59_25_31_45,z,1,4928459,4.17429,14.5387,28.776402919750005
14_10_32_59_25_31_45,z,2,7391052,4.51705,19.7387,34.72400826375
14_10_32_59_25_31_45,z,3,2648317,4.55927,17.4137,33.2260280151
14_10_32_59_25_31_45,z,4,9184735,4.00862,15.0387,24.408704026000002
14_13_29_20_87_25_28,x,1,4928459,4.53934,12.3637,20.700501310750003
14_13_29_20_87_25_28,x,2,7391052,4.64196,15.6387,32.675149759250004
14_13_29_20_87_25_28,x,3,2648317,4.25046,12.1387,19.2393916605
14_13_29_20_87_25_28,x,4,9184735,4.17841,11.8888,16.161752815
14_13_29_20_87_25_28,y,1,4928459,4.14982,13.4887,18.60218219475
14_13_29_20_87_25_28,y,2,7391052,4.54042,16.3137,25.69239943855
14_13_29_20_87_25_28,y,3,2648317,4.34616,12.7637,19.625045640749995
14_13_29_20_87_25_28,y,4,9184735,4.99654,19.0638,32.1879129495
14_13_29_20_87_25_28,z,1,4928459,3.55179,12.8387,15.38282992075
14_13_29_20_87_25_28,z,2,7391052,4.38367,12.3138,18.843357553499995
14_13_29_20_87_25_28,z,3,2648317,3.69345,11.7138,11.912872319817502
14_13_29_20_87_25_28,z,4,9184735,3.76434,13.1888,16.85121610175
14_14_22_40_73_32_21,x,1,4928459,3.8722,13.2638,20.6950885045
14_14_22_40_73_32_21,x,2,7391052,4.35506,13.3388,23.693671818125
14_14_22_40_73_32_21,x,3,2648317,3.86447,14.7888,24.296225269172496
14_14_22_40_73_32_21,x,4,9184735,3.67812,10.5137,13.162639367375
14_14_22_40_73_32_21,y,1,4928459,4.67011,13.8387,22.15105091525
14_14_22_40_73_32_21,y,2,7391052,3.72116,13.2887,17.72319499275
14_14_22_40_73_32_21,y,3,2648317,3.8306,13.7137,16.901117754999998
14_14_22_40_73_32_21,y,4,9184735,4.08887,12.2138,17.0125893105
14_14_22_40_73_32_21,z,1,4928459,4.13743,14.3887,24.58827603325
14_14_22_40_73_32_21,z,2,7391052,5.04546,13.5888,19.36441085625
14_14_22_40_73_32_21,z,3,2648317,4.44664,14.6388,28.175420272
14_14_22_40_73_32_21,z,4,9184735,4.85952,12.5637,17.201107215230003
14_15_47_38_31_25_46,x,1,4928459,4.22142,14.4888,21.396760959125
14_15_47_38_31_25_46,x,2,7391052,3.75387,12.3887,20.72065126925
14_15_47_38_31_25_46,x,3,2648317,3.5331,12.2137,15.32802031225
14_15_47_38_31_25_46,x,4,9184735,3.62173,12.0137,14.761457506249998
14_15_47_38_31_25_46,y,1,4928459,1.84983,16.1137,12.067507017500002
14_15_47_38_31_25_46,y,2,7391052,1.99348,16.7387,15.5546342635
14_15_47_38_31_25_46,y,3,2648317,2.02529,15.4388,11.163358120775
14_15_47_38_31_25_46,y,4,9184735,2.58758,12.5887,10.608898278250003
14_15_47_38_31_25_46,z,1,4928459,4.19688,13.5138,24.045610541500004
14_15_47_38_31_25_46,z,2,7391052,4.14951,12.3888,17.6420588855
14_15_47_38_31_25_46,z,3,2648317,3.97905,10.7637,14.641771847799998
14_15_47_38_31_25_46,z,4,9184735,3.22878,10.9387,12.193927948550002
14_16_25_60_20_50_31,x,1,4928459,4.45904,11.0137,12.689007468517502
14_16_25_60_20_50_31,x,2,7391052,3.67785,11.9137,16.691138130949998
14_16_25_60_20_50_31,x,3,2648317,3.93044,14.5387,19.64164894225
14_16_25_60_20_50_31,x,4,9184735,4.14076,11.8637,16.4167596362
14_16_25_60_20_50_31,y,1,4928459,3.60193,11.8387,14.32998844351
14_16_25_60_20_50_31,y,2,7391052,4.80128,14.1638,21.20117514225
14_16_25_60_20_50_31,y,3,2648317,4.38598,15.2137,21.026045351600004
14_16_25_60_20_50_31,y,4,9184735,4.44862,12.0387,15.697100771750002
14_16_25_60_20_50_31,z,1,4928459,3.1909,10.5637,12.15995587925
14_16_25_60_20_50_31,z,2,7391052,3.24062,13.4137,17.129169679769998
14_16_25_60_20_50_31,z,3,2648317,4.10693,12.2888,17.529903491
14_16_25_60_20_50_31,z,4,9184735,2.80284,10.9637,11.78586721375
14_16_32_54_26_32_42,x,1,4928459,4.50922,17.4887,32.099243524025
14_16_32_54_26_32_42,x,2,7391052,4.8468,12.7888,18.5675742998
14_16_32_54_26_32_42,x,3,2648317,4.52045,18.6638,34.2213700675
14_16_32_54_26_32_42,x,4,9184735,4.13008,14.8637,21.47787398825
14_16_32_54_26_32_42,y,1,4928459,4.68879,14.1637,22.28978511825
14_16_32_54_26_32_42,y,2,7391052,3.31374,13.6637,18.591353318400003
14_16_32_54_26_32_42,y,3,2648317,3.39637,16.8637,25.1050240475
14_16_32_54_26_32_42,y,4,9184735,3.1105,11.4637,14.063271933840001
14_16_32_54_26_32_42,z,1,4928459,3.81414,12.8638,20.8552773165
14_16_32_54_26_32_42,z,2,7391052,4.02551,12.6638,18.5748631545
14_16_32_54_26_32_42,z,3,2648317,3.73703,10.9137,14.693857143750002
14_16_32_54_26_32_42,z,4,9184735,3.79228,12.8638,17.08935624475
14_17_20_61_33_30_41,x,1,4928459,4.12257,13.5138,21.14741954
14_17_20_61_33_30_41,x,2,7391052,3.98643,12.6388,17.26009582225
14_17_20_61_33_30_41,x,3,2648317,3.92945,10.9137,13.498554308725002
14_17_20_61_33_30_41,x,4,9184735,4.6987,14.7888,23.009826315475
14_17_20_61_33_30_41,y,1,4928459,4.4886,18.9138,38.66814906635
14_17_20_61_33_30_41,y,2,7391052,4.09047,16.1638,30.244474398350004
14_17_20_61_33_30_41,y,3,2648317,4.15172,15.8887,29.16591381925
14_17_20_61_33_30_41,y,4,9184735,3.87761,15.9138,29.847151297499998
14_17_20_61_33_30_41,z,1,4928459,3.87729,13.0138,18.076958337
14_17_20_61_33_30_41,z,2,7391052,3.76152,14.2137,18.349874646400004
14_17_20_61_33_30_41,z,3,2648317,3.22554,13.4637,15.95156903675
14_17_20_61_33_30_41,z,4,9184735,3.42356,12.3137,17.699962257750002
14_17_23_70_31_23_38,x,1,4928459,3.69621,13.2637,21.130511688075
14_17_23_70_31_23_38,x,2,7391052,3.68134,15.4138,23.848658374
14_17_23_70_31_23_38,x,3,2648317,3.83772,14.1637,21.7137943045
14_17_23_70_31_23_38,x,4,9184735,3.67813,13.8387,21.304621759187498
14_17_23_70_31_23_38,y,1,4928459,3.01375,13.1138,16.17830117375
14_17_23_70_31_23_38,y,2,7391052,3.47029,12.7638,17.42643060075
14_17_23_70_31_23_38,y,3,2648317,3.34142,13.3887,16.578127059699998
14_17_23_70_31_23_38,y,4,9184735,3.85741,19.9888,38.62459703265
14_17_23_70_31_23_38,z,1,4928459,3.12207,15.5138,19.58462403875
14_17_23_70_31_23_38,z,2,7391052,4.34981,19.9888,41.03177013575
14_17_23_70_31_23_38,z,3,2648317,3.70753,13.5137,19.371961706762495
14_17_23_70_31_23_38,z,4,9184735,3.99166,14.4387,21.735163198000002
14_18_23_57_34_29_41,x,1,4928459,2.94571,12.0638,14.4313347755
14_18_23_57_34_29_41,x,2,7391052,3.11412,11.0137,12.1279805545
14_18_23_57_34_29_41,x,3,2648317,2.8989,9.86375,9.165706381643748
14_18_23_57_34_29_41,x,4,9184735,3.06214,12.2388,10.5433389552
14_18_23_57_34_29_41,y,1,4928459,2.16632,14.3137,12.18928916415
14_18_23_57_34_29_41,y,2,7391052,2.30135,11.4137,10.460027016
14_18_23_57_34_29_41,y,3,2648317,2.83398,12.3638,11.103703519875
14_18_23_57_34_29_41,y,4,9184735,3.01752,12.8138,14.138967695000002
14_18_23_57_34_29_41,z,1,4928459,3.69071,11.8638,16.165690329
14_18_23_57_34_29_41,z,2,7391052,4.46965,14.0137,20.764993419250004
14_18_23_57_34_29_41,z,3,2648317,3.35084,10.6887,12.88336808975
14_18_23_57_34_29_41,z,4,9184735,4.4021,15.3888,27.003413847
14_18_33_43_14_63_31,x,1,4928459,4.49139,15.5887,30.829286802250003
14_18_33_43_14_63_31,x,2,7391052,3.74466,12.8138,17.890931789905004
14_18_33_43_14_63_31,x,3,2648317,3.92259,12.2137,17.297914572249997
14_18_33_43_14_63_31,x,4,9184735,4.17455,15.3637,26.551626389249996
14_18_33_43_14_63_31,y,1,4928459,3.58868,16.5638,26.69383709225
14_18_33_43_14_63_31,y,2,7391052,3.784,12.7388,16.79929453475
14_18_33_43_14_63_31,y,3,2648317,3.91965,11.8137,14.824109391500002
14_18_33_43_14_63_31,y,4,9184735,3.65639,17.1137,25.224755238950003
14_18_33_43_14_63_31,z,1,4928459,4.32021,15.4138,32.509312879875
14_18_33_43_14_63_31,z,2,7391052,4.05088,13.3388,21.040779912750004
14_18_33_43_14_63_31,z,3,2648317,4.36308,12.6637,21.3047823825
14_18_33_43_14_63_31,z,4,9184735,4.40993,14.6637,28.234855923500003
14_19_23_45_46_34_35,x,1,4928459,4.35801,13.7387,22.3100839135
14_19_23_45_46_34_35,x,2,7391052,3.25651,10.1637,10.483546853499998
14_19_23_45_46_34_35,x,3,2648317,3.80183,14.7387,22.3447950135
14_19_23_45_46_34_35,x,4,9184735,4.57517,15.2637,24.794605341
14_19_23_45_46_34_35,y,1,4928459,2.67177,17.4637,18.6587296574
14_19_23_45_46_34_35,y,2,7391052,3.22536,14.2638,18.3019283035
14_19_23_45_46_34_35,y,3,2648317,2.87761,12.2888,12.63821896279
14_19_23_45_46_34_35,y,4,9184735,3.03306,12.2637,13.348487885249998
14_19_23_45_46_34_35,z,1,4928459,3.18932,12.6637,16.160764725750003
14_19_23_45_46_34_35,z,2,7391052,3.5582,9.51375,9.6279899631125
14_19_23_45_46_34_35,z,3,2648317,2.77494,10.4388,10.4389678015
14_19_23_45_46_34_35,z,4,9184735,3.0235,9.91375,10.760210536499999
14_1_18_78_48_39_18,x,1,4928459,4.93601,16.5888,30.88205283941
14_1_18_78_48_39_18,x,2,7391052,4.14966,15.0888,25.77756183475
14_1_18_78_48_39_18,x,3,2648317,3.98403,12.6887,19.431855368750004
14_1_18_78_48_39_18,x,4,9184735,4.39686,16.7388,33.573609593
14_1_18_78_48_39_18,y,1,4928459,2.51401,10.8637,9.797691944
14_1_18_78_48_39_18,y,2,7391052,3.03491,11.2638,10.841017595500002
14_1_18_78_48_39_18,y,3,2648317,4.48239,15.0388,23.795452250675
14_1_18_78_48_39_18,y,4,9184735,2.80117,12.6637,13.172247940000002
14_1_18_78_48_39_18,z,1,4928459,4.18013,12.2138,18.364805120075005
14_1_18_78_48_39_18,z,2,7391052,4.27412,12.9388,21.4062431815
14_1_18_78_48_39_18,z,3,2648317,4.58894,14.5387,24.49339129485
14_1_18_78_48_39_18,z,4,9184735,4.20025,11.7887,17.47468984575
14_20_23_45_42_33_39,x,1,4928459,4.60349,11.9137,15.1373037275
14_20_23_45_42_33_39,x,2,7391052,4.0996,16.9887,30.386020498
14_20_23_45_42_33_39,x,3,2648317,4.01397,12.9137,18.21652968075
14_20_23_45_42_33_39,x,4,9184735,4.71084,14.7888,28.46252678767
14_20_23_45_42_33_39,y,1,4928459,3.62656,11.6887,16.39987697425
14_20_23_45_42_33_39,y,2,7391052,4.2217,10.8138,13.0371959315
14_20_23_45_42_33_39,y,3,2648317,3.73662,11.8638,18.17455912225
14_20_23_45_42_33_39,y,4,9184735,3.70849,13.5637,20.238619003975003
14_20_23_45_42_33_39,z,1,4928459,4.69579,14.9888,26.593863188875
14_20_23_45_42_33_39,z,2,7391052,5.13736,13.0387,22.5054191685
14_20_23_45_42_33_39,z,3,2648317,4.57037,14.6887,23.202567233000003
14_20_23_45_42_33_39,z,4,9184735,4.46728,16.6388,29.848844742
14_20_44_29_18_51_40,x,1,4928459,3.06095,11.2637,12.268307200749998
14_20_44_29_18_51_40,x,2,7391052,2.86621,12.7638,15.45402388835
14_20_44_29_18_51_40,x,3,2648317,3.90627,13.4887,20.586798279750003
14_20_44_29_18_51_40,x,4,9184735,2.99777,10.7887,12.900729780499999
14_20_44_29_18_51_40,y,1,4928459,3.13808,14.2887,18.949539639375
14_20_44_29_18_51_40,y,2,7391052,3.0978,12.9138,13.69559227605
14_20_44_29_18_51_40,y,3,2648317,3.19453,13.1137,17.241891647499997
14_20_44_29_18_51_40,y,4,9184735,2.63747,12.0637,13.531918697000002
14_20_44_29_18_51_40,z,1,4928459,1.6575,11.0388,7.176357338999999
14_20_44_29_18_51_40,z,2,7391052,1.82281,12.2638,9.8847225697725
14_20_44_29_18_51_40,z,3,2648317,1.68812,11.2888,8.05132101675
14_20_44_29_18_51_40,z,4,9184735,1.70531,11.8888,7.542488021272501
14_21_17_64_35_25_40,x,1,4928459,3.26904,16.3887,23.64441372525
14_21_17_64_35_25_40,x,2,7391052,3.78446,15.5888,26.228939301625
14_21_17_64_35_25_40,x,3,2648317,3.45005,15.9888,26.7360558175
14_21_17_64_35_25_40,x,4,9184735,3.85965,14.2637,21.890205232
14_21_17_64_35_25_40,y,1,4928459,4.12498,19.9888,40.495945260000006
14_21_17_64_35_25_40,y,2,7391052,5.12813,17.4637,35.345476825
14_21_17_64_35_25_40,y,3,2648317,5.03037,15.7638,29.6659938535
14_21_17_64_35_25_40,y,4,9184735,3.61379,11.5637,14.8326980107
14_21_17_64_35_25_40,z,1,4928459,2.5454,10.9888,9.395382963825002
14_21_17_64_35_25_40,z,2,7391052,3.06081,11.2137,10.768645308925002
14_21_17_64_35_25_40,z,3,2648317,3.81132,12.4637,14.239794238875
14_21_17_64_35_25_40,z,4,9184735,2.48387,12.7388,11.404002293600001
14_21_25_31_54_40_31,x,1,4928459,4.14608,14.2638,26.441071672250004
14_21_25_31_54_40_31,x,2,7391052,4.11314,14.0887,23.61077471125
14_21_25_31_54_40_31,x,3,2648317,2.91262,10.1137,9.3723962035
14_21_25_31_54_40_31,x,4,9184735,3.07628,9.51375,9.609929830675
14_21_25_31_54_40_31,y,1,4928459,3.1811,12.3638,14.2045994225
14_21_25_31_54_40_31,y,2,7391052,3.77541,12.6388,20.06079805175
14_21_25_31_54_40_31,y,3,2648317,4.06917,19.5137,37.445749816775006
14_21_25_31_54_40_31,y,4,9184735,3.54669,13.9637,17.708344140750004
14_21_25_31_54_40_31,z,1,4928459,4.22734,12.6137,20.08323100975
14_21_25_31_54_40_31,z,2,7391052,4.33629,12.6638,16.9340102191
14_21_25_31_54_40_31,z,3,2648317,4.77796,14.4388,27.17607383725
14_21_25_31_54_40_31,z,4,9184735,4.29701,14.0888,23.4847164525
14_23_19_47_55_34_24,x,1,4928459,2.55949,11.1138,9.5411472113225
14_23_19_47_55_34_24,x,2,7391052,2.63828,9.88875,8.301847178000001
14_23_19_47_55_34_24,x,3,2648317,2.84045,9.53875,9.038347706375
14_23_19_47_55_34_24,x,4,9184735,2.03587,11.6138,8.453468694325
14_23_19_47_55_34_24,y,1,4928459,2.9003,10.0637,10.445591858
14_23_19_47_55_34_24,y,2,7391052,4.06903,18.0888,30.2380023409
14_23_19_47_55_34_24,y,3,2648317,3.47636,11.8637,12.67747605525
14_23_19_47_55_34_24,y,4,9184735,3.81448,14.1638,20.5853529437
14_23_19_47_55_34_24,z,1,4928459,3.77997,13.3887,19.23337137395
14_23_19_47_55_34_24,z,2,7391052,4.22914,11.2137,14.09730634325
14_23_19_47_55_34_24,z,3,2648317,4.27587,12.9887,17.348887111000003
14_23_19_47_55_34_24,z,4,9184735,3.29305,9.28875,7.796426553000001
14_23_23_20_75_41_20,x,1,4928459,4.26683,10.3638,12.238479124250002
14_23_23_20_75_41_20,x,2,7391052,3.29858,9.76375,8.392112805749997
14_23_23_20_75_41_20,x,3,2648317,3.23472,13.5638,15.692317239875
14_23_23_20_75_41_20,x,4,9184735,3.2852,9.56375,8.805247159500002
14_23_23_20_75_41_20,y,1,4928459,3.9154,12.5137,16.29744143525
14_23_23_20_75_41_20,y,2,7391052,3.87977,12.6138,14.535538284250002
14_23_23_20_75_41_20,y,3,2648317,4.09004,12.1138,16.420985201250005
14_23_23_20_75_41_20,y,4,9184735,4.0622,13.7138,22.4936242355
14_23_23_20_75_41_20,z,1,4928459,4.15117,14.0388,22.231868028025
14_23_23_20_75_41_20,z,2,7391052,4.34311,14.1387,25.6252944829
14_23_23_20_75_41_20,z,3,2648317,3.68057,9.76375,10.31335672735
14_23_23_20_75_41_20,z,4,9184735,3.41511,13.2637,14.248583395
14_25_11_63_30_30_43,x,1,4928459,4.13428,10.0138,14.085080537632498
14_25_11_63_30_30_43,x,2,7391052,3.24703,10.4637,12.2275621015
14_25_11_63_30_30_43,x,3,2648317,3.31453,11.6888,13.88895946925
14_25_11_63_30_30_43,x,4,9184735,3.30196,11.2138,15.453901622250001
14_25_11_63_30_30_43,y,1,4928459,3.945,13.5637,20.658926287000003
14_25_11_63_30_30_43,y,2,7391052,4.59062,18.5388,32.88743005725
14_25_11_63_30_30_43,y,3,2648317,4.42164,10.5137,9.70508655675
14_25_11_63_30_30_43,y,4,9184735,4.1264,14.4138,22.671479150175
14_25_11_63_30_30_43,z,1,4928459,3.86651,14.2138,18.898526356375
14_25_11_63_30_30_43,z,2,7391052,3.74348,10.2138,11.427735654025
14_25_11_63_30_30_43,z,3,2648317,3.66992,11.1887,13.29335555025
14_25_11_63_30_30_43,z,4,9184735,4.21872,11.8887,15.642666664
14_25_17_33_67_12_48,x,1,4928459,4.2157,13.0137,22.94080691375
14_25_17_33_67_12_48,x,2,7391052,3.2113,9.43875,10.46585921945
14_25_17_33_67_12_48,x,3,2648317,3.77959,12.2638,16.104178525625
14_25_17_33_67_12_48,x,4,9184735,3.82709,14.8887,27.735019602499996
14_25_17_33_67_12_48,y,1,4928459,3.78067,14.1388,23.1628700205
14_25_17_33_67_12_48,y,2,7391052,3.60606,11.4888,14.205037883950002
14_25_17_33_67_12_48,y,3,2648317,3.59553,10.4387,12.8869601565
14_25_17_33_67_12_48,y,4,9184735,3.64556,11.3138,16.47802445575
14_25_17_33_67_12_48,z,1,4928459,3.07027,11.5388,12.26971825875
14_25_17_33_67_12_48,z,2,7391052,3.8452,11.1637,12.5814911255
14_25_17_33_67_12_48,z,3,2648317,3.4505,12.6638,16.318318813575
14_25_17_33_67_12_48,z,4,9184735,3.14654,11.9637,11.888342324824999
14_25_20_29_59_28_41,x,1,4928459,3.61551,11.4888,13.8477764605
14_25_20_29_59_28_41,x,2,7391052,3.16924,11.0887,12.2033121739
14_25_20_29_59_28_41,x,3,2648317,3.39999,10.8638,11.183489407
14_25_20_29_59_28_41,x,4,9184735,3.11921,13.5138,14.16561168675
14_25_20_29_59_28_41,y,1,4928459,3.82905,14.8638,22.295250158050003
14_25_20_29_59_28_41,y,2,7391052,3.78752,11.4638,14.03265621575
14_25_20_29_59_28_41,y,3,2648317,3.71759,12.8138,18.42901301425
14_25_20_29_59_28_41,y,4,9184735,4.24947,11.9887,17.320963418575005
14_25_20_29_59_28_41,z,1,4928459,3.24912,13.0388,17.8326264265
14_25_20_29_59_28_41,z,2,7391052,3.73366,12.6138,19.6536733175
14_25_20_29_59_28_41,z,3,2648317,3.19523,9.88875,11.61157396125
14_25_20_29_59_28_41,z,4,9184735,3.27274,11.6138,15.070108104750002
14_25_39_29_35_38_36,x,1,4928459,3.72565,13.2888,20.5947156095
14_25_39_29_35_38_36,x,2,7391052,4.39454,14.4138,25.01742704975
14_25_39_29_35_38_36,x,3,2648317,3.91193,14.9638,22.83071006125
14_25_39_29_35_38_36,x,4,9184735,3.51547,15.0637,21.667947745750006
14_25_39_29_35_38_36,y,1,4928459,4.24013,13.4887,21.62445156425
14_25_39_29_35_38_36,y,2,7391052,4.191,12.0137,16.857208043249997
14_25_39_29_35_38_36,y,3,2648317,3.80728,12.6387,17.35761103725
14_25_39_29_35_38_36,y,4,9184735,4.18589,11.9887,15.999245439900001
14_25_39_29_35_38_36,z,1,4928459,3.21839,15.9387,20.119573523
14_25_39_29_35_38_36,z,2,7391052,2.94712,12.8638,15.33943554475
14_25_39_29_35_38_36,z,3,2648317,3.01561,14.7138,16.74810265225
14_25_39_29_35_38_36,z,4,9184735,2.8512,14.0637,15.778664682000002
14_26_43_19_49_11_54,x,1,4928459,3.13803,11.9887,12.11242082175
14_26_43_19_49_11_54,x,2,7391052,3.2038,11.5138,11.40280449025
14_26_43_19_49_11_54,x,3,2648317,2.97664,11.1888,11.4243760024
14_26_43_19_49_11_54,x,4,9184735,2.68815,14.4637,14.7352405685
14_26_43_19_49_11_54,y,1,4928459,3.69266,9.91375,10.73022563175
14_26_43_19_49_11_54,y,2,7391052,3.30256,11.1137,12.544784367075
14_26_43_19_49_11_54,y,3,2648317,3.73758,11.5138,12.17373612925
14_26_43_19_49_11_54,y,4,9184735,3.32227,9.91375,10.1309987415
14_26_43_19_49_11_54,z,1,4928459,3.20216,14.3637,19.3094532735
14_26_43_19_49_11_54,z,2,7391052,3.68789,15.3887,24.879872872350003
14_26_43_19_49_11_54,z,3,2648317,4.64745,14.7138,23.743700898
14_26_43_19_49_11_54,z,4,9184735,3.97864,14.6638,24.389323096
14_27_14_47_50_28_36,x,1,4928459,3.51857,11.0388,14.1593100694
14_27_14_47_50_28_36,x,2,7391052,3.38635,10.9387,14.554255362500005
14_27_14_47_50_28_36,x,3,2648317,4.2396,13.1387,21.18429113025
14_27_14_47_50_28_36,x,4,9184735,3.84497,13.4637,18.475156461
14_27_14_47_50_28_36,y,1,4928459,4.11828,13.7638,17.49704279575
14_27_14_47_50_28_36,y,2,7391052,3.38797,13.1888,17.751021278750002
14_27_14_47_50_28_36,y,3,2648317,3.74214,13.4387,17.5542451931
14_27_14_47_50_28_36,y,4,9184735,3.54876,14.3637,17.804884479250003
14_27_14_47_50_28_36,z,1,4928459,3.95071,14.0888,21.16837553345
14_27_14_47_50_28_36,z,2,7391052,3.64734,10.6137,11.76365847975
14_27_14_47_50_28_36,z,3,2648317,3.12417,10.1137,10.5786467155
14_27_14_47_50_28_36,z,4,9184735,3.51121,12.2137,16.930192601999998
14_27_1_4_143_23_4,x,1,4928459,4.03803,11.4137,11.897932940825
14_27_1_4_143_23_4,x,2,7391052,3.82539,12.1387,14.2974112805
14_27_1_4_143_23_4,x,3,2648317,4.12228,11.1638,13.4148195748
14_27_1_4_143_23_4,x,4,9184735,4.11282,10.8887,13.4139637235
14_27_1_4_143_23_4,y,1,4928459,4.54174,13.2388,21.077984562750004
14_27_1_4_143_23_4,y,2,7391052,5.51468,11.6138,15.864542444700003
14_27_1_4_143_23_4,y,3,2648317,4.86806,14.8637,28.2034712235
14_27_1_4_143_23_4,y,4,9184735,5.39883,12.3387,15.175651653875
14_27_1_4_143_23_4,z,1,4928459,4.28183,11.1637,15.580932649249998
14_27_1_4_143_23_4,z,2,7391052,3.65122,10.9638,14.527893325249998
14_27_1_4_143_23_4,z,3,2648317,4.1584,13.1887,19.5391489994675
14_27_1_4_143_23_4,z,4,9184735,4.26866,13.2138,20.855035184125
14_28_19_30_68_32_25,x,1,4928459,2.37244,10.5137,8.82287327125
14_28_19_30_68_32_25,x,2,7391052,3.06491,13.2388,12.743555346
14_28_19_30_68_32_25,x,3,2648317,2.38298,11.8888,9.9690904382345
14_28_19_30_68_32_25,x,4,9184735,2.66579,12.2888,11.491661206249999
14_28_19_30_68_32_25,y,1,4928459,3.64314,12.6887,15.5430318275
14_28_19_30_68_32_25,y,2,7391052,3.9868,10.5387,14.8071119295
14_28_19_30_68_32_25,y,3,2648317,3.8112,12.1388,20.15891000875
14_28_19_30_68_32_25,y,4,9184735,3.90478,10.9637,14.359573144000002
14_28_19_30_68_32_25,z,1,4928459,3.9293,13.7888,19.9656564105375
14_28_19_30_68_32_25,z,2,7391052,4.05843,16.1137,25.413354535
14_28_19_30_68_32_25,z,3,2648317,3.68131,14.6138,19.9721578505
14_28_19_30_68_32_25,z,4,9184735,3.60929,12.9137,18.177535888
14_28_21_32_42_40_39,x,1,4928459,3.69849,11.4387,15.134415454675
14_28_21_32_42_40_39,x,2,7391052,3.14889,9.51375,8.632558125625
14_28_21_32_42_40_39,x,3,2648317,2.73663,10.4638,11.084088188
14_28_21_32_42_40_39,x,4,9184735,2.43932,10.4888,9.948340873
14_28_21_32_42_40_39,y,1,4928459,3.33179,11.9387,15.425404269425
14_28_21_32_42_40_39,y,2,7391052,3.82461,12.3137,17.32352792375
14_28_21_32_42_40_39,y,3,2648317,3.6932,12.9387,18.586662185550004
14_28_21_32_42_40_39,y,4,9184735,3.58641,10.2888,13.197299105
14_28_21_32_42_40_39,z,1,4928459,4.41015,12.8637,18.0868109835
14_28_21_32_42_40_39,z,2,7391052,3.59139,11.5138,12.59907775575
14_28_21_32_42_40_39,z,3,2648317,3.81082,12.3137,15.57325262725
14_28_21_32_42_40_39,z,4,9184735,3.52605,15.1638,20.035459271249998
14_28_22_46_20_58_28,x,1,4928459,3.79925,12.1387,17.086414674
14_28_22_46_20_58_28,x,2,7391052,3.73451,15.1388,25.070092612500005
14_28_22_46_20_58_28,x,3,2648317,3.24872,11.6137,14.45194187975
14_28_22_46_20_58_28,x,4,9184735,3.51758,13.0388,15.3006132905
14_28_22_46_20_58_28,y,1,4928459,2.80215,10.4138,11.901085594925
14_28_22_46_20_58_28,y,2,7391052,2.71078,9.51375,8.23488830825
14_28_22_46_20_58_28,y,3,2648317,3.39568,12.7637,14.153130454825
14_28_22_46_20_58_28,y,4,9184735,2.76293,9.71375,11.091324886750002
14_28_22_46_20_58_28,z,1,4928459,3.74156,13.2888,15.707256758684998
14_28_22_46_20_58_28,z,2,7391052,2.18727,10.8388,8.6042755225
14_28_22_46_20_58_28,z,3,2648317,3.38576,11.3388,13.01633871125
14_28_22_46_20_58_28,z,4,9184735,2.52697,10.2388,7.15824277275
14_28_25_44_29_24_52,x,1,4928459,3.08426,13.3888,20.51584548175
14_28_25_44_29_24_52,x,2,7391052,3.81613,12.4138,19.467693607875
14_28_25_44_29_24_52,x,3,2648317,3.50352,11.7138,16.767125045500002
14_28_25_44_29_24_52,x,4,9184735,3.12688,14.3888,21.632451673
14_28_25_44_29_24_52,y,1,4928459,3.20884,11.0388,9.9350182369
14_28_25_44_29_24_52,y,2,7391052,3.10887,13.2638,15.139045897124998
14_28_25_44_29_24_52,y,3,2648317,3.04874,10.5137,7.203902007975
14_28_25_44_29_24_52,y,4,9184735,3.37097,15.7637,20.49132869025
14_28_25_44_29_24_52,z,1,4928459,2.50654,11.6388,10.760966013999996
14_28_25_44_29_24_52,z,2,7391052,2.68581,12.9137,13.865797457125002
14_28_25_44_29_24_52,z,3,2648317,2.96935,13.4387,17.73127878625
14_28_25_44_29_24_52,z,4,9184735,2.40097,12.5888,12.613261922500001
14_29_22_35_32_38_46,x,1,4928459,3.88132,12.2637,18.24536884795
14_29_22_35_32_38_46,x,2,7391052,3.90927,13.8888,19.1110367365
14_29_22_35_32_38_46,x,3,2648317,3.8214,11.5637,15.670926918925002
14_29_22_35_32_38_46,x,4,9184735,3.68354,13.0637,19.871304997
14_29_22_35_32_38_46,y,1,4928459,1.90149,10.2637,6.8435115119725
14_29_22_35_32_38_46,y,2,7391052,1.58102,11.7637,8.452036736
14_29_22_35_32_38_46,y,3,2648317,1.86888,14.5388,9.4195963695
14_29_22_35_32_38_46,y,4,9184735,2.26544,10.7138,8.419978714125001
14_29_22_35_32_38_46,z,1,4928459,3.36708,11.4388,14.75617753875
14_29_22_35_32_38_46,z,2,7391052,3.47107,12.6138,15.756743992675002
14_29_22_35_32_38_46,z,3,2648317,3.03299,14.6887,18.9363545625
14_29_22_35_32_38_46,z,4,9184735,3.02168,12.1387,12.885085236999998
14_29_31_25_38_30_49,x,1,4928459,3.37821,13.6138,18.50230162675
14_29_31_25_38_30_49,x,2,7391052,3.45845,9.56375,12.572880835
14_29_31_25_38_30_49,x,3,2648317,3.94481,14.3887,24.60281568625
14_29_31_25_38_30_49,x,4,9184735,3.87476,13.3387,22.84668365775
14_29_31_25_38_30_49,y,1,4928459,3.23248,11.2888,12.43509213375
14_29_31_25_38_30_49,y,2,7391052,2.65826,12.9888,13.55105263675
14_29_31_25_38_30_49,y,3,2648317,2.80442,11.4888,10.885603897875
14_29_31_25_38_30_49,y,4,9184735,3.42165,13.0388,15.91010049845
14_29_31_25_38_30_49,z,1,4928459,3.15612,12.5137,16.1476963415
14_29_31_25_38_30_49,z,2,7391052,3.91121,14.4638,22.20870089225
14_29_31_25_38_30_49,z,3,2648317,4.07054,15.4388,24.70445435875
14_29_31_25_38_30_49,z,4,9184735,3.18509,13.7637,19.807660292324996
14_29_33_26_25_43_46,x,1,4928459,3.43469,11.6888,13.11168511475
14_29_33_26_25_43_46,x,2,7391052,3.5522,9.48875,9.848624626
14_29_33_26_25_43_46,x,3,2648317,3.44954,11.3388,13.897865860500003
14_29_33_26_25_43_46,x,4,9184735,3.12549,11.9137,12.940044968749998
14_29_33_26_25_43_46,y,1,4928459,3.72094,11.8138,15.66618722375
14_29_33_26_25_43_46,y,2,7391052,3.04416,10.7637,11.46494549025
14_29_33_26_25_43_46,y,3,2648317,4.21938,9.36375,10.406735521499998
14_29_33_26_25_43_46,y,4,9184735,4.04491,14.7388,24.385955665075002
14_29_33_26_25_43_46,z,1,4928459,3.66779,9.01375,10.984978026
14_29_33_26_25_43_46,z,2,7391052,3.48481,10.3638,14.095271663000002
14_29_33_26_25_43_46,z,3,2648317,3.6591,10.6137,14.042061706999998
14_29_33_26_25_43_46,z,4,9184735,3.07894,10.2887,12.7417816512
14_29_34_26_24_39_50,x,1,4928459,4.2613,14.8138,26.99320719225
14_29_34_26_24_39_50,x,2,7391052,3.44474,9.78875,10.947944222
14_29_34_26_24_39_50,x,3,2648317,3.79101,13.3638,20.95425500825
14_29_34_26_24_39_50,x,4,9184735,4.3554,16.0887,30.187697080249997
14_29_34_26_24_39_50,y,1,4928459,2.51145,12.2638,14.10433867375
14_29_34_26_24_39_50,y,2,7391052,2.90791,12.7137,15.04672109075
14_29_34_26_24_39_50,y,3,2648317,3.16353,10.2138,11.592000051175
14_29_34_26_24_39_50,y,4,9184735,3.059,11.8387,13.57368514
14_29_34_26_24_39_50,z,1,4928459,1.73579,8.73875,5.08857138525
14_29_34_26_24_39_50,z,2,7391052,1.82697,9.08875,6.536211110000002
14_29_34_26_24_39_50,z,3,2648317,1.68216,9.38875,5.456750260749999
14_29_34_26_24_39_50,z,4,9184735,1.82456,9.21375,5.384648500999999
14_29_35_19_25_74_20,x,1,4928459,3.82389,12.4137,15.48225462675
14_29_35_19_25_74_20,x,2,7391052,3.69454,13.9138,20.0047468085
14_29_35_19_25_74_20,x,3,2648317,3.81545,11.4138,13.5259287315
14_29_35_19_25_74_20,x,4,9184735,3.55766,12.9138,14.948143249500001
14_29_35_19_25_74_20,y,1,4928459,3.1426,9.46375,9.00501687375
14_29_35_19_25_74_20,y,2,7391052,3.38636,10.6137,13.47440454225
14_29_35_19_25_74_20,y,3,2648317,3.66695,14.1887,22.39906005575
14_29_35_19_25_74_20,y,4,9184735,3.01167,11.5388,12.41178680325
14_29_35_19_25_74_20,z,1,4928459,4.86463,15.0388,23.5152614165
14_29_35_19_25_74_20,z,2,7391052,4.17331,13.5638,21.261342226
14_29_35_19_25_74_20,z,3,2648317,4.26531,12.9388,20.1611259203
14_29_35_19_25_74_20,z,4,9184735,3.7057,12.1887,18.08783514325
14_2_14_75_77_27_7,x,1,4928459,3.62728,9.93875,8.17381476955
14_2_14_75_77_27_7,x,2,7391052,3.4876,11.4388,13.7575161453
14_2_14_75_77_27_7,x,3,2648317,3.88443,12.7388,16.89381098885
14_2_14_75_77_27_7,x,4,9184735,4.02295,11.7137,14.064281964600001
14_2_14_75_77_27_7,y,1,4928459,4.12931,15.3637,23.23034175975
14_2_14_75_77_27_7,y,2,7391052,4.35125,16.4888,27.75017235575
14_2_14_75_77_27_7,y,3,2648317,4.60099,19.9888,39.27671699875
14_2_14_75_77_27_7,y,4,9184735,4.67706,14.5387,22.304174005500002
14_2_14_75_77_27_7,z,1,4928459,4.41975,15.8887,30.90438287175
14_2_14_75_77_27_7,z,2,7391052,4.77027,14.6387,25.168090743
14_2_14_75_77_27_7,z,3,2648317,5.17255,15.1637,28.89286668225
14_2_14_75_77_27_7,z,4,9184735,3.7733,12.7137,20.077025305499998
14_2_16_67_88_21_8,x,1,4928459,3.89337,14.4638,20.20602482475
14_2_16_67_88_21_8,x,2,7391052,4.526,17.4138,33.5709218787225
14_2_16_67_88_21_8,x,3,2648317,4.09978,17.7887,32.462583053500005
14_2_16_67_88_21_8,x,4,9184735,3.80005,15.3388,24.55744318265
14_2_16_67_88_21_8,y,1,4928459,4.62039,14.3138,25.059519089
14_2_16_67_88_21_8,y,2,7391052,4.51461,17.9388,35.533441856
14_2_16_67_88_21_8,y,3,2648317,4.44222,17.2638,36.144241511425
14_2_16_67_88_21_8,y,4,9184735,4.72334,13.1387,24.655774045999998
14_2_16_67_88_21_8,z,1,4928459,3.06473,11.1637,12.4569738394
14_2_16_67_88_21_8,z,2,7391052,3.53287,12.1887,14.221447079150002
14_2_16_67_88_21_8,z,3,2648317,3.89736,12.7888,16.751439417500002
14_2_16_67_88_21_8,z,4,9184735,3.31619,12.5637,13.95051198725
14_30_25_31_30_35_51,x,1,4928459,3.60269,8.28875,8.435499878249999
14_30_25_31_30_35_51,x,2,7391052,3.61559,9.61375,11.5512969525
14_30_25_31_30_35_51,x,3,2648317,3.70781,10.5388,9.4350842956815
14_30_25_31_30_35_51,x,4,9184735,3.85848,9.53875,10.700560655575
14_30_25_31_30_35_51,y,1,4928459,4.06713,12.4137,19.900186421325
14_30_25_31_30_35_51,y,2,7391052,3.20042,9.48875,9.3050730858825
14_30_25_31_30_35_51,y,3,2648317,4.50171,11.1137,15.977486222125
14_30_25_31_30_35_51,y,4,9184735,4.03647,15.0888,27.491632895000002
14_30_25_31_30_35_51,z,1,4928459,3.88745,12.3137,12.43126014015
14_30_25_31_30_35_51,z,2,7391052,3.68555,14.2387,16.30768561975
14_30_25_31_30_35_51,z,3,2648317,3.10526,11.0388,10.730833027
14_30_25_31_30_35_51,z,4,9184735,3.79091,14.8388,16.255391060375004
14_31_28_25_39_36_43,x,1,4928459,4.05197,13.5387,20.049763009375
14_31_28_25_39_36_43,x,2,7391052,3.12149,9.98875,10.376285266500002
14_31_28_25_39_36_43,x,3,2648317,4.08226,12.7387,19.53024398925
14_31_28_25_39_36_43,x,4,9184735,3.12911,10.7638,10.682402641
14_31_28_25_39_36_43,y,1,4928459,4.00478,13.8887,21.30877877695
14_31_28_25_39_36_43,y,2,7391052,3.46857,11.4138,13.57246233475
14_31_28_25_39_36_43,y,3,2648317,3.8643,13.8887,23.371451651
14_31_28_25_39_36_43,y,4,9184735,4.05595,16.9888,31.209737588
14_31_28_25_39_36_43,z,1,4928459,3.54904,10.1638,12.86148075175
14_31_28_25_39_36_43,z,2,7391052,3.077,10.8387,11.49714375
14_31_28_25_39_36_43,z,3,2648317,3.01916,12.9137,14.824878919
14_31_28_25_39_36_43,z,4,9184735,3.60516,12.0138,16.489592971
14_31_33_29_20_34_55,x,1,4928459,3.02597,9.86375,10.5168030455
14_31_33_29_20_34_55,x,2,7391052,3.52414,12.4138,19.42755269725
14_31_33_29_20_34_55,x,3,2648317,3.64283,11.9888,16.118792202500003
14_31_33_29_20_34_55,x,4,9184735,3.51208,9.43875,11.43421978175
14_31_33_29_20_34_55,y,1,4928459,1.50965,9.38875,5.1948922365
14_31_33_29_20_34_55,y,2,7391052,1.54095,11.6887,7.248138421225001
14_31_33_29_20_34_55,y,3,2648317,1.65921,10.8888,6.525717370475
14_31_33_29_20_34_55,y,4,9184735,1.63536,12.1638,6.384980351075001
14_31_33_29_20_34_55,z,1,4928459,4.06119,13.3387,19.54265961325
14_31_33_29_20_34_55,z,2,7391052,3.36079,13.4138,20.2698496135
14_31_33_29_20_34_55,z,3,2648317,3.67118,12.8387,19.661631815375003
14_31_33_29_20_34_55,z,4,9184735,3.73819,12.5137,17.993668472499998
14_31_34_25_41_14_57,x,1,4928459,3.63079,13.6387,17.880192571875
14_31_34_25_41_14_57,x,2,7391052,3.14671,12.2388,14.1557435745
14_31_34_25_41_14_57,x,3,2648317,3.56594,14.9638,19.384760786750004
14_31_34_25_41_14_57,x,4,9184735,3.48624,13.6638,16.3987962089925
14_31_34_25_41_14_57,y,1,4928459,3.31153,12.7888,13.18778337325
14_31_34_25_41_14_57,y,2,7391052,2.87099,11.4637,12.17350022525
14_31_34_25_41_14_57,y,3,2648317,4.01177,15.2638,21.68899166675
14_31_34_25_41_14_57,y,4,9184735,2.87412,11.3138,12.332351901249996
14_31_34_25_41_14_57,z,1,4928459,3.17274,10.9638,12.75550596
14_31_34_25_41_14_57,z,2,7391052,4.01726,13.8137,22.071693034000003
14_31_34_25_41_14_57,z,3,2648317,3.1535,11.4638,12.9131932235
14_31_34_25_41_14_57,z,4,9184735,4.67013,13.1387,20.17454445775
14_31_37_29_36_12_57,x,1,4928459,3.95178,14.0638,22.51568033625
14_31_37_29_36_12_57,x,2,7391052,3.34103,17.6138,26.855995648875
14_31_37_29_36_12_57,x,3,2648317,3.55864,13.6137,20.581761239
14_31_37_29_36_12_57,x,4,9184735,3.7262,12.0388,16.641256320125
14_31_37_29_36_12_57,y,1,4928459,1.56638,14.9888,10.23929739075
14_31_37_29_36_12_57,y,2,7391052,1.66006,14.2387,11.15977603075
14_31_37_29_36_12_57,y,3,2648317,2.20995,12.6137,11.06419353325
14_31_37_29_36_12_57,y,4,9184735,1.87513,12.4887,10.0347430345
14_31_37_29_36_12_57,z,1,4928459,2.69602,13.7387,15.202406224
14_31_37_29_36_12_57,z,2,7391052,3.45229,19.9888,39.97985711425
14_31_37_29_36_12_57,z,3,2648317,3.66504,12.5887,16.0846770615
14_31_37_29_36_12_57,z,4,9184735,3.44706,15.7887,26.03540549025
14_32_18_37_42_47_26,x,1,4928459,5.20843,12.4887,20.1349733505
14_32_18_37_42_47_26,x,2,7391052,4.48323,15.3888,26.815248252750003
14_32_18_37_42_47_26,x,3,2648317,3.97479,12.9137,18.87061378875
14_32_18_37_42_47_26,x,4,9184735,4.29518,13.0638,20.912446928900003
14_32_18_37_42_47_26,y,1,4928459,3.56677,14.6387,19.30666412425
14_32_18_37_42_47_26,y,2,7391052,2.73784,14.3637,15.761291898625002
14_32_18_37_42_47_26,y,3,2648317,3.91622,14.4137,22.880705240750004
14_32_18_37_42_47_26,y,4,9184735,3.60802,14.0137,19.65345761825
14_32_18_37_42_47_26,z,1,4928459,4.29367,14.2637,20.754253859175
14_32_18_37_42_47_26,z,2,7391052,3.94896,12.2888,17.87943076675
14_32_18_37_42_47_26,z,3,2648317,4.74142,13.0888,18.407424934500003
14_32_18_37_42_47_26,z,4,9184735,3.427,11.1138,12.8293394275
14_32_28_27_25_59_31,x,1,4928459,3.58978,11.3888,15.880797232425
14_32_28_27_25_59_31,x,2,7391052,3.67091,13.9387,19.7331437905
14_32_28_27_25_59_31,x,3,2648317,4.4516,15.6387,32.439092742475005
14_32_28_27_25_59_31,x,4,9184735,3.99558,10.5638,15.5674835141
14_32_28_27_25_59_31,y,1,4928459,3.26135,13.4388,14.7366336045
14_32_28_27_25_59_31,y,2,7391052,4.09146,9.91375,13.076106768
14_32_28_27_25_59_31,y,3,2648317,3.10427,9.83875,9.54211084375
14_32_28_27_25_59_31,y,4,9184735,3.25522,11.2387,11.88117144125
14_32_28_27_25_59_31,z,1,4928459,3.90219,13.0388,17.33037468925
14_32_28_27_25_59_31,z,2,7391052,3.26552,13.8887,17.0853795785
14_32_28_27_25_59_31,z,3,2648317,3.67856,19.9887,36.730524821
14_32_28_27_25_59_31,z,4,9184735,3.81922,19.7138,31.1402277445
14_32_31_18_41_40_40,x,1,4928459,4.27371,12.8638,19.92044451975
14_32_31_18_41_40_40,x,2,7391052,3.53245,16.0638,26.7336520685
14_32_31_18_41_40_40,x,3,2648317,4.32317,12.0388,18.29503026925
14_32_31_18_41_40_40,x,4,9184735,3.46082,11.9638,15.928279008000002
14_32_31_18_41_40_40,y,1,4928459,3.0667,13.9637,17.73625891975
14_32_31_18_41_40_40,y,2,7391052,2.8457,16.9888,21.180757025250003
14_32_31_18_41_40_40,y,3,2648317,4.2509,19.4887,30.435754265975003
14_32_31_18_41_40_40,y,4,9184735,3.47033,15.5137,19.831515696224997
14_32_31_18_41_40_40,z,1,4928459,2.5777,10.9138,10.8004205769
14_32_31_18_41_40_40,z,2,7391052,2.36173,11.3388,12.091079049875
14_32_31_18_41_40_40,z,3,2648317,2.15568,8.56375,5.95729448125
14_32_31_18_41_40_40,z,4,9184735,2.74066,11.4137,11.628979178999998
14_33_11_35_55_22_46,x,1,4928459,3.75454,16.6638,25.70419995625
14_33_11_35_55_22_46,x,2,7391052,3.51126,12.7637,16.533851971824998
14_33_11_35_55_22_46,x,3,2648317,3.22988,12.6887,13.952405118125
14_33_11_35_55_22_46,x,4,9184735,3.60859,16.0387,25.117588436000002
14_33_11_35_55_22_46,y,1,4928459,4.12728,11.6638,16.857379339775
14_33_11_35_55_22_46,y,2,7391052,3.80917,14.7137,22.5122535962
14_33_11_35_55_22_46,y,3,2648317,4.13909,11.6888,17.329286632000002
14_33_11_35_55_22_46,y,4,9184735,4.0472,14.4887,24.57396033245
14_33_11_35_55_22_46,z,1,4928459,3.10991,10.2887,10.11969721615
14_33_11_35_55_22_46,z,2,7391052,2.89492,9.21375,7.724568240625
14_33_11_35_55_22_46,z,3,2648317,3.39455,10.2638,11.053167272
14_33_11_35_55_22_46,z,4,9184735,3.37481,10.7388,12.95944955625
14_33_20_47_27_18_57,x,1,4928459,3.3968,11.7138,16.367330276
14_33_20_47_27_18_57,x,2,7391052,3.87074,14.0137,26.39524502925
14_33_20_47_27_18_57,x,3,2648317,3.66566,12.1637,16.381621651
14_33_20_47_27_18_57,x,4,9184735,3.01311,11.8638,12.244566149025001
14_33_20_47_27_18_57,y,1,4928459,1.68546,11.0887,6.446181499325
14_33_20_47_27_18_57,y,2,7391052,2.06608,11.9637,9.1749629729
14_33_20_47_27_18_57,y,3,2648317,1.52463,10.0638,6.4352281945500005
14_33_20_47_27_18_57,y,4,9184735,2.00037,11.3888,8.276868264725
14_33_20_47_27_18_57,z,1,4928459,3.65145,13.1888,18.7983974121
14_33_20_47_27_18_57,z,2,7391052,3.73278,13.5637,21.61618369925
14_33_20_47_27_18_57,z,3,2648317,4.37072,13.2137,22.04541356665
14_33_20_47_27_18_57,z,4,9184735,3.79721,17.1637,31.111309968125
14_33_21_34_50_23_41,x,1,4928459,2.13355,10.1387,8.263314193249998
14_33_21_34_50_23_41,x,2,7391052,2.18728,10.6388,8.47187347925
14_33_21_34_50_23_41,x,3,2648317,2.9221,13.3388,14.4456501751
14_33_21_34_50_23_41,x,4,9184735,2.19795,12.1137,11.269224044500001
14_33_21_34_50_23_41,y,1,4928459,3.96051,14.9137,22.039409355275
14_33_21_34_50_23_41,y,2,7391052,4.37199,14.2638,21.477741684
14_33_21_34_50_23_41,y,3,2648317,4.01501,13.9887,19.538846972
14_33_21_34_50_23_41,y,4,9184735,3.97351,14.9138,25.731241831749998
14_33_21_34_50_23_41,z,1,4928459,2.17805,11.6387,11.191456594499998
14_33_21_34_50_23_41,z,2,7391052,2.57416,10.1387,8.876762865224999
14_33_21_34_50_23_41,z,3,2648317,1.80628,11.0888,9.029814808
14_33_21_34_50_23_41,z,4,9184735,2.45398,11.9388,11.679482189999998
14_33_38_23_21_42_45,x,1,4928459,2.56259,11.8888,10.595726586675
14_33_38_23_21_42_45,x,2,7391052,2.29653,12.2888,9.5900981821
14_33_38_23_21_42_45,x,3,2648317,2.53707,13.2638,12.96918243775
14_33_38_23_21_42_45,x,4,9184735,2.19273,12.4638,10.378661413500001
14_33_38_23_21_42_45,y,1,4928459,3.01572,12.9387,14.31972381075
14_33_38_23_21_42_45,y,2,7391052,2.63396,9.86375,9.615733306375
14_33_38_23_21_42_45,y,3,2648317,2.7812,10.5637,10.606438269000002
14_33_38_23_21_42_45,y,4,9184735,2.45039,9.06375,7.823883008250001
14_33_38_23_21_42_45,z,1,4928459,3.11895,15.9137,25.701409212275003
14_33_38_23_21_42_45,z,2,7391052,3.84849,14.3887,23.893799303
14_33_38_23_21_42_45,z,3,2648317,3.17718,10.2138,10.439716872000002
14_33_38_23_21_42_45,z,4,9184735,3.29357,16.5388,25.441482000325003
14_33_38_27_23_28_53,x,1,4928459,2.20979,11.6638,6.3260587953375005
14_33_38_27_23_28_53,x,2,7391052,2.61369,8.83875,6.428090126750001
14_33_38_27_23_28_53,x,3,2648317,2.3618,8.91375,7.001768469999999
14_33_38_27_23_28_53,x,4,9184735,1.92097,10.7637,6.056279007299999
14_33_38_27_23_28_53,y,1,4928459,3.91771,15.2388,28.01236757885
14_33_38_27_23_28_53,y,2,7391052,2.78408,8.68875,7.512180915
14_33_38_27_23_28_53,y,3,2648317,3.94723,11.7887,16.909268437250002
14_33_38_27_23_28_53,y,4,9184735,2.93737,10.6138,12.006296552124999
14_33_38_27_23_28_53,z,1,4928459,3.13066,11.1388,9.472127183225
14_33_38_27_23_28_53,z,2,7391052,2.75249,9.98875,8.18682192575
14_33_38_27_23_28_53,z,3,2648317,2.63585,9.63875,8.64946854175
14_33_38_27_23_28_53,z,4,9184735,3.06576,8.38875,6.9022066424999995
14_34_0_48_42_44_34,x,1,4928459,3.15125,11.7887,14.34092017565
14_34_0_48_42_44_34,x,2,7391052,4.32051,18.6887,33.339785991
14_34_0_48_42_44_34,x,3,2648317,3.71756,11.5887,15.302235851
14_34_0_48_42_44_34,x,4,9184735,3.94946,15.4638,23.712105163
14_34_0_48_42_44_34,y,1,4928459,3.18086,9.08875,11.563727027375002
14_34_0_48_42_44_34,y,2,7391052,3.50404,10.1637,13.769104827124998
14_34_0_48_42_44_34,y,3,2648317,3.4801,11.6387,13.1369110805
14_34_0_48_42_44_34,y,4,9184735,3.72235,10.6388,13.95986726475
14_34_0_48_42_44_34,z,1,4928459,3.26045,12.7888,12.627517513275
14_34_0_48_42_44_34,z,2,7391052,3.20796,11.6638,11.4494900472
14_34_0_48_42_44_34,z,3,2648317,3.48887,12.1137,15.943103069
14_34_0_48_42_44_34,z,4,9184735,3.78236,13.2637,19.767433322000002
14_34_29_37_20_35_47,x,1,4928459,3.06436,10.8137,11.5364393820875
14_34_29_37_20_35_47,x,2,7391052,2.2122,10.5638,10.00184801625
14_34_29_37_20_35_47,x,3,2648317,2.6007,11.5137,11.15460288025
14_34_29_37_20_35_47,x,4,9184735,2.62851,11.3637,11.84599126225
14_34_29_37_20_35_47,y,1,4928459,3.2794,13.0388,18.59838180425
14_34_29_37_20_35_47,y,2,7391052,3.37033,11.9138,14.0900769515
14_34_29_37_20_35_47,y,3,2648317,3.30622,17.2888,25.93275302525
14_34_29_37_20_35_47,y,4,9184735,3.50488,15.7888,25.267063759745
14_34_29_37_20_35_47,z,1,4928459,2.43508,12.8637,12.809826639
14_34_29_37_20_35_47,z,2,7391052,2.78937,11.2888,11.070640247249996
14_34_29_37_20_35_47,z,3,2648317,2.7705,12.4387,12.836025273
14_34_29_37_20_35_47,z,4,9184735,2.54676,11.2638,10.478431007375
14_34_30_23_31_55_29,x,1,4928459,4.045,10.4888,14.157032391250002
14_34_30_23_31_55_29,x,2,7391052,3.48045,9.68875,12.171626418750002
14_34_30_23_31_55_29,x,3,2648317,3.68244,11.3638,14.886124086750002
14_34_30_23_31_55_29,x,4,9184735,3.87249,10.7137,13.387881935250002
14_34_30_23_31_55_29,y,1,4928459,3.14803,12.9888,13.585393383
14_34_30_23_31_55_29,y,2,7391052,4.10458,16.5888,23.11596414175
14_34_30_23_31_55_29,y,3,2648317,4.42097,11.7388,13.76708433225
14_34_30_23_31_55_29,y,4,9184735,3.57306,16.5637,21.498162113499998
14_34_30_23_31_55_29,z,1,4928459,4.37458,14.0387,22.9295697645
14_34_30_23_31_55_29,z,2,7391052,3.38688,13.3138,15.5243365455
14_34_30_23_31_55_29,z,3,2648317,3.82675,13.4637,19.4279343655
14_34_30_23_31_55_29,z,4,9184735,3.0365,11.4138,13.250422696225
14_34_36_19_25_51_37,x,1,4928459,3.71692,12.5638,16.0432604935
14_34_36_19_25_51_37,x,2,7391052,3.89812,15.8387,25.123672057375
14_34_36_19_25_51_37,x,3,2648317,3.40198,13.3638,20.28636356575
14_34_36_19_25_51_37,x,4,9184735,3.79372,17.8637,32.301673015125
14_34_36_19_25_51_37,y,1,4928459,3.10103,9.33875,8.588581817249999
14_34_36_19_25_51_37,y,2,7391052,3.33556,10.8387,13.00651152275
14_34_36_19_25_51_37,y,3,2648317,3.01398,9.73875,8.376268933499999
14_34_36_19_25_51_37,y,4,9184735,3.44749,9.51375,9.019989935
14_34_36_19_25_51_37,z,1,4928459,2.36498,9.51375,7.928331220249999
14_34_36_19_25_51_37,z,2,7391052,2.29696,8.81375,6.374154362750001
14_34_36_19_25_51_37,z,3,2648317,2.3712,10.3638,10.1511453385
14_34_36_19_25_51_37,z,4,9184735,2.43024,10.4138,9.356427821250001
14_34_6_58_40_26_38,x,1,4928459,2.9515,9.28875,7.54791187525
14_34_6_58_40_26_38,x,2,7391052,3.32157,10.6138,11.864216512175002
14_34_6_58_40_26_38,x,3,2648317,3.19475,10.1638,11.213441525175002
14_34_6_58_40_26_38,x,4,9184735,3.37908,11.0638,10.900259077749999
14_34_6_58_40_26_38,y,1,4928459,4.05326,11.5887,15.671491153000003
14_34_6_58_40_26_38,y,2,7391052,4.27062,18.2138,35.53591454625
14_34_6_58_40_26_38,y,3,2648317,4.09,12.2387,16.758922733749998
14_34_6_58_40_26_38,y,4,9184735,3.3862,11.8387,13.619216632750001
14_34_6_58_40_26_38,z,1,4928459,4.56706,16.0388,28.73856803025
14_34_6_58_40_26_38,z,2,7391052,4.52734,9.91375,10.4579556785
14_34_6_58_40_26_38,z,3,2648317,3.7512,11.7638,13.07344881125
14_34_6_58_40_26_38,z,4,9184735,4.07416,10.4138,13.338703115500001
14_35_17_2_90_25_33,x,1,4928459,4.34193,15.2637,31.388193988000005
14_35_17_2_90_25_33,x,2,7391052,4.0692,11.6137,19.104970809925
14_35_17_2_90_25_33,x,3,2648317,4.05226,12.5887,21.78548996925
14_35_17_2_90_25_33,x,4,9184735,3.61768,7.73875,7.443197175250001
14_35_17_2_90_25_33,y,1,4928459,3.96424,14.4638,23.9076874679
14_35_17_2_90_25_33,y,2,7391052,4.09853,12.2887,16.44098919675
14_35_17_2_90_25_33,y,3,2648317,4.27238,12.6638,18.1650464155
14_35_17_2_90_25_33,y,4,9184735,4.18823,14.3637,20.751043898500004
14_35_17_2_90_25_33,z,1,4928459,3.74491,13.5388,17.022620379750002
14_35_17_2_90_25_33,z,2,7391052,3.55635,18.0388,29.48348745625
14_35_17_2_90_25_33,z,3,2648317,4.26263,19.9887,36.05589206225
14_35_17_2_90_25_33,z,4,9184735,3.75012,14.5388,19.94119176365
14_35_9_6_65_77_10,x,1,4928459,3.74255,11.2638,13.7177817705
14_35_9_6_65_77_10,x,2,7391052,4.62243,18.5387,35.492042453500005
14_35_9_6_65_77_10,x,3,2648317,4.94097,13.8388,21.1800924544575
14_35_9_6_65_77_10,x,4,9184735,4.33451,11.4637,14.953059267250001
14_35_9_6_65_77_10,y,1,4928459,4.14987,8.28875,7.982265571624999
14_35_9_6_65_77_10,y,2,7391052,4.38241,10.2138,13.29871773475
14_35_9_6_65_77_10,y,3,2648317,3.42674,9.71375,9.18269821275
14_35_9_6_65_77_10,y,4,9184735,3.93707,10.7887,13.985997327999998
14_35_9_6_65_77_10,z,1,4928459,4.02105,9.98875,10.8916900375
14_35_9_6_65_77_10,z,2,7391052,4.61705,9.86375,12.17631239325
14_35_9_6_65_77_10,z,3,2648317,4.05471,14.9388,26.1222960307
14_35_9_6_65_77_10,z,4,9184735,4.04204,12.6138,20.932189906350004
14_36_22_23_13_79_29,x,1,4928459,4.30054,10.0888,13.543477794250002
14_36_22_23_13_79_29,x,2,7391052,4.20403,13.1387,20.71350286425
14_36_22_23_13_79_29,x,3,2648317,4.56089,12.5387,19.258424436
14_36_22_23_13_79_29,x,4,9184735,3.99509,10.2138,13.53673905375
14_36_22_23_13_79_29,y,1,4928459,3.77276,14.5637,22.548617447425
14_36_22_23_13_79_29,y,2,7391052,4.1122,19.9887,42.2882437
14_36_22_23_13_79_29,y,3,2648317,4.00146,15.7388,29.2728958055
14_36_22_23_13_79_29,y,4,9184735,3.92885,17.5137,31.421965460000003
14_36_22_23_13_79_29,z,1,4928459,1.62011,9.21375,5.2206515086500005
14_36_22_23_13_79_29,z,2,7391052,2.19731,9.03875,5.7043561735
14_36_22_23_13_79_29,z,3,2648317,1.997,10.5137,7.691364287975
14_36_22_23_13_79_29,z,4,9184735,2.24458,11.3888,7.74904255895
14_39_21_37_23_32_50,x,1,4928459,2.84386,10.0138,12.049269119352498
14_39_21_37_23_32_50,x,2,7391052,2.70755,9.68875,10.69376563275
14_39_21_37_23_32_50,x,3,2648317,2.91879,10.2387,12.3640383705
14_39_21_37_23_32_50,x,4,9184735,4.26908,13.0637,24.2564843915
14_39_21_37_23_32_50,y,1,4928459,2.47468,12.5137,12.6136757685
14_39_21_37_23_32_50,y,2,7391052,2.5415,11.9138,11.2456436580575
14_39_21_37_23_32_50,y,3,2648317,2.33498,14.1387,12.503901260225
14_39_21_37_23_32_50,y,4,9184735,2.76751,12.3887,11.637561244
14_39_21_37_23_32_50,z,1,4928459,1.80934,9.93875,6.965947950875
14_39_21_37_23_32_50,z,2,7391052,2.16484,12.5637,8.70383422479225
14_39_21_37_23_32_50,z,3,2648317,2.05304,10.7138,8.033128387025
14_39_21_37_23_32_50,z,4,9184735,1.45518,10.0138,5.934301200039999
14_3_11_74_83_27_4,x,1,4928459,3.55557,10.7138,10.157193986000005
14_3_11_74_83_27_4,x,2,7391052,2.95673,11.8888,11.5556223309625
14_3_11_74_83_27_4,x,3,2648317,2.3663,11.2887,9.173551807625
14_3_11_74_83_27_4,x,4,9184735,3.4717,12.1388,11.850974818575
14_3_11_74_83_27_4,y,1,4928459,4.75438,13.0638,21.3747172348
14_3_11_74_83_27_4,y,2,7391052,4.54133,14.9887,25.19200197785
14_3_11_74_83_27_4,y,3,2648317,4.93818,13.3387,21.43224179675
14_3_11_74_83_27_4,y,4,9184735,4.04172,19.9887,38.669419289000004
14_3_11_74_83_27_4,z,1,4928459,4.03367,14.2887,21.320031639675
14_3_11_74_83_27_4,z,2,7391052,3.74552,13.8138,20.1458662625
14_3_11_74_83_27_4,z,3,2648317,3.95984,12.4137,17.5149685965
14_3_11_74_83_27_4,z,4,9184735,3.90851,14.9638,24.311179376250003
14_42_13_30_31_52_34,x,1,4928459,3.5131,11.1387,13.37634936825
14_42_13_30_31_52_34,x,2,7391052,3.5423,13.7388,19.892196797350003
14_42_13_30_31_52_34,x,3,2648317,3.79777,10.0887,13.52562981125
14_42_13_30_31_52_34,x,4,9184735,3.57837,14.6388,23.7263868675
14_42_13_30_31_52_34,y,1,4928459,3.88482,15.8638,28.82197394
14_42_13_30_31_52_34,y,2,7391052,4.325,13.6638,21.440430671500003
14_42_13_30_31_52_34,y,3,2648317,3.97105,18.2637,23.917907398750003
14_42_13_30_31_52_34,y,4,9184735,3.99799,15.6888,25.940727680025
14_42_13_30_31_52_34,z,1,4928459,3.42512,11.9638,14.272851472
14_42_13_30_31_52_34,z,2,7391052,4.07337,14.6888,21.81124684365
14_42_13_30_31_52_34,z,3,2648317,3.65796,11.5637,15.7483501025
14_42_13_30_31_52_34,z,4,9184735,3.48786,11.1137,13.20510450075
14_43_15_28_34_33_49,x,1,4928459,3.56981,13.3637,20.848644767476
14_43_15_28_34_33_49,x,2,7391052,3.31378,14.1388,18.32095868875
14_43_15_28_34_33_49,x,3,2648317,3.72179,15.1888,24.1292287905
14_43_15_28_34_33_49,x,4,9184735,2.99565,11.3888,11.314997651999999
14_43_15_28_34_33_49,y,1,4928459,3.38544,12.8137,17.77468728075
14_43_15_28_34_33_49,y,2,7391052,3.08034,12.2387,13.65765596225
14_43_15_28_34_33_49,y,3,2648317,3.00899,13.4137,15.2897355335
14_43_15_28_34_33_49,y,4,9184735,2.28067,10.2638,8.23055208675
14_43_15_28_34_33_49,z,1,4928459,3.65062,13.9138,22.9662135325
14_43_15_28_34_33_49,z,2,7391052,4.24889,13.1138,22.964623604750003
14_43_15_28_34_33_49,z,3,2648317,3.53459,12.9138,18.790577699175003
14_43_15_28_34_33_49,z,4,9184735,3.53042,14.3388,22.852610609250004
14_44_2_40_31_52_33,x,1,4928459,3.91813,12.6887,14.632271558
14_44_2_40_31_52_33,x,2,7391052,3.35349,11.5888,12.506047680250004
14_44_2_40_31_52_33,x,3,2648317,3.7495,11.5638,15.341288909
14_44_2_40_31_52_33,x,4,9184735,3.29061,11.7638,12.447904055
14_44_2_40_31_52_33,y,1,4928459,3.69606,10.0137,12.979569984199998
14_44_2_40_31_52_33,y,2,7391052,3.21678,9.93875,10.87242463
14_44_2_40_31_52_33,y,3,2648317,3.55269,10.4138,12.76348418875
14_44_2_40_31_52_33,y,4,9184735,3.09255,9.91375,11.183723294999998
14_44_2_40_31_52_33,z,1,4928459,4.24263,12.4638,21.135162785225003
14_44_2_40_31_52_33,z,2,7391052,4.00146,10.8387,14.813742517750002
14_44_2_40_31_52_33,z,3,2648317,3.9522,15.0138,23.3079485405
14_44_2_40_31_52_33,z,4,9184735,4.37925,10.4137,13.038914053575
14_6_54_29_28_55_30,x,1,4928459,1.88729,11.6638,9.7793792165
14_6_54_29_28_55_30,x,2,7391052,2.37158,11.6638,11.0022577345
14_6_54_29_28_55_30,x,3,2648317,2.78934,12.4387,10.92158143425
14_6_54_29_28_55_30,x,4,9184735,2.82806,13.1638,13.929487516000002
14_6_54_29_28_55_30,y,1,4928459,5.39313,12.7387,23.39902692675
14_6_54_29_28_55_30,y,2,7391052,4.11237,14.6138,26.37332212485
14_6_54_29_28_55_30,y,3,2648317,3.76597,9.16375,12.07110751025
14_6_54_29_28_55_30,y,4,9184735,4.70844,11.0388,19.723483240249998
14_6_54_29_28_55_30,z,1,4928459,4.11378,15.5388,25.606988786050003
14_6_54_29_28_55_30,z,2,7391052,4.24048,13.5888,19.58684179225
14_6_54_29_28_55_30,z,3,2648317,4.14496,11.4888,15.21268912925
14_6_54_29_28_55_30,z,4,9184735,4.19767,15.7387,28.311556265249997
14_7_32_59_26_60_18,x,1,4928459,3.0322,15.9637,21.024916953275
14_7_32_59_26_60_18,x,2,7391052,3.85935,15.0887,22.23943892415
14_7_32_59_26_60_18,x,3,2648317,3.95164,14.2137,17.130570352025003
14_7_32_59_26_60_18,x,4,9184735,3.23413,12.0887,13.209113173499999
14_7_32_59_26_60_18,y,1,4928459,3.73255,11.5637,14.825500516925
14_7_32_59_26_60_18,y,2,7391052,4.70673,15.8387,28.42634333425
14_7_32_59_26_60_18,y,3,2648317,4.63413,19.7387,38.57489282875
14_7_32_59_26_60_18,y,4,9184735,3.97555,14.1637,18.431705826625
14_7_32_59_26_60_18,z,1,4928459,3.67168,10.9388,15.6090132965
14_7_32_59_26_60_18,z,2,7391052,4.47136,13.1638,22.4445426405
14_7_32_59_26_60_18,z,3,2648317,4.3228,12.5887,21.0360953497
14_7_32_59_26_60_18,z,4,9184735,4.03644,12.2887,18.8339180338325
14_7_52_31_38_30_44,x,1,4928459,4.33554,15.8887,34.790323887724995
14_7_52_31_38_30_44,x,2,7391052,4.05152,12.6138,21.226915985500003
14_7_52_31_38_30_44,x,3,2648317,3.87153,13.3887,19.3419805665
14_7_52_31_38_30_44,x,4,9184735,4.12039,13.8387,25.079894318250002
14_7_52_31_38_30_44,y,1,4928459,4.14545,14.7137,24.377910731200004
14_7_52_31_38_30_44,y,2,7391052,3.87539,12.3887,19.17346192075
14_7_52_31_38_30_44,y,3,2648317,3.83879,15.8888,25.874985268999996
14_7_52_31_38_30_44,y,4,9184735,4.24281,19.9887,42.3522871418875
14_7_52_31_38_30_44,z,1,4928459,3.77682,13.7887,15.347188344125
14_7_52_31_38_30_44,z,2,7391052,3.70101,11.8387,11.5277011232125
14_7_52_31_38_30_44,z,3,2648317,3.68065,9.11375,9.349038555
14_7_52_31_38_30_44,z,4,9184735,4.13346,11.1137,12.22819442075
14_7_8_69_89_24_5,x,1,4928459,4.75049,13.8638,23.55948763975
14_7_8_69_89_24_5,x,2,7391052,4.27736,15.0388,26.011197445200004
14_7_8_69_89_24_5,x,3,2648317,4.14335,13.4138,18.9853830503
14_7_8_69_89_24_5,x,4,9184735,4.75518,13.6888,22.191612703
14_7_8_69_89_24_5,y,1,4928459,4.53718,16.0887,23.510477711675
14_7_8_69_89_24_5,y,2,7391052,3.75457,13.1637,18.992015121500003
14_7_8_69_89_24_5,y,3,2648317,3.86115,12.6637,17.97686008325
14_7_8_69_89_24_5,y,4,9184735,3.71156,15.0388,19.997488342617498
14_7_8_69_89_24_5,z,1,4928459,4.59327,11.4387,14.112225162
14_7_8_69_89_24_5,z,2,7391052,4.67451,11.7887,15.59179397513
14_7_8_69_89_24_5,z,3,2648317,5.41076,12.2888,18.39797375325
14_7_8_69_89_24_5,z,4,9184735,4.29485,12.3887,17.3281804145
15_0_14_77_77_23_10,x,1,4928459,5.50399,12.0138,15.30366008425
15_0_14_77_77_23_10,x,2,7391052,4.66717,14.0638,18.8519714660025
15_0_14_77_77_23_10,x,3,2648317,4.64174,12.8388,14.126035614750002
15_0_14_77_77_23_10,x,4,9184735,4.94492,13.4137,16.696898645999998
15_0_14_77_77_23_10,y,1,4928459,3.43,13.4637,15.46817541925
15_0_14_77_77_23_10,y,2,7391052,2.82085,12.8888,14.309744788
15_0_14_77_77_23_10,y,3,2648317,3.01875,11.3138,11.39886084125
15_0_14_77_77_23_10,y,4,9184735,3.08275,13.0637,13.993940711250001
15_0_14_77_77_23_10,z,1,4928459,4.51849,14.9887,26.63454911175
15_0_14_77_77_23_10,z,2,7391052,5.67135,13.7138,24.8069435805
15_0_14_77_77_23_10,z,3,2648317,3.8199,11.6388,14.466369534375
15_0_14_77_77_23_10,z,4,9184735,4.46211,12.8637,18.9771652995
15_10_42_35_43_31_40,x,1,4928459,4.55496,12.8887,21.600646721
15_10_42_35_43_31_40,x,2,7391052,4.2858,18.6888,34.600137461500005
15_10_42_35_43_31_40,x,3,2648317,4.13235,15.0137,28.41073876825
15_10_42_35_43_31_40,x,4,9184735,4.45354,12.2887,20.942696123250002
15_10_42_35_43_31_40,y,1,4928459,3.5409,12.5638,18.1965158535
15_10_42_35_43_31_40,y,2,7391052,3.72425,14.0638,22.544830973
15_10_42_35_43_31_40,y,3,2648317,3.00683,11.8888,12.0933400765
15_10_42_35_43_31_40,y,4,9184735,3.01184,10.3388,9.654773245500001
15_10_42_35_43_31_40,z,1,4928459,2.86156,11.9137,12.079904278049998
15_10_42_35_43_31_40,z,2,7391052,2.19134,10.0887,8.59342009975
15_10_42_35_43_31_40,z,3,2648317,3.05197,11.4137,11.158950222499998
15_10_42_35_43_31_40,z,4,9184735,2.28638,10.8387,8.644669071625
15_12_33_55_17_75_9,x,1,4928459,4.65657,10.8637,13.802338657499998
15_12_33_55_17_75_9,x,2,7391052,4.93295,10.1888,13.418518043
15_12_33_55_17_75_9,x,3,2648317,4.96557,12.0138,18.20355447825
15_12_33_55_17_75_9,x,4,9184735,4.74481,12.6888,19.49278602
15_12_33_55_17_75_9,y,1,4928459,2.57831,11.4887,10.6862189815
15_12_33_55_17_75_9,y,2,7391052,2.6312,13.4638,12.296989364975
15_12_33_55_17_75_9,y,3,2648317,2.43016,11.8638,10.481066867125
15_12_33_55_17_75_9,y,4,9184735,2.64471,11.5638,11.17114589075
15_12_33_55_17_75_9,z,1,4928459,4.7961,19.2387,38.0963455679
15_12_33_55_17_75_9,z,2,7391052,4.43644,15.6637,30.5419642845
15_12_33_55_17_75_9,z,3,2648317,3.6501,13.8888,21.696832785
15_12_33_55_17_75_9,z,4,9184735,3.90001,14.4138,22.93629311825
15_13_23_52_33_51_29,x,1,4928459,3.72353,13.4387,18.8890351715
15_13_23_52_33_51_29,x,2,7391052,3.73577,12.8638,15.12675378075
15_13_23_52_33_51_29,x,3,2648317,4.01449,14.4138,22.679930918750003
15_13_23_52_33_51_29,x,4,9184735,3.6285,12.7387,18.987604275875
15_13_23_52_33_51_29,y,1,4928459,3.73531,18.0638,33.55703284525
15_13_23_52_33_51_29,y,2,7391052,3.60523,9.98875,12.464752236
15_13_23_52_33_51_29,y,3,2648317,4.0775,10.5888,14.166278272250004
15_13_23_52_33_51_29,y,4,9184735,4.10021,11.2637,15.83490744535
15_13_23_52_33_51_29,z,1,4928459,3.88257,10.9887,16.0117973985
15_13_23_52_33_51_29,z,2,7391052,4.24447,16.0887,22.29913458825
15_13_23_52_33_51_29,z,3,2648317,3.87214,13.5137,23.0784692742
15_13_23_52_33_51_29,z,4,9184735,3.47781,13.4387,17.20979786525
15_13_24_59_32_50_23,x,1,4928459,3.77707,11.8138,13.770968818750005
15_13_24_59_32_50_23,x,2,7391052,3.74661,10.7887,10.441899728375
15_13_24_59_32_50_23,x,3,2648317,4.04295,14.9638,21.150449023250005
15_13_24_59_32_50_23,x,4,9184735,4.45534,17.4637,30.92887162275
15_13_24_59_32_50_23,y,1,4928459,3.31732,10.6888,13.140950129000002
15_13_24_59_32_50_23,y,2,7391052,3.97068,9.41375,11.1187567855
15_13_24_59_32_50_23,y,3,2648317,3.46431,9.81375,10.693534477375
15_13_24_59_32_50_23,y,4,9184735,3.82173,11.5137,15.711945908174998
15_13_24_59_32_50_23,z,1,4928459,4.11934,15.3137,25.409389603500003
15_13_24_59_32_50_23,z,2,7391052,3.18985,12.5137,16.05040338525
15_13_24_59_32_50_23,z,3,2648317,4.24296,14.7388,24.7352115505
15_13_24_59_32_50_23,z,4,9184735,4.69946,13.4637,23.139304143000004
15_13_37_32_39_53_27,x,1,4928459,3.06104,13.3137,17.2166076288
15_13_37_32_39_53_27,x,2,7391052,3.47434,13.3387,20.6312216635
15_13_37_32_39_53_27,x,3,2648317,3.0054,12.7387,12.747972632499998
15_13_37_32_39_53_27,x,4,9184735,3.11764,13.7887,18.30634884625
15_13_37_32_39_53_27,y,1,4928459,3.62852,15.9637,21.97642273525
15_13_37_32_39_53_27,y,2,7391052,3.81585,14.3637,17.461779888625003
15_13_37_32_39_53_27,y,3,2648317,4.94538,15.2888,25.505714160874994
15_13_37_32_39_53_27,y,4,9184735,3.15413,12.2388,14.440110462209999
15_13_37_32_39_53_27,z,1,4928459,4.04139,12.2387,21.3254204715
15_13_37_32_39_53_27,z,2,7391052,4.13698,15.9887,30.754032445250004
15_13_37_32_39_53_27,z,3,2648317,4.17469,13.6887,22.405024578500004
15_13_37_32_39_53_27,z,4,9184735,4.30366,15.0388,26.905884805750002
15_15_44_39_12_74_17,x,1,4928459,4.05668,12.3388,17.33688785245
15_15_44_39_12_74_17,x,2,7391052,3.48836,12.2388,17.089187073500003
15_15_44_39_12_74_17,x,3,2648317,4.01314,16.6387,29.6228823085
15_15_44_39_12_74_17,x,4,9184735,3.96833,13.5388,22.908856195725
15_15_44_39_12_74_17,y,1,4928459,4.05687,13.1638,15.221576372517502
15_15_44_39_12_74_17,y,2,7391052,3.86218,14.1888,18.35211200325
15_15_44_39_12_74_17,y,3,2648317,4.1392,16.7388,28.28037065025
15_15_44_39_12_74_17,y,4,9184735,3.74726,15.9137,23.861810225125
15_15_44_39_12_74_17,z,1,4928459,3.74405,12.4888,15.41712888138
15_15_44_39_12_74_17,z,2,7391052,3.56521,11.5387,13.661980299499998
15_15_44_39_12_74_17,z,3,2648317,4.03433,11.6138,15.21288674125
15_15_44_39_12_74_17,z,4,9184735,3.58105,12.6888,17.0420356295
15_16_27_50_27_52_29,x,1,4928459,3.51095,12.7637,15.739403848
15_16_27_50_27_52_29,x,2,7391052,4.10439,13.9137,22.79117557375
15_16_27_50_27_52_29,x,3,2648317,3.45634,14.0137,21.63675899075
15_16_27_50_27_52_29,x,4,9184735,3.40202,12.2137,14.844361340320003
15_16_27_50_27_52_29,y,1,4928459,3.43403,11.7388,11.622828037800002
15_16_27_50_27_52_29,y,2,7391052,2.57468,13.8387,14.32811936075
15_16_27_50_27_52_29,y,3,2648317,2.97256,11.6137,12.540416750975
15_16_27_50_27_52_29,y,4,9184735,3.1133,14.7638,16.95595667625
15_16_27_50_27_52_29,z,1,4928459,3.66695,12.3138,16.310794583750003
15_16_27_50_27_52_29,z,2,7391052,3.75209,15.5888,25.8658173333
15_16_27_50_27_52_29,z,3,2648317,4.19167,19.9888,42.109739346000005
15_16_27_50_27_52_29,z,4,9184735,4.45807,11.9137,16.864913787624996
15_17_35_35_40_46_28,x,1,4928459,3.28577,11.2888,13.6371964185
15_17_35_35_40_46_28,x,2,7391052,3.1937,11.6637,15.26346033775
15_17_35_35_40_46_28,x,3,2648317,3.18378,10.6888,12.1473106055
15_17_35_35_40_46_28,x,4,9184735,2.9914,9.78875,10.037473954000001
15_17_35_35_40_46_28,y,1,4928459,2.50159,10.1138,9.022072165425
15_17_35_35_40_46_28,y,2,7391052,2.464,11.2888,10.721070471249998
15_17_35_35_40_46_28,y,3,2648317,2.52891,10.5887,9.8707510395
15_17_35_35_40_46_28,y,4,9184735,2.72541,10.9138,10.367975419250001
15_17_35_35_40_46_28,z,1,4928459,3.61105,12.4888,15.383091251000002
15_17_35_35_40_46_28,z,2,7391052,3.83926,15.8638,23.77856335325
15_17_35_35_40_46_28,z,3,2648317,3.07516,16.4137,23.64336013
15_17_35_35_40_46_28,z,4,9184735,4.0057,16.4637,23.21698878445
15_18_23_31_74_39_16,x,1,4928459,3.74446,10.7887,12.4769853571725
15_18_23_31_74_39_16,x,2,7391052,3.69651,10.5638,12.694173616249998
15_18_23_31_74_39_16,x,3,2648317,4.08375,11.9637,14.763308780750004
15_18_23_31_74_39_16,x,4,9184735,3.80168,10.7638,11.92367810975
15_18_23_31_74_39_16,y,1,4928459,3.53824,12.9887,13.41846636575
15_18_23_31_74_39_16,y,2,7391052,3.0286,13.5887,13.904386286975
15_18_23_31_74_39_16,y,3,2648317,3.24903,12.3138,14.8448077829
15_18_23_31_74_39_16,y,4,9184735,2.98366,13.3388,16.29266992575
15_18_23_31_74_39_16,z,1,4928459,4.20874,12.7638,18.98978545825
15_18_23_31_74_39_16,z,2,7391052,4.38554,12.9137,19.34463991025
15_18_23_31_74_39_16,z,3,2648317,4.38547,14.5388,24.64237442175
15_18_23_31_74_39_16,z,4,9184735,3.36088,11.5637,14.299491310625
15_18_27_45_50_35_26,x,1,4928459,3.26045,10.7637,13.208373617
15_18_27_45_50_35_26,x,2,7391052,3.38507,14.0138,19.92518973705
15_18_27_45_50_35_26,x,3,2648317,4.08161,14.9387,23.327607736
15_18_27_45_50_35_26,x,4,9184735,3.59946,10.6887,12.117924847749999
15_18_27_45_50_35_26,y,1,4928459,3.00195,10.7387,9.4631320255
15_18_27_45_50_35_26,y,2,7391052,2.90004,11.1388,10.4468307237
15_18_27_45_50_35_26,y,3,2648317,2.71641,11.1387,11.498275323625002
15_18_27_45_50_35_26,y,4,9184735,2.15904,11.4388,8.03881394995
15_18_27_45_50_35_26,z,1,4928459,4.02161,18.2637,30.700476409750003
15_18_27_45_50_35_26,z,2,7391052,3.69531,14.0138,21.03096016275
15_18_27_45_50_35_26,z,3,2648317,3.17495,11.7888,13.8302231525
15_18_27_45_50_35_26,z,4,9184735,3.65964,16.7637,29.202364155337502
15_18_7_86_23_22_45,x,1,4928459,4.21072,14.3387,22.67379416375
15_18_7_86_23_22_45,x,2,7391052,4.30352,12.1387,19.665412529250005
15_18_7_86_23_22_45,x,3,2648317,3.22133,11.9887,14.46754676575
15_18_7_86_23_22_45,x,4,9184735,4.01617,13.6887,22.665920508750002
15_18_7_86_23_22_45,y,1,4928459,3.51102,12.3387,14.64655642225
15_18_7_86_23_22_45,y,2,7391052,3.68549,14.9637,21.70068717125
15_18_7_86_23_22_45,y,3,2648317,2.9677,13.5638,14.398946442500002
15_18_7_86_23_22_45,y,4,9184735,3.63605,14.3137,19.91066360975
15_18_7_86_23_22_45,z,1,4928459,3.73687,13.0137,17.694944970999998
15_18_7_86_23_22_45,z,2,7391052,4.20949,15.9637,26.416492999725
15_18_7_86_23_22_45,z,3,2648317,4.69398,15.6137,32.7791872565
15_18_7_86_23_22_45,z,4,9184735,3.88229,10.3888,13.88455355325
15_19_34_33_30_56_29,x,1,4928459,3.50912,16.0387,24.661446002250003
15_19_34_33_30_56_29,x,2,7391052,3.5721,14.4138,21.20476398525
15_19_34_33_30_56_29,x,3,2648317,4.07278,13.3387,18.34005938195
15_19_34_33_30_56_29,x,4,9184735,5.01637,18.3387,37.510644959275
15_19_34_33_30_56_29,y,1,4928459,3.33759,10.0637,12.11436960925
15_19_34_33_30_56_29,y,2,7391052,4.00284,11.7888,11.959936666000004
15_19_34_33_30_56_29,y,3,2648317,3.1247,10.9637,10.480796087500002
15_19_34_33_30_56_29,y,4,9184735,3.74261,11.2388,10.0511538671
15_19_34_33_30_56_29,z,1,4928459,3.53771,14.1138,17.804487392000006
15_19_34_33_30_56_29,z,2,7391052,3.97075,16.1137,28.883808048
15_19_34_33_30_56_29,z,3,2648317,3.17844,11.2887,14.185043182875
15_19_34_33_30_56_29,z,4,9184735,4.13614,17.7888,35.675265062825
15_22_26_46_47_12_48,x,1,4928459,2.18556,9.01375,6.040319605375
15_22_26_46_47_12_48,x,2,7391052,2.85831,9.93875,7.78519095225
15_22_26_46_47_12_48,x,3,2648317,3.04255,10.3388,7.997505485375
15_22_26_46_47_12_48,x,4,9184735,2.64382,9.81375,7.792148160750001
15_22_26_46_47_12_48,y,1,4928459,2.97834,12.2388,15.020025161
15_22_26_46_47_12_48,y,2,7391052,3.36411,12.7388,19.040192996500004
15_22_26_46_47_12_48,y,3,2648317,3.46721,12.1888,17.338060862625
15_22_26_46_47_12_48,y,4,9184735,3.91166,11.2637,16.82013028565
15_22_26_46_47_12_48,z,1,4928459,3.87054,15.6888,26.3097070885
15_22_26_46_47_12_48,z,2,7391052,3.56619,12.1888,14.72953690635
15_22_26_46_47_12_48,z,3,2648317,3.88051,15.9887,25.11926965525
15_22_26_46_47_12_48,z,4,9184735,3.40911,14.5388,21.820018445
15_22_44_31_27_23_54,x,1,4928459,3.4733,14.5887,18.291095440875
15_22_44_31_27_23_54,x,2,7391052,3.78337,13.3387,18.387297208
15_22_44_31_27_23_54,x,3,2648317,3.67072,12.9387,20.4135444005
15_22_44_31_27_23_54,x,4,9184735,4.11522,14.1887,22.599722160275
15_22_44_31_27_23_54,y,1,4928459,2.83243,10.2138,8.411744844097502
15_22_44_31_27_23_54,y,2,7391052,2.92613,15.5388,19.050524786875
15_22_44_31_27_23_54,y,3,2648317,2.9134,12.7388,11.68528402225
15_22_44_31_27_23_54,y,4,9184735,3.15842,11.7388,12.565416247725
15_22_44_31_27_23_54,z,1,4928459,2.47243,9.81375,8.615644631750001
15_22_44_31_27_23_54,z,2,7391052,2.46639,9.06375,8.850287856000001
15_22_44_31_27_23_54,z,3,2648317,2.70611,10.2388,9.832913324924998
15_22_44_31_27_23_54,z,4,9184735,2.8154,12.5138,15.276198432224998
15_23_35_31_40_40_32,x,1,4928459,3.40232,11.7637,13.612634453425
15_23_35_31_40_40_32,x,2,7391052,3.35392,17.2137,24.717781369875
15_23_35_31_40_40_32,x,3,2648317,4.39993,16.6388,26.67344715795
15_23_35_31_40_40_32,x,4,9184735,3.45026,17.0638,25.90968123825
15_23_35_31_40_40_32,y,1,4928459,3.9647,14.3888,23.0743048922475
15_23_35_31_40_40_32,y,2,7391052,3.87593,12.0137,18.5319960485
15_23_35_31_40_40_32,y,3,2648317,3.95972,16.0137,30.539653305675
15_23_35_31_40_40_32,y,4,9184735,3.51988,11.9137,17.6011366775
15_23_35_31_40_40_32,z,1,4928459,4.06009,12.1637,16.469650137500004
15_23_35_31_40_40_32,z,2,7391052,2.75838,11.9137,13.25684283165
15_23_35_31_40_40_32,z,3,2648317,2.92011,10.9137,11.669667452375
15_23_35_31_40_40_32,z,4,9184735,4.11226,13.9887,21.406771465499997
15_25_21_44_30_39_42,x,1,4928459,3.91535,13.3138,20.7724432175
15_25_21_44_30_39_42,x,2,7391052,3.34854,12.9138,18.33088519
15_25_21_44_30_39_42,x,3,2648317,3.82591,14.0387,21.53670287675
15_25_21_44_30_39_42,x,4,9184735,4.44006,15.1888,26.0707592795
15_25_21_44_30_39_42,y,1,4928459,4.08805,12.8138,22.103967351
15_25_21_44_30_39_42,y,2,7391052,4.28261,14.0138,24.72695629725
15_25_21_44_30_39_42,y,3,2648317,4.15918,10.8887,15.91145497475
15_25_21_44_30_39_42,y,4,9184735,4.63352,11.0387,16.5893750808
15_25_21_44_30_39_42,z,1,4928459,3.84468,16.6387,22.2855132375
15_25_21_44_30_39_42,z,2,7391052,4.42479,15.7638,25.95731538195
15_25_21_44_30_39_42,z,3,2648317,2.84421,12.5138,12.165299990750002
15_25_21_44_30_39_42,z,4,9184735,3.58127,16.7637,27.389170872800005
15_26_2_80_21_16_56,x,1,4928459,3.16357,15.4387,21.110479592025
15_26_2_80_21_16_56,x,2,7391052,2.51122,13.8888,14.641730105
15_26_2_80_21_16_56,x,3,2648317,2.61633,11.9887,10.942145891265
15_26_2_80_21_16_56,x,4,9184735,3.52795,14.9138,20.92064408575
15_26_2_80_21_16_56,y,1,4928459,3.61439,9.83875,10.2385494965
15_26_2_80_21_16_56,y,2,7391052,3.86452,13.0138,21.685065807500003
15_26_2_80_21_16_56,y,3,2648317,4.03999,14.7888,26.234489095725
15_26_2_80_21_16_56,y,4,9184735,3.99005,11.2137,14.530686374887502
15_26_2_80_21_16_56,z,1,4928459,3.45019,14.3138,20.92807275475
15_26_2_80_21_16_56,z,2,7391052,3.73103,14.3138,24.907263111750005
15_26_2_80_21_16_56,z,3,2648317,3.25942,12.5637,18.830451007875
15_26_2_80_21_16_56,z,4,9184735,3.64261,15.1637,23.187004867324998
15_27_11_55_42_26_40,x,1,4928459,4.06398,14.7638,24.650611956472503
15_27_11_55_42_26_40,x,2,7391052,3.74549,12.3388,15.628181591550002
15_27_11_55_42_26_40,x,3,2648317,3.82279,10.8637,12.73742691575
15_27_11_55_42_26_40,x,4,9184735,3.93359,11.9138,12.551990062749999
15_27_11_55_42_26_40,y,1,4928459,3.2604,11.7888,13.79075453225
15_27_11_55_42_26_40,y,2,7391052,2.92293,11.9638,12.724513842750005
15_27_11_55_42_26_40,y,3,2648317,3.57149,13.4888,17.7234808905525
15_27_11_55_42_26_40,y,4,9184735,3.16875,10.5138,9.049195315125
15_27_11_55_42_26_40,z,1,4928459,3.22239,11.1138,11.886621607475
15_27_11_55_42_26_40,z,2,7391052,4.53955,16.0138,33.6938241985
15_27_11_55_42_26_40,z,3,2648317,3.06287,10.3637,9.64506412355
15_27_11_55_42_26_40,z,4,9184735,3.634,10.4388,13.413296539750002
15_28_27_29_30_71_16,x,1,4928459,2.96331,13.2637,15.562942873075
15_28_27_29_30_71_16,x,2,7391052,3.83519,13.9887,20.702384541750003
15_28_27_29_30_71_16,x,3,2648317,4.06629,19.9887,37.44164739095001
15_28_27_29_30_71_16,x,4,9184735,3.84719,19.9888,34.863236512
15_28_27_29_30_71_16,y,1,4928459,2.48331,9.01375,7.362129992250001
15_28_27_29_30_71_16,y,2,7391052,3.16179,10.7138,10.92303689025
15_28_27_29_30_71_16,y,3,2648317,2.64772,10.1888,8.296314433674999
15_28_27_29_30_71_16,y,4,9184735,3.09525,10.3637,11.034054633200002
15_28_27_29_30_71_16,z,1,4928459,3.81393,12.4387,20.67359132825
15_28_27_29_30_71_16,z,2,7391052,4.09321,15.9638,25.928351044000003
15_28_27_29_30_71_16,z,3,2648317,4.26016,10.4887,16.0348516365
15_28_27_29_30_71_16,z,4,9184735,4.66725,11.9138,15.042882308799996
15_28_42_25_29_25_52,x,1,4928459,4.26957,17.5137,28.998790949000004
15_28_42_25_29_25_52,x,2,7391052,4.69671,14.9637,23.68303265025
15_28_42_25_29_25_52,x,3,2648317,4.08451,14.8887,24.09423231925
15_28_42_25_29_25_52,x,4,9184735,4.09671,15.5387,26.03719976005
15_28_42_25_29_25_52,y,1,4928459,3.46859,11.7137,14.756304376875
15_28_42_25_29_25_52,y,2,7391052,3.26218,12.6137,13.983571993875
15_28_42_25_29_25_52,y,3,2648317,2.97597,14.8137,16.708310914875
15_28_42_25_29_25_52,y,4,9184735,3.28858,12.3638,14.126036056650001
15_28_42_25_29_25_52,z,1,4928459,3.49014,11.4387,13.79826800025
15_28_42_25_29_25_52,z,2,7391052,3.51592,11.8888,15.077626828499998
15_28_42_25_29_25_52,z,3,2648317,3.93728,13.0387,19.292309315900003
15_28_42_25_29_25_52,z,4,9184735,3.75736,10.4138,12.008289000249999
15_29_38_37_21_18_58,x,1,4928459,3.18898,14.2887,18.439293658000004
15_29_38_37_21_18_58,x,2,7391052,2.76071,14.6888,17.225479040499998
15_29_38_37_21_18_58,x,3,2648317,2.77364,11.3888,12.70032560975
15_29_38_37_21_18_58,x,4,9184735,2.51917,12.0888,12.918111255824998
15_29_38_37_21_18_58,y,1,4928459,3.17663,15.2388,20.77237160645
15_29_38_37_21_18_58,y,2,7391052,3.72307,15.2388,24.266697619125
15_29_38_37_21_18_58,y,3,2648317,3.72847,16.1637,30.15272324275
15_29_38_37_21_18_58,y,4,9184735,3.49276,13.3637,18.368355707750002
15_29_38_37_21_18_58,z,1,4928459,3.25226,11.7388,12.7278601777225
15_29_38_37_21_18_58,z,2,7391052,4.08646,11.3637,15.307254433
15_29_38_37_21_18_58,z,3,2648317,3.091,10.1887,10.089381280500003
15_29_38_37_21_18_58,z,4,9184735,3.20361,12.7887,14.62474919825
15_29_45_16_37_23_51,x,1,4928459,3.52123,12.3387,15.22992630275
15_29_45_16_37_23_51,x,2,7391052,3.30902,12.7138,17.569155326
15_29_45_16_37_23_51,x,3,2648317,3.41313,15.0137,23.85236241975
15_29_45_16_37_23_51,x,4,9184735,3.63948,17.6137,29.29850327775
15_29_45_16_37_23_51,y,1,4928459,2.50576,12.5388,13.558891196875
15_29_45_16_37_23_51,y,2,7391052,2.53163,10.2887,7.58827890075
15_29_45_16_37_23_51,y,3,2648317,2.6334,11.3637,10.722530394625
15_29_45_16_37_23_51,y,4,9184735,2.61414,13.4887,10.67904817025
15_29_45_16_37_23_51,z,1,4928459,4.0762,13.3638,21.9685856545
15_29_45_16_37_23_51,z,2,7391052,4.18894,10.8637,14.185536621775002
15_29_45_16_37_23_51,z,3,2648317,3.88943,10.9387,13.42845628837175
15_29_45_16_37_23_51,z,4,9184735,3.91209,12.3888,20.562226925050002
15_2_33_45_64_53_4,x,1,4928459,4.38384,16.6888,29.7403698707
15_2_33_45_64_53_4,x,2,7391052,4.09166,17.1887,28.902505252874995
15_2_33_45_64_53_4,x,3,2648317,4.29791,14.6137,20.95251994575
15_2_33_45_64_53_4,x,4,9184735,3.74602,15.1388,21.00819467475
15_2_33_45_64_53_4,y,1,4928459,3.29828,10.7138,10.73929060375
15_2_33_45_64_53_4,y,2,7391052,3.57877,12.5888,17.0483926535
15_2_33_45_64_53_4,y,3,2648317,4.00316,13.3138,19.897023763750003
15_2_33_45_64_53_4,y,4,9184735,3.44367,13.0137,20.39584649225
15_2_33_45_64_53_4,z,1,4928459,3.66476,13.4138,20.81417513025
15_2_33_45_64_53_4,z,2,7391052,4.29084,16.7637,34.468249180025
15_2_33_45_64_53_4,z,3,2648317,3.96065,14.0388,21.311594525375
15_2_33_45_64_53_4,z,4,9184735,4.19697,17.6637,33.70682575725
15_2_6_81_86_21_5,x,1,4928459,3.29427,13.9388,14.85888941425
15_2_6_81_86_21_5,x,2,7391052,4.18829,14.5638,17.743707035
15_2_6_81_86_21_5,x,3,2648317,3.72037,13.0637,14.682343902100005
15_2_6_81_86_21_5,x,4,9184735,4.43011,13.2887,16.40319040675
15_2_6_81_86_21_5,y,1,4928459,4.09832,13.1637,17.0472265535
15_2_6_81_86_21_5,y,2,7391052,5.16447,12.4638,16.679704500249997
15_2_6_81_86_21_5,y,3,2648317,4.00558,11.3887,14.33484732725
15_2_6_81_86_21_5,y,4,9184735,4.32764,13.3638,17.568511351250002
15_2_6_81_86_21_5,z,1,4928459,4.56226,12.7137,22.21749219675
15_2_6_81_86_21_5,z,2,7391052,4.62608,13.8138,26.6881406385
15_2_6_81_86_21_5,z,3,2648317,4.47516,12.7388,18.51532438775
15_2_6_81_86_21_5,z,4,9184735,4.02432,15.4388,25.684171667625
15_30_10_43_42_47_29,x,1,4928459,4.53903,18.3888,36.553932454625
15_30_10_43_42_47_29,x,2,7391052,3.67986,14.2388,21.3528722005
15_30_10_43_42_47_29,x,3,2648317,3.6754,11.2637,15.412711633824998
15_30_10_43_42_47_29,x,4,9184735,4.02622,12.8138,19.640413849
15_30_10_43_42_47_29,y,1,4928459,3.97109,12.2887,19.08371770475
15_30_10_43_42_47_29,y,2,7391052,4.53452,14.2138,25.432873379925
15_30_10_43_42_47_29,y,3,2648317,3.65372,11.7138,15.9922604695
15_30_10_43_42_47_29,y,4,9184735,3.69068,12.6637,19.0326815329625
15_30_10_43_42_47_29,z,1,4928459,2.98933,11.4138,14.005681292775
15_30_10_43_42_47_29,z,2,7391052,5.03439,13.1387,20.115053828125003
15_30_10_43_42_47_29,z,3,2648317,3.63748,11.9637,15.009764974
15_30_10_43_42_47_29,z,4,9184735,4.79495,17.9888,33.881903801
15_32_25_23_47_45_29,x,1,4928459,3.85834,18.4887,34.74766181275
15_32_25_23_47_45_29,x,2,7391052,3.54398,15.1637,23.837819215
15_32_25_23_47_45_29,x,3,2648317,4.74437,17.7387,34.497628998
15_32_25_23_47_45_29,x,4,9184735,3.06808,11.6137,14.12877593065
15_32_25_23_47_45_29,y,1,4928459,2.71996,11.5888,11.974335372
15_32_25_23_47_45_29,y,2,7391052,3.18769,11.3888,11.53509811325
15_32_25_23_47_45_29,y,3,2648317,2.87993,9.83875,9.0662415805
15_32_25_23_47_45_29,y,4,9184735,2.91825,12.0137,13.896289941249998
15_32_25_23_47_45_29,z,1,4928459,3.50457,16.9137,24.7320404035
15_32_25_23_47_45_29,z,2,7391052,2.7553,12.4887,14.4693266899
15_32_25_23_47_45_29,z,3,2648317,3.07108,11.6637,12.0935091771
15_32_25_23_47_45_29,z,4,9184735,3.77512,17.3888,26.482823207000003
15_34_11_33_51_49_23,x,1,4928459,4.36118,14.5137,21.8153777745
15_34_11_33_51_49_23,x,2,7391052,3.68556,14.6888,23.375343506725
15_34_11_33_51_49_23,x,3,2648317,4.38797,14.8888,24.60208380875
15_34_11_33_51_49_23,x,4,9184735,3.61337,13.0637,18.850276344
15_34_11_33_51_49_23,y,1,4928459,4.1651,14.8888,27.3889528463
15_34_11_33_51_49_23,y,2,7391052,3.93607,12.8637,19.9422626915
15_34_11_33_51_49_23,y,3,2648317,3.96723,12.7138,19.611597207000003
15_34_11_33_51_49_23,y,4,9184735,3.8631,16.8137,30.72281564925
15_34_11_33_51_49_23,z,1,4928459,4.64761,15.0637,27.853223410575
15_34_11_33_51_49_23,z,2,7391052,3.89758,11.4387,14.4579863765
15_34_11_33_51_49_23,z,3,2648317,4.5321,11.5138,17.5716374768
15_34_11_33_51_49_23,z,4,9184735,4.19975,14.6388,27.652021261250002
15_34_24_15_56_25_47,x,1,4928459,3.61186,13.6888,23.290540869500003
15_34_24_15_56_25_47,x,2,7391052,3.64717,10.3888,13.88945614975
15_34_24_15_56_25_47,x,3,2648317,4.54301,11.8887,15.7476912145
15_34_24_15_56_25_47,x,4,9184735,3.70382,12.8387,16.8692060825
15_34_24_15_56_25_47,y,1,4928459,3.40127,10.8887,12.120972918375
15_34_24_15_56_25_47,y,2,7391052,3.53326,12.3888,13.008482292575
15_34_24_15_56_25_47,y,3,2648317,3.01742,12.9887,14.598697468
15_34_24_15_56_25_47,y,4,9184735,2.92237,10.6388,11.556061346249999
15_34_24_15_56_25_47,z,1,4928459,3.10977,12.2887,13.8153432639
15_34_24_15_56_25_47,z,2,7391052,3.45612,10.8387,11.66442068175
15_34_24_15_56_25_47,z,3,2648317,4.14941,12.9388,18.91394874575
15_34_24_15_56_25_47,z,4,9184735,3.63365,19.1387,33.707699686
15_37_16_44_24_41_39,x,1,4928459,4.03381,12.0138,14.49293031525
15_37_16_44_24_41_39,x,2,7391052,3.53737,11.3888,14.5443354475
15_37_16_44_24_41_39,x,3,2648317,3.92721,12.8138,16.3769128580075
15_37_16_44_24_41_39,x,4,9184735,3.78784,14.0137,21.519666537249996
15_37_16_44_24_41_39,y,1,4928459,2.57636,8.36375,6.6333376325
15_37_16_44_24_41_39,y,2,7391052,2.63816,9.46375,7.991394274999999
15_37_16_44_24_41_39,y,3,2648317,2.82781,7.63875,5.55842563845
15_37_16_44_24_41_39,y,4,9184735,2.45586,10.0137,7.20248894703
15_37_16_44_24_41_39,z,1,4928459,1.73609,10.5137,7.914046123075
15_37_16_44_24_41_39,z,2,7391052,1.71986,11.6637,8.458829985775001
15_37_16_44_24_41_39,z,3,2648317,2.1254,10.6138,8.480160732387501
15_37_16_44_24_41_39,z,4,9184735,1.9736,11.0638,7.405915919275
15_40_26_21_26_45_43,x,1,4928459,3.08608,12.4138,16.070591574999998
15_40_26_21_26_45_43,x,2,7391052,2.8128,10.2887,10.496898286
15_40_26_21_26_45_43,x,3,2648317,3.12863,10.6888,10.972721404
15_40_26_21_26_45_43,x,4,9184735,3.16212,12.8138,18.244874253749998
15_40_26_21_26_45_43,y,1,4928459,2.21754,9.91375,5.4468375007750005
15_40_26_21_26_45_43,y,2,7391052,2.05463,9.73875,6.1080190215
15_40_26_21_26_45_43,y,3,2648317,2.37883,10.7137,7.818967600000001
15_40_26_21_26_45_43,y,4,9184735,2.55456,8.28875,5.392666375125
15_40_26_21_26_45_43,z,1,4928459,3.09222,10.7637,10.31622602525
15_40_26_21_26_45_43,z,2,7391052,2.84609,10.3887,10.32563991725
15_40_26_21_26_45_43,z,3,2648317,2.60236,9.96375,9.9419083003
15_40_26_21_26_45_43,z,4,9184735,2.68764,11.3888,11.248272960625
15_4_0_106_42_48_1,x,1,4928459,5.0601,13.0137,21.2224309831875
15_4_0_106_42_48_1,x,2,7391052,4.53237,12.2387,16.0771177985
15_4_0_106_42_48_1,x,3,2648317,4.12898,14.0137,23.143707987575
15_4_0_106_42_48_1,x,4,9184735,4.36155,12.2137,18.997207843000005
15_4_0_106_42_48_1,y,1,4928459,4.28072,15.7137,21.98294168925
15_4_0_106_42_48_1,y,2,7391052,4.20087,15.3637,22.289403222
15_4_0_106_42_48_1,y,3,2648317,4.39877,16.5138,25.14902057025
15_4_0_106_42_48_1,y,4,9184735,3.92648,14.4387,20.75679527175
15_4_0_106_42_48_1,z,1,4928459,4.62226,12.8387,21.176424885025003
15_4_0_106_42_48_1,z,2,7391052,3.60444,12.8388,16.272708348525
15_4_0_106_42_48_1,z,3,2648317,3.19736,12.3887,16.860700816799998
15_4_0_106_42_48_1,z,4,9184735,4.90956,12.5137,19.266819531124998
15_8_29_55_35_41_33,x,1,4928459,4.6312,13.6638,20.574526192625
15_8_29_55_35_41_33,x,2,7391052,4.28765,15.8137,27.607927628
15_8_29_55_35_41_33,x,3,2648317,4.27845,14.9138,26.391171912125003
15_8_29_55_35_41_33,x,4,9184735,3.52309,12.7138,20.393292560400003
15_8_29_55_35_41_33,y,1,4928459,3.26566,11.6638,16.71386205919
15_8_29_55_35_41_33,y,2,7391052,4.24334,14.5638,27.721332306
15_8_29_55_35_41_33,y,3,2648317,4.33486,12.7138,19.32054205315
15_8_29_55_35_41_33,y,4,9184735,4.02116,15.0387,26.274320700425
15_8_29_55_35_41_33,z,1,4928459,5.18737,15.4388,25.4035849634325
15_8_29_55_35_41_33,z,2,7391052,4.02455,14.3387,20.22409628575
15_8_29_55_35_41_33,z,3,2648317,4.56299,16.3138,27.0938702915
15_8_29_55_35_41_33,z,4,9184735,3.6929,13.7388,18.075327360875
15_8_45_29_47_29_43,x,1,4928459,2.70072,14.9887,15.63616618625
15_8_45_29_47_29_43,x,2,7391052,2.72868,13.9638,13.6461786295
15_8_45_29_47_29_43,x,3,2648317,2.98879,16.4137,15.58863326325
15_8_45_29_47_29_43,x,4,9184735,2.27951,15.1887,13.3982877895
15_8_45_29_47_29_43,y,1,4928459,3.98295,17.6887,32.76312189475
15_8_45_29_47_29_43,y,2,7391052,3.89536,10.4887,9.474853750175
15_8_45_29_47_29_43,y,3,2648317,3.68263,11.3638,13.8162908301
15_8_45_29_47_29_43,y,4,9184735,3.70585,13.7138,19.10441698625
15_8_45_29_47_29_43,z,1,4928459,3.80926,15.0637,24.626124871
15_8_45_29_47_29_43,z,2,7391052,3.83149,12.7887,18.55564806975
15_8_45_29_47_29_43,z,3,2648317,3.61954,10.8888,17.737787350625002
15_8_45_29_47_29_43,z,4,9184735,4.01948,12.1638,19.24290453125
