method,target,success,returned,wall_s,hash,core
C_pruning,10_0_26_75_43_53_9,True,True,0.036114,6c9766800d79a8917feb879418934e4f,0
C_pruning,10_14_31_40_49_48_24,True,True,0.027124,4df564643ba31240bbc1cdc3372817db,0
C_pruning,10_14_38_49_33_37_35,True,True,0.033295,b517b43094405584cf04d7b94556968b,4
C_pruning,10_15_23_72_21_73_2,True,True,0.031714,562f7f9ef550563f8472b6c9f80f513a,6
C_pruning,10_15_33_29_78_22_29,True,True,0.038578,9dec5d427376e64a5811f9e8bca2ea14,8
C_pruning,10_17_39_36_48_31_35,True,True,0.024042,3a0166670c80c5290a5ec4333f1b5354,6
C_pruning,10_16_39_63_27_21_40,True,True,0.028072,8ae6c8b3338a5cdd6270808a7da44957,4
C_pruning,10_18_20_64_29_56_19,True,True,0.036251,db5371ae61bf9a96141d2d3a90a5edb3,8
C_pruning,10_20_30_45_45_47_19,True,True,0.035709,4344d08c5a1d8804d07f6aea218d5102,4
C_pruning,10_18_31_51_18_63_25,True,True,0.087575,6583158f01ae35f625db03a9153ed764,6
C_pruning,10_1_12_87_77_24_5,True,True,0.081768,ac8ac3bc3a8f6096af8e813e42c24ff4,12
C_pruning,10_20_42_30_46_44_24,True,True,0.040309,c472deb41ab83ba67294f91e37e730d0,4
C_pruning,10_20_37_40_27_48_34,True,True,0.054407,a6edd9fccb01e0657ba65d702c9af8bb,8
C_pruning,10_23_20_33_76_38_16,True,True,0.030463,8d0b679cd34d5efd325a26522e2235dd,14
C_pruning,10_1_17_90_68_19_11,True,True,0.121141,f8bd9c67da091df116b72dabca9619c5,10
C_pruning,10_16_39_60_18_32_41,True,True,0.174948,d5b8c9c22f77f66135ec4a3471bea882,0
C_pruning,10_24_14_63_41_47_17,True,True,0.041704,fdfaeb460a7ef8e2f61cc54fd25abfe4,6
C_pruning,10_24_41_26_35_34_46,True,True,0.042845,295d99278538b8ae7636d3b30833610c,8
C_pruning,10_24_42_21_52_43_24,True,True,0.029716,dd86061fab5d6c7e0470441311b28adf,14
C_pruning,10_26_27_27_49_49_28,True,True,0.020823,6b4c77673dd4a614a50e918fdd5f0612,6
C_pruning,10_26_23_22_57_62_16,True,True,0.026144,dfe094e2d075d62b6c4c6582213dca7c,0
C_pruning,10_26_35_29_43_29_44,True,True,0.03669,1e04156dfdaff77f1a26fef702fc7e68,8
C_pruning,10_25_38_19_45_38_41,True,True,0.057234,3b7ec5731a218004f3565fc8b26f915a,10
C_pruning,10_27_22_48_36_47_26,True,True,0.037636,ab547e4db0dc1a230458f00dfd3d9e74,6
C_pruning,10_27_26_46_39_39_29,True,True,0.02894,9da7b09b31e89a2e1b412deb2d434160,0
C_pruning,10_27_20_36_44_65_14,True,True,0.050145,b92813f2035ca70ad59897725543579a,14
C_pruning,10_24_32_58_21_16_55,True,True,0.122678,10ee4bcf2a7175ae91efb3ae76cb289e,4
C_pruning,10_27_39_26_50_31_33,True,True,0.026328,71609ebd5b21ddd3b043a8b3cca27efd,8
C_pruning,10_28_25_40_47_14_52,True,True,0.044419,793264f7910eb1067171a9ef6a9ce237,10
C_pruning,10_28_31_31_44_45_27,True,True,0.047766,025ffed7308a487236ea079755d7cf2e,6
C_pruning,10_2_16_81_79_23_5,True,True,0.038127,b3f06225d3864d65bc2203ac5a09d7b4,14
C_pruning,10_2_16_74_87_20_7,True,True,0.051802,50a2c0f5c5b0ebc6cfa5c80b19c69a0f,0
C_pruning,10_2_20_68_88_22_6,True,True,0.051159,1de72340880021f151a4d0e76bb6fe82,8
C_pruning,10_31_28_34_48_31_34,True,True,0.044213,644dfb895dfc68ec9dee55a3c2a3daa3,10
C_pruning,10_2_19_74_81_24_6,True,True,0.076799,d018be6df9262bb6544cc41f3cb69d5b,4
C_pruning,10_34_21_39_46_37_29,True,True,0.026384,d3bce00530eb997ff9fdf6e35dcb3b41,8
C_pruning,10_31_43_20_42_29_41,True,True,0.082377,3561ba744b87782b6bfc8640a6f5e227,6
C_pruning,10_24_32_54_19_16_61,True,True,0.304679,7645157915f560c75177327737d1a203,12
C_pruning,10_37_18_19_53_58_21,True,True,0.057737,703dabbecb6ab6d1cc68cd8f491c51be,8
C_pruning,10_38_10_30_56_46_26,True,True,0.034933,2192103d3e92597523f75439d6721e99,6
C_pruning,10_35_24_26_58_17_46,True,True,0.103122,3a53345614a5ba43698f560598f90564,10
C_pruning,10_36_9_36_65_12_48,True,True,0.11088,8418d22a927f65d2c6d8b3495dfb238f,4
C_pruning,10_33_26_22_21_83_21,True,True,0.172649,530142ede681cce541c73bd8a6fa4065,0
C_pruning,10_38_7_51_19_63_28,True,True,0.041227,a33a700516aa4c09d6fbd9ac783b6cce,6
C_pruning,10_38_12_41_41_33_41,True,True,0.105124,27d02cced1c8b97e04d7c0a21532050f,12
C_pruning,10_3_12_74_87_21_9,True,True,0.050011,e38b869d872db591a3da923d7ac4209a,4
C_pruning,10_3_14_84_73_27_5,True,True,0.042593,32337bd856189b7572a3932fe7784f74,6
C_pruning,10_38_24_26_40_48_30,True,True,0.109357,9fbd8c0cadfce92bd18ea8de529a01c6,8
C_pruning,10_3_15_85_73_22_8,True,True,0.046353,0e5609086baf8437c542334732d072ac,4
C_pruning,10_3_12_76_85_23_7,True,True,0.096935,abd244d356ae4418135ffdc1b52155d1,0
C_pruning,10_40_19_21_35_57_34,True,True,0.135127,c701e5ef8b364f72b59baf069fc35a90,8
C_pruning,10_3_21_63_87_24_8,True,True,0.140178,db1bc4391333a221f1f2292444135a3e,6
C_pruning,10_42_3_39_55_41_26,True,True,0.193159,08d100350896e9c43c0f2cd8ec291b1d,0
C_pruning,10_4_16_77_77_25_7,True,True,0.08835,2783048d9b0d0afff4881ef85160e674,0
C_pruning,10_4_9_80_82_24_7,True,True,0.061029,5484ff9860da2a48b9b62c5a6fb66b0a,0
C_pruning,10_40_31_28_24_40_43,True,True,0.386686,7345a0e975dd90ce65222400a59edd51,4
C_pruning,10_3_15_72_85_27_4,True,True,0.447339,f63d22cc5b5e66472ffecc007ca7d74d,12
C_pruning,10_5_10_79_78_28_6,True,True,0.046628,d60dc0e21653881af69dd6f2f387adb5,0
C_pruning,10_5_17_69_84_24_7,True,True,0.040246,345664fbf21556c74e04a2349e177a75,12
C_pruning,10_5_11_75_88_20_7,True,True,0.068148,4ce2d21322f8e5cfc3be3ea821a48016,4
C_pruning,10_6_17_76_75_24_8,True,True,0.028433,2f914f6556562afcbdacd8d950849531,12
C_pruning,10_5_27_58_46_63_7,True,True,0.054161,01d30f9dafee6411e411b362dc2e3538,0
C_pruning,10_6_22_64_54_46_14,True,True,0.026549,402cf07f697a4d8571bb664715ade75d,4
C_pruning,10_39_28_18_27_53_41,True,True,0.738195,05d1fe6cea9b8a92497d66ee22a657de,10
C_pruning,11_0_13_82_80_24_6,True,True,0.064929,942b4c8fa4594f79b7fa2f197b82a8b6,0
C_pruning,11_10_55_31_45_31_33,True,True,0.03114,83fd0da6c42005926b7d820cba7ac7b3,0
C_pruning,11_11_43_46_20_51_34,True,True,0.052135,c8155e780d05211d81df1b7286c51a09,0
C_pruning,11_12_20_69_45_25_34,True,True,0.023893,db2f2a438910377c1a9180a352f7879a,0
C_pruning,11_0_62_36_28_74_5,True,True,0.15712,c7031e0f5ecfd8c97476024c4cdac0c0,10
C_pruning,11_0_10_80_89_22_4,True,True,0.290621,e55be90264246c3d47b70dae38dc9cf3,12
C_pruning,11_13_14_69_60_28_21,True,True,0.026892,87fb28501a9f4cb484ee5e8e20ad782c,0
C_pruning,11_14_28_62_22_42_37,True,True,0.027192,7cf8ab63df251e3db9f424fdd2ce39dd,10
C_pruning,11_15_43_40_46_25_36,True,True,0.028579,1493751cac5dc88268bb3249cdbc5f5d,0
C_pruning,11_15_28_64_27_39_32,True,True,0.041151,a5604daf16a0beded41674b01ba8bf3e,12
C_pruning,11_15_48_35_26_48_33,True,True,0.02846,c4afd2e624d7105a6a6c63d2d34b98ed,10
C_pruning,11_15_50_30_35_43_32,True,True,0.02459,e39a9546ca67b53d7579f9363c1b952d,0
C_pruning,11_16_42_27_49_49_22,True,True,0.035656,efcf4524e3d459aa9f27669cf851026b,12
C_pruning,11_16_52_21_41_47_28,True,True,0.035754,2fa01fe89813f56512623039402199ef,10
C_pruning,11_17_45_35_36_34_38,True,True,0.034894,884fed85212212842a163cace387b1b0,0
C_pruning,11_19_44_24_41_29_48,True,True,0.034128,cfe19f6694ea9e290ee1a94d1160379e,10
C_pruning,11_18_36_28_36_64_23,True,True,0.037369,0634d3b24697cc60699c22e37311ce58,12
C_pruning,11_19_52_33_30_28_43,True,True,0.037337,7bceafba702ed015517cf4c9c3fe908c,0
C_pruning,11_1_16_67_92_22_7,True,True,0.028768,d64f535d2178dde1a95cc4bd0f3e9c0d,12
C_pruning,11_0_49_25_87_41_3,True,True,0.488489,23b4914db32b34b4a7fa36436232c237,4
C_pruning,11_20_28_65_21_25_46,True,True,0.027278,9df916c7b51972e259ce096221bc5b04,0
C_pruning,11_20_33_40_47_34_31,True,True,0.026146,08cc8ac5a6d58d62641ebc9a4a4eb58b,12
C_pruning,11_1_14_80_83_21_6,True,True,0.100888,78a56b5838b8bb2685a025e1238d7cbc,10
C_pruning,11_20_43_25_43_41_33,True,True,0.040573,795f3e79a03eacaaa6ae4a5a15585d7e,0
C_pruning,11_21_32_21_78_30_23,True,True,0.037296,2d64bb7a4f67516c7c87c95bc5dd6ee9,12
C_pruning,11_21_34_21_78_30_21,True,True,0.028637,f1ecd36d385ed3f6a13e919fe7502355,10
C_pruning,11_22_44_37_25_43_34,True,True,0.033286,647191290b7c3485d873b4085d575a1c,0
C_pruning,11_20_35_45_18_51_36,True,True,0.086492,c89f2b1b91965c714e9dddf7432e1cc5,4
C_pruning,11_24_46_22_39_30_44,True,True,0.049344,704d4e089113096c03912cb32568d062,12
C_pruning,11_24_7_61_51_25_37,True,True,0.027951,b8bb9d9c07da116eaa0dce619b8cab2a,10
C_pruning,11_25_34_42_25_57_22,True,True,0.029626,d471a050e9b0829747fbb9b7a0411fdd,4
C_pruning,11_25_24_36_57_25_38,True,True,0.047778,f379ba6f51c01d993ec74802541a4a13,0
C_pruning,11_26_22_41_31_63_22,True,True,0.029479,1795e8ff034579d4cab05ed5e2d0ee9f,12
C_pruning,11_26_31_23_58_21_46,True,True,0.064014,836a9cff688baecee3423916b85e65c1,4
C_pruning,11_26_30_33_32_57_27,True,True,0.085113,bcafb29b3379593ae39568e2540693a4,10
C_pruning,11_27_22_28_27_97_4,True,True,0.045159,388f48d2b0feafb3097117cec02e794e,4
C_pruning,11_27_25_51_22_44_36,True,True,0.045528,51302c364098b1e31f996c2fcde964f5,10
C_pruning,11_2_16_75_83_23_6,True,True,0.062742,85f1fd81eb4c42234dd50a074bcc2ca8,10
C_pruning,11_28_25_43_29_37_43,True,True,0.061957,b93fdbe6707d2927e5dc6b29b4eb0aa9,4
C_pruning,11_30_32_26_49_28_40,True,True,0.046076,bd28ccbc5269c94b6277b1aa81ddaf02,4
C_pruning,11_26_35_15_56_61_12,True,True,0.300244,0b6db90ee127c6eddd5a07aa3cc7bd12,0
C_pruning,11_26_35_22_21_78_23,True,True,0.341481,2cfad2ea2ec785e3a5724e366391c418,12
C_pruning,11_31_30_41_26_18_59,True,True,0.055258,6968efbac1e1246bbccc56c9f0789a4a,0
C_pruning,11_2_9_77_89_21_7,True,True,0.224406,f0d91f4c13562b8e7a062d55f523ade8,10
C_pruning,11_33_21_49_27_22_53,True,True,0.045791,8ab56ce1abbbae2c51ba684b31c5bb10,10
C_pruning,11_33_36_24_31_31_50,True,True,0.050992,612b4970dd93b4026235ba7160dcb6d9,10
C_pruning,11_34_10_53_42_19_47,True,True,0.032955,380dde2c3dfd6070679183a53fa26e2f,10
C_pruning,11_35_31_27_37_30_45,True,True,0.054935,70682539019c63198353da94571d3515,10
C_pruning,11_36_15_44_39_32_39,True,True,0.023308,79d2a794c14017e0ff71370198e67547,10
C_pruning,11_37_28_32_31_33_44,True,True,0.093107,7067f47e9d0207136059c688709f8099,10
C_pruning,11_38_20_27_31_43_46,True,True,0.322276,2fb1566b4c1bc7f7b94829458d78c1eb,10
C_pruning,11_31_40_19_36_22_57,True,True,1.029659,b81890bf2b3ef81771f17a7b12cc2c01,0
C_pruning,11_38_21_33_21_43_49,True,True,1.140436,06dc51e55049141addc810322070cd65,10
C_pruning,11_3_10_77_85_22_8,True,True,0.080732,ea2f2c3a13fa054f052956f8fc472470,10
C_pruning,11_31_30_46_19_13_66,True,True,2.101489,240fee92d638fdde5b942a3f436030e9,12
C_pruning,11_40_27_27_28_47_36,True,True,0.366765,a12ff5b599be8f37cdbc77c75f2ff889,12
C_pruning,11_3_17_73_82_24_6,True,True,0.132929,c4f67b3ff0217e32e47d8c2c6b02bef9,10
C_pruning,11_30_41_17_32_41_44,True,True,3.1254,fe2bee17093ed8322083faa34ea43810,4
C_pruning,11_43_21_18_54_33_36,True,True,1.334986,139934704b77f006c506513ba2df491e,10
C_pruning,11_41_15_31_12_82_24,True,True,2.500712,0540502d8f01f35055e30489bdcbdb0f,12
C_pruning,11_4_15_69_83_29_5,True,True,0.073729,40c63755302a2b1e2d023347b6db5dbc,12
C_pruning,11_5_11_79_79_26_5,True,True,0.200579,e843cf4187a1d04e85affc4365c758c3,12
C_pruning,11_5_20_66_82_25_7,True,True,0.026489,c5698f3792aab534036b2397eeb345c2,12
C_pruning,11_5_38_46_48_63_5,True,True,0.043522,e88426741614fe2124f4ddc6b9825f67,12
C_pruning,11_5_45_45_58_38_14,True,True,0.032248,83e6807975f01f71730d3cc3c8891929,12
C_pruning,11_6_60_40_22_48_29,True,True,0.030733,25464762e37e7dbbae8624643042bb41,12
C_pruning,12_10_13_70_66_26_19,True,True,0.030091,52c61e44140cd706f07e78e68fd85af6,12
C_pruning,12_11_34_30_58_55_16,True,True,0.021542,c97ad96aaeedf2b7740b1a76e3a57420,12
C_pruning,12_12_31_60_32_26_43,True,True,0.035828,31cd1966392618eab688573e3b8ff1ad,12
C_pruning,12_14_24_10_105_46_5,True,True,0.067759,9b1ca6853fd1e5c0ee0dc8b3b970ca87,12
C_pruning,12_14_37_37_48_37_31,True,True,0.028868,f4e265319357bb86ad44818ecdc2f3a7,12
C_pruning,12_14_44_34_36_40_36,True,True,0.028285,699bd96cac957ad37a74117b606a264d,12
C_pruning,12_14_51_29_38_29_43,True,True,0.034495,5b63cad7b58cfefc1ee3457aac53f184,12
C_pruning,12_15_27_56_32_57_17,True,True,0.021233,023fe4bc14cabe20b7459eb2e9c1f12b,12
C_pruning,12_17_17_66_52_27_25,True,True,0.029597,053963a62bacbee4cf61795590a2979f,12
C_pruning,12_17_31_52_27_29_48,True,True,0.02643,823906878dd6e23702afdb284e4bb66a,12
C_pruning,12_17_48_40_27_23_49,True,True,0.024849,c6966fa2cd3860ee0acf8932cf881e75,12
C_pruning,12_19_36_33_58_26_32,True,True,0.035416,198dd27574bdf1dee1303b768d0cc1d3,12
C_pruning,12_1_18_69_89_20_7,True,True,0.180242,a81ea4c3d18fbdff08df35bf2a4aa21c,12
C_pruning,12_20_29_37_56_33_29,True,True,0.04428,898d8daadfbc6d2bfc202148483a727f,12
C_pruning,12_21_27_29_60_48_19,True,True,0.035486,1048e632b2a805f417aaaff05c88a576,12
C_pruning,12_21_42_26_45_33_37,True,True,0.041316,8da2853216f06ab22734d0c7d0984a23,12
C_pruning,12_24_27_55_28_33_37,True,True,0.039646,989a3534c63a405d6b674dc0d65dc97e,12
C_pruning,12_25_23_43_32_38_43,True,True,0.025452,ababafac35b427c7d9fdd124bdc9b453,12
C_pruning,12_25_42_41_22_22_52,True,True,0.050296,db09e4b9ef0dec0891a7a90fdf76e982,12
C_pruning,12_26_49_23_24_29_53,True,True,0.139011,406f3ea7bd827c4885539aa5b25df8c2,12
C_pruning,12_27_16_63_35_8_55,True,True,0.132171,a09d29f13819fa789cd2c9d435567558,12
C_pruning,12_28_12_29_80_43_12,True,True,0.022082,774c79b9a8dae88c7fd3992fcd70f97d,12
C_pruning,12_28_39_38_22_30_47,True,True,0.029437,456824f94b2877b154feb155fea61e52,12
C_pruning,12_29_23_39_37_46_30,True,True,0.070778,2ee6986109d6eaf97ee6de248a026ff8,12
C_pruning,12_29_30_40_29_45_31,True,True,0.030388,9f6efac90968f4ceb3714627cba9dfa0,12
C_pruning,12_30_33_41_18_43_39,True,True,0.219452,e9df8dd4c8d3e962d64fcdad468ce105,12
C_pruning,12_31_21_34_40_49_29,True,True,0.096353,4ca7df8ef9599d73407d4886020f9bf8,12
C_pruning,11_39_27_30_31_25_53,True,True,11.297393,283befe0b7b2210fcaf750913dea667f,0
C_pruning,12_32_28_41_17_57_29,True,True,0.084557,2999976f0f05d2575b36bdbf9363a179,0
C_pruning,12_32_37_21_37_37_40,True,True,0.084374,08bccc078f8c8ced4bac35fee35ff37f,0
C_pruning,12_33_13_43_47_20_48,True,True,0.046904,b4d697966d01ba12c0f681a74d5b32dd,0
C_pruning,12_33_1_50_62_41_17,True,True,0.030837,52280c2a065cf34e3b116765e8612699,0
C_pruning,12_33_32_39_21_32_47,True,True,0.092045,ae97aa56ec8963d77c52400e0d61f16f,0
C_pruning,10_13_50_46_13_69_15,True,True,15.437742,5aafe2050564164be8a08032ced4dfb5,2
C_pruning,12_36_21_30_41_32_44,True,True,0.214906,8da38112c0549c922a4ec5d4ca783194,2
C_pruning,12_36_25_33_26_31_53,True,True,0.24208,461203064961e726817c858b6f738c14,2
C_pruning,12_36_31_28_27_40_42,True,True,0.290852,511f2e8fafd3ab9c471efeaa01a978b4,2
C_pruning,12_40_10_50_27_32_45,True,True,0.267692,a3790d178db252698f0298ea38ceb66d,2
C_pruning,12_35_31_26_18_51_43,True,True,1.548337,f9d65fb5e23431320d0aeaf2e16cdedd,0
C_pruning,11_46_7_47_21_43_41,True,True,11.045882,353fc661e23865a86cc78921da743859,10
C_pruning,12_44_15_29_15_69_32,True,True,1.573922,e920843ed8f61f5c7a5fe2a26d324e4c,10
C_pruning,10_48_16_27_23_55_37,True,True,19.663334,97a73f832fa75369c75bbf85a678fabb,6
C_pruning,12_4_10_70_87_22_11,True,True,0.0279,bd150b778f2e992d068a5ca39d029912,6
C_pruning,12_4_18_68_82_24_8,True,True,0.062369,5acde0ab7eebff0c5e52ef6234278ff7,6
C_pruning,12_4_36_51_41_55_17,True,True,0.02509,a09a6b17cfce6055a17a0d94e9ea9b02,6
C_pruning,12_4_46_49_49_39_17,True,True,0.021112,55901e4997dc11086d269d2edfcdfdf4,6
C_pruning,12_5_15_75_78_22_9,True,True,0.054701,b814584523ce425dde523a8936c9c3ce,6
C_pruning,13_0_62_29_47_39_26,True,True,0.023916,2825240cdae53083ff2be218314dd163,6
C_pruning,13_10_30_36_71_42_14,True,True,0.0218,ad9cf65800ab25b2802bf0923cd753c0,6
C_pruning,13_10_54_30_17_66_26,True,True,0.061995,2cdb0123ac0fbc73eafc8457ae14f9b6,6
C_pruning,13_12_53_23_54_25_36,True,True,0.022439,6beefd319d836be083551e1b0f9b1e75,6
C_pruning,13_13_23_43_67_48_9,True,True,0.058309,580e761f3a7a9d09189c4a2695963014,6
C_pruning,13_17_23_52_44_31_36,True,True,0.023159,855b8f676289f459b72e5c17bcb8d469,6
C_pruning,13_18_2_86_37_14_46,True,True,0.03604,54dc4e616bdd090e918246fcb8a68fe3,6
C_pruning,13_19_41_19_63_36_25,True,True,0.023261,e134c46f53442a7cfcd68562e74cd6af,6
C_pruning,13_1_7_76_84_25_10,True,True,0.020634,8fff83746b51e43a0aa934e7cdeda2bb,6
C_pruning,13_20_22_31_49_65_16,True,True,0.027357,cf1e47d9f263a7f2ed5bb5f4714113b9,6
C_pruning,13_21_13_47_61_32_29,True,True,0.027793,91d6de73df7db71cada54960432ac59b,6
C_pruning,13_22_31_22_44_58_26,True,True,0.030383,b4ce1b22f15512c3aeae57734591b985,6
C_pruning,13_23_33_30_42_21_54,True,True,0.022024,4423f3d035d32478ef48e1887baf1dd2,6
C_pruning,13_24_29_51_22_45_32,True,True,0.047888,1ec6a0567d8fe10de2fd5d514b45664f,6
C_pruning,13_25_20_35_37_78_8,True,True,0.030241,dfa43d297c0f588a3e5c870f794c27ad,6
C_pruning,13_25_23_38_61_23_33,True,True,0.031436,4c65d49fa827c9fa2d06728d0e795ab1,6
C_pruning,13_26_41_28_23_48_37,True,True,0.030952,050550e56cb7e00b2e705fd993a0f906,6
C_pruning,13_27_43_20_37_35_41,True,True,0.338981,4b7349968961a167911ac7526d79be24,6
C_pruning,13_29_39_24_37_31_43,True,True,0.039168,7b9029a7a6d165735f8f120ec9ed945d,6
C_pruning,13_2_6_78_81_28_8,True,True,0.029277,88a3bed0deb1f76703a1db327f8fff3b,6
C_pruning,13_30_19_37_40_37_40,True,True,0.029838,a3647d3dba6c58ea411c228f2db7e1f0,6
C_pruning,13_31_25_14_73_9_51,True,True,0.062778,6622a0e0197299b2305967ab6a1b52e8,6
C_pruning,13_31_31_22_40_41_38,True,True,0.044927,66511681385f5718899636c2d416aa83,6
C_pruning,13_33_24_38_22_47_39,True,True,0.04181,0a7a2cc09135a76933907e1e9181b078,6
C_pruning,13_33_27_45_18_32_48,True,True,0.268738,2ed3c00d32a7d89222188026c74c38b2,6
C_pruning,13_33_9_49_24_56_32,True,True,0.045085,20ea867790ad6c76e99db0715eaaa6e6,6
C_pruning,13_34_13_38_38_46_34,True,True,0.049339,b6bd138e1e5469749854d2d3a218c54c,6
C_pruning,13_34_17_36_36_36_44,True,True,0.036073,2e3c231b68b6a9bed1ac3ecaa02672e1,6
C_pruning,13_36_17_26_48_44_32,True,True,0.033381,d0acce61c4c05b0fb876de1c26575235,6
C_pruning,13_36_23_33_32_21_58,True,True,3.775064,48828d4917f309b9bcf827a9e9e54d7f,6
C_pruning,12_31_35_36_12_57_33,True,True,16.835216,f5ec6a5160ec73a8f92a5353073c7648,12
C_pruning,13_36_24_31_34_39_39,True,True,0.171246,d7bf5ac3c990de9955f78fc221d25afa,6
C_pruning,13_3_13_78_79_21_9,True,True,0.133453,8cb8a378c0b3afffc263c823893aff07,12
C_pruning,13_3_18_61_91_22_8,True,True,0.025888,3eed8c1f3e99f9cf648081461ca6534a,6
C_pruning,13_4_13_70_84_26_6,True,True,0.055567,feb12a12de2d68a510b00a28b6c08e89,6
C_pruning,13_4_14_65_91_25_4,True,True,0.100026,86720ee4c97e500a6004f0d8083d53da,6
C_pruning,13_4_17_73_71_31_7,True,True,0.028714,8e76660a5bef0fbdd7830ec36a02b1d9,6
C_pruning,13_4_30_60_52_26_31,True,True,0.028858,528138471b14244ee442b8973a563191,6
C_pruning,13_6_12_78_72_26_9,True,True,0.020464,99abbcc6bf5e480dd09df54e5d3f1254,6
C_pruning,13_6_52_41_29_29_46,True,True,0.022258,9acc45cd763cc9a9beecff0180db99c8,6
C_pruning,13_8_36_60_35_24_40,True,True,0.022206,aef98c74cb7db5b0630c7281a7543036,6
C_pruning,14_0_14_69_86_23_10,True,True,0.024741,53329fca57922bf18b5771b1e7703baa,6
C_pruning,14_10_31_54_46_26_35,True,True,0.027782,9010534b4c7634ce411acfd0dbe6b7e0,6
C_pruning,14_10_32_59_25_31_45,True,True,0.029836,381c412c4c23f6bd61354881490ae8de,6
C_pruning,14_13_29_20_87_25_28,True,True,0.029192,8fcb1ff9acef5f84693b031f187d3997,6
C_pruning,14_14_22_40_73_32_21,True,True,0.032848,ae816a1c5b8c49580d99200ea3e24884,6
C_pruning,14_15_47_38_31_25_46,True,True,0.019554,61c0ae3184b82c5829b84d0288cea622,6
C_pruning,14_16_25_60_20_50_31,True,True,0.022138,c56a7c0af01a4ee7ac8106ba4d045696,6
C_pruning,14_16_32_54_26_32_42,True,True,0.022841,ad40a619fa5fa3b81558de2956f64752,6
C_pruning,14_17_20_61_33_30_41,True,True,0.03803,42fd4a70f3d98b8922573d3df413149a,6
C_pruning,14_17_23_70_31_23_38,True,True,0.025221,e4334ff484c2efb14fedbca86bfa0627,6
C_pruning,14_18_23_57_34_29_41,True,True,0.021354,2bd9c65b6c30ed8e97620e6ddf7f56ff,6
C_pruning,13_41_18_15_38_48_43,True,True,2.695329,248db593751c574f2203b14bcf353756,12
C_pruning,14_19_23_45_46_34_35,True,True,0.033177,bf211603f6ba142098e2561efb5ffad1,12
C_pruning,14_1_18_78_48_39_18,True,True,0.020473,3c7ea6457ce821b43ca63d50819bf23c,12
C_pruning,14_20_23_45_42_33_39,True,True,0.022777,a9fee10c2082f1d16ac2ac75aae7d7ff,12
C_pruning,14_18_33_43_14_63_31,True,True,2.012511,f0810d1b8e84aa968099a062571176c6,6
C_pruning,14_21_17_64_35_25_40,True,True,0.021237,0db5412779ad517fa5d1c9294be70c84,6
C_pruning,14_20_44_29_18_51_40,True,True,0.063871,bc399c76d80c48c8f34fe101c635cb37,12
C_pruning,14_21_25_31_54_40_31,True,True,0.020915,cbf3bd21f9a901af854e97a7c2f9ad55,6
C_pruning,14_23_19_47_55_34_24,True,True,0.032071,2494d1217701fb2281929e674f9fe190,12
C_pruning,14_23_23_20_75_41_20,True,True,0.021629,94ad9e68ac1f277235f283a7400e3e7f,6
C_pruning,14_25_11_63_30_30_43,True,True,0.023744,393fb38d0637b4bb9002cc9885998892,12
C_pruning,14_25_20_29_59_28_41,True,True,0.043818,5d04bae2dcbb0071009a2e704cde92ff,12
C_pruning,14_25_39_29_35_38_36,True,True,0.029658,d1c51cd1b207e1cd2706af400b6553b5,12
C_pruning,14_25_17_33_67_12_48,True,True,0.188391,f9f5080e52ee2acab17570f0b6d55fca,6
C_pruning,14_27_14_47_50_28_36,True,True,0.045912,9840ef09f157a8927d77f1d6298597cd,6
C_pruning,14_26_43_19_49_11_54,True,True,1.168765,1b7ef0543bb3f7b7f5c7dbe1dc9be0ae,12
C_pruning,14_28_19_30_68_32_25,True,True,0.021584,16cca0362c2951cc6d944dd773cda6e1,12
C_pruning,14_28_21_32_42_40_39,True,True,0.021386,b08be80985715ec37336c5c2a8e1e292,12
C_pruning,14_28_22_46_20_58_28,True,True,0.032009,48921063b1cfa58976e219d56b58b106,12
C_pruning,14_28_25_44_29_24_52,True,True,0.029617,be2b08302bd2bc9031178084a9056882,12
C_pruning,14_29_22_35_32_38_46,True,True,0.029112,3190ad907b4a8a42c2e7666abba8b874,12
C_pruning,14_29_31_25_38_30_49,True,True,0.047364,46339c5c677bbceadb7d009bbe88ef94,12
C_pruning,14_29_33_26_25_43_46,True,True,0.025171,990bf4b2e29a8b29c1473f5de50e57fc,12
C_pruning,14_29_34_26_24_39_50,True,True,0.042292,6ce6a796065b185959c7d737c6cef420,12
C_pruning,14_29_35_19_25_74_20,True,True,0.093572,e60cfcd56e01b300584d13a5954d1486,12
C_pruning,14_2_14_75_77_27_7,True,True,0.087221,5fb81aa49d01a4b2303feae59cd147a1,12
C_pruning,14_2_16_67_88_21_8,True,True,0.105646,8ecfe3055a915e0b01c4d1ac730c7b16,12
C_pruning,14_30_25_31_30_35_51,True,True,0.05597,bdf86b73bb3670b3a8dc004c296d219c,12
C_pruning,14_31_28_25_39_36_43,True,True,0.045377,1b79717936c5a87205774da99e4ee2e4,12
C_pruning,14_31_33_29_20_34_55,True,True,0.132787,2331db3095ee0a6ef6d2fe2bb66511d1,12
C_pruning,14_31_34_25_41_14_57,True,True,0.040701,3a0c88f960c2273505d60cf439d58aab,12
C_pruning,14_31_37_29_36_12_57,True,True,0.030495,476b0a49abd9f3674265cbe831d10ef2,12
C_pruning,14_32_18_37_42_47_26,True,True,0.032277,e3e9bba27e18130d85e2033f613da127,12
C_pruning,14_32_28_27_25_59_31,True,True,0.021747,70991977222f3e776d0f1a93d50d0e1e,12
C_pruning,14_32_31_18_41_40_40,True,True,0.381189,f65502a5f7eed31847c35ae054973e4a,12
C_pruning,14_33_11_35_55_22_46,True,True,0.025126,c10ade3ab63f96b8a21dadcf60cdffd2,12
C_pruning,14_33_20_47_27_18_57,True,True,0.052722,5a640ac94506094fe21a706670200ca0,12
C_pruning,14_33_21_34_50_23_41,True,True,0.020373,e7621376d68d400a9deeca38a0d54a14,12
C_pruning,14_33_38_23_21_42_45,True,True,1.580271,e32e4bcbc6f17282b72362cca25ef1e6,12
C_pruning,14_33_38_27_23_28_53,True,True,0.181555,48b51914a7d8e6c77265bb2fed7d6209,12
C_pruning,14_34_0_48_42_44_34,True,True,0.064106,a099c3b5c766eacd675b0ea2ab7032c7,12
C_pruning,14_34_29_37_20_35_47,True,True,0.125427,ee2054a6270e65676ff4609f3422300d,12
C_pruning,14_34_30_23_31_55_29,True,True,0.103633,4c7515f182f7e142302fac95f77e8ef3,12
C_pruning,14_34_36_19_25_51_37,True,True,1.290455,e32b61afcba35e9d964a106390bf4e59,12
C_pruning,14_34_6_58_40_26_38,True,True,0.021602,ef6a70984a590e8e49f141af10a8e2bd,12
C_pruning,12_45_10_39_22_46_42,True,True,18.443901,162911c905785c5d19eb95ac9f4c50e9,10
C_pruning,14_35_9_6_65_77_10,True,True,0.174456,ff8a8fe94803b48dfa333c88e205b837,10
C_pruning,14_36_22_23_13_79_29,True,True,0.414915,9af819fea5d0448ac8b361f57dc31789,10
C_pruning,12_42_23_26_8_86_19,True,True,23.071135,03edc13742e2b111494db275d9878cbd,0
C_pruning,14_35_17_2_90_25_33,True,True,3.648038,9bab05d8a54e7c78d3f6606371a1e3b0,12
C_pruning,14_3_11_74_83_27_4,True,True,0.107933,30eca17a97a536cbe75aa8e92f1245bc,0
C_pruning,14_42_13_30_31_52_34,True,True,0.140891,a0e9d9c280319bf71e4d949e819e3d33,12
C_pruning,14_44_2_40_31_52_33,True,True,1.014253,c8b28be5fe337495a8d525ced76b583d,12
C_pruning,14_6_54_29_28_55_30,True,True,0.020752,806626d03dfd31bf0df4dfd376a668c9,12
C_pruning,14_7_32_59_26_60_18,True,True,0.021527,c99419f38f2409c3182f6c842ffa6841,12
C_pruning,14_7_52_31_38_30_44,True,True,0.030605,d9d9859a3c7d67e8f7b8cf419205a4dc,12
C_pruning,14_7_8_69_89_24_5,True,True,0.333356,df0f7f4eef406af8fc5e1199a3a59d2d,12
C_pruning,15_0_14_77_77_23_10,True,True,0.022564,739a144dd55047da60111564c6dbe833,12
C_pruning,15_10_42_35_43_31_40,True,True,0.025327,9ee8504db5dbed629de9f76c2b21cf33,12
C_pruning,15_12_33_55_17_75_9,True,True,0.089385,6d2f960f9a409063a911148bb64d85c6,12
C_pruning,15_13_23_52_33_51_29,True,True,0.026804,30ccf8bde948abc0f32eeb57256e5a2f,12
C_pruning,15_13_24_59_32_50_23,True,True,0.019569,c09842495272867d0c6cd530ef107355,12
C_pruning,15_13_37_32_39_53_27,True,True,0.018422,6caaccae901d99bc35a40f1d1363af11,12
C_pruning,15_15_44_39_12_74_17,True,True,1.555665,1c2da79e6f547fc82623054d6fe880f4,12
C_pruning,15_16_27_50_27_52_29,True,True,0.021306,affe10af67800c7d318913d7048e5a1d,12
C_pruning,15_17_35_35_40_46_28,True,True,0.030471,834f803954411d5a1e529418ac2b9e93,12
C_pruning,15_18_23_31_74_39_16,True,True,0.026037,bc1e1fae0632c528ba820b9bcd908d9f,12
C_pruning,15_18_27_45_50_35_26,True,True,0.028188,a3c00493f92cb42558021880eea77b3c,12
C_pruning,15_18_7_86_23_22_45,True,True,0.039897,86e7c0fc54766b3134bc84fe0dd8a18f,12
C_pruning,15_19_34_33_30_56_29,True,True,0.02978,e06d9e00abff14f2bf4e773045533e9c,12
C_pruning,15_22_26_46_47_12_48,True,True,0.089944,22d5a5787ce71cc7bafed67a006701a0,12
C_pruning,15_22_44_31_27_23_54,True,True,0.02415,e53ef876a5b7b1b6c6509a24121a0224,12
C_pruning,15_23_35_31_40_40_32,True,True,0.025099,ecc9c46560dc0a70ff1aef35abd27a03,12
C_pruning,15_25_21_44_30_39_42,True,True,0.049512,569608344da7e212fdef516f2729822e,12
C_pruning,15_26_2_80_21_16_56,True,True,0.561812,ff6ade3dc9090568fde8df0adc9cbfb5,12
C_pruning,15_27_11_55_42_26_40,True,True,0.037458,8e3567abe74d5df3038ba91de35c92d5,12
C_pruning,15_28_27_29_30_71_16,True,True,0.02539,af408b25d7475151bb3174a51aadf2f7,12
C_pruning,15_28_42_25_29_25_52,True,True,0.03622,d916b67971bceb00a5d1ea7f1e24a1db,12
C_pruning,15_29_38_37_21_18_58,True,True,0.445639,76a5bb9a0d3f31f24a29e5c9f30a4f35,12
C_pruning,15_29_45_16_37_23_51,True,True,4.562154,70c3706e058f96d9f9344e16c3f23e93,12
C_pruning,15_2_33_45_64_53_4,True,True,0.026063,dceb8b11caf8977b3191dc9164ae07eb,12
C_pruning,15_2_6_81_86_21_5,True,True,0.12904,e7013e3e27e4a22d42c80b87bf80c160,12
C_pruning,15_30_10_43_42_47_29,True,True,0.051289,fadae278908607a99f20c65bf0edb12e,12
C_pruning,15_32_25_23_47_45_29,True,True,0.031566,f17aeee471797a05d509bdcc88699582,12
C_pruning,15_34_11_33_51_49_23,True,True,0.045736,a13d622cfd6983c4247e8c3bccef7ab1,12
C_pruning,15_34_24_15_56_25_47,True,True,1.420663,53d72a342b2ef96f623c3d5a0909e423,12
C_pruning,15_37_16_44_24_41_39,True,True,0.057697,ecf6888f7373e753cf1f913fec80141a,12
C_pruning,14_27_1_4_143_23_4,True,True,21.759424,a3b7120e0e6c6bd10826597f13266a60,6
C_pruning,10_32_27_33_11_71_32,True,True,51.634312,91fc09c5e7144d95b39b94cb75269e56,14
C_pruning,15_8_29_55_35_41_33,True,True,0.019633,87d241559017e3a54b02907073544cff,14
C_pruning,15_8_45_29_47_29_43,True,True,0.018697,d9c79fc0c0ea650852655ce93768cd4b,14
python_pruning,10_0_26_75_43_53_9,True,True,0.059463,3f29846d634f40c14dee1bef6a72a983,14
C_pruning,15_40_26_21_26_45_43,True,True,4.494981,6b8665b3de89a9e396779f8ba1a0cbe4,12
python_pruning,10_14_31_40_49_48_24,True,True,0.053252,50c30c5ef0db295190875c4ff94baa6f,12
python_pruning,10_14_38_49_33_37_35,True,True,0.029141,94b6de202c9a7ed3910adc9cf3b4e82b,12
C_pruning,11_44_3_42_55_14_47,True,True,54.10185,45f5508357951c19f7e8a46f340c0886,4
python_pruning,10_15_33_29_78_22_29,True,True,0.030351,e02fcf016ff646d85e08442366e8d258,4
python_pruning,10_16_39_60_18_32_41,True,True,0.222225,6d8fb6b41f6485ffa3f079de44643c73,4
python_pruning,10_16_39_63_27_21_40,True,True,0.031256,0398e319af67a01c716789ea57b5c931,4
python_pruning,10_17_39_36_48_31_35,True,True,0.027362,bd2917ddfe0b4574fe3d79df721de2b0,4
python_pruning,10_18_20_64_29_56_19,True,True,0.057742,c5a2c52f4ca09b60c0ee534943953e5d,4
python_pruning,10_18_31_51_18_63_25,True,True,0.247943,30552ca760fd7fdf78b250cc6603cd59,4
python_pruning,10_1_12_87_77_24_5,True,True,0.601219,26b9f500af22e6f60ac2d26fb1e1c67f,4
python_pruning,10_1_17_90_68_19_11,True,True,0.378893,87fbcb83a19177fae4712da3c2b9ae5d,4
python_pruning,10_20_30_45_45_47_19,True,True,0.030076,c7d4fb9a54dba3d9ca26c1f8bd4525ff,4
python_pruning,10_20_37_40_27_48_34,True,True,0.03134,03914488b66f93fcaa441091d14fd54c,4
C_pruning,12_40_24_23_27_35_55,True,True,44.672992,36458c7abf9209d2e7be3ffdd04624a6,2
python_pruning,10_23_20_33_76_38_16,True,True,0.052657,c7c37401180869ff9a0ac152b233d958,2
python_pruning,10_24_14_63_41_47_17,True,True,0.077967,babeec7bf29db8c68f21e148fa00e9cc,2
python_pruning,10_20_42_30_46_44_24,True,True,0.257414,f4a511c46f6feb1d1f1c0cbb2fe04152,4
python_pruning,10_24_32_58_21_16_55,True,True,0.03473,5526166e2a2c1403ef34f1effed9152f,4
python_pruning,10_24_41_26_35_34_46,True,True,0.083062,37fe50aaae618e8b1f23bb311de61bc8,4
python_pruning,10_24_42_21_52_43_24,True,True,0.121177,af16f3eeac3f16a0a97124e2c1de43a7,4
python_pruning,10_25_38_19_45_38_41,True,True,0.624798,66e22497ed079e8d576facf5eeb514ee,4
python_pruning,10_26_23_22_57_62_16,True,True,0.025656,9b944e0e13ba3015ee152187efe6e8d1,4
python_pruning,10_26_27_27_49_49_28,True,True,0.095755,40723b034871b813bee1ecc3871ffbcc,4
C_pruning,15_4_0_106_42_48_1,True,True,10.695668,557df1da3f9ecdf43a98a296de5c3383,6
python_pruning,10_27_20_36_44_65_14,True,True,0.02572,e129894468d3c2925ede0a31e04d7d9b,6
python_pruning,10_26_35_29_43_29_44,True,True,0.133383,210e7544b8f2c9075c2175658fd950a5,4
python_pruning,10_27_22_48_36_47_26,True,True,0.026099,fe14eca364e37fb7adea4fd2ffe27780,6
python_pruning,10_15_23_72_21_73_2,True,True,6.550746,7d73c6eb343105566976bfa8ebba95b0,12
python_pruning,10_28_25_40_47_14_52,True,True,0.024509,94697b3356a74069926990ed70f062a7,12
python_pruning,10_27_39_26_50_31_33,True,True,0.085786,67bd3d6152d2e3a7b77c14adb4dc82c3,6
python_pruning,10_27_26_46_39_39_29,True,True,0.109104,a2fdc1b7505b7bb99f8adc5cf082c955,4
python_pruning,10_28_31_31_44_45_27,True,True,0.025291,0d1b4b793b3beb81298973d8e270888f,12
python_pruning,10_2_16_74_87_20_7,True,True,0.104229,95685467fa9c78eb7a407e99b6fdb34a,6
python_pruning,10_24_32_54_19_16_61,True,True,1.885488,d3862401459e6eb2ba001da88c74949a,2
python_pruning,10_31_28_34_48_31_34,True,True,0.033215,670e7b93b6e258c3b866f3e979e0710d,2
python_pruning,10_2_19_74_81_24_6,True,True,0.99488,323e2df62e903e7d6a8eb11edc12e4c2,12
python_pruning,10_31_43_20_42_29_41,True,True,0.764702,4fddcb9ee8daf0e270b950c8f259fd1b,2
python_pruning,10_33_26_22_21_83_21,True,True,0.133224,4e998108f4527212194adf9e1084a3f7,2
python_pruning,10_34_21_39_46_37_29,True,True,0.081353,0d1e2f4cab01fc602c7ba79df1f4977f,2
python_pruning,10_35_24_26_58_17_46,True,True,0.033956,44c1728b2211ae439dfbdc3c0df06f29,2
python_pruning,10_2_20_68_88_22_6,True,True,2.152732,f247f04f78090782d94cb9d669674d72,6
python_pruning,10_37_18_19_53_58_21,True,True,0.044187,e646fbea75d05a423322c44ffb83cac7,6
python_pruning,10_38_10_30_56_46_26,True,True,0.257647,ee0b31dda40e8ffcf9911a32b36d480d,6
python_pruning,10_2_16_81_79_23_5,True,True,2.566863,671cfdebe566394984fe589cb3392fcf,4
python_pruning,10_38_12_41_41_33_41,True,True,0.022891,6aff6909c22b535792482615983cff7d,6
python_pruning,10_38_24_26_40_48_30,True,True,0.022817,afdb6368d0dd7b09fb75ebb67468d0d1,4
python_pruning,10_39_28_18_27_53_41,True,True,2.226556,17903a85c0cb8373bdab1015aae7ebb9,4
python_pruning,10_3_12_74_87_21_9,True,True,0.422145,9594f685a749c963a1d709303b362616,4
python_pruning,10_3_12_76_85_23_7,True,True,1.094153,c49097497b9908269b91335408f365a3,4
python_pruning,10_3_14_84_73_27_5,True,True,0.176423,07cdb4f75e6d477dd821de4ad4536f72,4
python_pruning,10_3_15_72_85_27_4,True,True,1.522327,67dbeca22fe449a35a082582eafd23fc,4
python_pruning,10_38_7_51_19_63_28,True,True,5.492327,56726166a333e5317d8a803e7403bba6,6
python_pruning,10_3_21_63_87_24_8,True,True,0.139871,58dd852dcd9741e3c83ec4ed30f0e494,6
python_pruning,10_3_15_85_73_22_8,True,True,0.322557,936cdd296f775778ce9e609356a1db51,4
python_pruning,10_40_19_21_35_57_34,True,True,0.301289,bdb72db9094769d1d608c9afe99b0df2,6
python_pruning,10_42_3_39_55_41_26,True,True,0.146307,c7de6e9dfbc6c41bfef6fd34f1bf9770,6
python_pruning,10_40_31_28_24_40_43,True,True,0.347426,2e3d6dc134100e31403aa383e88c4b71,4
python_pruning,10_36_9_36_65_12_48,True,True,8.270734,bb72613ce21c8ed430223952dfdc3ed2,2
python_pruning,10_4_16_77_77_25_7,True,True,1.105079,de71310f2971e06e52ab441d3bb67146,2
python_pruning,10_4_9_80_82_24_7,True,True,0.448204,907e968ce751051e89389f4b620773e6,2
python_pruning,10_5_10_79_78_28_6,True,True,0.232454,e32c0aef7e1f29166e13ba67ce1f568d,2
python_pruning,10_5_11_75_88_20_7,True,True,1.419507,8e7d6148c64a01f7f08d9269f3d2b6eb,2
python_pruning,10_5_17_69_84_24_7,True,True,0.268906,40ffe68e8ad2d18425e481775145e0c8,2
python_pruning,10_5_27_58_46_63_7,True,True,0.294894,e7511d8b4ce27f41d0e90bf2edab1b7f,2
python_pruning,10_6_17_76_75_24_8,True,True,0.26649,6be156e8b4e69f8c3a953c005640e923,2
python_pruning,10_6_22_64_54_46_14,True,True,0.29084,1f400624352d33462dce9da435652061,2
python_pruning,10_48_16_27_23_55_37,True,True,6.567886,cbb65acc66f7a1aebefe87e2c72729e8,4
python_pruning,11_0_13_82_80_24_6,True,True,0.85849,76901032108d2637317c3717bfbd44d9,4
python_pruning,11_0_49_25_87_41_3,True,True,1.49235,7cf89e815bfef4e73309b8e76f634d76,4
C_pruning,14_39_21_37_23_32_50,True,True,43.12341,05163aebed41f80e05a0fe08be983ba6,10
python_pruning,11_10_55_31_45_31_33,True,True,0.069329,bebafd05a97ec7beff48de11ca4ffae6,10
python_pruning,11_11_43_46_20_51_34,True,True,0.110708,8d4546cf52db1d333cea0089f7f1255f,10
python_pruning,11_12_20_69_45_25_34,True,True,0.031652,a15276d989f90091810299e2956b6019,10
python_pruning,11_13_14_69_60_28_21,True,True,0.034295,d2ced0aaf3b3aa486c7898479d5f792b,10
python_pruning,11_14_28_62_22_42_37,True,True,0.314391,5558a0b184ae612ca1682caa99412614,10
python_pruning,11_15_28_64_27_39_32,True,True,0.068016,e988483af91734a4670d861252a17ae2,10
python_pruning,11_15_43_40_46_25_36,True,True,0.037067,9ca59463c19f74fa5a6dc956785e2a93,10
python_pruning,11_15_48_35_26_48_33,True,True,0.194344,822d369ae32c7f91d93cdb1b0aba1740,10
python_pruning,11_15_50_30_35_43_32,True,True,0.16083,3e7695122ae832318ea44e2752abe153,10
python_pruning,11_16_42_27_49_49_22,True,True,0.03587,953837b2c263a406781abf084eb65655,10
python_pruning,11_16_52_21_41_47_28,True,True,0.213317,72ab20e03b1c7396b25bd394897761ba,10
python_pruning,11_17_45_35_36_34_38,True,True,0.034403,22d3baa56dc41be15ee4e67b6e42421f,10
python_pruning,11_18_36_28_36_64_23,True,True,0.031229,9d141b3b18154ce30d3ca2288c05f7e1,10
python_pruning,11_19_44_24_41_29_48,True,True,0.53033,7d315ad749a3f74eff7a3921cf74a248,10
python_pruning,11_0_62_36_28_74_5,True,True,3.01573,74dba6353dd424829626d36e0550e7b1,4
python_pruning,11_19_52_33_30_28_43,True,True,0.106721,19a0e6eee2e34398ea7bb875ea1b31ee,10
python_pruning,11_0_10_80_89_22_4,True,True,6.689948,788086bc69915696fdaa4e6949ecc347,2
python_pruning,11_1_16_67_92_22_7,True,True,0.312941,afd39f6b92647d49b34f06486b2f1a82,10
python_pruning,11_20_33_40_47_34_31,True,True,0.058388,fcb7305b7d60d457dbbd371afe03e4e8,10
python_pruning,11_20_35_45_18_51_36,True,True,0.144566,b2397c29c9e8a9383503595aae84e6c3,10
python_pruning,11_20_43_25_43_41_33,True,True,0.031952,f36f2d085f338254dc36f79e55d6951f,10
python_pruning,11_21_32_21_78_30_23,True,True,0.031509,aa99ce363d58fa47922d5eb121af786c,10
python_pruning,11_21_34_21_78_30_21,True,True,0.031774,4f4df45616bbc99451b7ab3511b7a9d0,10
python_pruning,11_22_44_37_25_43_34,True,True,0.230191,bafb9347a6fa13e13763ccbee84175cc,10
python_pruning,11_24_46_22_39_30_44,True,True,0.027728,d577b7e741492cef74daa212df8f105b,10
python_pruning,11_24_7_61_51_25_37,True,True,0.026421,152588b4225723581d20ca5b657d95f3,10
python_pruning,11_25_24_36_57_25_38,True,True,0.026389,8625326ad7fd8b35c508f32bee62e2ed,10
python_pruning,11_25_34_42_25_57_22,True,True,0.077554,7f0acecd42d8e92d44d2614c2d5ac5a3,10
python_pruning,11_20_28_65_21_25_46,True,True,0.863603,fa6c9afe136b521c8f2f5f4a75425917,2
python_pruning,11_26_30_33_32_57_27,True,True,0.038663,c29c5daeb1766f9cf60c3e6404587455,2
python_pruning,11_26_22_41_31_63_22,True,True,0.088221,fd218d73baeae2e347545ab10be74868,10
python_pruning,11_26_31_23_58_21_46,True,True,0.071181,ea84752f1b48749bd3fd7f248a8bda1d,2
python_pruning,11_26_35_22_21_78_23,True,True,0.457334,659bf0ea8146e943fcf778844ba3eda1,2
python_pruning,11_26_35_15_56_61_12,True,True,0.686216,4711838730926463510d71c36e91b67d,10
python_pruning,11_27_25_51_22_44_36,True,True,0.189307,4a81bf5eb122e28558d54d99dcf3f46d,10
python_pruning,11_28_25_43_29_37_43,True,True,0.07993,7dba5324b1e8899a423c0b0bd09a3600,10
python_pruning,11_1_14_80_83_21_6,True,True,2.540211,996f25490742b61e365e1ae84520c925,4
python_pruning,11_2_16_75_83_23_6,True,True,0.864871,9dff0ab778e5b5e51d94946fec6a6194,10
python_pruning,11_30_32_26_49_28_40,True,True,0.028251,c0b768f8fa778a3fdcb966cbfc80e5ae,10
python_pruning,11_27_22_28_27_97_4,True,True,1.937274,4d4377242471319e1d25c3edf06b41c3,2
python_pruning,11_31_30_41_26_18_59,True,True,0.071394,70a066c47cf981e8044c0d4789e33204,2
python_pruning,11_30_41_17_32_41_44,True,True,1.740957,42320a4bdeafc944a54d94be1f8b2db1,10
python_pruning,11_2_9_77_89_21_7,True,True,2.940295,de9faf61b1b625dca12022f00179862c,4
python_pruning,11_33_21_49_27_22_53,True,True,0.187991,94cc23c2dd45083b4dcadab96ab75bc3,4
python_pruning,11_33_36_24_31_31_50,True,True,0.443103,2e0ac3c1a162e3ded8b8be96cd790e6b,4
python_pruning,11_34_10_53_42_19_47,True,True,0.068368,0899deeb300d32b0d5b5659dfa59d850,4
python_pruning,11_35_31_27_37_30_45,True,True,0.209663,c8d46f3e547648daeb40fb22411d3dc5,4
python_pruning,11_36_15_44_39_32_39,True,True,0.068729,f0f264acff8cdcfe933841f694218cf5,4
python_pruning,11_37_28_32_31_33_44,True,True,0.085225,f8c3b050b7793e123150d676531cb7ed,4
python_pruning,11_38_20_27_31_43_46,True,True,0.403356,4212fff31f83bb4277dafb027e5371f7,4
python_pruning,11_38_21_33_21_43_49,True,True,0.12224,2a9d5bc625b4e82588c0c3fef8d8cb21,4
python_pruning,11_39_27_30_31_25_53,True,True,0.713684,67451f6a72f06a8f7745e8b7473c8879,4
python_pruning,11_3_10_77_85_22_8,True,True,0.097103,1f4e09c84d9e558de9f264481dc5e378,4
python_pruning,11_3_17_73_82_24_6,True,True,1.176001,86f05da8faa8b29dc9c9393f9d343cbd,4
python_pruning,11_40_27_27_28_47_36,True,True,0.861109,a0b120fd39763cdd9603562cba0693ff,4
python_pruning,11_31_40_19_36_22_57,True,True,15.016563,db321ba8bf4dbe8a3faa4f7733c63d2f,10
python_pruning,11_41_15_31_12_82_24,True,True,12.060937,bfc37c648728f6d80bf9e19422801cd1,4
python_pruning,11_43_21_18_54_33_36,True,True,8.703158,09864e03ecbae9e73b316a7fb367f454,10
C_pruning,10_44_16_35_44_13_54,False,False,120.038092,,8
python_pruning,11_4_15_69_83_29_5,True,True,0.421984,e3aed22f57d636cb7052dc3534bef6c0,8
python_pruning,11_5_11_79_79_26_5,True,True,0.908578,37dfc6087c3d38de0e0fffebd917fcad,8
python_pruning,11_5_20_66_82_25_7,True,True,0.201636,caf6e82baf498d2f0f3aae3e84b7eea0,8
python_pruning,11_5_38_46_48_63_5,True,True,0.767143,78dba52e7d6fa47436c32d82fdc74f54,8
python_pruning,11_5_45_45_58_38_14,True,True,0.040037,57ec10fb7be09a0704c8b72fb0485c5b,8
python_pruning,11_6_60_40_22_48_29,True,True,0.171086,64478dbc757c71ee1a52d4fd17ab1f7f,8
python_pruning,12_10_13_70_66_26_19,True,True,0.070065,6b31af998aee707680236f3d24447859,8
python_pruning,12_11_34_30_58_55_16,True,True,0.275076,98dd1f32a423e5781c133e143c463c5a,8
python_pruning,12_12_31_60_32_26_43,True,True,0.03127,4f55ae3453a1844676440085b65fdb2a,8
python_pruning,12_14_24_10_105_46_5,True,True,0.311832,8c72f566d16637e7bfef5dfd2a2a560f,8
python_pruning,12_14_37_37_48_37_31,True,True,0.029582,1f759e61f2d27b5830cfdf60c62d8773,8
python_pruning,12_14_44_34_36_40_36,True,True,0.030346,da1d98e04bb74fa19288fc2e0e3c4728,8
python_pruning,12_14_51_29_38_29_43,True,True,0.065967,b84ae5a52027be7534374619f39ae86d,8
python_pruning,12_15_27_56_32_57_17,True,True,0.087636,c170afbd59a907985b46edeb54f2ae3e,8
python_pruning,12_17_17_66_52_27_25,True,True,0.083151,8cab4a96956ed2188a6e1cd9f17ce6c6,8
python_pruning,12_17_31_52_27_29_48,True,True,0.0371,4338e87b6f37853a846cc531f43e1ba4,8
python_pruning,12_17_48_40_27_23_49,True,True,0.038387,f9c0b43e8b653d58df09989901b488d8,8
python_pruning,12_19_36_33_58_26_32,True,True,0.027366,7a2374f55f5658c243488d39d6217736,8
python_pruning,12_1_18_69_89_20_7,True,True,2.580432,d0f9c8c731f1f4067476d57f0d7db2a3,8
python_pruning,12_20_29_37_56_33_29,True,True,0.026341,09cd209be987651250b428570d5d669e,8
python_pruning,12_21_27_29_60_48_19,True,True,0.050892,6fa7f876f4983721d01207dd220d7069,8
python_pruning,12_21_42_26_45_33_37,True,True,0.070604,1ccad9da58c21dcbda0153ef93639943,8
python_pruning,12_24_27_55_28_33_37,True,True,0.056603,7ba05572501e6f0af7bce8c1d308a756,8
python_pruning,12_25_23_43_32_38_43,True,True,0.076458,c71a8367bccbf793f1e8fd636e77c0a4,8
python_pruning,12_25_42_41_22_22_52,True,True,0.111806,c42a971097146eb4821e44c88a2599f7,8
python_pruning,12_26_49_23_24_29_53,True,True,0.04297,b1671be6432ba7e599e72782c8498ec9,8
python_pruning,12_27_16_63_35_8_55,True,True,1.988897,6a0b213ef98fa6930095b977f3f8a92e,8
python_pruning,12_28_12_29_80_43_12,True,True,0.032698,08461d65b2d19bc7aacd84baccc2d3e8,8
python_pruning,12_28_39_38_22_30_47,True,True,0.460677,7090484acd5231a472459735f8aa26fd,8
python_pruning,12_29_23_39_37_46_30,True,True,0.042849,2af60134187a77fcba28266c1396f096,8
python_pruning,12_29_30_40_29_45_31,True,True,0.130632,3ea499099f69405260c79aeccf1353af,8
python_pruning,12_30_33_41_18_43_39,True,True,0.074697,5301f789f219f4dcaef843369eb1245c,8
python_pruning,12_31_21_34_40_49_29,True,True,0.04224,e320c94524da935ba2e002f65d43400f,8
python_pruning,10_13_50_46_13_69_15,True,True,79.019922,1d26eba45bd3bc27e0f9bb1fcd7f2917,14
python_pruning,12_32_28_41_17_57_29,True,True,1.085888,271da6d894f5b0842cb0f77add6dd6b2,14
python_pruning,12_32_37_21_37_37_40,True,True,1.195654,7215c0fbdf93446d987cec4224853627,14
python_pruning,12_33_13_43_47_20_48,True,True,0.134236,529c27a117ea2c5b285b2244a29dba29,14
python_pruning,12_33_1_50_62_41_17,True,True,0.045005,dcfd437d98fbfba897a0ad087ec2ca5d,14
python_pruning,12_33_32_39_21_32_47,True,True,0.191271,98d88073d4bedf8e0a9f8c4f4af8db28,14
python_pruning,12_35_31_26_18_51_43,True,True,3.27375,ed8076b9110ce3f531db0d113a9ebcd7,14
python_pruning,12_36_21_30_41_32_44,True,True,0.196914,57bcb20100fd41adb1a5b1dead4b6bcb,14
python_pruning,12_36_25_33_26_31_53,True,True,0.359302,b5739ec4fae80d452b8b39ed4317cf30,14
python_pruning,12_36_31_28_27_40_42,True,True,0.188008,de2e60dd55b4e636024828f3618c0273,14
python_pruning,12_40_10_50_27_32_45,True,True,0.131022,a8e2705f5c02535ec63d32b3138ef5ba,14
python_pruning,11_44_3_42_55_14_47,True,True,48.348887,56455826311df6c1420b932b64f4cc0b,4
python_pruning,11_46_7_47_21_43_41,True,True,47.60577,a5c6ed59c7abf9823ac3fe3ca659d5c9,10
python_pruning,11_31_30_46_19_13_66,True,True,72.472974,c5981e174df4a61e8f5971eb6ff87922,2
C_pruning,14_43_15_28_34_33_49,False,False,120.029666,,0
python_pruning,12_4_10_70_87_22_11,True,True,0.094245,7562b5e3a2e01fb6e8d8dc32cb3ea0ed,0
python_pruning,12_4_18_68_82_24_8,True,True,0.221312,c6246734c084789d277071991a9a2b43,0
python_pruning,12_4_36_51_41_55_17,True,True,0.225232,606674342d88d45b1b67dd9ef4b3e167,0
python_pruning,12_4_46_49_49_39_17,True,True,0.062486,1da0d2a2012b55167be98e61369788cb,0
python_pruning,12_5_15_75_78_22_9,True,True,0.466186,5c31b482d8bb2f186d3bb0753fc49a72,0
python_pruning,13_0_62_29_47_39_26,True,True,0.064013,d781cf2e912ff5a9753f4b2e04b1d6fa,0
python_pruning,13_10_30_36_71_42_14,True,True,0.04934,1bc997da6cf924546279aab56773cc8f,0
python_pruning,13_10_54_30_17_66_26,True,True,0.549578,64912d68fa4b3d4840d9ccdf0b73309b,0
python_pruning,13_12_53_23_54_25_36,True,True,0.374479,42bbec574b8b132ad35f8c47a27aa527,0
python_pruning,13_13_23_43_67_48_9,True,True,0.043252,8fd9762769760d39e3f57cd59443407f,0
python_pruning,13_17_23_52_44_31_36,True,True,0.120956,a84d3afad905ee4629659c966069ef4d,0
python_pruning,13_18_2_86_37_14_46,True,True,0.20131,f88842a0ce1c985f5f1ba7a97579beb5,0
python_pruning,13_19_41_19_63_36_25,True,True,0.079562,8190694035c808fe3c3c0509c6d8c0de,0
python_pruning,13_1_7_76_84_25_10,True,True,0.314876,1342d3ccd40631c601fa24522a8b5412,0
python_pruning,13_20_22_31_49_65_16,True,True,0.100932,beca55e3ac44223baac14dd44578cc56,0
python_pruning,13_21_13_47_61_32_29,True,True,0.035534,26c90f311c964ff1f0f9a3057515ab7e,0
python_pruning,13_22_31_22_44_58_26,True,True,0.1948,21985d66957925cb2c83dea7f8fe20a6,0
python_pruning,13_23_33_30_42_21_54,True,True,0.036357,bdad35db2dc25d57e4ef067c5e5e5c6d,0
python_pruning,13_24_29_51_22_45_32,True,True,0.104574,41d900354cbaa29648ab7021817c8a50,0
python_pruning,13_25_20_35_37_78_8,True,True,0.348404,29f957ef5e539c32c77373b99f65b016,0
python_pruning,13_25_23_38_61_23_33,True,True,0.032771,d236a5f47bfaf727acc7263ca5fb7c1c,0
python_pruning,13_26_41_28_23_48_37,True,True,0.139651,4e0a9725379689193ab9ea77770c359c,0
python_pruning,13_27_43_20_37_35_41,True,True,0.509798,cb686dc50ae2fae41862b54f1a444a8e,0
python_pruning,13_29_39_24_37_31_43,True,True,1.601754,5e87596c66f0f8fd30df222d9a3ae73e,0
python_pruning,13_2_6_78_81_28_8,True,True,0.1251,8e3ce6b30255706997bf9686b5dfe6b5,0
python_pruning,13_30_19_37_40_37_40,True,True,0.106208,846922f47c90cfb1a4bdf1a836161959,0
python_pruning,10_32_27_33_11_71_32,False,False,120.002766,,12
python_pruning,13_31_31_22_40_41_38,True,True,0.054614,3dd88b379df3d1d495463b288f2ef700,12
python_pruning,13_33_24_38_22_47_39,True,True,0.266074,fd06d92a8bd9d04f856526d31cf6518d,12
python_pruning,13_33_27_45_18_32_48,True,True,3.239082,987071cbf0645d17954769933d6b61da,12
python_pruning,13_33_9_49_24_56_32,True,True,0.41464,cb519f4277c5cc343fac63c1179826b2,12
python_pruning,13_34_13_38_38_46_34,True,True,0.239335,2aaa00361c61cbd00207e38b8e180f92,12
python_pruning,13_34_17_36_36_36_44,True,True,0.523208,6a9dd79130f1dc3e116bbc3cf961d596,12
python_pruning,13_36_17_26_48_44_32,True,True,0.873009,55c5fb1bb1af0c270f2b3e968eb79263,12
python_pruning,10_44_16_35_44_13_54,False,False,120.00213,,6
python_pruning,13_36_24_31_34_39_39,True,True,0.43894,fd9e20c4d1dfb3c5eb62d10797f7b511,6
python_pruning,13_3_13_78_79_21_9,True,True,0.352516,6f96e532f86a7f1ab9d31eb6f3f87c99,6
python_pruning,12_44_15_29_15_69_32,True,True,33.243692,da3678a9db1bb6dae02c95ece5cc1349,10
python_pruning,13_3_18_61_91_22_8,True,True,0.592265,b2ccfb66e28ecf42272553f181673fc5,6
python_pruning,13_4_13_70_84_26_6,True,True,2.134837,920f50a75b1c3e0627db6a74a1c1a41d,6
python_pruning,13_36_23_33_32_21_58,True,True,14.42282,c16e510d00f3e2cf7fa6efa60d750713,12
python_pruning,13_4_17_73_71_31_7,True,True,0.277069,0fca00a8fb96d2003a1b5ede126b1abc,12
python_pruning,13_4_30_60_52_26_31,True,True,0.159029,80e09a831fce332adca1daea4d818b2c,12
python_pruning,13_6_12_78_72_26_9,True,True,0.601906,34a4ff1f41ab2a8ae1ffbd3c95734a6e,12
python_pruning,13_6_52_41_29_29_46,True,True,0.053988,a15c66e634219b620bf9005850521a1a,12
python_pruning,13_8_36_60_35_24_40,True,True,0.13768,63a0395d34bc15ed934a5e0264b1644e,12
python_pruning,14_0_14_69_86_23_10,True,True,0.156064,a69b65baa2f08d97cd0392ab8c498597,12
python_pruning,14_10_31_54_46_26_35,True,True,0.043154,af65914cf399b250452d1bea5170b836,12
python_pruning,14_10_32_59_25_31_45,True,True,0.194677,60877224528e551212ea0823fb33268d,12
python_pruning,14_13_29_20_87_25_28,True,True,0.116504,a434aa850a2479a792e11119d8f596bc,12
python_pruning,14_14_22_40_73_32_21,True,True,0.115821,8f6311688c2549eea154ab3087fe5c5a,12
python_pruning,14_15_47_38_31_25_46,True,True,0.160114,c13127599303476e121870b20753b6c8,12
python_pruning,14_16_25_60_20_50_31,True,True,0.612018,cdfc327a5ce9774518d01793bc559d13,12
python_pruning,14_16_32_54_26_32_42,True,True,0.040654,c97afedbeca09a555f6cb9ef7c775d51,12
python_pruning,14_17_20_61_33_30_41,True,True,0.031191,3b5845fe0f18ecca2257ad8a1317242e,12
python_pruning,14_17_23_70_31_23_38,True,True,0.084242,53f227d9df99b09219cc76f9853a5333,12
python_pruning,14_18_23_57_34_29_41,True,True,0.034571,574a7fd4332798a9264058d46127f0ba,12
python_pruning,14_18_33_43_14_63_31,True,True,2.566375,25de6e65f511970d70ab67151c5bf42d,12
python_pruning,14_19_23_45_46_34_35,True,True,0.037713,6d7090ea0bbe79d53f5f1abf55843b17,12
python_pruning,14_1_18_78_48_39_18,True,True,0.110623,62b6cc030f644d69eab0673cb801c754,12
python_pruning,14_20_23_45_42_33_39,True,True,0.062771,fc9724c5d41bc4c5eb2049ecb2e8fbbf,12
python_pruning,14_20_44_29_18_51_40,True,True,0.603312,cd626c0c2c4a41e872c95f3e6591cab0,12
python_pruning,14_21_17_64_35_25_40,True,True,0.085028,3f70c2026fb8a284b6d74be45fa915ee,12
python_pruning,14_21_25_31_54_40_31,True,True,0.109273,997eace6baf02712fd599ff150c20d72,12
python_pruning,14_23_19_47_55_34_24,True,True,0.037478,b300aee478770e30127eb2540d9cb310,12
python_pruning,14_23_23_20_75_41_20,True,True,0.027883,80adcb9c45f912ccdaecc30a03764ad3,12
python_pruning,14_25_11_63_30_30_43,True,True,0.05991,152c4a052905f5f0d3ae500dc7cb2433,12
python_pruning,14_25_17_33_67_12_48,True,True,1.748518,ed6accb9c444634791634a7e0231db7a,12
python_pruning,14_25_20_29_59_28_41,True,True,0.060208,f8838a4e39801b4bb861692dc948dec3,12
python_pruning,14_25_39_29_35_38_36,True,True,0.023506,042c2a118fe1c77c3d8b18062c809dc5,12
python_pruning,14_26_43_19_49_11_54,True,True,1.503443,498d21b04dc221e6829a16756edfeda8,12
python_pruning,14_27_14_47_50_28_36,True,True,0.088732,8b7084589aa9b9eccc2a8a4152724606,12
python_pruning,13_4_14_65_91_25_4,True,True,21.357159,925ba637afb5e5ce8fe303c552acd4e5,6
python_pruning,14_28_19_30_68_32_25,True,True,0.021182,92a368c323a111f749f190e7597aaf7a,6
python_pruning,14_28_21_32_42_40_39,True,True,0.039016,c369ec6662e3854c377a49a7b7f732b0,6
python_pruning,14_28_22_46_20_58_28,True,True,0.137564,9121194ffaf5bbf0573e5948142d4aaf,6
python_pruning,14_28_25_44_29_24_52,True,True,0.035328,1bd4eb5582d1e1625e92118cc1cbff91,6
python_pruning,14_29_22_35_32_38_46,True,True,0.110659,36df6e0836899abaaca83bc8513294ba,6
python_pruning,14_29_31_25_38_30_49,True,True,0.033802,868d6266419c562e18c7252afc326057,6
python_pruning,14_29_33_26_25_43_46,True,True,0.020027,49d7c82fdf4a85560c8c687990bc025a,6
python_pruning,14_29_34_26_24_39_50,True,True,0.312405,356e100214427b72dc4d9a202e42feb4,6
python_pruning,12_40_24_23_27_35_55,True,True,79.989843,523525eccc5205d2253074c5af55a25f,14
python_pruning,14_29_35_19_25_74_20,True,True,1.334986,fce6a336865999e69dd7629363e69c69,6
python_pruning,14_2_16_67_88_21_8,True,True,0.174176,1e1c0026ce4fbd71f39f745ed88d365b,6
python_pruning,14_30_25_31_30_35_51,True,True,0.06242,c453e372d67617465d5805c4cc188d98,6
python_pruning,14_31_28_25_39_36_43,True,True,0.060697,0021982362e2ee2c70b692ffc093783b,6
python_pruning,14_31_33_29_20_34_55,True,True,0.942053,61d6f90ab42205b38e6b45606969a904,6
python_pruning,14_2_14_75_77_27_7,True,True,1.504321,781732a56fa20b6eff89df5cc089585e,14
python_pruning,14_31_34_25_41_14_57,True,True,2.296109,2fa27bf3337c7e33934dcdb4759430c4,6
python_pruning,14_32_18_37_42_47_26,True,True,0.093008,81a1fbf29f4eb27411692fcc512aba9d,6
python_pruning,14_32_28_27_25_59_31,True,True,0.185233,1e21e8b837e61278bc35ec281447fceb,6
python_pruning,14_32_31_18_41_40_40,True,True,0.077066,debedcc55f08bc9bba6b44264f448c9e,6
python_pruning,14_33_11_35_55_22_46,True,True,0.092501,d2def59a9f08516bfcc4bf5060d353d1,6
python_pruning,14_31_37_29_36_12_57,True,True,4.9603,428d9e2fd713ae0de98f531c797bd283,14
python_pruning,14_33_21_34_50_23_41,True,True,0.438279,571dee1bdf615539d8438553db33f363,14
python_pruning,14_33_38_23_21_42_45,True,True,0.273129,310df61f4b6be7aa6b660cffa7d24520,14
python_pruning,14_33_20_47_27_18_57,True,True,4.912575,86ad663ade4032229a28ed6fac621adf,6
python_pruning,14_34_0_48_42_44_34,True,True,0.027945,b9cf3fc66e4aa9fec05391c1fcddcc6f,6
python_pruning,14_34_29_37_20_35_47,True,True,0.216926,9fbfc891a5cbd7ccc1cce72da25dbba9,6
python_pruning,14_34_30_23_31_55_29,True,True,0.284429,2e2ee57ae5c2ea5af6c759099f51d818,6
python_pruning,14_34_36_19_25_51_37,True,True,1.10908,c2ed95924a93eb6bffe10b7ef489a4a3,6
python_pruning,14_34_6_58_40_26_38,True,True,0.040853,cab7f8327c39cd395a22ab0568542f6e,6
python_pruning,14_33_38_27_23_28_53,True,True,5.937234,93111077247c0b237c8c944630d5c341,14
python_pruning,14_35_9_6_65_77_10,True,True,2.803027,2f3e63ba96f23916b35b816273f0dc08,14
python_pruning,14_36_22_23_13_79_29,True,True,4.605762,c3929d8d48724b1d31565785c90a9b77,14
python_pruning,14_39_21_37_23_32_50,True,True,6.394245,3484520fa777287fd1a715d26bced7cb,14
python_pruning,12_31_35_36_12_57_33,False,False,120.002485,,8
python_pruning,14_42_13_30_31_52_34,True,True,1.72053,659b73a8dba8cbf81b4aa289af3695b4,8
python_pruning,13_41_18_15_38_48_43,True,True,60.165983,a9b2ac5a5b831175b3ca7f6cf867c60d,10
python_pruning,14_44_2_40_31_52_33,True,True,0.845225,53b36b0535208211bc7978d4f0cbceef,10
python_pruning,14_6_54_29_28_55_30,True,True,0.857904,7ab691c41ad5e5aba910ff67fdbe03c0,10
python_pruning,14_7_32_59_26_60_18,True,True,0.03285,d27cc6be1c8b43439f284f1019d40eac,10
python_pruning,14_7_52_31_38_30_44,True,True,0.089572,f7c1d9c77857a99947dbafab9511d87f,10
python_pruning,14_7_8_69_89_24_5,True,True,2.058291,c5522376ff77fc33259df235e3e2df50,10
python_pruning,15_0_14_77_77_23_10,True,True,0.103336,9e078dd3611808a117f6f194525d6258,10
python_pruning,15_10_42_35_43_31_40,True,True,0.0284,1ed9e6f8fa122e1f7e2c12fccb3e26c6,10
python_pruning,13_31_25_14_73_9_51,True,True,90.814591,7ffeb7fd67ee74fda2c243f17db0b98a,0
python_pruning,15_13_23_52_33_51_29,True,True,0.074246,51d8b7a4b827a636662c395e9ba271b9,0
python_pruning,15_13_24_59_32_50_23,True,True,0.059121,3c051cee1ef50567ffe380a14e54ac45,0
python_pruning,15_13_37_32_39_53_27,True,True,0.155888,9320bf72ce08b5f1ce093999c14025ba,0
python_pruning,15_12_33_55_17_75_9,True,True,0.50375,edfbdf8b95dd433ef4aeb2f17f535630,10
python_pruning,15_16_27_50_27_52_29,True,True,0.04773,6e7094d150be9d9079299d519b29fa3c,10
python_pruning,15_17_35_35_40_46_28,True,True,0.073259,773dce4c349583a6bdaaf39a74b84e25,10
python_pruning,15_18_23_31_74_39_16,True,True,0.049397,77b169d0c4126e76c58bf4e48b047679,10
python_pruning,15_18_27_45_50_35_26,True,True,0.023463,2d76be0e37e7696351cc72acedaa8d2d,10
python_pruning,15_18_7_86_23_22_45,True,True,0.059804,b507283a46f2e1fbccb89c34daa31692,10
python_pruning,15_19_34_33_30_56_29,True,True,0.072532,1318b4df9bc6c59cdbd4bc132efbecc1,10
python_pruning,15_22_26_46_47_12_48,True,True,0.442539,6e2fab83a497271d1c44dbc057ee5c2d,10
python_pruning,15_22_44_31_27_23_54,True,True,0.020209,2d0c420f7719a9383e85ada7636ef5fb,10
python_pruning,15_23_35_31_40_40_32,True,True,0.026495,6997e64643b24fdd16abed3a2c74463d,10
python_pruning,15_25_21_44_30_39_42,True,True,0.024035,c1a581a87b3f1138c0361b4b604ecb02,10
python_pruning,15_26_2_80_21_16_56,True,True,0.750402,fcaaa139828ace71b755c8462fbb7bdb,10
python_pruning,15_27_11_55_42_26_40,True,True,0.095386,c8c9327ac3eb9d9e5e24f4f5ee354da7,10
python_pruning,14_3_11_74_83_27_4,True,True,14.558633,ec02ba8ae1acc7d04a0db3871cc4fb89,14
python_pruning,15_28_27_29_30_71_16,True,True,0.430052,847985970a7937e7cc4bac8bc57af098,10
python_pruning,15_28_42_25_29_25_52,True,True,0.144839,26ece15e14f3db1347c3caad72c82ffc,14
python_pruning,15_29_38_37_21_18_58,True,True,0.918853,652eedf407922ddae1a279cce903f70e,10
python_pruning,15_2_33_45_64_53_4,True,True,1.69391,5b86532b4294be4a359d4562f348545d,10
python_pruning,15_2_6_81_86_21_5,True,True,1.1079,65eaf17ffc562ce8d279ec8a6f2914fe,10
python_pruning,15_30_10_43_42_47_29,True,True,0.17138,68692d5c59ef756cf4750fa83fb6ccf5,10
python_pruning,15_32_25_23_47_45_29,True,True,0.240644,11f64ae6770bc50ca9af0fb27ce60029,10
python_pruning,15_34_11_33_51_49_23,True,True,0.048929,d67a8d458c0e176a3df47b099bb3c75d,10
python_pruning,15_34_24_15_56_25_47,True,True,2.162461,2b04368ca98c09fd454ca3663f551eec,10
python_pruning,15_37_16_44_24_41_39,True,True,0.381642,e798f2a09b3385143bc37e76d2ac3083,10
python_pruning,14_35_17_2_90_25_33,True,True,44.608589,5da92b82f5a8dd1579c922ed82023c87,6
python_pruning,12_42_23_26_8_86_19,False,False,120.003243,,4
python_pruning,15_8_29_55_35_41_33,True,True,0.030802,7e34c20982e1ed58e4b810d75719cc06,4
python_pruning,15_8_45_29_47_29_43,True,True,0.055352,336a3d46ab9cc567dde2990d343a1ff5,4
C_exact,10_0_26_75_43_53_9,True,True,0.033512,c8a2aa856bb94020da15aa57647ab9af,4
C_exact,10_13_50_46_13_69_15,True,True,0.036042,186ea4508e3beeb67e0963edae280f43,4
C_exact,10_14_31_40_49_48_24,True,True,0.028887,ebb6504881d7fad643f318a829f67507,4
C_exact,10_14_38_49_33_37_35,True,True,0.031796,caa9bb668d14ac8e896a3cf35e3e2807,4
C_exact,10_15_23_72_21_73_2,True,True,0.029937,4a25c313fb18c980346dca6f34ddcd31,4
C_exact,10_15_33_29_78_22_29,True,True,0.051559,1140d9919da79445a6390723295e3e9d,4
C_exact,10_16_39_60_18_32_41,True,True,0.072445,7ade6fc57e2da546fb0f07770d0289af,4
C_exact,10_16_39_63_27_21_40,True,True,0.023173,5a42b082f50860fd0895546082f98589,4
C_exact,10_17_39_36_48_31_35,True,True,0.044975,84f2209a4a4410017e1b57ed51cb9bef,4
C_exact,10_18_20_64_29_56_19,True,True,0.021581,bc83e73ef0f1308a933ce1e0bd7c2dce,4
C_exact,10_18_31_51_18_63_25,True,True,0.031632,1827457419763faeabe1a3a0cb925e31,4
C_exact,10_1_12_87_77_24_5,True,True,0.020858,e14c7a074bec8ac458209208e1221fff,4
C_exact,10_1_17_90_68_19_11,True,True,0.020399,4f8b7a93676c5ab9c953a7707e067eee,4
C_exact,10_20_30_45_45_47_19,True,True,0.020619,b2b9a2970b8a658153bf2e9950fbad42,4
C_exact,10_20_37_40_27_48_34,True,True,0.028975,31b65ebff8ebf4799ef7bdcfa6d2a340,4
C_exact,10_20_42_30_46_44_24,True,True,0.028343,8c6d70a6094912541ceaca0766d528a2,4
C_exact,10_23_20_33_76_38_16,True,True,0.032371,b16e4d6bc7c4e7fa50fa6ad771b7bcf7,4
C_exact,10_24_14_63_41_47_17,True,True,0.028788,cd546711b510c8b50020a01481922514,4
C_exact,10_24_32_54_19_16_61,True,True,0.249492,603df99f099564de8f1e4c5cd6ec504e,4
C_exact,10_24_32_58_21_16_55,True,True,0.289124,0eac248375d57651138ddbcb69cd4397,4
C_exact,10_24_41_26_35_34_46,True,True,0.351193,1c3e6d651d3de24192d436cb490dc534,4
C_exact,10_24_42_21_52_43_24,True,True,0.026747,9d6be5fc749ee98c11e312cc2dd9c419,4
C_exact,10_25_38_19_45_38_41,True,True,0.102329,24bf10cb0842636b7b8e50182a7d5f2e,4
C_exact,10_26_23_22_57_62_16,True,True,0.023724,af90568031c29db4c6485dc4318063b5,4
C_exact,10_26_27_27_49_49_28,True,True,0.03498,a7e177b1647d15b5605293ea3c7a638f,4
C_exact,10_26_35_29_43_29_44,True,True,0.106297,74b80b4f8685e8b9fa01e28858d125a1,4
C_exact,10_27_20_36_44_65_14,True,True,0.020806,dd0254c80df8041994432101ca6e5a1e,4
C_exact,10_27_22_48_36_47_26,True,True,0.023798,e74bd8aa5611ab9e2bf6e77fa27c2ea5,4
C_exact,10_27_26_46_39_39_29,True,True,0.022413,4ff06998cc158ce411001dae44506669,4
C_exact,10_27_39_26_50_31_33,True,True,0.049828,3e1a87091ebaec09418a31c191963de9,4
C_exact,10_28_25_40_47_14_52,True,True,0.178237,3cca10d8a9f0c2fe83bbef40e7989ac9,4
C_exact,10_28_31_31_44_45_27,True,True,0.042846,40592c853c83e02d6f40a131eb4dc66d,4
C_exact,10_2_16_74_87_20_7,True,True,0.020292,ce1b6f9e8bd9d5ab12c8c3d1e8ef6d30,4
C_exact,10_2_16_81_79_23_5,True,True,0.019278,1b2b155f49b2014c7a6e11e2d95e2c9a,4
C_exact,10_2_19_74_81_24_6,True,True,0.0199,b62182ba1154f048ed9206730b289ab5,4
C_exact,10_2_20_68_88_22_6,True,True,0.020683,dcdc1356eb691d6351ab61401bf6847b,4
C_exact,10_31_28_34_48_31_34,True,True,0.047264,9a743bb10ed5564489617fe776cfa06e,4
C_exact,10_31_43_20_42_29_41,True,True,0.473052,ce21c0375e90851a44bc35add9fae03f,4
C_exact,10_32_27_33_11_71_32,True,True,0.074389,326a470e2a7cfbb703d05e0fc6f0c9ec,4
C_exact,10_33_26_22_21_83_21,True,True,0.238852,4f4bbf3c48d3594aea441ab559999c52,4
C_exact,10_34_21_39_46_37_29,True,True,0.037858,2864a78a315b1ae5f668dad132663e38,4
C_exact,10_35_24_26_58_17_46,True,True,0.337747,05a6a48ee7733a15a8f40d2e57fa52d5,4
C_exact,10_36_9_36_65_12_48,True,True,0.188834,03d6e3e36e3de5bb6da6bb1fb83b4b33,4
C_exact,10_37_18_19_53_58_21,True,True,0.0447,4c9bfcbb14d081699649acb33b0649a9,4
C_exact,10_38_10_30_56_46_26,True,True,0.024734,218be8346ecd9b5b4b4ae9b02b1928a2,4
C_exact,10_38_12_41_41_33_41,True,True,0.31875,71f01b3d95be7f0b64ee69c097412733,4
C_exact,10_38_24_26_40_48_30,True,True,0.237224,75f8e8b013ffd4624185cc89aa25169a,4
C_exact,10_38_7_51_19_63_28,True,True,0.302838,d03152cb3ff7e1a7708f6f1644e5dbf9,4
C_exact,10_39_28_18_27_53_41,True,True,0.400923,cef4476f230b600ec5cee1e20bc891ba,4
C_exact,10_3_12_74_87_21_9,True,True,0.018477,c5e5849a580698162169403385fc7885,4
C_exact,10_3_12_76_85_23_7,True,True,0.025534,58eef8e49f609a4cae6f5c76689fae69,4
python_pruning,12_45_10_39_22_46_42,False,False,120.003684,,2
C_exact,10_3_14_84_73_27_5,True,True,0.020077,07ee6857b5eaa071758de6b09d5ff66c,4
C_exact,10_3_15_72_85_27_4,True,True,0.019574,c680e85b8246441e8eb920bd26e52834,2
C_exact,10_3_15_85_73_22_8,True,True,0.021875,35ce58e53130d93c0bf380b6493a1bca,4
C_exact,10_3_21_63_87_24_8,True,True,0.029612,10e4ad65e9fdde97d931e47bbdaf9e3f,2
C_exact,10_40_19_21_35_57_34,True,True,0.429929,d475967b8ee6b883c8785d485dc2f40f,4
C_exact,10_40_31_28_24_40_43,True,True,0.415799,11cbb6e0afa873730e7ceac2de0229e0,2
C_exact,10_42_3_39_55_41_26,True,True,0.22832,0c9af3fc7ddc564d1afbea313ed3e4c7,4
C_exact,10_44_16_35_44_13_54,True,True,0.393628,ce99987e7db4474c211a355b562dc919,2
C_exact,10_4_16_77_77_25_7,True,True,0.021615,96a370ee3f1e1723a3312661891971eb,2
C_exact,10_4_9_80_82_24_7,True,True,0.018923,9bc520a58a9e54897d9babc2f3f7802a,2
python_pruning,15_15_44_39_12_74_17,True,True,23.198784,dc1c9133464f1723cde86e8488fb803f,0
C_exact,10_5_10_79_78_28_6,True,True,0.020015,1d028a05f0b6a1a20094893be55979bb,2
C_exact,10_5_11_75_88_20_7,True,True,0.026844,2d2fc91da3cf36465c13ec42cfeec2f5,0
C_exact,10_5_17_69_84_24_7,True,True,0.018565,5c98e22440cc9fd9b16b1680ab49c4be,2
C_exact,10_5_27_58_46_63_7,True,True,0.021505,a751892e07bf660f35586dc97a8306b7,0
C_exact,10_6_17_76_75_24_8,True,True,0.027519,d61f85b314085588f12ab68ced6d7b3d,2
C_exact,10_6_22_64_54_46_14,True,True,0.027696,520da258d3322e8aa806cc689b256ed6,0
C_exact,11_0_10_80_89_22_4,True,True,0.01942,f6ff7cb3931ef2ad5de4aa757fc656ec,2
C_exact,11_0_13_82_80_24_6,True,True,0.020027,f97278d786fafb854dfff6a8332a3639,0
C_exact,11_0_49_25_87_41_3,True,True,0.028395,df1ee021cf5bbc5dc6265c2b08779dd6,2
C_exact,11_0_62_36_28_74_5,True,True,0.024591,16f2a820f58735c39d1f64300b14a9b4,0
C_exact,10_48_16_27_23_55_37,True,True,0.425812,60dd44eacc28bd69573536f12a88072c,4
C_exact,11_10_55_31_45_31_33,True,True,0.027621,fd75d8609d7defb56b578d73552390cb,2
C_exact,11_12_20_69_45_25_34,True,True,0.025855,fc6f498dc791f3fd3b6f29a570ae51d5,4
C_exact,11_11_43_46_20_51_34,True,True,0.031144,1bde85a755b9d53d550911ac6ab696ad,0
C_exact,11_13_14_69_60_28_21,True,True,0.060172,4d0cef6e7a649997e32e55303119b5e6,2
C_exact,11_15_28_64_27_39_32,True,True,0.024314,46fce7a16a08bbe5c696e61f28fdb8b5,0
C_exact,11_14_28_62_22_42_37,True,True,0.029202,24b8fb3e7a7e4a3a431c42040a8844e0,4
C_exact,11_15_48_35_26_48_33,True,True,0.036739,f2dc6b7e08c0802c9208b142e7aa3f9b,0
C_exact,11_15_50_30_35_43_32,True,True,0.0508,9eb75eda47e542e9eab7c6d8f30ad834,4
C_exact,11_16_42_27_49_49_22,True,True,0.034371,1e904a28f88aad7f31462d35438c4adc,0
C_exact,11_16_52_21_41_47_28,True,True,0.038302,1d55dcd8fc553e0b8d3304d0ad787caf,4
C_exact,11_15_43_40_46_25_36,True,True,0.097272,81890637565bfe73404a2e8fc8e20e5b,2
C_exact,11_17_45_35_36_34_38,True,True,0.034566,decc10dc3543dc428539b4c91a8362d4,0
C_exact,11_18_36_28_36_64_23,True,True,0.026447,ae3c684d7ec25500120751246ac768a4,4
C_exact,11_1_14_80_83_21_6,True,True,0.020616,d71b0488b5e63b966c3e872063514df9,4
C_exact,11_1_16_67_92_22_7,True,True,0.020201,a1fa6f47b77dcffc6c8f92813775ab41,4
C_exact,11_20_28_65_21_25_46,True,True,0.179084,51500c6b5036f9a5368bcb92896431d4,4
C_exact,11_19_44_24_41_29_48,True,True,0.301803,a5d2e6115071890df5eab366a5212732,2
C_exact,11_20_33_40_47_34_31,True,True,0.026276,a0a2d88d90de7dfd40433dcae7198969,4
C_exact,11_20_43_25_43_41_33,True,True,0.040633,99520e1e93d69cb77dee5a40548a4cfa,4
C_exact,11_20_35_45_18_51_36,True,True,0.070294,1670d7e0444120b04ba64bc5a8b4a016,2
C_exact,11_19_52_33_30_28_43,True,True,0.403733,6259b39e1bd22183e4b0ab05a9eee016,0
C_exact,11_21_34_21_78_30_21,True,True,0.025163,e4c230d18e64ebe2b165849ad6e808dc,2
C_exact,11_21_32_21_78_30_23,True,True,0.036889,a1577a9af64d3d2e2eca90e13a86bf43,4
C_exact,11_22_44_37_25_43_34,True,True,0.096339,5c5125c8fa933835b4803cedb80811a5,0
C_exact,11_24_7_61_51_25_37,True,True,0.082931,5b52d0e41a5ec20e87b3b6eae7197a61,4
C_exact,11_25_34_42_25_57_22,True,True,0.049325,a786c6248ed7df245ad6ed0525b5e1c6,4
C_exact,11_26_22_41_31_63_22,True,True,0.025841,ec171c20a032983464b391854852ca08,4
C_exact,11_26_30_33_32_57_27,True,True,0.022622,03504ac3225b98cba36e15929a44c104,4
C_exact,11_25_24_36_57_25_38,True,True,0.14527,536e89e1b7b6d49e65392eb82653343f,0
C_exact,11_26_35_15_56_61_12,True,True,0.028229,cd44d0b4ec403aa085d577671b2bf698,0
C_exact,11_26_35_22_21_78_23,True,True,0.046785,7d95594e76221f7688d0644ae34d8e1c,0
C_exact,11_26_31_23_58_21_46,True,True,0.10565,e8fe7339f5c5afeea6a57d6ef907d0a6,4
C_exact,11_24_46_22_39_30_44,True,True,0.393789,913b4dde4c38d5300baebdb711996991,2
C_exact,11_27_22_28_27_97_4,True,True,0.036698,afbdc5ea6916b5e965c9b0ea8f91909d,0
C_exact,11_2_16_75_83_23_6,True,True,0.032422,cfebca5db5df728d3498a6056f69cc52,0
C_exact,11_28_25_43_29_37_43,True,True,0.064673,16956f4c012b4f339ec663d057ac2f11,2
C_exact,11_2_9_77_89_21_7,True,True,0.023317,cef164a376481257492574daef442cfb,0
C_exact,11_27_25_51_22_44_36,True,True,0.220203,853959fa676af162ee69d08b7b7f78c6,4
C_exact,11_30_32_26_49_28_40,True,True,0.167417,c0176d0eb87420ee3e5ca5ab41254589,2
C_exact,11_30_41_17_32_41_44,True,True,0.463531,344fddd14c9b7b3b622b22e0ae03c631,0
C_exact,11_31_30_41_26_18_59,True,True,0.398905,f908a1ccf417be2380a47c31407f1480,4
C_exact,11_31_30_46_19_13_66,True,True,0.329758,fb31c4a14875462cb376bf95863b31c8,2
C_exact,11_31_40_19_36_22_57,True,True,0.367818,03ce18995b6d466aa01900c77e591d89,0
C_exact,11_33_21_49_27_22_53,True,True,0.374528,3facb3c08b3e63dd7f0e7333c3c4cd6e,4
C_exact,11_33_36_24_31_31_50,True,True,0.405165,69ab24e21ac8bff42e1d1b5e16fd6542,2
C_exact,11_34_10_53_42_19_47,True,True,0.259961,6aa1cc1a82fc21140d3f4de5da32dd56,0
C_exact,11_36_15_44_39_32_39,True,True,0.247394,e8cabecee3bc69054cb3cf73a026c8fa,2
C_exact,11_35_31_27_37_30_45,True,True,0.365519,6ce120d051993ac27980b00780c43f24,4
C_exact,11_37_28_32_31_33_44,True,True,0.434743,4cb46990e3d187173d67a3288ccf94ce,0
C_exact,11_38_20_27_31_43_46,True,True,0.404485,640a7b42535fa8c8bfd34cb0ea2ab8c0,2
C_exact,11_3_10_77_85_22_8,True,True,0.029199,9a11731e0778c3559ac0347d4ddf49f0,2
C_exact,11_38_21_33_21_43_49,True,True,0.395254,47da725e58f2ec631c3f7bea70cc7afe,4
C_exact,11_3_17_73_82_24_6,True,True,0.019505,42dc7c5208d916cb3e2d3eae79440239,2
C_exact,11_39_27_30_31_25_53,True,True,0.375172,7733b599a5011e66c0477c69bc14be1f,0
C_exact,11_41_15_31_12_82_24,True,True,0.309933,a99b482b71120a0a7fab2d867981587e,2
C_exact,11_40_27_27_28_47_36,True,True,0.423701,48c20ed66f3628a44f98b1b9a0678812,4
C_exact,11_43_21_18_54_33_36,True,True,0.467818,5586450348fb2ca62f005eb94b763217,0
C_exact,11_4_15_69_83_29_5,True,True,0.030807,04a16d37fdba849bb8a70c9ec68c3dfd,0
C_exact,11_44_3_42_55_14_47,True,True,0.475242,cae0555171fd07a901d3f96e14d94a89,2
C_exact,11_5_11_79_79_26_5,True,True,0.03338,d2432168afd962aad6e896ceaa89b1b5,0
C_exact,11_5_20_66_82_25_7,True,True,0.030044,f658e38fcad3195065b85376fe013f7e,2
C_exact,11_5_38_46_48_63_5,True,True,0.022037,f12203dabc7973c30afdb9b88296695d,0
C_exact,11_46_7_47_21_43_41,True,True,0.436225,b046ab9b2cda12fd3b1494639bc343ff,4
C_exact,11_5_45_45_58_38_14,True,True,0.026677,fd3ca860ac55d57cae8645e0736743a7,2
C_exact,12_10_13_70_66_26_19,True,True,0.049526,60321fa10ad0012138e5198a1345abfb,4
C_exact,12_11_34_30_58_55_16,True,True,0.048112,e8dd788cd613f477ad33ba611783d847,2
C_exact,11_6_60_40_22_48_29,True,True,0.06247,3a72204b9b4dee8341035b6291d04445,0
C_exact,12_14_24_10_105_46_5,True,True,0.021218,1f590fe365d0de2ce8a8982245c02138,0
C_exact,12_12_31_60_32_26_43,True,True,0.035685,eeeb004106ae2b035530d24c4bc04638,4
C_exact,12_14_44_34_36_40_36,True,True,0.028897,7379f0110f40ea5459593744d23c5ab4,0
C_exact,12_14_51_29_38_29_43,True,True,0.024027,0d0ab2926141ec4d2aef325bb86da0d9,4
C_exact,12_14_37_37_48_37_31,True,True,0.080045,ce8d3c80a4677c32f06d25b3695d7298,2
C_exact,12_15_27_56_32_57_17,True,True,0.044821,6d82a6d700cc7b35d18e4a64e5581018,0
C_exact,12_17_17_66_52_27_25,True,True,0.034325,c652cc8dd41490edbd82b6c031105db2,4
C_exact,12_19_36_33_58_26_32,True,True,0.027907,9862692687e0acf29dc47f25bc9c5d8b,4
C_exact,12_17_31_52_27_29_48,True,True,0.06394,70b1664246f1225000e4822dc898bdf2,2
C_exact,12_1_18_69_89_20_7,True,True,0.031953,16ea2ee947aacbb88509ee5dabfb749f,4
C_exact,12_20_29_37_56_33_29,True,True,0.033871,311d3f94772f94393b52cb90586e8fce,2
C_exact,12_21_27_29_60_48_19,True,True,0.022951,887f8249be7baff222026e51328d50d9,4
C_exact,12_21_42_26_45_33_37,True,True,0.111859,9a2766a6cc3e4c12d69f6f56fd94f45f,2
C_exact,12_24_27_55_28_33_37,True,True,0.113884,6a455582aaa4d6eb0c565d05df999282,4
C_exact,12_17_48_40_27_23_49,True,True,0.242454,3a1e31703162317cfadddd1343bf82bf,0
C_exact,12_25_23_43_32_38_43,True,True,0.162118,24cf5a523902c027fd0dad5d83ee0b38,2
C_exact,12_27_16_63_35_8_55,True,True,0.172871,3ea3b37957d51103a06a4dfa0388ad42,2
C_exact,12_28_12_29_80_43_12,True,True,0.028968,a8395275fbcf9dbe120a840c41331703,2
C_exact,12_26_49_23_24_29_53,True,True,0.398116,67825dbaab19b7239e1a7081c0e1b398,0
C_exact,12_25_42_41_22_22_52,True,True,0.408584,8332d784976baaa2c11e744c1e939c99,4
C_exact,12_29_23_39_37_46_30,True,True,0.040472,c2bd88e36a647b43224fa4a9e461d58e,0
C_exact,12_29_30_40_29_45_31,True,True,0.068706,fdcfd489a2adc9e8ba537b11513ec1ab,4
C_exact,12_30_33_41_18_43_39,True,True,0.027059,b9593cc33fe75421b19757e6f7d35a25,0
C_exact,12_31_21_34_40_49_29,True,True,0.044566,222de351d4ec33c3734c65849ff531a0,4
C_exact,12_28_39_38_22_30_47,True,True,0.422612,a5c955816a88ff733e4201c5334a64a7,2
C_exact,12_31_35_36_12_57_33,True,True,0.336567,d0b6ec2cabc992a675fa0cc9c391e929,0
C_exact,12_32_28_41_17_57_29,True,True,0.377853,47c2f6a506871be2def894a6c3c518d7,4
C_exact,12_33_1_50_62_41_17,True,True,0.021362,bd6b7e729067177289c1639d0536ae7e,4
C_exact,12_33_13_43_47_20_48,True,True,0.230897,58a29d833f6139ac2302e3b7eced9c6b,0
C_exact,12_32_37_21_37_37_40,True,True,0.4635,43ebee26c07d7712d7129d0b2b769e91,2
C_exact,12_33_32_39_21_32_47,True,True,0.407813,df0f978c679cae4ee80a6f0f2c33b402,4
C_exact,12_35_31_26_18_51_43,True,True,0.339969,a52cd5bf18fbe3bf0b8748524eacaad2,0
C_exact,12_36_21_30_41_32_44,True,True,0.43674,d009ae5430e503f68957e84be2ffc3cf,2
C_exact,12_36_25_33_26_31_53,True,True,0.398058,0da1c6fd7f1777ce5c0a2e3ab54d1b87,4
C_exact,12_36_31_28_27_40_42,True,True,0.368908,7951c69154f925f9b6bcb4348cf0d50d,0
C_exact,12_40_10_50_27_32_45,True,True,0.398466,2b3cdc719682d934bb339c7928e48cd7,2
C_exact,12_40_24_23_27_35_55,True,True,0.351084,e20b2b378e8ec12832cbe2768ebe715f,4
C_exact,12_42_23_26_8_86_19,True,True,0.355949,eb6785ba1299aaccb851c0eab8686f53,0
C_exact,12_4_10_70_87_22_11,True,True,0.021814,da6e79638e54d80a00235e3b0aadb8f0,0
C_exact,12_4_18_68_82_24_8,True,True,0.03118,9be9c7708adc31d953115c06f47d0e34,0
C_exact,12_4_36_51_41_55_17,True,True,0.019839,956386f1a8c5037ee9894752cd1b512a,0
C_exact,12_4_46_49_49_39_17,True,True,0.029622,6cf28001cd92486c85ae6c9084c198a7,0
C_exact,12_5_15_75_78_22_9,True,True,0.025279,fc434b4ade90e226b0096f316e1f939c,0
C_exact,13_0_62_29_47_39_26,True,True,0.021059,670699e3fc3d494cf54bd64d27c57d72,0
C_exact,13_10_30_36_71_42_14,True,True,0.01942,97274df7312a582e1ecdf2f1476b6bb3,0
C_exact,12_44_15_29_15_69_32,True,True,0.340772,8ba7000205b347b694a8a716a8d7c33f,2
C_exact,13_10_54_30_17_66_26,True,True,0.067579,50aec9977051bffc6f2464668e1ce5fa,0
C_exact,12_45_10_39_22_46_42,True,True,0.363925,e51f34358775c5ae082376f1a0d592b8,4
C_exact,13_13_23_43_67_48_9,True,True,0.021492,ed4573d39727a766f0049ca566519fcf,0
C_exact,13_12_53_23_54_25_36,True,True,0.086958,7cac4d4452740d2ac88ba9d6faa97be9,2
C_exact,13_17_23_52_44_31_36,True,True,0.030023,0b89dc2a69a9db656e6c036b8b0a67ad,4
C_exact,13_19_41_19_63_36_25,True,True,0.032752,2b151ff7516aa977f404212f95b51c05,2
C_exact,13_1_7_76_84_25_10,True,True,0.029145,1251b37b378d46ae5d9ea9ea815440bf,4
C_exact,13_20_22_31_49_65_16,True,True,0.023036,abcc3e5ccfc945d987a27f7b643ae020,2
C_exact,13_21_13_47_61_32_29,True,True,0.051564,bd37c11f7a709880c49594e1c7b0ec92,4
C_exact,13_22_31_22_44_58_26,True,True,0.046592,fedb3138af1b5a916ed1d136c13fd13d,2
C_exact,13_24_29_51_22_45_32,True,True,0.025448,32f503471c567971b8eb723580137be3,2
C_exact,13_25_20_35_37_78_8,True,True,0.022054,61198ff635132af287e26e230d7f81c0,2
C_exact,13_25_23_38_61_23_33,True,True,0.031704,651776c6a8f35a588df5fce1c305da78,2
C_exact,13_18_2_86_37_14_46,True,True,0.285557,621e035e55abc33c32f972d1e1bb02c8,0
C_exact,13_23_33_30_42_21_54,True,True,0.227573,a1f342a7022d09b6c5b71707164c82be,4
C_exact,13_26_41_28_23_48_37,True,True,0.438769,a66ad7d58e94b6eebd49a84a2b104174,2
C_exact,13_27_43_20_37_35_41,True,True,0.442114,24ef75d9fa2a6e4b620f8d185921a7c3,0
C_exact,13_2_6_78_81_28_8,True,True,0.022075,dac106427833f2fa24080e3be4d5ddd1,2
C_exact,13_30_19_37_40_37_40,True,True,0.027767,149c6c2c34d4348a02edf1699e86b99e,0
C_exact,13_29_39_24_37_31_43,True,True,0.46186,ad7ebe7347cdc87ae645aea1708c47f9,4
C_exact,13_33_24_38_22_47_39,True,True,0.157741,bf3883cb49fc3b209d78f8674dfd0d22,4
C_exact,13_31_25_14_73_9_51,True,True,0.263574,663273c5e62399694c518eb2394caa57,2
C_exact,13_31_31_22_40_41_38,True,True,0.428291,47ec63a2608bfd443220746faf2ffca8,0
C_exact,13_33_9_49_24_56_32,True,True,0.188953,be95efa294ae9206c64f591208d8bd49,2
C_exact,13_34_13_38_38_46_34,True,True,0.063083,e169de9cc29bba77223a5c9492b41673,0
C_exact,13_36_17_26_48_44_32,True,True,0.027131,badfba7bf55c464b45da6f79920ad6c9,0
C_exact,13_33_27_45_18_32_48,True,True,0.400549,118fd2da9bef1a972a6c4215d7810157,4
C_exact,13_34_17_36_36_36_44,True,True,0.425159,1f4aa75cbc7016028b54bafc9cf0fd56,2
C_exact,13_3_13_78_79_21_9,True,True,0.023631,0edfec20589fbdc926f6931810017b7a,2
C_exact,13_36_23_33_32_21_58,True,True,0.35919,63463b758ab53676685b5d24c6e3ed6c,0
C_exact,13_36_24_31_34_39_39,True,True,0.330983,2b6e2677f6d462273c363af9e63678c1,4
C_exact,13_3_18_61_91_22_8,True,True,0.042454,42320055a81c2bdf84be561782b12ea9,2
C_exact,13_4_13_70_84_26_6,True,True,0.021402,7e825541c8f1ed295256a45a9da6d993,4
C_exact,13_4_17_73_71_31_7,True,True,0.034023,1f8266c23c3271a441ce19c35005829f,4
C_exact,13_4_14_65_91_25_4,True,True,0.047163,a41fa04c7c93eea92321342dd0ced216,2
C_exact,13_4_30_60_52_26_31,True,True,0.032053,6005100498949af572d879cd4a487523,4
C_exact,13_6_12_78_72_26_9,True,True,0.037482,88727e8c16ec2e622e80ebf68b131f2f,2
C_exact,13_8_36_60_35_24_40,True,True,0.051378,8485b3f62a6fe85e7095cf16eb24eae6,2
C_exact,13_6_52_41_29_29_46,True,True,0.063366,bf1b0fadcc064c136677c1fe75238c21,4
C_exact,14_0_14_69_86_23_10,True,True,0.031283,adde882b0d967d1a6164a8cb2e8c1509,2
C_exact,14_10_31_54_46_26_35,True,True,0.032042,4d24ccec5cbc04d0d928f368e4e04d95,4
C_exact,14_13_29_20_87_25_28,True,True,0.027214,b257f753a87d2d6e9cd72c062cd05775,4
C_exact,14_10_32_59_25_31_45,True,True,0.064359,9923da133d3957d6901e9e7f997982a2,2
C_exact,14_14_22_40_73_32_21,True,True,0.021968,233fdb2ee544e888234cf04a4229286d,4
C_exact,14_16_25_60_20_50_31,True,True,0.052658,22585d13be87c86aaafcc6c714f3f240,4
C_exact,13_41_18_15_38_48_43,True,True,0.393319,c6f3851b71b39949b930a24078039426,0
C_exact,14_15_47_38_31_25_46,True,True,0.076918,57169cc6bd0fc4aac09cd96db8c555a6,2
C_exact,14_16_32_54_26_32_42,True,True,0.042584,6f469928ae3eee414a573531d7dc1075,4
C_exact,14_17_23_70_31_23_38,True,True,0.029136,1c5a6f939310d8fa39e939dfe9bdee97,2
C_exact,14_18_33_43_14_63_31,True,True,0.031991,ef2aa848c399572bc4267478021e533a,2
C_exact,14_17_20_61_33_30_41,True,True,0.10394,21241c3e4883485a6a226ed2f5ae5f36,0
C_exact,14_19_23_45_46_34_35,True,True,0.06607,3a40c4728a772cd3541574dd47e82663,2
C_exact,14_1_18_78_48_39_18,True,True,0.037313,469b444b752228ac422cd24639e85377,0
C_exact,14_18_23_57_34_29_41,True,True,0.109222,297ed2ac209a82ce88e87f731eb6629d,4
C_exact,14_20_23_45_42_33_39,True,True,0.034791,1381ae4c218e8cb26e719800376e5ce2,2
C_exact,14_21_17_64_35_25_40,True,True,0.038146,a60ed77f21e5f9aa036ce1176808e2d3,4
C_exact,14_23_19_47_55_34_24,True,True,0.022172,e38cdf6dc8a1c44843456a48b496abcc,4
C_exact,14_21_25_31_54_40_31,True,True,0.034824,dad446204a42b89ade6f02ec8e2834cd,2
C_exact,14_20_44_29_18_51_40,True,True,0.09647,e471c787bf487203b755fab1935e5707,0
C_exact,14_23_23_20_75_41_20,True,True,0.025137,655917715633feb7a98e6ccfe5f5b537,4
C_exact,14_25_11_63_30_30_43,True,True,0.039705,ed43d79bd395ee41a9fce72049e06f70,2
C_exact,14_25_17_33_67_12_48,True,True,0.050041,b80828b97c318eded9c4831e880ec47c,0
C_exact,14_25_20_29_59_28_41,True,True,0.045644,3810efab4d8b1aff87650b154e17f2af,4
C_exact,14_25_39_29_35_38_36,True,True,0.075866,5f264182585501db644f6c4b078af53d,2
C_exact,14_27_14_47_50_28_36,True,True,0.057935,dad0ea2c01112c86c2a97ddbb5f11a6a,4
C_exact,14_27_1_4_143_23_4,True,True,0.03969,0dac3e8ff22a3a3971628f3933192b56,2
C_exact,14_28_19_30_68_32_25,True,True,0.061541,4bc0c76761bb74d9dcdc26d81862da9d,4
C_exact,14_28_21_32_42_40_39,True,True,0.035399,0b045e3ac227f5e177a89c8585dab738,2
C_exact,14_28_22_46_20_58_28,True,True,0.072894,8b9200ff906901be419de67014d5e8a1,4
C_exact,14_26_43_19_49_11_54,True,True,0.346257,70d8280e6950617b90e0dc59a5af8010,0
C_exact,14_28_25_44_29_24_52,True,True,0.336754,35ca1ffa70fdc70cc052b5c7ad72bb4c,2
C_exact,14_29_22_35_32_38_46,True,True,0.376558,7513be2b891156ea41162c19bf736422,4
C_exact,14_29_31_25_38_30_49,True,True,0.38861,24c39bf3860587d5a645bbdab0e148df,0
C_exact,14_29_35_19_25_74_20,True,True,0.064326,c31be917e9a885db829d3574b2cbca6a,0
C_exact,14_2_14_75_77_27_7,True,True,0.027202,8df39637c844f8445205cfd25755d9d3,0
C_exact,14_29_33_26_25_43_46,True,True,0.372198,9c63904001b3710b55695a376120336f,2
C_exact,14_2_16_67_88_21_8,True,True,0.025443,08da42c66d5aa97c86f6d946b774baa4,0
C_exact,14_29_34_26_24_39_50,True,True,0.374218,012e46c67994faf5443f682653940ea5,4
C_exact,14_30_25_31_30_35_51,True,True,0.36466,bcc222732d65bf3339ea29ba2749db8f,2
C_exact,14_31_28_25_39_36_43,True,True,0.427719,27fa71c37c06ced552516a4fe63ae906,0
C_exact,14_31_33_29_20_34_55,True,True,0.34008,11be42b8aeb0fc1f715d0aaaf3e4d7cd,4
C_exact,14_32_18_37_42_47_26,True,True,0.078996,4b55d2c0b1f05e4ad92441a7c6c75951,4
C_exact,14_31_34_25_41_14_57,True,True,0.412541,2b66a91eb0bd4d221f29de78f6899de1,2
C_exact,14_31_37_29_36_12_57,True,True,0.36527,ebaa4d0ff66383c45638090fd1936505,0
C_exact,14_32_28_27_25_59_31,True,True,0.484052,79970d2cc222e6999cb33c308ea0808d,4
C_exact,14_33_11_35_55_22_46,True,True,0.295734,eb0b5f93d3daafacaa7533fbc1b9d4a6,0
C_exact,14_32_31_18_41_40_40,True,True,0.458638,fb76c1934308bdd5da07d1fe86cdaacb,2
C_exact,14_33_20_47_27_18_57,True,True,0.299655,f10ad37bb07501af132713dc2cf01efb,4
C_exact,14_33_21_34_50_23_41,True,True,0.286777,22eb9cf22fe9fb87d4559a126f331767,0
C_exact,14_34_0_48_42_44_34,True,True,0.163128,ef87a814c9f051bf1f6a2e20c66e64e2,0
C_exact,14_33_38_23_21_42_45,True,True,0.375507,75edab04cc34e6689b4c4dd9bf52065a,2
C_exact,14_33_38_27_23_28_53,True,True,0.351222,1b64b33c1f534e102ebd84e4e80b791a,4
C_exact,14_34_29_37_20_35_47,True,True,0.423666,89276056c7c0cda2ad255a412e1913d2,0
C_exact,14_34_30_23_31_55_29,True,True,0.524254,17fb822b8a9490ab5a149617ca701d96,2
C_exact,14_34_36_19_25_51_37,True,True,0.457294,af2b61cb03542aa4e66d9cd17a783512,4
C_exact,14_34_6_58_40_26_38,True,True,0.214594,9cfb559219d1c6862645246359135763,0
C_exact,14_35_9_6_65_77_10,True,True,0.064702,5197b4c5ec926726676892c7274649f3,4
C_exact,14_35_17_2_90_25_33,True,True,0.213497,c759bd74bb91809df03dd5cd8be96317,2
C_exact,14_3_11_74_83_27_4,True,True,0.049282,d35e3fcfc832268e3ccb85afa951cf1e,2
C_exact,14_36_22_23_13_79_29,True,True,0.427175,f6abc7fc5d080fa7a4f223bce4c24c9f,0
C_exact,14_39_21_37_23_32_50,True,True,0.419021,82bf9cacf22aaab6b22b829d17d610d1,4
C_exact,14_42_13_30_31_52_34,True,True,0.40268,4b4508bbf23fe4824a225b23b22afafb,2
C_exact,14_6_54_29_28_55_30,True,True,0.041991,312110a95880af834ac8be1fff528ffd,2
C_exact,14_7_32_59_26_60_18,True,True,0.0204,d5e68edbf70652c1aaeeb12941828a30,2
C_exact,14_43_15_28_34_33_49,True,True,0.390759,00b05959f0186e215ee4f4a6649277cc,0
C_exact,14_7_52_31_38_30_44,True,True,0.098441,f7d6c024a9947d0274b088f2eabce240,2
C_exact,15_0_14_77_77_23_10,True,True,0.034038,fcacb0c6942152241b30cad2e193af97,2
C_exact,14_7_8_69_89_24_5,True,True,0.037306,fbf7791a1af28d84e04388f71728c35f,0
C_exact,14_44_2_40_31_52_33,True,True,0.469409,cdba37b0c6569625ba6503dce3bc4ec1,4
C_exact,15_10_42_35_43_31_40,True,True,0.038667,ba553b6bbb2ebeec00d2412602d6f1c4,2
C_exact,15_12_33_55_17_75_9,True,True,0.029596,10c1026ca2797f53179ac90633c968b3,0
C_exact,15_13_37_32_39_53_27,True,True,0.030678,48eb456a5f5f622ac8c023df382066a2,0
C_exact,15_13_23_52_33_51_29,True,True,0.035588,341bf287bbd92706ff81880a1d7a7265,4
C_exact,15_13_24_59_32_50_23,True,True,0.079639,a2fcb0b9d81b1c3fd5a0ea8e776ee514,2
C_exact,15_15_44_39_12_74_17,True,True,0.037039,cc35569051817cd9437fc82129a8e940,0
C_exact,15_16_27_50_27_52_29,True,True,0.045146,b45a7b6de786982d35308fbb3c295514,4
C_exact,15_18_23_31_74_39_16,True,True,0.031774,0c19bd3f8cdd3dbc8d3af43310177808,0
C_exact,15_17_35_35_40_46_28,True,True,0.041181,f8cd82a956cc2c5b0cc9cc4a709e90a6,2
C_exact,15_18_27_45_50_35_26,True,True,0.02386,6366d8d01a967a35d7c9eb54f15f1ee1,4
C_exact,15_18_7_86_23_22_45,True,True,0.033022,7ab2a7b9c5197356c2b191e44d816778,0
C_exact,15_19_34_33_30_56_29,True,True,0.052357,e0424dd6989cbaf38f0a3b69a8757fde,2
C_exact,15_23_35_31_40_40_32,True,True,0.038243,e1e4c7ccaaf467077406fe01cb6c6b62,2
C_exact,15_22_26_46_47_12_48,True,True,0.111617,8cc7675cb1f52c4faeaf51c75b770db2,4
C_exact,15_25_21_44_30_39_42,True,True,0.068044,3191a3dcb64ba9f36e1bd40dadb91534,2
C_exact,15_27_11_55_42_26_40,True,True,0.059112,f30e890c7811bcb7ee5f9fe209e3adc7,2
C_exact,15_28_27_29_30_71_16,True,True,0.0466,549c2f78b5165bb178803c521991f9ce,2
C_exact,15_26_2_80_21_16_56,True,True,0.232995,a50a480ba28c620c4d2f75cae0bbfc05,4
C_exact,15_22_44_31_27_23_54,True,True,0.348065,de471923c972346b698a28ce7632d3a8,0
C_exact,15_28_42_25_29_25_52,True,True,0.402294,610c13c9b9169b576a4975341239badc,2
C_exact,15_29_45_16_37_23_51,True,True,0.37971,e60a90b38c2236214e393fcda8072823,0
C_exact,15_2_33_45_64_53_4,True,True,0.024925,0aa8a4a5606191b1207d955f1fc35a0d,2
C_exact,15_29_38_37_21_18_58,True,True,0.389803,de3013d3cb981fab5122f71114a4d214,4
C_exact,15_2_6_81_86_21_5,True,True,0.020897,50f08f384d72866942a9dea81b4db290,0
C_exact,15_30_10_43_42_47_29,True,True,0.033765,96cc92bbdbf0fc29f5c2e947f91620a0,2
C_exact,15_34_11_33_51_49_23,True,True,0.170309,0fc799c3dd3a81eca94def31705846ae,0
C_exact,15_32_25_23_47_45_29,True,True,0.327863,611324ce6a9ae03d6bdea24ead8eacd5,4
C_exact,15_34_24_15_56_25_47,True,True,0.392412,dffc0094b90ced4ba783cc99a0d0e7b0,2
C_exact,15_4_0_106_42_48_1,True,True,0.031517,2982df22c92c55f5cd8b90214350fe2e,2
C_exact,15_8_29_55_35_41_33,True,True,0.067471,d63d3b9d64e488cfbe14c0c8f81182d8,2
C_exact,15_37_16_44_24_41_39,True,True,0.343317,68bd25ea8dda870478246254d2f6edd0,0
python_exact,10_0_26_75_43_53_9,True,True,0.027745,41d231b492820474921a09498500757c,0
C_exact,15_8_45_29_47_29_43,True,True,0.065962,8f938e0b125e04d40f27d01ecc529dc5,2
python_exact,10_14_31_40_49_48_24,True,True,0.042497,b88a5e67832e96b24b5504f80bd2e144,2
python_exact,10_13_50_46_13_69_15,True,True,0.108539,9c752997465ef901c21e6460f7ce0e65,0
C_exact,15_40_26_21_26_45_43,True,True,0.3661,6ffa9e3f3d3d994cf58ab9b6e8eb6480,4
python_exact,10_15_23_72_21_73_2,True,True,0.042,7cc77675e28882c44ce761f32473b992,0
python_exact,10_16_39_60_18_32_41,True,True,0.146761,fafd817bc9b4c0fa107f366da9ea7562,0
python_exact,10_14_38_49_33_37_35,True,True,0.226638,b54bf661ca9d68b595eac8e021667777,2
python_exact,10_16_39_63_27_21_40,True,True,0.218538,5304ab2be7ccb6e2f816f7364e08cf72,0
python_exact,10_18_20_64_29_56_19,True,True,0.096086,52e3ef857e9aa03e40d04dc11ce70bd8,0
python_exact,10_18_31_51_18_63_25,True,True,0.093608,e40c4bda0b7d92a78371f41c04a7bc5c,0
python_exact,10_1_12_87_77_24_5,True,True,0.046274,77fc3c151840f95a5fe0813cff1f79fd,0
python_exact,10_1_17_90_68_19_11,True,True,0.012193,c7b74636aa686b60882f298c696da610,0
python_exact,10_20_30_45_45_47_19,True,True,0.160515,93657b407c3e08b49f3a3f7c5b3461c9,0
python_exact,10_20_37_40_27_48_34,True,True,0.254334,a87214ec9d0efcfc114b7f519a4a533a,0
python_exact,10_20_42_30_46_44_24,True,True,0.087331,01079c36ebe98e9fd7f481a1ffbd7b77,0
python_exact,10_23_20_33_76_38_16,True,True,0.081763,af41b10d41220ad628fa90af2ad369c1,0
python_exact,10_24_14_63_41_47_17,True,True,0.083646,fa802af7baafb265bb92689f66976729,0
python_exact,10_15_33_29_78_22_29,True,True,1.73369,2b9293a0eb97468a43823e9a55c68af7,4
python_exact,10_17_39_36_48_31_35,True,True,2.199094,23dd9e91b884e02e355adfe2475643fa,2
python_exact,10_24_32_58_21_16_55,True,True,8.414345,d01dce078cc57218215d62ea01bec027,4
python_exact,10_24_42_21_52_43_24,True,True,0.105765,4331c52220622f0de6da276bd7cabb77,4
python_exact,10_24_41_26_35_34_46,True,True,12.000747,93cd6626369375e82f7ec00c6cb4a388,2
python_exact,10_26_23_22_57_62_16,True,True,0.035951,76ff4b2754eeeb84fbec78225a3fde4d,2
python_exact,10_26_27_27_49_49_28,True,True,0.214256,75b26244a4cb634fdb2267da10b55ec6,2
python_exact,10_24_32_54_19_16_61,True,True,14.71049,1b0b601ed00272d2c2b2bef8dff5d14a,0
python_exact,10_27_20_36_44_65_14,True,True,0.233189,9f5c0ef97b03a92dad4760eb95d92ec3,0
python_exact,10_27_22_48_36_47_26,True,True,0.158849,9a2a1a20e9950e24d765889bda0aa834,0
python_exact,10_25_38_19_45_38_41,True,True,6.547175,dadb0e40b8b33cc8154f04b9b9682d1c,4
python_exact,10_27_39_26_50_31_33,True,True,0.096302,69944c69cc62eac649b65a9b67282e5a,4
python_exact,10_27_26_46_39_39_29,True,True,3.53832,7cb7208c3db896afd452deb850798e09,0
python_exact,10_28_31_31_44_45_27,True,True,0.140183,44d7ce12c1fcc772130a5790c453d947,0
python_exact,10_2_16_74_87_20_7,True,True,0.037715,e2e56950a069a387408325e72bd33dab,0
python_exact,10_2_16_81_79_23_5,True,True,0.089781,b9401528e194aef29e2fe0f396b6ae96,0
python_exact,10_2_19_74_81_24_6,True,True,0.037275,46bace83846786ac44d449789b8527da,0
python_exact,10_2_20_68_88_22_6,True,True,0.042852,6e1aa1e2bf08bfdbacf807634ad8f55e,0
python_exact,10_31_28_34_48_31_34,True,True,0.662156,ca7cdc5a4b2939fa0ed36ccd52f2a5b2,0
python_exact,10_26_35_29_43_29_44,True,True,8.141497,e6c633ac3dd2997de2fe8900d5831225,2
python_exact,10_32_27_33_11_71_32,True,True,0.615377,a89a821a0b7cbaec1b10b450faf9bf94,2
python_exact,10_28_25_40_47_14_52,True,True,6.858678,b417f03c9773599e2e156c392401f525,4
python_exact,10_34_21_39_46_37_29,True,True,0.379793,c60f1ab585319276ceb794cfb39856e0,4
python_pruning,15_40_26_21_26_45_43,True,True,54.609398,278faad661129dbd30c707cefe1e55c6,10
python_exact,10_33_26_22_21_83_21,True,True,7.871625,b0b2d8bf64498ca3e402ebd8456d0dae,2
python_exact,10_37_18_19_53_58_21,True,True,0.221342,5159bfe6cd44288d6f6630341f6dc38d,2
python_exact,10_38_10_30_56_46_26,True,True,0.243639,6159ce408a2e7cbebef3706a139b5fa8,2
python_exact,10_36_9_36_65_12_48,True,True,7.092097,a174fb60d1e20e1cdbf3c7a68f1950c6,10
python_exact,10_38_12_41_41_33_41,True,True,1.868524,75798abe52edae60949ece31b3e48446,2
python_exact,10_35_24_26_58_17_46,True,True,12.078878,3333739f5b7b7c25cc1fc8c54b3a88a3,4
python_pruning,14_27_1_4_143_23_4,False,False,120.002889,,12
python_exact,10_3_12_74_87_21_9,True,True,0.022849,b57c132a9e5a23a719e34e8290099115,12
python_exact,10_3_12_76_85_23_7,True,True,0.022634,44c933687c0ef6a22ba77d95bdf046b0,12
python_exact,10_3_14_84_73_27_5,True,True,0.020289,96213f267f953e1be10eb94bf4d5c3e4,12
python_exact,10_3_15_72_85_27_4,True,True,0.027693,d53efcfdeaa892f9dd0bc58a0315328c,12
python_exact,10_3_15_85_73_22_8,True,True,0.031758,b7dbcf2b5add9ffbce1c469573d2f3f5,12
python_exact,10_3_21_63_87_24_8,True,True,0.022859,84dfd7f14984380f66b5d82eb47bdc57,12
python_exact,10_38_7_51_19_63_28,True,True,6.034096,52dccc92766f0f20858cbd64bc1956db,2
python_pruning,15_4_0_106_42_48_1,True,True,62.583447,a087c6617cd27cc272a7d7a4807def6c,6
python_exact,10_31_43_20_42_29_41,True,True,23.130369,6df2c70adc093508bf5cf2e3126902cb,0
python_exact,10_42_3_39_55_41_26,True,True,4.242093,a53ea3db0810995a1ff2bef420901480,6
python_exact,10_40_19_21_35_57_34,True,True,10.045262,d9b5073fd297f66e68441e30376ea2cc,12
python_exact,10_4_16_77_77_25_7,True,True,0.032095,c2a173cfb3c6142ad74d62a8566b97c2,12
python_exact,10_4_9_80_82_24_7,True,True,0.025575,389d8bf5f8b262fa697b18658459e825,12
python_exact,10_5_10_79_78_28_6,True,True,0.023267,fceb7bc73a7a5ea6903b943c68c689d9,12
python_exact,10_5_11_75_88_20_7,True,True,0.021374,e3f932e76a43f3b30020a871b244a53a,12
python_exact,10_5_17_69_84_24_7,True,True,0.021629,5eda78c0620a777c7a29eac8186f6420,12
python_exact,10_5_27_58_46_63_7,True,True,0.018213,cd9dda6b83422c0b3ed9bbf11315d43a,12
python_exact,10_6_17_76_75_24_8,True,True,0.022155,8c8c151cc521ea918a0b26accdcb6e1e,12
python_exact,10_6_22_64_54_46_14,True,True,0.028828,c15cd604deb1b09cb853db85ff781e02,12
python_exact,11_0_10_80_89_22_4,True,True,0.036991,8df7673e1f5e40d47132f7ac8bd37680,12
python_exact,11_0_13_82_80_24_6,True,True,0.029561,e13dadbe9d3649348dce441b421174b5,12
python_exact,11_0_49_25_87_41_3,True,True,0.038999,607dac5cb44a57aca0a5fd4effa73587,12
python_exact,11_0_62_36_28_74_5,True,True,0.058538,e42ceb3b668c337d1947c4c9a518b8d7,12
python_exact,11_10_55_31_45_31_33,True,True,0.08799,40908d2c3e11ac1cb7babd2d81057bc6,12
python_exact,10_38_24_26_40_48_30,True,True,16.491078,00e52b60e729c45ee0ed6507854f096c,10
python_exact,11_12_20_69_45_25_34,True,True,0.056803,c8e8d359f219aef71a51798fa844010b,10
python_exact,11_13_14_69_60_28_21,True,True,0.02568,5f3a2ca5191682db36ca1b0d5cc59850,10
python_exact,11_14_28_62_22_42_37,True,True,0.152356,64cb1facb94277c0b287c0eca39080a7,10
python_exact,11_15_28_64_27_39_32,True,True,0.128409,6f99d27cd2c0829cf244a1a11694aa90,10
python_exact,11_15_43_40_46_25_36,True,True,0.165407,aeceeae7f6ed11150674407b7c47a550,10
python_exact,11_11_43_46_20_51_34,True,True,0.572545,614c22a8e5605e6448093b021aeeec03,12
python_exact,10_39_28_18_27_53_41,True,True,12.987541,8ebbec8436273a030ac2801a749555f5,4
python_exact,11_16_42_27_49_49_22,True,True,0.064085,93169fadc7436bff79617e91bb479a57,4
python_exact,11_16_52_21_41_47_28,True,True,0.310727,72716ad287799602f5e563ea7f7e3263,4
python_exact,11_17_45_35_36_34_38,True,True,0.165827,f3bb62a458b7789b97885a31a9b7277c,4
python_exact,11_15_48_35_26_48_33,True,True,0.601955,d08e27cc16269798d84af14af5393919,10
python_exact,11_15_50_30_35_43_32,True,True,0.625924,0c4ede635d3325f10cfa1f0e1c900f7f,12
python_exact,11_19_44_24_41_29_48,True,True,0.264354,0842ca5631df3b6fcd5b1c947ffefbb2,10
python_exact,11_1_14_80_83_21_6,True,True,0.027885,ce89de707fffd3d2031964a4bdce4898,10
python_exact,11_18_36_28_36_64_23,True,True,0.351533,d7678b9ef7a15358138446c8d3609566,4
python_exact,11_1_16_67_92_22_7,True,True,0.045106,220843cef7e01cea3587a9b4681bfdaa,10
python_exact,11_20_33_40_47_34_31,True,True,0.115951,7659a4f29e6d6c6bb5d0023330195b98,4
python_exact,11_19_52_33_30_28_43,True,True,0.718611,e867844bbb29bfd759c22b2a5764916c,12
python_exact,11_20_43_25_43_41_33,True,True,0.305385,4113c78792810be51ef40b3626edc4ad,12
python_exact,11_21_32_21_78_30_23,True,True,0.105114,387de95251bce632371a5c8b5325ab30,12
python_exact,11_21_34_21_78_30_21,True,True,0.04695,b39a1cffb36130701750c740d0f92dad,12
python_exact,11_20_35_45_18_51_36,True,True,3.224886,ea017aab4208d81432924c0529940e1f,4
python_exact,11_20_28_65_21_25_46,True,True,4.610068,01c3d04f711aafff077a8c2f756a127f,10
python_exact,10_40_31_28_24_40_43,True,True,15.076328,e094f58e1a3c04ea9e87ed167cd29882,2
python_exact,11_24_7_61_51_25_37,True,True,0.075055,8d7f78eb8b04723b3135fcacbe0ddba1,10
python_exact,11_25_34_42_25_57_22,True,True,0.100626,b872540846135aa981cb4cac6f849802,10
python_exact,11_26_22_41_31_63_22,True,True,0.345252,05d6633849d187dc726ea3d8d9639b08,10
python_exact,11_22_44_37_25_43_34,True,True,4.563871,37216c8aa3b875e4a283491246dbb4c3,12
python_exact,11_26_30_33_32_57_27,True,True,0.775004,7c145f490cf928c657ea3a4f15492478,10
python_exact,11_26_35_15_56_61_12,True,True,0.077129,9a1aef304dd12d38753460da784d0c3b,10
python_exact,11_24_46_22_39_30_44,True,True,3.319795,0afd625fff7a9460da57c41275daad3c,4
python_exact,11_25_24_36_57_25_38,True,True,2.189337,4e57ddf87d9e1813450500b7a748b093,2
python_exact,11_27_22_28_27_97_4,True,True,0.545321,df34f53b4c82075cde10c03b2ab563be,4
python_exact,10_48_16_27_23_55_37,True,True,14.20847,f087ecd28874f10dceed5ff65891b4eb,6
python_exact,11_2_16_75_83_23_6,True,True,0.032913,d170993bdf4e3de63fe97d96642f5416,6
python_exact,11_2_9_77_89_21_7,True,True,0.031571,0276c793c277499fc3531498bab3acb1,6
python_exact,11_30_32_26_49_28_40,True,True,2.677024,20ec87624936c857426c676668e31c03,6
python_exact,11_27_25_51_22_44_36,True,True,4.989181,127a30ab7f20e47bcd9779d18b39b5ca,2
python_exact,11_26_35_22_21_78_23,True,True,5.93316,f2b327c4b3bb40552c51ce4576e81927,10
python_exact,11_26_31_23_58_21_46,True,True,7.371014,56315abbd41ebbb2e88970c92a2422b4,12
python_exact,10_44_16_35_44_13_54,True,True,19.054222,924438ffcc16ebd511d2fb73da23721a,0
python_exact,11_28_25_43_29_37_43,True,True,8.582523,7437b38651a381a3d03fed6aad365db8,4
python_exact,11_31_30_46_19_13_66,True,True,11.668595,4f028c5609465f78b3547832a15a465f,10
python_exact,11_31_40_19_36_22_57,True,True,11.450261,1c02257ace05106d28ccdf088c75323b,12
python_pruning,14_43_15_28_34_33_49,False,False,120.002572,,8
python_exact,11_31_30_41_26_18_59,True,True,15.074095,c58809a6b9c0d6256c9a22d2d2794cb7,2
python_exact,11_30_41_17_32_41_44,True,True,15.910774,cc1b979fac6f7bd57769d223e98d1374,6
python_exact,11_36_15_44_39_32_39,True,True,1.87521,1548a08d707da2220b4a36f4ca9f4671,8
python_exact,11_33_36_24_31_31_50,True,True,13.048294,7d83e6f62ff1c720b552739699a96de5,4
python_exact,11_33_21_49_27_22_53,True,True,17.32566,965de45b39533a3e6126bd6a067c5012,0
python_exact,11_3_10_77_85_22_8,True,True,0.043704,5f0bbdd1acf74a714dca7e9f71cd75ee,0
python_exact,11_3_17_73_82_24_6,True,True,0.047633,7ee3578de8c2bddde4c968dd02188101,0
python_exact,11_34_10_53_42_19_47,True,True,7.868295,4a3db4c664d54385353829475f9779c4,10
python_pruning,15_29_45_16_37_23_51,False,False,120.003014,,14
python_exact,11_35_31_27_37_30_45,True,True,13.355175,32772e1f7e69d13467414565d4c3b8a1,12
python_exact,11_38_21_33_21_43_49,True,True,11.262912,3e7ed01c18130831c6cdfb772acdc47f,8
python_exact,11_39_27_30_31_25_53,True,True,11.623306,0ab5fd675e62e91e25f90cba35d69b3e,4
python_exact,11_4_15_69_83_29_5,True,True,0.028531,12376e7a6a8c071634f6209deccd5460,4
python_exact,11_5_11_79_79_26_5,True,True,0.031613,6ec0b3b7c3d0a6cc3439ddf6fa034d96,4
python_exact,11_38_20_27_31_43_46,True,True,13.337571,2ec59fd204b79d5c87edabf6b2119837,6
python_exact,11_5_20_66_82_25_7,True,True,0.035529,d1a7643d50418e328733bb21936f8de1,4
python_exact,11_5_45_45_58_38_14,True,True,0.03996,02511065c893a88c3a5240344f27d01d,4
python_exact,11_5_38_46_48_63_5,True,True,0.054404,ec1eec6e92ce825d7860e265ebe8f634,6
python_exact,12_10_13_70_66_26_19,True,True,0.029991,7483f915d3c6c9eff14159d20a2d9160,6
python_exact,12_11_34_30_58_55_16,True,True,0.032461,3b1c20505a03b467c5141792396b4fdc,6
python_exact,11_6_60_40_22_48_29,True,True,0.148293,5d658d139ed471cb7629da842774b70c,4
python_exact,12_14_24_10_105_46_5,True,True,0.024151,b2e432a95e2f7b535ef4008f659b88dc,4
python_exact,12_14_37_37_48_37_31,True,True,0.067966,b422c5e6477af6a00f37bce2bc4792f2,4
python_exact,12_12_31_60_32_26_43,True,True,0.17188,cddaf29208964108446d2c47a078a5d6,6
python_exact,12_14_44_34_36_40_36,True,True,0.041612,2f2524c4bd122b9719b0b07f7d0b52d9,4
python_exact,12_15_27_56_32_57_17,True,True,0.034323,61d80cb54a3be7572173bfe13052cc9b,4
python_exact,12_17_17_66_52_27_25,True,True,0.068597,51c321c87a7afde9d6f5c855527087bf,4
python_exact,11_41_15_31_12_82_24,True,True,12.315766,a576a67a9315be00b89d3f95bba55bb1,10
python_exact,12_17_31_52_27_29_48,True,True,3.321976,538e2c8cfba42950cf41c585cb4a0d07,4
python_exact,12_19_36_33_58_26_32,True,True,0.142706,d9c849dfcde25cda9c417baf73f60449,4
python_exact,12_1_18_69_89_20_7,True,True,0.019439,b2f1e30a2746547c5e7914e6e7ae3b91,4
python_exact,11_37_28_32_31_33_44,True,True,17.625197,ef50b9a4e798da91174eb7e06e231eca,2
python_exact,12_20_29_37_56_33_29,True,True,0.053938,0b00573c195054b954e5dbe50f3adeff,4
python_exact,12_21_27_29_60_48_19,True,True,0.054528,8afcb13ffa986d5bee425024113c68ad,2
python_exact,12_21_42_26_45_33_37,True,True,0.131771,630a3280aeed098c93bfacf6417ef8e0,4
python_exact,12_24_27_55_28_33_37,True,True,1.393448,7542719bef5d1ea3320eae937bdfcebc,2
python_exact,12_25_23_43_32_38_43,True,True,2.713658,00603a8e623aa241a471275a270f7a44,4
python_exact,12_14_51_29_38_29_43,True,True,7.065695,902609d7f8fd92480c360b75164a1352,6
python_exact,11_44_3_42_55_14_47,True,True,12.298342,eb87ba8aafe8999be2f4488e5c4ac3b5,12
python_exact,12_28_12_29_80_43_12,True,True,0.040751,e23cd6e3b99b907fc9d31334f8480af3,12
python_exact,11_40_27_27_28_47_36,True,True,20.811037,70680bc30213f7316729ae492af3b573,0
python_exact,12_29_23_39_37_46_30,True,True,0.464466,1a48542d03fad8c7f43f5810ec4126c6,0
python_exact,11_46_7_47_21_43_41,True,True,12.694275,f353ac3a46d301021c38d0edeb551323,8
python_exact,12_29_30_40_29_45_31,True,True,1.618541,865420130538351bfc6d534bf08d3ada,0
python_exact,12_17_48_40_27_23_49,True,True,10.803186,2e67fbcb49aeaaffeb5bee33a39baae3,10
python_exact,11_43_21_18_54_33_36,True,True,21.590051,426e993648a9a095d637593198ae373e,14
python_exact,12_31_21_34_40_49_29,True,True,2.00936,bc64b96b362b4ad2ae76813045555551,0
python_exact,12_27_16_63_35_8_55,True,True,8.080872,b8cdf1bcb385ac3182b576add4dc03c0,6
python_exact,12_32_28_41_17_57_29,True,True,1.40945,b0a3bb9f25003d02ee1fe9ec6bbfe4c4,14
python_exact,12_33_1_50_62_41_17,True,True,0.084008,7346be6f437b95890b2be6db358b116e,14
python_exact,12_26_49_23_24_29_53,True,True,11.768767,efc3c12816ca3143781dc37c4e514676,4
python_exact,12_25_42_41_22_22_52,True,True,14.05019,0765cdf675a52758422a838416272bce,2
python_exact,12_30_33_41_18_43_39,True,True,10.852028,63c7a3a06bfe4a33fb8c022a501c32bf,8
python_exact,12_33_13_43_47_20_48,True,True,9.42315,44dd02bef870f3ecb660513a2deecce2,6
python_exact,12_28_39_38_22_30_47,True,True,15.964129,76ce1802286cb796c9e1d3092d2f0e9f,12
python_exact,12_31_35_36_12_57_33,True,True,13.058475,c5a944cea19abf693fc15cf89c7fe1c8,10
python_exact,12_33_32_39_21_32_47,True,True,11.424663,5820bf74899aa4b7dab8a6b3565f97ab,14
python_exact,12_35_31_26_18_51_43,True,True,13.186207,ab464883e856809eddd86a6070010c4a,4
python_exact,12_36_25_33_26_31_53,True,True,11.587551,f869f5251620e2d20d17d388b4aff3df,8
python_exact,12_32_37_21_37_37_40,True,True,19.76364,7418fbf3def39896b9dce99259a9f881,0
python_exact,12_4_10_70_87_22_11,True,True,0.029486,6d750e3fb4241fc0a0a6d85526aba66a,0
python_exact,12_4_18_68_82_24_8,True,True,0.027408,a4f87143b95d0e043cafa09d78c40840,0
python_exact,12_4_36_51_41_55_17,True,True,0.045683,f54e0e87f4e67069787f5872703e9a1a,0
python_exact,12_4_46_49_49_39_17,True,True,0.07363,c7d3793df7c76041216916d0d9130568,0
python_exact,12_5_15_75_78_22_9,True,True,0.022571,0e70996db139b77886e83ae393b4f1b1,0
python_exact,13_0_62_29_47_39_26,True,True,0.039707,34fd9215d4bfe1d1dc32a49270002b61,0
python_exact,13_10_30_36_71_42_14,True,True,0.054803,bb108132d9d7093328d685ee52bee7dc,0
python_exact,13_10_54_30_17_66_26,True,True,1.146924,5b1f6f66daf6d742a196ac0ab47f5f7e,0
python_exact,13_12_53_23_54_25_36,True,True,0.161469,1d3aa6afcd23ce29a4facd18f447a57a,0
python_exact,12_36_21_30_41_32_44,True,True,16.802601,e025a883c73b2d112b3d3d07c36bdfbb,2
python_exact,13_13_23_43_67_48_9,True,True,0.06983,b59fcba31c878e180b38c23e7207b20f,0
python_exact,13_17_23_52_44_31_36,True,True,0.06192,fb937a1be51baa57244bed4c060bea33,2
python_exact,13_19_41_19_63_36_25,True,True,0.126882,22c750db23cf8f0f35d2819e6f0c56e8,2
python_exact,13_1_7_76_84_25_10,True,True,0.020248,3883ee43d6356b354536d52949156460,2
python_exact,13_18_2_86_37_14_46,True,True,0.201895,fca3b3a1cd2ff997c9c2b0930575675e,0
python_exact,13_20_22_31_49_65_16,True,True,0.031857,5370f92ff143c18d1a74c2a8731172e7,2
python_exact,13_21_13_47_61_32_29,True,True,0.056896,92216b9335ac06520888df00728c1133,0
python_exact,13_22_31_22_44_58_26,True,True,0.098908,6757d08286d6182e486a0d44d79d1400,2
python_exact,13_24_29_51_22_45_32,True,True,0.484075,f3bc40a8e5c956f90df33e03e42f6bc3,2
python_exact,13_25_20_35_37_78_8,True,True,0.12223,4c3588d9cf38a461308e63fa011bc535,2
python_exact,13_25_23_38_61_23_33,True,True,0.153013,37ab7e207bfb1037a6ee60efb000d661,2
python_exact,12_40_24_23_27_35_55,True,True,10.788034,ba6fea613fc43bf6d430daf62e6d7af8,10
python_exact,12_36_31_28_27_40_42,True,True,14.167377,87f9990bed99c7b76284bbd2c78eece5,6
python_exact,12_42_23_26_8_86_19,True,True,11.508508,e5a86be8f3afd35bd4ed17528ac34e6b,14
python_exact,13_2_6_78_81_28_8,True,True,0.022624,2ab57760057f4678494cd9a88be91d1a,14
python_exact,12_40_10_50_27_32_45,True,True,17.932077,885d50034a298429792e0a7646d0d2af,12
python_exact,12_44_15_29_15_69_32,True,True,11.600698,6a8af2c0c5270916cea3e5118e7618a4,4
python_exact,13_31_31_22_40_41_38,True,True,0.875441,eecf91765fd91f069e5f05cc0fe31fab,4
python_exact,13_30_19_37_40_37_40,True,True,6.522919,ba5955d9e7d15d37638472e22f09c228,14
python_exact,12_45_10_39_22_46_42,True,True,12.127062,f9622304436f44836c5ae7c4337702e0,8
python_exact,13_33_9_49_24_56_32,True,True,3.418273,6ec68fe425de1cfeceb8e45b2ec83d43,8
python_exact,13_27_43_20_37_35_41,True,True,13.512532,c8b93f5363cbde696ed50c61781d6928,10
python_exact,13_34_13_38_38_46_34,True,True,2.418296,d23afe825feec10ede57330763bfbe16,8
python_exact,13_36_17_26_48_44_32,True,True,0.119746,94b009a34ed7a509485582312afbe953,8
python_exact,13_23_33_30_42_21_54,True,True,15.567433,50ef461f63cbddbb94e580c193e7a45d,0
python_exact,13_29_39_24_37_31_43,True,True,14.914153,74fea8d7aeeb4662dd82b42685e849ba,6
python_exact,13_3_13_78_79_21_9,True,True,0.010823,a6dc260b7f3c7babf34331ca362191d1,6
python_exact,13_3_18_61_91_22_8,True,True,0.028713,9025e7d51b133139678c6f3f1f12330c,6
python_exact,13_33_24_38_22_47_39,True,True,9.775129,d8db779bd17b9db89aea8a5699d7e79e,4
python_exact,13_4_13_70_84_26_6,True,True,0.018979,5a7a2dad1129b0972c85c762954ff4b1,4
python_exact,13_4_14_65_91_25_4,True,True,0.025864,13de0096d507493be1387139cd1576ec,4
python_exact,13_4_17_73_71_31_7,True,True,0.013492,e96edf31c111589d853328bee7df478b,4
python_exact,13_4_30_60_52_26_31,True,True,0.034947,589d6a252b2336e7e3dc47584cffe73f,4
python_exact,13_6_12_78_72_26_9,True,True,0.025823,9be319a47d3cea6b991c535beeef60b1,4
python_exact,13_26_41_28_23_48_37,True,True,17.154641,f0e15e152bee3495d22ff837ad89e249,2
python_exact,13_6_52_41_29_29_46,True,True,0.436165,06607b3050268ad28a8473e85163531a,4
python_exact,14_0_14_69_86_23_10,True,True,0.025263,bd38f2d502952fbbec70a6d94ceb0425,4
python_exact,13_31_25_14_73_9_51,True,True,12.060466,42db92b5a556db22713a86872de6387c,12
python_exact,14_10_32_59_25_31_45,True,True,0.181612,fc453235d8ef3bf30f76a97efc5702b5,12
python_exact,14_13_29_20_87_25_28,True,True,0.072125,f0dac73b7f01e573128bedcbb1655c4d,12
python_exact,14_14_22_40_73_32_21,True,True,0.083602,e43046c6bf99f2065a0c447fe7cefa8b,12
python_exact,14_10_31_54_46_26_35,True,True,1.839995,3a2a1332491a6fbe8f7acd29b0d67677,4
python_exact,14_16_25_60_20_50_31,True,True,0.095796,2398ae9f7528416bd27b9f367b99d322,4
python_exact,13_33_27_45_18_32_48,True,True,12.081883,977e52d153d0858c2ddf296afc1d9f0d,14
python_exact,14_17_20_61_33_30_41,True,True,0.326764,28c80d701e2611afec2535c8190cdde0,14
python_exact,14_17_23_70_31_23_38,True,True,1.243626,d758012e8e9e0afddce2ce9cbaa6748d,14
python_exact,14_18_23_57_34_29_41,True,True,0.160748,bd707829d46d8da3b7843958799b1ad3,14
python_exact,13_8_36_60_35_24_40,True,True,5.067363,c2be9d766ba9d5314d994f0ec04d6dbc,2
python_exact,14_19_23_45_46_34_35,True,True,0.101764,60f2d9307b9f58c842b2370edb2a3e3c,2
python_exact,14_1_18_78_48_39_18,True,True,0.025796,dbd863494ee0894cd08cd35abe31961d,2
python_exact,14_18_33_43_14_63_31,True,True,0.289607,cc0d17fb43399888806ac57136a573aa,14
python_exact,14_20_23_45_42_33_39,True,True,0.42352,7f5caeb72eac92c785c1d919b2906c38,2
python_exact,14_15_47_38_31_25_46,True,True,4.822356,9908f36414e95874879f59bb83c48efe,12
python_exact,14_21_25_31_54_40_31,True,True,0.061644,c331f493ef73272d32c171742d7cde14,12
python_exact,14_20_44_29_18_51_40,True,True,0.83361,e0a97919c522c641d1909be52b891641,14
python_exact,14_23_19_47_55_34_24,True,True,0.092995,104637fd8db4e9eb00258e511102f6d7,12
python_exact,14_23_23_20_75_41_20,True,True,0.11208,df4df220a129acb4bac2c30b0cd70025,14
python_exact,13_34_17_36_36_36_44,True,True,9.735319,906640e1087a90a055d4ece2ab47cff9,10
python_exact,14_21_17_64_35_25_40,True,True,1.817825,b0774ef3a7c74d47f0233fc228b1f424,2
python_exact,14_25_11_63_30_30_43,True,True,1.951486,332eae11af049bae3dae8124d9b2d430,12
python_exact,14_16_32_54_26_32_42,True,True,6.112605,062c32b5569af804ce33cc41b2ad4abb,4
python_exact,14_27_14_47_50_28_36,True,True,0.103391,0df66859433394f5cf0d006a7145d8f6,4
python_exact,14_27_1_4_143_23_4,True,True,0.02406,5980f3891d40968ad566db029b0f870b,4
python_exact,14_25_20_29_59_28_41,True,True,2.758694,8bbfb2556cc564daa4e525c95374eece,10
python_exact,14_28_19_30_68_32_25,True,True,1.735795,c7f243f7541760fb30552e97d6cb0508,4
python_exact,13_36_23_33_32_21_58,True,True,13.246109,b4777736c0ab040add8ecddad636d93b,8
python_exact,13_41_18_15_38_48_43,True,True,12.474201,5cc50dc9112d536aa375a2ea3fd6ecbc,6
python_exact,14_28_22_46_20_58_28,True,True,1.955389,11cb047131d05f6c1ca0245fab413d77,4
python_exact,14_25_39_29_35_38_36,True,True,4.63397,481a79e514794dbed94d1d5adbb8bc86,2
python_exact,14_25_17_33_67_12_48,True,True,6.705132,6d42ac48d7a0d7547f519e61458250d5,14
python_exact,14_28_21_32_42_40_39,True,True,5.134487,9a6ecc4bc2a4e9664dac6c3649f862da,10
python_exact,14_29_35_19_25_74_20,True,True,1.453261,427e6966304621603081503b9954434d,10
python_exact,14_2_14_75_77_27_7,True,True,0.008867,a7cb8e07769bd1384ba528d7b3d1a7ae,10
python_exact,14_2_16_67_88_21_8,True,True,0.011073,65cc9c88ad2ecb177b04e42a57750339,10
python_exact,13_36_24_31_34_39_39,True,True,18.720834,7614a03f170e56bde1f7f31e28d34186,0
python_exact,14_29_22_35_32_38_46,True,True,8.232516,5228004ca5b9699bc99169bd13714e52,6
python_exact,14_28_25_44_29_24_52,True,True,11.061109,f90d8d8c02d94ca632d72dd5eceacd0f,8
python_exact,14_26_43_19_49_11_54,True,True,15.076564,86e69c8e905a950b8d486f895198be57,12
python_exact,14_29_31_25_38_30_49,True,True,12.049953,e3323f7e6f6cd63033b1cc26e8d9868f,4
python_exact,14_32_18_37_42_47_26,True,True,0.337795,88e7b025dce3fd044d626e8fbb9b7b4c,4
python_exact,14_29_34_26_24_39_50,True,True,12.325123,fe58adcbf86a548625ff0f4761cb4363,14
python_exact,14_29_33_26_25_43_46,True,True,14.018989,8385f45cd8d0ffd76c53b24bd562f073,2
python_exact,14_30_25_31_30_35_51,True,True,12.058278,210f73bd7f5fcfc0d00d732a7d67d757,10
python_exact,14_31_34_25_41_14_57,True,True,11.615513,2dc57b2df0ac75a090ad95822f77a2f4,8
python_exact,14_31_37_29_36_12_57,True,True,11.479225,ce6cbbd0f195fc1a10a75b0100ffc907,12
python_exact,14_33_11_35_55_22_46,True,True,8.755075,e45ac11be7d21c88e14ac07a37fc2763,2
python_exact,14_31_33_29_20_34_55,True,True,15.122299,a3e765ae55dc7517025ac1ff0310b045,6
python_exact,14_33_21_34_50_23_41,True,True,3.839365,f5f25763b7f4c681352594bedbcc223b,8
python_exact,14_31_28_25_39_36_43,True,True,21.068514,2ab842779d4e09a8d0d8ddcfd1998c4d,0
python_exact,14_32_28_27_25_59_31,True,True,13.873722,39928643dadc5bc613b907dbc7828091,4
python_exact,14_33_20_47_27_18_57,True,True,10.441845,8ccae04bd6c47d206751f5838ab368f0,10
python_exact,14_34_0_48_42_44_34,True,True,3.819463,f1a191a673cfccd71402405d504f558f,6
python_exact,14_35_17_2_90_25_33,True,True,2.000674,cda5a44c8edf42f14ae9ba65bc66a5c2,6
python_exact,14_34_6_58_40_26_38,True,True,2.764037,5f1ec7e4709bc4c411d41642114d6109,10
python_exact,14_35_9_6_65_77_10,True,True,0.476073,43f574e39b53bad161a06004e23ad505,6
python_exact,14_32_31_18_41_40_40,True,True,19.750959,6f5631a57dfd0b5bd0ba6b968bcc6e05,14
python_exact,14_3_11_74_83_27_4,True,True,0.030512,ed51c57fafb18d25f805b714a724a2f6,14
python_exact,14_33_38_23_21_42_45,True,True,11.28645,b5dd1154ed53502ac2aff625745c8890,12
python_exact,14_34_30_23_31_55_29,True,True,8.918775,bfd037a127b16186202a71980aef26e0,0
python_exact,14_33_38_27_23_28_53,True,True,14.19016,8567ab393d4a059c34e91db380af5afc,2
python_exact,14_6_54_29_28_55_30,True,True,0.485112,72b417115c2d1e325b60be3bd64c9195,2
python_exact,14_7_32_59_26_60_18,True,True,0.077476,b327f8d3b5450bfadf5f5b5e15f374d3,2
python_exact,14_34_29_37_20_35_47,True,True,12.508936,bd2a7995fc0646ed45afef0f6acad051,8
python_exact,14_7_8_69_89_24_5,True,True,0.015849,4bb4c724c772e39fbe15eeaa185c6272,8
python_exact,15_0_14_77_77_23_10,True,True,0.027387,52b3a7e63a0953d01f1c86a57aa9ad97,8
python_exact,15_10_42_35_43_31_40,True,True,0.258001,bf17de737aacfc6e6f8c72425139181c,8
python_exact,15_12_33_55_17_75_9,True,True,0.089689,ba4f08a3538685af6b47aef985b41c6d,8
python_exact,15_13_23_52_33_51_29,True,True,0.06009,5b9364f2a9391960293b70a4f894fd41,8
python_exact,15_13_24_59_32_50_23,True,True,0.084469,9a8105818f1d8caca7a32a7cb8b5e588,8
python_exact,14_36_22_23_13_79_29,True,True,10.324642,d6d80965fc94395b908d1a938b6c4391,10
python_exact,15_13_37_32_39_53_27,True,True,2.005156,7fe33392fed9b0bb563af965bcad2c2b,8
python_exact,14_34_36_19_25_51_37,True,True,13.918684,eba6f1cb2c6eeebab87faeffa6668ff8,4
python_exact,15_16_27_50_27_52_29,True,True,0.129787,16884cd8b016fd477b2e150c35bbfd95,8
python_exact,15_18_23_31_74_39_16,True,True,0.029757,1d73a8df4c1327f851fad4e249b25504,8
python_exact,15_18_27_45_50_35_26,True,True,0.072032,3320a95fd054a90c0d10841210a215c2,8
python_exact,15_18_7_86_23_22_45,True,True,0.06898,37eb4d8d04c93847ae47abc0bbf8747e,8
python_exact,15_17_35_35_40_46_28,True,True,0.536751,2c1fdd6fa98002fa1385c0297c7a4ae4,4
python_exact,15_15_44_39_12_74_17,True,True,1.384365,346d22c84eec9be8e77189f1ea4bdbd2,10
python_exact,15_19_34_33_30_56_29,True,True,0.524459,065681a6d4486276ad1a2bea488582b2,8
python_exact,15_23_35_31_40_40_32,True,True,0.193776,1078dc3d33fd28ba85806df3a04f3859,8
python_exact,14_39_21_37_23_32_50,True,True,12.447032,cb477db06d8fc450bfe6e32c3185b9da,6
python_exact,15_25_21_44_30_39_42,True,True,1.503703,37c246016187ff8d8c8836dd3919da78,8
python_exact,15_27_11_55_42_26_40,True,True,0.316059,ace0809fc8be1d78bc869bc0b7be639b,8
python_exact,15_28_27_29_30_71_16,True,True,0.357628,1eea2c1f831077fcdf8afe164c899b16,8
python_exact,14_43_15_28_34_33_49,True,True,11.073097,d89520f7de35aa6ddea7d5ee255bc409,12
python_exact,15_22_26_46_47_12_48,True,True,7.361536,a7efc78e998096337cbb9390cdd08e6b,4
python_exact,14_44_2_40_31_52_33,True,True,14.152257,84c65523c6556ad2bcf80ad6091c211c,0
python_exact,15_2_33_45_64_53_4,True,True,0.029603,29a71f67a44de21559256c9a361e5c9b,0
python_exact,15_2_6_81_86_21_5,True,True,0.014163,10a33f207991b276ef57dc4dc0c30ab6,0
python_exact,15_30_10_43_42_47_29,True,True,1.579117,cf2c89055ed363297bfa47695984a829,0
python_exact,14_7_52_31_38_30_44,True,True,12.678926,44e30c35f27318a9cbaeee6e4e408760,2
python_exact,15_34_11_33_51_49_23,True,True,1.067775,db43add244e993afacb3c9aef0b40e40,2
python_exact,15_26_2_80_21_16_56,True,True,9.678188,e8c73e71dbfd82cdf225e7ad431f63f7,6
python_exact,15_22_44_31_27_23_54,True,True,11.09648,92b15127ea71ce54623c5788eef14edc,10
python_exact,14_42_13_30_31_52_34,True,True,19.246428,01c98219848fbb56f5ff5b7d187967dc,14
python_exact,15_4_0_106_42_48_1,True,True,0.050938,68e1b6d725fe5d7a8b9b33ec55488abc,14
python_exact,15_8_29_55_35_41_33,True,True,0.137438,e55ebb850ad47c7ae1c554b925f76da8,14
python_exact,15_32_25_23_47_45_29,True,True,2.543801,3809f2d51f7df4093c0854482616d537,0
python_exact,15_28_42_25_29_25_52,True,True,12.03708,8953f536cd0dd3041b4f523a0b1bdee2,8
python_exact,15_8_45_29_47_29_43,True,True,3.59395,4b0520494dfd5cf32d08f5e3f637526b,14
python_exact,15_29_38_37_21_18_58,True,True,12.618431,275982d5e3791f0242da2179162fce7e,12
python_exact,15_29_45_16_37_23_51,True,True,13.411308,56f41fd306d43396d90ab454bcc9c798,4
python_exact,15_40_26_21_26_45_43,True,True,11.095211,61ebc105c82a780ed8cb26a7c57a3d32,10
python_exact,15_34_24_15_56_25_47,True,True,13.044675,0064da0f4de2e2bf615a1aa54ea62e38,2
python_exact,15_37_16_44_24_41_39,True,True,13.310199,23b9763600408b9ee498242e97eb5c4c,6
