method,size,sites,shells,partners,target,seed,success,returned,wall_s,hash,core
C_pruning,12,1728,1,6,A,3,True,True,0.208019,ae60cc413058ab04d9aa2d3cfb0cf5db,4
C_pruning,12,1728,1,6,A,1,True,True,0.241693,389052f321486ba88aae1d980009c36b,0
C_pruning,12,1728,1,6,A,6,True,True,0.196959,fafdd5da467fc04322b70b58f6ab52a1,10
C_pruning,12,1728,1,6,A,4,True,True,0.366418,d01166f100cc588663206c4d6278e420,6
C_pruning,12,1728,1,6,A,10,True,True,0.198976,4e27975ff8809cecd51200c3157a2b7e,0
C_pruning,12,1728,1,6,A,7,True,True,0.387637,659d89c48e33ebf41ad76ab53b9163d3,12
C_pruning,12,1728,1,6,A,9,True,True,0.365108,2151aa604aab5050a8de29a7bb485e7d,4
C_pruning,12,1728,1,6,A,5,True,True,0.589335,7e5709ce4bcc8d20e77f3752ad8dae05,8
C_pruning,12,1728,1,6,A,8,True,True,0.937556,68157770c4231cbd790a6cfac17f7b69,14
C_pruning,12,1728,1,6,A,2,True,True,1.287772,38e0bd16f97fab43cfb15312d0b5743e,2
python_pruning,12,1728,1,6,A,3,True,True,10.715707,4ae96f9a905943df5ec40559dc34a95a,0
python_pruning,12,1728,1,6,A,8,True,True,11.879713,5a9d9858323f6de0cf911266a49a7762,2
python_pruning,12,1728,1,6,A,5,True,True,15.768586,7edfad8a966561163b7587fbb8308ae9,4
C_exact,12,1728,1,6,A,1,True,True,0.054444,1f7a544d47623ea0379f7d9fd101f4d5,4
C_exact,12,1728,1,6,A,2,True,True,0.055094,8f4f3d38580b8f04e4a2bae5e8ef61e9,4
C_exact,12,1728,1,6,A,3,True,True,0.063589,4336f75c490f24e9720cf222a802ce7b,4
C_exact,12,1728,1,6,A,4,True,True,0.063687,a1fad8e1e2400c929b460788740867fa,4
C_exact,12,1728,1,6,A,5,True,True,0.054896,b2b1430002a9a5752717ea88ce71ff1d,4
C_exact,12,1728,1,6,A,6,True,True,0.062798,b6a650c7301be91caf2d71d904f0575a,4
C_exact,12,1728,1,6,A,7,True,True,0.056757,479c4a1bc0ad6917dab3da8fd22bb544,4
python_pruning,12,1728,1,6,A,10,True,True,3.914881,68e35f5e83400fee3d3966765fb2494f,2
C_exact,12,1728,1,6,A,8,True,True,0.053443,0440826949068cad1903dd231678d494,4
C_exact,12,1728,1,6,A,9,True,True,0.049089,157e6c44db4d30550f4df4ca86b902ff,2
C_exact,12,1728,1,6,A,10,True,True,0.053053,37797c9d22c14171719d6a8ffcb878e7,4
python_exact,12,1728,1,6,A,1,True,True,1.098994,91113a5d221840069c4f884c47bb84e5,2
python_exact,12,1728,1,6,A,2,True,True,1.251661,989a9ba3e3a835308214cd2c2eaad66e,4
python_exact,12,1728,1,6,A,4,True,True,0.930921,d53edd591e336d52220f5d760bfa69bb,4
python_exact,12,1728,1,6,A,3,True,True,2.02481,4594e6483082f0fd3ddd4ed225047ca7,2
python_exact,12,1728,1,6,A,5,True,True,1.193484,87c927c130ec9672b86b9e4730c12e27,4
python_exact,12,1728,1,6,A,6,True,True,0.776962,0a309cc5627df68e57bfd20f952591b4,2
python_exact,12,1728,1,6,A,7,True,True,0.601571,d7c550e7ae73b390b8c047d2f1b836b7,4
python_pruning,12,1728,1,6,A,7,True,True,21.079295,2092d40ea2317dac8f065459c3aedd17,14
python_exact,12,1728,1,6,A,8,True,True,1.338389,456607964e3ecb523ca07d948cee6c98,2
python_exact,12,1728,1,6,A,9,True,True,1.438526,362c5717eba8f5ed39f7b3c1e44f4422,4
python_exact,12,1728,1,6,A,10,True,True,1.141723,b0df92888f7984a1790b7b7ad38ff0dc,14
python_pruning,12,1728,1,6,A,9,True,True,14.2026,98179af45b9f35ce93684eb8177c2504,0
python_pruning,12,1728,1,6,A,6,True,True,25.967066,7548d6cc6b8eea98bd66d8428e33386a,8
python_pruning,12,1728,1,6,A,1,True,True,31.688843,6cec965cb53a7cd42ceb599304bf11f7,10
python_pruning,12,1728,1,6,A,4,True,True,42.743899,c866f97de2c0e2032a3bb9ef85d57e9a,12
python_pruning,12,1728,1,6,A,2,True,True,44.880394,9d52db4985eb31aa9d9abb7e137ee2b9,6
C_pruning,12,1728,1,6,T,2,True,True,80.741269,edd0f21d91c3a59d46971211b09d43ed,4
C_pruning,12,1728,1,6,T,1,False,False,120.044977,,2
C_pruning,12,1728,1,6,T,3,False,False,120.027178,,14
C_pruning,12,1728,1,6,T,4,False,False,120.040983,,0
C_pruning,12,1728,1,6,T,5,False,False,120.058487,,8
C_pruning,12,1728,1,6,T,6,False,False,120.02843,,10
C_pruning,12,1728,1,6,T,7,False,False,120.047858,,12
C_pruning,12,1728,1,6,T,8,False,False,120.037816,,6
C_pruning,12,1728,1,6,T,9,False,False,120.043141,,4
C_pruning,12,1728,1,6,T,10,False,False,120.066027,,2
python_pruning,12,1728,1,6,T,1,False,False,120.050042,,14
python_pruning,12,1728,1,6,T,2,False,False,120.059655,,0
python_pruning,12,1728,1,6,T,3,False,False,120.014546,,8
C_exact,12,1728,1,6,T,1,True,True,0.27727,8337aea1a4a6847eb35ffddf0f6c2655,8
C_exact,12,1728,1,6,T,2,True,True,1.020974,d3165da65f86251c7a29672be3b5c76d,8
C_exact,12,1728,1,6,T,3,True,True,0.702462,2a00bd4d6ec62a15b25934997c82a9c0,8
C_exact,12,1728,1,6,T,4,True,True,0.865144,c30cea5587a5762c420687794b7c702c,8
C_exact,12,1728,1,6,T,5,True,True,0.286242,2291ad9c0cc72180c44c0ebd5ec05ac2,8
C_exact,12,1728,1,6,T,6,True,True,0.759385,4aed6c872e899e391594eedc125632e3,8
C_exact,12,1728,1,6,T,7,True,True,0.201004,b1abc14723f9f8fe611045887c9c0338,8
C_exact,12,1728,1,6,T,8,True,True,0.195993,45f48c01c91eabebd32b90564c44b545,8
C_exact,12,1728,1,6,T,9,True,True,0.158355,b58ce8fb5f453788190b0f8de0b84a79,8
C_exact,12,1728,1,6,T,10,True,True,0.34597,949f190e72efa800bc27b1c6a92b0592,8
python_pruning,12,1728,1,6,T,4,False,False,120.022645,,10
python_exact,12,1728,1,6,T,1,True,True,4.798115,de6fba4bab37fcea2a80a34905ab576f,8
python_exact,12,1728,1,6,T,2,True,True,11.102498,883a77c35b06c58bb61d7c41b4bc29e3,10
python_pruning,12,1728,1,6,T,5,False,False,120.024047,,12
python_pruning,12,1728,1,6,T,6,False,False,120.033438,,6
python_exact,12,1728,1,6,T,3,True,True,10.69928,e641ab7543ec3c55f4f9c8bacd417b5c,8
python_exact,12,1728,1,6,T,7,True,True,10.01123,3f7c282a4954b618335ecd3f3540931d,8
python_exact,12,1728,1,6,T,5,True,True,20.604595,1a4135f5a2b140b0baec24d2963e2f2a,12
python_exact,12,1728,1,6,T,4,True,True,21.858376,6e941c68e8adc6da7c29f6d3ea6900f3,10
python_exact,12,1728,1,6,T,6,True,True,21.753256,f75b3cea26c6173a1240ea702cde43b2,6
python_exact,12,1728,1,6,T,8,True,True,10.652548,2939d9d94a5296c1b8cccca537540e75,8
python_exact,12,1728,1,6,T,9,True,True,15.845552,e9db90c70268b6e24be07be14423e998,12
python_exact,12,1728,1,6,T,10,True,True,16.844791,dabb3f6db93dbc8038a56fa9ca240125,10
python_pruning,12,1728,1,6,T,7,False,False,120.074006,,4
python_pruning,12,1728,1,6,T,8,False,False,120.04361,,2
python_pruning,12,1728,1,6,T,9,False,False,120.02111,,14
python_pruning,12,1728,1,6,T,10,False,False,120.026041,,0
C_pruning,12,1728,1,6,B,1,False,False,120.058745,,6
C_pruning,12,1728,1,6,B,2,False,False,120.03383,,8
C_pruning,12,1728,1,6,B,3,False,False,120.026548,,12
C_pruning,12,1728,1,6,B,4,False,False,120.050427,,10
C_pruning,12,1728,1,6,B,5,False,False,120.048278,,4
C_pruning,12,1728,1,6,B,6,False,False,120.055474,,2
C_pruning,12,1728,1,6,B,7,False,False,120.016578,,14
C_pruning,12,1728,1,6,B,8,False,False,120.042697,,0
C_pruning,12,1728,1,6,B,9,False,False,120.05062,,6
C_pruning,12,1728,1,6,B,10,False,False,120.062131,,8
python_pruning,12,1728,1,6,B,1,False,False,120.014975,,12
python_pruning,12,1728,1,6,B,2,False,False,120.051876,,10
python_pruning,12,1728,1,6,B,3,False,False,120.019592,,4
C_exact,12,1728,1,6,B,1,True,True,2.07292,5e2d1c48ac30097df0d8c55c15230827,4
C_exact,12,1728,1,6,B,2,True,True,3.099434,85d4defb12275f4f473f098c73a4d02b,4
C_exact,12,1728,1,6,B,3,True,True,2.312762,e65056fdd2a480e8f291a1e853b288fe,4
C_exact,12,1728,1,6,B,4,True,True,2.191987,ce47f3db53fba959855339dfcac6ccba,4
C_exact,12,1728,1,6,B,5,True,True,2.56853,3d8351e458457185be45bbeb6b6a8dd3,4
C_exact,12,1728,1,6,B,6,True,True,3.011703,a6923bb80b31d967fc68857ad789a3cf,4
C_exact,12,1728,1,6,B,7,True,True,2.562375,08beceb793990de0777b52483e3dc93d,4
C_exact,12,1728,1,6,B,8,True,True,2.235684,4a8285422b7aaf90a75d0c9d2c3a0e45,4
C_exact,12,1728,1,6,B,9,True,True,2.462264,50dc596e3d45b6fe6d0c801909780bb3,4
C_exact,12,1728,1,6,B,10,True,True,3.200619,5b1f02b9781056ca5bba5a76cb2ebb2b,4
python_pruning,12,1728,1,6,B,4,False,False,120.048979,,2
python_pruning,12,1728,1,6,B,5,False,False,120.057786,,14
python_pruning,12,1728,1,6,B,6,False,False,120.017356,,0
python_pruning,12,1728,1,6,B,7,False,False,120.017555,,6
python_pruning,12,1728,1,6,B,8,False,False,120.02102,,8
python_pruning,12,1728,1,6,B,9,False,False,120.011645,,12
python_exact,12,1728,1,6,B,1,True,True,71.821433,24c90ef3638e7b1bc168ab4e850711d3,4
python_pruning,12,1728,1,6,B,10,False,False,120.021,,10
python_exact,12,1728,1,6,B,3,True,True,60.430203,8c21463a1f4743171c7365e0601cad7c,14
python_exact,12,1728,1,6,B,2,True,True,81.861294,7e90ac9a40081d9c2591f3966042c311,2
C_pruning,12,1728,2,18,A,1,True,True,2.024856,574b73bd6dae83c9ffc3594b1fb6bef7,2
C_pruning,12,1728,2,18,A,2,True,True,8.307854,297aa0103fd866012d4a9dd48f00f172,2
C_pruning,12,1728,2,18,A,3,True,True,6.491119,387fe954c30f386680b3b6a83899f747,2
C_pruning,12,1728,2,18,A,4,True,True,2.084387,86b5c4c9a1940e51899bd02dfd2afac8,2
C_pruning,12,1728,2,18,A,5,True,True,2.148474,3b6337e84e9b285ca73cfeab0e07f893,2
python_exact,12,1728,1,6,B,4,True,True,100.557495,8b8afed67bda5d80072e57d75adb6ed1,0
C_pruning,12,1728,2,18,A,7,True,True,1.812062,48c7b2e2d75613a22e106125037b5a5e,0
C_pruning,12,1728,2,18,A,8,True,True,1.725294,4770ed81d335873813c0090450669110,0
C_pruning,12,1728,2,18,A,6,True,True,3.95803,03ba18d3d401c0208830b14bfd6ba3b1,2
C_pruning,12,1728,2,18,A,9,True,True,3.441491,5e7ade0a36993486da524f71bae31a61,0
python_pruning,12,1728,2,18,A,1,True,True,4.252227,c894f1adde172d6a3ce95a4b71513c2b,0
python_pruning,12,1728,2,18,A,2,True,True,1.86012,63724f210392c46307e6fb609023c186,0
C_pruning,12,1728,2,18,A,10,True,True,10.404898,637f2058cf9ab0ade0cca4b2b67807e6,2
python_exact,12,1728,1,6,B,5,True,True,75.005529,fc8bd1620a892eb7a2187eda2370b5c2,6
python_pruning,12,1728,2,18,A,4,True,True,1.921096,9638a1ea02e070335239edbe33bb7be1,2
python_pruning,12,1728,2,18,A,6,True,True,2.001376,f78e6efe75932620d97b7941796a97c5,2
python_pruning,12,1728,2,18,A,3,True,True,5.966625,3eb1993c17db0abc8e3ba5e46aef799a,0
python_pruning,12,1728,2,18,A,7,True,True,1.911899,7ce1d9dc019dba1d6c931eb781d1dfc6,2
python_exact,12,1728,1,6,B,7,True,True,67.411965,6d06750918e649fe2bad1c7026230607,12
python_exact,12,1728,1,6,B,6,True,True,79.268921,1d2b99c16c3d8e3db7fd549aadc82e6e,8
C_exact,12,1728,2,18,A,1,True,True,0.060302,caf9f59cf577adecd8ef2891736b9238,8
C_exact,12,1728,2,18,A,2,True,True,0.051221,8edef0f64068f2b9be88b115be1db274,8
C_exact,12,1728,2,18,A,3,True,True,0.054159,d4a75edd7de733c9544360f757b5369d,8
C_exact,12,1728,2,18,A,4,True,True,0.053076,ba6bfcf66d7b00b3ecc9578ad0e5b096,8
C_exact,12,1728,2,18,A,5,True,True,0.049255,7b21fd4ddc112fda82232751b86f4441,8
C_exact,12,1728,2,18,A,6,True,True,0.067754,f657fb59db685dc9d83be4f950a19c64,8
C_exact,12,1728,2,18,A,7,True,True,0.058967,6823e16b4c2b29aab722d71a102193a0,8
C_exact,12,1728,2,18,A,8,True,True,0.050122,31a32f7fc9880bab612e29d55b460e5c,8
C_exact,12,1728,2,18,A,9,True,True,0.045056,c7d16713373346c38cc6b56e0012c443,8
C_exact,12,1728,2,18,A,10,True,True,0.047664,d145d705f00cb701b7e942347836070c,8
python_pruning,12,1728,2,18,A,10,True,True,1.544684,319c2d3e79480788092bd34e44e8a03f,12
python_exact,12,1728,2,18,A,1,True,True,0.547805,8f189319c4d239f251e31712b1e8aec4,8
python_exact,12,1728,2,18,A,2,True,True,0.485206,ba0784fdbf6dccdce49f5cb271f9b894,12
python_exact,12,1728,2,18,A,3,True,True,0.542783,197921861da83a5229e7b02756b4efca,8
python_exact,12,1728,2,18,A,4,True,True,0.453343,2b0e6ec2f00f202b4cd4203f536f604b,12
python_pruning,12,1728,2,18,A,9,True,True,3.583603,6a83c07bef81e9b742185fd501e77fbb,2
python_exact,12,1728,2,18,A,5,True,True,0.526362,4ea9ff05cd78ae9755022869ccbec920,8
python_pruning,12,1728,2,18,A,5,True,True,8.093653,9ed1af8ac3aa0d02e5e2d6e110d68365,6
python_exact,12,1728,2,18,A,6,True,True,0.534735,c6503a4bd6c220f63b63e8b5241297a5,12
python_exact,12,1728,2,18,A,7,True,True,0.771419,b6b226d3baf814b0134568bc16f2d575,2
python_exact,12,1728,2,18,A,8,True,True,0.567566,6b5f76240bc69afa3f6869529aeeb625,8
python_exact,12,1728,2,18,A,10,True,True,0.444188,a41f160a89a6199348d75affe09a14e0,12
python_exact,12,1728,2,18,A,9,True,True,0.45561,052887de344a321a5bd37ac7fbfb29a5,6
python_exact,12,1728,1,6,B,10,True,True,71.868554,b3ba93f083e1220d8b1b083b666aac5a,14
python_pruning,12,1728,2,18,A,8,True,True,11.307108,deba611154f1933822fa26ec65672a25,0
python_exact,12,1728,1,6,B,9,True,True,76.303958,51860bbca7dee0cd6c33a67bb1920e09,10
python_exact,12,1728,1,6,B,8,True,True,99.272836,a1b9a97fd2132ff8b2261c3ea708bd51,4
C_pruning,12,1728,2,18,T,1,False,False,120.082161,,2
C_pruning,12,1728,2,18,T,2,False,False,120.054762,,8
C_pruning,12,1728,2,18,T,3,False,False,120.042455,,12
C_pruning,12,1728,2,18,T,4,False,False,120.044458,,6
C_pruning,12,1728,2,18,T,5,False,False,120.043874,,14
C_pruning,12,1728,2,18,T,6,False,False,120.629703,,0
C_pruning,12,1728,2,18,T,7,False,False,120.029837,,10
C_pruning,12,1728,2,18,T,8,False,False,120.025836,,4
C_pruning,12,1728,2,18,T,9,False,False,120.060048,,2
C_pruning,12,1728,2,18,T,10,False,False,120.033439,,8
python_pruning,12,1728,2,18,T,2,False,False,120.476611,,6
python_pruning,12,1728,2,18,T,1,False,False,120.504388,,12
python_pruning,12,1728,2,18,T,3,False,False,120.414508,,14
C_exact,12,1728,2,18,T,1,True,True,0.074984,d0bb76fc84632d42c2fccdbc724362dc,14
C_exact,12,1728,2,18,T,2,True,True,0.049255,658e259bb681683d2b8a660691f918c7,14
C_exact,12,1728,2,18,T,3,True,True,0.050125,0925f9bfae0ed09d0d10db6475ea35f3,14
C_exact,12,1728,2,18,T,4,True,True,0.049834,393c996534d32a1a6e6cd1d1e9288a2e,14
C_exact,12,1728,2,18,T,5,True,True,0.047953,1c4bbeb3d96c120d261c751a1283eada,14
C_exact,12,1728,2,18,T,6,True,True,0.044887,89ce6de9785efe29688b24b27e5941fc,14
C_exact,12,1728,2,18,T,7,True,True,0.061366,217921219551e074140a49964c8fe2a2,14
C_exact,12,1728,2,18,T,8,True,True,0.047293,c932d025f193a2aa4c223f25b7d93c68,14
C_exact,12,1728,2,18,T,9,True,True,0.046628,1f2d599beb24d6ca011b81eb3a8f0c22,14
C_exact,12,1728,2,18,T,10,True,True,0.061894,3aa509021219e826fc7cf63992eae965,14
python_pruning,12,1728,2,18,T,4,False,False,120.466234,,0
python_exact,12,1728,2,18,T,1,True,True,0.59646,d3dfac3dcfad1bd82ddc80035ba1fd29,14
python_exact,12,1728,2,18,T,3,True,True,0.458979,f2da8ce50dbb4c2222fd38a5ed0a7079,14
python_exact,12,1728,2,18,T,2,True,True,0.655111,df41527408c12411c2f1918c09837739,0
python_exact,12,1728,2,18,T,4,True,True,0.390391,24c35c5337635344050e918440131e81,14
python_pruning,12,1728,2,18,T,5,False,False,120.421463,,10
python_exact,12,1728,2,18,T,5,True,True,0.490671,e703720a9c177c60318f54ab2c98d776,0
python_exact,12,1728,2,18,T,7,True,True,0.451224,1ecc5e83acca820a76d8ed576b822abc,10
python_exact,12,1728,2,18,T,6,True,True,0.583959,a7966e142c2a6f6d028a4065228785be,14
python_exact,12,1728,2,18,T,8,True,True,0.479068,dfc2a051ba93406001aee6cfbb1ad136,0
python_exact,12,1728,2,18,T,9,True,True,0.568014,f92ffb0dace8992e687de40deebb8f7d,10
python_exact,12,1728,2,18,T,10,True,True,0.518642,1b01049eba74e05ecac31755ceb3e8cd,14
python_pruning,12,1728,2,18,T,6,False,False,120.39921,,4
python_pruning,12,1728,2,18,T,7,False,False,120.426994,,2
python_pruning,12,1728,2,18,T,8,False,False,120.426851,,8
python_pruning,12,1728,2,18,T,9,False,False,120.360539,,6
python_pruning,12,1728,2,18,T,10,False,False,120.383548,,12
C_pruning,12,1728,2,18,B,1,False,False,120.041428,,0
C_pruning,12,1728,2,18,B,2,False,False,120.044511,,10
C_pruning,12,1728,2,18,B,3,False,False,120.02483,,14
C_pruning,12,1728,2,18,B,4,False,False,120.071973,,4
C_pruning,12,1728,2,18,B,5,False,False,120.037113,,2
C_pruning,12,1728,2,18,B,6,False,False,120.053647,,8
C_pruning,12,1728,2,18,B,7,False,False,120.030545,,6
C_pruning,12,1728,2,18,B,8,False,False,120.029833,,12
C_pruning,12,1728,2,18,B,9,False,False,120.067086,,0
C_pruning,12,1728,2,18,B,10,False,False,120.05133,,10
python_pruning,12,1728,2,18,B,1,False,False,120.317331,,14
python_pruning,12,1728,2,18,B,2,False,False,120.408504,,4
python_pruning,12,1728,2,18,B,3,False,False,120.499931,,2
python_pruning,12,1728,2,18,B,4,False,False,120.448885,,8
C_exact,12,1728,2,18,B,1,True,True,0.050383,f50aa2024ada7c963a53ca39e0ef4b29,2
C_exact,12,1728,2,18,B,2,True,True,0.048263,c3b937b53403bc420cc2bdede66295be,8
C_exact,12,1728,2,18,B,3,True,True,0.047454,3a5f75dbcf680374bdb30ec98049d00f,2
C_exact,12,1728,2,18,B,4,True,True,0.057738,879ce12f8f0be6df72a976986df39263,8
C_exact,12,1728,2,18,B,6,True,True,0.063454,be67b4d08d56275bd9100db23fddec2f,8
C_exact,12,1728,2,18,B,5,True,True,0.089151,1546378b4e432996743990eb3ac137bb,2
C_exact,12,1728,2,18,B,7,True,True,0.050058,8606db465f2856835c934892dc7cf93c,8
C_exact,12,1728,2,18,B,8,True,True,0.067918,f6eab9f7b713e0081aa80b525cdfca1b,2
C_exact,12,1728,2,18,B,9,True,True,0.054121,51f42a0a393d3fbdcf10a105a4688dc9,8
C_exact,12,1728,2,18,B,10,True,True,0.045418,fdfaa992060a30c488cd15b0cc0bc804,2
python_pruning,12,1728,2,18,B,5,False,False,120.457299,,6
python_pruning,12,1728,2,18,B,6,False,False,120.437466,,12
python_exact,12,1728,2,18,B,3,True,True,0.629683,eceb18c7fdfcdfec08b202e8285807b1,6
python_exact,12,1728,2,18,B,4,True,True,0.62206,3ca7368fcb2b81a6bea7ef19a5412684,12
python_exact,12,1728,2,18,B,2,True,True,0.919969,9a4e35449103eafd30eff6e4a7d65f9f,2
python_exact,12,1728,2,18,B,6,True,True,0.680062,e015d96bd8e8e3798e5a43ef541dfd41,12
python_exact,12,1728,2,18,B,5,True,True,0.762062,4d96c7747069c0bf563edd5ba1c16d30,6
python_exact,12,1728,2,18,B,1,True,True,1.461075,3667133f25a0615fac949e2f935b060d,8
python_exact,12,1728,2,18,B,7,True,True,0.901775,a14316ed9b867a4be5bf5aded4962ef5,2
python_exact,12,1728,2,18,B,8,True,True,0.457476,d530b56ce198c2c30b7a0af92bf1d123,12
python_exact,12,1728,2,18,B,9,True,True,0.56321,470ff428760b6255f2335bfa70254f90,6
python_exact,12,1728,2,18,B,10,True,True,0.625473,54381a28f3856b4afa953b7bd1b4d13a,8
python_pruning,12,1728,2,18,B,7,False,False,120.377331,,0
python_pruning,12,1728,2,18,B,8,False,False,120.373491,,10
python_pruning,12,1728,2,18,B,9,False,False,120.434189,,14
python_pruning,12,1728,2,18,B,10,False,False,120.349992,,4
C_pruning,12,1728,3,26,A,2,False,False,120.03654,,12
C_pruning,12,1728,3,26,A,1,False,False,120.067375,,2
C_pruning,12,1728,3,26,A,3,False,False,120.025451,,6
C_pruning,12,1728,3,26,A,4,False,False,120.05029,,8
C_pruning,12,1728,3,26,A,5,False,False,120.031481,,0
C_pruning,12,1728,3,26,A,6,False,False,120.041488,,10
C_pruning,12,1728,3,26,A,7,False,False,120.036396,,14
C_pruning,12,1728,3,26,A,8,False,False,120.039212,,4
C_pruning,12,1728,3,26,A,10,False,False,120.034053,,2
C_pruning,12,1728,3,26,A,9,False,False,120.052297,,12
python_pruning,12,1728,3,26,A,1,False,False,120.471762,,6
python_pruning,12,1728,3,26,A,2,False,False,120.941431,,8
python_pruning,12,1728,3,26,A,3,False,False,120.877251,,0
C_exact,12,1728,3,26,A,1,True,True,0.050724,387bcc21379b3fa73eb7c0097cebc3b1,0
C_exact,12,1728,3,26,A,2,True,True,0.055316,ee6f66d624f05078cbf3ebe722cb2f35,0
C_exact,12,1728,3,26,A,3,True,True,0.057899,b77d5d058574052d78f3919f7745d28e,0
C_exact,12,1728,3,26,A,4,True,True,0.047547,bfa2defb454689e986a6e332fa90110c,0
python_pruning,12,1728,3,26,A,4,False,False,120.847809,,10
python_pruning,12,1728,3,26,A,5,False,False,120.596985,,14
C_exact,12,1728,3,26,A,6,True,True,0.059243,36be94c4efbc41459c2b71228748db4a,10
C_exact,12,1728,3,26,A,5,True,True,0.060099,2ad5d2eb90c00424eef8f3a0523e96b1,0
C_exact,12,1728,3,26,A,7,True,True,0.080998,c6b6533a62a87694a2d9a1e9aec972da,14
C_exact,12,1728,3,26,A,8,True,True,0.062081,9eff4cf47f484cf6df7850f78b7adf61,10
C_exact,12,1728,3,26,A,9,True,True,0.049503,5997086b7aee3c17984756fa009b724e,0
C_exact,12,1728,3,26,A,10,True,True,0.043463,60ffd79f778a64221cda1f15577432b9,14
python_exact,12,1728,3,26,A,3,True,True,0.427734,177942ae5b6400b636041b9882968248,14
python_exact,12,1728,3,26,A,2,True,True,0.571802,3d4aa2e8e78ec81ba3ee4924f8d874c3,0
python_exact,12,1728,3,26,A,1,True,True,0.665704,4fe4e5aeefc15c6c5b590430dc5b04c1,10
python_exact,12,1728,3,26,A,4,True,True,0.563366,4782e0227b59f9ac76f4c2f15dff95e8,14
python_exact,12,1728,3,26,A,6,True,True,0.513638,9afa08c6f112641abfb9b83de8be0c19,10
python_exact,12,1728,3,26,A,5,True,True,0.672545,3b5ebb5fc1d756c16f784de7e6425be8,0
python_exact,12,1728,3,26,A,7,True,True,0.48815,08aaacff55c64835b8101a5154ffb95e,14
python_exact,12,1728,3,26,A,8,True,True,0.548164,8de13a4b3b72ec49d2454da98ffac685,10
python_exact,12,1728,3,26,A,9,True,True,0.540233,96418883f8ba9bef005cfeee35dd4dc8,0
python_exact,12,1728,3,26,A,10,True,True,0.525512,05b435f123135401a8f3c0961c0257fe,14
python_pruning,12,1728,3,26,A,6,False,False,120.885474,,4
python_pruning,12,1728,3,26,A,8,False,False,120.645005,,12
python_pruning,12,1728,3,26,A,9,False,False,120.530251,,6
python_pruning,12,1728,3,26,A,7,False,False,121.16226,,2
python_pruning,12,1728,3,26,A,10,False,False,120.748133,,8
C_pruning,12,1728,3,26,T,1,False,False,120.041425,,10
C_pruning,12,1728,3,26,T,2,False,False,120.025096,,0
C_pruning,12,1728,3,26,T,3,False,False,120.038503,,14
C_pruning,12,1728,3,26,T,4,False,False,120.045294,,4
C_pruning,12,1728,3,26,T,5,False,False,120.046947,,12
C_pruning,12,1728,3,26,T,6,False,False,120.025684,,6
C_pruning,12,1728,3,26,T,7,False,False,120.023992,,2
C_pruning,12,1728,3,26,T,8,False,False,120.031136,,8
C_pruning,12,1728,3,26,T,9,False,False,120.046981,,10
C_pruning,12,1728,3,26,T,10,False,False,120.023216,,0
python_pruning,12,1728,3,26,T,1,False,False,120.416489,,14
python_pruning,12,1728,3,26,T,2,False,False,120.451021,,4
python_pruning,12,1728,3,26,T,3,False,False,120.323951,,12
C_exact,12,1728,3,26,T,1,True,True,0.061863,55bad41ba47dc7bc32385e1f403819a8,12
C_exact,12,1728,3,26,T,2,True,True,0.040983,e74ccc613d0527685f036e8d434d5262,12
C_exact,12,1728,3,26,T,3,True,True,0.043153,e5e461187205f78461f559c3b824c902,12
C_exact,12,1728,3,26,T,4,True,True,0.040915,e222deb0f2c041875383e81cee40a7f4,12
python_pruning,12,1728,3,26,T,4,False,False,120.355837,,6
C_exact,12,1728,3,26,T,5,True,True,0.041106,e4a022a84415ec9ec5cce1410ca82455,12
C_exact,12,1728,3,26,T,6,True,True,0.039757,f544d0808934b652b243d442f0c6ed3d,6
C_exact,12,1728,3,26,T,7,True,True,0.044485,195d8ee0513438b4ca2802d32795cdd7,12
python_pruning,12,1728,3,26,T,5,False,False,120.422715,,2
C_exact,12,1728,3,26,T,9,True,True,0.044716,662d0962b678e73daedfbf3d5a502fa4,12
C_exact,12,1728,3,26,T,8,True,True,0.055634,a77f3fbedf0257666aaa4a238673bf0f,6
C_exact,12,1728,3,26,T,10,True,True,0.045752,62fdd6acee2bbd148e15c68de26127b8,2
python_exact,12,1728,3,26,T,1,True,True,0.508214,bfe0b9f5427e6066710fc74498e14511,12
python_exact,12,1728,3,26,T,2,True,True,0.568222,50357b0d2b3babd3e19556dd1b83f53e,6
python_pruning,12,1728,3,26,T,6,False,False,120.400051,,8
python_exact,12,1728,3,26,T,3,True,True,0.614212,c03aac29e67bf5b58cec420a0f33a7b9,2
python_exact,12,1728,3,26,T,4,True,True,0.462525,c7daa073bf00cffef50117f441bcb367,12
python_exact,12,1728,3,26,T,5,True,True,0.421998,6a2ad4f56c5604bcd3f0e6088d8fc1b8,6
python_exact,12,1728,3,26,T,6,True,True,0.494938,837d0b5fce00286f79a9269de2dadfd5,8
python_exact,12,1728,3,26,T,7,True,True,0.627245,abace6031de761a3ca2967943d6605cf,2
python_exact,12,1728,3,26,T,8,True,True,0.475033,33fc103fe5437823eb87fb36e423a99c,12
python_exact,12,1728,3,26,T,9,True,True,0.535034,8a991c80f341395d8214bed02c8eef64,6
python_exact,12,1728,3,26,T,10,True,True,0.473388,ecf679ed9770310faa4874ce6ce4bd18,8
python_pruning,12,1728,3,26,T,7,False,False,120.359592,,10
python_pruning,12,1728,3,26,T,8,False,False,120.413216,,0
python_pruning,12,1728,3,26,T,9,False,False,120.324865,,14
python_pruning,12,1728,3,26,T,10,False,False,120.339921,,4
C_pruning,12,1728,3,26,B,1,False,False,120.029627,,2
C_pruning,12,1728,3,26,B,2,False,False,120.033244,,12
C_pruning,12,1728,3,26,B,3,False,False,120.019564,,6
C_pruning,12,1728,3,26,B,4,False,False,120.040164,,8
C_pruning,12,1728,3,26,B,5,False,False,120.037413,,10
C_pruning,12,1728,3,26,B,6,False,False,120.042395,,0
C_pruning,12,1728,3,26,B,7,False,False,120.048508,,14
C_pruning,12,1728,3,26,B,8,False,False,120.037525,,4
C_pruning,12,1728,3,26,B,9,False,False,120.035528,,2
C_pruning,12,1728,3,26,B,10,False,False,120.043995,,12
python_pruning,12,1728,3,26,B,1,False,False,120.337349,,6
python_pruning,12,1728,3,26,B,2,False,False,120.361919,,8
python_pruning,12,1728,3,26,B,3,False,False,120.374875,,10
C_exact,12,1728,3,26,B,1,True,True,0.044205,7e5282bea02a30bfe2df57321b878e66,10
python_pruning,12,1728,3,26,B,4,False,False,120.403622,,0
C_exact,12,1728,3,26,B,2,True,True,0.050167,c4e51787ca967e32e130fa7d5803c6b5,10
C_exact,12,1728,3,26,B,3,True,True,0.057419,681dfa78a8dd66059b5f5e2090cf68cf,0
C_exact,12,1728,3,26,B,5,True,True,0.047058,b792a5a84586668c046296f534d06dd6,0
C_exact,12,1728,3,26,B,4,True,True,0.051389,f0f305f9602feb574131603f77c087a1,10
C_exact,12,1728,3,26,B,7,True,True,0.052667,96ba5735bddf740442db1fb82328eaf2,10
C_exact,12,1728,3,26,B,6,True,True,0.042496,b97df46c943d6434616cbd0cd84ae1a4,0
C_exact,12,1728,3,26,B,9,True,True,0.045951,d62519893aa5b891b7cd2028ae0987a9,0
C_exact,12,1728,3,26,B,8,True,True,0.049241,d33ebfa4d6847917932c57ec42bc2e75,10
C_exact,12,1728,3,26,B,10,True,True,0.039515,c8d0d357570efea89045eb9296fc5b5a,0
python_pruning,12,1728,3,26,B,5,False,False,120.385681,,14
python_exact,12,1728,3,26,B,1,True,True,0.419698,5e18754d266e92a4477160f7bbf86997,10
python_exact,12,1728,3,26,B,2,True,True,0.539974,f38c145f56dd5b46380c18c9cb3d2dcb,0
python_exact,12,1728,3,26,B,4,True,True,0.597317,a6ae39c7da2310e7d5598a10d96ea6ba,10
python_exact,12,1728,3,26,B,5,True,True,0.498596,75f5463e444fce9d322d26298deca8e0,0
python_exact,12,1728,3,26,B,6,True,True,0.482691,ebecde9b3c2263ff9fa407da2f620cdb,10
python_exact,12,1728,3,26,B,7,True,True,0.492791,fb018e5c178c2f08263582876cab2c8d,0
python_exact,12,1728,3,26,B,3,True,True,1.496942,9bd62a07ac9c6a6693da26a34a22274b,14
python_exact,12,1728,3,26,B,8,True,True,0.50538,e0075842584ad6bec88d82391880bf6c,10
C_pruning,10,1000,1,6,A,1,True,True,0.073961,78e463cb94ce2c336989986f7d79dc53,10
python_exact,12,1728,3,26,B,10,True,True,0.459187,a03c93dde6f02a6425f938d81ac8d7f7,14
C_pruning,10,1000,1,6,A,2,True,True,0.168144,116d769285ee0cfb86cc6befa56f3415,10
python_exact,12,1728,3,26,B,9,True,True,0.72487,e4819bd19959fb42317e47b9ab724684,0
C_pruning,10,1000,1,6,A,3,True,True,0.154273,12a7ed8b8ec3b77a485eb8da1d03d251,14
C_pruning,10,1000,1,6,A,6,True,True,0.068491,1b2e435b3df81d9e1fcf89a689fd0542,14
C_pruning,10,1000,1,6,A,7,True,True,0.211959,6cc0f308cc9ec52c23d772629908a73d,14
C_pruning,10,1000,1,6,A,4,True,True,0.479904,e2bccf063db3b7f1863c3eb9fe06a59e,10
C_pruning,10,1000,1,6,A,8,True,True,0.079715,51b7a633f1eab45fa3e58a38f4a07a3b,14
C_pruning,10,1000,1,6,A,5,True,True,0.520522,80d5dd211cce5aa058fdec8bdb2ca963,0
C_pruning,10,1000,1,6,A,10,True,True,0.0716,697199cca9f6841f9bf5b25b98742502,14
C_pruning,10,1000,1,6,A,9,True,True,0.110728,40bb726e4ce3479e69c1f79f7ee94014,10
python_pruning,10,1000,1,6,A,2,True,True,1.808509,6e43c93d7d8521ab848a21cd47e89fbc,14
python_pruning,10,1000,1,6,A,1,True,True,1.97949,0de3c03543c0c7df652ba971de5a884b,0
python_pruning,10,1000,1,6,A,3,True,True,2.748811,5ec61272da493eb691a0f4fe71dc9b34,10
python_pruning,10,1000,1,6,A,4,True,True,3.708716,a3cc673b6647b504d840e34b902a3abd,14
python_pruning,10,1000,1,6,A,5,True,True,4.249974,1bb8b767abaa6f28f645e475934a4357,0
python_pruning,10,1000,1,6,A,8,True,True,1.016965,969aa28d6d1c15b6860a47aaeff0e32e,0
python_pruning,10,1000,1,6,A,6,True,True,6.506803,bf30727db0d73a84d0f76b38d9fce370,10
python_pruning,10,1000,1,6,A,10,True,True,3.777608,6e1dae445cd126f5f611c497999abf6f,10
C_exact,10,1000,1,6,A,1,True,True,0.039152,45c6bfae7d6c1e2e51c01cf5638f3839,10
C_exact,10,1000,1,6,A,2,True,True,0.050022,c940e42c821226edb725fd66810c3cba,10
C_exact,10,1000,1,6,A,3,True,True,0.043323,f7f5c1a6de4b7e48e2f7394d71f48310,10
C_exact,10,1000,1,6,A,4,True,True,0.035775,7355772f4c9a1643f401ad8d33cdad38,10
C_exact,10,1000,1,6,A,5,True,True,0.054911,9805719629bcb039fb3904f731d4799e,10
C_exact,10,1000,1,6,A,6,True,True,0.055197,9af4d514dbb6b708bfc37e99d1d455b0,10
C_exact,10,1000,1,6,A,7,True,True,0.04944,f1112ba63d9836e78feeb415bf30cb19,10
C_exact,10,1000,1,6,A,8,True,True,0.033028,969fcc1db0aec4f31dfa440b64aaac70,10
C_exact,10,1000,1,6,A,9,True,True,0.037979,d0451a8325479c56dab227bbafc1db57,10
C_exact,10,1000,1,6,A,10,True,True,0.040328,96d2ac992ea8e8111561b13c9061717e,10
python_exact,10,1000,1,6,A,1,True,True,0.508372,cdfb9228354a71344e8eabe21314645b,10
python_exact,10,1000,1,6,A,2,True,True,0.228044,1aff3321ecb315a9049ec24fd973346f,10
python_exact,10,1000,1,6,A,3,True,True,0.162651,597780d28fa6969496074a5d59e93eff,10
python_exact,10,1000,1,6,A,4,True,True,0.201096,e838051d690f6aa6f6587f5c5851bc34,10
python_pruning,10,1000,1,6,A,9,True,True,8.081927,6457d9ad455824fad497392c7922d6f9,0
python_exact,10,1000,1,6,A,5,True,True,0.406751,122d9a1f539ccfe600aa05f241fb23c0,10
python_pruning,10,1000,1,6,A,7,True,True,10.121917,00363adeb4655a5835b4748ac534f521,14
python_exact,10,1000,1,6,A,7,True,True,0.340116,704506f46d572174bbccadf7be1d703d,10
python_exact,10,1000,1,6,A,6,True,True,0.561287,e2587e4972e3d03ad6ec319f08c8b4ab,0
python_exact,10,1000,1,6,A,9,True,True,0.339384,428cb47ce6e0f30b9e1182766c79089a,10
python_exact,10,1000,1,6,A,8,True,True,0.398189,5ce844eb1cb01f9b918c42a827345a41,14
python_exact,10,1000,1,6,A,10,True,True,0.354973,605d2aec3907df1aa101a490edf81bde,0
C_pruning,10,1000,1,6,T,2,True,True,0.527598,460efaa50ec44568773a90eb2cec5df0,14
python_pruning,12,1728,3,26,B,6,False,False,120.378417,,4
C_pruning,10,1000,1,6,T,1,True,True,4.92898,0218275e75ca524e9c61353666a7700b,10
C_pruning,10,1000,1,6,T,5,True,True,5.455908,1dab2b8b11bfb5e0a252efbdf0827bf1,4
C_pruning,10,1000,1,6,T,3,True,True,8.275609,341e19ac8970a1962adbcb47d9f9c97c,0
C_pruning,10,1000,1,6,T,7,True,True,4.457632,8eeb7bd1bd88d252c54e18461787682c,4
C_pruning,10,1000,1,6,T,4,True,True,10.275571,5dc01de6acda1173e190bbfeac3458cf,14
C_pruning,10,1000,1,6,T,8,True,True,8.029192,6966f41dad7e6ebc9d6ac62c56c45e52,0
C_pruning,10,1000,1,6,T,10,True,True,5.762359,03c5200df89d752e9548c6eb41f74072,14
C_pruning,10,1000,1,6,T,9,True,True,12.876817,a7b8a88a28f40dafb9a959074d6e0c64,4
python_pruning,10,1000,1,6,T,1,True,True,9.410374,aaedd7e1a9453d1123e2255819097d15,0
C_pruning,10,1000,1,6,T,6,True,True,28.704651,0abef5a56de5ac2ca169317dace54602,10
python_pruning,10,1000,1,6,T,3,True,True,14.077476,1324027fa696120ed5d184b591b0b157,4
python_pruning,10,1000,1,6,T,5,True,True,7.944857,7379f55d47dd7dbc93620bdadc36bfb3,10
python_pruning,10,1000,1,6,T,6,True,True,18.057045,7bb4b5326ff57c0809f9b7f47d823aca,4
python_pruning,10,1000,1,6,T,7,True,True,26.834333,481beecd3e302a8d0236182e2f37fcff,10
python_pruning,10,1000,1,6,T,9,True,True,2.976399,9556b7aa3a9f9772c649646633894b6b,10
python_pruning,10,1000,1,6,T,8,True,True,17.050685,39fa1edbccded8a6a2a0749ec426f742,4
C_exact,10,1000,1,6,T,1,True,True,0.084139,e25728367fed8a017b77e0905b9e5c26,4
C_exact,10,1000,1,6,T,2,True,True,0.163139,085842d5a6f6906f75404681b47d9542,4
C_exact,10,1000,1,6,T,3,True,True,0.076115,bc43a8478517975872a6c58366ecb818,4
C_exact,10,1000,1,6,T,4,True,True,0.074125,235c7ea8888082618d5b3e4a948d1092,4
C_exact,10,1000,1,6,T,5,True,True,0.134091,a3ad8305f1fda900bebd852301317b3a,4
C_exact,10,1000,1,6,T,6,True,True,0.794911,1cdd86c4569260948ae25e6f48637aea,4
C_exact,10,1000,1,6,T,7,True,True,0.145307,0771d03ddd0e5323dfdb9c1c3ffa870a,4
C_exact,10,1000,1,6,T,8,True,True,0.224094,f71bba9ff769b0478951dd65c43df554,4
C_exact,10,1000,1,6,T,9,True,True,0.119181,505a0f40ce554ff5e30227a1a422c15d,4
C_exact,10,1000,1,6,T,10,True,True,0.065317,d661d22b43c5d8f75e68e6a8ebd70e74,4
python_exact,10,1000,1,6,T,1,True,True,2.283022,727e19983d643cef681faf97424ce45f,4
python_exact,10,1000,1,6,T,2,True,True,1.899511,b16efd1c1f6db8fbb5e99cf12ae2e30b,4
python_pruning,10,1000,1,6,T,2,True,True,63.595403,825b549f090468293be790f7c89bfb3a,14
python_exact,10,1000,1,6,T,4,True,True,1.95041,8d21757ccf8200d60b5e007c9efd7964,14
python_exact,10,1000,1,6,T,3,True,True,4.800577,fce830688321c1c6d07361115e94b1bd,4
python_exact,10,1000,1,6,T,6,True,True,2.301331,8a77e41c8898ca8554ba9c014d3b3abe,4
python_exact,10,1000,1,6,T,7,True,True,1.646677,46ad45d832e3c680e658301da501426b,4
python_exact,10,1000,1,6,T,5,True,True,6.196242,f282565a53e1d47dab1c9a9462614729,14
python_pruning,10,1000,1,6,T,4,True,True,63.288769,1f7e2537292c4aee13477bc46d64c2f3,0
python_exact,10,1000,1,6,T,8,True,True,2.62274,d32c72bf192d90cc8ee4e8fabbaddac3,4
python_exact,10,1000,1,6,T,10,True,True,1.751126,ddd74eb7d0f03b9640a1e0f4ec9accb8,0
python_exact,10,1000,1,6,T,9,True,True,2.616468,5367f9755dd2081c09f057ba3bc64e32,14
python_pruning,10,1000,1,6,T,10,True,True,19.977606,7ee49300f5e4c8503990bf16b9c3d310,10
python_pruning,12,1728,3,26,B,7,False,False,120.442995,,2
python_pruning,12,1728,3,26,B,8,False,False,120.430245,,12
python_pruning,12,1728,3,26,B,9,False,False,120.379351,,6
python_pruning,12,1728,3,26,B,10,False,False,120.400465,,8
C_pruning,10,1000,1,6,B,1,False,False,120.040104,,4
C_pruning,10,1000,1,6,B,2,False,False,120.045359,,0
C_pruning,10,1000,1,6,B,3,False,False,120.032755,,14
C_pruning,10,1000,1,6,B,4,False,False,120.056999,,10
C_pruning,10,1000,1,6,B,5,False,False,120.053644,,2
C_pruning,10,1000,1,6,B,6,False,False,120.083771,,12
C_pruning,10,1000,1,6,B,7,False,False,120.034424,,6
C_pruning,10,1000,1,6,B,8,False,False,120.026961,,8
C_pruning,10,1000,1,6,B,9,False,False,120.050915,,4
C_pruning,10,1000,1,6,B,10,False,False,120.024917,,0
python_pruning,10,1000,1,6,B,1,False,False,120.011209,,14
python_pruning,10,1000,1,6,B,2,False,False,120.012617,,10
python_pruning,10,1000,1,6,B,3,False,False,120.010485,,2
python_pruning,10,1000,1,6,B,4,False,False,120.007681,,12
python_pruning,10,1000,1,6,B,5,False,False,120.014828,,6
python_pruning,10,1000,1,6,B,6,False,False,120.010038,,8
C_exact,10,1000,1,6,B,2,True,True,1.193372,c77faf29945752adc5f486cd7be6c289,12
C_exact,10,1000,1,6,B,1,True,True,1.431526,62daf7b30c9d55e07c806399c647e29c,2
C_exact,10,1000,1,6,B,3,True,True,1.16628,574ca9d5a6afe77b8700fab4f3659aae,6
C_exact,10,1000,1,6,B,4,True,True,1.316049,7b6e6b9df8af0e68018a07d50b1f8edc,8
C_exact,10,1000,1,6,B,5,True,True,1.189006,b97304a62a4603bfb320cc9b2dc243de,12
C_exact,10,1000,1,6,B,6,True,True,1.301949,4395f8cfce3ad902b7b04990c571db2a,2
C_exact,10,1000,1,6,B,7,True,True,1.364132,b28ee2385140444f901351b40cc998f7,6
C_exact,10,1000,1,6,B,8,True,True,1.242939,7b25e20f5368f72c0110aba5ffe6d7a1,8
C_exact,10,1000,1,6,B,9,True,True,1.171606,ba51525f56d8000fa6c66f22de9f0f8a,12
C_exact,10,1000,1,6,B,10,True,True,1.451465,b6724f94c5993c099f7a15547c5e78a5,2
python_exact,10,1000,1,6,B,1,True,True,44.719851,0d7b945c8023d61011ad3b8f2473af73,6
python_exact,10,1000,1,6,B,3,True,True,46.663309,51b58d71d279bb992584e66d27ae3c33,12
python_exact,10,1000,1,6,B,2,True,True,47.393,e0c9e5bbaca5c12f0aef8f0e7c337211,8
python_exact,10,1000,1,6,B,4,True,True,49.6959,ceee033387e85591b4c05acf3cc28dca,2
python_exact,10,1000,1,6,B,5,True,True,44.918773,607a4fe4b80cee9a324991266f0d7d15,6
python_exact,10,1000,1,6,B,7,True,True,46.834784,9d3e5f87d9c328c334e244d7c913ab30,8
python_exact,10,1000,1,6,B,6,True,True,47.335132,8e118c36ce00a1a99d3574357a8ba8d5,12
C_pruning,10,1000,2,18,A,1,True,True,0.441938,7c17b73b6e26b7a496aa8976e311c16c,12
C_pruning,10,1000,2,18,A,2,True,True,1.203552,7cd0a3ba86dcacf3b2e74d6e27e7cf49,12
C_pruning,10,1000,2,18,A,3,True,True,2.064106,ba6ec676a630a811b7872704f0e0d168,12
python_exact,10,1000,1,6,B,8,True,True,48.907364,6068f149285ad27629cdea5ca792d340,2
C_pruning,10,1000,2,18,A,5,True,True,0.459568,dae847491510d13ec27bc32eeb0c9742,2
C_pruning,10,1000,2,18,A,4,True,True,2.107087,9e6d4fecf1b8ae31820b8e4693d1c59b,12
C_pruning,10,1000,2,18,A,7,True,True,0.463464,a38b55479e44248b703e25694abd396b,12
C_pruning,10,1000,2,18,A,6,True,True,1.04314,15ce97fb4aa6fef2d1a2ddaa828425c5,2
C_pruning,10,1000,2,18,A,8,True,True,1.602799,96552f84ffe98baf4131d6f7f7b61c10,12
C_pruning,10,1000,2,18,A,10,True,True,0.389269,2e57f742f36c783c4db9361eebb4e49f,12
C_pruning,10,1000,2,18,A,9,True,True,3.255369,19e83dc0b334f1e815972c38942f0e1c,2
python_pruning,10,1000,2,18,A,1,True,True,1.511971,25be3097345c1e9faa2397e9748f424a,12
python_pruning,10,1000,2,18,A,2,True,True,2.865016,9ebbaf179bd1ffbf02da17fc04d53013,2
python_pruning,10,1000,2,18,A,3,True,True,2.94648,dfbcd7a54c00db50d64c7661e01fbffa,12
python_pruning,10,1000,2,18,A,4,True,True,0.478705,c89c89ff9c316996863c8a4601889e1f,2
python_pruning,10,1000,2,18,A,6,True,True,0.920864,bee464f76c1fd2b138195ab1ee902ecc,2
python_pruning,10,1000,2,18,A,5,True,True,2.429421,d7b049249cee9e62862ad6ff5d8597bb,12
python_pruning,10,1000,2,18,A,7,True,True,2.129622,30f347fced876f101cc99a3e6abe8f81,2
python_pruning,10,1000,2,18,A,8,True,True,1.140185,9c61265f18a3f556d7ad78bed0d789db,12
python_pruning,10,1000,2,18,A,10,True,True,1.492033,19f55222e6069216f628078a6e912137,12
C_exact,10,1000,2,18,A,1,True,True,0.027991,312c37c92e09a4dfb483d50bfafe5429,12
C_exact,10,1000,2,18,A,2,True,True,0.030251,fe28f148fc44a3cbb1dcd4618dbaf6f3,12
C_exact,10,1000,2,18,A,3,True,True,0.026565,ab8dd31a095258cde94d9d6b62a728a3,12
C_exact,10,1000,2,18,A,4,True,True,0.029354,3752ab7f9daa18894290237e6d6500e7,12
C_exact,10,1000,2,18,A,5,True,True,0.031281,07aeca0549cee59d1f131dd8c83124d4,12
C_exact,10,1000,2,18,A,6,True,True,0.03962,2f305cf5553e66f1f94ecd36b85fd219,12
C_exact,10,1000,2,18,A,7,True,True,0.028599,e924425110d1d5748395f647572dc7bd,12
C_exact,10,1000,2,18,A,8,True,True,0.032155,28b3cf42d02b788b7bad83960ed5ba72,12
C_exact,10,1000,2,18,A,9,True,True,0.030052,bb519e1a2ea0124530535261dc6ab575,12
C_exact,10,1000,2,18,A,10,True,True,0.048811,5040dacf293315aded003f2ea80612ff,12
python_exact,10,1000,2,18,A,1,True,True,0.128335,b08dc614018bcc41f2a122f0171a8265,12
python_pruning,10,1000,1,6,B,7,False,False,120.045906,,4
python_exact,10,1000,2,18,A,2,True,True,0.140478,cb5ba93c768d18347e3048c3d3ba61dc,12
python_pruning,10,1000,2,18,A,9,True,True,2.524506,f0f4041520773b52d7b4ae3742ece257,2
python_exact,10,1000,2,18,A,3,True,True,0.161876,fdf7beca304b9a76a99949e6bfdab2c2,4
python_exact,10,1000,2,18,A,4,True,True,0.137711,273e3848a15f68807714a3a5be723843,12
python_exact,10,1000,2,18,A,5,True,True,0.159921,86a6fa71958bd5680f065654552688c6,2
python_exact,10,1000,2,18,A,6,True,True,0.139894,2fabd8b7581a6cf887ee3ed19b40abdf,4
python_pruning,10,1000,1,6,B,8,False,False,120.009094,,0
python_exact,10,1000,2,18,A,7,True,True,0.154954,2bfa0bd4a1cefe981a66a9f5f26a8e16,12
python_exact,10,1000,2,18,A,8,True,True,0.166566,5598085abdaeb18951a42d2231a8eb8e,2
python_pruning,10,1000,1,6,B,9,False,False,120.013345,,14
python_exact,10,1000,2,18,A,9,True,True,0.1871,3646bada972a91212025b5146f3478eb,4
python_exact,10,1000,2,18,A,10,True,True,0.171713,52ff1e3e8f1dcb5ecdbec8d95e5f85ee,0
python_pruning,10,1000,1,6,B,10,False,False,120.028735,,10
python_exact,10,1000,1,6,B,9,True,True,37.506663,ba3fc1c54058c233413b5d90bdfce6c5,6
C_pruning,10,1000,2,18,T,4,True,True,15.78659,b97b6275b16bbcef2e34a691ea4bd5f5,4
C_pruning,10,1000,2,18,T,6,True,True,21.823693,06131ef78c9126ae8d3c07e2dadc0502,10
C_pruning,10,1000,2,18,T,3,True,True,23.822965,c8fa2ac06f00ef35f75e0abb01eece90,14
python_exact,10,1000,1,6,B,10,True,True,45.601839,90d51b5979779b56b4134558b27d0636,8
C_pruning,10,1000,2,18,T,2,True,True,31.128429,c75abb111a54e5a5cefa81812c088cb7,2
C_pruning,10,1000,2,18,T,9,True,True,10.099775,8915afacce5911b17985821014eacb1d,10
python_pruning,10,1000,2,18,T,2,True,True,8.47359,5e7d87151b8996e0219d15db9f52bdd1,2
python_pruning,10,1000,2,18,T,1,True,True,19.668469,4a66cbed3736eb08576db1fd8a312cf8,8
C_pruning,10,1000,2,18,T,7,True,True,31.483859,9546964b6b358edcc0eaf2a6e94e5874,6
python_pruning,10,1000,2,18,T,6,True,True,1.013707,851c987e3db02763c625cab0568b52e4,6
python_pruning,10,1000,2,18,T,4,True,True,8.199871,bc579aea044c0462ebdbd1110592c9dc,2
C_pruning,10,1000,2,18,T,8,True,True,37.220062,931d4265f04ef6bfefa92670beb80b91,4
python_pruning,10,1000,2,18,T,9,True,True,9.731447,a12a53703a0b157c5b1b76704547d6c2,4
python_pruning,10,1000,2,18,T,7,True,True,28.84532,cd0c709d32a4b364025098483e5f5411,6
C_exact,10,1000,2,18,T,1,True,True,0.047194,bf6706975b1563edb239637e70e2e502,6
C_exact,10,1000,2,18,T,2,True,True,0.031059,f371bc26fbb470763cb4a2832ee6b15c,6
C_exact,10,1000,2,18,T,3,True,True,0.030966,ef48dac6f919d1935f4e76c6581e9a54,6
C_exact,10,1000,2,18,T,4,True,True,0.028105,80f83fb1ca155b7ce2afc4c4da9b0c03,6
C_exact,10,1000,2,18,T,5,True,True,0.028868,343df55d4841f2afab3b3a6e26f845e8,6
C_exact,10,1000,2,18,T,6,True,True,0.028774,354bb47b8cf98f6289ce594e472815be,6
C_exact,10,1000,2,18,T,7,True,True,0.030309,c9709917dd876801ea03499bd16ce76d,6
C_exact,10,1000,2,18,T,8,True,True,0.034702,0594a5d12a1fc08a1f6baed7955568ee,6
C_exact,10,1000,2,18,T,9,True,True,0.034035,0844cb3c6044af614a7ac76233c1c142,6
C_exact,10,1000,2,18,T,10,True,True,0.041399,7dfeea3fa31dce0aebbbba179b12f2e2,6
python_exact,10,1000,2,18,T,1,True,True,0.121745,534eaafc6880d8110e27f3b9c2019ec8,6
python_exact,10,1000,2,18,T,2,True,True,0.153062,342d9138e8d3411324d8f5b904648f15,6
python_exact,10,1000,2,18,T,3,True,True,0.285842,97148e708421c90aefc6730b156d5f17,6
python_exact,10,1000,2,18,T,4,True,True,0.186014,db55c0d2caf190f65b4c458f7b355c71,6
python_exact,10,1000,2,18,T,5,True,True,0.182532,e97a5e47d6d7381472d882287aef78ec,6
python_exact,10,1000,2,18,T,6,True,True,0.159913,07da88c4d4e338e5d4016861125567cd,6
python_exact,10,1000,2,18,T,7,True,True,0.15326,e6739c08a6893a5bc05dee351add7767,6
python_exact,10,1000,2,18,T,8,True,True,0.218817,860e21167cf34618a7a9daff783cb517,6
python_exact,10,1000,2,18,T,9,True,True,0.130244,202a6b3ea90b47cb379a619d789b94c8,6
python_exact,10,1000,2,18,T,10,True,True,0.169287,7fe20fc4ece21d24c27e54811f62500a,6
C_pruning,10,1000,2,18,T,5,True,True,80.139271,06a3a8dc6ae95a037b4ccedeb61490bd,0
python_pruning,10,1000,2,18,T,5,True,True,35.202199,dc7d896ebc6f7c6f4dc87527969011b0,8
python_pruning,10,1000,2,18,T,3,True,True,54.122926,5a403fd13c295e87322a9d98c4f0a701,10
python_pruning,10,1000,2,18,T,8,True,True,39.781106,4e71ced74f2ecde5fd49cb29267a6422,2
C_pruning,10,1000,2,18,T,1,True,True,95.471812,e3a2bfb32811e8eda3ad5cce73ed8e46,12
C_pruning,10,1000,2,18,T,10,True,True,110.233058,a1f5924b7f3024153bbbabebfd2d878e,14
python_pruning,10,1000,2,18,T,10,True,True,103.324841,bb73cea3e4da38b382967eae592ffdac,4
C_pruning,10,1000,2,18,B,1,False,False,120.027978,,6
C_pruning,10,1000,2,18,B,2,False,False,120.047398,,0
C_pruning,10,1000,2,18,B,3,False,False,120.03674,,8
C_pruning,10,1000,2,18,B,4,False,False,120.023944,,10
C_pruning,10,1000,2,18,B,5,False,False,120.056965,,2
C_pruning,10,1000,2,18,B,6,False,False,120.046292,,12
C_pruning,10,1000,2,18,B,7,False,False,120.015905,,14
C_pruning,10,1000,2,18,B,8,False,False,120.058864,,4
C_pruning,10,1000,2,18,B,9,False,False,120.025566,,6
C_pruning,10,1000,2,18,B,10,False,False,120.049428,,0
python_pruning,10,1000,2,18,B,1,False,False,120.097039,,8
python_pruning,10,1000,2,18,B,2,False,False,120.120685,,10
python_pruning,10,1000,2,18,B,3,False,False,120.13652,,2
C_exact,10,1000,2,18,B,1,True,True,0.039847,c538c18da48fba93387502f0e7f31b62,2
C_exact,10,1000,2,18,B,2,True,True,0.040717,d9b7f8cbb4efa380cac7bff628694fb4,2
C_exact,10,1000,2,18,B,3,True,True,0.031494,a575d00815fff1098b3e75356af10f57,2
C_exact,10,1000,2,18,B,4,True,True,0.032557,3ab07b995770342f8f346a1ad39dc560,2
C_exact,10,1000,2,18,B,5,True,True,0.037878,6a8059fcf950119617bcfa63cd98932d,2
C_exact,10,1000,2,18,B,6,True,True,0.042448,73a1a412e61bb4b90b637b38af167e09,2
C_exact,10,1000,2,18,B,7,True,True,0.032634,a814a2a9fdc674a8e6eddc059c7afb6e,2
C_exact,10,1000,2,18,B,8,True,True,0.056755,ad1464c43d859feef82964a1767a424c,2
C_exact,10,1000,2,18,B,9,True,True,0.034401,e0fba60aeda31fce32eff678487a8b11,2
C_exact,10,1000,2,18,B,10,True,True,0.035859,1afc59cbe2ae1d8f57a0529d4040c3fa,2
python_exact,10,1000,2,18,B,1,True,True,0.358027,106861ef9e43b87a984fb903059eb4d0,2
python_exact,10,1000,2,18,B,2,True,True,0.147289,1205d5387c6182cc465fd2063e4b40b6,2
python_exact,10,1000,2,18,B,3,True,True,0.172786,815f8bbe6d2ef291335a5903faf79bcb,2
python_exact,10,1000,2,18,B,4,True,True,0.31945,f805f6d63b14c5d9297a0299ab1ce4df,2
python_exact,10,1000,2,18,B,5,True,True,0.153906,0d5bdd9c1db628240d4b00260179c174,2
python_exact,10,1000,2,18,B,6,True,True,0.186251,904b22669cf89122fd1597e99366813b,2
python_exact,10,1000,2,18,B,7,True,True,0.180604,81f90feacfbfc7c2a63891fbbda36501,2
python_exact,10,1000,2,18,B,8,True,True,0.286379,14c916f527d43df3279d973ccf03dd70,2
python_exact,10,1000,2,18,B,9,True,True,0.293517,33a783d437b71ff84ad13b5afee69ee2,2
python_exact,10,1000,2,18,B,10,True,True,0.149966,7deeda0d3d71b3751595e9fc710ba3ca,2
python_pruning,10,1000,2,18,B,4,False,False,120.103161,,12
python_pruning,10,1000,2,18,B,5,False,False,120.095063,,14
python_pruning,10,1000,2,18,B,6,False,False,120.152738,,4
python_pruning,10,1000,2,18,B,7,False,False,120.093496,,6
python_pruning,10,1000,2,18,B,8,False,False,120.102407,,0
python_pruning,10,1000,2,18,B,9,False,False,120.165021,,8
python_pruning,10,1000,2,18,B,10,False,False,120.121335,,10
C_pruning,10,1000,3,26,A,1,False,False,120.044821,,2
C_pruning,10,1000,3,26,A,2,False,False,120.022557,,12
C_pruning,10,1000,3,26,A,3,False,False,120.027528,,14
C_pruning,10,1000,3,26,A,4,False,False,120.042866,,4
C_pruning,10,1000,3,26,A,5,False,False,120.017192,,6
C_pruning,10,1000,3,26,A,6,False,False,120.026509,,0
C_pruning,10,1000,3,26,A,7,False,False,120.02402,,8
C_pruning,10,1000,3,26,A,8,False,False,120.031212,,10
C_pruning,10,1000,3,26,A,9,False,False,120.053596,,2
C_pruning,10,1000,3,26,A,10,False,False,120.04368,,12
python_pruning,10,1000,3,26,A,1,False,False,120.281091,,14
python_pruning,10,1000,3,26,A,2,False,False,120.507239,,4
python_pruning,10,1000,3,26,A,3,False,False,120.478745,,6
C_exact,10,1000,3,26,A,1,True,True,0.031126,e5a24f3ec76f810d0d815b0beed6b73f,6
C_exact,10,1000,3,26,A,2,True,True,0.034598,f307e2af1b328ab65d1dc953703fa659,6
C_exact,10,1000,3,26,A,3,True,True,0.027494,706ca4b8fbc72faaa36064691f5a2a45,6
C_exact,10,1000,3,26,A,4,True,True,0.027413,b38b59a6949829f8e416c635f3765466,6
C_exact,10,1000,3,26,A,5,True,True,0.034942,d2aeb1c0969f072fae5d4bdb1ed2b12f,6
C_exact,10,1000,3,26,A,6,True,True,0.026856,fa962e37c9b8e7e6dd08f177443ec652,6
C_exact,10,1000,3,26,A,7,True,True,0.026825,de5e3a0d5df3503ec81530a12b9c8d6a,6
C_exact,10,1000,3,26,A,8,True,True,0.028465,44f0a4a5c2c67ad76c92a01daca58793,6
C_exact,10,1000,3,26,A,9,True,True,0.026826,1dc4c951036bc79e96261c22cc8035c2,6
C_exact,10,1000,3,26,A,10,True,True,0.026698,87ca7f9bec8a325e6a18a07fbcf956ae,6
python_exact,10,1000,3,26,A,1,True,True,0.20965,c9867f18545b6727d1b095fafe26b981,6
python_exact,10,1000,3,26,A,2,True,True,0.19093,9a58e470ce56782f4bdd952a858dd118,6
python_exact,10,1000,3,26,A,3,True,True,0.159094,a2a49c92a93faaade26993eed4ce872c,6
python_exact,10,1000,3,26,A,4,True,True,0.229713,21dd6804de917eb1821d144aef78ba14,6
python_exact,10,1000,3,26,A,5,True,True,0.115275,ad847968da3e0d57379dbcadff8816e0,6
python_exact,10,1000,3,26,A,6,True,True,0.168681,5bbb2f42e02b5924bb26e4b7d46d8d58,6
python_exact,10,1000,3,26,A,7,True,True,0.113835,355bdd8f742d71413f9df1c6f20f53d0,6
python_pruning,10,1000,3,26,A,4,False,False,120.449718,,0
python_exact,10,1000,3,26,A,8,True,True,0.138538,3f7a1b1973773e6ec2f892e104cdf030,6
python_exact,10,1000,3,26,A,9,True,True,0.157151,588fb611dd7c81d94191a1b2db79572b,0
python_exact,10,1000,3,26,A,10,True,True,0.186533,a82717ac4794cb23e267184ff9f420a3,6
python_pruning,10,1000,3,26,A,5,False,False,120.124217,,8
python_pruning,10,1000,3,26,A,6,False,False,120.318302,,10
python_pruning,10,1000,3,26,A,7,False,False,120.510502,,2
python_pruning,10,1000,3,26,A,8,False,False,120.426004,,12
python_pruning,10,1000,3,26,A,9,False,False,120.18589,,14
python_pruning,10,1000,3,26,A,10,False,False,120.209361,,4
C_pruning,10,1000,3,26,T,1,False,False,120.034146,,0
C_pruning,10,1000,3,26,T,2,False,False,120.03379,,6
C_pruning,10,1000,3,26,T,3,False,False,120.029607,,8
C_pruning,10,1000,3,26,T,4,False,False,120.024682,,10
C_pruning,10,1000,3,26,T,5,False,False,120.025272,,2
C_pruning,10,1000,3,26,T,6,False,False,120.020306,,12
C_pruning,10,1000,3,26,T,7,False,False,120.036875,,14
C_pruning,10,1000,3,26,T,8,False,False,120.028244,,4
C_pruning,10,1000,3,26,T,9,False,False,120.022435,,0
C_pruning,10,1000,3,26,T,10,False,False,120.052502,,6
python_pruning,10,1000,3,26,T,1,False,False,120.103877,,8
python_pruning,10,1000,3,26,T,2,False,False,120.121424,,10
python_pruning,10,1000,3,26,T,3,False,False,120.137259,,2
C_exact,10,1000,3,26,T,1,True,True,0.029387,70cba7f8deb63a58cbd8e6f37796f791,2
C_exact,10,1000,3,26,T,2,True,True,0.027442,a4f1727f1ae46fb12c80669a6252bdbb,2
C_exact,10,1000,3,26,T,3,True,True,0.027431,7c3cdbc0d13af4373774fbe202b72004,2
C_exact,10,1000,3,26,T,4,True,True,0.027975,36549fd6071f958360404ab6d5b105fa,2
C_exact,10,1000,3,26,T,5,True,True,0.033063,1109ddb0bace17fd9f338d7f0a79cb12,2
C_exact,10,1000,3,26,T,6,True,True,0.027654,7f62a745c7f2d81bea1747cb77d00210,2
C_exact,10,1000,3,26,T,7,True,True,0.037642,5cae98d67f996f8e42e666290ca4d884,2
C_exact,10,1000,3,26,T,8,True,True,0.035574,d5ff452eb340328c085e22d39db0b065,2
C_exact,10,1000,3,26,T,9,True,True,0.026718,b3afd08ff2b857c0942138bcd8660ebd,2
C_exact,10,1000,3,26,T,10,True,True,0.026528,eef26368be62f4de28d7ef6984dbece8,2
python_exact,10,1000,3,26,T,1,True,True,0.182239,48815bd07ba640aff3b6b90091d6fdba,2
python_exact,10,1000,3,26,T,2,True,True,0.155082,03602eaf04237adb5f2f80a1f502e3fa,2
python_exact,10,1000,3,26,T,3,True,True,0.185706,8dda2c95854bee8c13bd611494ac29e3,2
python_exact,10,1000,3,26,T,4,True,True,0.147321,68de90d2f43c1fcb3fb833a77394c266,2
python_exact,10,1000,3,26,T,5,True,True,0.154889,9c232170e629ebf3bfa63e7f934b5c16,2
python_exact,10,1000,3,26,T,6,True,True,0.202984,2bbaa7a15d1fd08e2f818bef51e8d1c7,2
python_exact,10,1000,3,26,T,7,True,True,0.171376,a345c84721550d98203a7f3e55ec4368,2
python_exact,10,1000,3,26,T,8,True,True,0.171773,99d93a86e28219212002cca21af7ff7c,2
python_exact,10,1000,3,26,T,9,True,True,0.164567,4f63cf86a257d58f7180fb539ab1da64,2
python_exact,10,1000,3,26,T,10,True,True,0.157266,87640f0fed8b0d7367c30557a7508638,2
python_pruning,10,1000,3,26,T,4,False,False,120.124649,,12
python_pruning,10,1000,3,26,T,5,False,False,120.170219,,14
python_pruning,10,1000,3,26,T,6,False,False,120.1381,,4
python_pruning,10,1000,3,26,T,7,False,False,120.115856,,0
python_pruning,10,1000,3,26,T,8,False,False,120.300522,,6
python_pruning,10,1000,3,26,T,9,False,False,120.156949,,8
python_pruning,10,1000,3,26,T,10,False,False,120.131182,,10
C_pruning,10,1000,3,26,B,1,False,False,120.020991,,2
C_pruning,10,1000,3,26,B,2,False,False,120.029084,,12
C_pruning,10,1000,3,26,B,3,False,False,120.037632,,14
C_pruning,10,1000,3,26,B,4,False,False,120.046637,,4
C_pruning,10,1000,3,26,B,5,False,False,120.034184,,0
C_pruning,10,1000,3,26,B,6,False,False,120.024836,,6
C_pruning,10,1000,3,26,B,7,False,False,120.027982,,8
C_pruning,10,1000,3,26,B,8,False,False,120.04094,,10
C_pruning,10,1000,3,26,B,9,False,False,120.033334,,2
C_pruning,10,1000,3,26,B,10,False,False,120.031192,,12
python_pruning,10,1000,3,26,B,1,False,False,120.093451,,14
python_pruning,10,1000,3,26,B,2,False,False,120.198687,,4
python_pruning,10,1000,3,26,B,3,False,False,120.193917,,0
C_exact,10,1000,3,26,B,1,True,True,0.047412,47a5bd376d8be1e144de02ef73d97260,0
C_exact,10,1000,3,26,B,2,True,True,0.032353,2a4fdbcb3dc9d9a89dae699785ff02fb,0
C_exact,10,1000,3,26,B,3,True,True,0.028199,5b93f569738b974f717eb9e76f986bb2,0
C_exact,10,1000,3,26,B,4,True,True,0.026517,a6149c80e3160227e888df38a4415a40,0
C_exact,10,1000,3,26,B,5,True,True,0.033499,56198b34b97c6a3200b068507f45b30a,0
python_pruning,10,1000,3,26,B,4,False,False,120.11754,,6
python_pruning,10,1000,3,26,B,5,False,False,120.128342,,8
C_exact,10,1000,3,26,B,7,True,True,0.034538,8657deedbcf0952d4a8b35f65e1190a5,6
C_exact,10,1000,3,26,B,6,True,True,0.037581,bd713ecb9b1b11b1dc814866919c0f4c,0
C_exact,10,1000,3,26,B,8,True,True,0.082365,2e65484a49e662665af07d292328e40b,8
C_exact,10,1000,3,26,B,9,True,True,0.049828,4b72c5b5f7a0a4bd9c42168432f8c791,6
C_exact,10,1000,3,26,B,10,True,True,0.044758,e82a95255047cb570493778845c32f54,0
python_exact,10,1000,3,26,B,3,True,True,0.140935,6c05796d3675e533d5ba3798e1c3fb1a,0
python_exact,10,1000,3,26,B,2,True,True,0.260133,83b564c05b79c4573d33bbf3f15ea03b,6
python_exact,10,1000,3,26,B,4,True,True,0.140778,64881c02f6d232841c5e3b7b1c6de271,0
python_exact,10,1000,3,26,B,6,True,True,0.155434,876f4131d61206a2a3631d2008e71de2,0
python_exact,10,1000,3,26,B,5,True,True,0.236083,f355c5e323c98c0a987807e7cf82979f,6
python_exact,10,1000,3,26,B,1,True,True,0.518594,3488cbaf8b09568b0d633d5730bb3ee7,8
python_exact,10,1000,3,26,B,7,True,True,0.135555,9d78ef77a1e64ed977f62fc42e28145c,0
python_exact,10,1000,3,26,B,9,True,True,0.111742,f2c64b73edc4baa6a1e8785a1e829563,8
C_pruning,8,512,1,6,A,1,True,True,0.064313,50925d1505aa51d33510366103077520,8
python_exact,10,1000,3,26,B,8,True,True,0.203321,021ba4b239c311c18f553c617b17e11f,6
C_pruning,8,512,1,6,A,2,True,True,0.069235,9a90e34dff3c62d452d38a6afe74a14e,8
python_exact,10,1000,3,26,B,10,True,True,0.172506,7119cacb19e2f47e73cd45ed295745de,0
C_pruning,8,512,1,6,A,5,True,True,0.072376,22d0adc6b715be9e7cf931abb5f4511c,0
C_pruning,8,512,1,6,A,3,True,True,0.165075,2dfba4d708580952687a8347350c8805,6
C_pruning,8,512,1,6,A,4,True,True,0.13289,1346625d35ecb48b16ee7058a062752b,8
C_pruning,8,512,1,6,A,6,True,True,0.035543,967891c31045861685bec88906f4e618,0
C_pruning,8,512,1,6,A,7,True,True,0.037137,ee069689b6710b6f75a81fed3de89df5,6
C_pruning,8,512,1,6,A,9,True,True,0.04009,d708513b4f19fd2288642f5454a6073e,0
C_pruning,8,512,1,6,A,10,True,True,0.033799,39b5051a60573d354fb21585b26f617c,6
C_pruning,8,512,1,6,A,8,True,True,0.253619,44e95609b4a16cc3112a6b02f7d03fc2,8
python_pruning,8,512,1,6,A,3,True,True,1.049957,96ca6b26981619cc99caed19a6dfc6fd,8
python_pruning,8,512,1,6,A,2,True,True,1.269779,de02bbc70a941920912c214eec69f723,6
python_pruning,8,512,1,6,A,4,True,True,0.232116,b37fb15b3606905a961f1c527cf1da19,8
python_pruning,8,512,1,6,A,5,True,True,0.229882,0e3e4cc9ef9c574f26521ded5d94871a,6
python_pruning,8,512,1,6,A,1,True,True,1.617962,9cc3832ab09803bdf6aa0496fdc6c1a3,0
python_pruning,8,512,1,6,A,8,True,True,0.301898,804f16089468ee765484b61e159adf8d,0
python_pruning,8,512,1,6,A,9,True,True,0.498491,250e5fbe78bc2818385b305c4edd5257,0
python_pruning,8,512,1,6,A,7,True,True,1.352228,8b4772bea518cb2aeb42fc06a1eb13f8,6
C_exact,8,512,1,6,A,1,True,True,0.028125,eed55b2351b9f7c72d942fd05aadb4a0,6
C_exact,8,512,1,6,A,2,True,True,0.021744,f39e00afd12ce6bb96f6995f158b71b2,6
C_exact,8,512,1,6,A,3,True,True,0.021197,c7df4014c7a2b7a5aa784d4f07782007,6
C_exact,8,512,1,6,A,4,True,True,0.023565,5c64577731816da27c16d758b6140a6f,6
C_exact,8,512,1,6,A,5,True,True,0.019923,27ad33ff4364e6cd9078c576652d01ad,6
C_exact,8,512,1,6,A,6,True,True,0.025112,29de45cdccd9ea10668b8f0a5e9f7339,6
C_exact,8,512,1,6,A,7,True,True,0.03388,f6dfbed779dcaf0b4b14a7adec2ee70f,6
C_exact,8,512,1,6,A,8,True,True,0.02937,e042af5ce09c1f96762aa4f4759f5901,6
C_exact,8,512,1,6,A,9,True,True,0.024356,45f72b7015f670139cdff0ab12d90886,6
C_exact,8,512,1,6,A,10,True,True,0.021799,2a2c013094e46e7d832098ae7f40238c,6
python_pruning,8,512,1,6,A,10,True,True,1.018364,a56427fe3b70ab5a9a69bf6988f333fd,0
python_exact,8,512,1,6,A,1,True,True,0.180914,fb0ac8955a39fd2d3181d9e2d430cb7d,6
python_exact,8,512,1,6,A,3,True,True,0.045742,20322f5086fd86ea30d92e114253b361,6
python_exact,8,512,1,6,A,2,True,True,0.140343,d904525ff83657a3954afd0c3524b597,0
python_exact,8,512,1,6,A,4,True,True,0.140184,16390d6cbb518a4271845d9bcb2edb50,6
python_exact,8,512,1,6,A,5,True,True,0.149701,8bd38e3db35cb3b73a8a0535aba22d1c,0
python_exact,8,512,1,6,A,6,True,True,0.117356,8db80172334af13dd00c7c8dea5178d6,6
python_exact,8,512,1,6,A,7,True,True,0.165941,b55811e5ea112779cc8b0d317fff7915,0
python_exact,8,512,1,6,A,8,True,True,0.16518,078f028b69c512d8506a0d6ecbd7e7c8,6
python_exact,8,512,1,6,A,9,True,True,0.09259,64a585291455b53d8705fc4156be3fb9,0
C_pruning,8,512,1,6,T,1,True,True,0.049656,c40fd9cb13f4634d9ab4a96b0f7704de,0
python_exact,8,512,1,6,A,10,True,True,0.146916,07880712c9dc7d3ccb1b4598bc34b1e4,6
C_pruning,8,512,1,6,T,2,True,True,0.056273,f10477af260e045009c8e1a351843c32,0
C_pruning,8,512,1,6,T,3,True,True,0.060998,8f0773e1093e6d483c61abf7b58ab3e0,6
C_pruning,8,512,1,6,T,5,True,True,0.062519,2c3dde162331f40d0cc6fe5f6508fdbb,6
C_pruning,8,512,1,6,T,6,True,True,0.066947,7eeab5e21068b88f50b571c816e47441,6
C_pruning,8,512,1,6,T,4,True,True,0.204653,af250aeb85165aae642efa1c7987b477,0
C_pruning,8,512,1,6,T,7,True,True,0.02739,522819d24c1c4d77349497f8e75adb8f,6
C_pruning,8,512,1,6,T,8,True,True,0.115987,471f5831474dcc68c96bd1aca9f97c45,0
C_pruning,8,512,1,6,T,9,True,True,0.145192,795e67bd747880dcf90e4260e26538d7,6
C_pruning,8,512,1,6,T,10,True,True,0.060358,86c9bf06549cadd680dd4cc2d10fd5e0,0
python_pruning,10,1000,3,26,B,6,False,False,120.123449,,10
python_pruning,8,512,1,6,T,3,True,True,0.209491,42dc5e92847c7db2ecc24dc8ab328ae2,10
python_pruning,8,512,1,6,T,2,True,True,0.353306,b8739d9afff715084b66ffdf6196f8dd,0
python_pruning,8,512,1,6,T,4,True,True,0.283214,1eeeda33aa101ab89033dc7bffa04695,10
python_pruning,8,512,1,6,T,1,True,True,0.830122,27f9f371f7b9b8a9e57adcbdd5faa9b2,6
python_pruning,8,512,1,6,T,5,True,True,0.532332,054b7dad44e84b1553f71ccb13e423cc,0
python_pruning,8,512,1,6,T,6,True,True,0.531291,935cb532920ff1075f35af59e49ff533,10
python_pruning,8,512,1,6,T,8,True,True,0.349473,e4e28eefec9e4059e916fe4316bd538c,0
python_pruning,8,512,1,6,T,10,True,True,0.271819,3fe2f57adbf4a8a7354e33b628645ba1,0
python_pruning,8,512,1,6,T,9,True,True,0.460651,b8442076aa516649231e36ed8d8bb09c,10
C_exact,8,512,1,6,T,1,True,True,0.042939,71a51ceb851f3268e664939a23bd5500,0
C_exact,8,512,1,6,T,3,True,True,0.032099,772a609c9cafec11a987ba8bdbb9e719,0
C_exact,8,512,1,6,T,2,True,True,0.081397,fade2fea4776c6543062edcc895aae0a,10
C_exact,8,512,1,6,T,4,True,True,0.026727,efc5bc9e4b4af1adc3028de0bd7fdcf2,0
C_exact,8,512,1,6,T,5,True,True,0.056795,7d064b59e46d73b95c5d91e470fcee57,10
C_exact,8,512,1,6,T,6,True,True,0.065143,c86bc6c57a7bf2858be3eb395faa3a3d,0
C_exact,8,512,1,6,T,7,True,True,0.032844,a94dc5c4a6b808805d66b29bcabc6cf5,10
C_exact,8,512,1,6,T,8,True,True,0.031006,fe61ad0f2fdda3b11d7ef08a3741328e,0
C_exact,8,512,1,6,T,9,True,True,0.039306,efaa40514f6863c1bfa455388ae7a9b2,10
python_pruning,8,512,1,6,T,7,True,True,1.061368,d016ee12bc1eb02bf7964f238f2a0214,6
C_exact,8,512,1,6,T,10,True,True,0.059514,c411610f6727d342d557b02fd13e196e,0
python_exact,8,512,1,6,T,3,True,True,0.497686,31590403040ac0f20e8311e92ffb1622,0
python_exact,8,512,1,6,T,1,True,True,0.851717,4d062e153ff7486e9098ef02c3399bb1,10
python_exact,8,512,1,6,T,4,True,True,0.495025,3226b2e03975b70e730d9d74de44d829,0
python_pruning,8,512,1,6,A,6,True,True,6.12898,5c14c1698f8e568a3ab54593eaf60137,8
python_exact,8,512,1,6,T,6,True,True,0.207494,56d049d1b9132f5b21f90ca45dc452a3,0
python_exact,8,512,1,6,T,5,True,True,0.586415,efd109c47b02a6381f7b1d153d6c6a0d,10
python_exact,8,512,1,6,T,2,True,True,1.503909,5f9078df4158949f222f527d11076fde,6
python_exact,8,512,1,6,T,8,True,True,0.302299,ad5eee1640ed8994e97b6266f7463baa,0
python_exact,8,512,1,6,T,7,True,True,0.534309,3cb01abdd104b51b35c50d41a1b29a20,8
python_exact,8,512,1,6,T,9,True,True,1.092278,b2e4d7940d21c38e8242f3b7d9082af6,10
python_exact,8,512,1,6,T,10,True,True,1.173629,e5ddef2985e4e21fcfafe879a8e0fdcd,6
python_pruning,10,1000,3,26,B,7,False,False,120.168368,,2
python_pruning,10,1000,3,26,B,8,False,False,120.141905,,12
python_pruning,10,1000,3,26,B,9,False,False,120.108599,,14
python_pruning,10,1000,3,26,B,10,False,False,120.110233,,4
C_pruning,8,512,1,6,B,1,False,False,120.022195,,0
C_pruning,8,512,1,6,B,2,False,False,120.031181,,8
C_pruning,8,512,1,6,B,3,False,False,120.047942,,10
C_pruning,8,512,1,6,B,4,False,False,120.059173,,6
C_pruning,8,512,1,6,B,5,False,False,120.024288,,2
C_pruning,8,512,1,6,B,6,False,False,120.02513,,12
C_pruning,8,512,1,6,B,7,False,False,120.051378,,14
C_pruning,8,512,1,6,B,8,False,False,120.026758,,4
C_pruning,8,512,1,6,B,9,False,False,120.020139,,0
C_pruning,8,512,1,6,B,10,False,False,120.03494,,8
python_pruning,8,512,1,6,B,1,False,False,120.009999,,10
python_pruning,8,512,1,6,B,2,False,False,120.008774,,6
python_pruning,8,512,1,6,B,3,False,False,120.015129,,2
C_exact,8,512,1,6,B,1,True,True,0.601493,8da87bbb843eb79068ce7b1db672ee12,2
C_exact,8,512,1,6,B,2,True,True,0.637386,87c34a39af7097e3771b79c7ae91ffc4,2
C_exact,8,512,1,6,B,3,True,True,0.601031,faf47b6f7a0a9c0a107930f3395e8149,2
python_pruning,8,512,1,6,B,4,False,False,120.011127,,12
C_exact,8,512,1,6,B,4,True,True,0.629211,611a5a3b305b3cd5ccbc22c22c65a35e,2
C_exact,8,512,1,6,B,5,True,True,0.619048,ca6ae7d330f5f44edbff868931b206d8,12
C_exact,8,512,1,6,B,6,True,True,0.65034,016163dec4f2f06e3f0976e3df7fa3f1,2
C_exact,8,512,1,6,B,7,True,True,0.641359,ea7f871577ca71c8520c5e082ac04a49,12
C_exact,8,512,1,6,B,8,True,True,0.631844,29311ab119355648d42566a656182aac,2
C_exact,8,512,1,6,B,9,True,True,0.615102,08dba669f70caff685920305cb11cb7c,12
C_exact,8,512,1,6,B,10,True,True,0.613818,4b55aa4a04499bcabc506dcf50451d7c,2
python_exact,8,512,1,6,B,1,True,True,26.643337,f18cc87888724ff444e9e36aa219ce5c,12
python_exact,8,512,1,6,B,2,True,True,29.30172,2e41f7c60f3abfce35be5bde125a921e,2
python_pruning,8,512,1,6,B,5,False,False,120.005481,,14
python_exact,8,512,1,6,B,4,True,True,28.091561,41a80108125528553f8f23a70dbace41,2
python_exact,8,512,1,6,B,5,True,True,23.887494,2f0a7474aa090530b6667fcca94203e6,14
python_exact,8,512,1,6,B,3,True,True,34.292205,5eb68748d15354bc0391662f19e2e0ea,12
python_pruning,8,512,1,6,B,6,False,False,120.005129,,4
python_exact,8,512,1,6,B,7,True,True,24.953871,a15a9708e6ece13e0da691058691ca92,14
python_exact,8,512,1,6,B,6,True,True,29.558508,15b358158a86b039e36079808e571e6f,2
C_pruning,8,512,2,18,A,1,True,True,0.246033,2ed5bc5ce9c9e123cca2385e0b5892a2,2
C_pruning,8,512,2,18,A,2,True,True,0.249534,79444ac737bc1f29cb1dc708b1c11e6f,2
C_pruning,8,512,2,18,A,3,True,True,0.251241,23b8be46a5a912756874e91a90423a05,2
python_exact,8,512,1,6,B,8,True,True,27.708498,1d43c7707476541259028dc1342351e7,12
C_pruning,8,512,2,18,A,4,True,True,1.072,4e954baf66761c92e536f96a7c07f7d5,2
C_pruning,8,512,2,18,A,5,True,True,0.542206,c576fd684bbcdac167a3e052fb43872e,12
C_pruning,8,512,2,18,A,6,True,True,0.314819,02a86abd2a3858aa37ff828900d6d29b,2
C_pruning,8,512,2,18,A,7,True,True,0.613859,88f8a376cdd8d7f15018a3e0be9a2ab6,12
C_pruning,8,512,2,18,A,8,True,True,0.408239,78092c5df290a9afcac38dc9594f4304,2
C_pruning,8,512,2,18,A,9,True,True,0.099836,3bcf93dd60027390bc60e7b0f755d558,12
C_pruning,8,512,2,18,A,10,True,True,0.095775,ea3846704fc3052aeee98b4540eb8420,2
python_pruning,8,512,2,18,A,2,True,True,0.33038,dd9fc537920c895b9ebfc5f95729229d,2
python_pruning,8,512,2,18,A,1,True,True,0.793008,a5caa5eee99fee009db01a3c7b91a872,12
python_pruning,8,512,2,18,A,4,True,True,0.121825,9023fc8aaabc26f87020f3ff795034ed,12
python_pruning,8,512,2,18,A,5,True,True,0.244476,932ff7b8bed77937c3b88d7307aa21b8,12
python_pruning,8,512,2,18,A,3,True,True,1.166633,b280c043eaa5b770bc31af1c006c5d21,2
python_pruning,8,512,2,18,A,6,True,True,0.384413,499fe29b75cf1d176a6190c6988fc9c8,12
python_pruning,8,512,2,18,A,7,True,True,1.159146,cdd842392067a6572540235705ae4297,2
python_pruning,8,512,2,18,A,8,True,True,1.146047,d282f6acad445df4eb847cb7b1c25399,12
python_pruning,8,512,2,18,A,10,True,True,0.374931,014af097be9992e3a86a75c0dbfbf004,12
C_exact,8,512,2,18,A,1,True,True,0.022788,816741d14f26105db37a62532248c442,12
C_exact,8,512,2,18,A,2,True,True,0.021651,7cc918fdb105644ea5cefcea7f019781,12
C_exact,8,512,2,18,A,3,True,True,0.021464,e2561179b0d72b774cc20967238e5282,12
C_exact,8,512,2,18,A,4,True,True,0.021131,d8b0c8ab03648d196a53df1d01e0be20,12
C_exact,8,512,2,18,A,5,True,True,0.020976,79ad94b5e96371a88bb83828ed926a1b,12
C_exact,8,512,2,18,A,6,True,True,0.02826,c3c68a539e5a56951fbbbefc9176ad48,12
C_exact,8,512,2,18,A,7,True,True,0.021703,6dccf8aa411c45af9850d3d7b2383a19,12
C_exact,8,512,2,18,A,8,True,True,0.02176,be9446f6bb9fe04001f449ccdb7f3313,12
C_exact,8,512,2,18,A,9,True,True,0.022176,fd381d7faa79446e34eab06979756cab,12
C_exact,8,512,2,18,A,10,True,True,0.022182,391a95178126685a0680f69e545d48a8,12
python_exact,8,512,2,18,A,1,True,True,0.077254,712ddb76f5e1f7033239a15101a138a0,12
python_exact,8,512,2,18,A,2,True,True,0.044272,8da134f4c75a602388f87b18c0102234,12
python_exact,8,512,2,18,A,3,True,True,0.044425,33a15f5de54a090995c704d80439e373,12
python_exact,8,512,2,18,A,4,True,True,0.057488,e2a0866d193c62b8db37c94519fabda6,12
python_exact,8,512,2,18,A,5,True,True,0.099848,a9a5f212f1359ea868661f0097654ebf,12
python_exact,8,512,2,18,A,6,True,True,0.044264,61fd4d583e2098df025bec3e85493bbf,12
python_exact,8,512,2,18,A,7,True,True,0.046145,c248e5e09485593b7920d99f482e7517,12
python_pruning,8,512,2,18,A,9,True,True,1.302439,c5dcb81b7daa2689a3ef0d77ec9c63d7,2
python_exact,8,512,2,18,A,8,True,True,0.0679,5d95f8d2db1a07c825bbbe25fed948e9,12
python_exact,8,512,2,18,A,9,True,True,0.031011,7ee446a02a9725450d98c44c6656e201,2
python_exact,8,512,2,18,A,10,True,True,0.042555,edac5361b99ce6e1e9aa34031b780e21,12
C_pruning,8,512,2,18,T,2,True,True,1.886997,b98f601a0a4ad922e7c71774cde44b3e,12
C_pruning,8,512,2,18,T,1,True,True,2.033473,79c4e696f844e6b1ea8b1a420173ba0e,2
C_pruning,8,512,2,18,T,3,True,True,1.00251,83b2b8e5634d2853000cf3f708da4371,12
C_pruning,8,512,2,18,T,4,True,True,1.156142,8a346c28d489e812e6dc7002d295ccb0,2
python_exact,8,512,1,6,B,9,True,True,28.732325,8b0a600fe850aa67d520cd75631501e2,4
C_pruning,8,512,2,18,T,6,True,True,1.700179,387771018c3754f46fd7ea3b75d53f78,2
C_pruning,8,512,2,18,T,5,True,True,2.510973,eb0438ddccf72230e05a7eb2d47bfa1b,12
C_pruning,8,512,2,18,T,8,True,True,0.521064,8a79fc9aeffdbf72a1f3aea8ddeda483,2
C_pruning,8,512,2,18,T,9,True,True,0.14972,539ed6b2d1b868f8fb463c4297a57a4b,12
python_pruning,8,512,2,18,T,1,True,True,1.555507,5fcfba1d573c49fa68907221f5c8c281,12
python_pruning,8,512,2,18,T,2,True,True,0.764518,5d8141b225c31815a290c5766d92d7db,12
C_pruning,8,512,2,18,T,7,True,True,3.971191,5fa0d46dcbf01e13cf28f0455abc6316,4
python_pruning,8,512,2,18,T,4,True,True,0.116187,7ec82416afadbb6edf6c137858c67441,4
python_pruning,8,512,2,18,T,5,True,True,0.716456,c1efab56377bf9df8d8e961303c24380,4
C_pruning,8,512,2,18,T,10,True,True,3.838369,ae86a4b75289fe2d9c06d710a5bc800c,2
python_pruning,8,512,2,18,T,3,True,True,1.658429,fecb972d30e0ca7e95a376b5a1c35675,12
python_pruning,8,512,2,18,T,6,True,True,1.573301,d43c80f909d6dfe41e7146bc124d3c5d,4
python_pruning,8,512,2,18,T,8,True,True,1.607707,feee19d05e2eed8f6e2cd3785276d03d,12
python_pruning,8,512,2,18,T,10,True,True,0.199507,bd32414eda78d617904f38f43fc3ce62,12
C_exact,8,512,2,18,T,1,True,True,0.022858,9b4deb9697d9d41661ced7f1d8f0dfa4,12
C_exact,8,512,2,18,T,2,True,True,0.025711,82e9594395771ed7c5d917894a1f4ba2,12
C_exact,8,512,2,18,T,3,True,True,0.021351,acf8d7fb81da9fffe9db3080fbf2dd3f,12
C_exact,8,512,2,18,T,4,True,True,0.021818,b50156666583c2032d23bb1e363cf76d,12
C_exact,8,512,2,18,T,5,True,True,0.031951,13c8b6dfa2ac23d16cd79e513200b8b8,12
C_exact,8,512,2,18,T,6,True,True,0.021349,4d694cf052e93b10189e61b24eebc60f,12
C_exact,8,512,2,18,T,7,True,True,0.031778,e60712e04e51901bc3f42d4113a9ffbd,12
C_exact,8,512,2,18,T,8,True,True,0.023041,5f358b52bf7baccb8c9d9c14e3f45ed9,12
C_exact,8,512,2,18,T,9,True,True,0.021791,19577c8e1a7a9bb832d59f359b934f06,12
C_exact,8,512,2,18,T,10,True,True,0.032329,c90e306ddd4e401fe1f30efc7473c502,12
python_exact,8,512,2,18,T,1,True,True,0.044059,d1c1116112598423418368b0c095c3ec,12
python_exact,8,512,2,18,T,2,True,True,0.030227,3a2546358b35ad01ded691654627341f,12
python_exact,8,512,2,18,T,3,True,True,0.030382,d804a324e0d3d617d3763bb06d4b8c0f,12
python_pruning,8,512,2,18,T,9,True,True,1.605375,815e04e4defd6e162f77796486bfd7dc,4
python_exact,8,512,2,18,T,4,True,True,0.067997,15b2d82fa804ab6f0aaee586db8680d6,12
python_exact,8,512,2,18,T,6,True,True,0.030658,d5d34de91c7e9e5910408477c26ea5e1,12
python_exact,8,512,2,18,T,7,True,True,0.029049,7cbea13f1271b3af281a095b85343dc8,12
python_exact,8,512,2,18,T,5,True,True,0.081683,8d32a48da1a0b1c8611646394f791c53,4
python_exact,8,512,2,18,T,8,True,True,0.042913,f56fb2352dd0275834ccd43eb3d0bbac,12
python_exact,8,512,2,18,T,9,True,True,0.058429,e67462e3382360f2180673481bb6872d,4
python_exact,8,512,2,18,T,10,True,True,0.034978,10af5d3fb05cbc00b1430fcb414b3637,12
python_pruning,8,512,2,18,T,7,True,True,3.630425,e26e975652d775de9e231b043b2a6ace,2
python_exact,8,512,1,6,B,10,True,True,22.848487,881b8b6fd3c89426bb03b7176ca9e1b4,14
python_pruning,8,512,1,6,B,7,False,False,120.004144,,0
python_pruning,8,512,1,6,B,8,False,False,120.006522,,8
python_pruning,8,512,1,6,B,9,False,False,120.006804,,10
python_pruning,8,512,1,6,B,10,False,False,120.009148,,6
C_pruning,8,512,2,18,B,1,False,False,120.021728,,4
C_pruning,8,512,2,18,B,2,False,False,120.034317,,12
C_pruning,8,512,2,18,B,3,False,False,120.032595,,2
C_pruning,8,512,2,18,B,4,False,False,120.030427,,14
C_pruning,8,512,2,18,B,5,False,False,120.029105,,0
C_pruning,8,512,2,18,B,6,False,False,120.031176,,8
C_pruning,8,512,2,18,B,7,False,False,120.032543,,10
C_pruning,8,512,2,18,B,8,False,False,120.046197,,6
C_pruning,8,512,2,18,B,9,False,False,120.027205,,4
C_pruning,8,512,2,18,B,10,False,False,120.021448,,12
python_pruning,8,512,2,18,B,1,False,False,120.094946,,2
python_pruning,8,512,2,18,B,2,False,False,120.029358,,14
python_pruning,8,512,2,18,B,3,False,False,120.047938,,0
C_exact,8,512,2,18,B,1,True,True,0.02389,0ed464d2dbf7a078b38a17a5eea5fbaa,0
C_exact,8,512,2,18,B,2,True,True,0.025119,4e69cca34bd88ac9e53f231b2b2e8bdc,0
C_exact,8,512,2,18,B,3,True,True,0.021999,bb536952d62377debe8a2a4ab395ab1d,0
C_exact,8,512,2,18,B,4,True,True,0.02791,543914e5d2471e8df0fa1526274d98a7,0
python_pruning,8,512,2,18,B,4,False,False,120.043266,,8
C_exact,8,512,2,18,B,5,True,True,0.026237,cdd2d904ceef3df38ba80c4e0b4c6f4e,0
C_exact,8,512,2,18,B,6,True,True,0.022488,bff74574184131d754a37b46638661a7,8
C_exact,8,512,2,18,B,7,True,True,0.025804,2ce8f00a2a273d24acceb8357d245ed0,0
C_exact,8,512,2,18,B,8,True,True,0.034494,5017471eaf8c271726448eb9df16fe90,8
C_exact,8,512,2,18,B,9,True,True,0.023118,1fe6d273dd58c477203cfcddbde670f8,0
C_exact,8,512,2,18,B,10,True,True,0.028669,c762e0d68b43039ffe28ff4ee91829a5,8
python_exact,8,512,2,18,B,1,True,True,0.059245,557a0de2cf39faa849544c1a15fc5eb6,0
python_exact,8,512,2,18,B,2,True,True,0.053193,61a3c0b42ef397832c44d0ace28b5eff,8
python_exact,8,512,2,18,B,3,True,True,0.052938,9566e6ad9e98c99f8f23c371b4204f68,0
python_exact,8,512,2,18,B,4,True,True,0.059543,e208a89df3ccf8963f444f2fe9c5c444,8
python_exact,8,512,2,18,B,5,True,True,0.043592,be1d44f111f5154787e50c4c90853078,0
python_exact,8,512,2,18,B,6,True,True,0.06459,60439d34e29275a50e20b413f4191f52,8
python_exact,8,512,2,18,B,7,True,True,0.048336,f67268466c870b92a53dc96c540c0ef4,0
python_exact,8,512,2,18,B,8,True,True,0.035507,7fe2d5ddff6cd680ba8c7afd483a194c,8
python_exact,8,512,2,18,B,9,True,True,0.037935,3f52e81e6392f4fda7b6dda1a52ae665,0
python_exact,8,512,2,18,B,10,True,True,0.038711,2b3b16768100e274ebed0d5d5ae6c4bb,8
python_pruning,8,512,2,18,B,5,False,False,120.024542,,10
python_pruning,8,512,2,18,B,6,False,False,120.126769,,6
python_pruning,8,512,2,18,B,7,False,False,120.041751,,4
python_pruning,8,512,2,18,B,8,False,False,120.034319,,12
python_pruning,8,512,2,18,B,9,False,False,120.053346,,2
python_pruning,8,512,2,18,B,10,False,False,120.038451,,14
C_pruning,8,512,3,26,A,1,False,False,120.029006,,0
C_pruning,8,512,3,26,A,2,False,False,120.043183,,8
C_pruning,8,512,3,26,A,3,False,False,120.036935,,10
C_pruning,8,512,3,26,A,4,False,False,120.0394,,6
C_pruning,8,512,3,26,A,6,False,False,120.030684,,12
C_pruning,8,512,3,26,A,5,False,False,120.050377,,4
C_pruning,8,512,3,26,A,7,False,False,120.019377,,2
C_pruning,8,512,3,26,A,8,False,False,120.04143,,14
C_pruning,8,512,3,26,A,9,False,False,120.035467,,0
C_pruning,8,512,3,26,A,10,False,False,120.026698,,8
python_pruning,8,512,3,26,A,1,False,False,120.113605,,10
python_pruning,8,512,3,26,A,2,False,False,120.164104,,6
python_pruning,8,512,3,26,A,4,False,False,120.047631,,4
C_exact,8,512,3,26,A,1,True,True,0.023493,ce812083239071e7afd499776bb7ecb7,4
C_exact,8,512,3,26,A,2,True,True,0.021438,4c592f53c06b3b79d3b14b1270bff92d,4
python_pruning,8,512,3,26,A,3,False,False,120.139349,,12
C_exact,8,512,3,26,A,4,True,True,0.029085,351066e3329388f0c10f37837b94da61,12
C_exact,8,512,3,26,A,3,True,True,0.032018,ced922bef229c076111895bc5838314f,4
C_exact,8,512,3,26,A,5,True,True,0.025853,984226b2fbc7db8f95c906d96696a1c6,12
C_exact,8,512,3,26,A,6,True,True,0.023316,14c9bc132708f0e245e6575822c41779,4
C_exact,8,512,3,26,A,7,True,True,0.021622,6d623d42d7b26287d9b0c7aeed338927,12
C_exact,8,512,3,26,A,8,True,True,0.021377,5b21d21aeb13da07a64dd8bb69521d2b,4
C_exact,8,512,3,26,A,9,True,True,0.027118,7b348097fb09294bb6a00df69b997ac2,12
C_exact,8,512,3,26,A,10,True,True,0.025798,4a3f060338f21f388fd1f6e4ed3dbc38,4
python_exact,8,512,3,26,A,2,True,True,0.049551,e14574d215afa272c482449615e0bda4,4
python_exact,8,512,3,26,A,1,True,True,0.059231,7bbacff2d438d5aadb543da1a8a60a5a,12
python_exact,8,512,3,26,A,4,True,True,0.057741,06e08ff6b3e77ec355f9d8fcec1ba3d7,12
python_exact,8,512,3,26,A,3,True,True,0.071537,f6017884f5371c27b2d9bd0f1363f5c1,4
python_exact,8,512,3,26,A,5,True,True,0.036655,7262f472a9221d4d0b4ed75fdcc26a5b,12
python_exact,8,512,3,26,A,6,True,True,0.067642,0623bb2259f93942235b33fb47f8e5c1,4
python_exact,8,512,3,26,A,7,True,True,0.03653,4fc5b328d7004b68709ce135007948d7,12
python_exact,8,512,3,26,A,9,True,True,0.037132,ecdddb5f85399553dcf04b0d726d8c21,12
python_exact,8,512,3,26,A,10,True,True,0.049169,a15e118d007bc6c60db10273c3dae3d0,12
python_exact,8,512,3,26,A,8,True,True,0.106358,a64c0a63a069fdbe7e23320a43eed7cf,4
python_pruning,8,512,3,26,A,5,False,False,120.137685,,2
python_pruning,8,512,3,26,A,6,False,False,120.03294,,14
python_pruning,8,512,3,26,A,7,False,False,120.088123,,0
python_pruning,8,512,3,26,A,8,False,False,120.097434,,8
python_pruning,8,512,3,26,A,9,False,False,120.149511,,10
python_pruning,8,512,3,26,A,10,False,False,120.154734,,6
C_pruning,8,512,3,26,T,2,False,False,120.05447,,4
C_pruning,8,512,3,26,T,1,False,False,120.262372,,12
C_pruning,8,512,3,26,T,3,False,False,120.065605,,2
C_pruning,8,512,3,26,T,4,False,False,120.022518,,14
C_pruning,8,512,3,26,T,5,False,False,120.044777,,0
C_pruning,8,512,3,26,T,6,False,False,120.03107,,8
C_pruning,8,512,3,26,T,7,False,False,120.030597,,10
C_pruning,8,512,3,26,T,8,False,False,120.131381,,6
C_pruning,8,512,3,26,T,9,False,False,120.011922,,4
C_pruning,8,512,3,26,T,10,False,False,120.033825,,12
python_pruning,8,512,3,26,T,1,False,False,120.031084,,2
python_pruning,8,512,3,26,T,2,False,False,120.054164,,14
python_pruning,8,512,3,26,T,3,False,False,120.042038,,0
C_exact,8,512,3,26,T,1,True,True,0.03321,83b213eab701bac795329e7efac0f410,0
C_exact,8,512,3,26,T,2,True,True,0.023537,753ddd24246416e6f9b4d11b788bf35a,0
python_pruning,8,512,3,26,T,4,False,False,120.122979,,8
C_exact,8,512,3,26,T,3,True,True,0.035241,0f4a709f2e3cac721378a6ce68aeaa89,0
C_exact,8,512,3,26,T,4,True,True,0.027597,3369d61eb731eac12f5df58b0ebbdb59,8
C_exact,8,512,3,26,T,6,True,True,0.040452,44ec84a03d3ba27f9efb874692ba9abe,8
C_exact,8,512,3,26,T,5,True,True,0.040779,c091fc0ffdd832e186b190fac63819ed,0
C_exact,8,512,3,26,T,8,True,True,0.022373,dc57936d7de19c89f0311eb7cf168e91,0
C_exact,8,512,3,26,T,7,True,True,0.025527,af9a36c493c51b5676f5614d922b5c04,8
C_exact,8,512,3,26,T,9,True,True,0.04301,a82b18dd8343ca10dd1858bea1b04142,0
C_exact,8,512,3,26,T,10,True,True,0.048266,bc881963275e9e9f90748b0e82364441,8
python_exact,8,512,3,26,T,2,True,True,0.05735,12adbd8787f0dfe28ce186f451d36ec8,8
python_exact,8,512,3,26,T,1,True,True,0.104564,2105241982959e7fc475c4f256e87c9e,0
python_exact,8,512,3,26,T,4,True,True,0.052401,979fec9f2a6a2b344252669ad7ea8a78,0
python_exact,8,512,3,26,T,3,True,True,0.135217,6bf81b5fb40d1c565c11e7f8800d625c,8
python_pruning,8,512,3,26,T,5,False,False,120.032799,,10
python_exact,8,512,3,26,T,6,True,True,0.066766,92f01b5f91ed84f60c9093cc984a9d96,8
python_exact,8,512,3,26,T,7,True,True,0.038371,c37031a970ccfde85ffd35438359b775,10
python_exact,8,512,3,26,T,5,True,True,0.130536,20d08ecb24a1fdefca60e049a6686386,0
python_exact,8,512,3,26,T,8,True,True,0.06762,867b4be376e78f2c46194bb9f3f3d39f,8
python_exact,8,512,3,26,T,10,True,True,0.056929,91f8a00c7425f70a2a0e1225bac0315c,0
python_exact,8,512,3,26,T,9,True,True,0.093588,fbb6bf63e31c090e0f8afd5ffe5ad466,10
python_pruning,8,512,3,26,T,6,False,False,120.041361,,6
python_pruning,8,512,3,26,T,7,False,False,120.039304,,4
python_pruning,8,512,3,26,T,8,False,False,120.08013,,12
python_pruning,8,512,3,26,T,9,False,False,120.080642,,2
python_pruning,8,512,3,26,T,10,False,False,120.06981,,14
C_pruning,8,512,3,26,B,2,False,False,120.023074,,0
C_pruning,8,512,3,26,B,1,False,False,120.046991,,8
C_pruning,8,512,3,26,B,3,False,False,120.021976,,10
C_pruning,8,512,3,26,B,4,False,False,120.028874,,6
C_pruning,8,512,3,26,B,5,False,False,120.01772,,4
C_pruning,8,512,3,26,B,6,False,False,120.024713,,12
C_pruning,8,512,3,26,B,7,False,False,120.049388,,2
C_pruning,8,512,3,26,B,8,False,False,120.033572,,14
C_pruning,8,512,3,26,B,9,False,False,120.024894,,0
C_pruning,8,512,3,26,B,10,False,False,120.025168,,8
python_pruning,8,512,3,26,B,1,False,False,120.034421,,10
python_pruning,8,512,3,26,B,2,False,False,120.032067,,6
python_pruning,8,512,3,26,B,3,False,False,120.031066,,4
C_exact,8,512,3,26,B,1,True,True,0.030498,99ea3f400fed118e6a26a7fbea1ec459,4
C_exact,8,512,3,26,B,2,True,True,0.021764,00ceae62999ee9b06ee98b4aeac93ce2,4
C_exact,8,512,3,26,B,3,True,True,0.021978,23aa35ba7fba04ef98a2f796b04d67ec,4
C_exact,8,512,3,26,B,4,True,True,0.022096,10f9ab7a16ae8b4c7c96d89bc9803215,4
C_exact,8,512,3,26,B,5,True,True,0.023128,2c952f005f94665634da7ac96bf4b66a,4
C_exact,8,512,3,26,B,6,True,True,0.034345,983e8fa86871cab62be49a5db1d3ef38,4
python_pruning,8,512,3,26,B,4,False,False,120.039454,,12
C_exact,8,512,3,26,B,7,True,True,0.021884,ba621a1b73d9bf898c4ffa73f3a12775,4
C_exact,8,512,3,26,B,8,True,True,0.022842,6b85a844c686d161f62fe8f2d0772833,12
C_exact,8,512,3,26,B,9,True,True,0.022152,dfc6f54ea348721fc9db2d55f623c8bf,4
C_exact,8,512,3,26,B,10,True,True,0.02144,9ce61b2e1a616923779fe62d9c923e6f,12
python_exact,8,512,3,26,B,1,True,True,0.043256,666fa5350067775536775fbca09904ca,4
python_exact,8,512,3,26,B,2,True,True,0.088063,2867b140a7631ec8ddb7068b71475a02,12
python_exact,8,512,3,26,B,3,True,True,0.085642,34aebe792e0b5ce2985468782687db64,4
python_exact,8,512,3,26,B,4,True,True,0.037933,e42168f9fbd6f3a98617adc076aa2b4e,12
python_exact,8,512,3,26,B,6,True,True,0.048302,e019967d74aee0af08b108a5deb8e91f,12
python_exact,8,512,3,26,B,5,True,True,0.079897,3a2a35b88daaa90cb9e7f58cac435a4c,4
python_pruning,8,512,3,26,B,5,False,False,120.125275,,2
python_exact,8,512,3,26,B,8,True,True,0.060179,ce30a2b38ddb357cc7a1ed25f8014fc6,4
python_exact,8,512,3,26,B,7,True,True,0.097115,9236d1468f8a280ecdca8e9320c2737e,12
C_pruning,6,216,1,6,A,1,True,True,0.02831,6c9766800d79a8917feb879418934e4f,12
C_pruning,6,216,1,6,A,2,True,True,0.031061,5203ca4fa0494ffca23068913fedebca,12
python_exact,8,512,3,26,B,9,True,True,0.160814,7be15ebd1c0ff4ed2af6d60800f105a9,2
C_pruning,6,216,1,6,A,3,True,True,0.051545,5e885d9917638c6d062eca887ff26639,12
python_exact,8,512,3,26,B,10,True,True,0.138624,a45565ff73d2c3945e111fe2356ce700,4
C_pruning,6,216,1,6,A,4,True,True,0.021941,6a31b288d50618971fc6e9f1b4e2a97d,2
C_pruning,6,216,1,6,A,5,True,True,0.025463,9df372d57f3e32360f4666a904231d59,12
C_pruning,6,216,1,6,A,6,True,True,0.044739,cb7c2bc70818fd63fb4468bd33d12cc2,4
C_pruning,6,216,1,6,A,8,True,True,0.024084,bb11c4d3e9e30ac83c0b96367c708066,12
C_pruning,6,216,1,6,A,7,True,True,0.048391,bd3f3b4b00a21db58a23baf039017403,2
C_pruning,6,216,1,6,A,9,True,True,0.021118,e032f51ae6dbb169dc436123f6a9fef3,4
C_pruning,6,216,1,6,A,10,True,True,0.03424,5448a2c6f95cfb3ef6d267105196ffe7,12
python_pruning,6,216,1,6,A,1,True,True,0.065837,3f29846d634f40c14dee1bef6a72a983,2
python_pruning,6,216,1,6,A,3,True,True,0.090567,1c3439a20364a4fc584ff98f52ad537b,12
python_pruning,6,216,1,6,A,4,True,True,0.100841,4c9aa6dddfbc24f4b288748b0218bb12,2
python_pruning,6,216,1,6,A,5,True,True,0.089444,282524ef48ddf7db07b609def18edaa6,12
python_pruning,6,216,1,6,A,7,True,True,0.043729,712b07ee04cc545e666d91730bc54330,12
python_pruning,6,216,1,6,A,2,True,True,0.25959,3d371ccc8b337ce52f8a23a411ef2f9a,4
python_pruning,6,216,1,6,A,9,True,True,0.098148,98dcae89607da6baee52d662756871ab,4
python_pruning,6,216,1,6,A,10,True,True,0.060763,7b30e699dee7d8d0c58d3d462b119eff,4
python_pruning,6,216,1,6,A,6,True,True,0.31229,1505bf6d93919782f0a91818fa2725e6,2
C_exact,6,216,1,6,A,1,True,True,0.03064,c8a2aa856bb94020da15aa57647ab9af,4
C_exact,6,216,1,6,A,2,True,True,0.021,df496394d2aa0c4cb6c78136af38a1c9,2
C_exact,6,216,1,6,A,3,True,True,0.020448,146e1d48b840c0d1e90b41f691481b66,4
C_exact,6,216,1,6,A,5,True,True,0.028801,2bc4f1d2b4a941504b03a39ae10dd71d,4
C_exact,6,216,1,6,A,4,True,True,0.033496,aea738abb5d9c48ec12ef96affa38062,2
python_pruning,6,216,1,6,A,8,True,True,0.295565,254a0b1ab12e7cae0d30e3c50e892648,12
C_exact,6,216,1,6,A,6,True,True,0.023408,ce6930dc589d631a95e73c4cf0a92d80,2
C_exact,6,216,1,6,A,7,True,True,0.023248,e394574bac8025e0aebf2231b2addac1,4
C_exact,6,216,1,6,A,8,True,True,0.019876,8c7553dfaff58b5923e5047efd2e7e42,12
python_exact,6,216,1,6,A,1,True,True,0.01668,41d231b492820474921a09498500757c,12
C_exact,6,216,1,6,A,10,True,True,0.030253,4dcf4c794ec5918e01d4e480c59868d6,4
C_exact,6,216,1,6,A,9,True,True,0.034008,bf0fc56764772601a03f5229c6100da2,2
python_exact,6,216,1,6,A,2,True,True,0.012921,e986b3bcda5d342a37e0a6908042d49a,12
python_exact,6,216,1,6,A,5,True,True,0.018747,7e98fb1f65e151a57c2526227b8df893,12
python_exact,6,216,1,6,A,3,True,True,0.042847,db66ec12447e16b8e45e207ce61d8578,4
python_exact,6,216,1,6,A,6,True,True,0.033331,bba185a4b20e9b24fbc2861c94b85614,12
python_exact,6,216,1,6,A,4,True,True,0.066126,38fc353a99ecf562555493fdbc91965d,2
python_exact,6,216,1,6,A,7,True,True,0.023839,0dbc9d85c00894ab9cc46fbe73ba99e3,4
python_exact,6,216,1,6,A,8,True,True,0.026252,4d04dad19115502e033ecff1822ffefe,12
python_exact,6,216,1,6,A,10,True,True,0.034305,0aa4404211a2202b3729ba5dfc7cdd1d,4
C_pruning,6,216,1,6,T,1,True,True,0.024739,94ad9e68ac1f277235f283a7400e3e7f,12
python_exact,6,216,1,6,A,9,True,True,0.070617,3b6cb66c1236159813bacc5ad9cfaaee,2
C_pruning,6,216,1,6,T,2,True,True,0.030241,fedc3b8267b62798593700656da6629b,4
C_pruning,6,216,1,6,T,3,True,True,0.036476,21b088d56ff173c26e0378b6d7d5aa1f,12
C_pruning,6,216,1,6,T,5,True,True,0.033562,b7759047f963e1c790ee4508258ccc52,4
C_pruning,6,216,1,6,T,4,True,True,0.047094,bab45879078d38294801eabb4a51886a,2
C_pruning,6,216,1,6,T,7,True,True,0.020535,1e1253152edc6eec43cbfdd0840c1af8,4
C_pruning,6,216,1,6,T,6,True,True,0.045578,c6352f3d4fd8eb7beb1042e2217c37ab,12
C_pruning,6,216,1,6,T,8,True,True,0.033329,69c62ac639e9160393583a6fe02a69df,2
python_pruning,8,512,3,26,B,6,False,False,120.033475,,14
python_pruning,6,216,1,6,T,1,True,True,0.021232,80adcb9c45f912ccdaecc30a03764ad3,2
C_pruning,6,216,1,6,T,10,True,True,0.038928,6a5f7443889ac3104b904b3db357cc2e,12
C_pruning,6,216,1,6,T,9,True,True,0.057241,6da38961e32b79394923d6faa0c458e3,4
python_pruning,6,216,1,6,T,4,True,True,0.018832,a0428577deea5745f9c4e20a07756b4d,12
python_pruning,6,216,1,6,T,2,True,True,0.048017,5a6022d50123188464be001d211d19ed,14
python_pruning,6,216,1,6,T,5,True,True,0.021581,5dd548e4f376c81fe0b1fc1a7badde03,4
python_pruning,6,216,1,6,T,6,True,True,0.03369,4c1dc5e2596a8f7f5476033a09c85e04,12
python_pruning,6,216,1,6,T,7,True,True,0.029682,5999eab04125e4508ac7c698d07c42ae,14
python_pruning,6,216,1,6,T,8,True,True,0.044165,99fd9b911234861327ec4d60305b6fe8,4
python_pruning,6,216,1,6,T,3,True,True,0.118574,13c9cd58f3828ee71ef37717f0149938,2
C_exact,6,216,1,6,T,1,True,True,0.030624,655917715633feb7a98e6ccfe5f5b537,4
C_exact,6,216,1,6,T,2,True,True,0.031477,20d9c6bf345963e556b54ecb5e91db34,2
python_pruning,6,216,1,6,T,9,True,True,0.090413,66c6f1b4b06659a4d7d492d61df997cf,12
C_exact,6,216,1,6,T,3,True,True,0.028882,a1c32e40fa1ba4b292ef9a9c57289ac8,4
C_exact,6,216,1,6,T,5,True,True,0.024356,fd3498fb42850e692e5dfb38d614ebbf,12
C_exact,6,216,1,6,T,4,True,True,0.029523,5babce4eadcb99a4510a4054e3792d1b,2
C_exact,6,216,1,6,T,6,True,True,0.025117,16b284b9322c867c4021c3c1c6944282,4
python_pruning,6,216,1,6,T,10,True,True,0.158942,2fce82cb940abda40fd3e11201af5aa7,14
C_exact,6,216,1,6,T,8,True,True,0.024558,82de36ff62afc2650587bfde32155c8f,2
C_exact,6,216,1,6,T,7,True,True,0.028634,08deeacc4416910672477d7a99692e7a,12
C_exact,6,216,1,6,T,9,True,True,0.023841,f3a4d5f7de1f5270d248332a9934fe0d,4
C_exact,6,216,1,6,T,10,True,True,0.026661,21e937dc938d18758a181b341718edc2,14
python_exact,6,216,1,6,T,4,True,True,0.068318,4f5a3b7c0b1c137db769721e99817b4b,14
python_exact,6,216,1,6,T,1,True,True,0.130144,df4df220a129acb4bac2c30b0cd70025,2
python_exact,6,216,1,6,T,2,True,True,0.129898,f0e4fee28a069985a71c42ad8f7ed8d2,12
python_exact,6,216,1,6,T,5,True,True,0.086058,ffa0333c1286bf7665b379baba3807c3,14
python_exact,6,216,1,6,T,3,True,True,0.18339,79fa7af85276ba58a2ca6ae0c479f9bd,4
python_exact,6,216,1,6,T,8,True,True,0.09138,b8dd501d804652dd658cc47088f92915,14
python_exact,6,216,1,6,T,6,True,True,0.270704,9884263782bea9ee500da4eb34a76176,2
python_exact,6,216,1,6,T,10,True,True,0.120559,e2b00ab87496a54ff791a581923fbbfd,14
python_exact,6,216,1,6,T,9,True,True,0.259493,544938e25d15ccda3ac58d11de5b7f07,4
python_exact,6,216,1,6,T,7,True,True,1.76804,0117017a4ef377bf3c0b9c93fc089703,12
python_pruning,8,512,3,26,B,7,False,False,120.034819,,0
python_pruning,8,512,3,26,B,8,False,False,120.094035,,8
python_pruning,8,512,3,26,B,9,False,False,120.088557,,10
python_pruning,8,512,3,26,B,10,False,False,120.059435,,6
C_pruning,6,216,1,6,B,1,False,False,120.033815,,2
C_pruning,6,216,1,6,B,2,False,False,120.035689,,14
C_pruning,6,216,1,6,B,3,False,False,120.15717,,4
C_pruning,6,216,1,6,B,4,False,False,120.037017,,12
C_pruning,6,216,1,6,B,5,False,False,120.030969,,0
C_pruning,6,216,1,6,B,7,False,False,120.01913,,10
C_pruning,6,216,1,6,B,6,False,False,120.077321,,8
C_pruning,6,216,1,6,B,8,False,False,120.033405,,6
C_pruning,6,216,1,6,B,9,False,False,120.033026,,2
C_pruning,6,216,1,6,B,10,False,False,120.030261,,14
python_pruning,6,216,1,6,B,1,False,False,120.002903,,4
python_pruning,6,216,1,6,B,2,False,False,120.004399,,12
python_pruning,6,216,1,6,B,3,False,False,120.002299,,0
python_pruning,6,216,1,6,B,4,False,False,120.004658,,10
python_pruning,6,216,1,6,B,5,False,False,120.002981,,8
python_pruning,6,216,1,6,B,6,False,False,120.002206,,6
C_exact,6,216,1,6,B,1,True,True,0.396915,ce99987e7db4474c211a355b562dc919,0
C_exact,6,216,1,6,B,2,True,True,0.372194,ad2f9f6fa3f56a78ee1ce5e96201ce66,10
C_exact,6,216,1,6,B,3,True,True,0.365978,badd879c2f4e7799c0446f661e198cad,8
C_exact,6,216,1,6,B,4,True,True,0.332687,991230333053ffa0a64d67077b2b948f,6
C_exact,6,216,1,6,B,5,True,True,0.372133,2ed7fa2b11a0a9ab2e99d84825c7a248,0
C_exact,6,216,1,6,B,6,True,True,0.380239,042a3e325c8c4e6a0f91bc039abc2346,10
C_exact,6,216,1,6,B,7,True,True,0.368822,180fb54501d9c04b4adb115f758d893f,8
C_exact,6,216,1,6,B,8,True,True,0.365618,d2c5721bf3a5d50d7aa6b442d35b32d5,6
C_exact,6,216,1,6,B,9,True,True,0.382187,141d89224bb14b56d825d7f5bba8e29a,0
C_exact,6,216,1,6,B,10,True,True,0.333269,d9562511d468a65c912fe1d1f6e3a2bb,10
python_exact,6,216,1,6,B,1,True,True,12.252268,924438ffcc16ebd511d2fb73da23721a,8
python_exact,6,216,1,6,B,4,True,True,17.071956,670c56d0c1771c856cb2dd36f205ed50,10
python_exact,6,216,1,6,B,2,True,True,17.183328,c7cd97fae49904fffaa21268a3f5ff42,6
python_exact,6,216,1,6,B,3,True,True,17.692696,d3fbdbd4dce63ad25abaae1c3b361e98,0
python_exact,6,216,1,6,B,5,True,True,12.831175,9e22583b4942aa396c8b7615b007ca08,8
python_exact,6,216,1,6,B,7,True,True,16.337285,e58dffcc3e6d53d1e0472263d4a33386,6
python_exact,6,216,1,6,B,8,True,True,17.499603,8cdd1e31ca95cf2b2c4a4da42882bad6,0
C_pruning,6,216,2,18,A,1,True,True,0.033314,5f30d72f7f2a4207bdd1f350b82f2729,0
C_pruning,6,216,2,18,A,2,True,True,0.04423,b004c93d97a6e11085470b2d29a7eb13,0
C_pruning,6,216,2,18,A,3,True,True,0.202558,80c51ec6875aafdfd77e31bcd6149e39,0
C_pruning,6,216,2,18,A,4,True,True,0.054643,be9ea0790f7d8ee8c4ec0e77939ced13,0
C_pruning,6,216,2,18,A,5,True,True,0.159386,1e75ce0aa5604595240aa2d1537a0055,0
C_pruning,6,216,2,18,A,6,True,True,0.032004,57d3cfd39075923ee926cc076d19b565,0
C_pruning,6,216,2,18,A,7,True,True,0.108687,2fde4604ebdcce7f3be4a329c3de49a1,0
C_pruning,6,216,2,18,A,8,True,True,0.044677,4fe6e23ecfe0c7dbdc7a08f770c17a5d,0
C_pruning,6,216,2,18,A,9,True,True,0.03233,c08cfedf06bd811e911d0d909df5ffc9,0
C_pruning,6,216,2,18,A,10,True,True,0.031821,77ff9c6b86318b024823cc40412cc3f3,0
python_pruning,6,216,2,18,A,1,True,True,0.454767,3053f197dd25c90678faed7a97e2228a,0
python_exact,6,216,1,6,B,6,True,True,19.561126,e33ff2243da1e705714955e6b712ba70,10
python_pruning,6,216,2,18,A,2,True,True,0.113521,a562d9a98d1142c48836f92ae18affca,0
python_pruning,6,216,2,18,A,4,True,True,0.254137,5f4faf709bd160bb9b19d9753e53eda5,0
python_pruning,6,216,2,18,A,5,True,True,0.082706,38cb6b9cffb5362d78f2897a5ec0ef19,0
python_pruning,6,216,2,18,A,6,True,True,0.132183,42d1f3831540affac92e701fbf2f4de7,0
python_pruning,6,216,2,18,A,7,True,True,0.175495,8a94e9c8f1ebb001d9ad6bcd571887ba,0
python_pruning,6,216,2,18,A,3,True,True,0.689404,be61798e7d90cb0ee36fedcbb0dd144e,10
python_pruning,6,216,2,18,A,8,True,True,0.132,ce57faebd51a807db1ec010d794006f0,0
python_pruning,6,216,2,18,A,9,True,True,0.158694,8c331c53ba4bdf6ada45a175a3882e6f,10
C_exact,6,216,2,18,A,1,True,True,0.024988,1f7933999d0ce3623b1a5ca8f9941c28,10
C_exact,6,216,2,18,A,2,True,True,0.022558,03bae785e67d0c76a159c69a464651d1,10
C_exact,6,216,2,18,A,3,True,True,0.021295,df0089519ed8a643c377b9a8a48b78f3,10
C_exact,6,216,2,18,A,4,True,True,0.021656,11f7b354d34bd8b903db5510a3e09ee1,10
C_exact,6,216,2,18,A,5,True,True,0.020845,f33a9c0493b50947df22d93d6ac411ab,10
C_exact,6,216,2,18,A,6,True,True,0.02136,b766e5be7cffedfe191241d933df8d31,10
C_exact,6,216,2,18,A,7,True,True,0.020546,108a194427b75d24b8c4fadabd49a231,10
python_exact,6,216,1,6,B,9,True,True,12.975725,ed0abda01ffed80094fc2b9b0214d1a0,8
python_pruning,6,216,2,18,A,10,True,True,0.316008,3ce0854d9acb6cb0c52f70e740defcaf,0
C_exact,6,216,2,18,A,8,True,True,0.044719,14ca8fef867cc7f338619fadad1c3aca,10
C_exact,6,216,2,18,A,9,True,True,0.036309,71ec7392f96342746f0fe7db27ff7bce,8
C_exact,6,216,2,18,A,10,True,True,0.027829,1906ea4c686368f0b745c474fa9f5afe,0
python_exact,6,216,2,18,A,2,True,True,0.01637,81e26f5c5cd3baf4804a6bf40657e659,8
python_exact,6,216,2,18,A,1,True,True,0.020005,4a155a16fed9639e72dd4aa60eef901d,10
python_exact,6,216,2,18,A,3,True,True,0.011859,50dee6a95541d8e817fe392cb15a1535,0
python_exact,6,216,2,18,A,4,True,True,0.016333,15c8f8d2faa33f884d32e98cae9c73bb,8
python_exact,6,216,2,18,A,5,True,True,0.018876,2870ea11b69cbd8c1851b6053b177358,10
python_exact,6,216,2,18,A,6,True,True,0.014349,de8ced4397b40d805b8ce79a14cccb55,0
python_exact,6,216,2,18,A,7,True,True,0.011041,db79c99d4ab8d51d326f2b2bea6a7386,8
python_exact,6,216,2,18,A,9,True,True,0.010985,f64099d6c74c894356feb7d7eca2df54,0
python_exact,6,216,2,18,A,10,True,True,0.016602,917ec3b218e223f8637ecf20bb87359a,8
python_exact,6,216,2,18,A,8,True,True,0.041756,107b252fefc325375bedfa747bc5c262,10
C_pruning,6,216,2,18,T,3,True,True,0.052575,8b154d47751c5bfc7f63d361b1588205,10
C_pruning,6,216,2,18,T,2,True,True,0.113602,14311a4cbb88276989b8be56b876e31c,8
C_pruning,6,216,2,18,T,1,True,True,0.121864,5721635900073a36b3b3f8dd8283268f,0
C_pruning,6,216,2,18,T,4,True,True,0.070428,ac0c1745093fd9dd300ace5500347535,10
C_pruning,6,216,2,18,T,5,True,True,0.038969,ff92c2653fd2d2fe4e2d8e9cd6476067,8
C_pruning,6,216,2,18,T,6,True,True,0.049212,f9f08534a3ade00df72247246effd2a9,0
C_pruning,6,216,2,18,T,8,True,True,0.035352,2ec925c9c045e744e6574be76dbfcf4f,8
C_pruning,6,216,2,18,T,7,True,True,0.051586,6b55fa6eecc200143d091388e2698850,10
python_pruning,6,216,2,18,T,1,True,True,0.143533,84016b17d2a347358aa9056099832471,10
C_pruning,6,216,2,18,T,10,True,True,0.155738,114d0dda0d5e63faef14b9ffac9f42d3,8
C_pruning,6,216,2,18,T,9,True,True,0.259611,6c922b5697853dcb4ad095f669cb0fc7,0
python_pruning,6,216,2,18,T,3,True,True,0.122192,6e111ccd809c2af1a66d14c6c85a0128,8
python_pruning,6,216,2,18,T,5,True,True,0.122013,6d98d22217b0f792ef04585cdcb1910b,8
python_pruning,6,216,2,18,T,4,True,True,0.183183,296e1429edc9a01b53951debd8566e4d,0
python_pruning,6,216,2,18,T,2,True,True,0.381798,635db53a2b63610d0c8c9d976ced27dd,10
python_pruning,6,216,2,18,T,6,True,True,0.21037,7399e4e1b65f54b3ab82ea86a401a88e,8
python_pruning,6,216,2,18,T,8,True,True,0.093266,5a8af26978a86d02322d1aec072858ef,10
python_pruning,6,216,2,18,T,9,True,True,0.073745,eebaadac8a598a91ebc513d23f26e16c,8
python_pruning,6,216,2,18,T,10,True,True,0.080361,10b55b3e892b7653c3f0adcb9c536453,10
C_exact,6,216,2,18,T,1,True,True,0.028857,4e0981e1cd3f16f63ffd90db9d0be8f7,8
C_exact,6,216,2,18,T,2,True,True,0.025567,c94764f2fd9124f08082b731f1036940,10
C_exact,6,216,2,18,T,3,True,True,0.02039,2821a2ce2d2c4651cb0ca9e4e8246637,8
C_exact,6,216,2,18,T,4,True,True,0.020594,2e79f7b7b44996449d38eb3688c30465,10
C_exact,6,216,2,18,T,5,True,True,0.029902,51ab2b2e13c92fe7d753d43d73bd3c8e,8
C_exact,6,216,2,18,T,6,True,True,0.020949,a0cb1db358d0eb43c10a91c1ea25e267,10
C_exact,6,216,2,18,T,7,True,True,0.027292,e63ef6de3d1cad48f4f1bab8d1a5d54f,8
C_exact,6,216,2,18,T,8,True,True,0.020609,ec5c2bbb9d3c68a2f58426addf1c404f,10
python_pruning,6,216,2,18,T,7,True,True,0.444601,de4e795321765b625f355673d8c44c4b,0
C_exact,6,216,2,18,T,10,True,True,0.032891,20a131a434b19fd4b6c643abb2a0c641,10
C_exact,6,216,2,18,T,9,True,True,0.026593,118e799a8e2d7b982cb9ad8ae53787d6,8
python_exact,6,216,2,18,T,1,True,True,0.028566,0864df74de4cc91bd2754067617e4e34,0
python_exact,6,216,2,18,T,2,True,True,0.011644,0d2146ef90ac32bdecce02833fd17164,10
python_exact,6,216,2,18,T,5,True,True,0.010415,c2391778eafef6626ec535e93f44659a,10
python_exact,6,216,2,18,T,3,True,True,0.018489,5596ac98253a51934a76a229c217e2ac,8
python_exact,6,216,2,18,T,4,True,True,0.019024,5ce8aa8545936c4d2a521e1aed9bb398,0
python_exact,6,216,2,18,T,6,True,True,0.010762,72758cdfd07f658ead6f5cc2fec0c5e8,10
python_exact,6,216,2,18,T,7,True,True,0.012586,e793b66c4a0e657f5017b8be8a32a2b5,8
python_exact,6,216,2,18,T,8,True,True,0.01728,5e9e7e2731d49ca6e17329f517e34459,0
python_exact,6,216,2,18,T,10,True,True,0.011153,d50d043d0aebbec8a2f757dd3fd3747a,8
python_exact,6,216,2,18,T,9,True,True,0.01038,c44ab123a8dfb32b9448038da97cfa16,10
python_exact,6,216,1,6,B,10,True,True,15.823244,04ae50a601f66fc61e20c771bded7625,6
C_pruning,6,216,2,18,B,4,True,True,0.549977,514019446778cfdb4268348c30278689,6
C_pruning,6,216,2,18,B,3,True,True,11.579963,d4295709f6b3419514c058fdab0c02aa,10
C_pruning,6,216,2,18,B,5,True,True,0.999884,bac25f3b53196dbbce730f385752ee9f,6
C_pruning,6,216,2,18,B,7,True,True,1.056687,a36820fd4f4b8d258d7b831568aee45b,6
C_pruning,6,216,2,18,B,8,True,True,4.394013,27efc1276498685d795aaa9a0a4c90d1,6
C_pruning,6,216,2,18,B,1,True,True,18.59698,44a0ed46d7dc39178cb030fdc3bb204a,0
C_pruning,6,216,2,18,B,10,True,True,9.069858,b75e0e8ba2f584b705bc9e91089f93cd,0
C_pruning,6,216,2,18,B,2,True,True,39.391644,bfc099f017d98d7d8eee5993c3fcc6df,8
C_pruning,6,216,2,18,B,6,True,True,27.875372,c96b073a9344f24a471806747e747b39,10
python_pruning,6,216,2,18,B,3,True,True,10.955123,a812450486a2417b4463ce82a7902c98,10
python_pruning,6,216,2,18,B,2,True,True,23.14546,ebe4df0722c1cfaaae2eec6a0985db89,8
C_pruning,6,216,2,18,B,9,True,True,45.428525,b974c5c94cb1dfee101fb07477be0422,6
python_pruning,6,216,2,18,B,5,True,True,1.008482,9aa2bc173431309a46456473c77dc56b,8
python_pruning,6,216,2,18,B,7,True,True,10.693493,3d8253cd27ac5e489a4cbec51c2a5dfc,8
python_pruning,6,216,1,6,B,7,False,False,120.007983,,2
python_pruning,6,216,1,6,B,8,False,False,120.003216,,14
python_pruning,6,216,1,6,B,9,False,False,120.003684,,4
C_exact,6,216,2,18,B,1,True,True,0.023961,13046bc12f12cb0490adadcffc560494,4
C_exact,6,216,2,18,B,2,True,True,0.025357,2024e6f57b059123fc00fbcfc8dd3255,4
C_exact,6,216,2,18,B,3,True,True,0.020062,927814c97905541f7df2c9e806064831,4
C_exact,6,216,2,18,B,4,True,True,0.02063,5cce2e935bdfbdca265a6d4acf48582d,4
C_exact,6,216,2,18,B,5,True,True,0.021015,2864f12019f0c579b19c331226a2a277,4
C_exact,6,216,2,18,B,6,True,True,0.019548,dc4af34bf05f10674e7117af368031f1,4
C_exact,6,216,2,18,B,7,True,True,0.027501,7c8818ed2c357f5d95329dfb53c4251d,4
C_exact,6,216,2,18,B,8,True,True,0.026013,672363015016b08bd4dae6bfe3a3b526,4
C_exact,6,216,2,18,B,9,True,True,0.030386,65f961f1e069dce25765b21d8e76e78d,4
C_exact,6,216,2,18,B,10,True,True,0.027746,bd003e1ad2777f6e378971d02d1ac930,4
python_exact,6,216,2,18,B,1,True,True,0.011458,ddd09bf4771912703fc962411cf66fb2,4
python_exact,6,216,2,18,B,2,True,True,0.015003,367e2cff584df8cfa04759cd15810a8f,4
python_exact,6,216,2,18,B,3,True,True,0.010238,5e2dac071ae7ee4975fd39fe128838d8,4
python_exact,6,216,2,18,B,4,True,True,0.010329,0254c7684c2ae58fc8c95366afc99a4b,4
python_exact,6,216,2,18,B,5,True,True,0.018429,8207741e5192b38d7447028e65f03aa9,4
python_exact,6,216,2,18,B,6,True,True,0.014705,026ec4effff46ba8c82f0d1951ca8ddd,4
python_exact,6,216,2,18,B,7,True,True,0.023022,d79b621b63357edb0e30fa8a01310aa9,4
python_exact,6,216,2,18,B,8,True,True,0.021075,98a400bf9e7d24bfabf81d2e7b1ed36a,4
python_exact,6,216,2,18,B,9,True,True,0.017189,a29ce586a066ac779fa6f42b69b8700e,4
python_exact,6,216,2,18,B,10,True,True,0.016952,11d1099bd48195e4a924bd4d6bacdca3,4
python_pruning,6,216,1,6,B,10,False,False,120.003221,,12
python_pruning,6,216,2,18,B,4,True,True,28.899699,56113775d9aea28fdf39a3e56b488b6c,10
python_pruning,6,216,2,18,B,10,True,True,7.051013,e8f941f5f1852df55f41a18d882d259b,14
C_pruning,6,216,3,26,A,4,True,True,13.36566,69af0117d4ccc5dd542456182a88c70d,14
python_pruning,6,216,2,18,B,1,True,True,84.92781,ae640d4f3b7d009edb9d22b3ce078256,0
python_pruning,6,216,2,18,B,9,True,True,47.992528,f7d1a16aec800aae92f4177969c66328,2
C_pruning,6,216,3,26,A,3,True,True,44.264364,fbbac89e68ac24c1b06b04ff30066fc4,10
python_pruning,6,216,2,18,B,8,True,True,55.365403,619e7d1bfc25d75366b4ae7a1fecfa1b,8
python_pruning,6,216,2,18,B,6,False,False,120.01705,,6
C_pruning,6,216,3,26,A,1,False,False,120.030643,,4
C_pruning,6,216,3,26,A,2,False,False,120.030093,,12
C_pruning,6,216,3,26,A,5,False,False,120.031525,,14
C_pruning,6,216,3,26,A,6,False,False,120.048313,,0
C_pruning,6,216,3,26,A,7,False,False,120.034084,,2
C_pruning,6,216,3,26,A,8,False,False,120.036307,,10
C_pruning,6,216,3,26,A,9,False,False,120.019606,,8
python_pruning,6,216,3,26,A,1,True,True,68.456478,6df730fc6c4fd50640ebb1e940c06cae,4
C_pruning,6,216,3,26,A,10,True,True,84.742089,d96c36afbe9649ded085c16e9dca6664,6
python_pruning,6,216,3,26,A,5,True,True,44.259305,cd93a6115146bb56e180d7067f615e36,2
python_pruning,6,216,3,26,A,7,True,True,43.430083,f17d68d30e0312f1b77389f0c98d25ff,8
C_exact,6,216,3,26,A,1,True,True,0.028703,a5fd64b40c2d94fa14174d7c42d87896,8
C_exact,6,216,3,26,A,2,True,True,0.020381,73be6568d5a184dccc3d83cf22b39617,8
C_exact,6,216,3,26,A,3,True,True,0.019911,435c940f4502731d41961a52fd8959f0,8
C_exact,6,216,3,26,A,4,True,True,0.023241,5704fc6ea017246c145dfe6df5f711c1,8
C_exact,6,216,3,26,A,5,True,True,0.02041,26e0cfd0f267990820701f6eef7260af,8
C_exact,6,216,3,26,A,6,True,True,0.029109,45e134a90935ebf3639d0530101fb000,8
C_exact,6,216,3,26,A,7,True,True,0.020962,4ad8f7511432d22b0c6640720cd33baa,8
C_exact,6,216,3,26,A,8,True,True,0.022947,3c445855288242f9a211b141e0934978,8
C_exact,6,216,3,26,A,9,True,True,0.022504,797cb019aee8200b0a438a53439ceb4b,8
C_exact,6,216,3,26,A,10,True,True,0.038297,0b161351057fdd494d54a82c57b3716c,8
python_exact,6,216,3,26,A,1,True,True,0.011837,565896198cf276c45bf57de76d1b89c7,8
python_exact,6,216,3,26,A,2,True,True,0.013863,2067b559896980b64072e49139f5eb40,8
python_exact,6,216,3,26,A,3,True,True,0.01617,46a95e53da35852061661cda195339d9,8
python_exact,6,216,3,26,A,4,True,True,0.011761,29a326dfd31b976c0e3df5b73bf93b9e,8
python_exact,6,216,3,26,A,5,True,True,0.015694,91a019e19f24bc1896534bb31658c12e,8
python_exact,6,216,3,26,A,6,True,True,0.014355,d5c16bad003615bbdb08eb683fbce5f2,8
python_exact,6,216,3,26,A,7,True,True,0.012833,a8e4d576732fd58b557188cf60bbc3ce,8
python_exact,6,216,3,26,A,8,True,True,0.012235,d1c913c00d9a23043d753dc84f06ad2b,8
python_exact,6,216,3,26,A,9,True,True,0.012319,813d715b4bb8ed595e841e861bbe7a5b,8
python_exact,6,216,3,26,A,10,True,True,0.012245,72df10fcd24ebbc0015e6612f293831f,8
python_pruning,6,216,3,26,A,2,False,False,120.027597,,12
python_pruning,6,216,3,26,A,9,True,True,60.66508,30a9dca876ec198c4431104f443ece6d,6
python_pruning,6,216,3,26,A,3,False,False,120.023682,,14
python_pruning,6,216,3,26,A,4,False,False,120.046415,,0
python_pruning,6,216,3,26,A,6,False,False,120.030621,,10
python_pruning,6,216,3,26,A,8,False,False,120.016856,,4
python_pruning,6,216,3,26,A,10,False,False,120.031731,,2
C_pruning,6,216,3,26,T,1,False,False,120.055957,,8
C_pruning,6,216,3,26,T,2,False,False,120.020918,,12
C_pruning,6,216,3,26,T,3,False,False,120.029076,,6
C_pruning,6,216,3,26,T,4,False,False,120.039625,,14
C_pruning,6,216,3,26,T,5,False,False,120.17924,,0
C_pruning,6,216,3,26,T,6,False,False,120.032372,,10
C_pruning,6,216,3,26,T,7,False,False,120.028102,,4
C_pruning,6,216,3,26,T,8,False,False,120.024489,,2
C_pruning,6,216,3,26,T,9,False,False,120.037654,,8
C_pruning,6,216,3,26,T,10,False,False,120.0264,,12
python_pruning,6,216,3,26,T,1,False,False,120.035993,,6
python_pruning,6,216,3,26,T,2,False,False,120.014491,,14
python_pruning,6,216,3,26,T,3,False,False,120.024866,,0
C_exact,6,216,3,26,T,1,True,True,0.035843,cb2ea801f9ac701930929faccfa7e28c,0
C_exact,6,216,3,26,T,2,True,True,0.025474,7080f6dbe12bf70563725ce1df8ef147,0
C_exact,6,216,3,26,T,3,True,True,0.018664,a3c98bbed0b4e5e2ee143ea358a5912a,0
C_exact,6,216,3,26,T,4,True,True,0.020041,b84e2549a2ead19cf47eaa32dd63e522,0
C_exact,6,216,3,26,T,5,True,True,0.019046,f76c4cce1d0d864d55c2a996dc235f75,0
C_exact,6,216,3,26,T,6,True,True,0.019775,fb270d53483db35b73b4bdd71fd6e03d,0
C_exact,6,216,3,26,T,7,True,True,0.019611,b4b2c4b8cb9fe04f4f1499b0f7924865,0
C_exact,6,216,3,26,T,8,True,True,0.029249,e6f54d31a6a77e68e84f209088a99562,0
C_exact,6,216,3,26,T,9,True,True,0.028017,72441986cc79380b23249f1941064db1,0
C_exact,6,216,3,26,T,10,True,True,0.027333,50e28d911d765f756e3a5393ff45b340,0
python_exact,6,216,3,26,T,1,True,True,0.012443,e3bbbf0027b539748e24cd3d99dc1e16,0
python_exact,6,216,3,26,T,2,True,True,0.013767,06345da3dfa590471ee08be7f7796129,0
python_exact,6,216,3,26,T,3,True,True,0.022657,9f5c940dd427a4fd748c1b8531dc7bf7,0
python_exact,6,216,3,26,T,4,True,True,0.013354,b3c27b10b0117c7fcf43a068de0cf6df,0
python_exact,6,216,3,26,T,5,True,True,0.024856,fd2a666d3bd178a3c1c35d4a6244e498,0
python_exact,6,216,3,26,T,6,True,True,0.018636,afbcec15ce03de76e06353d1b309c9c3,0
python_exact,6,216,3,26,T,7,True,True,0.024453,4c106ed081b3f72a253777edbee16764,0
python_exact,6,216,3,26,T,8,True,True,0.020702,a4d3dd04b5c4c4054665ed1b8a602a46,0
python_exact,6,216,3,26,T,9,True,True,0.031575,380e0e000c19343df0a0ef5f89918a35,0
python_exact,6,216,3,26,T,10,True,True,0.021378,42dc5eabe9caa49dcfd7348c7b71f224,0
python_pruning,6,216,3,26,T,4,True,True,119.846769,45e1e8ea590460ddbbc3d2270d016759,10
python_pruning,6,216,3,26,T,5,False,False,120.009306,,4
python_pruning,6,216,3,26,T,6,False,False,120.013126,,2
python_pruning,6,216,3,26,T,7,False,False,120.030971,,8
python_pruning,6,216,3,26,T,8,False,False,120.010165,,12
python_pruning,6,216,3,26,T,9,False,False,120.020388,,6
python_pruning,6,216,3,26,T,10,False,False,120.037601,,14
C_pruning,6,216,3,26,B,1,False,False,120.038196,,0
C_pruning,6,216,3,26,B,2,False,False,120.01804,,10
C_pruning,6,216,3,26,B,3,False,False,120.020332,,4
C_pruning,6,216,3,26,B,4,False,False,120.04609,,2
C_pruning,6,216,3,26,B,5,False,False,120.043229,,8
C_pruning,6,216,3,26,B,6,False,False,120.022924,,12
C_pruning,6,216,3,26,B,7,False,False,120.067816,,6
C_pruning,6,216,3,26,B,8,False,False,120.046708,,14
C_pruning,6,216,3,26,B,9,False,False,120.045666,,0
C_pruning,6,216,3,26,B,10,False,False,120.035631,,10
python_pruning,6,216,3,26,B,1,False,False,120.022161,,4
python_pruning,6,216,3,26,B,2,False,False,120.014749,,2
python_pruning,6,216,3,26,B,3,False,False,120.018753,,8
C_exact,6,216,3,26,B,1,True,True,0.027679,439b64da8e39d0bdaf34c5eeacd6cf97,8
C_exact,6,216,3,26,B,2,True,True,0.020379,b36fa05c44fd1f7018d6f9b4185e0f0a,8
C_exact,6,216,3,26,B,3,True,True,0.024838,e4650f749ab8c2873eedb90b6019f2db,8
C_exact,6,216,3,26,B,4,True,True,0.020966,997fbfb894d6a8ee33da16e76dbb0a48,8
C_exact,6,216,3,26,B,5,True,True,0.020005,f3092e17f2531b61e53e10c0aa1fcdc7,8
C_exact,6,216,3,26,B,6,True,True,0.020758,81170b126a5b683de9ba023e73dfb6c3,8
C_exact,6,216,3,26,B,7,True,True,0.020208,d76fbf377e5cc521acb25c277d73377c,8
C_exact,6,216,3,26,B,8,True,True,0.028634,e00843c32fbe4c83409a97e033c69750,8
C_exact,6,216,3,26,B,9,True,True,0.026469,d45c9322697a2d2800c8078d7ffdf453,8
C_exact,6,216,3,26,B,10,True,True,0.03076,be5ea60cdbe0ba2ae4fb5abe069f7bc6,8
python_exact,6,216,3,26,B,1,True,True,0.019168,f9878c8c5d3c0796b292dda3ee279d78,8
python_exact,6,216,3,26,B,2,True,True,0.017388,e1f029c15df3e7a6131d78b4d11fc20e,8
python_exact,6,216,3,26,B,3,True,True,0.016602,051ce74fa4292badef7ce667482f0ada,8
python_exact,6,216,3,26,B,4,True,True,0.011839,c1aade1341c68002211dde0afbd94aab,8
python_exact,6,216,3,26,B,5,True,True,0.014811,bf78172fae9fa51491a3a290a47651a1,8
python_exact,6,216,3,26,B,6,True,True,0.012302,69adb5424ddc10c7b209d23aa73db4cf,8
python_exact,6,216,3,26,B,7,True,True,0.014997,6f5496e5ff8763cf0210bae69e8f7003,8
python_exact,6,216,3,26,B,8,True,True,0.024091,9319e7af4565d2d4a3919db676352de6,8
python_exact,6,216,3,26,B,9,True,True,0.012087,e1008b7a235d9269f03b7bb4a79eef6b,8
python_exact,6,216,3,26,B,10,True,True,0.018759,6718c59fe81e88721219720de6ee8b10,8
python_pruning,6,216,3,26,B,4,False,False,120.011666,,12
python_pruning,6,216,3,26,B,5,False,False,120.020252,,6
python_pruning,6,216,3,26,B,6,False,False,120.01977,,14
python_pruning,6,216,3,26,B,7,False,False,120.01657,,0
python_pruning,6,216,3,26,B,8,False,False,120.013036,,10
python_pruning,6,216,3,26,B,9,False,False,120.014348,,4
python_pruning,6,216,3,26,B,10,False,False,120.011559,,2
python_pruning,6,216,3,26,T,14,False,False,120.008024,,14
python_pruning,6,216,3,26,T,13,False,False,120.013246,,6
python_pruning,6,216,3,26,T,16,False,False,120.017086,,10
python_pruning,6,216,3,26,T,17,False,False,120.01793,,4
python_pruning,6,216,3,26,T,11,False,False,120.019663,,8
python_pruning,6,216,3,26,T,12,False,False,120.030451,,12
python_pruning,6,216,3,26,T,18,False,False,120.034327,,2
python_pruning,6,216,3,26,T,15,False,False,120.06754,,0
python_pruning,6,216,3,26,T,19,False,False,120.01514,,14
python_pruning,6,216,3,26,T,20,False,False,120.011282,,6
python_pruning,6,216,3,26,T,24,False,False,120.009762,,12
python_pruning,6,216,3,26,T,23,False,False,120.021041,,8
python_pruning,6,216,3,26,T,25,False,False,120.015383,,2
python_pruning,6,216,3,26,T,22,False,False,120.046589,,4
python_pruning,6,216,3,26,T,26,False,False,120.014536,,0
python_pruning,6,216,3,26,T,21,False,False,120.065946,,10
python_pruning,6,216,3,26,T,27,False,False,120.013728,,14
python_pruning,6,216,3,26,T,29,False,False,120.02233,,12
python_pruning,6,216,3,26,T,28,False,False,120.046128,,6
python_pruning,6,216,3,26,T,31,False,False,120.02477,,2
python_pruning,6,216,3,26,T,30,False,False,120.046478,,8
python_pruning,6,216,3,26,T,34,False,False,120.023743,,10
python_pruning,6,216,3,26,T,32,False,False,120.066271,,4
python_pruning,6,216,3,26,T,33,False,False,120.055759,,0
python_pruning,6,216,3,26,T,35,False,False,120.035921,,14
python_pruning,6,216,3,26,T,36,False,False,120.015476,,12
python_pruning,6,216,3,26,T,38,False,False,120.019004,,2
python_pruning,6,216,3,26,T,37,False,False,120.023336,,6
python_pruning,6,216,3,26,T,39,False,False,120.028968,,8
python_pruning,6,216,3,26,T,40,False,False,120.035172,,10
python_pruning,6,216,3,26,T,41,False,False,120.019421,,4
python_pruning,6,216,3,26,T,42,False,False,120.033203,,0
python_pruning,6,216,3,26,T,50,True,True,22.566645,2a027732a8ba947685914d97550aa2b1,0
python_pruning,6,216,3,26,T,44,False,False,120.013175,,12
python_pruning,6,216,3,26,T,43,False,False,120.018751,,14
python_pruning,6,216,3,26,T,46,False,False,120.018247,,6
python_pruning,6,216,3,26,T,45,False,False,120.039046,,2
python_pruning,6,216,3,26,T,47,False,False,120.01742,,8
python_pruning,6,216,3,26,T,48,False,False,120.015974,,10
python_pruning,6,216,3,26,T,49,False,False,120.018979,,4
python_pruning,6,216,3,26,T,51,False,False,120.014961,,0
python_pruning,6,216,3,26,T,52,False,False,120.015849,,12
python_pruning,6,216,3,26,T,53,False,False,120.025629,,14
python_pruning,6,216,3,26,T,54,False,False,120.030907,,6
python_pruning,6,216,3,26,T,55,False,False,120.012069,,2
python_pruning,6,216,3,26,T,56,False,False,120.01492,,8
python_pruning,6,216,3,26,T,57,False,False,120.018829,,10
python_pruning,6,216,3,26,T,58,False,False,120.04534,,4
python_pruning,6,216,3,26,T,59,False,False,120.059325,,0
python_pruning,6,216,3,26,T,60,False,False,120.026217,,12
python_pruning,6,216,3,26,T,63,False,False,120.009909,,2
python_pruning,6,216,3,26,T,62,False,False,120.016163,,6
python_pruning,6,216,3,26,T,64,False,False,120.032475,,8
python_pruning,6,216,3,26,T,61,False,False,120.06419,,14
python_pruning,6,216,3,26,T,65,False,False,120.023436,,10
python_pruning,6,216,3,26,T,66,False,False,120.013267,,4
python_pruning,6,216,3,26,T,67,False,False,120.012996,,0
python_pruning,6,216,3,26,T,68,False,False,120.024635,,12
python_pruning,6,216,3,26,T,69,False,False,120.031502,,2
python_pruning,6,216,3,26,T,70,False,False,120.031762,,6
python_pruning,6,216,3,26,T,72,False,False,120.012352,,14
python_pruning,6,216,3,26,T,73,False,False,120.016354,,10
python_pruning,6,216,3,26,T,71,False,False,120.041553,,8
python_pruning,6,216,3,26,T,74,False,False,120.017089,,4
python_pruning,6,216,3,26,T,75,False,False,120.047846,,0
python_pruning,6,216,3,26,T,76,False,False,120.03689,,12
python_pruning,6,216,3,26,T,78,False,False,120.01497,,6
python_pruning,6,216,3,26,T,79,False,False,120.013256,,14
python_pruning,6,216,3,26,T,77,False,False,120.023038,,2
python_pruning,6,216,3,26,T,81,False,False,120.032284,,8
python_pruning,6,216,3,26,T,82,False,False,120.020717,,4
python_pruning,6,216,3,26,T,80,False,False,120.069629,,10
python_pruning,6,216,3,26,T,89,True,True,21.901445,913efb5a30e57abf343b159623033d71,4
python_pruning,6,216,3,26,T,83,False,False,120.020455,,0
python_pruning,6,216,3,26,T,86,False,False,120.014957,,14
python_pruning,6,216,3,26,T,85,False,False,120.022809,,6
python_pruning,6,216,3,26,T,87,False,False,120.023204,,2
python_pruning,6,216,3,26,T,84,False,False,120.038891,,12
python_pruning,6,216,3,26,T,88,False,False,120.010502,,8
python_pruning,6,216,3,26,T,90,False,False,120.052873,,10
python_pruning,6,216,3,26,T,91,False,False,120.019997,,4
python_pruning,6,216,3,26,T,92,False,False,120.014297,,0
python_pruning,6,216,3,26,T,93,False,False,120.021302,,14
python_pruning,6,216,3,26,T,96,False,False,120.031363,,12
python_pruning,6,216,3,26,T,94,False,False,120.036947,,6
python_pruning,6,216,3,26,T,97,False,False,120.012259,,8
python_pruning,6,216,3,26,T,95,False,False,120.073834,,2
python_pruning,6,216,3,26,T,98,False,False,120.02207,,10
python_pruning,6,216,3,26,T,99,False,False,120.017212,,4
python_pruning,6,216,3,26,T,100,False,False,120.022684,,0
C_pruning,12,1728,1,6,T,12,False,False,120.055016,,12
C_pruning,12,1728,1,6,T,11,False,False,120.087514,,14
C_pruning,12,1728,1,6,T,14,False,False,120.061749,,8
C_pruning,12,1728,1,6,T,15,False,False,120.040066,,2
C_pruning,12,1728,1,6,T,13,False,False,120.082032,,6
C_pruning,12,1728,1,6,T,16,False,False,120.07242,,10
C_pruning,12,1728,1,6,T,17,False,False,120.043147,,4
C_pruning,12,1728,1,6,T,18,False,False,120.037664,,0
C_pruning,12,1728,1,6,T,19,False,False,120.046363,,12
C_pruning,12,1728,1,6,T,22,False,False,120.022398,,2
C_pruning,12,1728,1,6,T,23,False,False,120.029845,,6
C_pruning,12,1728,1,6,T,20,False,False,120.050043,,14
C_pruning,12,1728,1,6,T,21,False,False,120.042788,,8
C_pruning,12,1728,1,6,T,24,False,False,120.048049,,10
C_pruning,12,1728,1,6,T,25,False,False,120.029464,,4
C_pruning,12,1728,1,6,T,26,False,False,120.012254,,0
C_pruning,12,1728,1,6,T,28,False,False,120.039994,,2
C_pruning,12,1728,1,6,T,29,False,False,120.042285,,6
C_pruning,12,1728,1,6,T,27,False,False,120.045385,,12
C_pruning,12,1728,1,6,T,30,False,False,120.037067,,14
C_pruning,12,1728,1,6,T,31,False,False,120.02813,,8
C_pruning,12,1728,1,6,T,32,False,False,120.024242,,10
C_pruning,12,1728,1,6,T,33,False,False,120.024995,,4
C_pruning,12,1728,1,6,T,34,False,False,120.020906,,0
C_pruning,12,1728,1,6,T,35,False,False,120.025028,,2
C_pruning,12,1728,1,6,T,36,False,False,120.030347,,6
C_pruning,12,1728,1,6,T,38,False,False,120.034105,,14
C_pruning,12,1728,1,6,T,37,False,False,120.042182,,12
C_pruning,12,1728,1,6,T,39,False,False,120.051286,,8
C_pruning,12,1728,1,6,T,40,False,False,120.029665,,10
C_pruning,12,1728,1,6,T,46,True,True,13.166681,884c5093cb0c06aa9f598af4f2720564,12
C_pruning,12,1728,1,6,T,45,True,True,13.355309,630928e372342af0ac3d98f9dc559b3b,14
C_pruning,12,1728,1,6,T,41,False,False,120.034684,,4
C_pruning,12,1728,1,6,T,42,False,False,120.049493,,0
C_pruning,12,1728,1,6,T,43,False,False,120.011691,,2
C_pruning,12,1728,1,6,T,44,False,False,120.016333,,6
C_pruning,12,1728,1,6,T,47,False,False,120.026304,,8
C_pruning,12,1728,1,6,T,48,False,False,120.061695,,10
C_pruning,12,1728,1,6,T,49,False,False,120.046279,,12
C_pruning,12,1728,1,6,T,50,False,False,120.0378,,14
C_pruning,12,1728,1,6,T,51,False,False,120.011774,,4
C_pruning,12,1728,1,6,T,52,False,False,120.019743,,0
C_pruning,12,1728,1,6,T,54,True,True,84.185627,432808d4a18eb6224cd191728915103c,6
C_pruning,12,1728,1,6,T,59,True,True,96.12152,94c7d014d54148fb0b3ca2ccef3495bb,4
C_pruning,12,1728,1,6,T,53,False,False,120.037189,,2
C_pruning,12,1728,1,6,T,55,False,False,120.035387,,8
C_pruning,12,1728,1,6,T,56,False,False,120.02915,,10
C_pruning,12,1728,1,6,T,57,False,False,120.026664,,12
C_pruning,12,1728,1,6,T,58,False,False,120.014077,,14
C_pruning,12,1728,1,6,T,60,False,False,120.031895,,0
C_pruning,12,1728,1,6,T,61,False,False,120.034494,,6
C_pruning,12,1728,1,6,T,62,False,False,120.046886,,4
C_pruning,12,1728,1,6,T,63,False,False,120.02288,,2
C_pruning,12,1728,1,6,T,64,False,False,120.027272,,8
C_pruning,12,1728,1,6,T,65,False,False,120.012557,,10
C_pruning,12,1728,1,6,T,66,False,False,120.031651,,12
C_pruning,12,1728,1,6,T,67,False,False,120.020879,,14
C_pruning,12,1728,1,6,T,68,False,False,120.028059,,0
C_pruning,12,1728,1,6,T,69,False,False,120.026528,,6
C_pruning,12,1728,1,6,T,70,False,False,120.029155,,4
C_pruning,12,1728,1,6,T,71,False,False,120.036311,,2
C_pruning,12,1728,1,6,T,72,False,False,120.055327,,8
C_pruning,12,1728,1,6,T,73,False,False,120.026571,,10
C_pruning,12,1728,1,6,T,74,False,False,120.05149,,12
C_pruning,12,1728,1,6,T,75,False,False,120.020051,,14
C_pruning,12,1728,1,6,T,76,False,False,120.036481,,0
C_pruning,12,1728,1,6,T,77,False,False,120.027356,,6
C_pruning,12,1728,1,6,T,78,False,False,120.025084,,4
C_pruning,12,1728,1,6,T,79,False,False,120.021203,,2
C_pruning,12,1728,1,6,T,80,False,False,120.026473,,8
C_pruning,12,1728,1,6,T,81,False,False,120.023946,,10
C_pruning,12,1728,1,6,T,82,False,False,120.030385,,12
C_pruning,12,1728,1,6,T,83,False,False,120.031075,,14
C_pruning,12,1728,1,6,T,84,False,False,120.010776,,0
C_pruning,12,1728,1,6,T,85,False,False,120.022604,,6
C_pruning,12,1728,1,6,T,86,False,False,120.036232,,4
C_pruning,12,1728,1,6,T,87,True,True,119.120131,fa9e02dff1dce34c33a4db98e05053f7,2
C_pruning,12,1728,1,6,T,88,False,False,120.027692,,8
C_pruning,12,1728,1,6,T,89,False,False,120.024418,,10
C_pruning,12,1728,1,6,T,90,False,False,120.041093,,12
C_pruning,12,1728,1,6,T,91,False,False,120.046083,,14
C_pruning,12,1728,1,6,T,92,False,False,120.04119,,0
C_pruning,12,1728,1,6,T,93,False,False,120.020126,,6
C_pruning,12,1728,1,6,T,94,False,False,120.018771,,4
C_pruning,12,1728,1,6,T,95,False,False,120.030222,,2
C_pruning,12,1728,1,6,T,96,False,False,120.036946,,8
C_pruning,12,1728,1,6,T,97,False,False,120.015627,,10
C_pruning,12,1728,1,6,T,98,False,False,120.031383,,12
C_pruning,12,1728,1,6,T,99,False,False,120.055456,,14
C_pruning,12,1728,1,6,T,100,False,False,120.031579,,0
C_pruning,6,216,3,26,A,11,False,False,120.027598,,6
C_pruning,6,216,3,26,A,14,True,True,85.254468,34247101b40591ef912937de64dfcd6e,8
C_pruning,6,216,3,26,A,12,False,False,120.030684,,4
C_pruning,6,216,3,26,A,13,False,False,120.026437,,2
C_pruning,6,216,3,26,A,15,False,False,120.048427,,10
C_pruning,6,216,3,26,A,16,False,False,120.021499,,12
C_pruning,6,216,3,26,A,17,False,False,120.039928,,14
C_pruning,6,216,3,26,A,18,False,False,120.024141,,0
C_pruning,6,216,3,26,A,23,True,True,37.08483,3828a086642c4c273bd255b54cf86a54,10
C_pruning,6,216,3,26,A,19,False,False,120.015616,,6
C_pruning,6,216,3,26,A,20,False,False,120.031867,,8
C_pruning,6,216,3,26,A,21,False,False,120.036287,,4
C_pruning,6,216,3,26,A,22,False,False,120.031841,,2
C_pruning,6,216,3,26,A,24,False,False,120.034057,,12
C_pruning,6,216,3,26,A,25,False,False,120.036596,,14
C_pruning,6,216,3,26,A,26,False,False,120.016502,,0
C_pruning,6,216,3,26,A,27,False,False,120.021663,,10
C_pruning,6,216,3,26,A,28,False,False,120.014483,,6
C_pruning,6,216,3,26,A,29,False,False,120.02804,,8
C_pruning,6,216,3,26,A,33,True,True,93.646247,286b0cf0b7bd45182cb8abeeec58f6f8,14
C_pruning,6,216,3,26,A,30,False,False,120.02217,,4
C_pruning,6,216,3,26,A,31,False,False,120.042593,,2
C_pruning,6,216,3,26,A,32,False,False,120.044566,,12
C_pruning,6,216,3,26,A,34,False,False,120.030506,,0
C_pruning,6,216,3,26,A,35,False,False,120.015345,,10
C_pruning,6,216,3,26,A,41,True,True,59.495102,bad096abcca340ff7fb4974dab2ecd18,12
C_pruning,6,216,3,26,A,36,False,False,120.030964,,6
C_pruning,6,216,3,26,A,37,False,False,120.028163,,8
C_pruning,6,216,3,26,A,38,False,False,120.018685,,14
C_pruning,6,216,3,26,A,39,False,False,120.025387,,4
C_pruning,6,216,3,26,A,40,False,False,120.011452,,2
C_pruning,6,216,3,26,A,43,True,True,83.951877,3e193fcfef91d1ed9fefe036cf3365de,10
C_pruning,6,216,3,26,A,46,True,True,54.44467,033ad65d2291c9d116ac64efadc584fc,8
C_pruning,6,216,3,26,A,42,False,False,120.019285,,0
C_pruning,6,216,3,26,A,47,True,True,85.78167,6fe3d788b659b72fb1627a01daa0aeb4,14
C_pruning,6,216,3,26,A,44,False,False,120.050074,,12
C_pruning,6,216,3,26,A,45,False,False,120.022976,,6
C_pruning,6,216,3,26,A,48,False,False,120.013863,,4
C_pruning,6,216,3,26,A,49,False,False,120.044212,,2
C_pruning,6,216,3,26,A,50,False,False,120.023539,,10
C_pruning,6,216,3,26,A,51,False,False,120.023928,,8
C_pruning,6,216,3,26,A,52,False,False,120.024072,,0
C_pruning,6,216,3,26,A,58,True,True,30.311071,bffa4ec059d7a58f2ee2994483e719b2,10
C_pruning,6,216,3,26,A,55,True,True,79.143437,5e1f969e08e3e22e0254adc798276724,6
C_pruning,6,216,3,26,A,53,False,False,120.044421,,14
C_pruning,6,216,3,26,A,54,False,False,120.031871,,12
C_pruning,6,216,3,26,A,56,False,False,120.031901,,4
C_pruning,6,216,3,26,A,57,False,False,120.032441,,2
C_pruning,6,216,3,26,A,62,True,True,83.08803,f4723061b62d29cf30942d5536ada92a,6
C_pruning,6,216,3,26,A,59,False,False,120.031032,,8
C_pruning,6,216,3,26,A,60,False,False,120.034876,,0
C_pruning,6,216,3,26,A,61,False,False,120.038237,,10
C_pruning,6,216,3,26,A,63,False,False,120.030326,,14
C_pruning,6,216,3,26,A,64,False,False,120.026835,,12
C_pruning,6,216,3,26,A,71,True,True,25.360223,8f8b8038fc739461d9a340f8bc7a4d81,14
C_pruning,6,216,3,26,A,65,False,False,120.047591,,4
C_pruning,6,216,3,26,A,66,False,False,120.017739,,2
C_pruning,6,216,3,26,A,67,False,False,120.020072,,6
C_pruning,6,216,3,26,A,68,False,False,120.031558,,8
C_pruning,6,216,3,26,A,69,False,False,120.019624,,0
C_pruning,6,216,3,26,A,70,False,False,120.024589,,10
C_pruning,6,216,3,26,A,78,True,True,49.503849,cf7cda3bdd7ca00e2fb9234fa06c7216,0
C_pruning,6,216,3,26,A,72,False,False,120.023805,,12
C_pruning,6,216,3,26,A,80,True,True,21.316233,cae42d1e8ba5dab0a9a09f4ee185fd72,0
C_pruning,6,216,3,26,A,73,False,False,120.026492,,14
C_pruning,6,216,3,26,A,74,False,False,120.038906,,4
C_pruning,6,216,3,26,A,75,False,False,120.022004,,2
C_pruning,6,216,3,26,A,76,False,False,120.031135,,6
C_pruning,6,216,3,26,A,77,False,False,120.048086,,8
C_pruning,6,216,3,26,A,79,False,False,120.027688,,10
C_pruning,6,216,3,26,A,81,False,False,120.036253,,12
C_pruning,6,216,3,26,A,86,True,True,76.085877,a52ff7565d1a56b73862ab8f97420eb7,6
C_pruning,6,216,3,26,A,82,False,False,120.028299,,0
C_pruning,6,216,3,26,A,83,False,False,120.029326,,14
C_pruning,6,216,3,26,A,91,True,True,21.421837,9e1b339cd65677203cac4d66050d1a4c,0
C_pruning,6,216,3,26,A,84,False,False,120.024943,,4
C_pruning,6,216,3,26,A,85,False,False,120.017845,,2
C_pruning,6,216,3,26,A,87,False,False,120.024246,,8
C_pruning,6,216,3,26,A,88,False,False,120.035468,,10
C_pruning,6,216,3,26,A,89,False,False,120.053068,,12
C_pruning,6,216,3,26,A,90,False,False,120.048016,,6
C_pruning,6,216,3,26,A,92,False,False,120.022448,,14
C_pruning,6,216,3,26,A,93,False,False,120.022013,,0
C_pruning,6,216,3,26,A,94,False,False,120.027895,,4
C_pruning,6,216,3,26,A,95,False,False,120.026343,,2
C_pruning,6,216,3,26,A,96,False,False,120.045966,,8
C_pruning,6,216,3,26,A,97,False,False,120.035641,,10
C_pruning,6,216,3,26,A,98,False,False,120.035315,,12
C_pruning,6,216,3,26,A,99,False,False,120.023578,,6
C_pruning,6,216,3,26,A,100,False,False,120.045205,,14
python_pruning,6,216,3,26,A,11,False,False,120.032172,,0
python_pruning,6,216,3,26,A,12,False,False,120.022534,,4
python_pruning,6,216,3,26,A,13,False,False,120.031519,,2
python_pruning,6,216,3,26,A,14,False,False,120.013292,,8
python_pruning,6,216,3,26,A,15,False,False,120.0441,,10
python_pruning,6,216,3,26,A,17,True,True,76.639145,49fbb4d27f70266f41fa544af9b8d14d,6
python_pruning,6,216,3,26,A,16,False,False,120.022559,,12
python_pruning,6,216,3,26,A,18,False,False,120.017888,,14
python_pruning,6,216,3,26,A,19,False,False,120.023492,,0
python_pruning,6,216,3,26,A,20,False,False,120.016964,,4
python_pruning,6,216,3,26,A,21,False,False,120.027281,,2
python_pruning,6,216,3,26,A,25,True,True,46.636791,cbb54c2ffc9134aad746064939ee451c,12
python_pruning,6,216,3,26,A,22,False,False,120.054207,,8
python_pruning,6,216,3,26,A,23,False,False,120.046652,,10
python_pruning,6,216,3,26,A,24,False,False,120.020865,,6
python_pruning,6,216,3,26,A,26,False,False,120.035439,,14
python_pruning,6,216,3,26,A,27,False,False,120.019641,,0
python_pruning,6,216,3,26,A,28,False,False,120.035285,,4
python_pruning,6,216,3,26,A,29,False,False,120.047076,,2
python_pruning,6,216,3,26,A,30,False,False,120.0425,,12
python_pruning,6,216,3,26,A,38,True,True,11.247237,c732c7c2fd4d76c94ff0d6f30f83889c,12
python_pruning,6,216,3,26,A,31,False,False,120.024172,,8
python_pruning,6,216,3,26,A,32,False,False,120.034515,,10
python_pruning,6,216,3,26,A,33,False,False,120.023322,,6
python_pruning,6,216,3,26,A,36,True,True,93.65056,3397b9db1d846710b184e3e5158e655d,4
python_pruning,6,216,3,26,A,34,False,False,120.01518,,14
python_pruning,6,216,3,26,A,35,False,False,120.04377,,0
python_pruning,6,216,3,26,A,37,False,False,120.031492,,2
python_pruning,6,216,3,26,A,39,False,False,120.014747,,12
python_pruning,6,216,3,26,A,40,False,False,120.043796,,8
python_pruning,6,216,3,26,A,41,False,False,120.019347,,10
python_pruning,6,216,3,26,A,42,False,False,120.02068,,6
python_pruning,6,216,3,26,A,43,True,True,67.51145,2f976bbe37832dcfb97d686e8e99c770,4
python_pruning,6,216,3,26,A,44,False,False,120.021506,,14
python_pruning,6,216,3,26,A,45,False,False,120.041441,,0
python_pruning,6,216,3,26,A,46,False,False,120.018364,,2
python_pruning,6,216,3,26,A,47,False,False,120.029921,,12
python_pruning,6,216,3,26,A,48,False,False,120.017973,,8
python_pruning,6,216,3,26,A,49,False,False,120.020787,,10
python_pruning,6,216,3,26,A,50,False,False,120.029807,,6
python_pruning,6,216,3,26,A,51,False,False,120.021728,,4
python_pruning,6,216,3,26,A,57,True,True,18.290069,b402520e4700e5e072821e8240799e17,10
python_pruning,6,216,3,26,A,52,False,False,120.040631,,14
python_pruning,6,216,3,26,A,53,False,False,120.034453,,0
python_pruning,6,216,3,26,A,54,False,False,120.035341,,2
python_pruning,6,216,3,26,A,55,False,False,120.028222,,12
python_pruning,6,216,3,26,A,56,False,False,120.036,,8
python_pruning,6,216,3,26,A,59,False,False,120.018775,,4
python_pruning,6,216,3,26,A,58,False,False,120.040187,,6
python_pruning,6,216,3,26,A,60,False,False,120.044903,,10
python_pruning,6,216,3,26,A,68,True,True,24.376146,e3e00fe85a578ec887427c42ebe07945,10
python_pruning,6,216,3,26,A,61,False,False,120.018839,,14
python_pruning,6,216,3,26,A,62,False,False,120.036078,,0
python_pruning,6,216,3,26,A,63,False,False,120.035645,,2
python_pruning,6,216,3,26,A,64,False,False,120.030138,,12
python_pruning,6,216,3,26,A,65,False,False,120.03239,,8
python_pruning,6,216,3,26,A,66,False,False,120.032616,,4
python_pruning,6,216,3,26,A,67,False,False,120.079475,,6
python_pruning,6,216,3,26,A,69,False,False,120.023511,,10
python_pruning,6,216,3,26,A,70,False,False,120.023181,,14
python_pruning,6,216,3,26,A,71,False,False,120.010066,,0
python_pruning,6,216,3,26,A,72,False,False,120.061393,,2
python_pruning,6,216,3,26,A,73,False,False,120.038687,,12
python_pruning,6,216,3,26,A,74,False,False,120.038938,,8
python_pruning,6,216,3,26,A,75,False,False,120.041976,,4
python_pruning,6,216,3,26,A,76,False,False,120.015191,,6
python_pruning,6,216,3,26,A,77,False,False,120.023192,,10
python_pruning,6,216,3,26,A,83,True,True,53.10727,2c268e5a38b3916f5d1cb08c67873e7b,4
python_pruning,6,216,3,26,A,78,False,False,120.024644,,14
python_pruning,6,216,3,26,A,79,False,False,120.040631,,0
python_pruning,6,216,3,26,A,88,True,True,0.669978,74bbf12276bdd8bda0742b21a4a0d9de,0
python_pruning,6,216,3,26,A,80,False,False,120.033921,,2
python_pruning,6,216,3,26,A,81,False,False,120.028994,,12
python_pruning,6,216,3,26,A,82,False,False,120.027431,,8
python_pruning,6,216,3,26,A,84,False,False,120.013498,,6
python_pruning,6,216,3,26,A,85,False,False,120.025021,,10
python_pruning,6,216,3,26,A,92,True,True,70.503475,4e42d96585515ccfc2a86e1e34166bea,8
python_pruning,6,216,3,26,A,86,False,False,120.072267,,4
python_pruning,6,216,3,26,A,91,True,True,83.962,0bd57654d66074c38e57c28f37830921,12
python_pruning,6,216,3,26,A,87,False,False,120.045516,,14
python_pruning,6,216,3,26,A,89,False,False,120.027816,,0
python_pruning,6,216,3,26,A,90,False,False,120.024968,,2
python_pruning,6,216,3,26,A,93,False,False,120.049426,,6
python_pruning,6,216,3,26,A,94,False,False,120.030837,,10
python_pruning,6,216,3,26,A,95,True,True,104.122053,471038828ef546ffb05cc283bf64e045,8
python_pruning,6,216,2,18,B,13,True,True,5.649594,c46cd75dd724f0d22b017906f9b14e17,8
python_pruning,6,216,2,18,B,11,True,True,43.656749,91817b21f6abf56967f5fd14163b01be,6
python_pruning,6,216,3,26,A,96,False,False,120.024412,,4
python_pruning,6,216,2,18,B,16,True,True,3.015663,56aed2f35174d0bec46028d64ec4e8b8,4
python_pruning,6,216,3,26,A,97,False,False,120.02661,,12
python_pruning,6,216,3,26,A,98,False,False,120.033133,,14
python_pruning,6,216,2,18,B,15,True,True,16.14947,c5ae755943739e617b69356ba66aba17,6
python_pruning,6,216,2,18,B,14,True,True,27.86418,3a7839e96c7141d33e225f1cb7014ea7,8
python_pruning,6,216,2,18,B,19,True,True,10.612044,002899925303736ca3da1230628bf9db,14
python_pruning,6,216,2,18,B,20,True,True,11.269022,a32e6038f1a868b8fc4b75a6b697b853,6
python_pruning,6,216,3,26,A,99,False,False,120.02753,,0
python_pruning,6,216,2,18,B,23,True,True,8.677145,e83fb5f3401d869b4a4c6e7b9f6c39bb,6
python_pruning,6,216,3,26,A,100,False,False,120.022288,,2
python_pruning,6,216,2,18,B,18,True,True,24.470193,4e14bdbc37d7b7bc56e2ed33d9240713,12
python_pruning,6,216,2,18,B,17,True,True,28.218622,b63704cd6b39536df62ff540388d7682,4
python_pruning,6,216,2,18,B,27,True,True,3.168786,9e7f9c9de495e3a017a08bbe2b7e57e9,12
python_pruning,6,216,2,18,B,12,True,True,50.983727,cc232fd4b0fbafd0b50091cea3c4afd0,10
python_pruning,6,216,2,18,B,24,True,True,12.495113,5f54c274480a1e798c87f8dfae9cb9f3,0
python_pruning,6,216,2,18,B,30,True,True,4.86338,51847a1f57d876f7260cee06dbe7e96b,10
python_pruning,6,216,2,18,B,22,True,True,23.850202,fa3463014564ca35cb24f15c0a9c339b,14
python_pruning,6,216,2,18,B,31,True,True,5.986695,543d21f0e562ce1b430f8d69e4e60edc,0
python_pruning,6,216,2,18,B,21,True,True,26.656326,d5d4ade5386d5e7aa23577b5bf633f6a,8
python_pruning,6,216,2,18,B,35,True,True,0.177227,cb32fa8e1beee81bd2bbb17cd7898f73,8
python_pruning,6,216,2,18,B,25,True,True,17.351274,b6175debd7a820d099c8c5bcce3d7d88,6
python_pruning,6,216,2,18,B,32,True,True,8.277019,5a7ccf07e4d014dd3209cddbd6abb6a0,10
python_pruning,6,216,2,18,B,38,True,True,9.270732,e0af97fcb02d156afae742df1692fcf4,10
python_pruning,6,216,2,18,B,39,True,True,2.576749,f2e0558d3d022fdc0d0b1e9f21d99ee6,10
python_pruning,6,216,2,18,B,28,True,True,31.547301,78f8a650db2d0bde53fc241ae92470fd,4
python_pruning,6,216,2,18,B,40,True,True,5.051877,d12d861f1135efa9106917a8156172f1,10
python_pruning,6,216,2,18,B,33,True,True,30.00319,fdc1573b66c4231b842db583732daa30,14
python_pruning,6,216,2,18,B,34,True,True,30.038422,5f581d8fd6ade6ef91fa73e1fb3544ce,0
python_pruning,6,216,2,18,B,37,True,True,30.698242,f574e30593549ea5b7c3529960f37ac9,6
python_pruning,6,216,2,18,B,42,True,True,19.87782,5b43d32aab682dc2ec3b1f65de59a050,10
python_pruning,6,216,2,18,B,29,True,True,57.770901,dfa2beae6239290ed09a8763e032052f,12
python_pruning,6,216,2,18,B,36,True,True,49.022031,1a05425f08bc1ac71d3f933828876fa3,8
python_pruning,6,216,2,18,B,46,True,True,10.02963,b325139dd3ecc62a13505f7511f485d5,10
python_pruning,6,216,2,18,B,47,True,True,8.225382,8f7929fafbdb099b32d434b7b104292a,12
python_pruning,6,216,2,18,B,41,True,True,37.627059,673d4389bba0a3f375cceb0bd6897659,4
python_pruning,6,216,2,18,B,45,True,True,28.847909,7cf022767d2fe41f4305799d488d3059,6
python_pruning,6,216,2,18,B,26,True,True,78.984106,eabb83a50436f67df03712c56b79edc4,2
python_pruning,6,216,2,18,B,49,True,True,13.581954,510c9ac6f6b7c403c081cf24963f5cce,10
python_pruning,6,216,2,18,B,44,True,True,39.370599,e8e68aaa274ba9d3dd268832b54efa43,0
python_pruning,6,216,2,18,B,53,True,True,5.561476,391d52191bcdd656eb6db7da2487d449,2
python_pruning,6,216,2,18,B,56,True,True,5.3332,be64cff80dd0a6c9b9f29a0ef810a645,2
python_pruning,6,216,2,18,B,51,True,True,28.589558,f94925cb57e98bdf046d6b8d0c75ab88,4
python_pruning,6,216,2,18,B,52,True,True,27.441196,5d8ea1728c1d8acbcdf3e23072a174ab,6
python_pruning,6,216,2,18,B,43,True,True,75.857969,a845a967be81451482838946d0ffc04a,14
python_pruning,6,216,2,18,B,57,True,True,31.806066,b3b282c91c940b8b072ffb617e4dba3e,2
python_pruning,6,216,2,18,B,60,True,True,5.91888,81e32bac3008afc39f5fab2c3476485d,14
python_pruning,6,216,2,18,B,62,True,True,1.397602,7c683cd0d3be6bf39792a14810a87185,14
python_pruning,6,216,2,18,B,63,True,True,0.122,bad84087cea8ea5b294bb3bdebcc5e94,14
python_pruning,6,216,2,18,B,50,True,True,57.175679,1da72e70c29fc490f552ff341a2a453d,12
python_pruning,6,216,2,18,B,64,True,True,1.83426,184871c54a31822ce29b9397528e5bb8,14
python_pruning,6,216,2,18,B,58,True,True,26.626196,661414c52b80b385d0496e8c7014584e,4
python_pruning,6,216,2,18,B,54,True,True,52.244388,83b87d6a69ac8673a79a058ca1b10b91,10
python_pruning,6,216,2,18,B,65,True,True,6.612649,ad6f7dcd6339b4d1fb81bbb8913b74e6,12
python_pruning,6,216,2,18,B,48,True,True,74.420065,f612b3e543bb081f779d258ac68496b7,8
python_pruning,6,216,2,18,B,69,True,True,13.73061,568bec6f8f906bce3e93fbc6be9e31a4,12
python_pruning,6,216,2,18,B,70,True,True,11.667758,844cc61cd4b1aea2b5f216df4b721c51,8
python_pruning,6,216,2,18,B,66,True,True,25.30852,6461e7db2e5946f668530bfe96313c87,14
python_pruning,6,216,2,18,B,72,True,True,5.935252,092356900d47a800a8aeb769abac5df8,8
python_pruning,6,216,2,18,B,59,True,True,53.710537,010ab7523bebf16c0c6199f1659c973f,6
python_pruning,6,216,2,18,B,68,True,True,28.140512,57a7c61cac571bf432b2e9f9f5df4f21,10
python_pruning,6,216,2,18,B,75,True,True,4.163837,f70263d065541ccbed5ab4baa2fc2d07,6
python_pruning,6,216,2,18,B,77,True,True,0.986556,413b7388d814d24354c18805ac824386,6
python_pruning,6,216,2,18,B,76,True,True,3.464688,5552421353ebe66d0bb436f024257524,10
python_pruning,6,216,2,18,B,73,True,True,10.793924,8f896fecde7c8859f42304026e3dd102,14
python_pruning,6,216,2,18,B,67,True,True,38.833039,7e3c8c7a5117f0317c6b00e2f27aea09,4
python_pruning,6,216,2,18,B,61,True,True,47.073454,471289e85c8fe0ea0f8ef42414cf3a26,2
python_pruning,6,216,2,18,B,79,True,True,10.245328,69f3d22706d699512fd9c1ace87b5dcc,10
python_pruning,6,216,2,18,B,74,True,True,18.872862,00e365983b7d0124715dae389c2a2640,8
python_pruning,6,216,2,18,B,71,True,True,34.758877,010488415f4f0f5b3cb002903b31bfbb,12
python_pruning,6,216,2,18,B,78,True,True,20.592293,e956f561fde24b95389eb51b84596037,6
python_pruning,6,216,2,18,B,85,True,True,11.214329,45eefb12107a1025b756be63ed1f5739,12
python_pruning,6,216,2,18,B,83,True,True,27.3656,dbea1427c478d7899df9795801e34a77,10
python_pruning,6,216,2,18,B,88,True,True,0.408924,021b38f1924cb3e72123e77485e878a4,10
python_pruning,6,216,2,18,B,86,True,True,17.885472,fcad14c70c10da4334e1edfdbc7d06a4,6
python_pruning,6,216,2,18,B,55,False,False,120.065261,,0
python_pruning,6,216,2,18,B,84,True,True,32.691513,5e165a10859d93e5ac7b09465d6a97cb,8
python_pruning,6,216,2,18,B,81,True,True,52.281381,940f4649128cae5c34f7b563097ded14,4
python_pruning,6,216,2,18,B,91,True,True,22.943106,11703aef31d2cb5295b582da154c0329,0
python_pruning,6,216,2,18,B,94,True,True,0.108917,476f2e1d40d3ad993d337cf936a2c212,0
python_pruning,6,216,2,18,B,82,True,True,63.019676,547e58247922d2858bc932c473564db8,2
python_pruning,6,216,2,18,B,93,True,True,13.425195,a8a3c15e0b6e58d32c6052dcd3e357af,4
python_pruning,6,216,2,18,B,95,True,True,12.16293,f0ad318328eb9973703aed621155b29c,0
python_pruning,6,216,2,18,B,90,True,True,43.290974,bb8ef270b64e827958ace63766eb78ba,6
python_pruning,6,216,2,18,B,89,True,True,50.741928,5d844de86ee15093bef259cce5ada790,10
python_pruning,6,216,2,18,B,99,True,True,8.558264,83dad4cc755945fd80cf12e05453f79f,6
C_pruning,6,216,1,6,A,11,True,True,0.098775,47d680f9a10342f286594f06e0b533f2,6
C_pruning,6,216,1,6,A,12,True,True,0.035713,96b6d7d1ab67b91b1b1dd05dcb3c3462,6
C_pruning,6,216,1,6,A,13,True,True,0.033127,e2daf88d8bed5618c1e2c857df821236,6
C_pruning,6,216,1,6,A,14,True,True,0.048844,3c0c0ffe7838074136c3fd236724a5e6,6
C_pruning,6,216,1,6,A,15,True,True,0.023728,8903aa42aabc2255bc6cf004a1d424d6,6
C_pruning,6,216,1,6,A,16,True,True,0.027299,1472f31d965bfd572277378c3ba8ae1f,6
C_pruning,6,216,1,6,A,17,True,True,0.024118,1276f290257f36d660a50d67f621d326,6
C_pruning,6,216,1,6,A,18,True,True,0.027422,6d9558e4becb4a8fb4609f9a95fc3279,6
C_pruning,6,216,1,6,A,19,True,True,0.028788,6c7fd1b9a7d807ebd038bef15b8d660a,6
C_pruning,6,216,1,6,A,20,True,True,0.029183,06afb2d2fc20f9e6a86fba56afb7e515,6
C_pruning,6,216,1,6,A,21,True,True,0.03242,df3b1d290c456bc82c3478dfac9cdf6f,6
C_pruning,6,216,1,6,A,22,True,True,0.023317,3c4afcb12c2ef19c89567ed91f8a9dc9,6
C_pruning,6,216,1,6,A,23,True,True,0.027,3a9bfa57fd59329e1b268bdceefc4841,6
C_pruning,6,216,1,6,A,24,True,True,0.02921,4033417900178fd5f1c18eb011e1662c,6
C_pruning,6,216,1,6,A,25,True,True,0.023518,ab5a03145f5245ab1390c78aec65a626,6
C_pruning,6,216,1,6,A,26,True,True,0.040755,84959123274b0d7bdee5d456eebd5887,6
C_pruning,6,216,1,6,A,27,True,True,0.023543,37f5e142f4213e78b469febd0e857d8a,6
C_pruning,6,216,1,6,A,28,True,True,0.023272,7b08e6476337ecb08276a7e85e36b59e,6
C_pruning,6,216,1,6,A,29,True,True,0.0318,395b24eb363ea6eb32e32478c8bed72a,6
C_pruning,6,216,1,6,A,30,True,True,0.021761,76f908e8aa36fa890bb6b6aa675c2679,6
C_pruning,6,216,1,6,A,31,True,True,0.021317,2a8f371a0e99ba38c4e06afaa709e8e5,6
python_pruning,6,216,2,18,B,100,True,True,2.149895,3d1bd05ac41d1826bf1df3c71b2340a6,10
C_pruning,6,216,1,6,A,32,True,True,0.022634,dd2d90ced78620ba87c5c97a86ac7551,6
C_pruning,6,216,1,6,A,34,True,True,0.035185,251ae7264a2f65123090778b09ee73d2,6
C_pruning,6,216,1,6,A,35,True,True,0.02172,7d729fe466f4e33a4cad162d5080b230,6
C_pruning,6,216,1,6,A,36,True,True,0.042871,e8fdbee987241c8f3213cf20f33ce4ce,6
C_pruning,6,216,1,6,A,37,True,True,0.036947,ad63b811083dc63b4a49040c0f9a5ea4,6
C_pruning,6,216,1,6,A,38,True,True,0.0202,eff19dbc87d7ced04f8aceeb865b8937,6
C_pruning,6,216,1,6,A,39,True,True,0.020283,33e246131f7239170e1e1ea7c2d98fdd,6
C_pruning,6,216,1,6,A,40,True,True,0.030275,c56780c96b954f65e1e89d0585c0d928,6
C_pruning,6,216,1,6,A,33,True,True,0.202543,5379954ac4a46e69d759f895fc431e55,10
C_pruning,6,216,1,6,A,41,True,True,0.030972,41af5da86851900403b2e6035351abb9,6
C_pruning,6,216,1,6,A,42,True,True,0.030306,733c1f8662c54de5ef5ae2a8be4e06d5,10
C_pruning,6,216,1,6,A,43,True,True,0.036521,e78170001268e3cc11c1249fb3e27673,6
C_pruning,6,216,1,6,A,44,True,True,0.026758,77839c81498add38dc841ea86e881b8b,10
C_pruning,6,216,1,6,A,45,True,True,0.025224,b9945d6947ebdb074973ce330f7cbc0c,6
C_pruning,6,216,1,6,A,46,True,True,0.036822,720a50d858d64e8499dd6d9e3d0362b2,10
C_pruning,6,216,1,6,A,47,True,True,0.035728,96b72181eced03e5279df2998bfde4d9,6
C_pruning,6,216,1,6,A,49,True,True,0.020811,2515e141f37ae0770ba9715b1f472bb7,6
C_pruning,6,216,1,6,A,50,True,True,0.025371,34dcf689c93b89a9c56faa0c106c99b6,6
C_pruning,6,216,1,6,A,51,True,True,0.021162,830fc45ca25538d2b8ab4c2a7aac5cde,6
C_pruning,6,216,1,6,A,48,True,True,0.096852,4c4ca06e90188e2d3edb9fdb8301ff04,10
C_pruning,6,216,1,6,A,52,True,True,0.023297,f57951c9066458ef60f3547031752e3e,6
C_pruning,6,216,1,6,A,53,True,True,0.021871,90f6cf60b35363630cc9dae024e260c9,10
C_pruning,6,216,1,6,A,55,True,True,0.019472,a990d85b4ed2b339da617db2a174f17f,10
C_pruning,6,216,1,6,A,54,True,True,0.033097,a94a60704526d05e2c907c11c02b5105,6
C_pruning,6,216,1,6,A,57,True,True,0.023175,23acf410435534d9626756971d1df2b6,6
C_pruning,6,216,1,6,A,56,True,True,0.044876,5a7fe7e0f4a4111dbbe6d5668093f3d6,10
C_pruning,6,216,1,6,A,58,True,True,0.029324,ce44b72c94c31dd4c4a4de2e1d0da4b2,6
C_pruning,6,216,1,6,A,59,True,True,0.028592,e97733cad10b32377ded2f7e49bb9fbc,10
C_pruning,6,216,1,6,A,60,True,True,0.026048,bfad7fea6da4a5218574c5db55b8f18b,6
C_pruning,6,216,1,6,A,61,True,True,0.026043,7cac0110b23747eab7f5616e0f1c17ee,10
C_pruning,6,216,1,6,A,62,True,True,0.022635,8571300aa9e69fa7a3a6f531b555149f,6
C_pruning,6,216,1,6,A,63,True,True,0.031178,f8d2abff938a702157e6cea71f9cb82a,10
C_pruning,6,216,1,6,A,64,True,True,0.03514,d2ac55c30769647039f72f4024ddb609,6
C_pruning,6,216,1,6,A,66,True,True,0.021649,ad72d14803cc06c7f3353fba92509ff4,6
C_pruning,6,216,1,6,A,65,True,True,0.047973,667cbf3fcfea7755d23ae2f60d33ae2c,10
C_pruning,6,216,1,6,A,67,True,True,0.031848,c8ad226e37913cff91f89bdb56724e90,6
C_pruning,6,216,1,6,A,68,True,True,0.03957,f98fcb21a5b4f08cc77ee3fe5bd8d48f,10
C_pruning,6,216,1,6,A,69,True,True,0.021486,c1e7cc54608d4e19c23cb48c901f0f4a,6
C_pruning,6,216,1,6,A,70,True,True,0.037962,8be32631b69d0582d3eebb3de9b78bb9,10
C_pruning,6,216,1,6,A,71,True,True,0.032351,88a3f8a20e6a47308ab92fce4042817e,6
C_pruning,6,216,1,6,A,73,True,True,0.02181,e22092f2b210cd22563ecba678c7a3d2,6
C_pruning,6,216,1,6,A,72,True,True,0.043923,3fb12986ada5fe937ceb9e76fa3a9008,10
C_pruning,6,216,1,6,A,75,True,True,0.027024,29f3125ffa5ee1408dcd9457aa644f87,10
C_pruning,6,216,1,6,A,74,True,True,0.032802,840f9435031e4d7b9d0108dd190a406a,6
C_pruning,6,216,1,6,A,76,True,True,0.030654,f6b109663262dc4db5d4bde2abe5770e,10
C_pruning,6,216,1,6,A,77,True,True,0.033671,6faa445a96afa2bc37ea90ce837ae214,6
C_pruning,6,216,1,6,A,78,True,True,0.022241,25a6c3ba7c4245510f27c49f456aff52,10
C_pruning,6,216,1,6,A,79,True,True,0.031803,79a4a52f509629007f9e96eda2e290b3,6
C_pruning,6,216,1,6,A,80,True,True,0.054495,8f989f76fbdebcf0c8f8887b3e5ce158,10
C_pruning,6,216,1,6,A,81,True,True,0.039235,172af1219f14c94de9754cdb67180de8,6
C_pruning,6,216,1,6,A,83,True,True,0.035134,b7fde2fd82f0367193bd4721980bffa0,6
C_pruning,6,216,1,6,A,82,True,True,0.059165,bc9c29688f2ad26e562ad7213d653ce3,10
C_pruning,6,216,1,6,A,84,True,True,0.032907,b99ccecb3f667da61f9071f16314a1ec,6
C_pruning,6,216,1,6,A,85,True,True,0.024448,3e350a75329acdd2b3a82ec268e3e7c5,10
C_pruning,6,216,1,6,A,87,True,True,0.028721,b4af2c0cf8b8be6c6a6cce5ed44248d8,10
C_pruning,6,216,1,6,A,86,True,True,0.034403,4e80c58b208005eb62e907df1e4d4a79,6
C_pruning,6,216,1,6,A,88,True,True,0.03201,410d57e9da028b0167c0388089675e64,10
C_pruning,6,216,1,6,A,89,True,True,0.032266,f3424de858580f01bcb28b36cd35181f,6
C_pruning,6,216,1,6,A,91,True,True,0.051334,74a524d57cec818e0714f2959cd5710a,6
C_pruning,6,216,1,6,A,90,True,True,0.072815,927f10edad03945dd4056c80d952de53,10
C_pruning,6,216,1,6,A,93,True,True,0.039169,fb9152c2754007e132090481ac042e4e,10
C_pruning,6,216,1,6,A,92,True,True,0.0625,6b6fd3f572a3eeec6ab1616e3d555abf,6
C_pruning,6,216,1,6,A,95,True,True,0.040196,bf3e5d9bde6f403d08685ed5d381ff6b,6
C_pruning,6,216,1,6,A,94,True,True,0.044099,745d9b95a62bd32fb62fa6aec6208041,10
C_pruning,6,216,1,6,A,97,True,True,0.038017,aba340ffa97adab816b3da33af0e3d29,10
C_pruning,6,216,1,6,A,96,True,True,0.047908,713476e8050a020e4a0e8fa620b3949c,6
C_pruning,6,216,1,6,A,98,True,True,0.040463,80a7eb0362640dc0236a0d183fc2e692,10
C_pruning,6,216,1,6,A,99,True,True,0.047739,37a7366bb3f53a58f474ba456cc668cd,6
C_pruning,6,216,1,6,A,100,True,True,0.040604,71923a77d9ba33aa587daac0535b05bf,10
python_pruning,6,216,1,6,A,12,True,True,0.170906,7c9de22a825638d77dbe802cc296055f,10
python_pruning,6,216,1,6,A,11,True,True,0.282814,a88fff9522bb2515ce9a7d51cf8ccd48,6
python_pruning,6,216,1,6,A,14,True,True,0.067709,efe18fd890084e6001f86cf2a8123db6,6
python_pruning,6,216,2,18,B,87,True,True,61.880426,506a3b6cc0cc9150dbc65be148c7dcae,12
python_pruning,6,216,1,6,A,13,True,True,0.156992,8a15a7ded69c8d717263a8dfdd9b4fd0,10
python_pruning,6,216,1,6,A,16,True,True,0.183586,22ad9b8d107f3aa928edeb3566169e51,12
python_pruning,6,216,1,6,A,15,True,True,0.288048,8dae4052f00c317f0a7595ed92add595,6
python_pruning,6,216,1,6,A,19,True,True,0.064329,4ae283453e4e292f212f6cbf4a08e9ef,6
python_pruning,6,216,1,6,A,17,True,True,0.331313,fbd3672801f77e1064e2d7326c01346d,10
python_pruning,6,216,1,6,A,20,True,True,0.069932,056825b1f7c25eb27e2a0f4a585234b2,6
python_pruning,6,216,1,6,A,22,True,True,0.060319,b5bf8af062164bad10cba6d370d5d91b,6
python_pruning,6,216,1,6,A,21,True,True,0.166213,741b0226beed1b70f51b1752dea759f2,10
python_pruning,6,216,1,6,A,23,True,True,0.044705,203d6ec45e0b60ca62521a286aade31d,6
python_pruning,6,216,1,6,A,24,True,True,0.13922,31514e73f0e4917fba376934e3f12563,10
python_pruning,6,216,1,6,A,26,True,True,0.061042,d5d2a71738ae077df7aa473ca1cb5cae,10
python_pruning,6,216,1,6,A,27,True,True,0.061648,ca64adb6756358278f944fadbff2a14e,10
python_pruning,6,216,1,6,A,25,True,True,0.265288,1a18c97197b1611de85cc7e5704c2217,6
python_pruning,6,216,1,6,A,29,True,True,0.181272,4b15939319831e0e07fcf4e356524b26,6
python_pruning,6,216,1,6,A,18,True,True,0.788489,86a0440ca63e51a71f7256f4eae34455,12
python_pruning,6,216,1,6,A,28,True,True,0.343785,d7ad7087a8e33ff5e01dfaa59654f35a,10
python_pruning,6,216,1,6,A,32,True,True,0.061484,f8288b19159ac54ef1cfa7478bea3f08,10
python_pruning,6,216,1,6,A,33,True,True,0.05769,59e2b6c67e491f2a883aa203757d88b7,10
python_pruning,6,216,1,6,A,31,True,True,0.330958,21546fcec1de826c4d592b90888366c1,12
python_pruning,6,216,1,6,A,34,True,True,0.065007,a58c34989fad367fd2e599f6ab599794,10
python_pruning,6,216,1,6,A,36,True,True,0.063448,1f541fc24d3bc585ff794acab37c99e9,10
python_pruning,6,216,1,6,A,37,True,True,0.117505,9d85a1375aa7d7924c3195cc6af050dd,10
python_pruning,6,216,1,6,A,35,True,True,0.47603,ab6cee8acc1faf867a8d806cfc4e08ea,12
python_pruning,6,216,1,6,A,39,True,True,0.134506,16f0d31d397ce6b0d62c9b62490345c5,12
python_pruning,6,216,1,6,A,38,True,True,0.453645,27899518dd9346cbccd61113b6626f72,10
python_pruning,6,216,1,6,A,40,True,True,0.125602,68566ed4503b720ef9a0883fe18b6a46,12
python_pruning,6,216,1,6,A,42,True,True,0.073644,bd2cc6abd2a91ce6c348933f55b9fddd,12
python_pruning,6,216,1,6,A,41,True,True,0.305576,3bef555b05cb3b2233137d74476bfecc,10
python_pruning,6,216,1,6,A,43,True,True,0.212687,6078c46c49c069b15856f6ad1146bcff,12
python_pruning,6,216,1,6,A,45,True,True,0.191312,4715b302273a21c2af2093f08f696954,12
python_pruning,6,216,1,6,A,30,True,True,1.799013,c0986be2a0af1599c6454ccf96a06b81,6
python_pruning,6,216,1,6,A,46,True,True,0.268657,a8294facc2f929485ad9d2b03bb69b19,12
python_pruning,6,216,1,6,A,47,True,True,0.115684,105614147bef9c5eceba8549aec3c79e,6
python_pruning,6,216,1,6,A,48,True,True,0.068546,d15227170efaacc382624b9a55ee67df,12
python_pruning,6,216,1,6,A,50,True,True,0.064312,d79d93b49c74924e38ef72aac2d82c3c,12
python_pruning,6,216,1,6,A,49,True,True,0.089898,1d4550caea937cfcaf00ea83f5be25bb,6
python_pruning,6,216,1,6,A,51,True,True,0.127797,462294c20596a354b30a364f500f31ed,12
python_pruning,6,216,1,6,A,52,True,True,0.183734,663079d8c7f4bf3cacbc3497c5abc1f5,6
python_pruning,6,216,1,6,A,54,True,True,0.132129,2b1711b989b66ebb93f37ca529f4d209,6
python_pruning,6,216,1,6,A,44,True,True,1.114196,594a681781c462d1140ca1686a95dc89,10
python_pruning,6,216,1,6,A,56,True,True,0.17449,93677dd468980d4c118f5e4595257c60,10
python_pruning,6,216,1,6,A,55,True,True,0.475707,567c8fef8c49595faf0d5c99c2327fa7,6
python_pruning,6,216,1,6,A,57,True,True,0.194352,c9aaba06d835110286cd4c2310ff91d3,10
python_pruning,6,216,1,6,A,58,True,True,0.176893,f87d9119b92d34af293ce675879e0387,6
python_pruning,6,216,1,6,A,59,True,True,0.18163,48759e58e01427174a2027a9b5e5bd9c,10
python_pruning,6,216,1,6,A,60,True,True,0.070148,563e3d4ffa1add0d4cf96e0fc90248ed,6
python_pruning,6,216,1,6,A,61,True,True,0.063198,e5fe69f3ecbb8cef1582a4a026042a1e,10
python_pruning,6,216,1,6,A,62,True,True,0.106921,62ff576f9337dd510ea13c030e3c5178,6
python_pruning,6,216,1,6,A,53,True,True,1.091494,21511457d72ef4eb2fe9aa4ad57f8c67,12
python_pruning,6,216,1,6,A,65,True,True,0.064701,ce52615095e3700e02865ee43390215d,12
python_pruning,6,216,1,6,A,63,True,True,0.242846,6dec63da2335f4375a8bbd3770606739,10
python_pruning,6,216,1,6,A,66,True,True,0.061259,7f5a3d1175d497950c798247cade9c31,12
python_pruning,6,216,1,6,A,67,True,True,0.07301,8c892ad8a3d713fd5c2ab10d4aa90eed,10
python_pruning,6,216,1,6,A,68,True,True,0.072908,114ca686cd4810c0c926b30ee54cbe72,12
python_pruning,6,216,1,6,A,69,True,True,0.064777,91fdad80373ffe72ecbf111d183a97ea,10
python_pruning,6,216,1,6,A,64,True,True,0.435538,3f2e3a70fe60714b7fb6330229000c15,6
python_pruning,6,216,1,6,A,71,True,True,0.156247,7bdd8b4ca26a46b4120bbf19b1a08d41,10
python_pruning,6,216,1,6,A,73,True,True,0.184043,dfd4ca0d551f16529a9fc244036c6ac2,10
python_pruning,6,216,1,6,A,72,True,True,0.215833,e5056f97eca8f527e0a9bb999c92b0e5,6
python_pruning,6,216,1,6,A,74,True,True,0.069983,62db30c61099542de9c99d9c3d1756a2,10
python_pruning,6,216,1,6,A,75,True,True,0.076585,198176deac2d353c09f012ca27e684ae,6
python_pruning,6,216,1,6,A,77,True,True,0.083486,b07f6f16fdb2ffe4248b8b376c6bd22c,6
python_pruning,6,216,1,6,A,76,True,True,0.22393,de18d0c44d4f0b4a15fbbf933c5e0e42,10
python_pruning,6,216,1,6,A,79,True,True,0.23055,cf881512190d133683653e5306dc7d1a,10
python_pruning,6,216,1,6,A,78,True,True,0.374298,e79ddcd269ceb0eb7bc67d870b73c2e4,6
python_pruning,6,216,1,6,A,80,True,True,0.055106,8ae7e7b1f659eeeaf88883f237fdf5ae,10
python_pruning,6,216,1,6,A,82,True,True,0.124209,2043c8257a7b2f786356d1518ca77d53,10
python_pruning,6,216,1,6,A,70,True,True,1.099593,27d69dc6ec7742766004fdde49826ad0,12
python_pruning,6,216,1,6,A,83,True,True,0.135882,d89fd63a3611d9a3b20801539fe62f67,10
python_pruning,6,216,1,6,A,84,True,True,0.128969,ea573f4391893734efcca5bc9193b81f,12
python_pruning,6,216,1,6,A,85,True,True,0.065002,59ca25caee126b27404381a511f442bf,10
python_pruning,6,216,1,6,A,81,True,True,0.67272,178973671722b4f2db50f3ab352d0100,6
python_pruning,6,216,1,6,A,87,True,True,0.617482,5e3ea2e6fe70148ee1fef0b6ad8f26fa,10
python_pruning,6,216,1,6,A,88,True,True,0.309332,03dc1ec514939b52fa1e17e1f0ba2c03,6
python_pruning,6,216,1,6,A,89,True,True,0.093846,81b09facb6e96c8490b8d994f77d307a,10
python_pruning,6,216,1,6,A,86,True,True,0.984258,ddba2a8ffe964ec35d3e77e276f00e5e,12
python_pruning,6,216,1,6,A,91,True,True,0.270646,ec4158a4a6b006cb5a507ca1ea102b65,10
python_pruning,6,216,1,6,A,92,True,True,0.361669,45895ac5219a418a7150070bea6cbee9,12
python_pruning,6,216,1,6,A,93,True,True,0.507089,20515cf7e51c7556585417f899dafdaa,10
python_pruning,6,216,1,6,A,94,True,True,0.352172,87f0593c6c01ac25b11e93f5fc563cf4,12
python_pruning,6,216,1,6,A,90,True,True,1.060937,df2fec091137572c9d7a074b3378b293,6
python_pruning,6,216,1,6,A,96,True,True,0.404583,06919d30ed334d085fb22567cf2a5139,12
python_pruning,6,216,1,6,A,95,True,True,0.802258,1776e37ec3a209f7e08eab90138e5801,10
python_pruning,6,216,1,6,A,98,True,True,0.258599,cd1173b9d5e04d4579e6e5e981e36449,12
python_pruning,6,216,1,6,A,97,True,True,0.62645,963c2d8e02ba6231b1f5bc4ff3ef83a1,6
C_exact,6,216,1,6,A,11,True,True,0.029138,10b3d80d98cae6dcb52866d2ff478bed,6
C_exact,6,216,1,6,A,12,True,True,0.026986,3e351affa5dedf783dfbc0953e721455,6
C_exact,6,216,1,6,A,13,True,True,0.020661,54eddf77721f58c07611df64a982d607,6
C_exact,6,216,1,6,A,14,True,True,0.021207,ed0a362c0663259c5e49cd64801cc54e,6
C_exact,6,216,1,6,A,15,True,True,0.021182,b1fd3ee09b10a8b3b0e00fbf6a13fab1,6
C_exact,6,216,1,6,A,16,True,True,0.02817,c5934b7685a7aafc439a0eba32081127,6
C_exact,6,216,1,6,A,17,True,True,0.022107,e1b3e24ef883fd9ce80f944081c74de1,6
C_exact,6,216,1,6,A,18,True,True,0.028253,9e87d821d42f015d408f18178572bff5,6
C_exact,6,216,1,6,A,19,True,True,0.02832,e5b4c5d4e3d954eea571c4f9398b007c,6
python_pruning,6,216,1,6,A,100,True,True,0.386953,5be134ea00d04b560c13052bf1170980,12
C_exact,6,216,1,6,A,20,True,True,0.0303,0a27bfa39b47725f9968637644bde8fa,6
C_exact,6,216,1,6,A,21,True,True,0.029899,9c877a44f44b54b8ad8f5598b0a27d42,12
C_exact,6,216,1,6,A,22,True,True,0.029325,26da4381a8c9c93c7667eec8541b4693,6
C_exact,6,216,1,6,A,23,True,True,0.026668,68319b8ca91741e96bab25fe75124ec9,12
C_exact,6,216,1,6,A,24,True,True,0.021104,cb7412a7bc7ef3eae4e057f2f10760da,6
C_exact,6,216,1,6,A,25,True,True,0.022514,74347c04b8cae751ddb90b5d48b196ff,12
C_exact,6,216,1,6,A,26,True,True,0.020656,bddb5565777e59982534a0feebef39e1,6
C_exact,6,216,1,6,A,27,True,True,0.020454,190b825d0b18b1aad2b26b6c0e332e74,12
C_exact,6,216,1,6,A,28,True,True,0.021247,3ab21df057522d355262d06a8ab15d6c,6
C_exact,6,216,1,6,A,29,True,True,0.021803,7ad678af3ab80191aea5d622945ff56e,12
C_exact,6,216,1,6,A,30,True,True,0.037303,f5572bbabe083547c8eb6c2e2e6473c2,6
C_exact,6,216,1,6,A,31,True,True,0.022449,ecfbd7d03a363dbfa67c98704f90128c,12
C_exact,6,216,1,6,A,32,True,True,0.025061,5d9a873aa1e6eacc2cb36fd346e28387,6
C_exact,6,216,1,6,A,33,True,True,0.033835,138bb926341e265a6ec5c0fe68400a35,12
python_pruning,6,216,1,6,A,99,True,True,0.675244,ff1da670c359c8af0dee72b859a1f84f,10
C_exact,6,216,1,6,A,34,True,True,0.0361,33fb203229d8f4d2e36b86e6f0526332,6
C_exact,6,216,1,6,A,35,True,True,0.045204,191bf9ce2749e179459aaeae11669c06,12
C_exact,6,216,1,6,A,36,True,True,0.049043,fa6131c5c425a0f0dc6aad7f9ed8f80a,10
C_exact,6,216,1,6,A,37,True,True,0.03312,3eb3ee95c09506a76353340a99337280,6
C_exact,6,216,1,6,A,38,True,True,0.021453,9f4a358db328b749855d5676e5280717,12
C_exact,6,216,1,6,A,40,True,True,0.022167,0c630e7677a4a4daf4c619584bbc4770,6
C_exact,6,216,1,6,A,39,True,True,0.032209,98e836e5055a22da6f1f8a43ff4cb50a,10
C_exact,6,216,1,6,A,41,True,True,0.030632,ce39cdc133a54302df03713b51df5765,12
C_exact,6,216,1,6,A,42,True,True,0.029638,1fcd3cb9a9d1c94d7f6fe9d28d151a40,6
C_exact,6,216,1,6,A,43,True,True,0.029094,8f18ce653cf629fa111d040afccd5185,10
C_exact,6,216,1,6,A,44,True,True,0.026957,a00d0d56c6d1745d37a46601f8860e6d,12
C_exact,6,216,1,6,A,45,True,True,0.022426,2eaec4d77f825698dbb5d0a10d17e163,6
C_exact,6,216,1,6,A,46,True,True,0.027841,d8955f3ea0fe1af11ffaca73bd8cb42e,10
C_exact,6,216,1,6,A,47,True,True,0.021646,2e28cbc4d3a34cfad6c56e8058a54fac,12
C_exact,6,216,1,6,A,48,True,True,0.021331,28d801a08c7cb5cf698aefee45cdddfc,6
C_exact,6,216,1,6,A,49,True,True,0.02465,6659af4d2fb199b72217c621bf27d660,10
C_exact,6,216,1,6,A,50,True,True,0.024877,5f151406c53a3b2359abe49995f63bbf,12
C_exact,6,216,1,6,A,51,True,True,0.021544,9eff28075fc06a0299a480b2f397106b,6
C_exact,6,216,1,6,A,52,True,True,0.029872,7fc8c1f9794194dbe8cc7a0438c1fc28,10
C_exact,6,216,1,6,A,53,True,True,0.033741,29736232a1d4d79d4ddf2d5eb7d881d1,12
C_exact,6,216,1,6,A,54,True,True,0.021712,2c979dfc113eb6f799f4c733139b3d59,6
C_exact,6,216,1,6,A,55,True,True,0.028685,3ecde6ebc22af69a7f96a270051b4a38,10
C_exact,6,216,1,6,A,56,True,True,0.024052,df871b8a0421649e883b8d037e00deb8,12
C_exact,6,216,1,6,A,57,True,True,0.027679,dd765f873ba0796d9dadb1e92798868c,6
C_exact,6,216,1,6,A,59,True,True,0.031089,68e6dc89febe700fb52bc9d78f5e3f96,12
C_exact,6,216,1,6,A,58,True,True,0.032822,de55881c192900a34c816c1b4c02f82e,10
C_exact,6,216,1,6,A,60,True,True,0.021357,9580cf06c0c50470876d20efcbfd788c,6
C_exact,6,216,1,6,A,61,True,True,0.049159,9a1a8da456a64083c4aee559c1c6b2ca,12
C_exact,6,216,1,6,A,62,True,True,0.044656,09b33d55706420aadc7907120a0c57d8,10
C_exact,6,216,1,6,A,63,True,True,0.039456,8e23f0501f71035f457a3c3c3d12d1a9,6
C_exact,6,216,1,6,A,64,True,True,0.043657,958471b568a071b79c62e4fe16431ce8,12
C_exact,6,216,1,6,A,66,True,True,0.038106,e65eef6170bbb67ebd5eb169e2a36171,6
C_exact,6,216,1,6,A,65,True,True,0.046611,577c6b1b46757dedbf231cfbf4a38129,10
C_exact,6,216,1,6,A,67,True,True,0.03257,a6d4c095210a8c0d61fb5d8c388fe88e,12
C_exact,6,216,1,6,A,69,True,True,0.028453,53a311287cc4139db536789efd239e43,10
C_exact,6,216,1,6,A,68,True,True,0.031923,381943838870a3f7cc7a2d75e8c7eaef,6
C_exact,6,216,1,6,A,70,True,True,0.025025,2fac6f8686b822f2bb8df9efec48ae7a,12
C_exact,6,216,1,6,A,71,True,True,0.021923,22a01a1853563e5074d3d46dcec089c3,10
C_exact,6,216,1,6,A,72,True,True,0.034004,f4fd7fcce58e37fd3e58ae3861c0fa81,6
C_exact,6,216,1,6,A,73,True,True,0.035889,aabcde7b8ed5a1d48fb58146baa81c6b,12
C_exact,6,216,1,6,A,74,True,True,0.042168,02533df51e83692a6eb06366392117ee,10
C_exact,6,216,1,6,A,75,True,True,0.025647,eb9b67c8bc574b889af7fd990a2626b3,6
C_exact,6,216,1,6,A,76,True,True,0.021034,207041ec5e3a5f2a9ed1225c47325eea,12
C_exact,6,216,1,6,A,78,True,True,0.021889,257b41a37ee15edf1b9c36ecf05ee119,6
C_exact,6,216,1,6,A,77,True,True,0.036447,430ded99abd210cdbda3b956aebd0ef2,10
C_exact,6,216,1,6,A,79,True,True,0.022285,bf09cef5d07fbdab7a771b53d6379824,12
C_exact,6,216,1,6,A,80,True,True,0.02169,43e37799b9b2bf21b61dbf029d58037c,6
C_exact,6,216,1,6,A,81,True,True,0.026541,176629df0c8655ee4e5d73fbebb88135,10
C_exact,6,216,1,6,A,82,True,True,0.03046,0afadb46ebd1fb15080128a18a347e92,12
C_exact,6,216,1,6,A,83,True,True,0.031679,7a312dd239cff0137bcb11aa90a1cfa2,6
C_exact,6,216,1,6,A,84,True,True,0.027376,9639a8fd4f6f1cd264a3696ec41bf1f0,10
C_exact,6,216,1,6,A,85,True,True,0.021737,c28b7f4787bfb833e3c9f5a073c6d63f,12
C_exact,6,216,1,6,A,86,True,True,0.021156,7ec01c41c72691055a79093c59ae5cb6,6
C_exact,6,216,1,6,A,87,True,True,0.027189,74ce5b850e288344e1f040c982e28e47,10
C_exact,6,216,1,6,A,88,True,True,0.021645,8c8a5944c7464387b7b6819f5e586594,12
C_exact,6,216,1,6,A,90,True,True,0.04278,3ffb739f201a90aac95475eeeb1530c3,10
C_exact,6,216,1,6,A,89,True,True,0.051628,d7d44ffa90108fd1a386b1a1ada0525c,6
C_exact,6,216,1,6,A,91,True,True,0.04153,5de1f6389c13a84da88b8655dd13f243,12
C_exact,6,216,1,6,A,93,True,True,0.021241,6af71fe235333cf8f78b9e62f76ff0f7,6
C_exact,6,216,1,6,A,94,True,True,0.021591,1b3c234fe0d91dbf359fd4b19b5d4ca2,12
C_exact,6,216,1,6,A,92,True,True,0.034622,a26158db0a5990f27fca8595bc44149c,10
C_exact,6,216,1,6,A,96,True,True,0.026161,f11304a7add1d605a81b2501f773d18f,12
C_exact,6,216,1,6,A,95,True,True,0.040594,59b739a5d1fe2185c0e41bd787eda647,6
C_exact,6,216,1,6,A,97,True,True,0.029833,9df6d7fd0ea4798cfdac82b3c0534da8,10
C_exact,6,216,1,6,A,99,True,True,0.025853,3e3ddf64bcce63181923fcb1ec0b630a,6
C_exact,6,216,1,6,A,100,True,True,0.02505,e259819d6eaf2c60cd1b5087f308340c,10
C_exact,6,216,1,6,A,98,True,True,0.042097,bb17461e9fd333b2f949b09e6eab797a,12
python_exact,6,216,1,6,A,11,True,True,0.026492,8bc2a3ccc9e07ef719c0d70380657818,6
python_exact,6,216,1,6,A,13,True,True,0.040188,7c568cfd7c23a7e27f6a1116065ed6a7,12
python_exact,6,216,1,6,A,12,True,True,0.054343,f80b93eeccef3a96735b40b80ceec078,10
python_exact,6,216,1,6,A,14,True,True,0.041023,d201ae51aafa625f77cf87f7ec79b610,6
python_exact,6,216,1,6,A,15,True,True,0.034497,85e3109cc72915f57ff27752d52dd8e5,12
python_exact,6,216,1,6,A,16,True,True,0.040534,ddb11f813e90d1cb72e1c9a748720202,10
python_exact,6,216,1,6,A,17,True,True,0.047456,5568063b18f3f2ed8a733586ad3d221b,6
python_exact,6,216,1,6,A,20,True,True,0.045611,f273ba604a786b63adc98f555c1ba120,6
python_exact,6,216,1,6,A,19,True,True,0.06275,5277b7c0299b672ffef1f7ed1b3bc14e,10
python_exact,6,216,1,6,A,18,True,True,0.092328,9e1b01b17d5ed1160b173fbb536b0444,12
python_exact,6,216,1,6,A,21,True,True,0.039352,cf738947d0e908c6e7fce2aaf08f020c,6
python_exact,6,216,1,6,A,22,True,True,0.058414,507693660c1735f16e5636d8ffec05ac,10
python_exact,6,216,1,6,A,25,True,True,0.032918,9e1f70e05916d8d8d9eada5879228b05,10
python_exact,6,216,1,6,A,23,True,True,0.084248,28c439d53c5709998886e3be283825df,12
python_exact,6,216,1,6,A,24,True,True,0.062522,048496cb40fb8e0e1cbc09203d9f5f4c,6
python_exact,6,216,1,6,A,26,True,True,0.02556,ac9358b56a01b3e00b0e804f2e4d70a5,10
python_exact,6,216,1,6,A,29,True,True,0.023681,0734047af40cd41d749f01cb01b078ee,10
python_exact,6,216,1,6,A,30,True,True,0.012748,3debc0a6ea7e3c607cdf504b6a213951,10
python_exact,6,216,1,6,A,28,True,True,0.058951,546348b9ec63075da4504432fdbc6f70,6
python_exact,6,216,1,6,A,27,True,True,0.057325,354f7c203b483b773f34586b6616ded9,12
python_exact,6,216,1,6,A,33,True,True,0.010954,2c30691b811ba405bbad4e6c2e760465,12
python_exact,6,216,1,6,A,31,True,True,0.032991,238c6562dc4ebca1e6fb02d59d4313a8,10
python_exact,6,216,1,6,A,32,True,True,0.065912,10b06c5215e86326864be72c2115fe33,6
python_exact,6,216,1,6,A,34,True,True,0.045805,1f124c8e7201c7c4c26ef0e340121f27,12
python_exact,6,216,1,6,A,35,True,True,0.037068,58fbab3f3aec18b7de8263ce1b5ade87,10
python_exact,6,216,1,6,A,38,True,True,0.020586,f9111fc7e05d80c5113750a11b113752,10
python_exact,6,216,1,6,A,37,True,True,0.037882,2591ba5c152bb05298925f1f23568f33,12
python_exact,6,216,1,6,A,36,True,True,0.043387,63ea495492ec03f2899696b0cdb22d33,6
python_exact,6,216,1,6,A,39,True,True,0.045002,3db51098b4ac27368f4c46b78a1d5a69,10
python_exact,6,216,1,6,A,40,True,True,0.04067,a2335f0402f5d68a230ed7ca77f10e50,12
python_exact,6,216,1,6,A,41,True,True,0.041419,30ac1f706c1f5c81c3ca6e6ad44725b8,6
python_exact,6,216,1,6,A,42,True,True,0.025241,c882821a023195a6bef4373928ee3193,10
python_exact,6,216,1,6,A,45,True,True,0.031907,36e54f3e325a8dc271d7cf678bf2c1a7,10
python_exact,6,216,1,6,A,43,True,True,0.04657,d550fc206f461227db74af85ba99807e,12
python_exact,6,216,1,6,A,46,True,True,0.01553,0fa18b287180e65f019a2daa3df444ab,10
python_exact,6,216,1,6,A,44,True,True,0.057879,762ff76b43878ed66eb19b46013edce6,6
python_exact,6,216,1,6,A,47,True,True,0.051409,191042dcbaaa348029613da628f02938,12
python_exact,6,216,1,6,A,48,True,True,0.03746,30d7b4fd57e048150bb9607b98b24af2,10
python_exact,6,216,1,6,A,49,True,True,0.047222,8fac6bfd445abdd677e3a09b3f4416d3,6
python_exact,6,216,1,6,A,51,True,True,0.022878,3b4e0cdd39efb7539bf487024c9b3580,10
python_exact,6,216,1,6,A,52,True,True,0.030169,e53a88b870193bf3c8fe9c2e7275cc10,6
python_exact,6,216,1,6,A,54,True,True,0.016532,a9bc356c156eb198a3be1b0a72224f18,6
python_exact,6,216,1,6,A,53,True,True,0.034631,65e712e46f9a75047d118ce6eb212f39,10
python_exact,6,216,1,6,A,56,True,True,0.016657,1664f59f4e7f9952ea1d77f9450650ee,10
python_exact,6,216,1,6,A,55,True,True,0.018254,55ff4ca4691a218943f614a68b3c91c7,6
python_exact,6,216,1,6,A,58,True,True,0.021162,844e89d37bc1b9f2cb199dea10d54672,6
python_exact,6,216,1,6,A,50,True,True,0.104147,325384f59e18e6b2aa7a6bf6050df6fd,12
python_exact,6,216,1,6,A,57,True,True,0.034005,ad73d7dcdd9f7930cd8ce4963e102a2e,10
python_exact,6,216,1,6,A,59,True,True,0.035704,f3104eecdb84ab28ea24d0499fd99d4c,6
python_exact,6,216,1,6,A,60,True,True,0.05277,cc485f65b055473a74cbd10b1d3202f4,12
python_exact,6,216,1,6,A,63,True,True,0.029013,e274e0d96577655e344753fd4dd29b45,12
python_exact,6,216,1,6,A,62,True,True,0.080408,f1410278fb3dd42a7234e6d149a40c8c,6
python_exact,6,216,1,6,A,61,True,True,0.113558,fa7a6c08e982335b4872bf429595d381,10
python_exact,6,216,1,6,A,66,True,True,0.038131,da380604a7924134d2f175de6f44c430,10
python_exact,6,216,1,6,A,65,True,True,0.069182,a19855b31e1c2381b7a80790684867b3,6
python_exact,6,216,1,6,A,67,True,True,0.030297,4b5d03ad389aca72c943453d9f90b535,10
python_exact,6,216,1,6,A,68,True,True,0.02132,b76ff8cf83cce8d8422de9398c187a10,6
python_exact,6,216,1,6,A,69,True,True,0.045779,3209b4ce4bdf51cdaf8698dba1890ea2,10
python_exact,6,216,1,6,A,70,True,True,0.053028,e40809303323398c833280c2a439652c,6
python_exact,6,216,1,6,A,72,True,True,0.027208,2a95f6c06dcf7c1783cfacfc5e97c3e8,6
python_exact,6,216,1,6,A,71,True,True,0.063355,7c5a2de89eb2eab9f3beb33681652738,10
python_exact,6,216,1,6,A,73,True,True,0.053248,c892a9be71d39933956ac807d49a1fc6,6
python_exact,6,216,1,6,A,74,True,True,0.040179,7d752442d9799c8f040786eada0d3b96,10
python_exact,6,216,1,6,A,75,True,True,0.039781,fdb03db97f61adc0db8899a3e789afbe,6
python_exact,6,216,1,6,A,64,True,True,0.347089,8a25037a7bf949e7296355dfccc0ea54,12
python_exact,6,216,1,6,A,76,True,True,0.032194,dd4204d3e5a7f9401d018a007ecc5247,10
python_exact,6,216,1,6,A,78,True,True,0.022731,bcdf6fa541b651b6408935d07e6ee9e2,12
python_exact,6,216,1,6,A,77,True,True,0.066666,46c7bdf778f36e088b3c08ff62fced23,6
python_exact,6,216,1,6,A,80,True,True,0.015666,e7d713ae3f21d86f099db52921cc0984,12
python_exact,6,216,1,6,A,79,True,True,0.039883,904faf726a4800d12e1cb77a4fcfe2cc,10
python_exact,6,216,1,6,A,82,True,True,0.012643,529e5ccabb2c20c9db67790ab8a732d3,12
python_exact,6,216,1,6,A,81,True,True,0.025143,44b7fcc2d0cabcc58313909015f9aa60,6
python_exact,6,216,1,6,A,85,True,True,0.026839,ea7815837f72f228c64a24957d7c6e62,6
python_exact,6,216,1,6,A,84,True,True,0.054722,2caae56447591129245f5315d5ba29f6,12
python_exact,6,216,1,6,A,86,True,True,0.0267,86ce49fa29da924562248c964ececda5,6
python_exact,6,216,1,6,A,83,True,True,0.070333,fbee084d99c8c565afb78d79b694a20b,10
python_exact,6,216,1,6,A,87,True,True,0.033878,0c8e0e8bbe7eede06fb6c8b45057f9aa,12
python_exact,6,216,1,6,A,88,True,True,0.045135,a3aa7aa4235f0654ab12ef60608f83f9,6
python_exact,6,216,1,6,A,89,True,True,0.059369,70a7fda8a404b04a70964cdf33e9a9b6,10
python_exact,6,216,1,6,A,91,True,True,0.039464,ae587aa621ff4193d98c4877f51cd13a,6
python_exact,6,216,1,6,A,90,True,True,0.072456,81b64f3919671f7d44f18098250c4a9f,12
python_exact,6,216,1,6,A,94,True,True,0.016133,122e5e4541ac91854feecbb0e3ff9547,12
python_exact,6,216,1,6,A,92,True,True,0.064898,d6939201918c1b9559fd75b46bd7ee8d,10
python_exact,6,216,1,6,A,93,True,True,0.04426,69776de6e638f94d48c89291cf978e6e,6
python_exact,6,216,1,6,A,95,True,True,0.032799,5f08d012619508f88e649e9879b8c214,12
python_exact,6,216,1,6,A,96,True,True,0.047105,024fcccd37a606a8886babab7c0ee09f,10
python_exact,6,216,1,6,A,98,True,True,0.045193,7d9aa789a93131f2895430f6efe32b21,12
python_exact,6,216,1,6,A,99,True,True,0.03987,a51977ea32ad2f61728bd309b7802532,10
python_exact,6,216,1,6,A,97,True,True,0.089462,c29beca04c2303da5d21c4760cc8d70d,6
python_exact,6,216,1,6,A,100,True,True,0.018368,cf2f1d29db4396f581fd2468d3b7617f,12
C_pruning,6,216,1,6,T,11,True,True,0.04605,b020b661121730ddee14a4d48115d921,10
C_pruning,6,216,1,6,T,13,True,True,0.056771,c77422c88cfe7b6d3ef5dfc9808ea085,12
C_pruning,6,216,1,6,T,12,True,True,0.057237,e6b54f76fa2c0700780deeb27ca925b6,6
C_pruning,6,216,1,6,T,16,True,True,0.031628,7b5bf573c652a8f1cf7792840b6e6e40,6
C_pruning,6,216,1,6,T,15,True,True,0.034701,b887921ff74c260cd7f1f80d816391cb,12
C_pruning,6,216,1,6,T,14,True,True,0.043924,eba94f5bea705415a645965ef4f85e3d,10
C_pruning,6,216,1,6,T,17,True,True,0.036185,ed93d16338819574d2ebaeabe2a3085c,6
C_pruning,6,216,1,6,T,18,True,True,0.035574,c749b6c4250910e386dea8903112dbfc,12
C_pruning,6,216,1,6,T,19,True,True,0.037269,53cd166e18fd52fe4eff5a5f45a6f747,10
C_pruning,6,216,1,6,T,22,True,True,0.045068,3a0e63d2dfa5b4f5b8b93e0b0d1f1a86,10
C_pruning,6,216,1,6,T,20,True,True,0.053273,f7bd194b819df674d1ddb2b512870992,6
C_pruning,6,216,1,6,T,21,True,True,0.06118,d2d5557b982bce9b3b582bc42729748c,12
C_pruning,6,216,1,6,T,23,True,True,0.041039,0be64979d4aec4e234a2731d37a3bebb,10
C_pruning,6,216,1,6,T,24,True,True,0.037898,aaaa9781f528fbe0f96b98a289c3ec19,6
C_pruning,6,216,1,6,T,25,True,True,0.034951,e291d80328c2d6168e55853225cd1a48,12
C_pruning,6,216,1,6,T,26,True,True,0.023832,6c9e3d86ff382840f2134b7f932ed1ee,10
C_pruning,6,216,1,6,T,28,True,True,0.022197,7eca600f1d88a37829ea5a2319687e97,12
C_pruning,6,216,1,6,T,27,True,True,0.046913,48b647c3c238bef52cfd34126aff54ce,6
C_pruning,6,216,1,6,T,29,True,True,0.022907,10bba49dcc7fe483dc93aa58f254d2b2,10
C_pruning,6,216,1,6,T,30,True,True,0.0236,e763e28d118f1ea5509cfefa2030a764,12
C_pruning,6,216,1,6,T,31,True,True,0.019996,08f9f279f58c1aff613a570e57921a73,6
C_pruning,6,216,1,6,T,33,True,True,0.030118,6d943682fd631e8b35c1e19acd7f36fc,12
C_pruning,6,216,1,6,T,32,True,True,0.048267,880ddfb871df586ff17b07e4bfaf81ec,10
C_pruning,6,216,1,6,T,34,True,True,0.032836,d52b4dc946f0b771f780288e94886e1b,6
C_pruning,6,216,1,6,T,35,True,True,0.040754,bd862a2279e10a6c82adec555f725336,12
C_pruning,6,216,1,6,T,36,True,True,0.036478,fe9ec650539485c1224497b8b5a0a79c,10
C_pruning,6,216,1,6,T,37,True,True,0.0355,857ee2a44ab1689c41f86ff15158a5a1,6
C_pruning,6,216,1,6,T,38,True,True,0.032097,fa0814586b41ca0543a170b9ac28008b,12
C_pruning,6,216,1,6,T,40,True,True,0.027076,e2293d27c92d81bc2ffe374be99f6d00,6
C_pruning,6,216,1,6,T,39,True,True,0.052781,90b2f941ff0ecf868c7f112eb96724e2,10
C_pruning,6,216,1,6,T,42,True,True,0.023508,7768953bc6d1cc1d8e2cd1a0d8ab79c4,6
C_pruning,6,216,1,6,T,41,True,True,0.035522,15a219f07bdd866c446ddf5eb80028c6,12
C_pruning,6,216,1,6,T,43,True,True,0.027588,865230f4fe23614c61656ad8edcde48b,10
C_pruning,6,216,1,6,T,44,True,True,0.023821,5d1f390654b9f690454c495e5b2daa80,6
C_pruning,6,216,1,6,T,45,True,True,0.063295,b1668048264293f79a85615ac2704c9a,12
C_pruning,6,216,1,6,T,46,True,True,0.028212,6b5a288677122909f7b7dd7d31d745dc,10
C_pruning,6,216,1,6,T,47,True,True,0.048884,3282a346511c6f138273d30d903d54f3,6
C_pruning,6,216,1,6,T,50,True,True,0.031328,5123503125f3d2a23d2a906bdf60b169,6
C_pruning,6,216,1,6,T,49,True,True,0.02999,f7a30f0882fdafbfb354d5fc66deef40,10
C_pruning,6,216,1,6,T,48,True,True,0.052453,8c13887135690733d48ff3ab046aa46b,12
C_pruning,6,216,1,6,T,52,True,True,0.044734,d96d1b4f4915161c83231c512bbb03be,10
C_pruning,6,216,1,6,T,51,True,True,0.052931,e3ae9b15e6966d86399c05e17104bc5c,6
C_pruning,6,216,1,6,T,53,True,True,0.041035,6078fbb755fdebd12324f40817e1f01d,12
C_pruning,6,216,1,6,T,55,True,True,0.029228,a9dd40c740c67e3bd165032257c45d21,6
C_pruning,6,216,1,6,T,56,True,True,0.025359,983d519c68acd021858b50b8910182e8,12
C_pruning,6,216,1,6,T,54,True,True,0.039892,267dfcc384e434e1bf0c95fdd7b9d31f,10
C_pruning,6,216,1,6,T,57,True,True,0.029782,9ec4406b6f3866059fdfc4611fe0a2c8,6
C_pruning,6,216,1,6,T,58,True,True,0.034503,50f9c158d9df7a36ebc7ef0fc4e73488,12
C_pruning,6,216,1,6,T,59,True,True,0.04077,5c16de9653dbfc990848a2cfeb502930,10
C_pruning,6,216,1,6,T,62,True,True,0.024234,8774b9bbc40d525f62fe4b786a3823c8,10
C_pruning,6,216,1,6,T,60,True,True,0.035089,f44cdd44ef0efea1e869cfff9198f625,6
C_pruning,6,216,1,6,T,61,True,True,0.043171,87c70bf3d13a4f07cea7dd81918ca11d,12
C_pruning,6,216,1,6,T,63,True,True,0.027269,36e062ece368db4b05fb5baa9778d2c1,10
C_pruning,6,216,1,6,T,64,True,True,0.030968,597cf163ffa0481b7066127ea7b1e7b9,6
C_pruning,6,216,1,6,T,65,True,True,0.044326,aad138fc92f26f1d702f9fd9be41d404,12
C_pruning,6,216,1,6,T,67,True,True,0.031011,4ca3ff270d7d6375be290c1f79aa4dd6,6
C_pruning,6,216,1,6,T,66,True,True,0.035364,ce4e19b7c5839d936f3aeb4e2256d5cd,10
C_pruning,6,216,1,6,T,68,True,True,0.028136,0ce8ddacebc04837ddbd2303ffb2d547,12
C_pruning,6,216,1,6,T,70,True,True,0.023129,63ed5addbd62c44ac5434eece1ae6182,10
C_pruning,6,216,1,6,T,69,True,True,0.044689,942cb696a3439eb76a8f4e1166fb0ccb,6
C_pruning,6,216,1,6,T,71,True,True,0.028066,17457c0685cd672a5c90608464ba0b4a,12
C_pruning,6,216,1,6,T,73,True,True,0.027414,e366b532a6a84a97cfb0ae07cf4dead1,6
C_pruning,6,216,1,6,T,74,True,True,0.020009,1b6c353a4ffcdb629154d2a658375aa3,12
C_pruning,6,216,1,6,T,75,True,True,0.022839,35cd82fff8f7349b9a1f5beb9bf31074,6
C_pruning,6,216,1,6,T,76,True,True,0.024558,0b85916d76522c37a0125f457110e4d7,12
C_pruning,6,216,1,6,T,77,True,True,0.019461,dba9e946ecee8697241cb53c1309565a,6
C_pruning,6,216,1,6,T,78,True,True,0.019608,a9bb090cc71c9d5b628a6d65c21173b7,12
C_pruning,6,216,1,6,T,79,True,True,0.025472,65e1393aec9f7ac95f4a2b6dde17bdcc,6
C_pruning,6,216,1,6,T,80,True,True,0.025966,c52bb0417ad83c1a930678a34d4568b8,12
C_pruning,6,216,1,6,T,72,True,True,0.029098,e05c91a28a93671d3c45662c1094c9af,10
C_pruning,6,216,1,6,T,81,True,True,0.033594,cd00c81e2c590a6207ba546c2eafbbc8,6
C_pruning,6,216,1,6,T,82,True,True,0.03028,19a133dcacf004a82606b054c62af33f,12
C_pruning,6,216,1,6,T,83,True,True,0.03041,72464739b9e2c28a2a242e99c2265e5f,10
C_pruning,6,216,1,6,T,85,True,True,0.026331,c759c61189bdf73755d91ed4a26380d1,12
C_pruning,6,216,1,6,T,84,True,True,0.033409,fb115dde25da0c39c90541a941282534,6
C_pruning,6,216,1,6,T,86,True,True,0.025425,089f42a6fb273d28da415484f256ec1a,10
C_pruning,6,216,1,6,T,87,True,True,0.020769,36e92fa03edab1848bab3de327d0064a,12
C_pruning,6,216,1,6,T,88,True,True,0.022817,4c08a0e049ffeaffffcfc75fca58ca88,6
C_pruning,6,216,1,6,T,90,True,True,0.023985,654b8eb153d51109c5295c28fa969260,12
C_pruning,6,216,1,6,T,89,True,True,0.024699,e11194cec0b1f4c0cbdfdcef5cef3093,10
C_pruning,6,216,1,6,T,92,True,True,0.025535,279c502b9bb4e4566236f1063bdc8ed9,12
C_pruning,6,216,1,6,T,93,True,True,0.029501,1d7ae082f075d28ab7de91089e3712be,10
C_pruning,6,216,1,6,T,91,True,True,0.0588,635d58719c21a68d5a705e88d4375f94,6
C_pruning,6,216,1,6,T,94,True,True,0.03379,5ba651f9ffcd6b7af1adebc0767b0d7e,12
C_pruning,6,216,1,6,T,95,True,True,0.032967,abdc46dcc7c940f16c6b10ff71d1cb7a,10
C_pruning,6,216,1,6,T,96,True,True,0.03121,104bd9f6a3d043a9ce1e2d1a4178596a,6
C_pruning,6,216,1,6,T,97,True,True,0.027754,5104d94f4b03ac151dcbe062092f3494,12
C_pruning,6,216,1,6,T,98,True,True,0.023212,9c537d27a3bacc3b56af180a7df09cc5,10
C_pruning,6,216,1,6,T,100,True,True,0.025236,7b3ea655a08522120c88bd8a819398f4,12
C_pruning,6,216,1,6,T,99,True,True,0.039524,2e69d71b093462f43d2b15fbf6f5d917,6
python_pruning,6,216,1,6,T,12,True,True,0.020163,8481bbd367f550026481bf882fe94ddb,12
python_pruning,6,216,1,6,T,11,True,True,0.060563,a3556819f3fb3a00c1e262bd539df58a,10
python_pruning,6,216,1,6,T,14,True,True,0.051506,7a58c8b490dc6b8198c12b3dd0ec346c,12
python_pruning,6,216,1,6,T,15,True,True,0.037954,d6018d6a6d517e69b68d95de378eb632,10
python_pruning,6,216,1,6,T,13,True,True,0.106886,421577321588a7d4e44e609302abf9f7,6
python_pruning,6,216,1,6,T,16,True,True,0.037205,7ebd74a83c5270bb71b07d55700d6120,12
python_pruning,6,216,1,6,T,19,True,True,0.04418,116c542c106963a6811e0b1f0cc9ba47,12
python_pruning,6,216,1,6,T,20,True,True,0.020137,b58dfa039bfadf82bbed70fd1ea17520,12
python_pruning,6,216,1,6,T,18,True,True,0.07772,e749a2164a23dd359874e7459b34478a,6
python_pruning,6,216,1,6,T,17,True,True,0.115356,7c4dffb007b590861f260a971821a095,10
python_pruning,6,216,1,6,T,22,True,True,0.030331,da5a7cc3d7269837dd6ce9a6e0d2baa1,6
python_pruning,6,216,1,6,T,24,True,True,0.029835,30620107438c8d1797909f28d79695f9,6
python_pruning,6,216,1,6,T,25,True,True,0.040152,db4ba0f355ee36321a938a0833821215,6
python_pruning,6,216,1,6,T,23,True,True,0.126111,c1571b146a6b9623f024430bf3b845c8,10
python_pruning,6,216,1,6,T,27,True,True,0.048773,216ae5d32aa6f4410a7e2851ef8880fb,10
python_pruning,6,216,1,6,T,26,True,True,0.099805,2aec65cc074cbbb93af263d8738a2589,6
python_pruning,6,216,1,6,T,28,True,True,0.028217,9a0caeedc64bfe9f33ae9c631d24bec6,10
python_pruning,6,216,1,6,T,29,True,True,0.066155,b605db58e411afdce5abb3ffb258b8f7,6
python_pruning,6,216,1,6,T,31,True,True,0.071311,932da29b62b096f4d7e0703792a3d150,6
python_pruning,6,216,1,6,T,21,True,True,0.369431,291a2f887c1260fca33c5e8768e86877,12
python_pruning,6,216,1,6,T,32,True,True,0.022178,143c018a5bef7af821b31dfc2ba24053,6
python_pruning,6,216,1,6,T,30,True,True,0.182446,55f543db24dec57e9baffb8c2430ced7,10
python_pruning,6,216,1,6,T,34,True,True,0.050338,cfa1dbb7bfb5ec621df1234bd67c6bfd,6
python_pruning,6,216,1,6,T,36,True,True,0.041877,3e7c5cfb82417b68343df32630867a3b,6
python_pruning,6,216,1,6,T,35,True,True,0.057626,b57c34a8defc268888da03a98ee3cf97,10
python_pruning,6,216,1,6,T,37,True,True,0.020155,25694f8b491ad6fc40a4780f57f2a5be,6
python_pruning,6,216,1,6,T,38,True,True,0.042394,f2bcc7e96c249d5bc3c0155f12856cab,10
python_pruning,6,216,1,6,T,33,True,True,0.157393,38e6c5276dee7e057f33ddc448073209,12
python_pruning,6,216,1,6,T,41,True,True,0.143875,a17ae72f486c4c39c3c9b346382b6a6a,12
python_pruning,6,216,1,6,T,39,True,True,0.181691,aaab43376dd3226a0a6d46658b9519eb,6
python_pruning,6,216,1,6,T,40,True,True,0.192571,8ac129adf5dfd6bc50a7cd18de51dd81,10
python_pruning,6,216,1,6,T,42,True,True,0.065892,bfabe925eed26074f17481fd277e24b5,12
python_pruning,6,216,1,6,T,43,True,True,0.061332,d35ba8f62aa849da959594fe2f1243ea,6
python_pruning,6,216,1,6,T,45,True,True,0.024613,b2da1f60b20d13599a0d4193a1665148,12
python_pruning,6,216,1,6,T,47,True,True,0.019734,4f83506449bc69c25ba3f7f16f8ccf36,12
python_pruning,6,216,1,6,T,48,True,True,0.020258,c7463db6e9ed0670470d9ad4b68aee63,12
python_pruning,6,216,1,6,T,46,True,True,0.070329,6253a311b86c6b7f28208c76e05d2685,6
python_pruning,6,216,1,6,T,50,True,True,0.028,fa350f29bb47219cbb68135a97b5df77,6
python_pruning,6,216,1,6,T,51,True,True,0.021285,0bcd9f735bb835b9ba0c9598f339e417,6
python_pruning,6,216,1,6,T,44,True,True,0.156623,b8c68822bb446a1e62adeefaa975ec62,10
python_pruning,6,216,1,6,T,49,True,True,0.095792,979143492a335e9d27c9a72ff11bab46,12
python_pruning,6,216,1,6,T,53,True,True,0.034316,a84f1b89c61e1bf675e995d1f78cca5a,10
python_pruning,6,216,1,6,T,52,True,True,0.055138,8630901f9338fb2fce7e679e938a6c42,6
python_pruning,6,216,1,6,T,55,True,True,0.057131,f92a9d675578dfc45eb050d452e249f8,10
python_pruning,6,216,1,6,T,56,True,True,0.061093,8d1895d364b6f730a961d2f6306f14d1,6
python_pruning,6,216,1,6,T,54,True,True,0.099661,67d12c90b14cf3ef190119e94be303ae,12
python_pruning,6,216,1,6,T,58,True,True,0.027542,3f27148792ae5bbfe1b039f33312cbc9,6
python_pruning,6,216,1,6,T,59,True,True,0.044164,54dcb330466e45aba478f2c093043c74,12
python_pruning,6,216,1,6,T,57,True,True,0.084084,e5c57e2cf0b0fae5c56c84dee57209e6,10
python_pruning,6,216,1,6,T,60,True,True,0.092332,708b3c2d4797e024439592edca6468a0,6
python_pruning,6,216,1,6,T,61,True,True,0.077739,d1da87905a80905db30fddf6d2a273dc,12
python_pruning,6,216,1,6,T,63,True,True,0.020736,05b7c3859f627afb1b282d276be908dd,6
python_pruning,6,216,1,6,T,65,True,True,0.055318,d6af9a9a0af18bdd94d8088594b668cf,6
python_pruning,6,216,1,6,T,64,True,True,0.060573,d8fd1397cc07346218005ac5c8ecaa71,12
python_pruning,6,216,1,6,T,67,True,True,0.022995,ed8d636dca7530b44beb0bd8616945c1,12
python_pruning,6,216,1,6,T,68,True,True,0.023018,ab8abc702018c3b7645c95a094bd5b19,12
python_pruning,6,216,1,6,T,62,True,True,0.202236,808704cd098e85f417c85470cbfcb03c,10
python_pruning,6,216,1,6,T,66,True,True,0.105883,e9df0388b2c72cd1d23d59259734e692,6
python_pruning,6,216,1,6,T,69,True,True,0.084542,77ff7dcc1ce9793592cff2c5c893efd8,12
python_pruning,6,216,1,6,T,70,True,True,0.063151,17319024352637407087fe003ee71348,10
python_pruning,6,216,1,6,T,72,True,True,0.023974,edefe3ad97ee920ca660cf51004e3a19,12
python_pruning,6,216,1,6,T,74,True,True,0.024463,9eb26c31490af5f29de4465ca2deff78,12
python_pruning,6,216,1,6,T,73,True,True,0.063245,3d65e3438429553dc46c559e2adc5775,10
python_pruning,6,216,1,6,T,75,True,True,0.066983,1ca84553a36e969be41f77c1335418a3,12
python_pruning,6,216,1,6,T,71,True,True,0.156277,c8567887fafab28002556ac8f24e4198,6
python_pruning,6,216,1,6,T,78,True,True,0.042361,8ef677004e48dacaee4a93a2a1726d53,6
python_pruning,6,216,1,6,T,77,True,True,0.060712,1a0436c70a399b444c5cc8ab2607710c,12
python_pruning,6,216,1,6,T,79,True,True,0.022517,94d352574707fa46d75f9611800da616,6
python_pruning,6,216,1,6,T,80,True,True,0.019042,464bfb5898dfc5afde5546e00c11190e,12
python_pruning,6,216,1,6,T,82,True,True,0.042363,fa7dad2a3eb2b2d44eb942c43ab9628c,12
python_pruning,6,216,1,6,T,81,True,True,0.071185,39ca7a769fe82331564f098700572e9c,6
python_pruning,6,216,1,6,T,84,True,True,0.019812,691ba8fd268a27f2c8175a1aad4ebf31,6
python_pruning,6,216,1,6,T,83,True,True,0.038974,e2588db14a14a0ef8826adf7f9ede1b0,12
python_pruning,6,216,1,6,T,76,True,True,0.232234,230269d22b28b442a51ca3256ac51151,10
python_pruning,6,216,1,6,T,86,True,True,0.026797,3886aeb3e59077d2a97be67555fd85b0,12
python_pruning,6,216,1,6,T,85,True,True,0.050311,b8fcc24e34f9d6c57d2b30f7d527f227,6
python_pruning,6,216,1,6,T,89,True,True,0.040052,7e27e7fa45aaf5351f2ccd67ffff6dc7,6
python_pruning,6,216,1,6,T,88,True,True,0.091292,778242bf935258b788e16bba681c32b6,12
python_pruning,6,216,1,6,T,90,True,True,0.052594,e92a62d6e9004d2665233998d4504016,6
python_pruning,6,216,1,6,T,91,True,True,0.02737,c0e0e583dc0e2acae74424574c1526c6,12
python_pruning,6,216,1,6,T,93,True,True,0.020508,5616886309b5329880c1bcf1fad3da37,12
python_pruning,6,216,1,6,T,87,True,True,0.180485,c7aad766e044f7f605e9b07e68f5b378,10
python_pruning,6,216,1,6,T,94,True,True,0.024066,8e22211abfb637207d07f9efcafb3ce6,12
python_pruning,6,216,1,6,T,92,True,True,0.058582,a8c383c78728e9faa5ea13b746628315,6
python_pruning,6,216,1,6,T,96,True,True,0.019603,59444faf82bfbc860cc564a046d7975e,12
python_pruning,6,216,1,6,T,97,True,True,0.021429,be235db105b198aa9d021b2beaa6638e,6
python_pruning,6,216,1,6,T,99,True,True,0.059855,df4ec5ea5a635c6db2ed4a93eac6a805,6
python_pruning,6,216,1,6,T,95,True,True,0.117406,46edfe4db8f287dd561344c5561664b4,10
python_pruning,6,216,1,6,T,98,True,True,0.09867,c62561f8c43512af301e8065a1a863a4,12
python_pruning,6,216,1,6,T,100,True,True,0.051284,4b23c4cdc9e2317e639232405ff864f7,6
C_exact,6,216,1,6,T,11,True,True,0.030714,050e9bee80eae7953a50d417bbb7014e,10
C_exact,6,216,1,6,T,12,True,True,0.032747,e0366e66f5e40a7d9fe8823df9754146,12
C_exact,6,216,1,6,T,13,True,True,0.034362,e247122748baab9cc6830687a956da75,6
C_exact,6,216,1,6,T,14,True,True,0.020469,efeef6cf049ad03c5a19155ee449c5a9,10
C_exact,6,216,1,6,T,15,True,True,0.020839,b2497efb5f99b23e298c3feb07c9fcc8,12
C_exact,6,216,1,6,T,16,True,True,0.035039,cbf34caea5cd80c80f9085caeab2bddd,6
C_exact,6,216,1,6,T,18,True,True,0.033931,b74cfbea46701858e0a431aa637eaf94,12
C_exact,6,216,1,6,T,17,True,True,0.040967,c4e5bd0430be4254666b4f8d82b67db3,10
C_exact,6,216,1,6,T,19,True,True,0.02106,0458a7928f9870c4789f5587c4f88a77,6
C_exact,6,216,1,6,T,20,True,True,0.024699,afb7cc2934dc987c47e734f39b9b995f,12
C_exact,6,216,1,6,T,21,True,True,0.025278,39f9a2b141c99818ace18740facd602c,10
C_exact,6,216,1,6,T,22,True,True,0.035392,1318d6ca3376284eaf741fbc1c4c5849,6
C_exact,6,216,1,6,T,23,True,True,0.025109,c15456aee6504bddf5f01769306d5b7f,12
C_exact,6,216,1,6,T,24,True,True,0.031784,067ea09501213ae1d64dc0dd620af635,10
C_exact,6,216,1,6,T,26,True,True,0.022763,a9f9da91bd70dfa52f90d04dce4005b1,12
C_exact,6,216,1,6,T,25,True,True,0.020254,5486ef9f7d8740f896f058a4344a1704,6
C_exact,6,216,1,6,T,28,True,True,0.018787,a4260fa684034c70cda7f7de02f49635,12
C_exact,6,216,1,6,T,29,True,True,0.026711,bac4a5ea78def3e223fa242c6186c802,6
C_exact,6,216,1,6,T,27,True,True,0.048812,e611d1b8cbf353d0b1d879b1e54d34d2,10
C_exact,6,216,1,6,T,31,True,True,0.024191,2afd85ac59986d520f6ee937c03a7226,6
C_exact,6,216,1,6,T,30,True,True,0.024858,b4cda9ab771a22252168a0cc3b374c49,12
C_exact,6,216,1,6,T,32,True,True,0.026633,861fa9fa4889c82b1c84814134b5fbda,10
C_exact,6,216,1,6,T,34,True,True,0.023712,027911f59731e02a5e34e1dde41a8642,12
C_exact,6,216,1,6,T,33,True,True,0.022427,f0afbe9c627dfc832fec2a0e70d86aa6,6
C_exact,6,216,1,6,T,35,True,True,0.024679,f452b9ffa43fb02623dfeba8197b5b42,10
C_exact,6,216,1,6,T,36,True,True,0.029591,d626b9d68f3fc297179694772b77c11f,12
C_exact,6,216,1,6,T,37,True,True,0.024195,600896232eb7a1caf425756a28c97fe5,6
C_exact,6,216,1,6,T,38,True,True,0.028162,a8b5d77106c51ba8decfdeddf1d7fe07,10
C_exact,6,216,1,6,T,39,True,True,0.029383,8cdcdb873f188535a5dd7e0ecf8463a3,12
C_exact,6,216,1,6,T,40,True,True,0.0389,bbd8c0e1b7d84cdacd30a0bf207fbf91,6
C_exact,6,216,1,6,T,41,True,True,0.0381,a20dd706a598e27c28eb80ac419a32ef,10
C_exact,6,216,1,6,T,42,True,True,0.033185,3fac8f82314f65c522e8f9a5cd5226a9,12
C_exact,6,216,1,6,T,44,True,True,0.031985,c163fe5f442526a5ca06f581e11baf03,10
C_exact,6,216,1,6,T,43,True,True,0.034935,be8278eea0f6cd3b08f872b1b75c0150,6
C_exact,6,216,1,6,T,45,True,True,0.039052,dec97ad22bec4450d0eae046bf4fdf27,12
C_exact,6,216,1,6,T,46,True,True,0.029835,a0a1bd316c2c84f2b4c103ae470c1341,10
C_exact,6,216,1,6,T,47,True,True,0.038744,a4750656fab66042676c26e6a13d3afe,6
C_exact,6,216,1,6,T,48,True,True,0.033623,4fc44989ddb96c1e2bd5c57fd58dcea0,12
C_exact,6,216,1,6,T,49,True,True,0.040317,27aa725ae456b11a6f8b45cd87edae44,10
C_exact,6,216,1,6,T,50,True,True,0.040203,5f1b6b598db8fa6faf61f19a30ca54f0,6
C_exact,6,216,1,6,T,51,True,True,0.023304,6eacd34145b32d39b2b0ca1781d5889b,12
C_exact,6,216,1,6,T,52,True,True,0.030358,9dacf0e81a64122a8eb891ca7ede720e,10
C_exact,6,216,1,6,T,53,True,True,0.025799,974a15cd5570ad453ae918772d98055f,6
C_exact,6,216,1,6,T,54,True,True,0.02367,df0789a0fe8ef09b1cbed716b4a78cef,12
C_exact,6,216,1,6,T,56,True,True,0.032076,ff41daccd90867e49d65ab93bff93a11,6
C_exact,6,216,1,6,T,57,True,True,0.02372,d411834bb4cd17a0468159d86062f82e,12
C_exact,6,216,1,6,T,55,True,True,0.035851,762302f1163e7a183ac94c0202d96acf,10
C_exact,6,216,1,6,T,58,True,True,0.024971,e349ea0ebb38bbecad20986a0e15472e,6
C_exact,6,216,1,6,T,59,True,True,0.030808,3694c52773b200b528d3ea503611727e,12
C_exact,6,216,1,6,T,60,True,True,0.027548,3909079be6a33bf5b36ce374f23f40da,10
C_exact,6,216,1,6,T,61,True,True,0.019548,181a5340fa1dde31c15863e844dde820,6
C_exact,6,216,1,6,T,63,True,True,0.026153,16bc61c86acf67650c47f52717b657f3,10
C_exact,6,216,1,6,T,62,True,True,0.033597,83a9989fc5aad640549494fb141c3d24,12
C_exact,6,216,1,6,T,64,True,True,0.022127,ce3b501dbb3190022e44f30343fb3f0e,6
C_exact,6,216,1,6,T,65,True,True,0.027226,d20182ff63178814a45f19a9c3ae4bfa,10
C_exact,6,216,1,6,T,66,True,True,0.033196,82c68f25a3211ef38330dc6abbe07b56,12
C_exact,6,216,1,6,T,67,True,True,0.024318,c56c0a33144cd382328b23267ba09135,6
C_exact,6,216,1,6,T,68,True,True,0.023856,aaad9a021496dba58af2e3d669fcda0a,10
C_exact,6,216,1,6,T,70,True,True,0.035276,f31f9fca5776b9c8cfd97c87bcd48e7a,6
C_exact,6,216,1,6,T,69,True,True,0.032136,5c9a053c64b49e6a5a88bf3ae8d4b337,12
C_exact,6,216,1,6,T,71,True,True,0.025391,2b52ac2df105e65b3d3bf48a7c1c0c3b,10
C_exact,6,216,1,6,T,72,True,True,0.026104,0a5ae9d02168d6175e26ed3adf6c9503,6
C_exact,6,216,1,6,T,73,True,True,0.025261,763bb6ed86f4d9438d2454f775c137f1,12
C_exact,6,216,1,6,T,74,True,True,0.032308,1323aa86148fb2ddf405729acbacec92,10
C_exact,6,216,1,6,T,75,True,True,0.024489,285008974cc95d4449fe377b68ce3a7b,6
C_exact,6,216,1,6,T,76,True,True,0.023989,5bb274abf7dce6caaa602ac88f514755,12
C_exact,6,216,1,6,T,77,True,True,0.030519,6d8351059b95b6a8a98f7a7f8f6fa65f,10
C_exact,6,216,1,6,T,79,True,True,0.021715,67f498527cc4a0b52030b38812ec81b0,12
C_exact,6,216,1,6,T,78,True,True,0.030877,fdf874b946d9ba1cc12973fd06aa0e90,6
C_exact,6,216,1,6,T,80,True,True,0.028842,c058e217fdce356444219ae40adc2d95,10
C_exact,6,216,1,6,T,81,True,True,0.021934,40bed6096ff483cc7975178a43b6fc92,12
C_exact,6,216,1,6,T,82,True,True,0.020601,a3275aeca64278c4e695449c83e41c0b,6
C_exact,6,216,1,6,T,83,True,True,0.020646,49433b05e79da69782b2f47e5b26701c,10
C_exact,6,216,1,6,T,84,True,True,0.024643,0b41467ecbe2fc2d464b46ebf037106d,12
C_exact,6,216,1,6,T,85,True,True,0.021436,c0bf5a1c0a4b262989500e856a884e91,6
C_exact,6,216,1,6,T,86,True,True,0.029352,2c4f0a94109b017af5937a1269f791bc,10
C_exact,6,216,1,6,T,87,True,True,0.022413,b3e79e2821ce1acf3789b711015b84cc,12
C_exact,6,216,1,6,T,88,True,True,0.021297,a9aa28588c7421b6e9cdf9b2ee16dc09,6
C_exact,6,216,1,6,T,90,True,True,0.02047,e34d9993cf328cde2e062c3878bf3d9e,12
C_exact,6,216,1,6,T,89,True,True,0.032239,4294bfb1e33af07666804eaa62b8ea53,10
C_exact,6,216,1,6,T,91,True,True,0.021875,96bbbf7f6a2e1da39015c16c90729ee7,6
C_exact,6,216,1,6,T,92,True,True,0.030147,9119f370621b7ded7170772f52dabdf5,12
C_exact,6,216,1,6,T,94,True,True,0.022416,2955edc1dd3c29d42cae7b49bf075691,6
C_exact,6,216,1,6,T,93,True,True,0.029905,702abef936f921a5c5f17ae9d133badc,10
C_exact,6,216,1,6,T,96,True,True,0.032147,999ee71a18162d56864731fb174684a0,6
C_exact,6,216,1,6,T,97,True,True,0.035369,447863b53b34d022caeac00f545e58af,10
C_exact,6,216,1,6,T,98,True,True,0.02346,5bc5c6434f08fca0ac852368881c9f5b,6
C_exact,6,216,1,6,T,99,True,True,0.028559,c6f46358d33e1850cfb34fa893714653,10
C_exact,6,216,1,6,T,100,True,True,0.026843,d8d75b27ce49c0f59b1664f97ba224d4,6
C_exact,6,216,1,6,T,95,True,True,0.167742,daf8d60bdd152d185b85cda55b041906,12
python_exact,6,216,1,6,T,11,True,True,0.123326,a01c278d857e84477074dc2a84248217,10
python_exact,6,216,1,6,T,12,True,True,0.239291,5a607d90eadf186f68cc1afe590feb16,6
python_exact,6,216,1,6,T,14,True,True,0.138485,5c67449458d88022951002a9b601f1ca,10
python_exact,6,216,1,6,T,13,True,True,0.276706,0293ff3551f349b0a125133be6f1f349,12
python_exact,6,216,1,6,T,17,True,True,0.033017,af777164bb36ca9535b09d6b3576e092,12
python_exact,6,216,1,6,T,16,True,True,0.123585,dc3ed59778bcc72da00b633833983eb4,10
python_exact,6,216,1,6,T,19,True,True,0.073914,3d6dfb29c7d5f300e29179f7ace344c6,10
python_exact,6,216,1,6,T,18,True,True,0.102312,38b506b9aa413ea7cddb6cfc0df4cd6f,12
python_exact,6,216,1,6,T,21,True,True,0.056046,9b05f454ca8d9f27d79b0e4268d6e5d2,12
python_exact,6,216,1,6,T,22,True,True,0.050324,668004e2fda05b45cd1820cd0a93c528,12
python_exact,6,216,1,6,T,20,True,True,0.139386,94ec641e93aa741468fbce6d985b587c,10
python_exact,6,216,1,6,T,23,True,True,0.040433,f666af9234aa8c9ec0b266553c106fdb,12
python_exact,6,216,1,6,T,25,True,True,0.085318,d4a74ca62fbf97dc0ad9b1e8d60d5916,12
python_exact,6,216,1,6,T,24,True,True,0.276626,e865e3ef301a7a328d9b5504595172db,10
python_exact,6,216,1,6,T,27,True,True,0.180028,b7530a71da3e43649e214a48a37b675c,10
python_exact,6,216,1,6,T,28,True,True,0.139999,5049045ecedefa30706848d9ca0d557c,10
python_exact,6,216,1,6,T,29,True,True,0.055444,89ad124aa1b33c5cf105077c15b4d22b,10
python_exact,6,216,1,6,T,30,True,True,0.095935,e4c6a01496436034717f94163544e74b,10
python_exact,6,216,1,6,T,31,True,True,0.146393,7c75f204e83fe2870f4923bc00e8578f,10
python_exact,6,216,1,6,T,15,True,True,1.257321,9673724ec5cd691937464d58e69f3bd7,6
python_exact,6,216,1,6,T,33,True,True,0.020881,6a7d8dd644fb7fb44137e84f02d1409f,6
python_exact,6,216,1,6,T,34,True,True,0.104723,1efb5e05aa1fa4f017439434f871ce66,6
python_exact,6,216,1,6,T,32,True,True,0.126085,39ea9035920d90758ee536aab3064287,10
python_exact,6,216,1,6,T,35,True,True,0.053643,8cfd652f0b5d6818571dc09d5c2f04be,6
python_exact,6,216,1,6,T,37,True,True,0.061405,2de07ab39028478f4b99b320df35bc03,6
python_exact,6,216,1,6,T,36,True,True,0.184533,cb69eb6d75eeed9b4d30dbc3430286df,10
python_exact,6,216,1,6,T,38,True,True,0.161018,d1e041fbbb951a93c073fb6c45e3cca3,6
python_exact,6,216,1,6,T,39,True,True,0.178155,b9ac443c3ba605528807b3b1e76066ac,10
python_exact,6,216,1,6,T,40,True,True,0.183553,62cad69da5e18c4a6ea2ef709ba1e49a,6
python_exact,6,216,1,6,T,42,True,True,0.056169,6e3809fa29d40c168692d8bd25763618,6
python_exact,6,216,1,6,T,41,True,True,0.181523,b4517d8914ec44333469eeb1fdedb303,10
python_exact,6,216,1,6,T,44,True,True,0.144356,52a8e175bb8f12b60c3279315eb63998,10
python_exact,6,216,1,6,T,26,True,True,1.665261,8d664a1d969c45dc1644dd4b860518fc,12
python_exact,6,216,1,6,T,43,True,True,0.230206,8ea83b67ac2be96c98cad6ccbe5a991f,6
python_exact,6,216,1,6,T,45,True,True,0.086213,b5bc2da6b486bccf950285cf38bc90a8,10
python_exact,6,216,1,6,T,47,True,True,0.056001,e66f885753612a9f9de52f3868fcbfe6,6
python_exact,6,216,1,6,T,46,True,True,0.092117,efeaa4017a096ed8c3b6eaa4a152b0dc,12
python_exact,6,216,1,6,T,49,True,True,0.076419,3b6af75584d7a0a33126f4c7935451ea,6
python_exact,6,216,1,6,T,50,True,True,0.084106,0cb817aff7b42dbcb1728f1d85d14bb1,12
python_exact,6,216,1,6,T,51,True,True,0.043023,242b7c1671aa0f7f937983f151a3872d,6
python_exact,6,216,1,6,T,53,True,True,0.047723,d41a27ecec437b5769252e3b5d33bc8a,6
python_exact,6,216,1,6,T,48,True,True,0.242431,677889a8a507731cdf74110d7fa175ba,10
python_exact,6,216,1,6,T,52,True,True,0.172985,871f568e754fccfad576f7f15d713061,12
python_exact,6,216,1,6,T,55,True,True,0.074848,5312fcd1004aa4170aa50e88b07c2ee7,10
python_exact,6,216,1,6,T,56,True,True,0.105427,782a720a5877dd92dd5e3cd209679fcf,12
python_exact,6,216,1,6,T,57,True,True,0.123573,a2a41355579651a4c78f1cdf1453d24c,10
python_exact,6,216,1,6,T,59,True,True,0.105594,cd487f33359edb148d7a04f18253c3f2,10
python_exact,6,216,1,6,T,58,True,True,0.16556,26e9a415048c8c18a816c38b379b03ab,12
python_exact,6,216,1,6,T,61,True,True,0.073635,3375620aa711363924be3b20ae77dcea,12
python_exact,6,216,1,6,T,62,True,True,0.109488,32c9c3ea34a6842f3b142fe2f9c05e25,12
python_exact,6,216,1,6,T,63,True,True,0.080884,66708daaf9c5b96e34f4ae3fd2435732,12
python_exact,6,216,1,6,T,60,True,True,0.299043,7afe78b86ca255cda9bc08f24bad8e39,10
python_exact,6,216,1,6,T,65,True,True,0.094584,f7b1f1452339f5c1ce2f2885ac05dfd2,10
python_exact,6,216,1,6,T,64,True,True,0.154929,e4abd0958301e3f3492cbae170288de5,12
python_exact,6,216,1,6,T,67,True,True,0.08631,6a45031670104c88fbef4e278c3e4b9a,12
python_exact,6,216,1,6,T,68,True,True,0.075051,a515417568782dc8b82e764acc22053f,12
python_exact,6,216,1,6,T,66,True,True,0.278098,e6bc3b55a7887b763aab92f4565e94e7,10
python_exact,6,216,1,6,T,69,True,True,0.155448,610b045e90a2dde03f958a0eea2bce79,12
python_exact,6,216,1,6,T,71,True,True,0.074485,c31166a822ecd3ea22aafc43ba2fbf9a,12
python_exact,6,216,1,6,T,72,True,True,0.060284,fa497809d937dafa54d76f6e797c783e,12
python_exact,6,216,1,6,T,54,True,True,1.432752,d479a08580d8ab0552ef0070d1a64c70,6
python_exact,6,216,1,6,T,70,True,True,0.404342,57fcbb365785bae17b625d74f749247a,10
python_exact,6,216,1,6,T,73,True,True,0.192647,b369325d1fbb0e7eb5ca14f231a32c0d,12
python_exact,6,216,1,6,T,75,True,True,0.060013,176745ee8e1f140c96969857c54bf13f,10
python_exact,6,216,1,6,T,74,True,True,0.102706,2f35829c14b7cd0139aea01fe07f3d32,6
python_exact,6,216,1,6,T,78,True,True,0.048564,b2fbf6f3453ad78289fe64a52070f09f,6
python_exact,6,216,1,6,T,79,True,True,0.135288,e8f7e85a7576cbeec13d66e4f5879db7,6
python_exact,6,216,1,6,T,77,True,True,0.25312,2b8b3de21d3f977f9f0b8349fe27cb16,10
python_exact,6,216,1,6,T,80,True,True,0.162335,881aae61ef9534908d39c49b4e9f85b8,6
python_exact,6,216,1,6,T,82,True,True,0.096952,c820b321c44b921df217b20dcdc31662,6
python_exact,6,216,1,6,T,83,True,True,0.072631,3a88b3e8443daca7d2395e630dbb96cf,6
python_exact,6,216,1,6,T,81,True,True,0.336088,8c5ef75695e74ef0dbdb7a50314d1c46,10
python_exact,6,216,1,6,T,84,True,True,0.180215,e692bf8da3ce0c7dca332ba9cbb594b5,6
python_exact,6,216,1,6,T,85,True,True,0.146027,a9d61b155fa2c826836c07f0f199ecef,10
python_pruning,6,216,2,18,B,96,True,True,45.602718,6c0d6b45f6aebfbe8d51bdc92eb4f061,2
python_exact,6,216,1,6,T,86,True,True,0.049574,3dffa63e012505293843dbc3be88e8bb,6
python_exact,6,216,1,6,T,87,True,True,0.061216,48b2a53a35803558b20706b59b000e6a,10
python_exact,6,216,1,6,T,90,True,True,0.055649,5dd500969052ab21367a418fc7902db9,10
python_exact,6,216,1,6,T,89,True,True,0.100217,e15294b0d2d21cc14e7287b210974d87,6
python_exact,6,216,1,6,T,88,True,True,0.13971,426f010bed3ac004808d952f85e0ee11,2
python_exact,6,216,1,6,T,93,True,True,0.084782,e0ccfe59eb44c878d5cdabd672ad74d8,2
python_exact,6,216,1,6,T,91,True,True,0.164579,d4666abd96e12ac02ff74ba5a48775a7,10
python_exact,6,216,1,6,T,92,True,True,0.156108,3f352c7a798e2f5e8ce200d791263a3f,6
python_exact,6,216,1,6,T,96,True,True,0.069418,3baba852e60d21858fd07dcddd1f3d31,6
python_exact,6,216,1,6,T,95,True,True,0.104434,55d5343b17709c0ebc6d3e06be1fcc7e,10
python_exact,6,216,1,6,T,97,True,True,0.066399,c9207ab8b5d0e5bdf7f2d955e217e097,6
python_exact,6,216,1,6,T,98,True,True,0.11239,7ca2d8405406255d869e0f5a5bb20c16,10
python_exact,6,216,1,6,T,94,True,True,0.275519,a46ed52978e906210fd083494a56a179,2
python_exact,6,216,1,6,T,99,True,True,0.138217,de488e1bc549fae9f0965f6ada998315,6
python_exact,6,216,1,6,T,100,True,True,0.114497,e96d6b311e1420a8a7f8fb0ca35e5b45,10
python_exact,6,216,1,6,T,76,True,True,1.555178,8d6ed96c8d9aa3d984acdf91c0f2e89e,12
C_exact,6,216,1,6,B,11,True,True,0.363001,26434956ea9c685f6b6df2c0a0cb5df6,2
C_exact,6,216,1,6,B,12,True,True,0.377697,0c85ae94391902361f0e9291e6698fe4,6
C_exact,6,216,1,6,B,13,True,True,0.362124,427288ddc16fed2a6f1866f8f8783a15,10
C_exact,6,216,1,6,B,14,True,True,0.313788,5d98a9b7a7c033baf06beecac878eff9,12
C_exact,6,216,1,6,B,15,True,True,0.360304,cd10b8429b56ae78e080600eb9b47b49,2
C_exact,6,216,1,6,B,16,True,True,0.321591,3d23208a606707b9c113a9ddf5364dda,6
python_pruning,6,216,2,18,B,92,True,True,70.453901,f10c052d70f1b8d2449fc4169e5f4807,8
C_exact,6,216,1,6,B,17,True,True,0.378711,854ac221629b17cbbe9d1a926269213c,10
C_exact,6,216,1,6,B,18,True,True,0.357504,e9c3ad73a507738cd35ee45be894a8ae,12
C_exact,6,216,1,6,B,19,True,True,0.336652,e4006e22010339958cafb340d38bc6a2,2
C_exact,6,216,1,6,B,20,True,True,0.379411,e796380b8af599db5b5e4732fb80b210,6
C_exact,6,216,1,6,B,21,True,True,0.388134,c822cb2b14ce5444e5f5ad73072a9b8d,8
C_exact,6,216,1,6,B,22,True,True,0.338208,29d22510b7ca5e92c1d38f7abfa2b66e,10
C_exact,6,216,1,6,B,23,True,True,0.358423,03459ddb20b7c4445da9e0cc12d835af,12
C_exact,6,216,1,6,B,24,True,True,0.338707,b7dabcd0df48f2c8d174c1bceb36564b,2
C_exact,6,216,1,6,B,27,True,True,0.378436,0b2b31bb9eb1d0bb5aa1d566b6f2f1c4,10
C_exact,6,216,1,6,B,25,True,True,0.425705,c06959ed2d0134090f3fa68db10d7865,6
C_exact,6,216,1,6,B,26,True,True,0.386179,bd62425459ec5eedc2f69f3f3bcc5cc0,8
C_exact,6,216,1,6,B,28,True,True,0.376941,b351c7aad090f2ce54fb4207128adb11,12
C_exact,6,216,1,6,B,29,True,True,0.378066,327e795f54fce8dbcfa12736f23d72c2,2
C_exact,6,216,1,6,B,32,True,True,0.321337,9ba069e81f704a5df2d2fad2de8d6cf9,8
C_exact,6,216,1,6,B,30,True,True,0.361404,d35af71c26247670109db669c7c49bd0,10
C_exact,6,216,1,6,B,31,True,True,0.369708,504054f2eceef67de36a2de94605f0d0,6
C_exact,6,216,1,6,B,33,True,True,0.362729,6ac2980d644064c32fe8e6a55b8771ea,12
C_exact,6,216,1,6,B,34,True,True,0.376323,8ee26215a134af243bc8f97c0c74c665,2
C_exact,6,216,1,6,B,35,True,True,0.367593,11b39e6681c412e618c4bfe6f1173131,8
C_exact,6,216,1,6,B,36,True,True,0.343652,512b6815f514346e21ef36bea20e1251,10
C_exact,6,216,1,6,B,37,True,True,0.335956,85ba1be1cc72453cdeb87525d9cbf8d6,6
C_exact,6,216,1,6,B,38,True,True,0.365021,b2e1076164c09326ddf173b29eacb030,12
C_exact,6,216,1,6,B,39,True,True,0.381698,241137d847ed30fc9a4986583ecaf2f9,2
C_exact,6,216,1,6,B,40,True,True,0.36758,6fc1890796870b1bae4e3560a6f31bec,8
C_exact,6,216,1,6,B,41,True,True,0.366667,515a93406ce2ed5f8bf235046d00175a,10
C_exact,6,216,1,6,B,42,True,True,0.374896,b4f5cfb815d6519fcfe90f8dc6ffd121,6
C_exact,6,216,1,6,B,43,True,True,0.349205,3c8b936759aef65001e5a739014edd27,12
C_exact,6,216,1,6,B,44,True,True,0.365457,dd9930abb3d754535575676c579a4f1b,2
C_exact,6,216,1,6,B,47,True,True,0.334336,4fb68e4447fa779259f43a205390b3a2,6
C_exact,6,216,1,6,B,46,True,True,0.357808,cf23943bcb2e2d0ea5dfcb4fdf09afb5,10
C_exact,6,216,1,6,B,45,True,True,0.383491,2204814cf60c95c79b6ba7124ac4539b,8
C_exact,6,216,1,6,B,48,True,True,0.358725,6ed71a26289db721caeeeec0562aa02b,12
C_exact,6,216,1,6,B,49,True,True,0.369308,a1c164e71484a86c7c3c9c5a46552799,2
C_exact,6,216,1,6,B,51,True,True,0.361268,8b139edc1ecfb5ce7b2660a7c6c24fe7,10
C_exact,6,216,1,6,B,50,True,True,0.375388,923ac94c859965c34befb638eb496f14,6
C_exact,6,216,1,6,B,52,True,True,0.379572,1ea7c4638c4bb647faaf8990a7e98eb1,8
C_exact,6,216,1,6,B,53,True,True,0.36668,ea7d5e7fb022c6e072452ea286567529,12
C_exact,6,216,1,6,B,55,True,True,0.322492,5ebcf3d89778246d3b2933f1ec2fad52,10
C_exact,6,216,1,6,B,54,True,True,0.380241,e89692f66c76de41300512fb6a643a0b,2
C_exact,6,216,1,6,B,56,True,True,0.369589,cff013bd3e0675ad849673604fd92c4b,6
C_exact,6,216,1,6,B,57,True,True,0.360388,43fecdfb7040340c18cde407646f8fc0,8
C_exact,6,216,1,6,B,58,True,True,0.38083,06b630449fa5c4977fefca2c9c4bd96b,12
python_pruning,6,216,2,18,B,98,True,True,42.50355,665c9149d4fcb80def1317830da5943d,0
C_exact,6,216,1,6,B,59,True,True,0.396471,fa44d99c5e11f9bf2463ed4661d1811c,10
C_exact,6,216,1,6,B,61,True,True,0.362351,58cbff909c70ea9c826eddec2a6687f4,6
C_exact,6,216,1,6,B,60,True,True,0.449174,4130f4c39e3a1de3e9d18e16bd2551b5,2
C_exact,6,216,1,6,B,62,True,True,0.416727,bde707912da03528484e38257780f2e4,8
C_exact,6,216,1,6,B,63,True,True,0.379811,d3454c82f3a761f6c430bd38d4c4fe6f,12
C_exact,6,216,1,6,B,64,True,True,0.422204,1d5a7e09a38cdecdc66d0e9eac7a4517,0
C_exact,6,216,1,6,B,65,True,True,0.405643,2f53193c531ff0ee30d5d9c9bfdf61a2,10
C_exact,6,216,1,6,B,67,True,True,0.366437,7b71498a659348c0fc8492c91e21f1fc,2
C_exact,6,216,1,6,B,66,True,True,0.402865,2d4f5eea7ed87f24511b100dedea85cd,6
C_exact,6,216,1,6,B,68,True,True,0.379556,cf9fb0ccc80e8340f9869ee6d21a04a5,8
C_exact,6,216,1,6,B,69,True,True,0.368559,e892bcd9f564ca3cb3c71663be5ef82b,12
C_exact,6,216,1,6,B,70,True,True,0.334654,b59d7356dfef42e9b27b1d8ca94b8d23,0
C_exact,6,216,1,6,B,71,True,True,0.369785,157eef3ec88d43bbfb5d06c0b7e0fd7a,10
C_exact,6,216,1,6,B,73,True,True,0.357197,a53f0d72d5c2855d68a2a994417046ac,6
C_exact,6,216,1,6,B,72,True,True,0.372679,24c7d3993a69ac15b7d06bb4cb66398e,2
C_exact,6,216,1,6,B,74,True,True,0.360521,55703a696b47ec4226bd675b5ab9569d,8
C_exact,6,216,1,6,B,75,True,True,0.35764,5d5de02a5567d9841544706a97e822bf,12
C_exact,6,216,1,6,B,76,True,True,0.368905,59292f2c7932b0170fed7c4b995a018e,0
C_exact,6,216,1,6,B,80,True,True,0.290772,bb1e6b83a4c71b560236b893d7a004f0,8
C_exact,6,216,1,6,B,77,True,True,0.37422,ae61561a6a6c4b601867bcce7f2e9171,10
C_exact,6,216,1,6,B,78,True,True,0.342762,f8a22e4192f6f4ee52e8ae8a9721cdae,6
C_exact,6,216,1,6,B,81,True,True,0.346812,00cd3ac68094e9f1a601a6b5abbc14c7,12
C_exact,6,216,1,6,B,79,True,True,0.399286,5189353b61fc7ca163e477d42ba7b5e5,2
C_exact,6,216,1,6,B,83,True,True,0.31704,f2c697aab4682268697e88de02ce351f,8
C_exact,6,216,1,6,B,82,True,True,0.361818,75e203425c7ce206167eed1ad021e3b6,0
C_exact,6,216,1,6,B,84,True,True,0.353743,6dd7a365db4ac349b2d50b4ada852238,10
C_exact,6,216,1,6,B,85,True,True,0.356749,a4491ef3987254c9d30bc89ab3535102,6
C_exact,6,216,1,6,B,86,True,True,0.35758,efbae10a02cbbd1bb6322b90a31e5b54,12
C_exact,6,216,1,6,B,87,True,True,0.366507,d869e1c11b69bf0d99fa855b5b8f258d,2
C_exact,6,216,1,6,B,88,True,True,0.356447,f514c64066ac8777dcb4edcd2ad085f1,8
C_exact,6,216,1,6,B,89,True,True,0.380712,a8ab4c668556496a72c0ed109241ea4f,0
C_exact,6,216,1,6,B,90,True,True,0.353453,3aeeb7e899a68f4939e02071688880d2,10
C_exact,6,216,1,6,B,91,True,True,0.361042,11eb37b75ece03669170b689040a32bb,6
C_exact,6,216,1,6,B,92,True,True,0.32407,eaf364281c47cb80f95939573802a107,12
C_exact,6,216,1,6,B,93,True,True,0.360349,17c54d8acb8b71c31ddd7764bc3fb91d,2
C_exact,6,216,1,6,B,95,True,True,0.320289,2cfd9926269faef2cf95335bdada85d4,0
C_exact,6,216,1,6,B,94,True,True,0.358928,a23478f680d81d44844f878c28211487,8
C_exact,6,216,1,6,B,96,True,True,0.364671,4c0c464f1374042cbbfe4dcf83e37517,10
C_exact,6,216,1,6,B,97,True,True,0.360725,db968237e3631859aded8ce549afb958,6
C_exact,6,216,1,6,B,98,True,True,0.3707,31294675677130424fe34f64f7a49bfe,12
C_exact,6,216,1,6,B,99,True,True,0.363923,8b4396464477511e4bbb4d6fd41d53e3,2
C_exact,6,216,1,6,B,100,True,True,0.364224,e9bc24c9aa02a9b2ad4ee6f49bb93c41,0
python_pruning,6,216,2,18,B,80,False,False,120.007065,,14
python_pruning,6,216,2,18,B,97,True,True,51.985153,2823922fb65645c226fc00611f3d47ff,4
python_exact,6,216,1,6,B,13,True,True,11.520762,816661fb03316ad68f859550e36fe563,6
python_exact,6,216,1,6,B,14,True,True,11.697844,e83e46bbd29d3e7142876c5def55bef2,12
python_exact,6,216,1,6,B,17,True,True,11.366743,d5ada266699695aeaf22b414b8721043,14
python_exact,6,216,1,6,B,16,True,True,12.438071,30822e73f20800bb0ca2ad502fc828f6,0
python_exact,6,216,1,6,B,18,True,True,12.432632,6bc1dce5b11b7bbca9b4888f4e5f4f70,4
python_exact,6,216,1,6,B,11,True,True,13.63411,da1f25d3eacc93f31448f0024539eca9,8
python_exact,6,216,1,6,B,12,True,True,14.917539,0c62dfb1ac5edb200b29b19376bcb898,10
python_exact,6,216,1,6,B,15,True,True,17.848396,7f54e5b04808dae4dac35c4c2b0823f0,2
python_exact,6,216,1,6,B,21,True,True,11.213456,b51095ca022badbb3eb804f9336c4dcf,14
python_exact,6,216,1,6,B,20,True,True,12.136131,6e1a2b61c7d4dff37ab61328f97c7a7c,12
python_exact,6,216,1,6,B,23,True,True,11.570372,814f8eb5d7cff225d58304d91d42d70a,4
python_exact,6,216,1,6,B,19,True,True,13.696546,7aa00380ec0388558d2d8e2205b49a7f,6
python_exact,6,216,1,6,B,24,True,True,12.133573,97bf9a5a5fe50ad3909173731a2eb482,8
python_exact,6,216,1,6,B,22,True,True,17.504002,f892209a820867eee389e9a991199a53,0
python_exact,6,216,1,6,B,26,True,True,13.216706,0f8c43d4f83db2eec411ce483677f851,2
python_exact,6,216,1,6,B,25,True,True,16.57867,3dc001662049b11cdb7194d31c911e67,10
python_exact,6,216,1,6,B,27,True,True,12.112693,644ab42a860235b35b7ef93c29581ae3,14
python_exact,6,216,1,6,B,28,True,True,12.029009,c8b2bb80157a6146683aff06315eaa51,12
python_exact,6,216,1,6,B,29,True,True,11.809171,af6b257aeaad08064c9a5b3bb87af0e5,4
python_exact,6,216,1,6,B,30,True,True,12.413144,db2b239e70c4a6cbf76c07e536d917ae,6
python_exact,6,216,1,6,B,31,True,True,12.130457,9f1b33f4f83ef86194498da2de28655a,8
python_exact,6,216,1,6,B,33,True,True,12.282553,b9efd055f3bdc66165552fee223aa115,2
python_exact,6,216,1,6,B,35,True,True,10.19695,74b50f0d50a302ce1a43a30395204bcc,14
python_exact,6,216,1,6,B,36,True,True,12.051139,7d3821bdc94bb7d550d7176b1f2feacb,12
python_exact,6,216,1,6,B,34,True,True,16.550591,d321a2bbd4fd4897d8687a214ed28313,10
python_exact,6,216,1,6,B,32,True,True,18.58544,b356ce27a44195727892479502109e16,0
python_exact,6,216,1,6,B,37,True,True,12.19098,ba73f7b6d85ce93c83cfc9e92c1c6e13,4
python_exact,6,216,1,6,B,38,True,True,11.787685,11901e489cb071a2a9a3151a1f3b239c,6
python_exact,6,216,1,6,B,39,True,True,12.094858,2a97f5aa5d172c5269fd3e74902caa92,8
python_exact,6,216,1,6,B,40,True,True,12.323997,e38dc392376277edfe10e9f6142664f0,2
python_exact,6,216,1,6,B,41,True,True,11.367887,5a915f45ba2b648974267ec70e3a7c4f,14
python_exact,6,216,1,6,B,42,True,True,12.048648,8d9b03798519c43b6fa70c152052fa5e,12
python_exact,6,216,1,6,B,45,True,True,11.724612,5da4fc744d443a1e83f7c3177a429536,4
python_exact,6,216,1,6,B,46,True,True,11.502244,0d6c793d8ccf0c7afa5f90f5dd79531c,6
python_exact,6,216,1,6,B,43,True,True,13.128268,b8718b1055a781e80582a137c481cf04,10
python_exact,6,216,1,6,B,47,True,True,13.757081,88555a456e65f385cecf6861cc388f1c,8
python_exact,6,216,1,6,B,44,True,True,16.361242,e910dcda65149723b6b8006304635866,0
python_exact,6,216,1,6,B,49,True,True,10.957339,cfaf4825a9a11fe97cb2dbd0f18daea9,14
python_exact,6,216,1,6,B,48,True,True,12.427549,d7a7b565349779228b88514e958e2961,2
python_exact,6,216,1,6,B,50,True,True,11.376067,26e05f799af554e03605ffc10ec1220f,12
python_exact,6,216,1,6,B,51,True,True,11.651836,271ddee09d10ce068b6b8673ccdbb104,4
python_exact,6,216,1,6,B,52,True,True,13.141868,d30a61adfa67e2a424eaaad406998319,6
python_exact,6,216,1,6,B,53,True,True,13.326932,d5df28cfcd4c06f21a24866e6a8022f6,10
python_exact,6,216,1,6,B,56,True,True,11.461993,d970511d787180c5d1d68d50c902940d,14
python_exact,6,216,1,6,B,54,True,True,15.585024,35fdedbe2f9d1c77da5712434c2a8281,8
python_exact,6,216,1,6,B,55,True,True,15.057733,9c5424e9c95ce73004f028f032b33d9e,0
python_exact,6,216,1,6,B,57,True,True,12.074409,24a1558c6a16f98fb0c7c43bf1f674ed,2
python_exact,6,216,1,6,B,58,True,True,11.753252,eeb7e9441ad1e9ccaed3b80a5a7b4818,12
python_exact,6,216,1,6,B,59,True,True,10.911045,a6b025905bebdff5bab86ebabea62b98,4
python_exact,6,216,1,6,B,60,True,True,11.611767,3b88f6b51c7ed2662b8ed4c1ce28d02d,6
python_exact,6,216,1,6,B,61,True,True,12.137931,f6ea83232ba601c7d6d52fb5dcebb846,10
python_exact,6,216,1,6,B,62,True,True,12.098277,9daaf84df5db281e6eefc4ec1d40b526,14
python_exact,6,216,1,6,B,65,True,True,12.727916,423c972d0b95d1c1fc551da092e5b74e,2
python_exact,6,216,1,6,B,63,True,True,14.196094,2de4f96f7dce3e3d81229e98d99c6252,8
python_exact,6,216,1,6,B,67,True,True,12.152622,62f7efde8aa30d78132ce6d203d0eabd,4
python_exact,6,216,1,6,B,66,True,True,12.294358,ee26028605fb1c91f5ec00140090f4a2,12
python_exact,6,216,1,6,B,68,True,True,11.642469,20921212b92b2db8ea989699d544a9a3,6
python_exact,6,216,1,6,B,64,True,True,20.094316,d0604e2e516fcb9e9317c63315c6502f,0
python_exact,6,216,1,6,B,69,True,True,16.45597,ee1754d51ac31bc419825651fdb109ff,10
python_exact,6,216,1,6,B,70,True,True,12.0362,306f8ffb1c3f708ccdc7b24ed31becec,14
python_exact,6,216,1,6,B,71,True,True,11.72973,7db66d83a6d729ae40d96d46ff70ff02,2
python_exact,6,216,1,6,B,72,True,True,14.009904,8e4e1739d6329a5060d556a999c3e95a,8
python_exact,6,216,1,6,B,74,True,True,13.253547,eaf1e4df43764529dc39439cd57d78ff,12
python_exact,6,216,1,6,B,73,True,True,13.885005,34c8aa8d747f89399269456b3a4199d1,4
python_exact,6,216,1,6,B,75,True,True,12.723065,794aa70eb0dd3bf8274dbf1f65915bbc,6
python_exact,6,216,1,6,B,78,True,True,13.207577,785ba10005597021d0082bf6c8363b2c,14
python_exact,6,216,1,6,B,79,True,True,12.112884,9e39f039b830157d7f831448c9e2732c,2
python_exact,6,216,1,6,B,76,True,True,17.761156,faceb792685b281fec49a1f814972831,0
python_exact,6,216,1,6,B,80,True,True,11.564444,b282d3907f4d935787977c60c4611f2c,8
python_exact,6,216,1,6,B,81,True,True,12.568261,68effb92bf7d7968eec2808b1a6a346a,12
python_exact,6,216,1,6,B,77,True,True,18.188139,b34e76beba5181c38edee115bae25d8f,10
python_exact,6,216,1,6,B,82,True,True,12.70113,2a7238906ffbd0511a909ad8d6a5035b,4
python_exact,6,216,1,6,B,83,True,True,13.326915,52e5b9c0cb3395e1b91081b0d2b9abe1,6
python_exact,6,216,1,6,B,84,True,True,11.048956,f4027d57fb051c28e80ab1b1aca06b33,14
python_exact,6,216,1,6,B,85,True,True,12.236859,94ccd16fe3609d72fc1a302d7b205ac7,2
python_exact,6,216,1,6,B,87,True,True,12.99894,ff38a2cdb3ea10179c99cbfdeb20cd5a,8
python_exact,6,216,1,6,B,88,True,True,12.49196,986b8afc5fefbf84f8e7bd80d6aa06e0,12
python_exact,6,216,1,6,B,89,True,True,13.100304,b18811a5a97ab0352204d3cc48aeea8c,10
python_exact,6,216,1,6,B,90,True,True,12.568943,afd7b8ae4179d697df794f90099b3c64,4
python_exact,6,216,1,6,B,86,True,True,17.106701,bf961bb352e53375bd125687d4e3750a,0
python_exact,6,216,1,6,B,91,True,True,12.747211,43b37a0c74fd7306f710c298c8bac167,6
python_exact,6,216,1,6,B,92,True,True,13.6334,d16a924e8430d7c836c74ddafc932a04,14
python_exact,6,216,1,6,B,98,True,True,11.648212,f0d5cf73bb356696f772fa31cb0fa42b,0
C_pruning,6,216,2,18,A,11,True,True,0.109627,cb8334aa45b58c64c5aa4fa34e3113ef,0
python_exact,6,216,1,6,B,93,True,True,17.939697,57f996eafc6a0f705fb39b00c7b9e373,2
C_pruning,6,216,2,18,A,13,True,True,0.073089,9f7349f9b688dd743ac1ede5171823a0,2
C_pruning,6,216,2,18,A,12,True,True,0.120016,1dcb979c2f7f99109bc09a0cebb769aa,0
C_pruning,6,216,2,18,A,14,True,True,0.100315,5e98f6b65b98e816b7caff94b0721aab,2
C_pruning,6,216,2,18,A,15,True,True,0.09206,ec506ea9ebacd72322ee4a6c8f8e96c2,0
C_pruning,6,216,2,18,A,16,True,True,0.040838,10058f10addc260642e140302e3eb4e1,2
C_pruning,6,216,2,18,A,17,True,True,0.04693,96a00fcaf67408b8d455b885e27e8581,0
C_pruning,6,216,2,18,A,18,True,True,0.048556,603673ed9d9bc2bfa0b66e070234308c,2
C_pruning,6,216,2,18,A,19,True,True,0.074841,b12d55b3c71995780d8e346bc3b9130a,0
C_pruning,6,216,2,18,A,20,True,True,0.044596,cead6a548d7f76142937a42a3cf1c4f0,2
C_pruning,6,216,2,18,A,22,True,True,0.039436,708dd6c186a21bd9f766ea8d1fd68ef7,2
C_pruning,6,216,2,18,A,21,True,True,0.082553,9e0e7241897f68ab31c3277d8b70c3cf,0
C_pruning,6,216,2,18,A,23,True,True,0.031739,d0bfba2c87cd053a1505a5ebfe792f17,2
C_pruning,6,216,2,18,A,24,True,True,0.039404,44eb51232b0493a75539d6bdef7c6bde,0
C_pruning,6,216,2,18,A,25,True,True,0.04332,48508585e1663b7b32e71438092b5986,2
C_pruning,6,216,2,18,A,26,True,True,0.031922,9b4573171e88eb29c4019a721de86260,0
C_pruning,6,216,2,18,A,27,True,True,0.034947,d7a483eadbdb23d48f103095ee232108,2
C_pruning,6,216,2,18,A,28,True,True,0.091479,ccc81fc5a6cbde2b571cc6e5df16ed72,0
C_pruning,6,216,2,18,A,30,True,True,0.070253,3681f425172cecd8de91751ead3a26fd,0
C_pruning,6,216,2,18,A,29,True,True,0.196575,946d17bd71fe21ed0c695daefcdb48c0,2
C_pruning,6,216,2,18,A,31,True,True,0.060387,caa863b78291ed7e445bbbe5f52ae295,0
C_pruning,6,216,2,18,A,33,True,True,0.069674,85e5e67db10652b0ce57d34d8fbe09df,0
C_pruning,6,216,2,18,A,32,True,True,0.152563,c20ae432ce91858fcc473f313ae48468,2
C_pruning,6,216,2,18,A,34,True,True,0.041274,f9afd0e163963ee2cd7454ba328c111f,0
python_exact,6,216,1,6,B,97,True,True,13.553686,a03b41cbdaedc043d6a98079a145ff6d,4
C_pruning,6,216,2,18,A,35,True,True,0.055959,ac5518eac0d59e60262a2ecb3eed70a3,2
python_exact,6,216,1,6,B,94,True,True,16.044869,fe6172f8dbe4026021f806e7c7b385cf,8
C_pruning,6,216,2,18,A,36,True,True,0.073093,8743df211b3eef5a95fa0eef8bd100be,0
C_pruning,6,216,2,18,A,37,True,True,0.089745,4cbd1a7fea4ed1e11daa549b800f3b75,4
C_pruning,6,216,2,18,A,39,True,True,0.039841,8375dd0d913c564b3357eae80acd0f8b,8
C_pruning,6,216,2,18,A,40,True,True,0.065356,1a21c3dcfceec4a85a6996e23a2088bc,0
C_pruning,6,216,2,18,A,38,True,True,0.130237,63a95dc7b7bf69c67284e9ce6e10f820,2
C_pruning,6,216,2,18,A,41,True,True,0.096746,a2ec3272f263056f7c113097db27974c,4
C_pruning,6,216,2,18,A,44,True,True,0.03928,af95ec73e30166eca07b98a045a6af68,2
C_pruning,6,216,2,18,A,43,True,True,0.071652,40a20456cf127d58cc52329bc217fcf3,0
C_pruning,6,216,2,18,A,45,True,True,0.033516,d08cce33dbba65dc6dc2bd6d8dfd8ead,4
C_pruning,6,216,2,18,A,46,True,True,0.045124,b1722419c263503b048608194b05b47f,2
C_pruning,6,216,2,18,A,47,True,True,0.072078,80fac441c73d271c7cf106c78fd4c46c,0
C_pruning,6,216,2,18,A,49,True,True,0.049989,dcc2541d3753df5b9fcac208242a11ef,2
C_pruning,6,216,2,18,A,42,True,True,0.247575,3055d0a2c99f27b0e611ecb79b5f2ba1,8
C_pruning,6,216,2,18,A,48,True,True,0.120648,0f903feccc1ebf8ac87d626a95cfc8b3,4
C_pruning,6,216,2,18,A,52,True,True,0.03897,619b1b6e728a5bbae6ed7c16ef6433df,8
C_pruning,6,216,2,18,A,53,True,True,0.041043,5074e1b56bc5ef2ca3b508a6c72251e0,4
C_pruning,6,216,2,18,A,50,True,True,0.107515,ba392af31e2e9ae6f6ffd22e4ef29c70,0
C_pruning,6,216,2,18,A,51,True,True,0.123864,6092dbf4d6df72e39af3e2442e48bb85,2
C_pruning,6,216,2,18,A,55,True,True,0.069553,e6e697bdff575c138a767da818f201ff,4
C_pruning,6,216,2,18,A,57,True,True,0.043254,4114c807ef915fb731bafc5a176528bd,2
C_pruning,6,216,2,18,A,58,True,True,0.039263,7df71735c131d249cbc95785ec7cac79,4
C_pruning,6,216,2,18,A,56,True,True,0.13869,fa426bc64f12ed8da98d77bf446c148e,0
C_pruning,6,216,2,18,A,59,True,True,0.058191,83547b3dba397f62b0e6d4d1b5f3b23d,2
C_pruning,6,216,2,18,A,60,True,True,0.072585,0109ca93487daf75dabb6c331e5e66e0,4
C_pruning,6,216,2,18,A,62,True,True,0.057299,a759bede8c63f47dc7403095fdc5c56c,2
C_pruning,6,216,2,18,A,61,True,True,0.069233,a95529869abef0746db9c866fcbc71c9,0
C_pruning,6,216,2,18,A,54,True,True,0.274476,353e88194b88cfd483a2e9dd186fec14,8
C_pruning,6,216,2,18,A,64,True,True,0.031857,851cfe86ef58d4ec11b01091b5583bfb,2
C_pruning,6,216,2,18,A,65,True,True,0.046146,e5f2f9a28057d2d8513b7d0eec8615df,0
C_pruning,6,216,2,18,A,68,True,True,0.042771,9ade80705da5faa177e30c1737f570bf,0
C_pruning,6,216,2,18,A,63,True,True,0.129194,ed51f1ebcaf4506f7e069cf08f451d31,4
C_pruning,6,216,2,18,A,66,True,True,0.141103,2ac5b49f186de84c098c7a86c0646c12,8
C_pruning,6,216,2,18,A,67,True,True,0.135713,bdd5c6880c62bb2ff6f8084a34e40099,2
C_pruning,6,216,2,18,A,69,True,True,0.046315,7416e25bfbb5d280fd9a26352131bccf,0
C_pruning,6,216,2,18,A,70,True,True,0.053741,7307e2c477021cfd75fcc61bf3c76040,4
python_exact,6,216,1,6,B,96,True,True,14.572197,efb296ecc52c4f27c9891d4824eb31c5,10
C_pruning,6,216,2,18,A,74,True,True,0.043131,4fa501e3cceb401b2d7ad6ef12a57f6a,4
C_pruning,6,216,2,18,A,73,True,True,0.05173,5d1b1c02a228c92c62e8695d9dae58d1,0
C_pruning,6,216,2,18,A,76,True,True,0.045298,d531832f35af87264b407d6730fa6e18,4
C_pruning,6,216,2,18,A,75,True,True,0.088778,5adb2d676e07172802408f3af3995df4,10
C_pruning,6,216,2,18,A,71,True,True,0.133865,b68859355ec90eeacba57cbd2c6cedcb,8
C_pruning,6,216,2,18,A,72,True,True,0.145489,2185e11921f70c1d2e840bae50a5bc03,2
C_pruning,6,216,2,18,A,78,True,True,0.059461,3e871d46590981396b83d43bc372b0a7,4
C_pruning,6,216,2,18,A,79,True,True,0.052099,8b869396cb8b0149b49a37fd9d9e696e,10
C_pruning,6,216,2,18,A,81,True,True,0.037743,e028f2b061c53a20488f1082392760e1,2
C_pruning,6,216,2,18,A,77,True,True,0.170129,cc4ce608426c684fbb773f401da3b487,0
C_pruning,6,216,2,18,A,83,True,True,0.045291,72bc982d9206829510b96d0b4465313f,10
C_pruning,6,216,2,18,A,82,True,True,0.06088,aa7336fb0199df07a3d18bf32b578b1a,4
C_pruning,6,216,2,18,A,84,True,True,0.046286,bb0d64289c9cbf0e713ff0c09fd04b4f,2
C_pruning,6,216,2,18,A,85,True,True,0.033242,a6a615bcd520c17d335ce6f040b71cdf,0
C_pruning,6,216,2,18,A,87,True,True,0.045479,bee18325a23dcc565486309d96e13f55,4
C_pruning,6,216,2,18,A,86,True,True,0.112457,ec91f6a57a613407d81d2f6937fd36a0,10
C_pruning,6,216,2,18,A,90,True,True,0.042418,e85ad4095888a9425c7cc9cec255205d,4
C_pruning,6,216,2,18,A,88,True,True,0.079167,041dc6c8d5d112bcf27434fd2043ba77,2
C_pruning,6,216,2,18,A,89,True,True,0.088271,3d1437809dd3097406b398df9e7a737d,0
C_pruning,6,216,2,18,A,92,True,True,0.045582,7fe9751071e3b6735831452dbc2f1f6c,4
C_pruning,6,216,2,18,A,91,True,True,0.063155,690c1dadb0d96052df9f11ba48431b70,10
C_pruning,6,216,2,18,A,94,True,True,0.049677,422c2a02fc4408052c1099d5b40ff0e6,0
C_pruning,6,216,2,18,A,93,True,True,0.071162,7cd755770ffa228dc16f59fcca088b03,2
C_pruning,6,216,2,18,A,98,True,True,0.05113,a6a2f57719c47c4fac0999f6971c19d4,2
C_pruning,6,216,2,18,A,96,True,True,0.075215,7fb435a04202468932f35cc1190c0ff9,10
C_pruning,6,216,2,18,A,97,True,True,0.085213,6e61082b3a81f115e3c939d85efa6c72,0
C_pruning,6,216,2,18,A,80,True,True,0.429094,6c99ea9083e672afa46668a2709bf170,8
C_pruning,6,216,2,18,A,95,True,True,0.132011,bf4d2993ed6778c3d6addbfa285f4191,4
C_pruning,6,216,2,18,A,99,True,True,0.050634,80a2a9a8ee12d93e901fb45b7f2315d4,2
python_pruning,6,216,2,18,A,11,True,True,0.045272,84f4fc1ae52bc182b410c1606ee3ad7c,0
C_pruning,6,216,2,18,A,100,True,True,0.094869,ffcba63a4adbb651200b6627de96c304,10
python_pruning,6,216,2,18,A,15,True,True,0.058149,932c72fb9776785953862cb450fc9742,0
python_pruning,6,216,2,18,A,14,True,True,0.098059,7628d52821e0e5c89f988c728db36f78,2
python_pruning,6,216,2,18,A,17,True,True,0.031061,a03bd3588740253653cd59edf937fcdc,0
python_pruning,6,216,2,18,A,13,True,True,0.150218,2ded4eee2bbb8cf241006245339d57f5,4
python_pruning,6,216,2,18,A,19,True,True,0.037756,d16ef54425f243f2eb60e11d282ffd4c,0
python_pruning,6,216,2,18,A,12,True,True,0.175127,cd7330b84ee67d25c6d9aaa54bf4964e,8
python_pruning,6,216,2,18,A,16,True,True,0.100285,e3c6c6d26ef1aaa595c3e35bff1dba79,10
python_pruning,6,216,2,18,A,20,True,True,0.030398,c38e8416daa207829132a1a8d133415e,4
python_pruning,6,216,2,18,A,23,True,True,0.061122,a48a29eb2d4387afe0268dddbe2de0e4,10
python_pruning,6,216,2,18,A,21,True,True,0.086249,8166f643196ace2ec9fc094edcedee12,0
python_pruning,6,216,2,18,A,18,True,True,0.122677,1cb11d0a984c29b19cd7760a4b49f1f4,2
python_pruning,6,216,2,18,A,24,True,True,0.138232,3f501b0d3dea0d03f233727d1f8e22b5,4
python_pruning,6,216,2,18,A,25,True,True,0.167011,42d39714d0db22c0d9c3d5cb2db663a1,10
python_pruning,6,216,2,18,A,26,True,True,0.164526,57a98ece8c477e88b86a5df4e7686da7,0
python_pruning,6,216,2,18,A,28,True,True,0.141145,d08c1850965ce58c3bcdba1dbc73394f,4
python_pruning,6,216,2,18,A,29,True,True,0.069828,7a2ddbc6a1d01e99597dbce299c1eb8f,10
python_pruning,6,216,2,18,A,22,True,True,0.311739,fe61808cf1fe2164b5ac7638bb78f884,8
python_pruning,6,216,2,18,A,31,True,True,0.03122,9ab7466b5d7f2712471e0695ee8c1054,4
python_pruning,6,216,2,18,A,30,True,True,0.108739,557de1650aa4990aa905f272118549ff,0
python_pruning,6,216,2,18,A,33,True,True,0.086377,23df4d244b8e58e3074c8f1dbd715fca,8
python_pruning,6,216,2,18,A,35,True,True,0.060881,151029f48d79de7dfa78f24c2ad8858e,0
python_pruning,6,216,2,18,A,34,True,True,0.093179,b086a1734677b7906decf2033908bbc6,4
python_pruning,6,216,2,18,A,38,True,True,0.087817,e174ed372071dd34e44b9e8345ec62c8,4
python_pruning,6,216,2,18,A,32,True,True,0.22589,de05388f8accacb81de5231bb3f1dc8c,10
python_exact,6,216,1,6,B,95,True,True,16.475279,bf193eb23f7286df7f85e1dd6b46338d,12
python_pruning,6,216,2,18,A,36,True,True,0.156181,439acfc0e1e5b27dcafcbeb423bc5c49,8
python_pruning,6,216,2,18,A,27,True,True,0.507428,6273211edd02ecafc98ce10ee8d146e6,2
python_pruning,6,216,2,18,A,39,True,True,0.082025,ffbe639fe5b98d1b624ed4717b065e02,4
python_pruning,6,216,2,18,A,41,True,True,0.051097,47c2cfd92e34c471682877135f3dba66,12
python_pruning,6,216,2,18,A,45,True,True,0.046765,07712723c6fe4f9379ebec1993f65adb,12
python_pruning,6,216,2,18,A,37,True,True,0.256306,d3aa3013f7a1e8c2bef92eef83340f69,0
python_pruning,6,216,2,18,A,42,True,True,0.117249,d430833c84d4adae07554eaf4d7b596c,8
python_pruning,6,216,2,18,A,44,True,True,0.081798,0e6ccc2fe2aa03b83fa93f16ec32eda2,4
python_pruning,6,216,2,18,A,46,True,True,0.046612,ba4440280d69719fe83d33c4ebb3a49e,12
python_pruning,6,216,2,18,A,50,True,True,0.049629,403b467159f8a5c906ebd89e35303a3a,12
python_pruning,6,216,2,18,A,47,True,True,0.09603,5fc188998845c5dd77bbce78b1b456ef,0
python_pruning,6,216,2,18,A,40,True,True,0.244454,8b5f79f6b52f34e3e8f7e28488b41679,10
python_pruning,6,216,2,18,A,51,True,True,0.048149,4d5c3bbb9e2f935845be3ca54cd8f91b,12
python_pruning,6,216,2,18,A,54,True,True,0.041406,4a536db7a3961c84d6a673465d46c7ab,12
python_pruning,6,216,2,18,A,49,True,True,0.184053,a784c3a8e613136780e9f51895cb9406,4
python_pruning,6,216,2,18,A,52,True,True,0.100228,9873a3a7af11ed0f84cbed7d36eec2b2,0
python_pruning,6,216,2,18,A,48,True,True,0.25697,c3e3451730dddf99c0644ab140b95d40,8
python_pruning,6,216,2,18,A,53,True,True,0.183395,3112f2cc51c06bec0c6f327cd0a2f01b,10
python_pruning,6,216,2,18,A,55,True,True,0.137399,f7f4bdd102a61b67447f4180d56d3ab8,12
python_pruning,6,216,2,18,A,57,True,True,0.134867,c11037d07ac18cc8b6ecb3c233226ef1,0
python_pruning,6,216,2,18,A,43,True,True,0.442735,cb5394c2bc8c295a28948a18bfdf3563,2
python_pruning,6,216,2,18,A,58,True,True,0.097782,7e7f0ba5d1e7053e6d4e032c359f5bd1,8
python_pruning,6,216,2,18,A,59,True,True,0.086086,af2e714a0f9ec42946cd76bff3516972,10
python_pruning,6,216,2,18,A,63,True,True,0.046003,45f0a1c10691f780972e0836f9933fc8,8
python_pruning,6,216,2,18,A,61,True,True,0.09508,8281b402e217e56eb4691f9529fa1f48,0
python_pruning,6,216,2,18,A,60,True,True,0.129037,823b7e1e36c14e83fc722e3875582895,12
python_pruning,6,216,2,18,A,56,True,True,0.291427,3274d05309979ec13ad7d1810686e1a3,4
python_pruning,6,216,2,18,A,62,True,True,0.123463,ebff76dea2374a6aa2f75151f0476cc7,2
python_pruning,6,216,2,18,A,64,True,True,0.114737,955e9620ef67c786026032f6ce6db265,10
python_pruning,6,216,2,18,A,66,True,True,0.061783,6f81a8e19d7a5940fbd9148d6696e7ae,0
python_pruning,6,216,2,18,A,67,True,True,0.044626,f252050f8b1bf03940f2ceb4f74b0512,12
python_pruning,6,216,2,18,A,65,True,True,0.122064,04075433eed510d7782a88ad5d654a53,8
python_pruning,6,216,2,18,A,69,True,True,0.084085,63b4ed465778901d806f03e804e52e1e,2
python_pruning,6,216,2,18,A,68,True,True,0.122131,d0f1dad4d2dddaf73ea6bebee7861080,4
python_pruning,6,216,2,18,A,73,True,True,0.094228,73204c8287e93bd117d7299d2ed19deb,8
python_pruning,6,216,2,18,A,70,True,True,0.163939,e228078c1f12a4993c1ec7aaec84b507,10
python_pruning,6,216,2,18,A,71,True,True,0.188696,dab5e082e391af979bc47026f39b3e89,0
python_pruning,6,216,2,18,A,75,True,True,0.082994,2403d4afb5987fce2802b34f0d0bfdbb,4
python_pruning,6,216,2,18,A,77,True,True,0.032426,72a97847554227eea1a03745ec235953,10
python_pruning,6,216,2,18,A,80,True,True,0.03217,74e600caebf1a2134ffcf5b35c075dac,10
python_exact,6,216,1,6,B,99,True,True,14.978826,5ec3cf96c093e7692939298957633c22,6
python_pruning,6,216,2,18,A,81,True,True,0.031415,7fa0438cb6504ec5f4d7763e340a1ffe,10
python_pruning,6,216,2,18,A,76,True,True,0.15131,cc3dba51e8f5fb63114635a899c31afc,8
python_pruning,6,216,2,18,A,83,True,True,0.031981,674787d51e5acabab2bf58c7ab1d4f3e,10
python_pruning,6,216,2,18,A,82,True,True,0.063438,2e81c0dcb849f19db1bd416553fa56de,6
python_pruning,6,216,2,18,A,78,True,True,0.186021,d0c9fd64be52d31c63bd0c457c5a23b2,0
python_pruning,6,216,2,18,A,84,True,True,0.094232,0100f68343aa622feab8776651ca6f42,8
python_pruning,6,216,2,18,A,86,True,True,0.083507,395a078654434ef67b8a82363118aa72,6
python_pruning,6,216,2,18,A,88,True,True,0.045439,7058a12a758de66d421cb42b9c3c9da3,8
python_pruning,6,216,2,18,A,87,True,True,0.061214,99370c586f5af5815cbb859ce2293271,0
python_pruning,6,216,2,18,A,74,True,True,0.375135,55ad08a545d34c10559a1ddaca81b358,2
python_pruning,6,216,2,18,A,72,True,True,0.460952,8948beb2f6dcd4eb084b5f9ff700c3c5,12
python_pruning,6,216,2,18,A,91,True,True,0.034088,7c66495a948734d2f6c9aa4e80b5aa3b,0
python_pruning,6,216,2,18,A,79,True,True,0.296752,c00967de22320198fee6f04ca431d873,4
python_pruning,6,216,2,18,A,92,True,True,0.052576,70337abe7fae95b2091179fdc48803ae,2
python_pruning,6,216,2,18,A,89,True,True,0.129827,b43946f5e1c809f70bd16e1cb5a3fe7e,6
python_pruning,6,216,2,18,A,90,True,True,0.125844,742a0a35a97f30e4677ba7d62c9a28ae,8
python_pruning,6,216,2,18,A,96,True,True,0.04526,bba47fe0eac577263ac206891c425c82,2
python_pruning,6,216,2,18,A,94,True,True,0.100173,f52e2b15b5dd90c93b8eca9152417c8e,0
python_pruning,6,216,2,18,A,98,True,True,0.044927,576502516dbedadf13b3f890822952cf,8
python_pruning,6,216,2,18,A,93,True,True,0.159661,ecdf0ecf026a803d8318a3d09339dc45,12
C_exact,6,216,2,18,A,11,True,True,0.054794,b819b8effaaa7756dd256ce8a429a9f3,8
python_pruning,6,216,2,18,A,99,True,True,0.107642,1e53c406c282b2dc31b7236a1d953c30,2
C_exact,6,216,2,18,A,12,True,True,0.042636,3d6891309aec424f359af4f68d91304b,12
python_pruning,6,216,2,18,A,97,True,True,0.157406,e3d0abcf433ceb15c3dc2efd14bfce77,6
C_exact,6,216,2,18,A,14,True,True,0.047334,dd782b170393ec10adb46d4396c74b1b,2
C_exact,6,216,2,18,A,13,True,True,0.051439,145cd84083a810b5ed8f9220b7a9d693,8
C_exact,6,216,2,18,A,15,True,True,0.036245,6a11bfec10d6b4882da45770bf76f7ff,12
C_exact,6,216,2,18,A,16,True,True,0.027489,6a744ce297276394c8de5b8fd4d822b9,6
C_exact,6,216,2,18,A,17,True,True,0.026239,1596e72763bae64f00669c8ec5ca878f,2
C_exact,6,216,2,18,A,19,True,True,0.020345,3d5be7303813057856674b1790d20bbf,12
python_pruning,6,216,2,18,A,100,True,True,0.218353,51a37081d0c1d0689484f16cf33d50de,0
python_pruning,6,216,2,18,A,85,True,True,0.512717,17baa0a0b69d8e4a53e30d9bd24abc97,10
C_exact,6,216,2,18,A,18,True,True,0.101223,00f84e99f532c6937c059ff4b4f777bd,8
C_exact,6,216,2,18,A,21,True,True,0.063391,fc788a49cc2c817ef08e5d4442d850a1,2
C_exact,6,216,2,18,A,20,True,True,0.067286,3fc149de4eb52def96bfdbf0dd5a389f,6
C_exact,6,216,2,18,A,22,True,True,0.06128,96bbd734015272c73071af626d22cbb8,12
C_exact,6,216,2,18,A,23,True,True,0.02603,170477aedb7af64df08ff5c7a6b4716f,0
C_exact,6,216,2,18,A,26,True,True,0.027505,44dbc21b284b437676c5c8951607a310,2
C_exact,6,216,2,18,A,25,True,True,0.033327,890b5e8b4dae49b66bb1a986275a1473,8
C_exact,6,216,2,18,A,24,True,True,0.039753,09293d63ad9762eedd94d005a968af0a,10
C_exact,6,216,2,18,A,28,True,True,0.028719,e6639c1422e72300d36d4cd606a18de6,12
C_exact,6,216,2,18,A,27,True,True,0.033379,7879e702b4e5ff7e975a2f00f84cc314,6
C_exact,6,216,2,18,A,29,True,True,0.027998,0f21e6bbe632ca53038abe6856126736,0
C_exact,6,216,2,18,A,31,True,True,0.047854,4cf7981969181afe4640e867fa7014f5,8
C_exact,6,216,2,18,A,30,True,True,0.051762,ce41fa7b6d8ed259ad68505fca60396a,2
C_exact,6,216,2,18,A,33,True,True,0.04344,a35009101b994a7e1f6042a914f6ec44,12
C_exact,6,216,2,18,A,34,True,True,0.047497,faa93a2ad4d783d37fa0343c1233541a,6
C_exact,6,216,2,18,A,32,True,True,0.049422,07bcf222f197840cb2bc7e7c67bdaf2c,10
C_exact,6,216,2,18,A,35,True,True,0.046043,cdb259296c86039255e814e1cd50ee86,0
python_pruning,6,216,2,18,A,95,True,True,0.479911,558166804dfd796d7744aaac5f0cb0b7,4
C_exact,6,216,2,18,A,36,True,True,0.043947,0e16eb2458cc2f57d558c7d1c3e0b492,8
C_exact,6,216,2,18,A,37,True,True,0.050654,6afdee186e20692f2c1f3a5115a2216d,2
C_exact,6,216,2,18,A,38,True,True,0.048251,4a3d88d16cedd6185b9441f9d522253c,12
C_exact,6,216,2,18,A,40,True,True,0.050578,0795b0fa06981034bd950b3319dec562,10
C_exact,6,216,2,18,A,41,True,True,0.045124,3ff3c84f1791a1d885035a3f102f21b8,0
C_exact,6,216,2,18,A,39,True,True,0.055993,dafa88d08672a7284ceaebb7e53842e9,6
C_exact,6,216,2,18,A,43,True,True,0.058746,340eb5d0e627affe5156de14a59c84ff,8
C_exact,6,216,2,18,A,42,True,True,0.078223,ad4412fc1ca47d61e69ef66bc39dd9c7,4
C_exact,6,216,2,18,A,47,True,True,0.062136,53dcae4b42b11901e3206e05a10fcc2e,0
C_exact,6,216,2,18,A,44,True,True,0.071646,f9551f8ce2673fc9de29402ba896716e,2
C_exact,6,216,2,18,A,46,True,True,0.063949,10948a9d11625a941465121b6ef9dd97,10
C_exact,6,216,2,18,A,48,True,True,0.052282,f217559db81f609c942e2b3627a00506,6
C_exact,6,216,2,18,A,45,True,True,0.071107,814765fc6f756cfe88c4aba739ebcd7c,12
C_exact,6,216,2,18,A,49,True,True,0.038307,9ba4a4d841973e1c3b2913386a4811a9,8
C_exact,6,216,2,18,A,50,True,True,0.10268,ac91ebce10b733a3c269e358a870148a,4
C_exact,6,216,2,18,A,52,True,True,0.091558,6e9bebae85d26b746cc617cf24dd7cd7,2
C_exact,6,216,2,18,A,51,True,True,0.092949,2ae46f9d5a2b1f77768b35ac32e39b31,0
C_exact,6,216,2,18,A,53,True,True,0.099254,d788af50a38a016626bc1b32e6ea2166,10
C_exact,6,216,2,18,A,55,True,True,0.094738,62175679add2d1cf8b5edfabfb771bf7,12
C_exact,6,216,2,18,A,54,True,True,0.099282,c86aaa5005fa2663d90b3e9eec3a197a,6
C_exact,6,216,2,18,A,56,True,True,0.079773,6d0d06abe3bc71f0a44eb5f44bf1a365,8
C_exact,6,216,2,18,A,61,True,True,0.051196,988fe0185d6425f3c44b84826fd07a59,12
C_exact,6,216,2,18,A,60,True,True,0.046306,a44ac1c08ac785196714e2c0154fd146,10
C_exact,6,216,2,18,A,59,True,True,0.051406,20f9e24946f89bced8633a468bf7ff62,0
C_exact,6,216,2,18,A,62,True,True,0.044404,db8503604b741dc01126f14f553ddf46,6
C_exact,6,216,2,18,A,58,True,True,0.047029,8660007c1e599f2ad1b4de75d5efd724,2
C_exact,6,216,2,18,A,57,True,True,0.046783,9b8dbb5aa0a0a0eb629b467d7a4f82cf,4
C_exact,6,216,2,18,A,63,True,True,0.075284,8ac33698443ceabc6ffeed6a4eeebc83,8
C_exact,6,216,2,18,A,69,True,True,0.062304,73e2e22838652b50815355de8ae6715a,4
C_exact,6,216,2,18,A,64,True,True,0.062875,1670feaeb374083331158eda585626b8,12
C_exact,6,216,2,18,A,68,True,True,0.062713,92b556b30948e42188f86bada9591ada,2
C_exact,6,216,2,18,A,67,True,True,0.067594,938194e5424fdcd792730f32f9e1ff4e,6
C_exact,6,216,2,18,A,66,True,True,0.071801,ada6e16d803d4efa0df515fe9f54e9e2,0
C_exact,6,216,2,18,A,65,True,True,0.075091,dfbd573a2da85774cd4945d2140ff63b,10
C_exact,6,216,2,18,A,70,True,True,0.075317,26fd9fb5eb2080da557024b02c598679,8
C_exact,6,216,2,18,A,72,True,True,0.048397,e0afd2f253b36114fc224659c137b87f,4
C_exact,6,216,2,18,A,73,True,True,0.051289,21332f2652f17aaa4559bda6d7fb4c3e,2
C_exact,6,216,2,18,A,75,True,True,0.043505,b66b498a65113baef2546a9c272b74f4,0
C_exact,6,216,2,18,A,76,True,True,0.0337,3662248f45e8275622ae1e658cde7d4c,10
C_exact,6,216,2,18,A,71,True,True,0.046334,48c82ff30719bdde40829f53306a7a8c,12
C_exact,6,216,2,18,A,74,True,True,0.054777,7801b3b3777d101bd987025bf2db131a,6
C_exact,6,216,2,18,A,77,True,True,0.034204,2a054b14bb4fe9f4fdb93c1c1e911010,8
C_exact,6,216,2,18,A,82,True,True,0.057876,56c6f215ec4a872ff9ea9a9f3f32dc0f,12
C_exact,6,216,2,18,A,84,True,True,0.071638,51db23ad2072c10fa43bba6f966355ee,8
C_exact,6,216,2,18,A,78,True,True,0.088119,9a2a2f7daade2299250acb02230aba08,4
C_exact,6,216,2,18,A,79,True,True,0.084808,3da54b8a549dfe1e077171290782aecd,2
C_exact,6,216,2,18,A,83,True,True,0.088727,89bba292c3f3d717614f5862ba73762c,6
C_exact,6,216,2,18,A,80,True,True,0.095632,0b11f3527d6305bc99158d069f242bc4,0
C_exact,6,216,2,18,A,81,True,True,0.096844,02f8acb349551556414445b20f0755fd,10
C_exact,6,216,2,18,A,85,True,True,0.027501,15a90a7de36ea8c60403a90570fa3dee,12
C_exact,6,216,2,18,A,92,True,True,0.048442,f8abc33abb90d5f1a9d8ababc9099b2a,12
C_exact,6,216,2,18,A,88,True,True,0.09178,9ce0f4a9241e1b8e99959aef6eab2d20,2
C_exact,6,216,2,18,A,89,True,True,0.096483,d534cefcc21ee7474d4553df6b5b9730,6
C_exact,6,216,2,18,A,87,True,True,0.083253,23c8765931e932da731a0ff2754d7fef,4
C_exact,6,216,2,18,A,91,True,True,0.095798,b259bb5f63baf739499780272d2e2611,10
C_exact,6,216,2,18,A,86,True,True,0.107034,d7890c1ee15be36e50d8aec5ac1871d2,8
C_exact,6,216,2,18,A,93,True,True,0.038076,4049dcbf5410c2c4c46e98229229fa41,12
C_exact,6,216,2,18,A,90,True,True,0.104298,ac3bffb3fcb13affc312e4185126a0f3,0
C_exact,6,216,2,18,A,99,True,True,0.039676,4f704669f61531106d0a3306abb71f39,12
C_exact,6,216,2,18,A,94,True,True,0.053876,f567fd2e9bb60a72859cf13aa17a0bb9,2
C_exact,6,216,2,18,A,100,True,True,0.037696,c8dac854c6f765d5ad13dc1e98f814ae,0
C_exact,6,216,2,18,A,97,True,True,0.047503,b13b92c8d30f7c95ce523de0e95aa873,10
C_exact,6,216,2,18,A,95,True,True,0.045307,5268ca9a9d37c36e71bffec77dcd64c5,6
C_exact,6,216,2,18,A,96,True,True,0.054565,b1bc4a7af02703198478fd411fca84b5,4
C_exact,6,216,2,18,A,98,True,True,0.045287,7c394509dba09406d84eb4fc7da977aa,8
python_exact,6,216,2,18,A,12,True,True,0.010635,08bb98b4cb6159f0013ca4465c2c4d4f,2
python_exact,6,216,2,18,A,11,True,True,0.011316,f9a36fa4b9fcb2cf8df1c33a78bd3e7c,12
python_exact,6,216,2,18,A,15,True,True,0.011012,a5a9443dfff69fd7804188cae8fd7bec,6
python_exact,6,216,2,18,A,14,True,True,0.014057,1688a214d689583739ec79ff24367d3a,10
python_exact,6,216,2,18,A,13,True,True,0.019472,1b1b154b8dc38b3f1da162a91099ad8e,0
python_exact,6,216,2,18,A,20,True,True,0.010345,f0f0a122241ae631dc4edaba8c2d2e83,6
python_exact,6,216,2,18,A,17,True,True,0.021237,afd88d045e7434865c51d0ca6c1978cc,8
python_exact,6,216,2,18,A,16,True,True,0.025289,b3ddfbfef175aac38064ea86a6e93771,4
python_exact,6,216,2,18,A,19,True,True,0.016587,041194cea06582c456ae8d50b0ff0497,12
python_exact,6,216,2,18,A,21,True,True,0.01493,692810c6b971f67e96cea0d0db8d400b,10
python_exact,6,216,2,18,A,23,True,True,0.015078,e9ee1a4ad7f8d4c3bea1973d7354f23b,6
python_exact,6,216,2,18,A,27,True,True,0.010329,a626a6e7a5fe454a57e042b43c5f1c1d,10
python_exact,6,216,2,18,A,22,True,True,0.024636,ec489f51b2cfba9df5531869f5f87d92,0
python_exact,6,216,2,18,A,25,True,True,0.01634,9f48c2441b2f7fe6f6d2c6f8a5c24f32,4
python_exact,6,216,2,18,A,26,True,True,0.016498,923a61d9d6683e342bc55bc52ccb5411,12
python_exact,6,216,2,18,A,24,True,True,0.020732,e2c345d998995bf256c0eab3e87b5a7a,8
python_exact,6,216,2,18,A,28,True,True,0.010604,b85d7b54870f5e63db9dd3df80f11dd0,6
python_exact,6,216,2,18,A,29,True,True,0.013674,3c8aabb6f272df1b9977cd6e9e4ccb88,10
python_exact,6,216,2,18,A,30,True,True,0.014636,e6aaff3bec8526c71a7e4ce9d28b39d2,0
python_exact,6,216,2,18,A,18,True,True,0.050587,6ee56dc3ef7b854f4c21e658a7a081d6,2
python_exact,6,216,2,18,A,32,True,True,0.014826,67ef137321773ceca70a599db09c7cc9,12
python_exact,6,216,2,18,A,31,True,True,0.017358,f29b6c88c0f621b8cd75b14f8f6c90b0,4
python_exact,6,216,2,18,A,34,True,True,0.009997,1eb02a3e7625cd02776cab56b022f426,6
python_exact,6,216,2,18,A,35,True,True,0.01021,22906f3c8404bdf5dcb643bb766e1a9e,10
python_exact,6,216,2,18,A,33,True,True,0.018603,07f2d98e42158fe32ece5abc6eebd3e4,8
python_exact,6,216,2,18,A,37,True,True,0.010721,3a7c4318fee8698cbc3caa69e1631ec9,2
python_exact,6,216,2,18,A,38,True,True,0.011668,b4aa23f7d81f04a0b87e3e2d853ac404,12
python_exact,6,216,2,18,A,39,True,True,0.013497,abe8fc52fb356c6584abe214cc7c0695,4
python_exact,6,216,2,18,A,40,True,True,0.013267,8c53daf3d14bc4ec965b1e75b31ef040,6
python_exact,6,216,2,18,A,43,True,True,0.010339,bc15f906e63cfc793c38f7c6561fe67d,2
python_exact,6,216,2,18,A,41,True,True,0.016041,13a2b7958deb25d6a45ac74b8df613c9,10
python_exact,6,216,2,18,A,44,True,True,0.010122,a412274e5f3c8f63f14d95fdaad5b0bb,12
python_exact,6,216,2,18,A,36,True,True,0.027396,65b3fc97ac537bf9d3770da8e3ab07bc,0
python_exact,6,216,2,18,A,45,True,True,0.015049,f0b6ef0df8fd906ebc429c8516d24e9b,4
python_exact,6,216,2,18,A,46,True,True,0.014873,1aa19b0b74d908f1c9ab1ceab5f89ec2,6
python_exact,6,216,2,18,A,49,True,True,0.010635,2d5d8aea4c83d58c69149e2717901661,12
python_exact,6,216,2,18,A,42,True,True,0.023746,f819b9c9442894705ce016f6539a367b,8
python_exact,6,216,2,18,A,48,True,True,0.016153,c179be2e3994cd6bac9ca5e4c62514dd,10
python_exact,6,216,2,18,A,47,True,True,0.019322,ffc62c37a1503bd383b40d01bef2a88b,2
python_exact,6,216,2,18,A,51,True,True,0.01158,ffc9cb3aca5a4bc9ecbe48955aff1e48,4
python_exact,6,216,2,18,A,50,True,True,0.019219,89aaf8806b9a06b722addc232ae190c4,0
python_exact,6,216,2,18,A,52,True,True,0.01629,5353a1b375b3a091e0c39f308286f8e1,6
python_exact,6,216,2,18,A,55,True,True,0.010475,792008c608462cbd1a7fa53dc741f1dc,10
python_exact,6,216,2,18,A,56,True,True,0.010372,105a8e94bd36372f9d2c8834e648532a,2
python_exact,6,216,2,18,A,53,True,True,0.01784,6fca6ede23582402c744bf43763efb5a,12
python_exact,6,216,2,18,A,57,True,True,0.011906,773e676a7f30fe8511ebc4120cd762a6,4
python_exact,6,216,2,18,A,54,True,True,0.021145,8ed6c14751dd6d58785c2773e0dd9644,8
python_exact,6,216,2,18,A,60,True,True,0.010014,410a5d76ff43a0529de746665f62739e,2
python_exact,6,216,2,18,A,58,True,True,0.014762,10197da9f3328a4c3dc9b389a4220e87,6
python_exact,6,216,2,18,A,59,True,True,0.012918,c817966dc8171b68f813282047565689,10
python_exact,6,216,2,18,A,63,True,True,0.013243,8b69be785f6a7b14610f7d7bf447bc77,4
python_exact,6,216,2,18,A,61,True,True,0.010644,5b45bf1007e7c9ce4de71d73db6f4846,0
python_exact,6,216,2,18,A,62,True,True,0.017716,4b7e6ab19e56b6b5e6944c19777f6773,12
python_exact,6,216,2,18,A,66,True,True,0.010128,03b5aca2bd22951c61438b60f4f6af4a,6
python_exact,6,216,2,18,A,64,True,True,0.016301,98b88407dfa3b9bc0141f959edd6501e,8
python_exact,6,216,2,18,A,65,True,True,0.01463,fcaf00fb0c8d5d2d19e72667b2e279d5,2
python_exact,6,216,2,18,A,67,True,True,0.015512,38b7e095a7e92024094ee90d49e43c67,10
python_exact,6,216,2,18,A,70,True,True,0.015582,79bd1a6a5456498d4c4a769c4c3cbfb3,12
python_exact,6,216,2,18,A,68,True,True,0.018433,01460adb161b475486ecb8f5d633e324,4
python_exact,6,216,2,18,A,69,True,True,0.018482,2ca8c2d7dc28d197d72bf2f99c7904a8,0
python_exact,6,216,2,18,A,73,True,True,0.011599,41f68b637c08cd31f431b7024b83c283,2
python_exact,6,216,2,18,A,71,True,True,0.016066,5a2d053a33c3434f97cc4cda2cc6d29b,6
python_exact,6,216,2,18,A,72,True,True,0.010578,5171eef66be44fec3dfc9335f1243d05,8
python_exact,6,216,2,18,A,74,True,True,0.018581,f072e34db9e0b2e8e71469e1fdc30cfc,10
python_exact,6,216,2,18,A,76,True,True,0.010756,a5b2f319b0716d39845b8c0f6538e96b,4
python_exact,6,216,2,18,A,75,True,True,0.017353,d800d838602f8ab3bfde0b142fa61fac,12
python_exact,6,216,2,18,A,79,True,True,0.014751,a2070c0868584f322fcb72612e0ff04b,6
python_exact,6,216,2,18,A,78,True,True,0.016153,13cf0222025fa0ac43288df9e206cf0c,2
python_exact,6,216,2,18,A,82,True,True,0.01047,bb25d6c87671a59b6d5fb2f9142f0a6c,4
python_exact,6,216,2,18,A,80,True,True,0.017936,283841568990afb9427866bf09f01eae,8
python_exact,6,216,2,18,A,81,True,True,0.015212,4d03b6e5648b6cd5e73acd2747fe5357,10
python_exact,6,216,2,18,A,77,True,True,0.026541,8de33e3bc3107f6378113dff419113c5,0
python_exact,6,216,2,18,A,85,True,True,0.013327,e2215430baf7ef62641c1ca69dba7832,2
python_exact,6,216,2,18,A,86,True,True,0.01031,fd6ac75a75bbf92f89761a2e52a09e05,4
python_exact,6,216,2,18,A,83,True,True,0.016386,236c76107ef2a18f43de8d2c831e418d,12
python_exact,6,216,2,18,A,84,True,True,0.016607,71418cdcf4f93ab7a8bdcf433d979b95,6
python_exact,6,216,2,18,A,88,True,True,0.010266,8e80ae2daff194c7dbaafb786ed1fd7d,10
python_exact,6,216,2,18,A,87,True,True,0.018716,25eedf2736c4b22a3b72b4a2b6d66678,8
python_exact,6,216,2,18,A,90,True,True,0.010345,8b1eb9c944bcbd6868ca2889f57d49d8,2
python_exact,6,216,2,18,A,91,True,True,0.01084,6f831942d627694e45178a7c65f4ee65,4
python_exact,6,216,2,18,A,92,True,True,0.01104,8b14ca97fe3a1058e4633979de923fd6,12
python_exact,6,216,2,18,A,93,True,True,0.012858,e5784cfa8b9de31be5385f05d1796dc9,6
python_exact,6,216,2,18,A,94,True,True,0.01551,e0db6ce988707616c904269d2a9c1802,10
python_exact,6,216,2,18,A,96,True,True,0.010349,6a177a9ae2b4349ac07508ed095c53ee,2
python_exact,6,216,2,18,A,89,True,True,0.031002,447db8e1073884f77fef6cb9f180d999,0
python_exact,6,216,2,18,A,98,True,True,0.010914,304dca687596629b834a4774b50b3886,12
python_exact,6,216,2,18,A,97,True,True,0.015412,2029d9cfbcc9d013647cbad474d0dfcb,4
python_exact,6,216,2,18,A,99,True,True,0.01551,a6c29cd5cd1e2a5c2499df959b0aa880,6
python_exact,6,216,2,18,A,100,True,True,0.010868,3c277524ce8fc2552123c13bbb87cc77,10
python_exact,6,216,2,18,A,95,True,True,0.023377,43710a0150efce26bcc9245fe6ef4361,8
C_pruning,6,216,2,18,T,11,True,True,0.063168,1d94684f490a30984cef332a8035f506,2
C_pruning,6,216,2,18,T,12,True,True,0.091622,4bccfe512e2dc9d29a57c5234f11171b,0
C_pruning,6,216,2,18,T,14,True,True,0.086195,ddd3baf7d71db4734ba167ce2b28e50b,4
C_pruning,6,216,2,18,T,16,True,True,0.0877,ce5583e7a6e46bc95e8596c145ced0a1,10
C_pruning,6,216,2,18,T,17,True,True,0.100147,00a8e2ca40646c64b1ca37360bd26ca4,8
C_pruning,6,216,2,18,T,18,True,True,0.043395,87fe265d3cd2c4b5adbd8c55130e38d2,2
C_pruning,6,216,2,18,T,15,True,True,0.128196,e1342419993fcb2d98f4040f4a4ca3f3,6
C_pruning,6,216,2,18,T,13,True,True,0.144065,86473f3aed7d07a9031599cd0b9b5243,12
C_pruning,6,216,2,18,T,22,True,True,0.036371,d71ffe98070cdbd3e2ad16f7654702ad,8
C_pruning,6,216,2,18,T,21,True,True,0.063031,795a5ad9ce7591f300492a8c93b0a373,10
C_pruning,6,216,2,18,T,24,True,True,0.047545,fa1310babded2ae25cc210c681a8ae0d,6
C_pruning,6,216,2,18,T,19,True,True,0.116312,c5880ba9d01e00ab046eff451a6172c4,0
C_pruning,6,216,2,18,T,27,True,True,0.039833,4e748110a737d2362549242604a99cad,10
C_pruning,6,216,2,18,T,20,True,True,0.143768,986b1cea970723b7af1216bf881914e9,4
C_pruning,6,216,2,18,T,26,True,True,0.071542,ca251417ea2a97a52ae5207e2083d48e,8
C_pruning,6,216,2,18,T,25,True,True,0.098745,0c8facde770edb0f93a838da6819cbd4,12
C_pruning,6,216,2,18,T,30,True,True,0.059047,0b2390ada4c5641961169f8acd8b9c3c,10
C_pruning,6,216,2,18,T,29,True,True,0.065098,3bdb7c8a4bbc60c2ea3600b0bdd3010c,0
C_pruning,6,216,2,18,T,32,True,True,0.046334,f21c3104ae56a203f1905f9a40d41fec,8
C_pruning,6,216,2,18,T,33,True,True,0.039605,c9dd8f2f3534badc1f3d5a0e324c0db3,12
C_pruning,6,216,2,18,T,28,True,True,0.101021,378256f26ac51158b6ea2004572f1ce1,6
C_pruning,6,216,2,18,T,23,True,True,0.190768,954443e1e495ba3fd61b5f5dbf47c176,2
C_pruning,6,216,2,18,T,37,True,True,0.033863,34d3f8dc412f37a8128e583069a386ab,12
C_pruning,6,216,2,18,T,35,True,True,0.05994,0cc38844e610abbd83a7ff7db9993c49,0
C_pruning,6,216,2,18,T,34,True,True,0.07116,46444a970732c65224330c2aa6bc7fb6,10
C_pruning,6,216,2,18,T,38,True,True,0.059267,9b9a25473ba9da1a07f80d46e7816436,6
C_pruning,6,216,2,18,T,31,True,True,0.130923,a521b7cf7ba32487925cdd28f89f1c76,4
C_pruning,6,216,2,18,T,42,True,True,0.037346,9dcdb3a8034483099a4eaa405c64d6c7,10
C_pruning,6,216,2,18,T,40,True,True,0.091717,cd07424df9db15ee53db9e60a5e81859,12
C_pruning,6,216,2,18,T,36,True,True,0.162172,fb7301f5a3eacdb3fc9d16285c099d2a,8
C_pruning,6,216,2,18,T,39,True,True,0.132004,9f43b115bbf9dff90dfb9dd61d685c69,2
C_pruning,6,216,2,18,T,43,True,True,0.09288,fd9087db33d7085958a2729586bbf038,6
C_pruning,6,216,2,18,T,41,True,True,0.13432,9cae04ea26c7ae59f5bb816abf8136f7,0
C_pruning,6,216,2,18,T,47,True,True,0.045144,2422f64566faf29f7d43e95085958fe3,8
C_pruning,6,216,2,18,T,48,True,True,0.066337,7bb3346f4757e3640c2c5754b823291b,2
C_pruning,6,216,2,18,T,44,True,True,0.138089,f41f01cd93771bb2b02e39900352e032,4
C_pruning,6,216,2,18,T,45,True,True,0.149137,5f4b5c7d406cd96755bcede4729f9fc2,10
C_pruning,6,216,2,18,T,50,True,True,0.113244,b737f40183b7e5185e58e42b4f5d370c,0
C_pruning,6,216,2,18,T,46,True,True,0.166992,8c796b1a6a2929b857f38c9d529e7d8d,12
C_pruning,6,216,2,18,T,51,True,True,0.09367,49116f63b020c5cdb1919b89f4256bf1,8
C_pruning,6,216,2,18,T,52,True,True,0.076556,7fe8fc689a467176d9f56d5282101f8d,2
C_pruning,6,216,2,18,T,54,True,True,0.05073,b40775493ba069ad65d0952b22fc0b40,10
C_pruning,6,216,2,18,T,49,True,True,0.156899,39bfe92fcf2423f2a34bd1d2a0248e19,6
C_pruning,6,216,2,18,T,58,True,True,0.100049,dd47304cdae3627da7fc697609c1df0c,2
C_pruning,6,216,2,18,T,56,True,True,0.115642,41d695c77b8321df5762a408182f2347,12
C_pruning,6,216,2,18,T,53,True,True,0.188164,1daa4e854b819ec842e26c724bb9eb5c,4
C_pruning,6,216,2,18,T,59,True,True,0.118068,29ef2d96b74e249e49f1b3a6f077109c,10
C_pruning,6,216,2,18,T,55,True,True,0.135885,bfab504aeaf12a3815adbc29066f6bdb,0
C_pruning,6,216,2,18,T,60,True,True,0.120858,dfc912f548c0799f7cbf8282e002014b,6
C_pruning,6,216,2,18,T,62,True,True,0.056017,4d1aa01f93deca8d7a4099867dae6bd8,12
C_pruning,6,216,2,18,T,57,True,True,0.175684,f88ac672c7b0786e9cec1dc455cff8fe,8
C_pruning,6,216,2,18,T,63,True,True,0.035374,06abe9075603860fcb76e874c15e6b65,4
C_pruning,6,216,2,18,T,65,True,True,0.051169,71d2dac9462ed2cf47cc44a6beaee3af,0
C_pruning,6,216,2,18,T,66,True,True,0.057112,66d27703924e85fbca02fa8e60c50a78,6
C_pruning,6,216,2,18,T,64,True,True,0.081911,c532210ed37674c4a7d728db6cc5ec6b,10
C_pruning,6,216,2,18,T,68,True,True,0.054708,e484444bd647a9f9ab48667eaa757d47,8
C_pruning,6,216,2,18,T,69,True,True,0.067216,4611e96bbf77f662f250497fc08589ad,4
C_pruning,6,216,2,18,T,70,True,True,0.053164,811ebc865b27b3fbc55a7b0020adcc3c,0
C_pruning,6,216,2,18,T,67,True,True,0.124502,81c72c9422517b56e75e8aa1457afa0f,12
C_pruning,6,216,2,18,T,71,True,True,0.078466,0e0f67b4e9615a3011018c52f516e0ef,6
C_pruning,6,216,2,18,T,72,True,True,0.083347,ba5706d92aa793220be8d6fd8b3e1b80,10
C_pruning,6,216,2,18,T,61,True,True,0.227182,87c58ebe0171c154a328c7d928f87f20,2
C_pruning,6,216,2,18,T,74,True,True,0.088526,2d03b244077dbaf55c1a9b1b98582889,4
C_pruning,6,216,2,18,T,75,True,True,0.070257,df5342737fff1d9d92be4bb807855126,0
C_pruning,6,216,2,18,T,76,True,True,0.056426,564030ebcf59385031c8b55da0b5b169,12
C_pruning,6,216,2,18,T,79,True,True,0.05152,5a9478f6a52010582185341449567044,2
C_pruning,6,216,2,18,T,77,True,True,0.073629,77e178bdec11175bbb05da953be59bf2,6
C_pruning,6,216,2,18,T,78,True,True,0.075176,d2c6be12a68c7b618226de24686df335,10
C_pruning,6,216,2,18,T,84,True,True,0.046753,e79ef3cc445a1501ab088a92124fa5b1,6
C_pruning,6,216,2,18,T,80,True,True,0.075074,93656bffac14a4aae2c69f4915bb12d3,4
C_pruning,6,216,2,18,T,81,True,True,0.077271,db6c3c524169d362e5310d71ce0e901a,0
C_pruning,6,216,2,18,T,73,True,True,0.222223,309af496fe176d3dd0ec45c1eb3d9d9d,8
C_pruning,6,216,2,18,T,85,True,True,0.051182,f0f6763024951afc2a47636c550af72f,10
C_pruning,6,216,2,18,T,82,True,True,0.104874,8a04f5e307b4595cd35a44188c82e66d,12
C_pruning,6,216,2,18,T,83,True,True,0.122194,3064410e00feb20ba1147c86459ef3f0,2
C_pruning,6,216,2,18,T,86,True,True,0.074187,0074d0b4a8e7381bd980ffe6f078ba42,6
C_pruning,6,216,2,18,T,87,True,True,0.06904,d31cf71bc16fbc474a23430169bc9d39,4
C_pruning,6,216,2,18,T,90,True,True,0.064947,78b53178c4f8e9473fbea4f8c77744c7,10
C_pruning,6,216,2,18,T,89,True,True,0.085362,cf4c117ea308fb0655f0b6a42e0f5ef2,8
C_pruning,6,216,2,18,T,88,True,True,0.105215,d2579dbd123770d125c14188c7e16675,0
C_pruning,6,216,2,18,T,91,True,True,0.093389,00433891d643997ed18c09a34418d3dc,12
C_pruning,6,216,2,18,T,93,True,True,0.051365,995246a44b63359969ffa4673cefc221,6
C_pruning,6,216,2,18,T,96,True,True,0.037144,9dde698c58e2ee1645c338dc181ce93e,8
C_pruning,6,216,2,18,T,92,True,True,0.068921,a44de7aadd45b6bfe31a1d83f5d93653,2
C_pruning,6,216,2,18,T,97,True,True,0.034607,c3a80fc485dcde39fa70b0b1aa163b55,0
C_pruning,6,216,2,18,T,94,True,True,0.06582,58a2d3f42290415d369a3c851a376d5c,4
C_pruning,6,216,2,18,T,95,True,True,0.072688,0033e6a142ada936c01e27a6cf401d3a,10
python_pruning,6,216,2,18,T,11,True,True,0.042213,a8bd8fdc635bbca1bfbee2685307e474,2
python_pruning,6,216,2,18,T,13,True,True,0.039948,982d15c42ddc4bc6c6c5b10df2d3897f,4
python_pruning,6,216,2,18,T,14,True,True,0.028418,6abb230c473af8600d8b005fe1628176,10
C_pruning,6,216,2,18,T,100,True,True,0.061592,c100dd41c88981e3063066fc235c73ed,8
C_pruning,6,216,2,18,T,99,True,True,0.062958,c23ae4eb2e57798ddc307c465cbb6871,6
python_pruning,6,216,2,18,T,15,True,True,0.041263,036d60157d2529261b1b01e0791ed54a,2
C_pruning,6,216,2,18,T,98,True,True,0.107334,21d3ba1cdb4594c79867c826b4b5ba2d,12
python_pruning,6,216,2,18,T,18,True,True,0.050878,a5dcbc18b03cd6b8d9e2a2bab1bfea3d,8
python_pruning,6,216,2,18,T,16,True,True,0.086524,0f9905a02d98cf13096af7cb37c91ca9,4
python_pruning,6,216,2,18,T,20,True,True,0.056482,2ff64246fa51c1734bb626d9a7adfad2,2
python_pruning,6,216,2,18,T,22,True,True,0.027339,0f835fa3a023f7cd67808fb42bad7532,8
python_pruning,6,216,2,18,T,21,True,True,0.057614,6fe32f8c1815621400eed3d72a04b8b2,12
python_pruning,6,216,2,18,T,17,True,True,0.110667,399e1285c07ec637a6eb471995baa3e0,10
python_pruning,6,216,2,18,T,12,True,True,0.208361,718eaa65ccf9db171bd25e8c4bb5329e,0
python_pruning,6,216,2,18,T,19,True,True,0.153969,381596524534a2cf47089a8fc01b228f,6
python_pruning,6,216,2,18,T,25,True,True,0.069005,be5b75cc0b5146e3366529144ec4bbef,8
python_pruning,6,216,2,18,T,26,True,True,0.069767,3c7c01070d83b39161cb251532ff2c91,12
python_pruning,6,216,2,18,T,29,True,True,0.028833,ec224af44d9ed9ac8a0a23119d8c57ea,6
python_pruning,6,216,2,18,T,24,True,True,0.151568,95b9a41c1cd88c7cdd43fb63a07b4015,2
python_pruning,6,216,2,18,T,27,True,True,0.138603,19c0d6b1ec64a83c03d02f7d7eda7683,10
python_pruning,6,216,2,18,T,32,True,True,0.08243,daa4e649d67f868ff6b558bb5a0600a2,6
python_pruning,6,216,2,18,T,23,True,True,0.204521,b557638cfb98c5be5547c8108011fc2e,4
python_pruning,6,216,2,18,T,36,True,True,0.053614,2019f3760da6986071b76ea85182f0a6,4
python_pruning,6,216,2,18,T,28,True,True,0.190201,2a231cd0a2e9f2c3731177de444d64e8,0
python_pruning,6,216,2,18,T,37,True,True,0.035582,12ac2b61ab8770a057eb87c305100ca8,4
python_pruning,6,216,2,18,T,31,True,True,0.22403,859ce0e61c64c9fdd4a874749b327f49,12
python_pruning,6,216,2,18,T,38,True,True,0.049234,2889f351b45284ad763bff9ecbad59fb,0
python_pruning,6,216,2,18,T,35,True,True,0.133589,693dd2f77f03929803026b1903bae021,6
python_pruning,6,216,2,18,T,39,True,True,0.057807,e57e6401324f72ee0c2badac696dcefa,4
python_pruning,6,216,2,18,T,40,True,True,0.063335,b82e5500eb8cc4fdec3a9e819bc49552,12
python_pruning,6,216,2,18,T,43,True,True,0.032908,5b705a75a9773e1a558a07f16224ab6c,4
python_pruning,6,216,2,18,T,34,True,True,0.21871,99ae8c66328be14c6d7e92a67ed23fa6,10
python_pruning,6,216,2,18,T,33,True,True,0.240851,89fac5b563413f21bfb2316a08c11076,2
python_pruning,6,216,2,18,T,42,True,True,0.099503,0f3b26c4800819a7175c73f586e2fa26,6
python_pruning,6,216,2,18,T,30,True,True,0.359383,edee27c0f5fa54416691d4afdad01b35,8
python_pruning,6,216,2,18,T,46,True,True,0.054651,ffefdb694e3f5d17de58dd6754eaade9,10
python_pruning,6,216,2,18,T,41,True,True,0.14397,9debd234c98df316e1185ef4ffbd45ac,0
python_pruning,6,216,2,18,T,45,True,True,0.091762,2c6e7f3a53f0c656395cdbbeeb00e19b,4
python_pruning,6,216,2,18,T,49,True,True,0.051988,12ac4b2d0fa11352d8bafd1f7039d3bd,8
python_pruning,6,216,2,18,T,44,True,True,0.138843,d053f8a022a35e11fe612ea0cc36bc66,12
python_pruning,6,216,2,18,T,52,True,True,0.072189,e5f8ae5e4793d93ed92bc6ccae16e068,4
python_pruning,6,216,2,18,T,51,True,True,0.130622,956a948ddcc24f0853ebede3b60f321b,0
python_pruning,6,216,2,18,T,53,True,True,0.101296,2da7965c33f7928826590c5c1d709d62,8
python_pruning,6,216,2,18,T,55,True,True,0.05145,a3f4ef6a310983f86f08f0bc9e1c4901,4
python_pruning,6,216,2,18,T,48,True,True,0.188845,1f6763926bf0a428c09f13a5f84b26e6,6
python_pruning,6,216,2,18,T,57,True,True,0.039248,2d93f9ecbae6af34055ff04f83542421,8
python_pruning,6,216,2,18,T,50,True,True,0.233377,cb0f4093b8a991458d6f56d378b939ee,10
python_pruning,6,216,2,18,T,47,True,True,0.293922,95e2a6e66b36cac2c4ef0820ace53baa,2
python_pruning,6,216,2,18,T,58,True,True,0.084116,b5b890d5831f21572bf88e3baecd2e68,4
python_pruning,6,216,2,18,T,54,True,True,0.17039,05aa8ba3fa1494f9f57047e0150c1cd9,12
python_pruning,6,216,2,18,T,64,True,True,0.035147,051b7bbc1a65537dfbaa6912a19501da,12
python_pruning,6,216,2,18,T,60,True,True,0.09257,856fd3db85e701050c24d1107c97675b,8
python_pruning,6,216,2,18,T,63,True,True,0.050057,0eee397a73f8dcd471122a5fd07329b5,4
python_pruning,6,216,2,18,T,66,True,True,0.030089,b54e63cc96112145ab0abf606ce29328,8
python_pruning,6,216,2,18,T,62,True,True,0.079167,2932d465205ed2c4eae37f9f0d16368c,2
python_pruning,6,216,2,18,T,61,True,True,0.09803,0a3f4dc8cd61e79a09f95c552bf26e28,10
python_pruning,6,216,2,18,T,59,True,True,0.182401,e161f2b4038357bc9fbb90ad136c7329,6
python_pruning,6,216,2,18,T,68,True,True,0.070126,f566817fb8c30820b792c4810833c369,8
python_pruning,6,216,2,18,T,70,True,True,0.05641,fc3334ee208acb3dfbaa1bbc5274f53c,10
python_pruning,6,216,2,18,T,56,True,True,0.258682,50b994b22deb17571208a22ad5b20e09,0
python_pruning,6,216,2,18,T,71,True,True,0.051867,90a2370ce0f8eb5b183c82fc2dc07f14,6
python_pruning,6,216,2,18,T,65,True,True,0.139759,94e3502d0e969ee979527c2634fc213b,12
python_pruning,6,216,2,18,T,73,True,True,0.044327,463b1b0aeaa75c95713f65aabb607463,10
python_pruning,6,216,2,18,T,75,True,True,0.038289,67d0ec760ac39ffa70cc59f902b79050,6
python_pruning,6,216,2,18,T,67,True,True,0.155544,95b186a540694a7836bc323b7cf769ab,4
python_pruning,6,216,2,18,T,69,True,True,0.130969,be77aba694b92fb72cfd7d11c22de9ab,2
python_pruning,6,216,2,18,T,80,True,True,0.036484,fecfeb8f0b121e0c3b1a27d85ad31d22,2
python_pruning,6,216,2,18,T,79,True,True,0.065375,3518aa80800d3d098fb074480e198937,4
python_pruning,6,216,2,18,T,81,True,True,0.033458,24b92b44809ff325429144c05995eb5f,2
python_pruning,6,216,2,18,T,77,True,True,0.083089,c41d4f06d84a75a02acf1dfd9bbc36eb,10
python_pruning,6,216,2,18,T,76,True,True,0.133055,a2cdf6214a0d0fd8d92540f347e7d261,12
python_pruning,6,216,2,18,T,85,True,True,0.026148,d9c7eac9c3ed5bce9c26b6fa6a0fd52e,12
python_pruning,6,216,2,18,T,78,True,True,0.159053,79b0d0bb1770f839d60da5eeb87ba3d8,6
python_pruning,6,216,2,18,T,87,True,True,0.05106,cb79e98eb934178cd72ed572d18534b2,6
python_pruning,6,216,2,18,T,84,True,True,0.134237,d6a2314ec53574eca385c1a5fa05f7ac,10
python_pruning,6,216,2,18,T,72,True,True,0.313496,3379c2602e3b43a2087d625091e7d7eb,8
python_pruning,6,216,2,18,T,88,True,True,0.050827,b676bfcb0c6950466e920ccd0690f121,6
python_pruning,6,216,2,18,T,83,True,True,0.189702,18b520e719d3a276f19f14665e7c75f9,2
python_pruning,6,216,2,18,T,92,True,True,0.036918,5e23a4770a9cebfbd5a11a8fbf0295c7,2
python_pruning,6,216,2,18,T,82,True,True,0.262307,2a8c584b5b78e3272ec88ce926a0ce74,4
python_pruning,6,216,2,18,T,90,True,True,0.089817,fc06f7a6df5b4c5bf9b7366c11d364ca,8
python_pruning,6,216,2,18,T,74,True,True,0.393327,7db5ca910b37ac5196f987e6342ee1ec,0
python_pruning,6,216,2,18,T,91,True,True,0.091012,1cca506568030e205511cd3ff9485c63,6
python_pruning,6,216,2,18,T,86,True,True,0.22132,c4cf2706aa2d3292f9ece0d1227a4976,12
python_pruning,6,216,2,18,T,89,True,True,0.159792,5d1e9a843abf62931ca67b70f0ba266c,10
python_pruning,6,216,2,18,T,96,True,True,0.045425,4b10b4c71bf37d6f01fc2a3ab2f72f69,0
python_pruning,6,216,2,18,T,98,True,True,0.048075,8b405073e43abe0447e9f4a16973839c,12
C_exact,6,216,2,18,T,11,True,True,0.02035,5a58b2a440e7dff24e97b790e5c7577d,12
python_pruning,6,216,2,18,T,97,True,True,0.078101,8d5cb9d698be01f312fdb8f471a3317b,6
python_pruning,6,216,2,18,T,100,True,True,0.051086,0f972cf9f1f73d18879b0ad1a472c3a8,0
C_exact,6,216,2,18,T,12,True,True,0.028696,3079ce939b5c3b08a51490b561cc369e,12
C_exact,6,216,2,18,T,13,True,True,0.029851,6205d1c470c09cb79e2530f0be87570a,6
C_exact,6,216,2,18,T,14,True,True,0.031648,eb8ca498ccfce01c2028e1e14d4fdf6f,0
C_exact,6,216,2,18,T,16,True,True,0.019604,5f3d78f319579076198b4ed8291f557e,6
C_exact,6,216,2,18,T,15,True,True,0.028689,3904c9d4dbffdb303fcb402aae33dd87,12
C_exact,6,216,2,18,T,17,True,True,0.023366,96c47f725ddc40b110ba36ed8fb30626,0
python_pruning,6,216,2,18,T,99,True,True,0.163133,aafab8fac69549dfe3c7afcb47902276,10
C_exact,6,216,2,18,T,18,True,True,0.020324,98161527273bbb63b1c867aca552d91a,6
C_exact,6,216,2,18,T,19,True,True,0.029863,60ea627899a8680fbacb1e4afd9ca0cf,12
C_exact,6,216,2,18,T,20,True,True,0.027246,9713abd72d3a2b7b1941ab32609292f6,0
python_pruning,6,216,2,18,T,93,True,True,0.234009,2a9eab5e1f9749d75a8b2b6b24dd7570,2
C_exact,6,216,2,18,T,21,True,True,0.037809,08a98166fc0afbb9b70b6b9a76ee1bc6,10
C_exact,6,216,2,18,T,22,True,True,0.036982,952669b63f2eb0af6da0bada758f83b2,6
python_pruning,6,216,2,18,T,95,True,True,0.26401,814b7a7c053332ea20b938b40e6f020e,8
C_exact,6,216,2,18,T,23,True,True,0.031765,4aa835d351f91084eafd49ce07fd3111,12
C_exact,6,216,2,18,T,24,True,True,0.029201,9d3705a2e849a1bb28847a38f6da0190,0
C_exact,6,216,2,18,T,25,True,True,0.020531,3282ee46b4876a6e2e031eec7532a139,2
python_pruning,6,216,2,18,T,94,True,True,0.29573,a8c8b6050b9ce5b07c9f0dbbb3a0bc77,4
C_exact,6,216,2,18,T,26,True,True,0.021794,7e57550fc9eaaa9da5a3bcd3d9e76487,10
C_exact,6,216,2,18,T,28,True,True,0.020163,0ef56a4deb509cb738c2ea723a65ebc7,8
C_exact,6,216,2,18,T,29,True,True,0.020741,a3dd73edbf6205445bb5ab35d447bb3a,12
C_exact,6,216,2,18,T,27,True,True,0.036156,74f8e7b5cbe89ce14adb987a08887066,6
C_exact,6,216,2,18,T,30,True,True,0.039287,d66546602ae8378c29d74ead4085a903,0
C_exact,6,216,2,18,T,31,True,True,0.038524,22835d5e445ac21333b1ff1eca4c4bbd,2
C_exact,6,216,2,18,T,32,True,True,0.036722,0d8c17191b16e226114cee82a73b9836,4
C_exact,6,216,2,18,T,33,True,True,0.032548,1e2b460a6fb1b88d491c5c52b7b3bedf,10
C_exact,6,216,2,18,T,36,True,True,0.02657,665bc4bffb9ecf15649c1bfe94cacab0,6
C_exact,6,216,2,18,T,34,True,True,0.043007,a2be8c78a1aaf99d6a78203651e3ef10,8
C_exact,6,216,2,18,T,37,True,True,0.020729,59d8843998d424fff271980e813e43be,0
C_exact,6,216,2,18,T,35,True,True,0.033034,da4aaa5f023301ce3ad0a2fbbbf6a9bf,12
C_exact,6,216,2,18,T,38,True,True,0.024356,bfbd2e9a443cfcabaf05ccef69a85821,2
C_exact,6,216,2,18,T,40,True,True,0.021443,c94211887d71402ceb82097291bdf0a4,10
C_exact,6,216,2,18,T,39,True,True,0.033813,7354da9e02873f3fd8fa68e4a10bd6e2,4
C_exact,6,216,2,18,T,41,True,True,0.031673,d9cd16e3b0cee05628892d4e2ddb450c,6
C_exact,6,216,2,18,T,42,True,True,0.034288,cb889b65c34a9437a528a5f90b917b26,8
C_exact,6,216,2,18,T,43,True,True,0.024246,24fb2987f16958d9f35066211adf80d4,0
C_exact,6,216,2,18,T,44,True,True,0.036877,2a91ee54e4f1d29c7c0867cf5e3a8c4f,12
C_exact,6,216,2,18,T,45,True,True,0.052025,95bc1e29eddc933d87ece3cdae29c264,2
C_exact,6,216,2,18,T,46,True,True,0.061127,f9d2de0a7b5cc23a479d104db86dce02,10
C_exact,6,216,2,18,T,49,True,True,0.054072,f7413e25dc69cfc13078109d46cafe8c,8
C_exact,6,216,2,18,T,48,True,True,0.049898,8e014765a2ffa3d6a0c78c320b45c1c6,6
C_exact,6,216,2,18,T,47,True,True,0.067865,bc859beae162e91c1395991b306bf0a8,4
C_exact,6,216,2,18,T,51,True,True,0.045788,fa07b187f93c1de6e71c7e088b19cbf9,12
C_exact,6,216,2,18,T,50,True,True,0.0505,7627b912600e06bc07aa2e346df1d459,0
C_exact,6,216,2,18,T,52,True,True,0.037885,2a1c5133e3b46289d5f1d13b2c9d428a,2
C_exact,6,216,2,18,T,54,True,True,0.073429,880a5905a7a4a53980fd7768235deb36,8
C_exact,6,216,2,18,T,57,True,True,0.085996,de2378754716e28e7784eb314f0e5451,12
C_exact,6,216,2,18,T,55,True,True,0.087247,421d8579ca2cc4cf628cba52571543d7,6
C_exact,6,216,2,18,T,56,True,True,0.086293,8b471a5872ec1eed73b3a9e1ec7e798d,4
C_exact,6,216,2,18,T,59,True,True,0.076247,22b267c6df3ee35a73821cbf835ef351,2
C_exact,6,216,2,18,T,53,True,True,0.09837,c720830930254c2346f522c53374165b,10
C_exact,6,216,2,18,T,58,True,True,0.092844,66f60702cf7270811e4b7a5dde643b9d,0
C_exact,6,216,2,18,T,60,True,True,0.039473,e01a470a99e52795763cf963530e2444,8
C_exact,6,216,2,18,T,62,True,True,0.050258,570c4f2c1096139edfa80d51df55c05b,12
C_exact,6,216,2,18,T,61,True,True,0.050405,dea166ec21fadd8b488e9b8cc552a57e,6
C_exact,6,216,2,18,T,66,True,True,0.0377,161207c381cb58c959f4a538e4519c8e,0
C_exact,6,216,2,18,T,64,True,True,0.043509,e5a9773c52307199941f0c33f2e0991e,2
C_exact,6,216,2,18,T,63,True,True,0.054406,a17c9dc6e24e7b6cca525a40bcee1e63,4
C_exact,6,216,2,18,T,65,True,True,0.046623,61b0babad287b65f1e6fde4c804b5c87,10
C_exact,6,216,2,18,T,68,True,True,0.032425,789812f116a73454edb0225379697d46,12
C_exact,6,216,2,18,T,67,True,True,0.037692,2e07547374acbb6ecd31cd0e058b04b0,8
C_exact,6,216,2,18,T,74,True,True,0.022313,3e0f1852ab88ec05a0f9ecadf6a13927,12
C_exact,6,216,2,18,T,73,True,True,0.039999,dd402edb4ea5bd0711e1e2ec7782169c,10
C_exact,6,216,2,18,T,69,True,True,0.058106,7d9af81f235953acd172d723c93e14af,6
C_exact,6,216,2,18,T,71,True,True,0.057738,6bf1477f0a5e3fd9343b8236e96ac07c,2
C_exact,6,216,2,18,T,72,True,True,0.071128,afd2c5d1119038f586d8ecfd17b4d51e,4
C_exact,6,216,2,18,T,70,True,True,0.071664,a1f411627e84a0edd677c1ad0d603705,0
C_exact,6,216,2,18,T,75,True,True,0.04341,06d793392b85cffedf8c7d611000c95a,8
C_exact,6,216,2,18,T,77,True,True,0.033843,cede3da8949feb5881cc0c34d1b05478,12
C_exact,6,216,2,18,T,76,True,True,0.095185,4a7ded91dc296066c52206019b24a187,10
C_exact,6,216,2,18,T,79,True,True,0.0897,3d0f2d846c5d01c75595a9ef887c6a3d,2
C_exact,6,216,2,18,T,78,True,True,0.094241,cbef505c5a9acfa166608fec068e59b6,6
C_exact,6,216,2,18,T,81,True,True,0.108481,0a3ddc3e157ede2f441e6887d1ca7249,0
C_exact,6,216,2,18,T,80,True,True,0.110534,d704ad03f4f77a8dc92bc1c1760c9aa9,4
C_exact,6,216,2,18,T,83,True,True,0.073809,d749a2136923c53bcd7acc45b632c50b,12
C_exact,6,216,2,18,T,82,True,True,0.104642,417c54c3d5b55dc31f79a1488ece1bab,8
C_exact,6,216,2,18,T,84,True,True,0.043949,4988319f552322fe4e4361e386961e6c,10
C_exact,6,216,2,18,T,85,True,True,0.05522,d9c139e90b17da6a4b73cc265d46c371,2
C_exact,6,216,2,18,T,87,True,True,0.060664,e5ef77bce3c3aec23cef85436c64dfbc,0
C_exact,6,216,2,18,T,86,True,True,0.070838,b65c6ad89e43a20b1b77f037b78c1896,6
C_exact,6,216,2,18,T,89,True,True,0.069306,662ce2b04ad47b74eeb8faffdb73dc81,12
C_exact,6,216,2,18,T,90,True,True,0.064708,5151ed05125644d9debded8098cb66bd,8
C_exact,6,216,2,18,T,88,True,True,0.070619,2ece6c9bc8467a3426e02a21e3e4da0e,4
C_exact,6,216,2,18,T,91,True,True,0.031345,1998fba0cd3364d8b0054bd6c149b89e,10
C_exact,6,216,2,18,T,92,True,True,0.023505,1261562b42ebe3e5f010e48dbe5c0a33,2
C_exact,6,216,2,18,T,93,True,True,0.023155,ba773bd5698e1a9cfc10e26fbaf7a058,0
C_exact,6,216,2,18,T,95,True,True,0.08292,8095d7019cdfb81be7ef5ee49b2cb4c4,12
C_exact,6,216,2,18,T,94,True,True,0.112002,d40e7a3938eae8726f9da67b1427c08d,6
C_exact,6,216,2,18,T,97,True,True,0.101657,6bb093bc822d5b5bda931164b7148a4e,4
C_exact,6,216,2,18,T,100,True,True,0.089223,47475b271c6b188a3987e4c6cbc652f9,0
C_exact,6,216,2,18,T,99,True,True,0.091059,7b3c9d04a09728fb56b44955cbcebe19,2
C_exact,6,216,2,18,T,96,True,True,0.102297,1275ff1e6dd561d88ae7dcc754bff479,8
C_exact,6,216,2,18,T,98,True,True,0.090989,1f906b8d1230f6b058ee2124ffcfd6c8,10
python_exact,6,216,2,18,T,11,True,True,0.021379,eed484e3f7aae6eb0d258a0143073447,12
python_exact,6,216,2,18,T,12,True,True,0.015789,3a605509b7a6c7e5a209bc1434958a57,6
python_exact,6,216,2,18,T,13,True,True,0.016207,7fa325be30fa670e8e0e62a8e1d9e4c4,4
python_exact,6,216,2,18,T,16,True,True,0.012155,855d2e77b948d4f70d5571c76a3a5b9c,8
python_exact,6,216,2,18,T,15,True,True,0.014156,07387cadd24e2d19fbe359fb8337edf7,2
python_exact,6,216,2,18,T,18,True,True,0.010022,c67d7c0dabce607b22ccb5199a843df0,12
python_exact,6,216,2,18,T,14,True,True,0.026142,0dad3acbe525fb03196c1c9d9325e03c,0
python_exact,6,216,2,18,T,19,True,True,0.009896,0163a51c260963da5ad69a55eac54730,6
python_exact,6,216,2,18,T,21,True,True,0.010469,5113b1520e0992eab07f4ce5529d4910,8
python_exact,6,216,2,18,T,20,True,True,0.014926,0b9fbb1728a7ca86b46c82b8a1b6388d,4
python_exact,6,216,2,18,T,23,True,True,0.009646,0519971afaf35fe32e10c25d43dda463,12
python_exact,6,216,2,18,T,17,True,True,0.021931,ceeb092bd04d0c9fca06c2a8b63e5f77,10
python_exact,6,216,2,18,T,22,True,True,0.016079,829eeb15ae79ab6ecd01d4b05abde693,2
python_exact,6,216,2,18,T,25,True,True,0.011344,db2392c5aa551372181a1a8134f5dc73,6
python_exact,6,216,2,18,T,26,True,True,0.011082,5abe837461c7a406b2e701d909e2a7db,8
python_exact,6,216,2,18,T,27,True,True,0.010299,09ed3f1c4e42cc99269550db24d53363,4
python_exact,6,216,2,18,T,31,True,True,0.010461,7ed3e27288e55f6dbb21b756110f2f82,6
python_exact,6,216,2,18,T,28,True,True,0.017059,7e95d6eb6876596a959a23571e593a44,12
python_exact,6,216,2,18,T,32,True,True,0.010071,d744095d37f9a71b9daac3bcb4627f9d,8
python_exact,6,216,2,18,T,33,True,True,0.010462,3c64a4c20d675677250a2fcded927d91,4
python_exact,6,216,2,18,T,24,True,True,0.029792,7c03379e64cd8a2a50f49ee0f661f2a2,0
python_exact,6,216,2,18,T,34,True,True,0.013025,4ff45360f83cfe6e8180efab9e002ab7,6
python_exact,6,216,2,18,T,29,True,True,0.026021,931a43482d5e6a7d61744f641c2718b2,10
python_exact,6,216,2,18,T,36,True,True,0.014103,580e605dcb86a38ac3043ae62623c44d,8
python_exact,6,216,2,18,T,35,True,True,0.015911,e583656eaabde4c03aa9267508a95e71,12
python_exact,6,216,2,18,T,30,True,True,0.03209,6e3a3c45804ee9591324f4aae7dfa944,2
python_exact,6,216,2,18,T,38,True,True,0.012034,2009ea8945d935139e4d46b191241d09,0
python_exact,6,216,2,18,T,37,True,True,0.016383,968c1a99b2df26eb499fcf2a0f939a19,4
python_exact,6,216,2,18,T,39,True,True,0.010064,c530c3cdc4ec125ddaf4edca3c1b2a78,6
python_exact,6,216,2,18,T,40,True,True,0.010145,628c087439faca3d06655d734be3da02,10
python_exact,6,216,2,18,T,42,True,True,0.01384,ec8447174f1950ca5d302521fb346b06,12
python_exact,6,216,2,18,T,41,True,True,0.015261,b7fe4f7615300432075b56b8efdc4933,8
python_exact,6,216,2,18,T,46,True,True,0.010072,65d2d5edf148a007d6cddedbebe8104e,6
python_exact,6,216,2,18,T,45,True,True,0.016539,2d8583981820c8bc5b13c3bea0b85921,4
python_exact,6,216,2,18,T,44,True,True,0.020605,eb334bf35232ef768947e99918962b3a,0
python_exact,6,216,2,18,T,43,True,True,0.023748,4ee507401ef7cbf8f06ccd6ef928f65f,2
python_exact,6,216,2,18,T,47,True,True,0.016827,280a9077b325492447cf8e2fea013616,10
python_exact,6,216,2,18,T,51,True,True,0.010958,e7761371f6394a64c4a048f51c1af2bf,4
python_exact,6,216,2,18,T,48,True,True,0.018358,7bc60bcdfe0f3e74a91d706d7104404c,12
python_exact,6,216,2,18,T,50,True,True,0.015461,355ce25cbc13f8fd6e6ec3c851f2bea1,6
python_exact,6,216,2,18,T,49,True,True,0.020416,ef255934a6e3a4d5536f78d59254e94f,8
python_exact,6,216,2,18,T,53,True,True,0.016962,fcb66d49a59585c31353125bbe74813a,2
python_exact,6,216,2,18,T,52,True,True,0.024444,70d7d61a74f376cc35e15f8a74768860,0
python_exact,6,216,2,18,T,57,True,True,0.01173,d28218a8ed7e9940571549ea8f1a6003,6
python_exact,6,216,2,18,T,56,True,True,0.014817,0617955ebcf4c685c76e2e5c2cdb0323,12
python_exact,6,216,2,18,T,55,True,True,0.016707,88637a93c501c5c8fade31736258f31c,4
python_exact,6,216,2,18,T,58,True,True,0.014164,d76af2c62e72a4ba2421f7e9a56b2ec3,8
python_exact,6,216,2,18,T,54,True,True,0.028296,daa15e25af0d8d320128b6f00844d237,10
python_exact,6,216,2,18,T,59,True,True,0.014554,be33c0badc74a7340cf522da44e2aed8,2
python_exact,6,216,2,18,T,62,True,True,0.010442,bf926b676cae50fcb3052b84a98e2e2f,12
python_exact,6,216,2,18,T,64,True,True,0.010516,ff326216b5812b4aa8598c7fe19543c9,8
python_exact,6,216,2,18,T,63,True,True,0.013227,8cd7a3a5673c4aca9d0a4c4eb3eb69b1,4
python_exact,6,216,2,18,T,61,True,True,0.015397,cf3abc800507e9947aa27ba676f496b9,6
python_exact,6,216,2,18,T,66,True,True,0.01099,003cb9885acd284a5aca4562126cbf36,2
python_exact,6,216,2,18,T,67,True,True,0.010492,43945f574ed25c41ba763b5434c554a2,12
python_exact,6,216,2,18,T,65,True,True,0.016602,0cb4c6e26d09921505fd5af8990f4632,10
python_exact,6,216,2,18,T,68,True,True,0.011571,a5a8fa8f022798c3b9e860966dc2e0d7,8
python_exact,6,216,2,18,T,60,True,True,0.022191,6f998517668e471dd24d6cdd5dc167a8,0
python_exact,6,216,2,18,T,69,True,True,0.017127,8865facea70706ce6e1943c583ae7f59,4
python_exact,6,216,2,18,T,72,True,True,0.009877,7b9d83aff9cdeac07cceb33a848b9e01,12
python_exact,6,216,2,18,T,70,True,True,0.01894,c9b5f670ad141b0df0f5a904e47361e9,6
python_exact,6,216,2,18,T,74,True,True,0.01149,6f88c395c479ddc7b4ed78d8f75e690c,8
python_exact,6,216,2,18,T,71,True,True,0.018035,91f41cfe0fa2d468ed73613720df67b8,2
python_exact,6,216,2,18,T,77,True,True,0.012847,36a93e9e69110c79906b23d95825497c,12
python_exact,6,216,2,18,T,76,True,True,0.015372,bfc101b22ae8cbca33b868323b3e155d,4
python_exact,6,216,2,18,T,73,True,True,0.024856,9c9c202d5c38e990c45d1a914d29e33b,10
python_exact,6,216,2,18,T,75,True,True,0.02257,5ae6ae3cf85538dfc9db866fb4494736,0
python_exact,6,216,2,18,T,78,True,True,0.016892,d49aafe5bb801c8f5b0dfb696fc4658b,6
python_exact,6,216,2,18,T,79,True,True,0.01313,e09808e81d00f72b25ab34473769fb86,8
python_exact,6,216,2,18,T,80,True,True,0.014256,d11256cd0f703661a6484bc391b1e636,2
python_exact,6,216,2,18,T,81,True,True,0.010498,b27879f03ae7696cf07090e0b2a582b9,12
python_exact,6,216,2,18,T,82,True,True,0.015694,962824d136a9de5d1b418ec0fb901627,4
python_exact,6,216,2,18,T,86,True,True,0.011696,5b3efd1cba758275fe4871f5e736c99d,8
python_exact,6,216,2,18,T,85,True,True,0.011593,ff2371afbf4436a68b44d9b2f51b1070,6
python_exact,6,216,2,18,T,87,True,True,0.018154,09ab2a57a8160224deeeee273c885b7c,2
python_exact,6,216,2,18,T,84,True,True,0.022686,d0b3d3999b215c8c3c89fb9438c129b1,0
python_exact,6,216,2,18,T,88,True,True,0.016633,1e9931254cb978658265b84e42664916,12
python_exact,6,216,2,18,T,90,True,True,0.010966,d2dfa466e49532b277d3bc7718c0a79b,8
python_exact,6,216,2,18,T,83,True,True,0.023396,fafce1b3ef18eefe34eef570d0502616,10
python_exact,6,216,2,18,T,91,True,True,0.016395,160aff1137d2469638c9c3c9963b3b0f,6
python_exact,6,216,2,18,T,89,True,True,0.019902,6403b1d2ff0c8553f578efadcc6c89b2,4
python_exact,6,216,2,18,T,92,True,True,0.012115,50431d1d6295d5200fd71216bfe34e3e,2
python_exact,6,216,2,18,T,95,True,True,0.011046,b0eebdf37372d881ce90e7e9f34ae406,8
python_exact,6,216,2,18,T,94,True,True,0.015296,b919dca4063497f2489ff158910c699a,12
python_exact,6,216,2,18,T,97,True,True,0.010543,87b1e6953de2108ab5b90ddb70901b75,6
python_exact,6,216,2,18,T,96,True,True,0.01086,5f911d5e9d07533c29ec6d7b2ec7e9b6,10
python_exact,6,216,2,18,T,93,True,True,0.029695,805340e9c4682cacee311747c0cdc8d7,0
python_exact,6,216,2,18,T,99,True,True,0.018478,417f29ecf195ab0218c695d19b81e475,2
python_exact,6,216,2,18,T,98,True,True,0.020083,a895fc89d3b53089dfc797ff45d2d392,4
python_exact,6,216,2,18,T,100,True,True,0.030745,7bb895b99e6c5116d45d93a3b9a4ab24,8
python_exact,6,216,1,6,B,100,True,True,16.204761,1795f9fb62714cc1041bad067d801d95,14
C_pruning,6,216,2,18,B,18,True,True,4.736514,27dde2e938f440bbcc98f7ecc6f12b32,14
C_pruning,6,216,2,18,B,17,True,True,8.972033,0a0aef922bc3c219da0eacb7290cd22a,8
C_pruning,6,216,2,18,B,16,True,True,13.127759,ab5e2958615122a8889428aa5e17a660,4
C_pruning,6,216,2,18,B,11,True,True,26.889841,f2bb1a85b4a23fc17fa12463f4e83a97,12
C_pruning,6,216,2,18,B,20,True,True,18.521398,65a7b8b5564ff56b5d5577ca2e87f1e1,8
C_pruning,6,216,2,18,B,12,True,True,28.84378,ee478ef10f7ecd5d846f136020027d81,6
C_pruning,6,216,2,18,B,14,True,True,31.086972,a4d1e964a8e24e681ad3c506df1c3e59,0
C_pruning,6,216,2,18,B,19,True,True,31.20512,44aec11ae269df464c09b081c34b60a0,14
C_pruning,6,216,2,18,B,25,True,True,5.952027,b4f05302f447b828b5c4cb0f3ab4ea55,0
C_pruning,6,216,2,18,B,22,True,True,10.809467,f3598e53c627aaf14a720f5e6d3e0cdc,12
C_pruning,6,216,2,18,B,15,True,True,40.163764,4ad5833135bd40dfa937220b1620742d,2
C_pruning,6,216,2,18,B,26,True,True,4.806053,4b46fc1a31b7935e7a84bcba858074ed,14
C_pruning,6,216,2,18,B,28,True,True,4.590983,9446a002302a3ca290c8f6a20bb507c8,12
C_pruning,6,216,2,18,B,31,True,True,0.24736,51dee71c13f27889290bbcd66a1f9a3b,12
C_pruning,6,216,2,18,B,21,True,True,29.467235,aadefc6dce99321afc4d94e04070ee3c,4
C_pruning,6,216,2,18,B,30,True,True,4.348483,972d37c4ab3257e879fbd42fff8972dd,14
C_pruning,6,216,2,18,B,23,True,True,20.216683,526d16f2fc1c601d39e7320b3901d57a,8
C_pruning,6,216,2,18,B,13,True,True,48.704415,69d56455688b822e011307f937e1a36c,10
C_pruning,6,216,2,18,B,33,True,True,6.496413,2de00a27888cc9568da2a9c6cb63e3c5,4
C_pruning,6,216,2,18,B,24,True,True,20.693146,fb941bad50e202989a7f284ed9771e59,6
C_pruning,6,216,2,18,B,37,True,True,3.500314,3a9acbf1da6f4523ae7999f6f8231e1f,4
C_pruning,6,216,2,18,B,29,True,True,17.014661,5e0b8cbb141704d8f0dfeba2fc4a20a1,2
C_pruning,6,216,2,18,B,38,True,True,8.690963,8054a7cf6c17670831e75b261755f88c,6
C_pruning,6,216,2,18,B,36,True,True,12.471412,6bff9995b209b5e29281576d5b1f131a,10
C_pruning,6,216,2,18,B,34,True,True,16.030185,81b99f0c5a92aa9a366edd8a30f9d2c7,14
C_pruning,6,216,2,18,B,40,True,True,7.052404,b4852c7d2184cac58dc6e1f757679be7,2
C_pruning,6,216,2,18,B,42,True,True,8.666232,868c2399daef2f2331a748d243216794,10
C_pruning,6,216,2,18,B,43,True,True,9.942929,dcbabade96b519b5b8684adf592b8379,14
C_pruning,6,216,2,18,B,32,True,True,33.417882,2274ded27a3d2bbb422734843b436fae,12
C_pruning,6,216,2,18,B,41,True,True,17.758581,eb47d8a8488f3ebd0b638fd1ac615a8b,6
C_pruning,6,216,2,18,B,46,True,True,6.502187,d6fdd63822200b4a1a15cee25e65af94,14
C_pruning,6,216,2,18,B,49,True,True,6.286103,0db974df7778c519bd6a6eec10829057,14
C_pruning,6,216,2,18,B,27,True,True,48.475247,0b492a5825e2e57eea4a5ed1a08774f7,0
C_pruning,6,216,2,18,B,35,True,True,38.186226,23e62ae4dd75458481029e26971af0db,8
C_pruning,6,216,2,18,B,48,True,True,13.033277,98487c8fcc7aef2db0ff32da97444d17,6
C_pruning,6,216,2,18,B,47,True,True,15.024747,a5bcc252111aeeee156852e169734931,12
C_pruning,6,216,2,18,B,52,True,True,14.328208,413d61fb6ed984edb060b557a5836bef,8
C_pruning,6,216,2,18,B,54,True,True,12.282141,8e18068a37bb71e0a37dfaa7333ed794,12
C_pruning,6,216,2,18,B,44,True,True,40.16073,c291da9386226bfa66f41c8deaf6be30,2
C_pruning,6,216,2,18,B,56,True,True,2.988622,d3288c61c1d0b783bb7cb98de757087b,12
C_pruning,6,216,2,18,B,55,True,True,6.476274,531224430cad6d7f7fc8cf41d1b56dc8,8
C_pruning,6,216,2,18,B,53,True,True,22.215262,6e3b37b156b8ebd60055b8026221a44e,6
C_pruning,6,216,2,18,B,50,True,True,27.427899,efdf69d43af1348972cbacb544936663,14
C_pruning,6,216,2,18,B,58,True,True,8.021996,d15210fbd8140afc40d90b166e0173a4,12
C_pruning,6,216,2,18,B,61,True,True,3.539643,b11073abf90351e39b630b1496fc4be2,14
C_pruning,6,216,2,18,B,57,True,True,11.384699,c1b52a6e834999771f08aca0a24b3684,2
C_pruning,6,216,2,18,B,39,True,True,65.132332,ae5e331a0865ade338c56c486fc2dbd5,4
C_pruning,6,216,2,18,B,63,True,True,4.41429,82127db0a5010c7f4a6070b57a00cf0a,14
C_pruning,6,216,2,18,B,45,True,True,58.695242,389c956b2a69d6cddc4496fdf72de06e,10
C_pruning,6,216,2,18,B,59,True,True,23.64196,41e62348363a94b6f3d1e9c3153bce72,8
C_pruning,6,216,2,18,B,64,True,True,16.723332,9c1328d43478948ae9483eeb7fce3672,2
C_pruning,6,216,2,18,B,62,True,True,19.898499,77644e0cd8c3861c77da64e3d826d75c,12
C_pruning,6,216,2,18,B,66,True,True,14.496068,b98a81e63e59d3d99c884a53bbf54731,14
C_pruning,6,216,2,18,B,60,True,True,23.578817,f5216c3cc4947c9ef9335338c6502fc3,6
C_pruning,6,216,2,18,B,65,True,True,20.665097,c6e6a51e3db594b3ffdbd687869d1345,4
C_pruning,6,216,2,18,B,71,True,True,4.153713,fbb27f85d2dd605545b136df7af3b162,14
C_pruning,6,216,2,18,B,74,True,True,2.970621,a2b941fab0202bcb9e08792ffea450bb,14
C_pruning,6,216,2,18,B,73,True,True,8.719391,419eb90c01d5092270c4dd6ab79f340e,4
C_pruning,6,216,2,18,B,75,True,True,10.897296,2e6ca0a3a3210d2a2fb1967f62563906,14
C_pruning,6,216,2,18,B,67,True,True,30.50119,933d66bd990aa88d0a78cb1492f7e824,10
C_pruning,6,216,2,18,B,68,True,True,30.349913,964d83868c72f66214fcda1950a8c533,8
C_pruning,6,216,2,18,B,70,True,True,26.63916,c3342673b3b6850489183152d0e31d8c,12
C_pruning,6,216,2,18,B,77,True,True,8.668146,7a68e73df4073ed3e8abc3747c014fa5,14
C_pruning,6,216,2,18,B,69,True,True,29.976642,b4b4ac630572313e91dcabd84fd6f880,2
C_pruning,6,216,2,18,B,82,True,True,3.300282,30dbc344ca0cba6afbf830dab85fb3ff,2
C_pruning,6,216,2,18,B,78,True,True,9.053997,2f144134c0c06f06665d514261d46a42,10
C_pruning,6,216,2,18,B,76,True,True,21.097278,071cf241706fa97b311acda99d8afdb8,4
C_pruning,6,216,2,18,B,83,True,True,2.533774,5037602a1ccbff804ae7fa3f5510ddc5,2
C_pruning,6,216,2,18,B,81,True,True,7.785088,0593fa5f6937177c30ef5253364775bd,14
C_pruning,6,216,2,18,B,79,True,True,8.508689,06b25ec46dc183894acd6d55a24be7af,8
C_pruning,6,216,2,18,B,51,True,True,87.066533,610e06ce49cf89905595fb3cd2f7061f,0
C_pruning,6,216,2,18,B,85,True,True,5.25343,37122eb73d892e9709e718a3f7d6d41b,4
C_pruning,6,216,2,18,B,89,True,True,1.713499,376eb9c7f2def2a34e88a318ea1a490b,0
C_pruning,6,216,2,18,B,84,True,True,6.691041,429aa1b56bf0558773580643831cb0a3,10
C_pruning,6,216,2,18,B,72,True,True,40.740738,0f9b7444e8a97a1a7cfc7ca85446b54c,6
C_pruning,6,216,2,18,B,80,True,True,19.596602,b7cbed9598151dd157a9f56847ea2951,12
C_pruning,6,216,2,18,B,91,True,True,7.086624,a19c7b9fdc4a0b28e8de8421bfbdc218,0
C_pruning,6,216,2,18,B,94,True,True,1.102994,679b4a601ef9b04522edb96fda4124a4,12
C_pruning,6,216,2,18,B,86,True,True,13.774225,5d40aa32fa3a6a81c34d56bdd3fc822a,2
C_pruning,6,216,2,18,B,92,True,True,8.021664,48a2edec6d18680021abe17c3b6ea1cb,10
C_pruning,6,216,2,18,B,96,True,True,2.289195,e82ab580001430e4df25935dac0a9104,12
C_pruning,6,216,2,18,B,99,True,True,5.359328,9efa573a164c22cc495cc0a0a9d7819e,12
C_pruning,6,216,2,18,B,97,True,True,8.925424,88e3309998ac86555abd8ebbd898d09a,2
C_exact,6,216,2,18,B,11,True,True,0.019002,3224413de75c1230fb10e2465b77fb81,2
C_exact,6,216,2,18,B,12,True,True,0.018515,44c68951fd92c497844021298d114f43,2
C_exact,6,216,2,18,B,13,True,True,0.026582,9eff0e2b11c3388262196815d951649b,2
C_exact,6,216,2,18,B,14,True,True,0.018883,7133cc2ce09bfeb0a25b37da18b57146,2
C_exact,6,216,2,18,B,15,True,True,0.020564,83f0edeef7fa6580eef4ac3927f8eaa6,2
C_exact,6,216,2,18,B,16,True,True,0.025734,5b687a258f028bb52aebb3551e81d0f2,2
C_exact,6,216,2,18,B,17,True,True,0.026724,81ad64591a0da20c06c2d3af09f2a930,2
C_exact,6,216,2,18,B,18,True,True,0.018861,84438bada593754dd4ab54493a0e71e5,2
C_exact,6,216,2,18,B,19,True,True,0.019148,bece7dddb9cc03571b157d2236bee40a,2
C_exact,6,216,2,18,B,20,True,True,0.019557,17b6ef15b1fa2f74ea0090a5660541c3,2
C_exact,6,216,2,18,B,21,True,True,0.023052,80435d6a5e9761cc01d6aaa3a95a4d21,2
C_exact,6,216,2,18,B,22,True,True,0.019179,795f5f9582945c47c2457c4a79ff1bb6,2
C_exact,6,216,2,18,B,23,True,True,0.019301,b5c2c3dfb9e070fad71b60d0a9a6ef44,2
C_exact,6,216,2,18,B,24,True,True,0.027732,4ecc8bf610985518107b59a652be0469,2
C_exact,6,216,2,18,B,25,True,True,0.02584,73eb062377da4aae271f2e3812b99a5d,2
C_exact,6,216,2,18,B,26,True,True,0.022524,748f6abddbbab659161a0e21944dd96c,2
C_exact,6,216,2,18,B,27,True,True,0.019145,cdb7a405a69ab9f7bcc73dd9972aa935,2
C_exact,6,216,2,18,B,28,True,True,0.023103,5162f043d2f9b1b72a867f77c204737a,2
C_exact,6,216,2,18,B,29,True,True,0.019542,397f71998454a03eb7d83fe223a885be,2
C_exact,6,216,2,18,B,30,True,True,0.02004,df819982efde949be3b9d770d86bcac8,2
C_exact,6,216,2,18,B,31,True,True,0.020544,4e1ab7919401c9f09d91440a4bfaefbe,2
C_exact,6,216,2,18,B,32,True,True,0.025826,559c62790eee033786259a78b777e767,2
C_exact,6,216,2,18,B,33,True,True,0.018883,ec578ff6ccc87a3cefbd3ea4276f3d2f,2
C_exact,6,216,2,18,B,34,True,True,0.019646,a2969a713070d2af81ae8db3cf4c6798,2
C_exact,6,216,2,18,B,35,True,True,0.023375,aa211f76edf7b896fedbdd38f82266ae,2
C_exact,6,216,2,18,B,36,True,True,0.024405,523333fedd4e838067330b3940a5a665,2
C_exact,6,216,2,18,B,37,True,True,0.019786,0f3d0053b60592c5eeb51d706b591f9a,2
C_exact,6,216,2,18,B,38,True,True,0.01902,202a66f4ecb71aacbe06937ac1840893,2
C_exact,6,216,2,18,B,39,True,True,0.023377,e44672e65cb012a082108a14ffac9637,2
C_exact,6,216,2,18,B,40,True,True,0.020092,01d384e2483a29f84e40f3ce0aa8a3ab,2
C_exact,6,216,2,18,B,41,True,True,0.028146,06b08c97ed18d83adcddf273ee514977,2
C_exact,6,216,2,18,B,42,True,True,0.01974,3fc49a19ddccace02d465d7e90726fac,2
C_exact,6,216,2,18,B,43,True,True,0.023585,d5aae683b94b21f2e4628cd7d3c1f7b5,2
C_exact,6,216,2,18,B,44,True,True,0.02022,dbd41482dc9e821b7103cc8d42ccbffb,2
C_exact,6,216,2,18,B,45,True,True,0.020538,a40073de31c87233e249658c73228598,2
C_exact,6,216,2,18,B,46,True,True,0.019132,fd60caf37be8c19dad44d5849cb16da4,2
C_exact,6,216,2,18,B,47,True,True,0.018649,8a3b7fb9d6dc0cdae728ac7c2dbbda7a,2
C_exact,6,216,2,18,B,48,True,True,0.01861,ebf84e9e164e87be39abf259f36c26fe,2
C_exact,6,216,2,18,B,49,True,True,0.018782,01d2cbf913eeda440a6871d74c0b1df9,2
C_exact,6,216,2,18,B,50,True,True,0.019403,56383f3699b31e3978b32780a59dc65a,2
C_exact,6,216,2,18,B,51,True,True,0.019864,d6bd4bcd19bef8e268be223cadf9a8d6,2
C_exact,6,216,2,18,B,52,True,True,0.019925,ae1171ff11bde9b30fdb9e3236abf534,2
C_exact,6,216,2,18,B,53,True,True,0.019694,d0c288b52da1f9c3019bda4f1cb417ad,2
C_exact,6,216,2,18,B,54,True,True,0.019369,16153dce973b29a48535dfb5269aae13,2
C_exact,6,216,2,18,B,55,True,True,0.01929,607c9787bc87544e5f4ede9ee56106bd,2
C_exact,6,216,2,18,B,56,True,True,0.019815,af087ba75043c601234b0d476f664101,2
C_exact,6,216,2,18,B,57,True,True,0.019984,c814285ad9260eb9c43ed82f7ef887a9,2
C_exact,6,216,2,18,B,58,True,True,0.020811,84efa06dcc68d25480a89a914b7ce08b,2
C_exact,6,216,2,18,B,59,True,True,0.019972,354d83cc2b2c615c88920a50aff54127,2
C_exact,6,216,2,18,B,60,True,True,0.020372,58d21262c6f3f21bdfdf886d35c75e57,2
C_exact,6,216,2,18,B,61,True,True,0.020773,af0b605a48aff10bfbe668e09f4b77ea,2
C_exact,6,216,2,18,B,62,True,True,0.030089,8325bd1321836a708ec0ef6d284dccc7,2
C_exact,6,216,2,18,B,63,True,True,0.025165,7e90403a2d424017eede8beb838c2a9e,2
C_exact,6,216,2,18,B,64,True,True,0.018478,45d8311e164c93d16f215e9b4e16db17,2
C_exact,6,216,2,18,B,65,True,True,0.019426,109bdf17635843bad2f19daf73324ff2,2
C_exact,6,216,2,18,B,66,True,True,0.020078,9f4127a98328a5cb946b64a62ecfe40e,2
C_exact,6,216,2,18,B,67,True,True,0.019038,9f7dc5d61b88929d393292c9d2532814,2
C_exact,6,216,2,18,B,68,True,True,0.018266,9c36285aa5243e2ac61de4edb92c4b86,2
C_exact,6,216,2,18,B,69,True,True,0.018712,411e815c03477e92f0b508aeea2097ca,2
C_exact,6,216,2,18,B,70,True,True,0.023277,df1408fb84246df55c53fc3b06b99795,2
C_exact,6,216,2,18,B,71,True,True,0.019038,a65fe3758693382fe6e724991ddbd50d,2
C_exact,6,216,2,18,B,72,True,True,0.028487,d4c637818ed795898e140fd345165ff3,2
C_exact,6,216,2,18,B,73,True,True,0.018645,cfe0c305497a9b39bf74576dfc228f15,2
C_exact,6,216,2,18,B,74,True,True,0.023854,1042ae5addb5ed19d04c23bbf8db6ad8,2
C_exact,6,216,2,18,B,75,True,True,0.020068,3947e1fec4b65b1d773f2214f1da3021,2
C_exact,6,216,2,18,B,76,True,True,0.023812,1e00a5ce2c67e0671aad701e960b777c,2
C_exact,6,216,2,18,B,77,True,True,0.018883,9e73361172d987662aeb3349cbb03bc7,2
C_exact,6,216,2,18,B,78,True,True,0.02621,9fc6013b21780ad8dffe371a9baca6cf,2
C_exact,6,216,2,18,B,79,True,True,0.018474,0f9c9d9a91676dc500ec42db3fa26043,2
C_exact,6,216,2,18,B,80,True,True,0.019054,277a4d6571428c17c5a1c8dffd5d1113,2
C_exact,6,216,2,18,B,81,True,True,0.020376,3fc376f654923e4fafb038e946fbd683,2
C_exact,6,216,2,18,B,82,True,True,0.018661,86a5cb9e28be469a263ede27e431fc41,2
C_exact,6,216,2,18,B,83,True,True,0.024777,3d9554aaa4a6db2541f4929c5d7f6b05,2
C_exact,6,216,2,18,B,84,True,True,0.019656,7475ba3c141ce754951af210089deb68,2
C_exact,6,216,2,18,B,85,True,True,0.026224,64d24656b56fccf1724f794bb1aa8d52,2
C_exact,6,216,2,18,B,86,True,True,0.022309,b2cdfbaf652dc80e31769459e3d4478e,2
C_exact,6,216,2,18,B,87,True,True,0.018951,4a72a207b4b058b71c5e9ceacf559e2f,2
C_exact,6,216,2,18,B,88,True,True,0.02149,da37c5abce025096433c49980a0489ed,2
C_exact,6,216,2,18,B,89,True,True,0.020047,2ba5f5bd00bf8ef4aafaafc3b6944d30,2
C_pruning,6,216,2,18,B,88,True,True,24.540924,408a24b0374745cb7d02edc2a2b432ba,8
C_exact,6,216,2,18,B,90,True,True,0.020326,2d8aa7c15df47abec350a7e139ba8e52,2
C_exact,6,216,2,18,B,91,True,True,0.029263,c84808337a042bcb24f21db8b3be2f66,8
C_exact,6,216,2,18,B,92,True,True,0.020162,4d855a24b5e26bf047250b0e40b827ba,2
C_exact,6,216,2,18,B,93,True,True,0.032892,4d6697d111b0ac264529549b1b951ff7,8
C_exact,6,216,2,18,B,94,True,True,0.018799,f02dfcaae1765d1d29a0ccaf1c8df439,2
C_exact,6,216,2,18,B,95,True,True,0.032661,ecf6dfa6cf39994bb7f8129614ecf315,8
C_exact,6,216,2,18,B,96,True,True,0.021469,33c2ff02df17dd2b77916bdb8fd1d776,2
C_exact,6,216,2,18,B,97,True,True,0.051217,336f5bac622ea90a3c6bb44a14961883,8
C_exact,6,216,2,18,B,98,True,True,0.045036,b3ec04a26f47704fef9f37d76ea59991,2
C_exact,6,216,2,18,B,100,True,True,0.022186,bc573ce3e5c11a662a324a759f6a9051,2
C_exact,6,216,2,18,B,99,True,True,0.030846,6a67e0cae1203cdc44a57052a0c3655e,8
python_exact,6,216,2,18,B,12,True,True,0.011361,d4e812aab9f960888e31eb07b3a045ae,8
python_exact,6,216,2,18,B,11,True,True,0.014908,8944b4bc07d14786aeca2102532bdb9d,2
python_exact,6,216,2,18,B,13,True,True,0.016462,a615e140ab0bca2178dfb9247b699241,8
python_exact,6,216,2,18,B,15,True,True,0.010479,729b083c8e59f49d4eb07f701b7dad4a,8
python_exact,6,216,2,18,B,14,True,True,0.024393,aea9871aaa29b0aff78739318a3f1cf2,2
python_exact,6,216,2,18,B,16,True,True,0.010373,ec513d1be6940542fe2592a68f9bebec,8
python_exact,6,216,2,18,B,17,True,True,0.018225,8999fc33e8efa93997a0cd102414910d,2
python_exact,6,216,2,18,B,18,True,True,0.031005,ee05b2aa42e1843e50632ee855adb1a3,8
python_exact,6,216,2,18,B,19,True,True,0.020882,0166fdacad7af1be6b236f158a00eb57,2
python_exact,6,216,2,18,B,20,True,True,0.017822,8db67beb83462350abdf9c258af4612c,8
python_exact,6,216,2,18,B,22,True,True,0.014535,cbb1e84b24cea8adad9d614652864288,8
python_exact,6,216,2,18,B,21,True,True,0.034086,c31ce054ad9c2b8f3c0e86a1e5296141,2
python_exact,6,216,2,18,B,23,True,True,0.019455,6884065316769cfc1b5753a435818daa,8
python_exact,6,216,2,18,B,24,True,True,0.021686,0cc4d221a74781e9af62665ad5131d97,2
python_exact,6,216,2,18,B,25,True,True,0.010058,2e0429ca846d0426a2ffd53c9ed62b3f,8
python_exact,6,216,2,18,B,26,True,True,0.018722,1806af028d7fc229d15c88dddcbc1a52,2
python_exact,6,216,2,18,B,28,True,True,0.017521,99a8fd6c71eaba021a9ec7624a15c06a,2
python_exact,6,216,2,18,B,27,True,True,0.049225,cf5fd018fe8cb4ba5ade984d460e71d4,8
python_exact,6,216,2,18,B,29,True,True,0.036678,bd1d033113a6253eee2de8d7b54cd8a5,2
python_exact,6,216,2,18,B,30,True,True,0.018759,b89d66f2151216e4fda173f6d114d8d4,8
python_exact,6,216,2,18,B,31,True,True,0.019687,81a8b8196f7a346a99faef11dad23c71,2
python_exact,6,216,2,18,B,32,True,True,0.022327,caa5ee3540ab50f99a7f11db1fcd139c,8
python_exact,6,216,2,18,B,33,True,True,0.030031,7e34b56ae8be13b680a9b22c034bfd6a,2
python_exact,6,216,2,18,B,34,True,True,0.021787,76be125dbbd95875da29bfdddfed1bbd,8
python_exact,6,216,2,18,B,35,True,True,0.010163,5774c32774a9ada06e442cd2a926a21c,2
python_exact,6,216,2,18,B,37,True,True,0.010223,62c8abd2f1e922e85381c2c399042bd6,2
python_exact,6,216,2,18,B,36,True,True,0.020224,a413149699050b1323365a6254c6fb27,8
python_exact,6,216,2,18,B,39,True,True,0.011107,7bbede106ecd4ba293f28d2b5be9776e,8
python_exact,6,216,2,18,B,38,True,True,0.021679,193adeaa94ab2cb386472838fceda673,2
python_exact,6,216,2,18,B,40,True,True,0.022437,ce9b17a93cbbebc11023f114d914d4b4,8
python_exact,6,216,2,18,B,41,True,True,0.021823,81c304f56a9df4cdb6366aacdb674da6,2
python_exact,6,216,2,18,B,42,True,True,0.014322,6630cd1f01b17f0cb7f08518eff79f1d,8
python_exact,6,216,2,18,B,43,True,True,0.020217,1df8bbe9d6f789fca077f7d6b3e1ce29,2
python_exact,6,216,2,18,B,44,True,True,0.017681,bebce8880d2b38571411c4cd77989bdd,8
python_exact,6,216,2,18,B,46,True,True,0.010212,45918f5035092c45184998f5cb6bf813,8
python_exact,6,216,2,18,B,45,True,True,0.014609,b8305357e053bf045f72b25704eeba9d,2
python_exact,6,216,2,18,B,47,True,True,0.010169,df79fd12dd8eb93bbe5c9116e33108a5,8
python_exact,6,216,2,18,B,49,True,True,0.014718,20f836b0698d30200172c8656d22b269,8
python_exact,6,216,2,18,B,48,True,True,0.020839,37bbd319d5795338ad1c3c6485a4e7c1,2
python_exact,6,216,2,18,B,51,True,True,0.009949,e3fa69d6241d4b378b969e77d2343067,2
python_exact,6,216,2,18,B,50,True,True,0.02335,678eb187b590c525cc1d5d6b25ff111f,8
python_exact,6,216,2,18,B,53,True,True,0.010739,b18b7ff9199efe544a94a0029ffea52d,8
python_exact,6,216,2,18,B,54,True,True,0.028761,3f55cc173234d155bdda8c2698b67540,8
python_exact,6,216,2,18,B,52,True,True,0.064514,42fa263a1e5dcace7ddbbe5ae6d4c7c4,2
python_exact,6,216,2,18,B,55,True,True,0.015025,1fad9c1ec3d50e9c4baddfb317110096,8
python_exact,6,216,2,18,B,56,True,True,0.022791,e55bffb6aa1c4dfeca6b23c0a425de83,2
python_exact,6,216,2,18,B,57,True,True,0.014474,4afc8297dc279151797bb4288fd35e3d,8
python_exact,6,216,2,18,B,59,True,True,0.011127,19d13057636d1be5f66021ee07c42951,8
python_exact,6,216,2,18,B,58,True,True,0.019325,b1048001a81f874e9d3a0a58ab4ea421,2
python_exact,6,216,2,18,B,61,True,True,0.010078,03886a72363d8e27a7005cf70f83c3e3,2
python_exact,6,216,2,18,B,60,True,True,0.017702,15d6dfc1829d3e30be9d2ab913641b58,8
python_exact,6,216,2,18,B,63,True,True,0.015143,d75ea09479d63ba608c68dee6bdf1edc,8
python_exact,6,216,2,18,B,62,True,True,0.019782,f6d779225dae6a850de7ce1e1c498c3d,2
python_exact,6,216,2,18,B,65,True,True,0.016852,08d12f7d60e195241203a4cb516609f3,2
python_exact,6,216,2,18,B,64,True,True,0.023304,97a77234a2e93eb444c1ca6f4afb873b,8
python_exact,6,216,2,18,B,66,True,True,0.00995,1004f2de0821fb80caa8061d4ecb0bd8,2
python_exact,6,216,2,18,B,68,True,True,0.018445,c4a0124f897829a1610de0e0372ba1c1,2
python_exact,6,216,2,18,B,67,True,True,0.027916,1db27685c6d231c03a648257c8ab30ab,8
python_exact,6,216,2,18,B,69,True,True,0.022189,04ebfe1b3ce0dd9fb12dc2024f311c43,2
python_exact,6,216,2,18,B,70,True,True,0.029157,cbc4b6adc029ef2faa79975b7d11bd36,8
python_exact,6,216,2,18,B,71,True,True,0.014035,9a529ca63bfcf3f3317e82b4809b3595,2
python_exact,6,216,2,18,B,72,True,True,0.015483,e46d2b300b48a0871319d2239ff8001e,8
python_exact,6,216,2,18,B,73,True,True,0.014278,66626fd4adf4933fc16118f6a05f737f,2
python_exact,6,216,2,18,B,74,True,True,0.024496,91cd66e92ba649876df8c486f86972e5,8
python_exact,6,216,2,18,B,75,True,True,0.020949,b8341272017ff105673d3e9f48bf50df,2
python_exact,6,216,2,18,B,76,True,True,0.020113,a41b68c7c88e6a6a4ccdbb925ecd9f13,8
python_exact,6,216,2,18,B,77,True,True,0.020427,a712c0b4fd52c3aa9cf3f2883eaef59b,2
python_exact,6,216,2,18,B,79,True,True,0.026708,2967050a68871081951ea8708b2fc881,2
python_exact,6,216,2,18,B,78,True,True,0.030791,7e9414b42294d80e6b118e6800c33fa4,8
python_exact,6,216,2,18,B,80,True,True,0.023583,5879f96b36a1bb787706f50a614df532,2
python_exact,6,216,2,18,B,81,True,True,0.023269,60329cf622b488b27ba715efeea5e52a,8
python_exact,6,216,2,18,B,83,True,True,0.015796,2e3f541dcabac8405051ff51fc6f221f,8
python_exact,6,216,2,18,B,82,True,True,0.02129,bfcdf7965fbb15394ddd124117cb84f6,2
python_exact,6,216,2,18,B,85,True,True,0.010876,0729100d8bec0a5859b0ea450b8716f7,2
python_exact,6,216,2,18,B,84,True,True,0.021885,ebf34ab16618db5bb5eb8c647ffafae0,8
python_exact,6,216,2,18,B,86,True,True,0.009755,49cef47dbeec77d9f7a27e767773ecd2,2
python_exact,6,216,2,18,B,87,True,True,0.021323,ec62c5a836f0edd9b6340d7dcf750fc2,8
python_exact,6,216,2,18,B,88,True,True,0.01572,44c6dee9bc613662bc63b98bdd89da71,2
python_exact,6,216,2,18,B,90,True,True,0.016401,bed9101d8e9fed4412a19dd6f694555d,2
python_exact,6,216,2,18,B,89,True,True,0.026348,eedae699c0ef23d5b32049e93260644c,8
python_exact,6,216,2,18,B,91,True,True,0.018255,4c5e672fdbb7f9687ad6fac7a54e7174,2
python_exact,6,216,2,18,B,92,True,True,0.016505,cdba81deb56fa4addbc9e5b87e8b8579,8
python_exact,6,216,2,18,B,93,True,True,0.015177,70654cf1cb85d7d877065554743fe519,2
python_exact,6,216,2,18,B,95,True,True,0.01563,82d93f437e720a0e1bdfa349ccaaf12b,2
python_exact,6,216,2,18,B,94,True,True,0.031553,ffefd774097769089c4569d9e54d46cf,8
python_exact,6,216,2,18,B,96,True,True,0.017849,3417c89b4b04f88fb7c6926796ef8232,2
python_exact,6,216,2,18,B,97,True,True,0.021076,fb847690a08ad817310763e9e763e3f3,8
python_exact,6,216,2,18,B,98,True,True,0.01584,7309a30667bbf3ac76b1ed22f403ee2a,2
python_exact,6,216,2,18,B,99,True,True,0.021133,00e444d555a87c519434ba840162b10c,8
python_exact,6,216,2,18,B,100,True,True,0.015524,fa11bb36594dfda6d84db0f8bb6d8a6a,2
C_exact,6,216,3,26,A,12,True,True,0.022131,abf1696e9486ac5e385d79215055eeb2,2
C_exact,6,216,3,26,A,11,True,True,0.030498,c56b5f0382cdc9fda0393c21195aaf53,8
C_exact,6,216,3,26,A,13,True,True,0.021464,9c8187cee024b37506ea5b641899439f,2
C_exact,6,216,3,26,A,14,True,True,0.021478,78071e24a3dfac2f0d5f0d2a87a8a10d,8
C_exact,6,216,3,26,A,15,True,True,0.019759,ad6ff043a80f18865c630ddf6bedf8e6,2
C_exact,6,216,3,26,A,16,True,True,0.024396,686686df9e0d8321f6d4548ab528d5c4,8
C_exact,6,216,3,26,A,17,True,True,0.030176,d73612b375a44c0832b9749d3c7ff506,2
C_exact,6,216,3,26,A,18,True,True,0.036665,61e358bb3a89b5e9d2bd5ccffcf1e675,8
C_exact,6,216,3,26,A,19,True,True,0.02088,0c619f53e492916669d828be337cd9bc,2
C_exact,6,216,3,26,A,20,True,True,0.023437,ee8097a2cc6fdb29bf5f522f80a2abbd,8
C_exact,6,216,3,26,A,21,True,True,0.037114,3a9bbab33a683ba3b13ac661b992d4d1,2
C_exact,6,216,3,26,A,22,True,True,0.039791,3603056a3c1e95465bfe2f7b8d210049,8
C_exact,6,216,3,26,A,23,True,True,0.027223,c3e9698d784d3a66a0792d613f608418,2
C_exact,6,216,3,26,A,24,True,True,0.023247,961b1f9536068694049a19af6da6a177,8
C_exact,6,216,3,26,A,26,True,True,0.019503,155a7dcb7195f1603db83ec4d280e168,8
C_exact,6,216,3,26,A,25,True,True,0.020929,9fea1397d7e3f6cc7e45c6c6ba0243ac,2
C_exact,6,216,3,26,A,27,True,True,0.020892,f7742b6430f0fec222c963c3a1fdf3a1,8
C_exact,6,216,3,26,A,28,True,True,0.032018,6502d7de27f6dbd7186730dcfb812e47,2
C_exact,6,216,3,26,A,29,True,True,0.02108,e33ca6812ff64a21a55a203956a14411,8
C_exact,6,216,3,26,A,30,True,True,0.020536,eccd705be94600e1125648610d25518d,2
C_exact,6,216,3,26,A,31,True,True,0.040622,dbd1f532a30e7b22514bb3f586fc68bd,8
C_exact,6,216,3,26,A,32,True,True,0.02647,26ee418e50a1378ff66a779e8202fa66,2
C_exact,6,216,3,26,A,33,True,True,0.019515,89bae991fe57cc132cb91889b6ca3ca1,8
C_exact,6,216,3,26,A,34,True,True,0.019385,ab1ea1b5da8813d58127013bcf405c68,2
C_exact,6,216,3,26,A,36,True,True,0.02033,21de7cbddc1de232fa13f226c4af0bce,2
C_exact,6,216,3,26,A,35,True,True,0.03064,1129a982acd2d3d66a62f61fd58bd59b,8
C_exact,6,216,3,26,A,37,True,True,0.027997,544cc7ffa276a3e3364021e0bee65366,2
C_exact,6,216,3,26,A,38,True,True,0.02655,356db6cd9139a7107957f30644c2a0a4,8
C_exact,6,216,3,26,A,40,True,True,0.026077,56475ba21f9f67f4f921401ff1818800,8
C_exact,6,216,3,26,A,39,True,True,0.028654,2b2b40b522c886f310abced42f8b9875,2
C_exact,6,216,3,26,A,42,True,True,0.022888,56f7f9154a3d015519d1ee13e82db296,2
C_exact,6,216,3,26,A,41,True,True,0.038726,3d4f1ba8b078e2b288c4f192ae8353f1,8
C_exact,6,216,3,26,A,43,True,True,0.027635,6b392de1b929dac2434f9fd1768103d9,2
C_exact,6,216,3,26,A,44,True,True,0.035384,29e8155730e3df2c2d3dad6fed879fc4,8
C_exact,6,216,3,26,A,45,True,True,0.026439,7f4c47681783b48d18b033fb808bf049,2
C_exact,6,216,3,26,A,46,True,True,0.023269,48119642e015399c8558738515019a3d,8
C_exact,6,216,3,26,A,47,True,True,0.020085,5117d655fade897338c940d097a3cddc,2
C_exact,6,216,3,26,A,48,True,True,0.019326,a41d90d231d64836706d7410aceeaf4e,8
C_exact,6,216,3,26,A,49,True,True,0.031673,8c225d3cce21b07b0cc00908c6afec1f,2
C_exact,6,216,3,26,A,50,True,True,0.032117,e4aadbaf9d4e597932cb26f1c07921d7,8
C_exact,6,216,3,26,A,51,True,True,0.032657,fc06b1935a26aec844305d827a36d5ac,2
C_exact,6,216,3,26,A,52,True,True,0.031718,6de5428ac4b58eae7af9f34a99685cbb,8
C_exact,6,216,3,26,A,54,True,True,0.019682,1d58b35a39885aa3bcd575657d1f31aa,8
C_exact,6,216,3,26,A,53,True,True,0.024166,dbc64e39b85b06ad925932d4476ecc11,2
C_exact,6,216,3,26,A,56,True,True,0.020212,cbd5df080256085cf31dcd512bcf6eb2,2
C_exact,6,216,3,26,A,55,True,True,0.028674,60c45a923bbded5ebffe9f8d9ea7613b,8
C_exact,6,216,3,26,A,57,True,True,0.021915,e0f90f3ec9cbd81bfa3e62ac97e6e363,2
C_exact,6,216,3,26,A,58,True,True,0.021401,00fe4d55fa5d6c3bcff7236bb5ad83c6,8
C_exact,6,216,3,26,A,59,True,True,0.021675,3c58aa976aca0cb90e5cf925763ebb78,2
C_exact,6,216,3,26,A,60,True,True,0.022945,b75632dcf7b5d8198bed7cd027f2e50b,8
C_exact,6,216,3,26,A,61,True,True,0.020718,7994e81049225a465646b585e9125bcd,2
C_exact,6,216,3,26,A,62,True,True,0.030519,1d17bbd779a0bf2fcf1bb15036c01abf,8
C_exact,6,216,3,26,A,63,True,True,0.029269,d59ba4bbea629105c7253ad9c5b627e5,2
C_exact,6,216,3,26,A,64,True,True,0.020798,f6ba1dd29a86d1831574aac386d89613,8
C_exact,6,216,3,26,A,66,True,True,0.044969,c98c710554a580733ad0b677367b8609,8
C_exact,6,216,3,26,A,65,True,True,0.048438,bd8c0f6c51ed5cccb09b621ef6d62b02,2
C_exact,6,216,3,26,A,68,True,True,0.131604,94d18f9cef1bdbab52ffe4dded847346,2
C_exact,6,216,3,26,A,67,True,True,0.138543,ab00281524fa3bbffc16129000217eb7,8
C_exact,6,216,3,26,A,69,True,True,0.021064,ecb8b106c5785b8c7cefadee7a9c6ef6,2
C_exact,6,216,3,26,A,70,True,True,0.030963,595d3fae65166d9a1e41e9c8daab7e0c,8
C_exact,6,216,3,26,A,71,True,True,0.01888,8181bfbe980a05e31f1fb9afd5062dbe,2
C_exact,6,216,3,26,A,72,True,True,0.019477,ea6d8552007fdb9d5f7296a2e74c0fcc,8
C_exact,6,216,3,26,A,74,True,True,0.022395,a85bf3c789b2c6a8638125b49fb6a416,8
C_exact,6,216,3,26,A,73,True,True,0.03624,5e65689dfc8c0882b09dc175e257745a,2
C_exact,6,216,3,26,A,75,True,True,0.01895,a7bf73d53ff19fe71c6269b3ab707675,8
C_exact,6,216,3,26,A,76,True,True,0.02197,9392b68fb79b7bdaf1166d9b50a5c95b,2
C_exact,6,216,3,26,A,77,True,True,0.023791,01c0337c45c4b065260a93a5e1a5efa0,8
C_exact,6,216,3,26,A,78,True,True,0.025138,79839ef3263f08e5872d0c54153f59c3,2
C_exact,6,216,3,26,A,80,True,True,0.01946,3758721c87c21f097213a7623b27acf6,2
C_exact,6,216,3,26,A,79,True,True,0.035522,9564e5215bd1f3553712c54788ce89c6,8
C_exact,6,216,3,26,A,81,True,True,0.019153,9631b24a8845a3e3d93a15e5c807ebe1,2
C_exact,6,216,3,26,A,82,True,True,0.018908,9201d95c0a1fe9cc0944061a69f7b91c,8
C_exact,6,216,3,26,A,83,True,True,0.020314,f0119679faad257b690c796aecb58710,2
C_exact,6,216,3,26,A,84,True,True,0.02296,b3c488bb7cef2cd1754e22b4c2d179de,8
C_exact,6,216,3,26,A,85,True,True,0.020284,27ea16ad93117587f9f66bb2a33c1a6a,2
C_exact,6,216,3,26,A,86,True,True,0.021362,8d9eef2e0ed88cf7cabaaffcb955fd7d,8
C_exact,6,216,3,26,A,87,True,True,0.02123,e628cd0c2c73a554ac9ea10f2e3af814,2
C_exact,6,216,3,26,A,88,True,True,0.03749,32a7d2db65bf11f70baec794f4065af6,8
C_exact,6,216,3,26,A,89,True,True,0.029086,2cb84aef78b1a2b35a6fbbc22907145d,2
C_exact,6,216,3,26,A,90,True,True,0.030805,f1af897fc86932adc57a9c364173ba66,8
C_exact,6,216,3,26,A,91,True,True,0.028702,15771fc9d1592ae40b75e86016862ac3,2
C_exact,6,216,3,26,A,92,True,True,0.034451,ddcae01c8c67360622097b55bffbc0d7,8
C_exact,6,216,3,26,A,93,True,True,0.036943,d7e03088089b82f9c559ebf7365a13ea,2
C_exact,6,216,3,26,A,94,True,True,0.038795,cd993685e87757efb1e951d8993464e1,8
C_exact,6,216,3,26,A,95,True,True,0.032833,bcf7fd6b19e5f978954aee15470bb109,2
C_exact,6,216,3,26,A,96,True,True,0.03717,9cbeabb9b3bce1751e83ec2f430bdd65,8
C_exact,6,216,3,26,A,97,True,True,0.032959,f42fffd24eb5e8804b1bc7d4ad870fe2,2
C_exact,6,216,3,26,A,98,True,True,0.054689,6472622600bdc84297a9f1fe5f165ea3,8
C_exact,6,216,3,26,A,99,True,True,0.064588,e4235b762924cc7e0dd5e711abc16402,2
C_exact,6,216,3,26,A,100,True,True,0.040386,2f15037ebb479cac1a473b7c85607984,8
python_exact,6,216,3,26,A,11,True,True,0.021425,8b18467a8cee16a86d18aff1dd71832b,2
python_exact,6,216,3,26,A,13,True,True,0.040491,a4fa095ac4b446085ce49d636a8caefe,2
python_exact,6,216,3,26,A,14,True,True,0.015344,75be6ae3404da8cedc3a9e171c29ff8a,2
python_exact,6,216,3,26,A,12,True,True,0.071063,73dd841dd8599aea23d701ef3ddf5d78,8
python_exact,6,216,3,26,A,16,True,True,0.018618,7db2c8a565dd0b32c0541b24497bcacf,8
python_exact,6,216,3,26,A,15,True,True,0.020223,6f83721d2e1bba0e19484150035081c8,2
python_exact,6,216,3,26,A,17,True,True,0.018156,8c97710cf0c1c9c005b16971bdd8ca4e,8
python_exact,6,216,3,26,A,18,True,True,0.02369,54e244499956b34d23e5a6975a2a100d,2
python_exact,6,216,3,26,A,19,True,True,0.021987,e856579a2065c8bb9d83be91d9dea781,8
python_exact,6,216,3,26,A,20,True,True,0.022036,61e59166023f02b22f26e5718913f0ae,2
python_exact,6,216,3,26,A,21,True,True,0.020557,7150c0dd4f6e48649c63092912bfffbb,8
python_exact,6,216,3,26,A,22,True,True,0.031747,32485a711f9ea1fe36eb45d0e82efa98,2
python_exact,6,216,3,26,A,23,True,True,0.024576,2dd753852c3aa953d6550f9e39880b76,8
C_pruning,6,216,2,18,B,98,True,True,14.317175,41e44ecaf280efd8df1e0e9943b7ffb4,10
python_exact,6,216,3,26,A,25,True,True,0.012137,7144fecf086cb0c0ffc6dd491608d553,8
python_exact,6,216,3,26,A,24,True,True,0.050311,d64c73558a048fe95b04c7404a95155d,2
python_exact,6,216,3,26,A,26,True,True,0.017179,174157f6022cd611ed744bb143d05848,10
python_exact,6,216,3,26,A,27,True,True,0.024219,e262752120eb6450b58111100fb32eb8,8
python_exact,6,216,3,26,A,28,True,True,0.020531,fb87748699eeeb0d1cd51b37f7b45a7b,2
python_exact,6,216,3,26,A,29,True,True,0.014438,f685b5f6f15b1cfd3c317ef2f5f58eb6,10
python_exact,6,216,3,26,A,30,True,True,0.01857,a510b0b8db585b01290d3c078169afa5,8
python_exact,6,216,3,26,A,32,True,True,0.015821,895b9f08ac6b04e4c30154af79c6e452,10
python_exact,6,216,3,26,A,31,True,True,0.017388,56b77b8dc38cfc2fae6f60482f7a3eb6,2
python_exact,6,216,3,26,A,35,True,True,0.019427,57fcef82e863100369c0aadbaaf1c3e8,2
python_exact,6,216,3,26,A,33,True,True,0.022134,3f7335bb58075c6c7ad20a932a11792a,8
python_exact,6,216,3,26,A,36,True,True,0.01861,9d043e3ef427f7588486cc0e2bffb51c,2
python_exact,6,216,3,26,A,37,True,True,0.021941,baabb3216206c4481e68986e125e3ff0,8
python_exact,6,216,3,26,A,34,True,True,0.011608,96301e4c4c742846fab67ae2b5ace134,10
python_exact,6,216,3,26,A,38,True,True,0.014229,02d5a4c8458783b9b080c806ee8154d1,2
python_exact,6,216,3,26,A,41,True,True,0.012275,2fd6b0ff9c6b7de17897f9a47fa5dba2,2
python_exact,6,216,3,26,A,39,True,True,0.021823,e2e123a5f3f990b19d466d183932d96e,8
python_exact,6,216,3,26,A,42,True,True,0.021101,aceb0d5c5ccb1d39f29b099034cce358,2
python_exact,6,216,3,26,A,43,True,True,0.020698,cc2e9054aaf4a481fc7aa7c2e8aa6375,8
python_exact,6,216,3,26,A,44,True,True,0.015944,2f48cf1e9fec0de41115f8cc2c018dfe,2
python_exact,6,216,3,26,A,45,True,True,0.025966,b6d2933e3e44f00ce63c3c88d8befde9,8
python_exact,6,216,3,26,A,46,True,True,0.018938,1d78c52f53c2dbd4b81d9f2394e77150,2
python_exact,6,216,3,26,A,48,True,True,0.017496,7fb0de8cd0730c4d49f612c12bb23c28,2
python_exact,6,216,3,26,A,47,True,True,0.027698,e8cf44badc45e0357cce10393c25a565,8
python_exact,6,216,3,26,A,50,True,True,0.013255,c13da5fc2259688d1bab422d73d17886,8
python_exact,6,216,3,26,A,49,True,True,0.020536,fc3bdb819bde5b0b0393b5ac69a248a4,2
python_exact,6,216,3,26,A,51,True,True,0.011412,ff70f58f3294d3388146b470f0a22ae1,8
python_exact,6,216,3,26,A,52,True,True,0.02451,cc9be9fcac8fa30ebe6fb423dad94ba0,2
python_exact,6,216,3,26,A,53,True,True,0.017692,23a02580236bf082c7d5b1cff23e7cf8,8
python_exact,6,216,3,26,A,54,True,True,0.012368,d2f6dc001844070414f8b79b1739e2f5,2
python_exact,6,216,3,26,A,55,True,True,0.019836,974f50aecfa6471f751c480139a5669a,8
python_exact,6,216,3,26,A,56,True,True,0.022583,ff8b95584365e9dc218d88c0562f3273,2
python_exact,6,216,3,26,A,57,True,True,0.017259,e7a48371709ae4cbc6d0f974b8641784,8
python_exact,6,216,3,26,A,58,True,True,0.018103,29ee640c5304d27b971d19a16c6d5dcc,2
python_exact,6,216,3,26,A,59,True,True,0.017252,720fa09709d7b9482400c3e97bd1f6e0,8
python_exact,6,216,3,26,A,60,True,True,0.017576,1255699c73953e2a7a45203ba648bf87,2
python_exact,6,216,3,26,A,61,True,True,0.018038,52118d1a63917d1c0bc004890bbb758c,8
python_exact,6,216,3,26,A,63,True,True,0.018992,2bab9837721871cc273635b091c5339d,8
python_exact,6,216,3,26,A,62,True,True,0.024437,be25cb86e15d964a477db8dcfe16cf41,2
python_exact,6,216,3,26,A,65,True,True,0.016845,5f8deee5134ebcaecc163b0c2d34fec5,2
python_exact,6,216,3,26,A,64,True,True,0.021797,2280dd4472879427ba2630c75c4557b4,8
python_exact,6,216,3,26,A,66,True,True,0.016856,29360e3cad0559671f254b1af05bf01b,2
python_exact,6,216,3,26,A,67,True,True,0.019354,59ee48be2478e850b8a389f7d14019ff,8
python_exact,6,216,3,26,A,40,True,True,0.320561,321cee22caf2fd46bf66991a3322585c,10
python_exact,6,216,3,26,A,69,True,True,0.017848,8eda4998d41e1730ee29212aa4dca0d4,8
python_exact,6,216,3,26,A,70,True,True,0.012406,5567fae9f50534caabd41d5bbc524023,10
python_exact,6,216,3,26,A,68,True,True,0.029866,a09085e711481a408a6a6567fe2e7cc8,2
python_exact,6,216,3,26,A,71,True,True,0.011684,913ae9cb8ab469ac7250ddda1a24d76e,8
python_exact,6,216,3,26,A,72,True,True,0.012119,4b690ec0c3bd0f0e1319703e06c99b82,10
python_exact,6,216,3,26,A,74,True,True,0.011523,2a8d5cc766f734a672cb27036fc0cf7d,8
python_exact,6,216,3,26,A,75,True,True,0.011718,4bf5165181154a73883f972890120fa4,10
python_exact,6,216,3,26,A,76,True,True,0.016112,0b69efd34fa029080b5540410f24d9cf,8
python_exact,6,216,3,26,A,73,True,True,0.034593,da53fc3c6564c9ef4122acc61ea8c384,2
python_exact,6,216,3,26,A,77,True,True,0.016314,dbc6ff06b3b6737712735851cd79e188,10
python_exact,6,216,3,26,A,80,True,True,0.01172,27bdcc7b225d39d7bbab3132cd6490f7,10
python_exact,6,216,3,26,A,79,True,True,0.027052,9890d797f4ebfbb0e7c96cdf1457e9a3,2
python_exact,6,216,3,26,A,81,True,True,0.012082,209db4294616994f552e2329a50ff51a,10
python_exact,6,216,3,26,A,78,True,True,0.040564,67dba1d6e7bc313bdadf7aed370cac48,8
python_exact,6,216,3,26,A,83,True,True,0.016494,3fbc388f22f77c1d0081ed4a5ebb6c7f,10
python_exact,6,216,3,26,A,84,True,True,0.011759,4daf2512396b32568e6f9515b4f2a8db,8
python_exact,6,216,3,26,A,85,True,True,0.011576,aa4c100c6b9ea40f4a6aec5cf7778c9a,10
python_exact,6,216,3,26,A,82,True,True,0.026421,92bd249b65b38452b357c3cba66587fd,2
python_exact,6,216,3,26,A,86,True,True,0.011807,700361b1d4b4c48f04a1b684e1981f1a,8
python_exact,6,216,3,26,A,88,True,True,0.013998,4a4892d1f1212b011ef46cf7cf2a893b,2
python_exact,6,216,3,26,A,89,True,True,0.011603,85479def143fbb8637067d2ad10f3aa2,8
python_exact,6,216,3,26,A,87,True,True,0.016627,f3a0306684f0fd328e585abd572f8f05,10
python_exact,6,216,3,26,A,92,True,True,0.011664,e692755ba584386a567b0420a866d794,10
python_exact,6,216,3,26,A,91,True,True,0.016201,0a0c2f8cf08de4a3cdfe6c3f94189829,8
python_exact,6,216,3,26,A,90,True,True,0.024793,bdbb730eaf9b7e3ec1cd403da67b34a5,2
python_exact,6,216,3,26,A,93,True,True,0.011678,c8e587f82bfd414a5413017609149a87,10
python_exact,6,216,3,26,A,94,True,True,0.011711,fe7b94262b0268da5b9bb5f74943d0bc,8
python_exact,6,216,3,26,A,96,True,True,0.011682,2fbb1638d08cf2333ea25de51f37ed74,10
python_exact,6,216,3,26,A,97,True,True,0.011848,8c88755b67bf43c840e51aca4f38e4e4,8
python_exact,6,216,3,26,A,98,True,True,0.012712,270e21d04305a1e449172d7f41f91152,10
python_exact,6,216,3,26,A,99,True,True,0.014356,981a98825056380c7dda25dd97e486c6,8
python_exact,6,216,3,26,A,100,True,True,0.015066,9240d9024e28db4fc35a42eb00361c70,10
python_exact,6,216,3,26,A,95,True,True,0.015229,d0577fc0b2ce6f20ae9dc83887d3432f,2
C_exact,6,216,3,26,T,11,True,True,0.028595,8ce1f749fd74164f45e8821284862387,8
C_exact,6,216,3,26,T,12,True,True,0.020342,e435ea36c1ec75087f35444b957c4939,10
C_exact,6,216,3,26,T,13,True,True,0.050312,ed3aa1dabddad4e999802aafe6dff324,2
C_exact,6,216,3,26,T,14,True,True,0.029837,9e6494b5035a33fea9ea460c7b8d7c62,8
C_exact,6,216,3,26,T,15,True,True,0.031868,86d8b38df291d2504a31607818446e35,10
C_exact,6,216,3,26,T,17,True,True,0.020971,e1b67c3fcbcb2efbfd8da96118da244b,8
C_exact,6,216,3,26,T,16,True,True,0.021594,057fc23f1f40f86e9b05a9b7f7da29f6,2
C_exact,6,216,3,26,T,18,True,True,0.031527,2ac0c134f63ef04c4fc8a8a69d9c19c9,10
C_exact,6,216,3,26,T,19,True,True,0.021483,8b35079241e545b9c5019b3bdf8ed0f5,8
C_exact,6,216,3,26,T,20,True,True,0.020239,45e196e85b8c1eb6dbfc3821a4435b62,2
C_exact,6,216,3,26,T,21,True,True,0.019488,8da07faa1230c13d2e73ac4f59e4b398,10
C_exact,6,216,3,26,T,22,True,True,0.023474,fe92463ec09a66fb1aed236ab1943795,8
C_exact,6,216,3,26,T,24,True,True,0.020972,de086ea1bdaebb0c48652c911b7afba5,10
C_exact,6,216,3,26,T,23,True,True,0.028809,bdebf2cdf667059fe54d53d63446050e,2
C_exact,6,216,3,26,T,25,True,True,0.038482,258e2e27afb05b07d6bf4b3622424aa0,8
C_exact,6,216,3,26,T,27,True,True,0.034113,4b21d39731eb858ef0a3d5e897d9cefd,2
C_exact,6,216,3,26,T,26,True,True,0.035828,07fb06ad421052d4069c1f8f0af6d345,10
C_exact,6,216,3,26,T,28,True,True,0.020435,a5add5555b77a28fc0a2d9c7c65f6a98,8
C_exact,6,216,3,26,T,29,True,True,0.032951,b38018707e4b21c2e45ebfd557bdc605,2
C_exact,6,216,3,26,T,30,True,True,0.029509,1cdd3b559733bfa1f610a41b66f09d65,10
C_exact,6,216,3,26,T,31,True,True,0.022343,d5ebf97a70548cabed6cc6695f998321,8
C_exact,6,216,3,26,T,32,True,True,0.031104,9f002f27dd4f3a3fce0ba47f31b30ed7,2
C_exact,6,216,3,26,T,33,True,True,0.020754,8ac175effbadbc1684f5f60a4c07342b,10
C_exact,6,216,3,26,T,34,True,True,0.026965,ee7760c409f94a2845cca17e217054ac,8
C_exact,6,216,3,26,T,35,True,True,0.031435,5dc1847d21e94df3c72510a214b02665,2
C_exact,6,216,3,26,T,36,True,True,0.028411,235e2e93caad7e4f69da60aba33d5f91,10
C_exact,6,216,3,26,T,37,True,True,0.02106,b26fad0a9a6130c6f3d569a2b436c443,8
C_exact,6,216,3,26,T,38,True,True,0.019643,926e7f10b6ab2904daad95721fcd5ee1,2
C_exact,6,216,3,26,T,39,True,True,0.019813,6c834ef48e83f60e0585abd27b019a21,10
C_exact,6,216,3,26,T,40,True,True,0.026785,eb4b25a8ab3f33772d1c16a9e963b732,8
C_exact,6,216,3,26,T,41,True,True,0.020524,e08a63d96f01b2bde8af4efdc1b2cb6d,2
C_exact,6,216,3,26,T,42,True,True,0.020176,58cea9bd9c07bac5280e8050d46fe1d1,10
C_exact,6,216,3,26,T,44,True,True,0.01889,800842fd64039524c6019b087e7c526f,2
C_exact,6,216,3,26,T,43,True,True,0.021088,dfc9cc3e432a18b7f4601a7326f85f17,8
C_exact,6,216,3,26,T,45,True,True,0.019421,a22f896626576a1a0a290c05e2d9dc76,10
C_exact,6,216,3,26,T,46,True,True,0.020773,c5a6e93933c8077703f225b2a9fa8297,2
C_exact,6,216,3,26,T,47,True,True,0.019336,1b60c5bbd5052fb721565481359453f9,8
C_exact,6,216,3,26,T,49,True,True,0.028549,2b5bb6f99e3762a15077f04a64edca05,2
C_exact,6,216,3,26,T,48,True,True,0.036901,09719ca804080dd5b51c3521c1ef38ee,10
C_exact,6,216,3,26,T,50,True,True,0.031821,5dadd4d3cee5fce709c550cdcd85115f,8
C_exact,6,216,3,26,T,52,True,True,0.030143,65093fa8307f406c61f2d366904fd0e8,2
C_exact,6,216,3,26,T,53,True,True,0.025078,48a471dfe355530927f827bcd67a83d4,8
C_exact,6,216,3,26,T,51,True,True,0.030307,f7c528e04e4dd4667e99fa5f0e77c59b,10
C_exact,6,216,3,26,T,54,True,True,0.025063,356ae03a0b5b2f059dafc1715cc9a04a,2
C_exact,6,216,3,26,T,55,True,True,0.03052,33b3b6cad346e45d905a42218fec40cc,8
C_exact,6,216,3,26,T,56,True,True,0.02536,a4d96016133565729672746781b495d6,10
C_exact,6,216,3,26,T,57,True,True,0.023894,2d9f3e5d34274f8fea4e6d4c2203bbd7,2
C_exact,6,216,3,26,T,58,True,True,0.028721,3dd73d458e59e33cd039165109ed0b7a,8
C_exact,6,216,3,26,T,59,True,True,0.025879,83ce09885868d94d1569dd12af1a2950,10
C_exact,6,216,3,26,T,60,True,True,0.022546,dbd7c4fc319b7e950eaf7655fe3cd0ae,2
C_exact,6,216,3,26,T,61,True,True,0.019956,6efc8d029177a5f97613531ade431430,8
C_exact,6,216,3,26,T,62,True,True,0.024155,a8889cc9c229ca5ac7b1d154a3471ce7,10
C_exact,6,216,3,26,T,63,True,True,0.019027,d019e35ec1e70d6838ac099ecce8130b,2
C_exact,6,216,3,26,T,64,True,True,0.019662,7199ee23fde1149ddcac7b4222e71085,8
C_exact,6,216,3,26,T,65,True,True,0.023272,871323b174cc73c98b5e8c6f1879fbb1,10
C_exact,6,216,3,26,T,66,True,True,0.025134,33199abcb8d62be1bf1086a522f2f787,2
C_exact,6,216,3,26,T,67,True,True,0.019856,1c410b065e122ce4e8e800d4b3d96870,8
C_exact,6,216,3,26,T,68,True,True,0.024385,f9114eca2526baa1eae14b9e8daf594a,10
C_exact,6,216,3,26,T,69,True,True,0.019673,1281a3b211e89dc64d648530bc94fbf2,2
C_exact,6,216,3,26,T,70,True,True,0.019802,95fb600d5f4f4d54ec32d2787b718380,8
C_exact,6,216,3,26,T,71,True,True,0.021275,a246e8162990daf2b1d4e68bb1db0594,10
C_exact,6,216,3,26,T,72,True,True,0.021583,4cd67438c515584f02ae9dc3e3a11d92,2
C_exact,6,216,3,26,T,73,True,True,0.022244,e7966495982c6a3478f58aae26e6888b,8
C_exact,6,216,3,26,T,75,True,True,0.019636,63283348c80100e52198f302327bfddb,2
C_exact,6,216,3,26,T,74,True,True,0.035098,7a4c0b256f5a5141173227fbb08b8786,10
C_exact,6,216,3,26,T,76,True,True,0.022676,bd06669f8b5f483996abdd1684ca05bd,8
C_exact,6,216,3,26,T,77,True,True,0.020179,c106cf19ea8f22ed736f3d5f778dceef,2
C_exact,6,216,3,26,T,78,True,True,0.031339,142e406e4911e3ad37de96fc76cf2877,10
C_exact,6,216,3,26,T,79,True,True,0.023904,9527f8e19204de382806b1ca31e51c27,8
C_exact,6,216,3,26,T,80,True,True,0.02801,c590a998a1c81e9491a796e9a0557d89,2
C_exact,6,216,3,26,T,82,True,True,0.025951,a7150bd20ac91b910bf0d740601a90b2,10
C_exact,6,216,3,26,T,81,True,True,0.023281,3368dfe972daf1858a30adbbf466ecab,8
C_exact,6,216,3,26,T,83,True,True,0.026626,877546c1133b5b0e21952b04b3c7a5f0,2
C_exact,6,216,3,26,T,86,True,True,0.026915,0f422e8271dd69fd0f3f50f08a749b56,2
C_exact,6,216,3,26,T,85,True,True,0.030045,903dfcb90473f69d1367a37f613c830a,8
C_exact,6,216,3,26,T,84,True,True,0.02927,f339fc72d3a9e2a11cb5b335186a4cf1,10
C_exact,6,216,3,26,T,88,True,True,0.029182,bf8121eb3fd3514c51942e53bcf7c2df,8
C_exact,6,216,3,26,T,89,True,True,0.030226,f0516bf711091058c9584c831b0a679f,10
C_exact,6,216,3,26,T,87,True,True,0.03099,0db8999fe3b86c51ebefc152f839aab3,2
C_exact,6,216,3,26,T,92,True,True,0.016938,be1be4884894d78a33cf7efe8b10a5f0,2
C_exact,6,216,3,26,T,90,True,True,0.020853,5fb16f74f58d09f58d08a1bfc4a4cdb1,8
C_exact,6,216,3,26,T,91,True,True,0.029676,35274dd6a24dd63978fc116b274f55ae,10
C_exact,6,216,3,26,T,93,True,True,0.022721,b047779111bbea875dbcfcef8e9c07b1,2
C_exact,6,216,3,26,T,95,True,True,0.021115,cfa027e0ff00474e760be96868008343,10
C_exact,6,216,3,26,T,94,True,True,0.028472,fe5a54f82795e934fe13bb97d8197949,8
C_exact,6,216,3,26,T,96,True,True,0.027275,52d3162f7c886f933337ba6aa0f710c6,2
C_exact,6,216,3,26,T,98,True,True,0.017377,be6141e0178bb3bb468d35e54e412adf,8
C_exact,6,216,3,26,T,97,True,True,0.020097,b25f833990406e76ef4a8af35a1bcb2e,10
python_exact,6,216,3,26,T,11,True,True,0.017131,06066dd1099c5ab340393448b65b4a2a,10
C_exact,6,216,3,26,T,99,True,True,0.031262,a9d85d5dac27e2848a4211e0c606b546,2
python_exact,6,216,3,26,T,13,True,True,0.013888,a07e39df30773d07c1d9350a656c37ea,2
C_exact,6,216,3,26,T,100,True,True,0.04191,2fffb2b6cb0632e76bb8285ff27c9ced,8
python_exact,6,216,3,26,T,12,True,True,0.010713,6d6eac5c5860b8d38638b88d1a75e86e,10
python_exact,6,216,3,26,T,15,True,True,0.012434,fb362e3a106963d68a7bfcab9fcccc4e,8
python_exact,6,216,3,26,T,14,True,True,0.014839,756352c57f9d56ad76bdde75c968c781,2
python_exact,6,216,3,26,T,16,True,True,0.014653,82afdebcaea13812c5bd067496736ab6,10
python_exact,6,216,3,26,T,17,True,True,0.011404,4edec40d68a0b019112c6ca47cd09513,8
python_exact,6,216,3,26,T,19,True,True,0.010931,5edd786837d44f3095b0e5a9ffc54c53,10
python_exact,6,216,3,26,T,18,True,True,0.024702,167e71fd7e9cfd8182f3d0d975e27d12,2
python_exact,6,216,3,26,T,20,True,True,0.015679,632fe1897cb660a15b8e440cddf2689b,8
python_exact,6,216,3,26,T,21,True,True,0.010877,2c90c9414f9f2280492e7ab36722326f,10
python_exact,6,216,3,26,T,23,True,True,0.01124,4ed89ee333b50e039384b44ec4089443,8
python_exact,6,216,3,26,T,22,True,True,0.021052,7e12f35f38349e867276d38ba6e21767,2
python_exact,6,216,3,26,T,24,True,True,0.013947,b44181f4bc8d75ce5f2aa79e9c6020c9,10
python_exact,6,216,3,26,T,25,True,True,0.018248,3445ed9a40effe56bdea157bcf1cd270,8
python_exact,6,216,3,26,T,27,True,True,0.013001,b7f9415bef5adf3bccba8719b1460da0,10
python_exact,6,216,3,26,T,26,True,True,0.020251,837a4ab7c3ffbfffc2ba8253632ec348,2
python_exact,6,216,3,26,T,28,True,True,0.01111,559a0affec8d51eada2471b248cb7007,8
python_exact,6,216,3,26,T,29,True,True,0.013533,afbfa483736f0c8af5a572bd65a28b37,10
python_exact,6,216,3,26,T,31,True,True,0.013397,9ef0c93b4352a51b4cfd1b267f7e0096,8
python_exact,6,216,3,26,T,32,True,True,0.010907,d57c09b69569603fca1cdd78eb61f263,10
python_exact,6,216,3,26,T,30,True,True,0.022556,b1ad9a2507c89253b05897f870dc7c47,2
python_exact,6,216,3,26,T,33,True,True,0.011068,baa10048fabc8f07def3e80d24825730,8
python_exact,6,216,3,26,T,34,True,True,0.015876,c3284779026b892a4801578d6434b3b8,10
python_exact,6,216,3,26,T,36,True,True,0.011632,39692e2cd4177ce22cd3cf65e219711b,8
python_exact,6,216,3,26,T,37,True,True,0.014003,063a54667334bd2430f084a288b52ac4,10
python_exact,6,216,3,26,T,35,True,True,0.031353,d90908a7852b816e50a9979c4ce38446,2
python_exact,6,216,3,26,T,38,True,True,0.011156,6c4ebbffb42b1aa34d60ce57392de27c,8
python_exact,6,216,3,26,T,39,True,True,0.011182,10ddaca1eea337068997a2a22bf37703,10
python_exact,6,216,3,26,T,41,True,True,0.015203,4fb7475b7403cf2bf943d0f0ddd2ee53,8
python_exact,6,216,3,26,T,42,True,True,0.01108,1b2e977cd03e636e0d0e8fd86e3930ca,10
python_exact,6,216,3,26,T,40,True,True,0.023906,672a7f2183133406130084aa7d12d013,2
python_exact,6,216,3,26,T,43,True,True,0.011229,c295223230f6e665a6f04c18c966da4d,8
python_exact,6,216,3,26,T,44,True,True,0.017659,4ad928d573a8ecc83c588570699e8eb3,10
python_exact,6,216,3,26,T,46,True,True,0.011439,bd2b555c754c0d8d64ef8c854b7b6a0f,8
python_exact,6,216,3,26,T,45,True,True,0.017569,f74e9f09fe6a83e038b7facf3ac8cee6,2
python_exact,6,216,3,26,T,48,True,True,0.016683,989bea847cb825b356a1dc6f11b0849c,8
python_exact,6,216,3,26,T,47,True,True,0.017375,ac0f445e17905bd047f6547584222e78,10
python_exact,6,216,3,26,T,49,True,True,0.021003,a08eebae562f12eb99518d5b7ba6bb05,2
python_exact,6,216,3,26,T,50,True,True,0.011542,3a82d6fbfc04851e3e2d8441bbef5d32,8
python_exact,6,216,3,26,T,51,True,True,0.014873,0b6f9b723d0cf1f99f8f961d11e93c72,10
python_exact,6,216,3,26,T,53,True,True,0.011691,fdbad65574de271d154b03ed1e779fb8,8
python_exact,6,216,3,26,T,52,True,True,0.018904,837846efc881cf205d9bc66ab0d73319,2
python_exact,6,216,3,26,T,54,True,True,0.01339,d87ec9d307a2ef57cb63e2b32be7eade,10
python_exact,6,216,3,26,T,55,True,True,0.014637,c679eaf02d83996797dff8fd2adc737e,8
python_exact,6,216,3,26,T,57,True,True,0.013349,1565857885e6595eb3b2a4d866d4bf92,10
python_exact,6,216,3,26,T,56,True,True,0.019353,1924bf0704d4ae192e3dd6c67ab3f89e,2
python_exact,6,216,3,26,T,59,True,True,0.010764,b964f0c8e48d8733b8322cdfdcc0a43b,10
python_exact,6,216,3,26,T,61,True,True,0.010963,112219a319436a3f111f6dc0f126ffce,10
python_exact,6,216,3,26,T,60,True,True,0.024377,b9c51f9e12ea27ff710bf3a5937381f9,2
python_exact,6,216,3,26,T,58,True,True,0.011002,2ba9fb62b47f6a352769e32762596cc5,8
python_exact,6,216,3,26,T,62,True,True,0.014675,172a4765a53147663d294fcbfcad1dba,10
python_exact,6,216,3,26,T,64,True,True,0.010614,6ee89306f93cf8f375b15aaacbab6395,8
python_exact,6,216,3,26,T,63,True,True,0.019751,5515a935dc333e3674f8d3c17345d6c6,2
python_exact,6,216,3,26,T,65,True,True,0.010769,f342accebc42b522bf2e67e09ded34e6,10
python_exact,6,216,3,26,T,66,True,True,0.014325,de0eb5716cdc366def2d3d5306bbaa16,8
python_exact,6,216,3,26,T,68,True,True,0.010927,820e5da8d803fd93fdf611e49e1f6ac2,10
python_exact,6,216,3,26,T,67,True,True,0.018663,f4774e487e2022e259c974184d3e0940,2
python_exact,6,216,3,26,T,70,True,True,0.015869,4a72db24001b40d9a160af3aed40c669,10
python_exact,6,216,3,26,T,69,True,True,0.019829,f4f06baaa567d96d39c968186dfa5388,8
python_exact,6,216,3,26,T,72,True,True,0.011319,a2be37d182ee64de518b5c41a551511f,10
python_exact,6,216,3,26,T,73,True,True,0.010846,731cce6521a84924c012eb0746c0ccba,8
python_exact,6,216,3,26,T,71,True,True,0.018079,8db8842d23b026b0b155c60364ddec47,2
python_exact,6,216,3,26,T,75,True,True,0.010833,bd7e976995cea3f3192dfabf4a4bb19d,8
python_exact,6,216,3,26,T,76,True,True,0.011155,d6b5fcb9ea2b5add8670eefba1b508a6,2
python_exact,6,216,3,26,T,74,True,True,0.015011,f8198b3250ae47074554111e985eabca,10
python_exact,6,216,3,26,T,77,True,True,0.014829,e53c6e7ffcb04c7b31053fdf0a41cb88,8
python_exact,6,216,3,26,T,80,True,True,0.011092,7be13cc94567ba4464017b05d9b1339b,8
python_exact,6,216,3,26,T,78,True,True,0.030546,6e2a78ce732dc3480e42433b34714001,2
python_exact,6,216,3,26,T,81,True,True,0.01142,492b809cea779b1acc0ae39ab45e1457,8
python_exact,6,216,3,26,T,79,True,True,0.037409,9c1f6f919caab321262236ccae2d94bc,10
python_exact,6,216,3,26,T,82,True,True,0.017387,3868b8796a87740718ed555ac125702a,2
python_exact,6,216,3,26,T,84,True,True,0.010851,39c137776753ba1de1e0102d94d5d63d,10
python_exact,6,216,3,26,T,83,True,True,0.013384,ffb07e842b8919764790e66fad99e668,8
python_exact,6,216,3,26,T,86,True,True,0.014618,d41c7cdbdf354aa1ac4afb1842e27ff1,10
python_exact,6,216,3,26,T,85,True,True,0.01727,ccb2ca4c03c1c1585fed08f62fd80831,2
python_exact,6,216,3,26,T,87,True,True,0.014373,e7a6272e17f9c7218002d494f3100bbd,8
C_pruning,6,216,2,18,B,90,True,True,25.908987,6870b4f3b1d18e58e8f1d14c7a5a3933,4
python_exact,6,216,3,26,T,90,True,True,0.011462,c51cf4f49172ade5f9b12018865a0ffb,8
python_exact,6,216,3,26,T,88,True,True,0.015706,87af40de6cdcad6106c0a1ba379a41fc,10
python_exact,6,216,3,26,T,89,True,True,0.018351,7ae8f00e6952bd738334b8ae71701ae9,2
python_exact,6,216,3,26,T,92,True,True,0.011156,08c530484e22f46174719ab10feaf66b,8
python_exact,6,216,3,26,T,93,True,True,0.016478,3133b581a1b902173d627e5ebcf71982,10
python_exact,6,216,3,26,T,91,True,True,0.022905,753964fa0dd0ef8bc0f4733b6f5e7efb,4
python_exact,6,216,3,26,T,95,True,True,0.011216,664fb35d6834825dddf0efc50118f1ae,8
python_exact,6,216,3,26,T,94,True,True,0.020013,fd2a2b643430c9ae2c2cdd60a1bb5619,2
python_exact,6,216,3,26,T,96,True,True,0.010989,921082d308008c33a252878fdc76efce,10
python_exact,6,216,3,26,T,98,True,True,0.011407,154bd869dda3d833d91e85ed1c66615f,8
python_exact,6,216,3,26,T,97,True,True,0.015569,293566ab7025c97979db3e4fd6c8d73f,4
python_exact,6,216,3,26,T,100,True,True,0.011709,063bedf0b0f6bef82287e370013a9f9a,10
python_exact,6,216,3,26,T,99,True,True,0.024812,b0a48779f3c0da73bc86c731ed8f9e8b,2
C_exact,6,216,3,26,B,12,True,True,0.029485,3dbd700257fdf9701d13351643d625a6,4
C_exact,6,216,3,26,B,11,True,True,0.047425,29459d3af9fcbf2f65391bdee48e6825,8
C_exact,6,216,3,26,B,14,True,True,0.034444,26deaa5cdb62ecda1231ac22dd29feb7,2
C_exact,6,216,3,26,B,13,True,True,0.040226,41020b76f216e5e449bc8024160926aa,10
C_exact,6,216,3,26,B,15,True,True,0.019623,399cb8c6b0173a21f4ca7b6f257216c4,4
C_exact,6,216,3,26,B,16,True,True,0.024086,466b918e8fb6576c15ea70a0e63bcd99,8
C_exact,6,216,3,26,B,17,True,True,0.021122,c030e6940b0f0de3f43869d78ca88cc7,2
C_exact,6,216,3,26,B,18,True,True,0.019129,136b15f67753deae0042341a624edb72,10
C_exact,6,216,3,26,B,19,True,True,0.021267,dfbb6f44927b705e84cd32a0b8b01b11,4
C_exact,6,216,3,26,B,20,True,True,0.024989,5c9be8859f5d33c3541669b8c71d93d9,8
C_exact,6,216,3,26,B,21,True,True,0.01876,6d3c19e93c6e7c3a13114940a9140a66,2
C_exact,6,216,3,26,B,23,True,True,0.019606,9888a9ac44185cf1bebb372794684482,4
C_exact,6,216,3,26,B,22,True,True,0.03116,3c4d783573f1e3ef6c9d831bdedb65c8,10
C_exact,6,216,3,26,B,24,True,True,0.019406,ec3773459b0fdc82434015284814f7fa,8
C_exact,6,216,3,26,B,25,True,True,0.027135,17682dd64a0808a6e8ae8ec2d5955fff,2
C_exact,6,216,3,26,B,26,True,True,0.025565,88d8e853f1cb86ce8e0b7b34eaef51db,4
C_exact,6,216,3,26,B,28,True,True,0.019337,ed6985ba7c7d93fecbcb8e87f3f33b6e,8
C_exact,6,216,3,26,B,27,True,True,0.025386,37b00bfbf57af78a738ff18137334c09,10
C_exact,6,216,3,26,B,29,True,True,0.01891,d45b2cb5988aa02191fd3e53f48e1397,2
C_exact,6,216,3,26,B,30,True,True,0.019314,34920bb9c4a7fe9509769d5f20f344cd,4
C_exact,6,216,3,26,B,32,True,True,0.021004,72f46978b065c66396243c0c5601e27b,10
C_exact,6,216,3,26,B,31,True,True,0.061769,7f8d9a33804e508f0feafc555e99e5c2,8
C_exact,6,216,3,26,B,34,True,True,0.037284,ec2be17a39446a3fcb04b662b2e4da4e,4
C_exact,6,216,3,26,B,33,True,True,0.051114,c3f411dac23d2a9823efcc552e607eee,2
C_exact,6,216,3,26,B,35,True,True,0.024484,004e875242dc5e42c3c12057f818c12c,10
C_exact,6,216,3,26,B,38,True,True,0.022069,1ecf5f6152761a3ba82f95788e561475,2
C_exact,6,216,3,26,B,37,True,True,0.020664,886ac28f29f4068d9c52db35de699d97,4
C_exact,6,216,3,26,B,36,True,True,0.028176,ba05d6360887b61a13e3dbc4939af5ba,8
C_exact,6,216,3,26,B,39,True,True,0.030651,648e8864f6ffcbc20b4200c4ba7aa649,10
C_exact,6,216,3,26,B,40,True,True,0.026238,8954384ca60c8dc19ed2888b16b4c58f,2
C_exact,6,216,3,26,B,41,True,True,0.024678,6ef7d482dd88f56789be68a1679b1aed,4
C_exact,6,216,3,26,B,42,True,True,0.019765,1d85a80df69e82141b803db1722a3679,8
C_exact,6,216,3,26,B,43,True,True,0.022465,63edb0e6f4d00a37837a570d226bbd59,10
C_exact,6,216,3,26,B,44,True,True,0.024203,3c0779a8c8697c955c03aaf6074c5577,2
C_exact,6,216,3,26,B,45,True,True,0.027469,dc3bc38426a4eef6108d6cbca6989085,4
C_exact,6,216,3,26,B,46,True,True,0.027235,ba97fd8b630c67dba6ed1eac6097183d,8
C_exact,6,216,3,26,B,47,True,True,0.019732,14cc81d7bf6d1a6015529be6dcbe0c1c,10
C_exact,6,216,3,26,B,48,True,True,0.020681,ded450be646acad0ce3082742a1f13db,2
C_exact,6,216,3,26,B,49,True,True,0.01999,74f9d001cf247134081df4c85f5bf4db,4
C_exact,6,216,3,26,B,50,True,True,0.027576,bb1890a2e957d75e53ce27f7d5b0831b,8
C_exact,6,216,3,26,B,51,True,True,0.029314,7bae644567e2d97eecd2796921444fc0,10
C_exact,6,216,3,26,B,52,True,True,0.021745,f1a2fb8e5e4045d01a098cb2ed3bd063,2
C_exact,6,216,3,26,B,53,True,True,0.019915,ba47133ffce7d66872a32a695200a7ad,4
C_exact,6,216,3,26,B,54,True,True,0.021062,bb43d120d6aa66d48fd88932fce759f1,8
C_exact,6,216,3,26,B,57,True,True,0.024643,dcbc7298d2887e66885e48842901c458,4
C_exact,6,216,3,26,B,55,True,True,0.028151,71e07b93ca6902944907752f15e7f2b3,10
C_exact,6,216,3,26,B,56,True,True,0.033254,20d7a61e281216fc3f5873f12e396647,2
C_exact,6,216,3,26,B,58,True,True,0.030703,e1de20bc5c9b20f65a4c8f0b377bac91,8
C_exact,6,216,3,26,B,61,True,True,0.020572,5935647cf255b08d1ea96897bfb411c7,2
C_exact,6,216,3,26,B,59,True,True,0.0233,33701521fd696d953c115c8d87e5d0fa,4
C_exact,6,216,3,26,B,60,True,True,0.027273,6453576b8fdb3c31179ecbe7ecb8434d,10
C_exact,6,216,3,26,B,62,True,True,0.01906,8809da6b5bad1fb5ad41e7fba7207812,8
C_exact,6,216,3,26,B,64,True,True,0.022791,131db2e05600afb836b86b7048a9b8e5,4
C_exact,6,216,3,26,B,63,True,True,0.027137,73eff7f64d162652e782a9de7d7f45af,2
C_exact,6,216,3,26,B,65,True,True,0.026959,3ce553424f5c2c839353bde0f7a00acc,10
C_exact,6,216,3,26,B,66,True,True,0.019363,7406d4c5d8bc33a1618a45a5ff2a18b2,8
C_exact,6,216,3,26,B,67,True,True,0.036128,f8bcf1949384809d06b875f4e021ed89,4
C_exact,6,216,3,26,B,69,True,True,0.029593,8390e194da1d20514af62c72ac571706,10
C_exact,6,216,3,26,B,70,True,True,0.030763,396f827b6e6f94438450a9fa45dcd2e7,8
C_exact,6,216,3,26,B,68,True,True,0.035746,2b36f55a385182d227c6882fbd29b6c0,2
C_exact,6,216,3,26,B,72,True,True,0.034353,4b33e8f1604bca235617ce9cc5972e0a,10
C_exact,6,216,3,26,B,71,True,True,0.036442,7cd376c3162c7f8a4b2b4ada6215396c,4
C_exact,6,216,3,26,B,74,True,True,0.045513,3f933e2542ca8f179bdacd9506f6bc73,2
C_exact,6,216,3,26,B,73,True,True,0.049409,f85690163046113bcdb5571b93cd04e1,8
C_exact,6,216,3,26,B,77,True,True,0.036213,27ab1f87b0b12e6e32fd68b62ab8f021,2
C_exact,6,216,3,26,B,76,True,True,0.04601,f044974f4954a9880bf58bfc1595827c,4
C_exact,6,216,3,26,B,75,True,True,0.049858,afbd0aa885f40b1b0763b7d234e8ba26,10
C_exact,6,216,3,26,B,78,True,True,0.05046,27d081e1c033f76e7620e38e202d7592,8
C_exact,6,216,3,26,B,79,True,True,0.01867,aae1c1018dd3ebbc2fbc26e4ba50acc2,2
C_exact,6,216,3,26,B,80,True,True,0.01832,d56764dc9a8f21840553379dede022a3,4
C_exact,6,216,3,26,B,81,True,True,0.029532,e62df4e4efa3d66d485b43dc65d4358a,10
C_exact,6,216,3,26,B,83,True,True,0.024728,c6b5046d108e450fd06d6a28054da44f,2
C_exact,6,216,3,26,B,82,True,True,0.037183,21d5d61fd882d9101fdaab3e8db831fd,8
C_exact,6,216,3,26,B,84,True,True,0.026459,8a34410e0903a9dc5efb1f821e972342,4
C_exact,6,216,3,26,B,85,True,True,0.027814,538b99440cbfe5a1ef59fec2bcac247e,10
C_exact,6,216,3,26,B,88,True,True,0.019967,6dd6071ff14374eec3de3a8b48a97b0e,4
C_exact,6,216,3,26,B,86,True,True,0.044071,c540097104c251f3da192a6be03a5685,2
C_exact,6,216,3,26,B,87,True,True,0.044144,1346a0c6df7bab85254d0d222a3e5c53,8
C_exact,6,216,3,26,B,89,True,True,0.031817,db4f4efc40383195a836c1b530567d43,10
C_exact,6,216,3,26,B,90,True,True,0.018697,70869f6464b24505848ca23a9eb9b66b,4
C_exact,6,216,3,26,B,91,True,True,0.020926,45a499438acce5b3f37bd5af668487c4,2
C_exact,6,216,3,26,B,93,True,True,0.025751,c36c7f74e214e5394e495bd6fe840e36,10
C_exact,6,216,3,26,B,92,True,True,0.022965,c327a39c4fcb78750bcbe1e6e8d59248,8
C_exact,6,216,3,26,B,94,True,True,0.022657,b76bc9eb9c127873bccb2b339074061a,4
C_exact,6,216,3,26,B,95,True,True,0.03042,07f5825ae617a253e445722978df7b7d,2
C_exact,6,216,3,26,B,99,True,True,0.023401,af911d5a470558d0ec8937409893fd54,2
C_exact,6,216,3,26,B,98,True,True,0.048166,ef1b66980200c5aa24ba158939c679ec,4
C_exact,6,216,3,26,B,96,True,True,0.050288,487a0bde69a24e6fa89a6e4eaea6067b,10
C_exact,6,216,3,26,B,97,True,True,0.053723,2ffada2951c2d504f027d2b2d444eb16,8
python_exact,6,216,3,26,B,13,True,True,0.015856,068c8b220887f69ace0a4de9131c46b9,8
python_exact,6,216,3,26,B,11,True,True,0.027763,40f8a1455ec7479b7362e13ba4c45b29,4
C_exact,6,216,3,26,B,100,True,True,0.01907,6af27cca2d3f461f9a6f46493035eb7c,2
python_exact,6,216,3,26,B,14,True,True,0.011777,0df2bd880eb8ffe41f2c7263338dfca2,8
python_exact,6,216,3,26,B,12,True,True,0.034769,95ae8de2b8c80ca5088b6ab8a73fc516,10
python_exact,6,216,3,26,B,17,True,True,0.011712,06ec2732ab0864ff2ada84fdfe09af4f,8
python_exact,6,216,3,26,B,18,True,True,0.011434,598bdf6587cfdf3c9431c10fbb27dc04,10
python_exact,6,216,3,26,B,16,True,True,0.024359,93e3130626a5f6c9dbad86cdee6a4a61,2
python_exact,6,216,3,26,B,15,True,True,0.029573,eb7350b39b3c3c2182c97c8c55b05874,4
python_exact,6,216,3,26,B,19,True,True,0.017324,68bffa7ce495b0dd677e89ac36df561d,8
python_exact,6,216,3,26,B,20,True,True,0.025141,be5b8bf268b076b814fd8fd161b9c81d,10
python_exact,6,216,3,26,B,23,True,True,0.011353,0ec2c32a18330077d44927b4a5ec8380,8
python_exact,6,216,3,26,B,21,True,True,0.033575,ce6599fa9544dae5931e478e684cc987,2
python_exact,6,216,3,26,B,24,True,True,0.011137,8cb81b7cd046453f1d0f30e71112318f,10
python_exact,6,216,3,26,B,22,True,True,0.039344,e5f7c5dc4be218f579c494832a9f539a,4
python_exact,6,216,3,26,B,26,True,True,0.010914,b7d01e8a2af19e5b50f61aa6aabbc4c5,10
python_exact,6,216,3,26,B,27,True,True,0.011134,ea1c8550eaaa0fe1681e5386bffbeab8,2
python_exact,6,216,3,26,B,25,True,True,0.021764,01b9b69bcc4293400380b18b8f678456,8
python_exact,6,216,3,26,B,31,True,True,0.011434,642e43aa707d6fa67ce35d961062a8c2,8
python_exact,6,216,3,26,B,29,True,True,0.018662,2ed5caba96f3fe8ded229d5203eeaff0,10
python_exact,6,216,3,26,B,30,True,True,0.020279,7f527b1b081cd4312b8bdfb09d30c5bb,2
python_exact,6,216,3,26,B,32,True,True,0.010626,8e8678de8bf3a05ce8f7d266aed523d7,8
python_exact,6,216,3,26,B,28,True,True,0.030739,a73ee5eb85e35cf111a784cc5ce2f95a,4
python_exact,6,216,3,26,B,33,True,True,0.015093,dc072be89545dedde6f42f60a770338d,10
python_exact,6,216,3,26,B,37,True,True,0.010905,ba4b93453ea0ce6e879aecd5db0a1013,10
python_exact,6,216,3,26,B,35,True,True,0.021157,3c7b888274186af9b7ca93f6c38be34d,8
python_exact,6,216,3,26,B,36,True,True,0.030007,7da00bb026278720f395cacb69286a75,4
python_exact,6,216,3,26,B,39,True,True,0.014143,fcb6e40c27eaae7691c4a661db2eb2e5,8
python_exact,6,216,3,26,B,38,True,True,0.021215,8a19013adb39d851bf10cf59d96b1011,10
python_exact,6,216,3,26,B,34,True,True,0.04894,2bf1722ddf4c41e8e01c24c0c9dd3320,2
python_exact,6,216,3,26,B,41,True,True,0.011096,56d34ad63badf4ba17f94b84d80ea593,8
python_exact,6,216,3,26,B,40,True,True,0.019082,85f6f5e86d5cd0af61f32113e8556d5b,4
python_exact,6,216,3,26,B,43,True,True,0.011669,aec7f23587945c3c1d3618d27c6fab8f,2
python_exact,6,216,3,26,B,44,True,True,0.011037,a6a66db7e5a0a56cb111af2d30c00f58,8
python_exact,6,216,3,26,B,42,True,True,0.02039,c0de9fef431fed6d47520f885ea4ed44,10
python_exact,6,216,3,26,B,46,True,True,0.01152,748de807a823285dc22ef7cda5aef523,2
python_exact,6,216,3,26,B,45,True,True,0.018725,0143ba210da32d202e2f1b9b6d0edcad,4
python_exact,6,216,3,26,B,47,True,True,0.011096,86edbd0858cbe9cb106a79340c0b1c19,8
python_exact,6,216,3,26,B,48,True,True,0.011307,2f8e1b419a8a4d3cae59e5235c78659f,10
python_exact,6,216,3,26,B,49,True,True,0.011959,574ad7a74ecc432955aafc002332dc41,2
python_exact,6,216,3,26,B,51,True,True,0.011782,e465bcc7d173ac757d971be9a2dac6f0,8
python_exact,6,216,3,26,B,52,True,True,0.011503,dcd1d76c6984980f138767aed8eab96c,10
python_exact,6,216,3,26,B,50,True,True,0.022808,714e769877e34420239ae90380b83abd,4
python_exact,6,216,3,26,B,53,True,True,0.016251,18758ee466e90d8d8887c7cb59a7317c,2
python_exact,6,216,3,26,B,57,True,True,0.016211,81984643587713c0677d8f1bf6865e08,2
python_exact,6,216,3,26,B,56,True,True,0.029335,77d2c2b70deb4b802c8b8d105f735a65,4
python_exact,6,216,3,26,B,55,True,True,0.039462,17c613f46a8163c804773f1a42b2c4af,10
python_exact,6,216,3,26,B,54,True,True,0.04418,6b6cc3073f1fc6d4354dacf2471232d7,8
python_exact,6,216,3,26,B,58,True,True,0.019777,dfc790fbbb3f78d2f74da6fd2cc3ebea,2
python_exact,6,216,3,26,B,60,True,True,0.011674,95d96baab023e895c34011f7c170db16,10
python_exact,6,216,3,26,B,61,True,True,0.011616,31fdc9377a49f8f5b0a0c9247c8a5440,8
python_exact,6,216,3,26,B,59,True,True,0.011433,b93d77eab78e3bd02248c5e6f0ed263d,4
python_exact,6,216,3,26,B,62,True,True,0.011704,7864325d9254cdbb73797b3f62df789f,2
python_exact,6,216,3,26,B,63,True,True,0.011316,22c10833b7709e3501f53e99eee1dfea,10
python_exact,6,216,3,26,B,64,True,True,0.011427,09baa7a920d1f424a3ccf03ace22645d,8
python_exact,6,216,3,26,B,66,True,True,0.011413,124c77cb2e0618dda6537697d587e803,2
python_exact,6,216,3,26,B,65,True,True,0.018429,cb736cd958ac116ccbe3af391491dff9,4
python_exact,6,216,3,26,B,67,True,True,0.01086,b5dcaf6a9cf8fd7b270a441bd75b89c8,10
python_exact,6,216,3,26,B,68,True,True,0.0113,dc17810a9a770934f4c0a6f275dad517,8
python_exact,6,216,3,26,B,71,True,True,0.011123,cd072b51b3bc9a98a49186ed58b0d16a,10
python_exact,6,216,3,26,B,69,True,True,0.015122,2fdefd0a9c10da3ca4967b62f3f899c2,2
python_exact,6,216,3,26,B,72,True,True,0.016345,849d7111303d8cd569e4f5ceb9a2e4d7,8
python_exact,6,216,3,26,B,70,True,True,0.020767,d4683f763ee2a976daf58c54b07ef4ca,4
python_exact,6,216,3,26,B,73,True,True,0.01621,e7506af0f20e5bf5e0f384d66eed94a0,10
python_exact,6,216,3,26,B,74,True,True,0.019136,c9bfd350279d6325442ab11283b464d1,2
python_exact,6,216,3,26,B,75,True,True,0.016037,5cd23bf6735a6834899d73c39ae066ce,8
python_exact,6,216,3,26,B,76,True,True,0.017793,05ccaa8bb213949c6c52b7e890a3f8c2,4
python_exact,6,216,3,26,B,77,True,True,0.011679,3ac4e7ac040aadfaf26eaab8b15d681b,10
python_exact,6,216,3,26,B,79,True,True,0.012013,714c037d9307ead2b1a92c6c06fc6e99,8
python_exact,6,216,3,26,B,81,True,True,0.017678,403ba66251e13500c646affc4c42904a,10
python_exact,6,216,3,26,B,80,True,True,0.021175,46bd1d8112ca37401ec67c4da5a11164,4
python_exact,6,216,3,26,B,82,True,True,0.011635,2df3a647df2a777351c70fc8a0e58ed2,8
python_exact,6,216,3,26,B,78,True,True,0.045045,57f9169dec4c808e19ddea37a395b77b,2
python_exact,6,216,3,26,B,83,True,True,0.018031,07260e3f1788e4496f2a1f1ebf4458b8,10
python_exact,6,216,3,26,B,84,True,True,0.019246,ca304b8cb76b542141c205eeac2cdee4,4
python_exact,6,216,3,26,B,85,True,True,0.021446,c0f41d5f778b2ee75bce41215d1ab2d5,8
python_exact,6,216,3,26,B,86,True,True,0.012295,2e16aa34648c59207569cc176696e2d6,2
python_exact,6,216,3,26,B,87,True,True,0.014176,74d0f6169ee9119a3c32db3d26ec05f2,10
python_exact,6,216,3,26,B,88,True,True,0.019959,4c3aa1dd63717dfaa072c4ed65a94ffa,4
python_exact,6,216,3,26,B,90,True,True,0.01131,c4dfa75a4c618effa152443b7f9f725a,2
python_exact,6,216,3,26,B,89,True,True,0.018888,378e0f930e39c11c064be6bea143def4,8
python_exact,6,216,3,26,B,91,True,True,0.010978,8c980b1c21382f021071f0204e7ea981,10
python_exact,6,216,3,26,B,94,True,True,0.011444,23bbecad3af169f4739baaef711226ad,8
python_exact,6,216,3,26,B,93,True,True,0.015448,13fff5c89897b39be0ca1011aa884a69,2
python_exact,6,216,3,26,B,92,True,True,0.019545,c1f57cd3f3728a7d240502af3a4976ba,4
python_exact,6,216,3,26,B,97,True,True,0.016986,1bde5c600392a233d198c35e418d0f3a,2
python_exact,6,216,3,26,B,95,True,True,0.039045,71d5cf787dd60c104a13635058ff3987,10
python_exact,6,216,3,26,B,96,True,True,0.027819,63f2e08e8cdb796d2ef47f7a92632775,8
python_exact,6,216,3,26,B,98,True,True,0.030167,4af067f94e0535c2ab2a4af497292ca2,4
python_exact,6,216,3,26,B,99,True,True,0.018714,1056087a3a380748c2bec3178e3bfc1e,2
python_exact,6,216,3,26,B,100,True,True,0.010876,2473ef2817b870acb309cfa53cf29e74,10
C_pruning,8,512,1,6,A,11,True,True,0.038199,c7b8619bd8281266c8abc965fef01ce6,8
C_pruning,8,512,1,6,A,13,True,True,0.030059,f97280ea9cdd6318df00a97b8dcb41c6,2
C_pruning,8,512,1,6,A,12,True,True,0.043761,3b71448d731b55cb61eb76e986566092,4
C_pruning,8,512,1,6,A,14,True,True,0.061846,b019659220894fe04cbae79122660b1d,10
C_pruning,8,512,1,6,A,15,True,True,0.050017,d0988210d27192642a90461854e65152,8
C_pruning,8,512,1,6,A,17,True,True,0.027241,02f3adeea67243efd13d5e4b06574493,4
C_pruning,8,512,1,6,A,18,True,True,0.032577,180b5f21f3915e54bea615d40901f00a,10
C_pruning,8,512,1,6,A,21,True,True,0.041579,3051b9f2727d8fc3093342e6d500356c,10
C_pruning,8,512,1,6,A,16,True,True,0.110523,0aad3261251eadfa06d67898486c6992,2
C_pruning,8,512,1,6,A,20,True,True,0.071595,596022ce8e3652a0451a60bb600d1e25,4
C_pruning,8,512,1,6,A,19,True,True,0.091053,9afdefe122debef5ef94c7f1542d040c,8
C_pruning,8,512,1,6,A,22,True,True,0.037022,6e584d8964dd70d21329bbc8721b3966,10
C_pruning,8,512,1,6,A,24,True,True,0.033631,e4733979735fd13766373b8eb2fed526,4
C_pruning,8,512,1,6,A,25,True,True,0.037773,7fbd819d562c4f5ac081d013671c16fd,8
C_pruning,8,512,1,6,A,26,True,True,0.049194,2cae75697fbff2d70271a8a6bc0f4edf,10
C_pruning,8,512,1,6,A,27,True,True,0.063622,4da89d198b63c8ec204fded9b0f5cd90,4
C_pruning,6,216,2,18,B,95,True,True,19.795177,4125b0ca8926e376b5d060e0391194ec,0
C_pruning,8,512,1,6,A,29,True,True,0.083765,2c578edf31b5ba981ebae2ebcacdc33c,10
C_pruning,8,512,1,6,A,23,True,True,0.20535,b36b0c8639845996c06af4c31c722c13,2
C_pruning,8,512,1,6,A,31,True,True,0.05171,e9414cb9784c01d607678ab3c5829d2f,0
C_pruning,8,512,1,6,A,28,True,True,0.142395,8eca2aeda4b03dad0e5acefa944ea0e7,8
C_pruning,8,512,1,6,A,32,True,True,0.042848,9046c81eed25e302629e3100e1c3fbb0,10
C_pruning,8,512,1,6,A,33,True,True,0.040416,1f65cdbcb060452fdfc41b8e0ee129e6,2
C_pruning,8,512,1,6,A,35,True,True,0.036171,c2c2ea530017a2e216fa8535a1585c1e,8
C_pruning,8,512,1,6,A,34,True,True,0.075737,b93477c267a6e0c48a9c7dff265140b2,0
C_pruning,8,512,1,6,A,36,True,True,0.040612,eacc592a3d84d3150abc56cda9e459f0,10
C_pruning,8,512,1,6,A,37,True,True,0.049668,ed335c32c7d66ac99625cec64a54ec49,2
C_pruning,8,512,1,6,A,30,True,True,0.209547,8fe7f882412012451f90c3981332afe0,4
C_pruning,8,512,1,6,A,38,True,True,0.063548,34dd1379d54fec412f39014fdc1cad29,8
C_pruning,8,512,1,6,A,39,True,True,0.051238,b17e375ce45f0630824201914592d6e8,0
C_pruning,8,512,1,6,A,42,True,True,0.049088,d6a15c5a4342b8893a5b6cfd44578b2d,4
C_pruning,8,512,1,6,A,41,True,True,0.089688,038e0f138be8571ec5dc2380105b36d2,2
C_pruning,8,512,1,6,A,44,True,True,0.058927,0d532f7fefe83ccb906560c1e88d7b32,0
C_pruning,8,512,1,6,A,43,True,True,0.070858,ec9dbdb08faf7c3156a8b915336c7bff,8
C_pruning,8,512,1,6,A,40,True,True,0.1984,5c349d523f9cddbae89bdd1381c77795,10
C_pruning,8,512,1,6,A,47,True,True,0.085384,b12cae526fe8f7fe0b9dd3564a7765de,0
C_pruning,8,512,1,6,A,46,True,True,0.104284,ef295b88b3090f43e051135cd1636c2b,2
C_pruning,8,512,1,6,A,45,True,True,0.13271,aacccb96cac04c8950452efe478458c4,4
C_pruning,8,512,1,6,A,50,True,True,0.03726,d98a8ca190bff77e6811fe9b4597739a,0
C_pruning,8,512,1,6,A,49,True,True,0.049873,e8d8267bcd0f1ed52fa00b76888406e8,10
C_pruning,8,512,1,6,A,48,True,True,0.1307,33741482c376efced01fdeea9c5809bb,8
C_pruning,8,512,1,6,A,51,True,True,0.057986,78e7ad2e9a126d0a7e5a1ff69d338cd2,2
C_pruning,8,512,1,6,A,55,True,True,0.051643,33c4e129b0346357576b22f92789e041,8
C_pruning,8,512,1,6,A,54,True,True,0.066103,0b86d3e8e6b84d0d8f03df9184b64b70,10
C_pruning,8,512,1,6,A,56,True,True,0.057705,c04b73b0d778b2722c1ae0a4fd070e06,2
C_pruning,8,512,1,6,A,52,True,True,0.111238,21e78e9252a45a8f9350c35371ce9db4,4
C_pruning,8,512,1,6,A,53,True,True,0.102898,10d41a034e4077edb835aae365dcc4ab,0
C_pruning,8,512,1,6,A,57,True,True,0.033314,75d7f05d75be33bf7018d104c4dda0c1,8
C_pruning,8,512,1,6,A,59,True,True,0.040367,94567d59768df2dbd123dbbb2968f7d0,2
C_pruning,8,512,1,6,A,61,True,True,0.074585,3d433673100c26e7f42f535d35304bd2,0
C_pruning,8,512,1,6,A,62,True,True,0.086191,ac1327b45795f6a15324089b1c4be910,8
C_pruning,8,512,1,6,A,60,True,True,0.109483,7c50f3b89d83452879f6f73a1a8ed3ed,4
C_pruning,8,512,1,6,A,58,True,True,0.153109,ae0e4545421a5575e0125f6c7d0f9dd7,10
C_pruning,8,512,1,6,A,64,True,True,0.038226,328748fc5ed4bed84c5d123f01d5153a,0
C_pruning,8,512,1,6,A,63,True,True,0.106783,d47a7b836b927bdf421cf961e32860c6,2
C_pruning,8,512,1,6,A,66,True,True,0.038731,34530bb363cb5ae9dbe3cdb4d825af90,4
C_pruning,8,512,1,6,A,67,True,True,0.028199,a52698279b35f8efde16c8edb293d1f3,10
C_pruning,8,512,1,6,A,65,True,True,0.057979,1171074ed07118ced51db9fa56aaf80c,8
C_pruning,8,512,1,6,A,68,True,True,0.033487,99e689dedf5d71309ec91984af818edf,0
C_pruning,8,512,1,6,A,70,True,True,0.041121,55dcbf4b14d150766689b57a04f787a5,4
C_pruning,8,512,1,6,A,71,True,True,0.048355,c60fc079a09b65e5d77a790c909f86ed,10
C_pruning,8,512,1,6,A,73,True,True,0.050462,7672ee98f05fe459abc6376973deca71,0
C_pruning,8,512,1,6,A,74,True,True,0.030199,997bf5fc217645c313031abb99aa2061,4
C_pruning,8,512,1,6,A,72,True,True,0.082966,cca57e09f9a5d7c129bb86d92e9be6b1,8
C_pruning,8,512,1,6,A,76,True,True,0.062801,cbad28119335a53d6ffe0302431377d4,0
C_pruning,8,512,1,6,A,75,True,True,0.079363,8b914284c2e2ebcb52ff80b6b21b592d,10
C_pruning,8,512,1,6,A,78,True,True,0.071716,aa87f5bb59687a14338dea56f458e3c0,8
C_pruning,8,512,1,6,A,77,True,True,0.095669,d854c538f2326b54ca7181f87d4a4fd1,4
C_pruning,8,512,1,6,A,69,True,True,0.2097,5ea5b4bc2a56ffecdc72603db3880b2a,2
C_pruning,8,512,1,6,A,81,True,True,0.030478,caffc604be9588986db4ba0814faa0ec,8
C_pruning,8,512,1,6,A,79,True,True,0.114722,600b01311d4593651fa64e49cabb0f1a,0
C_pruning,8,512,1,6,A,82,True,True,0.066177,534b9df6a34821aab40c2bd138b0461f,4
C_pruning,8,512,1,6,A,84,True,True,0.105133,e1bbb439a84382d9ffcfe24f7d843388,8
C_pruning,8,512,1,6,A,86,True,True,0.05808,d5bf0c458c3b13cb1c54c6427aa5cfe4,4
C_pruning,8,512,1,6,A,83,True,True,0.159448,3e43511c9a462fc9ad6cf85ca87b3a0c,2
C_pruning,8,512,1,6,A,80,True,True,0.208,a5e9094108f3a9e5a64ab3511e8dc42f,10
C_pruning,8,512,1,6,A,85,True,True,0.112678,8c2e405e8d7ba889249df37dfef4038b,0
C_pruning,8,512,1,6,A,90,True,True,0.031145,bfee28cbfe4a79ccdbd578b8f66f548d,10
C_pruning,8,512,1,6,A,87,True,True,0.052259,ae23ba70c7690d20cec7320d6fa2e444,8
C_pruning,8,512,1,6,A,89,True,True,0.06948,a3c3da410455ab96d9d2e4a3a347fe0e,2
C_pruning,8,512,1,6,A,93,True,True,0.028685,4bc4f4b7d7b3ad23b12ed285088d2d6b,8
C_pruning,8,512,1,6,A,88,True,True,0.096828,bfa386159651578f4d86dc0b7b4bc368,4
C_pruning,8,512,1,6,A,91,True,True,0.05846,06caebd920d1fbd5337ee9edbe8def35,0
C_pruning,8,512,1,6,A,92,True,True,0.051712,767541285935c035ffccdf9dd4f24884,10
C_pruning,8,512,1,6,A,95,True,True,0.055486,2a5c083dbcc81cbaf3707df7628521c0,8
C_pruning,8,512,1,6,A,97,True,True,0.046976,ad8d060724b3a8fcd09c4c9c234bffd9,0
C_pruning,8,512,1,6,A,94,True,True,0.052606,b602aedb533a7e08ac813fa7656c389d,2
C_pruning,8,512,1,6,A,98,True,True,0.054762,56c13b3a03122a6f7951f1939f24e732,10
C_pruning,8,512,1,6,A,99,True,True,0.070329,1cd1d7a2279a6f6a2d63692cd03d377c,8
C_pruning,8,512,1,6,A,96,True,True,0.142997,63f22e26e75f52ffc29d826ec00c7397,4
C_pruning,8,512,1,6,A,100,True,True,0.069249,f250c48d92f292ac55edf6254fb7c5fd,0
python_pruning,8,512,1,6,A,15,True,True,0.263003,1526e43bc946a3c20cc93f8014b6955f,0
python_pruning,8,512,1,6,A,12,True,True,0.470002,dcf1515e29babae0f3882198ad2e2a55,10
python_pruning,8,512,1,6,A,17,True,True,0.226783,8a4afcf13261c509abaace23f2baf2b9,10
python_pruning,8,512,1,6,A,11,True,True,0.748453,356b86ca8d3c5c8fd91aadb4f4fc1716,2
python_pruning,8,512,1,6,A,18,True,True,0.235966,96a8967145b5b65630cbcd30369bdaa0,10
python_pruning,8,512,1,6,A,14,True,True,1.364886,94ba64e22520f031eb13d7873d35ca2e,4
python_pruning,8,512,1,6,A,13,True,True,1.381948,12c2e926d67bd8d2cbe818de5ac6040a,8
python_pruning,8,512,1,6,A,21,True,True,0.808966,a565281d90f6a8ab1e3e28f7e7d23336,4
python_pruning,8,512,1,6,A,23,True,True,1.41165,d978460e9e692248770d7bb5567f27ea,4
python_pruning,8,512,1,6,A,22,True,True,2.389997,fb12b59109b62dfb9efceb1c102b81e9,8
python_pruning,8,512,1,6,A,19,True,True,3.405293,ac1bbe3a3412b4c648cd0cc7df852f43,2
python_pruning,8,512,1,6,A,20,True,True,3.919505,586f305f36498ccc5c0fa301e232de92,10
python_pruning,8,512,1,6,A,16,True,True,4.644431,266ff6fa9b54a5b3a313eb13133e8e4b,0
python_pruning,8,512,1,6,A,25,True,True,1.373198,2012927aff9fbd4c99b63a6a7253d4bc,8
python_pruning,8,512,1,6,A,28,True,True,0.232996,57139ed98f3fbe1879471485b78dacff,0
python_pruning,8,512,1,6,A,27,True,True,0.677417,390251902a4ef5cef7d83c90e90e7881,10
python_pruning,8,512,1,6,A,24,True,True,1.913205,7eb0b624d27029639bf281063b75a90f,4
python_pruning,8,512,1,6,A,30,True,True,0.461834,d01b79ad6c60548740642c43199b9473,0
python_pruning,8,512,1,6,A,29,True,True,0.50367,530f8ab24cedd75ae36af8f9ed52e7c6,8
python_pruning,8,512,1,6,A,33,True,True,0.231333,8fd35766e721b55b860dc954bd13fc36,0
python_pruning,8,512,1,6,A,35,True,True,0.236158,bd344ce65084eff45a25ec207adc5b98,0
python_pruning,8,512,1,6,A,31,True,True,0.709648,4ca7fa146198ee3d83e032c8ac7f5c82,10
python_pruning,8,512,1,6,A,37,True,True,0.233741,7d103645ebbb28372b9b15d3d33a2df7,10
python_pruning,8,512,1,6,A,26,True,True,2.389969,18edaf4b5cebeb8431cb406d84177231,2
C_pruning,6,216,2,18,B,87,True,True,40.086947,e3619195717a496731fe6c045a3fabd3,14
python_pruning,8,512,1,6,A,39,True,True,0.339912,6d2a79a44642712ed3c4076ef3c4b456,2
python_pruning,8,512,1,6,A,41,True,True,0.352556,a78c84edf8fc7dc873d28202c145032d,2
python_pruning,8,512,1,6,A,36,True,True,1.16031,41762b53c8c3bb8c7b3e54f95548de29,0
python_pruning,8,512,1,6,A,38,True,True,1.136012,e19b93ce268a4039e5384c2d188c2cc7,10
python_pruning,8,512,1,6,A,32,True,True,2.098433,a4b8e5ab4027e866d7124508aa30537b,4
python_pruning,8,512,1,6,A,34,True,True,2.06739,c4553471b73ce748e16046300942b5f7,8
python_pruning,8,512,1,6,A,44,True,True,0.229581,781b95b489a56866d8f18e2200ee5093,10
python_pruning,8,512,1,6,A,45,True,True,0.229228,09fa055e017360ec65659afad96a2709,4
python_pruning,8,512,1,6,A,43,True,True,0.725938,ff0a2d28de6320c6c81f1ae7574d8f49,0
python_pruning,8,512,1,6,A,46,True,True,0.698241,2875974be6c76956e81f8def31084afc,8
python_pruning,8,512,1,6,A,49,True,True,0.464788,1f964e1114c612604be534543ebb2111,0
python_pruning,8,512,1,6,A,48,True,True,0.69084,290bffb8dde30213ff21f4ab4c18dd44,4
python_pruning,8,512,1,6,A,47,True,True,1.866325,9d156dac994292c89df4f473ab61bd51,10
python_pruning,8,512,1,6,A,53,True,True,0.237222,dac2c683132562648cc2ed17cae7862e,10
python_pruning,8,512,1,6,A,40,True,True,3.477044,06558917df198f9deaeb5e56d86f6e2a,14
python_pruning,8,512,1,6,A,50,True,True,1.618151,a5b2622081b3a841d16c50c32bec1364,8
python_pruning,8,512,1,6,A,55,True,True,0.459518,38bdfabb51d8adf389ac9a14e2fb076b,14
python_pruning,8,512,1,6,A,54,True,True,0.689373,7f119bfc5683ce396484ed238134e072,10
python_pruning,8,512,1,6,A,56,True,True,0.704519,32dca392275664b4cb057ac80af0364d,8
python_pruning,8,512,1,6,A,51,True,True,3.030333,a62518019d0e6880a3a332654b9c7a6e,0
python_pruning,8,512,1,6,A,42,True,True,4.438553,f9e246de4a7f028389a3b1e65e740d2b,2
python_pruning,8,512,1,6,A,60,True,True,0.729225,2968f842f1d3a2cb02c17330144d2408,0
python_pruning,8,512,1,6,A,52,True,True,3.879665,c23351aed4c57b281891ec8fc3e28c1a,4
python_pruning,8,512,1,6,A,59,True,True,1.884493,34c1eff5156aa56c6a901a610d140930,8
python_pruning,8,512,1,6,A,64,True,True,0.234596,027771c074ca2bd7be123d609fdd0da4,8
python_pruning,8,512,1,6,A,65,True,True,0.235139,1703396f63b6219e9499152a0a3a2aa1,8
python_pruning,8,512,1,6,A,61,True,True,1.750152,69725ca260015bc6982d03717f6e6854,2
python_pruning,8,512,1,6,A,58,True,True,3.2745,bd59fead2c4d0a096658acacd8a7871c,10
python_pruning,8,512,1,6,A,62,True,True,1.691001,2d3c87abda47eb88d3152c564ef2ab0d,0
python_pruning,8,512,1,6,A,69,True,True,0.488501,066b459dd99372d308cf2b4d98a1a4cc,0
python_pruning,8,512,1,6,A,66,True,True,1.434001,e668ef310fdec08ed9177ea77d8adf7f,8
python_pruning,8,512,1,6,A,68,True,True,0.710057,7e5087a5666a7771df66b3bfba6b2a93,10
python_pruning,8,512,1,6,A,57,True,True,4.393059,41299e3e9fab765b8de71675ce76e0f3,14
python_pruning,8,512,1,6,A,63,True,True,2.780991,696b2c50d54bf9cb63cb044b16ff3f7d,4
python_pruning,8,512,1,6,A,72,True,True,0.694607,b909a93434bd656f76ea756bb6792e33,10
python_pruning,8,512,1,6,A,73,True,True,0.482164,e8cc7592663560c6b9458abc243c33bd,14
python_pruning,8,512,1,6,A,71,True,True,0.940869,202dbd908353ff0a083ac099ad246a47,8
python_pruning,8,512,1,6,A,70,True,True,1.249077,e46abaa03e9f5b6d713506a79b2b39f5,0
python_pruning,8,512,1,6,A,75,True,True,0.471507,44a8fb24f91a4bea433fa0814867d971,10
python_pruning,8,512,1,6,A,79,True,True,0.480716,4ef2e7b62914517f933b595d446bcb73,10
python_pruning,8,512,1,6,A,67,True,True,2.905719,85eb0eecf22a65514e20e5ec4d5afc69,2
python_pruning,8,512,1,6,A,78,True,True,1.031514,f29decf2f2044880cc3544f9e5a70e6b,0
python_pruning,8,512,1,6,A,76,True,True,1.841165,335b29b2d28cc5db3b62b1890dd536c3,14
python_pruning,8,512,1,6,A,77,True,True,1.883892,e17baae5672709936a59379fcbb81a6e,8
python_pruning,8,512,1,6,A,82,True,True,0.724984,22111dc79659e663e8b8f097be28ece2,0
python_pruning,8,512,1,6,A,80,True,True,1.617548,f019b8732ed667414b3e633a0449b6dd,10
python_pruning,8,512,1,6,A,81,True,True,1.671044,77b39783ff66f6c7582dfeb089b8b5b1,2
python_pruning,8,512,1,6,A,83,True,True,0.930399,9da9cdf98794b25febb5e196d32c60db,14
python_pruning,8,512,1,6,A,88,True,True,0.228499,84db91114c79117ede3b34cb24d4412d,14
python_pruning,8,512,1,6,A,84,True,True,0.93775,ba4eb80cf76437f3a0539c830f1ca3ff,8
python_pruning,8,512,1,6,A,90,True,True,0.229599,8f5d056ac09d9876efac4dae151622fb,8
python_pruning,8,512,1,6,A,91,True,True,0.464373,d5d9c1603890c94f4d47cd51c71fe69f,8
python_pruning,8,512,1,6,A,74,True,True,3.969558,4afa516797c5d88e6250c4f11279eb76,4
python_pruning,8,512,1,6,A,85,True,True,1.78671,c6b864312c4179081b99d0bcef0b48f2,0
python_pruning,8,512,1,6,A,87,True,True,1.274595,acc30c8bc989704aecdcac8688bc722e,2
python_pruning,8,512,1,6,A,95,True,True,0.488526,c7ca9655ee102f74d28210551b8097f9,2
python_pruning,8,512,1,6,A,96,True,True,0.231661,4d347087781fa8f5212597cdb5df09e2,2
python_pruning,8,512,1,6,A,94,True,True,1.120841,7dd6b694dfcef62995eeb29543d66f98,0
python_pruning,8,512,1,6,A,97,True,True,0.464733,edebc3fcbe64b2e900ba0ae03b96c9b4,2
python_pruning,8,512,1,6,A,89,True,True,2.262867,8824102b92b0e6b03cd8c0b4feab5a0f,14
python_pruning,8,512,1,6,A,86,True,True,2.761499,a80c20d24071f06d47af4604526e03ea,10
python_pruning,8,512,1,6,A,93,True,True,1.45134,2291b65dcae3462ea783688f7d9eab20,4
C_exact,8,512,1,6,A,12,True,True,0.025196,577a0490d1b0e22ad4fb5a066069e824,4
C_exact,8,512,1,6,A,11,True,True,0.030171,f7cc7e01d498665ae9d468d14da34305,10
C_exact,8,512,1,6,A,13,True,True,0.022439,3476184adfba8c1a0d7f96d64083b704,4
C_exact,8,512,1,6,A,14,True,True,0.029888,dd421a57662d3576edb8f9625762b7e9,10
C_exact,8,512,1,6,A,15,True,True,0.03169,c05e8984f9d9a2de4b979fb4a738fb23,4
C_exact,8,512,1,6,A,16,True,True,0.035151,09a106a46d43d2f3036ad333c130a33e,10
C_exact,8,512,1,6,A,17,True,True,0.020295,0ad65394782de36a0ce552ddfdfc72df,4
C_exact,8,512,1,6,A,18,True,True,0.030827,a48e6282db591e03eef0c54bcc52065e,10
C_exact,8,512,1,6,A,19,True,True,0.025359,2c0b0523bc81b5fa84d508a365c337fa,4
C_exact,8,512,1,6,A,20,True,True,0.025725,c3095ab28b897d3536bc50bdb2ca8858,10
C_exact,8,512,1,6,A,21,True,True,0.026598,db11a7196b2213b3567cf3803cc810f7,4
C_exact,8,512,1,6,A,23,True,True,0.023299,6c72eb46fe12fbf56fb2056cf96891b1,4
C_exact,8,512,1,6,A,22,True,True,0.029235,0c09a63c789af31a5490edc0b484765a,10
C_exact,8,512,1,6,A,24,True,True,0.033618,3cafec9ebcbd964829f14f2b256005b5,4
C_exact,8,512,1,6,A,25,True,True,0.026442,731fc42cc7b279cf7f07b82e9373ac32,10
C_exact,8,512,1,6,A,26,True,True,0.023122,5ec09d1601471234d0731bda4d744b88,4
C_exact,8,512,1,6,A,27,True,True,0.029775,3ad2ff0648434e045e46128e97ba33d5,10
C_exact,8,512,1,6,A,28,True,True,0.022683,519e6c65068facf8509afa451d6c9599,4
C_exact,8,512,1,6,A,29,True,True,0.024692,2714bc976c4f6d3a961055acf921d607,10
C_exact,8,512,1,6,A,30,True,True,0.026113,3611df28533827321e0301c420acf5c4,4
C_exact,8,512,1,6,A,31,True,True,0.028261,66c9035687e3159c44ba1c49fef7e113,10
C_exact,8,512,1,6,A,32,True,True,0.022011,6298f409820a2b017c324aeef6d000df,4
C_exact,8,512,1,6,A,33,True,True,0.027674,aee9072cb757c836e8cc30c8b8815340,10
C_exact,8,512,1,6,A,34,True,True,0.020336,2be32675c29dd5ac97d0476d96ba2994,4
C_exact,8,512,1,6,A,35,True,True,0.028946,22d01295962022a45aa72bb56d291f45,10
C_exact,8,512,1,6,A,36,True,True,0.023912,d9817b9e8a82552b18986ff0f361a175,4
C_exact,8,512,1,6,A,37,True,True,0.031611,386fe468e44ce2c65d13913f2fad2fdc,10
C_exact,8,512,1,6,A,38,True,True,0.027818,b478e56745b27b1ee63ec68416f1a003,4
C_exact,8,512,1,6,A,39,True,True,0.025344,8015c04cd992578829c6262e3b65a4fc,10
C_exact,8,512,1,6,A,40,True,True,0.027579,080eea73704d57efab46ec40a151143b,4
C_exact,8,512,1,6,A,41,True,True,0.028687,7208ef33eff276eae467050429ce8371,10
C_exact,8,512,1,6,A,42,True,True,0.034633,29e7c3dd1a28e6d9e09e4ba2576503d3,4
C_exact,8,512,1,6,A,44,True,True,0.021906,92c0bd3b97f4351e69c682d80ff103f1,4
python_pruning,8,512,1,6,A,100,True,True,0.724845,18e728f6c1b9396628d16076f1ae7749,14
C_exact,8,512,1,6,A,43,True,True,0.026967,ba54f519dde1c40c2b4308855f62bd80,10
C_exact,8,512,1,6,A,46,True,True,0.053852,34e0b192a3b6ba38c13b68b7e57ee1a9,14
C_exact,8,512,1,6,A,47,True,True,0.053117,88eebf2ca2c03d62591abe1b33c522b1,10
C_exact,8,512,1,6,A,45,True,True,0.05787,c480fe3f9c6bbfa61da6f8984c8e16cc,4
python_pruning,8,512,1,6,A,92,True,True,2.376924,c216968f3acbbb8c983e60cca7467fe3,8
C_exact,8,512,1,6,A,48,True,True,0.023462,9d00a34652a6543032ed4876926640db,14
C_exact,8,512,1,6,A,49,True,True,0.022679,06473e1132272f2a087a29fe00b42abb,10
C_exact,8,512,1,6,A,50,True,True,0.025738,d32fe1d53fe74d56466c708862541a62,4
C_exact,8,512,1,6,A,51,True,True,0.021625,76e64674686d3d34f54005f017593dd4,8
C_exact,8,512,1,6,A,52,True,True,0.025381,b3371c1744f2b3bf7b96726fa3060983,14
C_exact,8,512,1,6,A,53,True,True,0.027952,8915550bf460dd226fc836ca3133f324,10
C_exact,8,512,1,6,A,54,True,True,0.030187,40da13bd882c62e9a49084a353cf7020,4
C_exact,8,512,1,6,A,55,True,True,0.022665,f21deecb4b2767e7ec46b94f3933a52f,8
C_exact,8,512,1,6,A,56,True,True,0.038912,c01d5408e21c36ec18d8f4d3aa62be09,14
C_exact,8,512,1,6,A,57,True,True,0.030894,8ef301947fc517436998cdbc807dde1d,10
C_exact,8,512,1,6,A,58,True,True,0.036266,2106af457ab3c4a7f75c487e777eac76,4
C_exact,8,512,1,6,A,59,True,True,0.033848,97468fad91d4388ce2015cace5fb5112,8
C_exact,8,512,1,6,A,60,True,True,0.025551,c93ba10cd6f7bb66ef44cfc7d453ea29,14
C_exact,8,512,1,6,A,61,True,True,0.025545,0d0c2f85b40eeae671656870e1b0973d,10
C_exact,8,512,1,6,A,64,True,True,0.021425,c696d9cdcc4c4fa13e177fe8b8dd2eb5,14
C_exact,8,512,1,6,A,63,True,True,0.025306,43943ea08379175eebab3837f979ad71,8
C_exact,8,512,1,6,A,62,True,True,0.033965,86cf105dfaf6931f970ca9b4d1dd20ad,4
C_exact,8,512,1,6,A,65,True,True,0.026864,79369601777e631a2ed5e194df8eecfa,10
python_pruning,8,512,1,6,A,99,True,True,1.188766,bdbbe7798c300cae86c719e5b1137dc3,2
C_exact,8,512,1,6,A,68,True,True,0.023333,015a7eafb3fdb915b09f162af282ed03,4
C_exact,8,512,1,6,A,66,True,True,0.025669,4f2bd7296d1214a65dba9ba0cedb20d5,14
C_exact,8,512,1,6,A,69,True,True,0.026661,0a4134b6bd2528e4cd527838db9f3180,10
C_exact,8,512,1,6,A,67,True,True,0.037107,d7c6e98efac50709115a09649211873f,8
C_exact,8,512,1,6,A,70,True,True,0.033663,09308d884ce6bca4109dbad00e6d6a85,2
C_exact,8,512,1,6,A,71,True,True,0.031833,34a9dc549307c32c6567933dda374b68,4
C_exact,8,512,1,6,A,72,True,True,0.035003,76012e9c98c21f3c591f0b550ea3e487,14
C_exact,8,512,1,6,A,73,True,True,0.026328,90b6c3ddd263e17b35a0ae25e3ee0cdd,10
C_exact,8,512,1,6,A,74,True,True,0.02558,bf906faf3c3c25bb3500cb66f4b39b56,8
C_exact,8,512,1,6,A,75,True,True,0.024109,5dc2baa9dfdd28759ba4e7c5a4237cd1,2
C_exact,8,512,1,6,A,78,True,True,0.0381,b9d82fa2e8f406d531e02c8f7f318553,10
C_exact,8,512,1,6,A,76,True,True,0.048748,1cc87fea7385148ca3b8a9c3a1a3184a,4
C_exact,8,512,1,6,A,77,True,True,0.04697,0f043672ccbbc00527eb3f6797fb7f78,14
C_exact,8,512,1,6,A,79,True,True,0.045682,309a80714fa1eb890a5a6bc30a6769e3,8
C_exact,8,512,1,6,A,80,True,True,0.027177,49eba183cc42f4e240ee3ee254c6c3b7,2
C_exact,8,512,1,6,A,81,True,True,0.047214,8a7afa3327883c2fba15669e5e395b1d,10
C_exact,8,512,1,6,A,82,True,True,0.034135,9589468ae5700ea81c5b01c6107c9812,4
C_exact,8,512,1,6,A,85,True,True,0.03128,8ea036a10e455c9f6435760b14dd659b,2
C_exact,8,512,1,6,A,83,True,True,0.030554,8f81f076ed614a9ee57faab1e73408e6,14
C_exact,8,512,1,6,A,84,True,True,0.033772,8c3c40eda317613d1191535edafb879f,8
C_exact,8,512,1,6,A,87,True,True,0.031618,f95a527e065927de2424f9af453a8fb7,4
C_exact,8,512,1,6,A,89,True,True,0.037301,2f2733b9091ca1b3a9ec0067c8a86382,14
C_exact,8,512,1,6,A,88,True,True,0.042216,818d3cde8a65dd7d4ee8726fe3a0fe22,2
C_exact,8,512,1,6,A,86,True,True,0.050595,e7a63b9702477b0dff4ba0e9f8865a14,10
C_exact,8,512,1,6,A,90,True,True,0.034317,3a287d0a6bbbe40a75ecc8d83bb51513,8
C_exact,8,512,1,6,A,91,True,True,0.03602,a9ac9617a9a2b279c0dc416c904071a2,4
C_exact,8,512,1,6,A,92,True,True,0.036097,c2700c87568532f8a621d942ec552b42,14
C_exact,8,512,1,6,A,93,True,True,0.039086,a6aa9415f8e69138cd2138ca00227c5b,2
C_exact,8,512,1,6,A,95,True,True,0.024439,fb99280a04f8b7b2cb19cbce2cb824f7,8
C_exact,8,512,1,6,A,94,True,True,0.035565,038fec7dda70b6e861093a01887a905e,10
C_exact,8,512,1,6,A,98,True,True,0.033297,543d5ead60f975531e5b997de0949bdb,2
C_exact,8,512,1,6,A,96,True,True,0.047905,38aba9c7cdda764e5b727af70bbb87c4,4
C_exact,8,512,1,6,A,99,True,True,0.042949,e2f6ead88b95d05542475322067c3270,8
C_exact,8,512,1,6,A,97,True,True,0.047257,f2c4bff71e0357b669a342a50af58767,14
C_exact,8,512,1,6,A,100,True,True,0.033587,6ccf835e30eda632e01588893e4e7387,10
python_exact,8,512,1,6,A,14,True,True,0.065248,e1f11b4bfe8c54d9745d953669e11701,14
python_exact,8,512,1,6,A,13,True,True,0.083845,76db29a479ba36f0cf6d351bb1f8ebb3,8
python_exact,8,512,1,6,A,11,True,True,0.143812,21593ba704bf2bc01fdad1af88136198,2
python_exact,8,512,1,6,A,15,True,True,0.130956,8c0a156b840e2d7514537ebee9af212d,10
python_exact,8,512,1,6,A,12,True,True,0.176259,f95038389fa4c2674de45ccecd50d2bb,4
python_exact,8,512,1,6,A,18,True,True,0.083962,a888235f30613e6445f39a609fee3622,2
python_exact,8,512,1,6,A,17,True,True,0.164174,838063daa712c0e0699cb0ff2ad75f47,8
python_exact,8,512,1,6,A,16,True,True,0.230725,5521a4f1f08db11ca36f37090f609fd3,14
python_exact,8,512,1,6,A,20,True,True,0.127949,7fd97e2ab1f05f72074b3cd86b1ef3ad,4
python_exact,8,512,1,6,A,24,True,True,0.076527,e926e75419bda3e451767e6dc48fa561,4
python_exact,8,512,1,6,A,23,True,True,0.091246,6b31d073d647b16f4768150b2819742a,14
python_exact,8,512,1,6,A,22,True,True,0.163871,0cf0c1d28dd83851ae11cf179295a7c2,8
python_exact,8,512,1,6,A,19,True,True,0.295843,dcb251edb608ef730bfb48484830af8a,10
python_exact,8,512,1,6,A,21,True,True,0.182408,a0d3cfdf4a14c470c07b41097172596e,2
python_exact,8,512,1,6,A,25,True,True,0.057055,d9204c76b89fa65589cf3288707a7c54,4
python_exact,8,512,1,6,A,27,True,True,0.095103,0a883bb6ba39a1c9842b1088efbb22ef,8
python_exact,8,512,1,6,A,26,True,True,0.13972,4b1e07923ddbe324c973acf346a8a921,14
python_exact,8,512,1,6,A,28,True,True,0.101566,50e978276083617ca6dcd3e869f472eb,10
python_exact,8,512,1,6,A,29,True,True,0.158796,71bdeb774ceeeec9e4c47573ccaa5d4a,2
python_exact,8,512,1,6,A,33,True,True,0.068924,1722a81c9dec13db5d0a472a385f3518,10
python_exact,8,512,1,6,A,30,True,True,0.168953,c9a25896806801d50bf165c24e7696c1,4
python_exact,8,512,1,6,A,31,True,True,0.134353,4b5f6f37b8ef9525bf781876689395aa,8
python_pruning,8,512,1,6,A,98,True,True,2.281218,fb560668c9b17b65686a46dab5ed392c,0
python_exact,8,512,1,6,A,32,True,True,0.154035,56cc915df0780a7be9fd6413970138ee,14
python_exact,8,512,1,6,A,34,True,True,0.103179,2ea75f46656b09a768e681cf2b1a58d0,2
python_exact,8,512,1,6,A,36,True,True,0.108095,691a085ce2185bca51dc9c5d7af4ee7b,4
python_exact,8,512,1,6,A,38,True,True,0.085268,0a8a0c31e89a0722d6184b78880410d0,0
python_exact,8,512,1,6,A,35,True,True,0.154125,5868696e3d9f8f1eabd5e5962f11b99b,10
python_exact,8,512,1,6,A,37,True,True,0.120178,1031dfd62b4fec2c4befadda780245f4,8
python_exact,8,512,1,6,A,39,True,True,0.104144,709eb63371c13de8d116589b5611dbce,14
python_exact,8,512,1,6,A,40,True,True,0.12333,fe4c06a428b0138eea53dcb1cf24bff2,2
python_exact,8,512,1,6,A,41,True,True,0.148861,449b3bcebb772c34b830523067240451,4
python_exact,8,512,1,6,A,43,True,True,0.119896,76c27a11ce680a8f808f1a67357db707,10
python_exact,8,512,1,6,A,42,True,True,0.136943,f79844fbdf32bd1007dbb639093e3998,0
python_exact,8,512,1,6,A,44,True,True,0.148576,40ae3b94646730f3db1705bf03cd2327,8
python_exact,8,512,1,6,A,46,True,True,0.113264,5f5e2e82ab74f475af372679998a9921,2
python_exact,8,512,1,6,A,45,True,True,0.150027,6fcd9cbb6dca3b080635efdf6a96b979,14
python_exact,8,512,1,6,A,50,True,True,0.038567,aa7972154f58572f4409fbf6831153f9,8
python_exact,8,512,1,6,A,48,True,True,0.08957,c6848d02e95033d4d6519f34e9e4e590,10
python_exact,8,512,1,6,A,47,True,True,0.102264,bd14621498f405ced22d7d2d7f35eb92,4
python_exact,8,512,1,6,A,52,True,True,0.06692,818568b02db6115ae938ba4ab5c84bd0,14
python_exact,8,512,1,6,A,49,True,True,0.125472,a626894eb4fefa3c5c2c6ca97b7194cc,0
python_exact,8,512,1,6,A,53,True,True,0.138114,29a719fcb86465b204429ab836b22376,8
python_exact,8,512,1,6,A,54,True,True,0.13462,97e1f8c85f05932f41aed16074186efd,10
python_exact,8,512,1,6,A,55,True,True,0.14646,de4b32ae14308dc7a995b2b47b5fb2c8,4
python_exact,8,512,1,6,A,51,True,True,0.197094,e86cdc8665c9e03aed2e28b8614005f4,2
python_exact,8,512,1,6,A,57,True,True,0.105976,3ad005b608a37ae5202461df1ceb9966,0
python_exact,8,512,1,6,A,56,True,True,0.123914,34e86eabafc4ab6091d50d53867b3043,14
python_exact,8,512,1,6,A,60,True,True,0.040274,bc498469fb25a711752f41fc7d402c80,4
python_exact,8,512,1,6,A,63,True,True,0.034862,192326712dac5ae8b76cd80ec4a5a012,14
python_exact,8,512,1,6,A,58,True,True,0.093235,9d3fc697ae0b006a2cb206a9b7cc7a1f,8
python_exact,8,512,1,6,A,61,True,True,0.107125,bed5534d4ab625ec0cb84e8a6c1baf5e,2
python_exact,8,512,1,6,A,59,True,True,0.136888,baf43dd8eea34de37cbd96837938b57d,10
python_exact,8,512,1,6,A,65,True,True,0.089454,61ee6ee1d4ca848b7d963759c9e37684,14
python_exact,8,512,1,6,A,64,True,True,0.140693,5582a15d1f402ac31faa92cef0ff18a5,4
python_exact,8,512,1,6,A,66,True,True,0.115545,52838fe37a3e945ef476bac50a8e8dec,8
python_exact,8,512,1,6,A,68,True,True,0.072453,4187c34ee669b11ff32185379f72dc85,10
python_exact,8,512,1,6,A,69,True,True,0.110298,e012933533028635aad49b9cc0f89efb,14
python_exact,8,512,1,6,A,67,True,True,0.156179,89aa70c779cdc7097b1b6b8dd478a01a,2
python_exact,8,512,1,6,A,71,True,True,0.091163,66a406a48d8e561535670323f8b3f99f,8
python_exact,8,512,1,6,A,72,True,True,0.128074,6c48355309f69b09ee44adba8fec689f,10
python_exact,8,512,1,6,A,73,True,True,0.093263,a5e406384ff9cb8b74c3214c32bac167,14
python_exact,8,512,1,6,A,70,True,True,0.164664,5e6ce720d94ecb516b5d3767f627c119,4
python_exact,8,512,1,6,A,75,True,True,0.089302,3792c09050933b02b9b03dc2996eace5,8
python_exact,8,512,1,6,A,74,True,True,0.109764,17b3500d0ea320c78e9855d07ea69ddb,2
python_exact,8,512,1,6,A,62,True,True,0.422492,7609419220c92e4468d94f2f462d009d,0
python_exact,8,512,1,6,A,76,True,True,0.110621,edc44d90ad9852527d4c6c3af51c318f,10
python_exact,8,512,1,6,A,77,True,True,0.120695,02c333e394c681465b60c1df8c9f54d8,14
python_exact,8,512,1,6,A,80,True,True,0.089155,e0f1edef0c7941fd6af00f05ae0dfece,2
python_exact,8,512,1,6,A,79,True,True,0.143498,e71dbe8cb6570473fbae1cdee76d403c,8
python_exact,8,512,1,6,A,82,True,True,0.071245,68fac14c3d3d8eee3fc9adb957b1d987,10
python_exact,8,512,1,6,A,83,True,True,0.07357,a2599a2399c663ffa4c68fa57b69fec9,14
python_exact,8,512,1,6,A,85,True,True,0.10432,889931b6d4fb18d60ab663dca99c3c2e,8
python_exact,8,512,1,6,A,81,True,True,0.186361,5b27020c15ddcb25b53c34c95dc014ff,0
python_exact,8,512,1,6,A,84,True,True,0.158938,8630b4f5c5767cf336c84048bd6cc9b2,2
python_exact,8,512,1,6,A,78,True,True,0.288188,b1e8a7a56cfe911be501323a6ccf7c43,4
python_exact,8,512,1,6,A,87,True,True,0.123065,773d9fa61acd88be79c7e89ea3b42205,14
python_exact,8,512,1,6,A,86,True,True,0.207387,f57700d369166f096462570a9f4d96fe,10
python_exact,8,512,1,6,A,88,True,True,0.131184,a81b0a3b790726d6e14c7612696f9af7,8
python_exact,8,512,1,6,A,90,True,True,0.173694,468d6be8f8648ca6e5b22c16d8ec60d2,2
python_exact,8,512,1,6,A,92,True,True,0.136568,7acf732684dd2628c6868869f58f547d,14
python_exact,8,512,1,6,A,91,True,True,0.177137,408cf3466056ce96641134b6a20229e3,4
C_pruning,6,216,2,18,B,93,True,True,50.984933,074f810ff902daebcf0f60d9151c9da7,6
python_exact,8,512,1,6,A,94,True,True,0.115029,4340adb1243d299b2146243beb608e1d,8
python_exact,8,512,1,6,A,96,True,True,0.085941,a4d9a46d322636ef218d4d3043f21f59,14
python_exact,8,512,1,6,A,98,True,True,0.066542,2ca1ac33fc246b4442fda90e8ac9d8c7,6
python_exact,8,512,1,6,A,93,True,True,0.194958,d14ef67483aeb0258c51a2df40681d01,10
python_exact,8,512,1,6,A,95,True,True,0.1553,9d6360476583b168c55a747607dce28c,2
python_exact,8,512,1,6,A,99,True,True,0.129423,45ff67cb87f6c41f5c88bcda97dcff75,8
python_exact,8,512,1,6,A,100,True,True,0.136914,f7149d081b0234f13383ca854b503dcd,14
C_pruning,8,512,1,6,T,12,True,True,0.073141,fcfd9ccffbb38eab2b8b611d40613b6b,10
python_exact,8,512,1,6,A,89,True,True,0.468154,2b827fad75aded09823713b81897dc1c,0
C_pruning,8,512,1,6,T,14,True,True,0.086965,d43450a4e5d9fe78413a4663f59c7679,8
C_pruning,8,512,1,6,T,13,True,True,0.164697,fd78a15d104acfd92c087c618802da7d,2
python_exact,8,512,1,6,A,97,True,True,0.376837,91700cec201904c61cc1716441b44a85,4
C_pruning,8,512,1,6,T,11,True,True,0.284824,cc4f32e57660f3716a06c7ad6e2b6bcf,6
C_pruning,8,512,1,6,T,16,True,True,0.153178,14ea4e64ee7ef6a25a9feaabbd98c1e6,10
C_pruning,8,512,1,6,T,15,True,True,0.163587,612c5efdd7588dc514559424311f5cc5,14
C_pruning,8,512,1,6,T,17,True,True,0.161219,9def6e8e336f08accae16936bbfa18d3,0
C_pruning,8,512,1,6,T,23,True,True,0.082959,9b6bd75d0978fcd891d7c8444b77187e,14
C_pruning,8,512,1,6,T,20,True,True,0.117029,533b73c3188c1e0a49a74d799c18ed37,4
C_pruning,8,512,1,6,T,21,True,True,0.12447,a834fac6a9e2461091a640506958a448,6
C_pruning,8,512,1,6,T,22,True,True,0.123529,9ec47934b4060f96e945f7aeaa7551c2,10
C_pruning,8,512,1,6,T,18,True,True,0.248294,19c913bd97cc66ea0be41b7b7f0ad1fb,8
C_pruning,8,512,1,6,T,19,True,True,0.20469,2e209ec6e19a3a72c638075a04b03fbb,2
C_pruning,8,512,1,6,T,27,True,True,0.053819,18396302771276bfc0475804f54d9b3a,6
C_pruning,8,512,1,6,T,25,True,True,0.102199,dcf4494b3bb9f4695a98d645cd7e45be,14
C_pruning,8,512,1,6,T,29,True,True,0.08987,64fd0752ec119976d4c1b37932bd82c1,8
C_pruning,8,512,1,6,T,24,True,True,0.177318,42f4ec970ecb393e47de01eb855de2d5,0
C_pruning,8,512,1,6,T,30,True,True,0.101423,28011e1965c108246ebc0cb378a867ae,2
C_pruning,8,512,1,6,T,34,True,True,0.049795,02ffbf91276092a7eceeb75d14a04d2c,0
C_pruning,8,512,1,6,T,26,True,True,0.208384,bed4745a38bab4424dc38468819bc058,4
C_pruning,8,512,1,6,T,31,True,True,0.123009,de62eeacee40f4e579f53e47f9a84c5f,6
C_pruning,8,512,1,6,T,32,True,True,0.126334,825abd236b6ea13904218125ce0f5b10,14
C_pruning,8,512,1,6,T,38,True,True,0.041314,c03f3b9eb6014439c158d5668a1fa990,6
C_pruning,8,512,1,6,T,33,True,True,0.145039,d775b980fa3596935ff5b5aff740259c,8
C_pruning,8,512,1,6,T,28,True,True,0.261755,f7150ae2faf747a0903f883d9a2088bc,10
C_pruning,8,512,1,6,T,36,True,True,0.095005,7dd63253fae737dda17d989a8f9f9065,0
C_pruning,8,512,1,6,T,39,True,True,0.119492,e22f67a444b20c86266442d2f6082df3,14
C_pruning,8,512,1,6,T,37,True,True,0.129306,83c10f615fb6880ce95ee8f60f9dbbe9,4
C_pruning,8,512,1,6,T,44,True,True,0.031084,5f2ee4005eca19394625c4645a39209f,14
C_pruning,8,512,1,6,T,40,True,True,0.171474,ba3d2a8b7ecf3c62a142879060855f2e,6
C_pruning,8,512,1,6,T,42,True,True,0.158181,014169fc4dfb31dfb8bd59f7f87128cc,10
C_pruning,8,512,1,6,T,41,True,True,0.21893,418db9426ec180ee760957949ab0ecfb,8
C_pruning,8,512,1,6,T,48,True,True,0.033417,34ac648a55d0cf52066a9495026cf443,10
C_pruning,8,512,1,6,T,45,True,True,0.13573,14f0c5e4880e7d5374692054f3e1c672,4
C_pruning,8,512,1,6,T,35,True,True,0.341068,79f1b7c30556f272fde7d86e141d9025,2
C_pruning,8,512,1,6,T,46,True,True,0.155995,39dbfc595118bc41e9284b8f9d47fb17,14
C_pruning,8,512,1,6,T,50,True,True,0.052359,88e2dd1a2d38830e4efb3704703cdf1f,10
C_pruning,8,512,1,6,T,49,True,True,0.088678,9477db1a4a25dda4b65d51c1749d5181,8
C_pruning,8,512,1,6,T,47,True,True,0.15551,bf17310f0cd6c4550cc0679cebf825c8,6
C_pruning,8,512,1,6,T,54,True,True,0.047014,960ba9e4fa654e292b9807294df55d51,10
C_pruning,8,512,1,6,T,52,True,True,0.110548,cdcc4fba4c62a5a85cc45963f03ae841,2
C_pruning,8,512,1,6,T,51,True,True,0.133875,a4189105215870fbc132d0dea22b2a2a,4
C_pruning,8,512,1,6,T,53,True,True,0.103864,ea9102ce387d0e74d071ddd1f1c917f6,14
C_pruning,8,512,1,6,T,59,True,True,0.052959,55476742173ddd2a85e776cf2e98d0bf,4
C_pruning,8,512,1,6,T,60,True,True,0.068574,9a434e96ea877f3eafec9956bc0d8d0b,14
C_pruning,8,512,1,6,T,55,True,True,0.154862,88c07cf48de35fcbb84fa7963235cd2d,8
C_pruning,8,512,1,6,T,58,True,True,0.110838,83627b09087ef88d3058200be94ea015,2
C_pruning,8,512,1,6,T,57,True,True,0.125656,e17fe1498f4e68eadd737f5a9afd5b6d,10
C_pruning,8,512,1,6,T,43,True,True,0.504228,46b5a855a0913dc11a96a4f56a337efd,0
C_pruning,8,512,1,6,T,64,True,True,0.061304,05b40676d02d715c411452a83bd7ab0a,2
C_pruning,8,512,1,6,T,65,True,True,0.085107,949acb08f784798f6bdfa3f234274029,10
C_pruning,8,512,1,6,T,63,True,True,0.101906,abe5527d8b0d446c7d34a3c4559e9c04,8
C_pruning,8,512,1,6,T,62,True,True,0.148638,07f4d20cc93b9327ba6da0419fcf2e2f,14
C_pruning,8,512,1,6,T,61,True,True,0.197023,2e866cf5742426ca4c17165e281d69ed,4
C_pruning,8,512,1,6,T,56,True,True,0.401393,4485f913d0f81a2790ef6e40b8255b46,6
C_pruning,8,512,1,6,T,69,True,True,0.131812,480c59dab9cdd3d55b669eba206d3645,8
C_pruning,8,512,1,6,T,66,True,True,0.212686,c8de5bd4f454be485a786c297fd2deb0,0
C_pruning,8,512,1,6,T,68,True,True,0.15947,e133e6ca7e4319f2e418f1b68e576ead,10
C_pruning,8,512,1,6,T,71,True,True,0.086879,6ebfad63fd2a64d3b4532084ea4d412e,4
C_pruning,8,512,1,6,T,73,True,True,0.035441,b854d83ab2864a90d1ef5fd1433db702,8
C_pruning,8,512,1,6,T,72,True,True,0.057445,ff2546ef4d7f59240961e5a80e1d6ae9,6
C_pruning,8,512,1,6,T,76,True,True,0.046678,97a8d2a5b40c7bf987507ddd2bcc7d95,4
C_pruning,8,512,1,6,T,74,True,True,0.061092,21f0c4af931698babf64e36b6315ee73,0
C_pruning,8,512,1,6,T,75,True,True,0.059633,bd2d533497aa69088c0e2ce48b0c5ff2,10
C_pruning,8,512,1,6,T,67,True,True,0.25997,5b0571e2ca017011d07a9d588ef4f6d6,2
C_pruning,8,512,1,6,T,81,True,True,0.046947,ae178317f9dae08348be281f1e66f38a,10
C_pruning,8,512,1,6,T,82,True,True,0.048861,d4283112e877dddb3409d3254c97aa38,2
C_pruning,8,512,1,6,T,79,True,True,0.111478,87be6067f872397e28881ddca79a444a,4
C_pruning,8,512,1,6,T,83,True,True,0.064731,3e60a8b4f1d278949b366a040291f0e2,10
C_pruning,8,512,1,6,T,77,True,True,0.174071,fa6231572b67fb1fffb9a85279330b8d,8
C_pruning,8,512,1,6,T,84,True,True,0.130797,9376da6faf5ae08841cd14dace67ae20,2
C_pruning,8,512,1,6,T,85,True,True,0.131582,502c8bb860c98bbfde44c8d79fc7b380,4
C_pruning,8,512,1,6,T,87,True,True,0.081244,addfeb186e2da34e6bf356a5d56a7d1a,8
C_pruning,8,512,1,6,T,78,True,True,0.286262,1c7ba31e1d030a6e76fe33b8634c0009,6
C_pruning,8,512,1,6,T,89,True,True,0.039695,1f131cc71c68681fe607987b854b2443,4
C_pruning,8,512,1,6,T,86,True,True,0.149303,cee82d5ebb9210c3bd17d8948709224f,10
C_pruning,8,512,1,6,T,88,True,True,0.10933,131afca8deda87813885c3ba1050f6b3,2
C_pruning,8,512,1,6,T,91,True,True,0.093339,f7328bc34fb51d96625cc03c08a080e8,6
C_pruning,8,512,1,6,T,93,True,True,0.05551,98011347da29cbae206e7eddda3c7e6d,10
C_pruning,8,512,1,6,T,95,True,True,0.055033,859e683575d51dfc3a8913e63b54ac97,6
C_pruning,8,512,1,6,T,70,True,True,0.696953,ee67cfc709bf8ddac31c0ceb9397aef5,14
C_pruning,8,512,1,6,T,92,True,True,0.197036,6646d8aa9022ed3be46ba26373464c07,4
C_pruning,8,512,1,6,T,98,True,True,0.025335,56675e8903ee8cd08913c46e5c2aff53,14
C_pruning,8,512,1,6,T,96,True,True,0.14921,67611e44238f8ab997d303f2579ee46a,10
C_pruning,8,512,1,6,T,90,True,True,0.330542,98f6eda10d57b78158f17bd9855ea286,8
C_pruning,8,512,1,6,T,100,True,True,0.071915,5bf49183cddd761bf53fa4226d3001bd,14
C_pruning,8,512,1,6,T,99,True,True,0.157662,26887a6f399565c1730208a2b237e416,4
C_pruning,8,512,1,6,T,94,True,True,0.335792,5506a5a11bc3fa3193a9c2b28bda1515,2
C_pruning,8,512,1,6,T,80,True,True,0.712735,eed3bfbc00b28df77caa2072795e9473,0
C_pruning,8,512,1,6,T,97,True,True,0.246837,ecf91f2a729dc2406a4eabb2b81ed92e,6
python_pruning,8,512,1,6,T,12,True,True,0.16919,b06cabc9477c21cdc123d2e645f037e5,8
python_pruning,8,512,1,6,T,14,True,True,0.165096,a176143e124399cd3d7ef59dcfa4e1c1,4
python_pruning,8,512,1,6,T,11,True,True,0.461473,4460202ec5e92a6c6c25dba67c03b075,10
python_pruning,8,512,1,6,T,13,True,True,0.706714,86d5322e725ca79d58799de51a73c718,14
python_pruning,8,512,1,6,T,16,True,True,0.672926,7839df182207880835c890d6e2c1363d,0
python_pruning,8,512,1,6,T,18,True,True,0.687416,eb1f4b2f7c52aa3d9f1b43d04bdc3e1c,8
python_pruning,8,512,1,6,T,21,True,True,0.368952,ec7daed27a456ef8ea303c4fe4996792,14
python_pruning,8,512,1,6,T,22,True,True,0.458733,a320e77d4f13db9d565515564533c03d,0
python_pruning,8,512,1,6,T,20,True,True,0.847787,3d33cadbc0e266725cec11bd9e4b2854,10
python_pruning,8,512,1,6,T,23,True,True,0.481234,e46d38f4b39a800e29c3d902c24b7d08,8
python_pruning,8,512,1,6,T,19,True,True,1.137644,cfc787c8d91919ce29c4f888fcd72577,4
python_pruning,8,512,1,6,T,24,True,True,0.303988,b23324baebac14660892a438947fb9d5,14
python_pruning,8,512,1,6,T,17,True,True,1.26794,ff58c0c38c8f93f7429e88c772e48d65,6
python_pruning,8,512,1,6,T,26,True,True,0.270879,94935398e76c5037e013746d3d110d08,10
python_pruning,8,512,1,6,T,15,True,True,1.4509,2c4f41df97b4a32547c5ac5ddd7824ea,2
python_pruning,8,512,1,6,T,25,True,True,0.313499,10ca6701535ae09a2d13712f98c36be9,0
python_pruning,8,512,1,6,T,27,True,True,0.244143,0c0f55779e94635736bc6eded88d5d9c,8
python_pruning,8,512,1,6,T,30,True,True,0.310438,e75ccbc0c91fc936ca45af7f59c78cf4,6
python_pruning,8,512,1,6,T,29,True,True,0.352686,cabb3fc5df838ae34a04f3458c4cb9d5,14
python_pruning,8,512,1,6,T,31,True,True,0.294688,675b2a22f10d1254a525e39ecc5e9809,10
python_pruning,8,512,1,6,T,32,True,True,0.560674,ce20d05ea7fbed4cfc3ab755d88d6919,2
python_pruning,8,512,1,6,T,37,True,True,0.488342,3c117bd672493a62f91618ce4a83aa63,10
python_pruning,8,512,1,6,T,36,True,True,0.57229,ab5b65267aae9ff5d765ec38ca81dbe7,14
python_pruning,8,512,1,6,T,34,True,True,0.76066,8e0d437fe5ded3d7267bc5a757afe2e9,8
python_pruning,8,512,1,6,T,38,True,True,0.547436,b5b9ecb0f4796b0543b0c9e05544681c,2
python_pruning,8,512,1,6,T,42,True,True,0.160942,b0e910d3a582ef6451af5b9162238707,2
python_pruning,8,512,1,6,T,33,True,True,1.346176,42ee3560aae2bbf4f87b66aa73dc4715,0
python_pruning,8,512,1,6,T,35,True,True,1.2121,d65ba44f97779ce319c1c838c2b403c8,6
python_pruning,8,512,1,6,T,40,True,True,0.82763,07b0eef3fc788652138f2afdd4c082f6,14
python_pruning,8,512,1,6,T,46,True,True,0.098929,39e535ec7cf51eb2eef674b422b7f634,14
python_pruning,8,512,1,6,T,28,True,True,1.916279,d14cefb990d93a46e7ccd6ce84f10fa3,4
python_pruning,8,512,1,6,T,41,True,True,1.026108,3189b7f00b1029dc0065089806679e1b,8
python_pruning,8,512,1,6,T,45,True,True,0.532916,45a5dce0a898ade309979843687cf768,6
python_pruning,8,512,1,6,T,48,True,True,0.278078,211f7589e99f3968d3ed260fa5ba458a,4
python_pruning,8,512,1,6,T,39,True,True,1.284437,a6072c46c0c9632f558e2bc65a9d8c97,10
python_pruning,8,512,1,6,T,44,True,True,0.828517,738024b8e9cceb1c289882570c01bb12,0
python_pruning,8,512,1,6,T,52,True,True,0.158961,f20b31814a8b8bc1aa1247e48b314d69,10
python_pruning,8,512,1,6,T,51,True,True,0.287435,5e72b3f92577f49e39bd9bd758fdbbc4,4
python_pruning,8,512,1,6,T,50,True,True,0.43301,5aeb2f78deb325286bb98b965afe845e,6
python_pruning,8,512,1,6,T,54,True,True,0.224209,957adef8f8cf70b3de8f01cd85f4cae3,10
python_pruning,8,512,1,6,T,43,True,True,1.182639,503acd28aa863d6480f1590ece2bf733,2
python_pruning,8,512,1,6,T,58,True,True,0.168925,59de1189efaf58c6c0a356ac45affaa6,2
python_pruning,8,512,1,6,T,49,True,True,0.819177,75fdbd3aa310a8ee8f29849b8c484994,8
python_pruning,8,512,1,6,T,56,True,True,0.330105,0af317ed181c924ec500711e9265a79b,6
python_pruning,8,512,1,6,T,57,True,True,0.381228,4ff5c2a8e25c4fe4257aa825c10ecea5,10
python_pruning,8,512,1,6,T,62,True,True,0.12214,92b069cd18d59b31a827f6aa52c46f3b,10
python_pruning,8,512,1,6,T,53,True,True,0.936469,7eb4b9ede3eaa78fdce5ecf344000f64,0
python_pruning,8,512,1,6,T,60,True,True,0.501885,37ecf43daebcd65c57ba65fa8dcfc8bf,8
python_pruning,8,512,1,6,T,61,True,True,0.466358,8ff8218e1fb5b2a2f185a05f0a15a840,6
python_pruning,8,512,1,6,T,59,True,True,0.632888,82a8e30d538847e604c2e9fc92da4148,2
python_pruning,8,512,1,6,T,66,True,True,0.30542,e67a8049fd6462cad8c44f9ba292d8fb,6
python_pruning,8,512,1,6,T,64,True,True,0.415671,08346e128e219d54b86c56a46070bff9,0
python_pruning,8,512,1,6,T,69,True,True,0.386119,fe468a3e013cc1f9abc785739756cfd7,0
python_pruning,8,512,1,6,T,47,True,True,2.264546,1b3daaa0a4204308a1d72fb5a7953787,14
python_pruning,8,512,1,6,T,71,True,True,0.209405,8e1a9052b1cf7d282a7f809d1c480307,14
python_pruning,8,512,1,6,T,70,True,True,0.327084,f5d31b3aed00750b9550c842c1c6ee90,0
python_pruning,8,512,1,6,T,73,True,True,0.138312,cc3332a167812775fd9720216f4487dc,0
python_pruning,8,512,1,6,T,68,True,True,1.037116,5d1d80dc934baa57f594dfd543d17b64,6
python_pruning,8,512,1,6,T,65,True,True,1.671589,e87f590cad0c477d675e20b31b822bce,8
python_pruning,8,512,1,6,T,55,True,True,2.706427,078d996b890f010649f0d82ede408145,4
python_pruning,8,512,1,6,T,72,True,True,0.855083,eadcedcf0aee33f54b1fefce3530c85a,14
python_pruning,8,512,1,6,T,63,True,True,2.130834,55a735f1ab8281af68f67e3812235383,10
python_pruning,8,512,1,6,T,79,True,True,0.123004,d027e71eeaee59795e53e24be51c8558,10
python_pruning,8,512,1,6,T,77,True,True,0.342208,e9509f71119355d906852b9204f0b0fb,4
python_pruning,8,512,1,6,T,76,True,True,0.5632,0f16dbae4b800e9f3a691455451acc89,8
python_pruning,8,512,1,6,T,78,True,True,0.538732,ec0515774354fbe83a080e43c88a4bbe,14
python_pruning,8,512,1,6,T,82,True,True,0.201345,107f34af6fbd89574b2c280712fd7688,8
python_pruning,8,512,1,6,T,74,True,True,1.286218,d16b0de81a536101eaefa131996d9e3d,0
python_pruning,8,512,1,6,T,80,True,True,0.671518,c67041abec52a561a5e65468985bdf18,10
python_pruning,8,512,1,6,T,84,True,True,0.332748,8c04b28e3b868e0a7a0b7220e34a8d25,8
python_pruning,8,512,1,6,T,86,True,True,0.098041,e9dc0a5fe87c03159779b3e18f4faf12,10
python_pruning,8,512,1,6,T,67,True,True,2.803272,57aff811e442fde9234ed3ec20f97a99,2
python_pruning,8,512,1,6,T,81,True,True,0.738212,4659d51b9a1f230990901f30c0df5923,4
python_pruning,8,512,1,6,T,88,True,True,0.182653,7ef1b661db509de0f1891364258aa108,10
python_pruning,8,512,1,6,T,85,True,True,0.555138,6a2d958fde775d40d641bb7b7be9f600,0
python_pruning,8,512,1,6,T,91,True,True,0.534894,a0be82d7b985794e248c4d42b21cbec9,10
python_pruning,8,512,1,6,T,90,True,True,0.630386,76dc469a7c36410715a29542a36afcf1,4
python_pruning,8,512,1,6,T,83,True,True,1.168468,7f29e3e48f92eaf24a771cd0b12bf2de,14
python_pruning,8,512,1,6,T,87,True,True,0.902387,0db6b424ff9d56f0dce0d6961329e1fe,8
python_pruning,8,512,1,6,T,95,True,True,0.164854,3639986b50ef2138e26e0a039877a41e,14
python_pruning,8,512,1,6,T,94,True,True,0.256346,eeec160fe7c34fc0f3f9820dd2822e7a,4
python_pruning,8,512,1,6,T,97,True,True,0.101567,ab3167cb09340a8626c44c1e5e49a164,14
C_pruning,6,216,2,18,B,100,True,True,48.180366,715eea9bbf795ef43d55b1b56c76218f,12
python_pruning,8,512,1,6,T,96,True,True,0.49011,ffd2a4ad18103bc9d0ebc490de608a9c,8
python_pruning,8,512,1,6,T,93,True,True,0.633367,e6910fd29cd0a705290ed1c33a190ccb,10
C_exact,8,512,1,6,T,12,True,True,0.046278,24c1b659d80f6e877875b99fc5443c1d,10
C_exact,8,512,1,6,T,11,True,True,0.049577,0aa51c8c27a0a2ff89500e23e966aafe,8
C_exact,8,512,1,6,T,14,True,True,0.028352,c5c46f5868e7401e07c6c736d1ce3125,8
C_exact,8,512,1,6,T,13,True,True,0.039367,89c70ca5ec3fc8a2f73e00a2d9463820,10
C_exact,8,512,1,6,T,15,True,True,0.031797,616ee91fbacf5b0e23f262e8e7661e3d,8
C_exact,8,512,1,6,T,16,True,True,0.052053,d6635c08209588076eda4a31c4215ca0,10
C_exact,8,512,1,6,T,17,True,True,0.034195,483b95be37e52a49a63569bbc15af10a,8
C_exact,8,512,1,6,T,18,True,True,0.052436,ab23194b466ae29a7be78b9a7c7179b5,10
C_exact,8,512,1,6,T,19,True,True,0.065624,b11593b72687533b5ba37a39588ede62,8
C_exact,8,512,1,6,T,20,True,True,0.032986,6c6da29bc0319d3d4478fadadb0dcbaf,10
python_pruning,8,512,1,6,T,99,True,True,0.642903,f78d55bffa22c882191ebf1a195de1ea,14
C_exact,8,512,1,6,T,22,True,True,0.031665,159e93783c25464fb43d3d91cad664e9,10
python_pruning,8,512,1,6,T,92,True,True,1.417477,ddcf4a8c5db1e4216edbbbed479475d6,0
C_exact,8,512,1,6,T,21,True,True,0.052358,fde0e907217dfc6a3b1658f1c9a5d20c,8
C_exact,8,512,1,6,T,26,True,True,0.029575,345d97356cb91a9a5abf49425d6ea263,8
C_exact,8,512,1,6,T,23,True,True,0.05203,248fbd107b3d495a886b1088d1c11ef4,14
C_exact,8,512,1,6,T,25,True,True,0.044078,3f7693f863b45c0091febefb0f833c35,0
C_exact,8,512,1,6,T,24,True,True,0.061558,cbdedb522fe93bd9635f81f70c57b77c,10
C_exact,8,512,1,6,T,27,True,True,0.033768,c1329e1d6b81685bbc1f27a5573d5b35,8
C_exact,8,512,1,6,T,29,True,True,0.04524,f1823373b928e4ce16320ae75f49f4cf,0
C_exact,8,512,1,6,T,28,True,True,0.04961,5bd7a9407a97620fe9651513397c0e19,14
C_exact,8,512,1,6,T,30,True,True,0.041275,59df7e2f998dc7699ff2fb2a7baf445c,10
C_exact,8,512,1,6,T,31,True,True,0.038424,cfaa676e93f65e3422fba3cf93b0fd95,8
C_exact,8,512,1,6,T,32,True,True,0.040908,ad4a41988c60498576cf7a3842c65a72,0
C_exact,8,512,1,6,T,33,True,True,0.039901,30fe97d34b920cd9a98db55e8cca236b,14
C_exact,8,512,1,6,T,34,True,True,0.033278,48efdfc82950b094af3f42f0276cbfa0,10
C_exact,8,512,1,6,T,35,True,True,0.047268,c5515b3526915c0f71c5877472c476ae,8
C_exact,8,512,1,6,T,37,True,True,0.038576,600056da9a4e896b201a4045a5c4a161,14
C_exact,8,512,1,6,T,36,True,True,0.070401,152a2e906ec34540624d793a20d9bf9e,0
C_exact,8,512,1,6,T,38,True,True,0.052759,580e6154707faa4b447781ea1f281bae,10
C_exact,8,512,1,6,T,39,True,True,0.032802,735694cfd90410bc94c60500e12a1b8a,8
C_exact,8,512,1,6,T,40,True,True,0.034,d10121f037e015c55be82b617d0f7ce9,14
C_exact,8,512,1,6,T,41,True,True,0.04173,7825bf3fe6b3773dc2b7427838cc28b1,0
C_exact,8,512,1,6,T,43,True,True,0.035107,d7fd579364db686597055267d1591151,8
C_exact,8,512,1,6,T,42,True,True,0.052293,de3d4b7e06720496703739fb6718ce37,10
C_exact,8,512,1,6,T,45,True,True,0.038598,5056b2d386b1c47d52a1137f181ab129,0
C_exact,8,512,1,6,T,44,True,True,0.049403,42f198a2f811ff8c3ca2fd397bb59612,14
C_exact,8,512,1,6,T,46,True,True,0.047856,6032d206d987086a2355d9f94e3c84e6,8
C_exact,8,512,1,6,T,47,True,True,0.051725,49025f20e14c42a564b2a0a24d698c6a,10
C_exact,8,512,1,6,T,48,True,True,0.044115,cb548f014d0b136f1f587b14cc72e6ef,0
C_exact,8,512,1,6,T,49,True,True,0.061261,3642590b08cb106ad377bf396d3ae1ca,14
python_pruning,8,512,1,6,T,98,True,True,1.124165,fde1308f60706261a0922f603f29f01b,4
C_exact,8,512,1,6,T,50,True,True,0.07354,06eef0f9a7d8d26b165291218e92fc6b,8
C_exact,8,512,1,6,T,52,True,True,0.039272,fd75597cf65bc6a0805c85168b368f06,0
C_exact,8,512,1,6,T,51,True,True,0.043667,2ccce5521a8f5bbbeabe35d13b4cce74,10
C_exact,8,512,1,6,T,57,True,True,0.033786,2bbe5e1f806144f1fd3bcb7a12cd1852,10
C_exact,8,512,1,6,T,56,True,True,0.036352,be9d159c9bf61563bf07ba8cd068d3cf,0
C_exact,8,512,1,6,T,55,True,True,0.046408,97ff4387394f0573304dd21d94adba12,8
C_exact,8,512,1,6,T,54,True,True,0.095428,6cb07ae73a404072f990fa09fe3cab7d,4
C_exact,8,512,1,6,T,58,True,True,0.03332,9137a725c9ac69b18921c81673bbfcba,10
C_exact,8,512,1,6,T,60,True,True,0.04132,cac82765ca0bfab548a2d1e9e62fda5c,8
C_exact,8,512,1,6,T,59,True,True,0.047297,c9291625b9f8f69fc533e156ba049d9e,0
C_exact,8,512,1,6,T,61,True,True,0.053666,97c7a2268e3780efaaac7a1816bd0db0,4
C_exact,8,512,1,6,T,62,True,True,0.052605,947e3feb9d80bcbee32e81d85e6dea0b,10
C_exact,8,512,1,6,T,63,True,True,0.055008,60d6b2cc39ff06a36d0fa6d583ce44b2,8
C_exact,8,512,1,6,T,64,True,True,0.064539,d1828aa164f05338b31309a81767f22b,0
C_exact,8,512,1,6,T,65,True,True,0.038226,d62ba410007121b03cbf0990cddf02d0,4
C_exact,8,512,1,6,T,66,True,True,0.038982,cc1065444af5e9597862365d13955091,10
C_exact,8,512,1,6,T,67,True,True,0.050634,468646e62cc3269503b77da6bfb1f8b6,8
C_exact,8,512,1,6,T,68,True,True,0.053359,71159dce20f52f5b67a4c422c52e3874,0
C_exact,8,512,1,6,T,69,True,True,0.033834,01a811b18e91223297672779de199cd6,4
C_exact,8,512,1,6,T,53,True,True,0.318794,071d73ee7715ee469d811cb20fd7b389,14
C_exact,8,512,1,6,T,70,True,True,0.069564,2fdb45f4101c408bbd151f3ca0def272,10
python_pruning,8,512,1,6,T,75,True,True,3.953657,32d8ec7077d1427c55a37d28ad602c25,6
C_exact,8,512,1,6,T,71,True,True,0.046148,0bb379c4c41756c3f28ed69fe470ed98,8
C_exact,8,512,1,6,T,73,True,True,0.041603,703364959fff5c29e472b3e88096374e,4
C_exact,8,512,1,6,T,72,True,True,0.057944,71581bc242f11474682befa8846eea99,0
C_exact,8,512,1,6,T,75,True,True,0.034905,ce7fcab169360bb7b7131e7f1f755d16,10
C_exact,8,512,1,6,T,74,True,True,0.067093,57676184a6a7f6045debe40e2499821b,14
C_exact,8,512,1,6,T,76,True,True,0.043365,b03cf7fca14b1403aca0a2e7ba95ba5d,6
python_pruning,8,512,1,6,T,100,True,True,1.48652,a56397cf070a5f8ad7471084c2bb5fce,12
C_exact,8,512,1,6,T,77,True,True,0.043183,97374d400ac6012fe8e63554735a8e33,8
C_exact,8,512,1,6,T,79,True,True,0.0369,f66ee9ae7278612d0c78b1067c46d305,0
C_exact,8,512,1,6,T,78,True,True,0.069875,ca46030925f9f750add0287a25863fa1,4
C_exact,8,512,1,6,T,81,True,True,0.029206,c70df4e19667145557d79d2556640093,14
C_exact,8,512,1,6,T,82,True,True,0.033037,76ff55ccbe7e0f60dce9f424e3308527,6
C_exact,8,512,1,6,T,80,True,True,0.058981,ec029602e0d860d5556049bd3ce7175b,10
C_exact,8,512,1,6,T,85,True,True,0.032536,35b1b1d0679661a0a42f24780d25c155,0
C_exact,8,512,1,6,T,83,True,True,0.047037,785fde39cbb624f7906b3588ed85f476,12
C_exact,8,512,1,6,T,84,True,True,0.062452,5e73127df2bcca035188aed97edaa5a1,8
C_exact,8,512,1,6,T,86,True,True,0.03984,c5c1d4425aac51570525c3ae5f26ec9f,4
C_exact,8,512,1,6,T,87,True,True,0.039919,5c5f2cab8fdf0b13fae016e8028772c4,14
C_exact,8,512,1,6,T,90,True,True,0.056854,4fc41d012b44f8493d260ec705ed67dd,0
C_exact,8,512,1,6,T,88,True,True,0.060064,185c7350582aeb0394d839c1c9f852d5,6
C_exact,8,512,1,6,T,89,True,True,0.064712,10ccced9a088923059520f6de0fe7baa,10
C_exact,8,512,1,6,T,92,True,True,0.044917,ba52e98a845006e04c6d7943dcf69a2f,8
C_exact,8,512,1,6,T,91,True,True,0.073132,5663b3989170c625ea398f0392628665,12
C_exact,8,512,1,6,T,93,True,True,0.061154,dda2068774595bbcd7140fa350004f60,4
C_exact,8,512,1,6,T,97,True,True,0.044706,817d041ea947e624de0cc2e9c891d48a,10
C_exact,8,512,1,6,T,95,True,True,0.053847,e21338728417f6022f6629b8b36835da,0
C_exact,8,512,1,6,T,96,True,True,0.054911,a272a4b1a20cad27ecdd1cb8563d4d96,6
C_exact,8,512,1,6,T,98,True,True,0.034665,212c835466846a6c6a95ee9e61189017,8
C_exact,8,512,1,6,T,99,True,True,0.040681,09708733485e975cefe1d306616a6d11,12
C_exact,8,512,1,6,T,100,True,True,0.03608,ed2c84ca2578ad6f1b8dc49f702ce125,4
C_exact,8,512,1,6,T,94,True,True,0.384517,d36f298ac13fe2467029d1dc24300702,14
python_exact,8,512,1,6,T,14,True,True,0.285289,d793c5d499c2e7d99cca98d8e9840f2b,8
python_exact,8,512,1,6,T,11,True,True,0.464922,0d8a1810f5bacbc68a5d52abf010c2d0,10
python_exact,8,512,1,6,T,12,True,True,0.645659,37aa2307c9a345b96dd941a2119ba89b,0
python_exact,8,512,1,6,T,16,True,True,0.691968,0bad79aef408c7adaf8f753f0722a8a2,4
python_exact,8,512,1,6,T,13,True,True,0.741018,43f0970cf66580c188bbd28d2d5c45be,6
python_exact,8,512,1,6,T,18,True,True,0.597895,fb512fc1ac70324c1bf8f5c1268b17b2,8
python_exact,8,512,1,6,T,15,True,True,0.928678,60e6adea4d3001aceb00c892c070c811,12
python_exact,8,512,1,6,T,17,True,True,0.738003,f58d9099a57fa88a4be850b27ee5dfc9,14
python_exact,8,512,1,6,T,19,True,True,0.593119,ec359061275af4b407c4f78d4116769f,10
python_exact,8,512,1,6,T,21,True,True,0.383208,12b37c7d41865a78d48cfa0626b5a6ca,4
python_exact,8,512,1,6,T,20,True,True,0.477972,63e5ab8e0c4ebf13b0c057a14e6f286c,0
python_exact,8,512,1,6,T,26,True,True,0.28626,fbbd99e2c959a3a3f933386ee351481d,10
python_exact,8,512,1,6,T,27,True,True,0.29705,57d003186474dccd18ab21b18072120b,4
python_exact,8,512,1,6,T,22,True,True,0.706094,72a338310541cb6cd938cf804a594426,6
python_exact,8,512,1,6,T,24,True,True,0.610872,dd4113199566266d21328b6e12554990,12
python_exact,8,512,1,6,T,29,True,True,0.468727,8a5829dac8e9f4fce065a6509f47ab76,10
python_exact,8,512,1,6,T,32,True,True,0.288206,cb6cd43ce9d495a7e204c86b721d3497,12
python_exact,8,512,1,6,T,28,True,True,0.808298,69b7afeaaad18722bd3b911dd8c75435,0
python_exact,8,512,1,6,T,25,True,True,0.892191,4505e4f7fcca85c519c23d2c67524a3d,14
python_exact,8,512,1,6,T,31,True,True,0.476991,2b009f3511841872096f68679c760772,6
python_exact,8,512,1,6,T,33,True,True,0.270844,f9c1940d8e56aeda7b6b63eaff5d18ab,10
python_exact,8,512,1,6,T,34,True,True,0.266975,cef2d5bc98b07e57db7970ad66ba7015,12
python_exact,8,512,1,6,T,36,True,True,0.309115,4e3b69f50a730890c3babbc60eec33fc,14
python_pruning,8,512,1,6,T,89,True,True,5.269557,ff75607d5f3a4fe7b247d404538226ef,2
python_exact,8,512,1,6,T,38,True,True,0.503661,2361de3bcfc8f1c75c0b082de4f6f09d,10
python_exact,8,512,1,6,T,30,True,True,1.208153,cbe0f0be9682d389cfc2ae03f968cd9e,4
python_exact,8,512,1,6,T,40,True,True,0.60583,aa9dfddee8a5552f7019386e2e6a88a9,14
python_exact,8,512,1,6,T,39,True,True,0.737638,49b1e70ca2af4a5276730c63de7a015d,12
python_exact,8,512,1,6,T,23,True,True,1.968316,898eecf5da70873aa415068d4c07aecc,8
python_exact,8,512,1,6,T,35,True,True,0.936645,ec25cf00441a462a4eb09371f81b52a5,0
python_exact,8,512,1,6,T,42,True,True,0.412671,41b1bcd186de969813fb2694f5a84486,10
python_exact,8,512,1,6,T,41,True,True,0.540771,af4ea6cb572d62babd06ca6c6c7e32aa,2
python_exact,8,512,1,6,T,45,True,True,0.427915,83540e7d231afc6356a3b1aeb1d5a46c,12
python_exact,8,512,1,6,T,43,True,True,0.931945,342892ad75b9f77fd2b9677a8b256bb3,4
python_exact,8,512,1,6,T,48,True,True,0.694605,20874020d5c6788507eda8278d4a38f9,10
python_exact,8,512,1,6,T,46,True,True,0.879948,6c9c693ee1c0427fac393d10999304df,8
python_exact,8,512,1,6,T,50,True,True,0.516292,534ab90870663e3b2b714883c01c8a19,12
python_exact,8,512,1,6,T,51,True,True,0.347023,ca044a9c8c70d519dd4ecc57e0f228f7,4
python_exact,8,512,1,6,T,37,True,True,1.979529,57e731c6818fb011cf493955e04aa359,6
python_exact,8,512,1,6,T,47,True,True,1.180481,32d2fe61bded849a59e9cd2aebb78d00,0
python_exact,8,512,1,6,T,54,True,True,0.329028,b529a38da0b1ca1a6275c58b95d3c073,12
python_exact,8,512,1,6,T,56,True,True,0.382858,b9ca967cd3cfa99d668c239aa2cec3f8,6
python_exact,8,512,1,6,T,57,True,True,0.323907,87569d33069dd3c2590847013101534e,0
python_exact,8,512,1,6,T,52,True,True,0.743699,485ad9f4662b2e80c76a054507e0d090,10
python_exact,8,512,1,6,T,55,True,True,0.74476,a99d3044531727d10f9778faf19a254d,4
python_exact,8,512,1,6,T,58,True,True,0.605463,cd4562aa11f5b61f3e29312c5b5df3d8,12
python_exact,8,512,1,6,T,53,True,True,1.022434,6ff9587f478ff82c92d974842603a512,8
python_exact,8,512,1,6,T,60,True,True,0.411192,c3f741ebb015a7a5a7801c4abe5dc17a,0
python_exact,8,512,1,6,T,59,True,True,0.510355,6f313e38edc393c1b45985f8a8012ae0,6
python_exact,8,512,1,6,T,49,True,True,1.688636,2b486dd889b1a031e2f086b5760f89f1,2
python_exact,8,512,1,6,T,61,True,True,0.377425,741fdb4b1f865adbae36ccf4bcfd2c4e,10
python_exact,8,512,1,6,T,44,True,True,2.034965,653a04458a617962ee12892d23006c96,14
python_exact,8,512,1,6,T,63,True,True,0.434269,90beec2dabd20df6934382c6f7f0c06d,12
python_exact,8,512,1,6,T,64,True,True,0.443632,8d15b6af20a413973c25b25f7e66281e,8
python_exact,8,512,1,6,T,65,True,True,0.511527,472479f17a275673283c95d37ca99f68,0
python_exact,8,512,1,6,T,66,True,True,0.548779,351a6d98e1929c5760784d764cacc2f6,6
python_exact,8,512,1,6,T,68,True,True,0.549618,3667899a1dd7d28a5c7fcd6fa728d8d0,10
python_exact,8,512,1,6,T,69,True,True,0.649874,a0af4c15ab1b20db0b61ee1da4d4a154,14
python_exact,8,512,1,6,T,72,True,True,0.311046,34ca727d071f5272fda9f6be0ceb1373,0
python_exact,8,512,1,6,T,71,True,True,0.406285,91b54125e91c6cc662be9c63d1d375ec,8
python_exact,8,512,1,6,T,62,True,True,0.99855,9f485d16ed8bcb772922fae6cee3249c,4
python_exact,8,512,1,6,T,70,True,True,0.50937,f9c9dac25c6692211d2d11840a381afb,12
python_exact,8,512,1,6,T,74,True,True,0.482656,cdaf13b188f168008798eb382d12e72d,10
python_exact,8,512,1,6,T,76,True,True,0.449257,c444cd1895159e95db0c1a8ec636338c,0
python_exact,8,512,1,6,T,73,True,True,0.83565,0561cd228f38cd95442a68c4c94b7179,6
python_exact,8,512,1,6,T,75,True,True,0.765444,2118bf30e177854ba670ddf09e0c07a0,14
python_exact,8,512,1,6,T,77,True,True,0.764762,aa1af20064dee9b3505649b3550bfec5,8
python_exact,8,512,1,6,T,79,True,True,0.808628,2b8f4225f4f0672cbac993d1d8d86b45,12
python_exact,8,512,1,6,T,83,True,True,0.404937,3be8c48880f1cd031aca5a25f7fa6a62,14
python_exact,8,512,1,6,T,81,True,True,0.656227,043fb6d6099c242ee942bbf6bfb35813,0
python_exact,8,512,1,6,T,80,True,True,1.006601,00612328845927355bbd597f90d832c1,10
python_exact,8,512,1,6,T,84,True,True,0.522454,0022e7479d9b27d252b17eeaedc77df8,8
python_exact,8,512,1,6,T,78,True,True,1.321446,5292fa5acf767d9297a9fb11e6ebb4b8,4
python_exact,8,512,1,6,T,85,True,True,0.481721,2145fb11438d9e105fd38e7c693f9d92,12
python_exact,8,512,1,6,T,88,True,True,0.395056,b9275917ce21fd095ae88be9fc8904a8,10
python_exact,8,512,1,6,T,86,True,True,0.640215,3fcf623e9632786013e77df5c2554b92,14
python_exact,8,512,1,6,T,89,True,True,0.472478,79862b2b41d38f3f0f92abe415fab8d3,8
python_exact,8,512,1,6,T,87,True,True,0.665509,5602dab7669aff2ae81115c3082d9bad,0
python_exact,8,512,1,6,T,91,True,True,0.486627,47d176843065bcc3ecee3ca792b4b5ab,12
python_exact,8,512,1,6,T,90,True,True,0.537851,6b77826637099405ace9aaca670849b9,4
python_exact,8,512,1,6,T,67,True,True,2.857211,5a18628b69007a91043b21d0ad843cbb,2
python_exact,8,512,1,6,T,93,True,True,0.367068,9b94407c23aab47abca3b09dffc0078a,14
python_exact,8,512,1,6,T,96,True,True,0.561815,f2822f65d2f515298f76de246d8704d8,12
python_exact,8,512,1,6,T,97,True,True,0.564953,9b9ab5f8d28ad8cb1c8210897c9de20a,4
python_exact,8,512,1,6,T,94,True,True,0.808169,8eba633502e1620198282adaa5a61e70,8
python_exact,8,512,1,6,T,98,True,True,0.550677,6c57513a0cfeb2f5bb085f8e309252f7,2
python_exact,8,512,1,6,T,92,True,True,0.967458,e4c1a3326af8b426b67f765ba60cc3d2,10
python_exact,8,512,1,6,T,99,True,True,0.696476,620b11ec04b07341fd916416973883d6,14
C_exact,8,512,1,6,B,11,True,True,0.633932,aec7a22fe780831e7b34c25a63b9162f,4
C_exact,8,512,1,6,B,12,True,True,0.650912,e2c5ee20f220d9423bd819c7053060e4,8
C_exact,8,512,1,6,B,13,True,True,0.65068,7a08a2d80730fd58949643a3f00f8572,2
python_exact,8,512,1,6,T,82,True,True,2.749878,dc5c05b8776385a9c773cd08dbb9d654,6
C_exact,8,512,1,6,B,14,True,True,0.671318,f130060ae36305b9528779b82c911ff5,10
C_exact,8,512,1,6,B,15,True,True,0.636986,aa27f0dcea5d54d216007cf7197b5e4d,14
python_exact,8,512,1,6,T,100,True,True,1.283313,f7c3296a2c9f68c53b2ed1b7a071f6dd,12
C_exact,8,512,1,6,B,16,True,True,0.639142,d3350c7a4a8908e29ec6f5ccfdf6fe25,4
C_exact,8,512,1,6,B,17,True,True,0.626362,e6dc13faa78f3b654f6f08eb259beec9,8
C_exact,8,512,1,6,B,18,True,True,0.641973,1b53cb393510aabc5d2cf322d2e64e18,2
C_exact,8,512,1,6,B,19,True,True,0.622987,61438510f61135bc85eb0b13b94d1235,6
C_exact,8,512,1,6,B,20,True,True,0.639172,d95e5eb0e2cd4165c329096fd87a1793,10
C_exact,8,512,1,6,B,21,True,True,0.615114,5f82fdafc81ccb1f48556a48c35d7737,14
C_exact,8,512,1,6,B,22,True,True,0.625835,d581e0f9551a0c75539b6ca9b76c4cee,12
C_exact,8,512,1,6,B,23,True,True,0.600987,fdfc98df703cc19f18abe56e55bb695d,4
C_exact,8,512,1,6,B,24,True,True,0.628957,5ba9ae0d941df4e9841e3c48a83f618c,8
C_exact,8,512,1,6,B,26,True,True,0.60615,0bfbcdafdacb5db48e85af9b4f3d898c,6
C_exact,8,512,1,6,B,25,True,True,0.643421,3c0c377679d49f73b6daa889bf654d12,2
C_exact,8,512,1,6,B,27,True,True,0.626981,dbfcbfc885ab21f3a9cc032772fde1f8,10
C_exact,8,512,1,6,B,28,True,True,0.603598,b8b937a38d0effbdf0a27decd8c3d4e5,14
C_exact,8,512,1,6,B,29,True,True,0.632004,befe537fefdbc3968c7ebc407ad27c2b,12
C_exact,8,512,1,6,B,30,True,True,0.628613,49122b1f4d84a5d668ee33e1979097c5,4
C_exact,8,512,1,6,B,31,True,True,0.646364,dc1f8d4de6141bba1e1f2a4430235eb0,8
C_exact,8,512,1,6,B,32,True,True,0.646119,b8cc0400369929fada8d4723fc2d9bac,6
C_exact,8,512,1,6,B,33,True,True,0.668367,2fddbb3f6f9f7117eada0ef8a2b882f5,2
C_exact,8,512,1,6,B,34,True,True,0.644225,b608889bb261dac107fd55eec2b6067b,10
C_exact,8,512,1,6,B,35,True,True,0.672721,890aa8ba8f82002ab3bf0767a494b1a8,14
C_exact,8,512,1,6,B,37,True,True,0.670033,0d7840c74683e7c9e78733bb3ce59ddd,4
C_exact,8,512,1,6,B,36,True,True,0.73416,eaa478cfeccbf0a7e4d0ee7f3e7a1ab3,12
C_exact,8,512,1,6,B,38,True,True,0.669104,b0e4f5012ec8aa4262ad3bb71e15a896,8
python_exact,8,512,1,6,T,95,True,True,4.169093,d5d1631b4d1e27707d2bbfb1d7602258,0
C_exact,8,512,1,6,B,39,True,True,0.660799,40de6bf711d19244304aed71fb675fbb,6
C_exact,8,512,1,6,B,40,True,True,0.644979,6490d740cc8615677d07ebea7024c546,2
C_exact,8,512,1,6,B,41,True,True,0.645183,7473ea00f0cfaea0174da67be3954c43,10
C_exact,8,512,1,6,B,42,True,True,0.629358,1fba8295557127aca4bf31f776ec2d6b,14
C_exact,8,512,1,6,B,44,True,True,0.593204,226bf52ba470ce28e339d0a7662fdef3,12
C_exact,8,512,1,6,B,43,True,True,0.711144,31ea6299d2157b1f983e8264c7e0c173,4
C_exact,8,512,1,6,B,45,True,True,0.645435,d74be24b5943540a9a4221fa9a367be9,8
C_exact,8,512,1,6,B,48,True,True,0.616875,02b7fd48733ae1641df8002a8807d5af,2
C_exact,8,512,1,6,B,47,True,True,0.629,1466e9715e8167f76f1aadf77f99c710,6
C_exact,8,512,1,6,B,46,True,True,0.639137,c85fee79b7e179145b72bf4381870243,0
C_exact,8,512,1,6,B,49,True,True,0.623131,25c22c931097e2ed89f926d8c4352a4b,10
C_exact,8,512,1,6,B,50,True,True,0.617934,a6ae509dfd359e8141c9c80945140d0b,14
C_exact,8,512,1,6,B,51,True,True,0.663568,98719d5b6d7fc272ca86eabeb47fdbca,12
C_exact,8,512,1,6,B,52,True,True,0.705038,a9d067402dd68a00d5bacb68fbc3d089,4
C_exact,8,512,1,6,B,53,True,True,0.635831,7328483d808c8e0cc4e15717d3f0599c,8
C_exact,8,512,1,6,B,54,True,True,0.656991,6c6096a20363d4ef5596c3307c9692e8,2
C_exact,8,512,1,6,B,55,True,True,0.663378,0359692f5a7666fa2c77750ea56f9f5b,6
C_exact,8,512,1,6,B,56,True,True,0.643701,224d3d8f11e6afd9819265230740b283,0
C_exact,8,512,1,6,B,57,True,True,0.65258,a9be3a5c458968564c4a13d3560872a6,10
C_exact,8,512,1,6,B,58,True,True,0.644002,98e119bf8b1e4a3f4015fb4a5eb56a79,14
C_exact,8,512,1,6,B,59,True,True,0.615707,0921b8ead89201b09f05093e73db0ac9,12
C_exact,8,512,1,6,B,61,True,True,0.62892,032ab37ced580a8428304f8be28f6acf,8
C_exact,8,512,1,6,B,60,True,True,0.671806,4dfee3324438776df91fd9d5b7b7f6cd,4
C_exact,8,512,1,6,B,62,True,True,0.610804,8c67d6236a0bd1884f6ba553a89c9e54,2
C_exact,8,512,1,6,B,65,True,True,0.615081,9a1dc4e5969697d057ed484029c2d1db,10
C_exact,8,512,1,6,B,64,True,True,0.649545,25083526b0331961eb7e8055275609c1,0
C_exact,8,512,1,6,B,63,True,True,0.666976,c59a0ec165fc034058e82ae31570de1d,6
C_exact,8,512,1,6,B,66,True,True,0.660184,9b6dc469bf2c0b648109bdb19a5c60f6,14
C_exact,8,512,1,6,B,67,True,True,0.657635,3fae4e295593fdf4f4aec5374a4c6eac,12
C_exact,8,512,1,6,B,68,True,True,0.636046,bd6fab6974fc52740223790c9461cc8a,8
C_exact,8,512,1,6,B,70,True,True,0.677538,5936f7faa2c4fd9ee7da8eb3fca0a57f,2
C_exact,8,512,1,6,B,71,True,True,0.669953,15a82825ef99e28ba659b749a9d262d6,10
C_exact,8,512,1,6,B,69,True,True,0.721981,ef32daf1655c9cfb98a59a72572f3f00,4
C_exact,8,512,1,6,B,72,True,True,0.655798,58eb328482f4e94ede4632947d2a549b,0
C_exact,8,512,1,6,B,73,True,True,0.655383,27ffe94c292b93bd7795dcaac528ef83,6
C_exact,8,512,1,6,B,74,True,True,0.649576,f390d50707f0b417e35281c6ff57db59,14
C_exact,8,512,1,6,B,75,True,True,0.635406,83aacbb834346ce1647c83471af224e7,12
C_exact,8,512,1,6,B,76,True,True,0.629874,8fb7b24f93310e4681a8593d331c7313,8
C_exact,8,512,1,6,B,78,True,True,0.597067,f66c32489af7cebd8fd46fa6f968602e,10
C_exact,8,512,1,6,B,77,True,True,0.61188,e93dacf1094088730907f2e1e1ff7680,2
C_exact,8,512,1,6,B,81,True,True,0.616238,05217a8ef6ef8b6d7633bf95a3ceea44,6
C_exact,8,512,1,6,B,80,True,True,0.653719,4ea4d6c919917e1fe31c6e837004330e,0
C_exact,8,512,1,6,B,79,True,True,0.701494,c04bcd65a1564fe834b80c2d19302897,4
C_exact,8,512,1,6,B,82,True,True,0.613293,e3dff62c627e6722a1869091f9234a0c,14
C_exact,8,512,1,6,B,83,True,True,0.637425,499800baa046e70b1b25aac823ed21cf,12
C_exact,8,512,1,6,B,84,True,True,0.653824,77e047cb565f8a0c969d59d5a9b41a2c,8
C_exact,8,512,1,6,B,85,True,True,0.647155,0b20bcfc1ae1f5cddbe60a2b2a6ca619,10
C_exact,8,512,1,6,B,86,True,True,0.686649,d301d4df998052530e1e9d50fb635f0d,2
C_exact,8,512,1,6,B,87,True,True,0.652962,ca71cb6bccd24a047231fb193d37a3c5,6
C_exact,8,512,1,6,B,88,True,True,0.684507,f25910687d17455c92dd4a857506fbe5,0
C_exact,8,512,1,6,B,89,True,True,0.670403,e10f2ecc4674210415ac1a14838fc787,4
C_exact,8,512,1,6,B,90,True,True,0.638028,d893f89ffc0aec85867207bc3feaf52d,14
C_exact,8,512,1,6,B,91,True,True,0.614131,04b7d5f4ff3f7d7b0faefad647bf6957,12
C_exact,8,512,1,6,B,92,True,True,0.631737,8a0b531f507011ec73e6295613abd1e8,8
C_exact,8,512,1,6,B,93,True,True,0.602871,89cc3faf193422e3398b26c2a1fd914d,10
C_exact,8,512,1,6,B,95,True,True,0.607774,76e1db7a5f6fc690dd49d9b1a10a186c,6
C_exact,8,512,1,6,B,94,True,True,0.63677,d73a3163e23e4477a0133279e2b00c95,2
C_exact,8,512,1,6,B,96,True,True,0.624435,1a41e577ed118bd56dc4304f04fa2d21,0
C_exact,8,512,1,6,B,97,True,True,0.642483,a6e18b792a39f0310d27cf9e1902b006,4
C_exact,8,512,1,6,B,98,True,True,0.599718,3df4f36105b1f4dc781f49f41f87b7c9,14
C_exact,8,512,1,6,B,99,True,True,0.60361,e2cf6e1cdd24fcf1bfd9310b3a4d218f,12
C_exact,8,512,1,6,B,100,True,True,0.632548,fc78fbd846e1a9655a70df8e2fae2cff,8
python_exact,8,512,1,6,B,16,True,True,22.777277,463eb8d657d7c109eff8e0cb8d3e0944,14
python_exact,8,512,1,6,B,18,True,True,23.070992,0023ed3bcc5eaff49696ab1984643d8d,8
python_exact,8,512,1,6,B,17,True,True,23.262093,153b1c2c1462b8107a8d56a9f8e4c68e,12
python_exact,8,512,1,6,B,11,True,True,24.546588,c39dbb84eaed193a0607b909d8076a65,10
python_exact,8,512,1,6,B,12,True,True,25.518382,ede84e84c9df139e4cc06d3569b592a9,6
python_exact,8,512,1,6,B,15,True,True,29.710309,0cd9ca4472ed3df36f1b6c56c3deb072,4
python_exact,8,512,1,6,B,14,True,True,31.189844,df6a86be907ada0100031766c723dbb4,0
python_exact,8,512,1,6,B,13,True,True,32.319328,2d73241eda303f0b78c02def46bcf47e,2
python_exact,8,512,1,6,B,20,True,True,22.078676,bb97c80573904d67a8476e7d98a16fd1,8
python_exact,8,512,1,6,B,22,True,True,21.788351,59e0843d8782cc867e2d94295def58b3,10
python_exact,8,512,1,6,B,21,True,True,23.00263,5e8c32bd79afa262e7142b48c0da50f9,12
python_exact,8,512,1,6,B,19,True,True,24.094992,0c1c99b0341564a912044673c055183a,14
python_exact,8,512,1,6,B,23,True,True,27.188096,b917b159bb7d1bcbdf44d37e7cd3bd6b,6
python_exact,8,512,1,6,B,25,True,True,25.812453,218245f8beb66e17cae98d609bc37871,0
python_exact,8,512,1,6,B,24,True,True,27.963539,03a027c79353adb6f9d1ca56bda52a44,4
python_exact,8,512,1,6,B,26,True,True,34.683361,ec06456040ca797956a7b0ef8fb4c35f,2
python_exact,8,512,1,6,B,29,True,True,22.118831,68aa6b9e921fc598c18c2954cf3324c5,12
python_exact,8,512,1,6,B,27,True,True,23.250146,cb9c58dd759f463c934b97520ea281e1,8
python_exact,8,512,1,6,B,28,True,True,23.420612,f9b5942093ccc4d486a585b5936baaec,10
python_exact,8,512,1,6,B,30,True,True,23.272497,96706ff163aeeee0819db875931fcafc,14
python_exact,8,512,1,6,B,31,True,True,32.104226,f9a1c2a4ec509f794b34821828a2e9b5,6
python_exact,8,512,1,6,B,32,True,True,27.876938,fa0c25abf96b5ff22e0c2265fa68f500,0
python_exact,8,512,1,6,B,33,True,True,29.896725,31e6c19d83ddc8ea41ab061f505043fa,4
python_exact,8,512,1,6,B,35,True,True,23.97466,d87d759af1d8265a5cd0d41bc59fd626,12
python_exact,8,512,1,6,B,36,True,True,24.107051,e0e69efcaf035ca79884c50512e72f48,8
python_exact,8,512,1,6,B,38,True,True,23.641091,a519ecf6d68fa4398d19efc3a0b1594f,14
python_exact,8,512,1,6,B,37,True,True,24.954985,90505c29a7329de78f20096551c7f858,10
python_exact,8,512,1,6,B,34,True,True,29.909803,6864ce750a3ad8379e2200ca29a77ed0,2
python_exact,8,512,1,6,B,39,True,True,27.430247,3bca14e2c32ef17d6f7153c84a89beb3,6
python_exact,8,512,1,6,B,40,True,True,27.96113,9b67089b41d6481317ff2bd41fd45424,0
python_exact,8,512,1,6,B,42,True,True,22.384768,cc48b7165bf3680ec447f7042b4af17b,12
python_exact,8,512,1,6,B,44,True,True,22.756927,99e3a643d55ceec4105ecd2720db0f5c,14
python_exact,8,512,1,6,B,41,True,True,29.40143,d205eedd21f52d5f8246df3f7f85bde6,4
python_exact,8,512,1,6,B,45,True,True,23.791844,587c7af0823657decdbaa559bc04dec9,10
python_exact,8,512,1,6,B,43,True,True,30.160054,f5805ff71f9e13d37c1234e453a5d4f4,8
python_exact,8,512,1,6,B,46,True,True,27.009187,3d9b7871c0723b30c900c87e38360982,2
python_exact,8,512,1,6,B,47,True,True,23.587729,512631b8aa04afdeeae5821f6c39646e,6
python_exact,8,512,1,6,B,48,True,True,27.097779,b4af697d2aa6231d9c319c3c1c52eeb5,0
python_exact,8,512,1,6,B,50,True,True,23.672771,d2a8e8394ac44aa1b1509bc5eed0d851,14
python_exact,8,512,1,6,B,49,True,True,26.048778,c5240200d206389905cf7d1b3cbc9197,12
python_exact,8,512,1,6,B,52,True,True,25.504639,93bbc878f4dcc8c3c97fa0359aeab3d9,10
python_exact,8,512,1,6,B,51,True,True,28.370998,7df5fc145254249ce64bc234e6be8217,4
python_exact,8,512,1,6,B,53,True,True,28.291885,00b1a4eed8792e7539048567baa685ab,8
python_exact,8,512,1,6,B,54,True,True,28.001102,b7b049a79319dd8c2e7d6d75edb93d52,2
python_exact,8,512,1,6,B,57,True,True,22.52448,30e43f61d756f483027f1f7c59d89c55,14
python_exact,8,512,1,6,B,55,True,True,27.661076,a41ec771c340cf71b97230abaf02b089,6
python_exact,8,512,1,6,B,58,True,True,23.623285,13c625c659c166a23225e75981ebc76e,12
python_exact,8,512,1,6,B,56,True,True,25.496513,446aac5c9cf8905cb0198d55b9747306,0
python_exact,8,512,1,6,B,59,True,True,26.150679,3918c95296129bfc80fdfa67f5a09c93,10
python_exact,8,512,1,6,B,62,True,True,25.12521,bb953d7bb7979959802828b5e793c302,2
python_exact,8,512,1,6,B,60,True,True,32.651714,9c5518b3c1119e3eed229ffe12178ca6,4
python_exact,8,512,1,6,B,61,True,True,29.081456,a21056755767bec2de8e53147123613c,8
python_exact,8,512,1,6,B,63,True,True,23.564347,8d32ffc24a1953650720fad201685af1,14
python_exact,8,512,1,6,B,65,True,True,21.880216,7edde25d7ecc8779d53a0d358744e04c,12
python_exact,8,512,1,6,B,64,True,True,25.869927,283c19997a1fc92f1038b4f70317fe04,6
python_exact,8,512,1,6,B,66,True,True,25.106263,0eeeb04dd99024fa84199ad89c440d83,0
python_exact,8,512,1,6,B,67,True,True,23.892413,884d9d878905fa1b384f7eee3761c28a,10
python_exact,8,512,1,6,B,69,True,True,23.735579,d8f25e6b850114808eeb00484c3de353,4
python_exact,8,512,1,6,B,68,True,True,29.191704,9520756314ea40d7b166f5b293cf329c,2
python_exact,8,512,1,6,B,71,True,True,23.387156,0c91276319a74e7185912d00ea39917f,14
python_exact,8,512,1,6,B,72,True,True,23.396398,caec9ae83efa6a76dc9098078bb5c70f,12
python_exact,8,512,1,6,B,70,True,True,30.377901,3bba328e984d5bc7872f5e55bc97f09b,8
python_exact,8,512,1,6,B,74,True,True,24.965739,fe3090098cab7aeb12d90aa7c18f9e9a,0
python_exact,8,512,1,6,B,73,True,True,28.019756,3a7f80be981e78e508113a748bbdc6bb,6
python_exact,8,512,1,6,B,75,True,True,29.922522,7aca5597d8ddbec75454779067135592,10
python_exact,8,512,1,6,B,77,True,True,23.567024,6e501b1069c6ded4d68af8189a1d3b9b,2
python_exact,8,512,1,6,B,78,True,True,24.566664,3db0efa39fe9ec3bf21071ed579779cd,14
python_exact,8,512,1,6,B,79,True,True,25.569284,df5d778d352fea724daf62f1f064150f,12
python_exact,8,512,1,6,B,76,True,True,35.174651,23815dd483905eaa1a8972a8e5ebc4e8,4
python_exact,8,512,1,6,B,80,True,True,29.225114,d25499e460d9592e27478a59ac8258c2,8
python_exact,8,512,1,6,B,81,True,True,25.870853,8186cdfd043ad852132cae902cde2af7,0
python_exact,8,512,1,6,B,82,True,True,25.257947,ed426243997ab6f43a61410a722036c9,6
python_exact,8,512,1,6,B,83,True,True,22.734529,cbb0acb8b688e623b90282ea69e77a2c,10
python_exact,8,512,1,6,B,84,True,True,22.44477,4b2a6545f9baa7085890ef0ccf85ffdb,2
python_exact,8,512,1,6,B,85,True,True,26.630873,52600f4cd71845ae8bec170a2c49eb25,14
python_exact,8,512,1,6,B,87,True,True,28.652872,a6f6f05df0b831286d7b9afad053984f,4
python_exact,8,512,1,6,B,86,True,True,30.751264,2e97c0a0fa49fcf5df1dde76f251dfc9,12
python_exact,8,512,1,6,B,89,True,True,29.958137,4e64f202bf76cdc2a54095fc7e5ace7f,0
python_exact,8,512,1,6,B,88,True,True,32.763119,e3d99d6858a8e4b6a2652237506ccf63,8
python_exact,8,512,1,6,B,91,True,True,30.63512,a5d2040ce251c1d327094828e3c2b33e,10
python_exact,8,512,1,6,B,90,True,True,35.353737,d46107e6891238464d915449fab4d8a2,6
python_exact,8,512,1,6,B,92,True,True,32.748023,eff494fde22e178aef9844a211d03e59,2
python_exact,8,512,1,6,B,94,True,True,23.598442,ad8d6bd2e4be362c136cfa5b44083d77,4
C_pruning,8,512,2,18,A,11,True,True,0.314725,a30bf41d30760dd4767078b75343eb18,4
C_pruning,8,512,2,18,A,12,True,True,0.710666,8de96039314fefc5932b666cc2d5eb23,4
C_pruning,8,512,2,18,A,13,True,True,0.259983,263d0396e89e098d43d7906b3f9fc741,4
C_pruning,8,512,2,18,A,14,True,True,0.243904,837adabc52b5e0a236f308eeee9b61ab,4
python_exact,8,512,1,6,B,93,True,True,29.999912,29adaf980843f8f4b3269a52e5b0bd68,14
C_pruning,8,512,2,18,A,16,True,True,0.335589,66c929c8e0006e45ababf84fc98376d7,14
C_pruning,8,512,2,18,A,15,True,True,0.542398,c7b17396de74b81db8b17bce4f7d2a17,4
C_pruning,8,512,2,18,A,18,True,True,0.09446,d33a0c4e942f69c61ccb991b8f7debd1,4
C_pruning,8,512,2,18,A,17,True,True,0.174496,989ea343b84c8f2b9720c2d3d2f6ca48,14
C_pruning,8,512,2,18,A,19,True,True,0.115073,96cbe23053fc45c9d59ea81ba20f2cec,4
C_pruning,8,512,2,18,A,21,True,True,0.104843,7d6a540332550c2cd6e7ee53df532752,4
C_pruning,8,512,2,18,A,22,True,True,1.140042,ce586827294fe2acafc3038500303a00,4
python_exact,8,512,1,6,B,95,True,True,26.742469,f99441b4f25c2ca53aa00fed7f370b38,12
C_pruning,8,512,2,18,A,23,True,True,0.167919,01b5705ec938e6d6154e6360d2e7c9b5,4
C_pruning,8,512,2,18,A,24,True,True,0.097351,0c908d0c6a9b5ffb13df554d356cc748,12
C_pruning,8,512,2,18,A,25,True,True,0.097504,110b30bf740bcad4bbb264d7ac325d79,4
C_pruning,8,512,2,18,A,20,True,True,1.747945,346671332179b3c5f517131507c4fb7c,14
C_pruning,8,512,2,18,A,28,True,True,0.612821,8369d84880585cb0d5a7bde5529e8f5a,14
C_pruning,8,512,2,18,A,27,True,True,0.69104,721b0de5218e476005f60f6e9b42bfc2,4
C_pruning,8,512,2,18,A,29,True,True,0.091569,4f5313333bbe6997450c191464d9f518,14
C_pruning,8,512,2,18,A,30,True,True,0.462969,56b058d27b39c1fb4d5ec7a762db0bb1,4
C_pruning,8,512,2,18,A,31,True,True,0.492387,f360ecbb5122b98decbd94c5d3d6bf7d,14
C_pruning,8,512,2,18,A,32,True,True,0.104276,086cdc37dc2569434f2bd7b611a93e12,4
C_pruning,8,512,2,18,A,34,True,True,0.09289,acbc9c3a109a2faba0a73b7d55a80eb1,4
C_pruning,8,512,2,18,A,26,True,True,1.466473,ffff4b2734595daf12170ed26edc5daa,12
C_pruning,8,512,2,18,A,36,True,True,0.109783,55afe17ac2cb55e226e4442cb894550e,12
C_pruning,8,512,2,18,A,35,True,True,0.25586,0cdf6121841fb93bfe812f6a4243070c,4
C_pruning,8,512,2,18,A,37,True,True,0.094746,43eb9c27f9227b7ade88df5f2ecb923a,12
C_pruning,8,512,2,18,A,38,True,True,0.105707,a4b77baeeb470d6ea5770e05ab91983d,4
C_pruning,8,512,2,18,A,39,True,True,0.103216,f1fa1de549899bfad765adac3016411a,12
C_pruning,8,512,2,18,A,41,True,True,0.167386,a9ce6d37bb6d90c3c8a56d5bbcc32a6f,12
C_pruning,8,512,2,18,A,40,True,True,0.258827,70aeb7c8a2dd4e6d71778865c80973f8,4
C_pruning,8,512,2,18,A,33,True,True,0.936847,5bdcd7b2444852fc4bec0149d4af3987,14
C_pruning,8,512,2,18,A,43,True,True,0.242875,1806b1304786a3049183209b0eec749a,4
C_pruning,8,512,2,18,A,44,True,True,0.092636,4fc44319b92036f3884de8b9f4f4f0b7,14
C_pruning,8,512,2,18,A,45,True,True,0.181006,ff187e9eb267fd4a34a24e1a259f0b44,4
C_pruning,8,512,2,18,A,42,True,True,0.546126,a9b7e871be337ba20179bb117c58b528,12
C_pruning,8,512,2,18,A,47,True,True,0.094585,3cf8e4fb5b424b79731d380e53a4295b,4
C_pruning,8,512,2,18,A,48,True,True,0.107107,aedba0c198376454d33a957ffce1c87c,12
C_pruning,8,512,2,18,A,49,True,True,0.100839,51d9f7a14ee61ea7997f5b3b3c5fc1b4,4
C_pruning,8,512,2,18,A,51,True,True,0.171355,e17771c135670600c87d30d827e58bc8,4
C_pruning,8,512,2,18,A,52,True,True,0.319652,35373dbddec41f2a76999bc7171c366a,4
C_pruning,8,512,2,18,A,46,True,True,0.930018,5f1a7d7b597eb2fea65597d2f38988fd,14
C_pruning,8,512,2,18,A,53,True,True,0.095393,72f6aaf1557074f3f3f7cedbde643a91,4
C_pruning,8,512,2,18,A,54,True,True,0.101816,67b9229b0eb01c83cc9b573c87bbea7d,14
C_pruning,8,512,2,18,A,50,True,True,0.838067,45a41e4fc5cd12d9203c54740d27e8c4,12
C_pruning,8,512,2,18,A,56,True,True,0.10117,19ebd372fd023cb41b458736d7872061,14
C_pruning,8,512,2,18,A,55,True,True,0.248808,1840f8dd5368feefe9b51828e7ae5ae8,4
C_pruning,8,512,2,18,A,58,True,True,0.167122,506746131fa43a0ac036a27ded9fe072,14
C_pruning,8,512,2,18,A,57,True,True,0.235042,2c0d91ee23304dded303a734065a5984,12
C_pruning,8,512,2,18,A,59,True,True,0.241142,3aeeb6aa18e497023569102490b18916,4
C_pruning,8,512,2,18,A,62,True,True,0.096164,8e5ad3351678ff1132a9da5c3ab241d1,4
C_pruning,8,512,2,18,A,61,True,True,0.245691,20028f6ab1d7dc19d0ed4162bece473c,12
C_pruning,8,512,2,18,A,63,True,True,0.107931,dfac9eb38efc245d5b69b8c6df5fca7a,4
C_pruning,8,512,2,18,A,65,True,True,0.102358,3dba1f27ac305a85fb956139f77b4205,4
C_pruning,8,512,2,18,A,60,True,True,0.547837,3c2133d902453edb4f151ee22212c3bf,14
C_pruning,8,512,2,18,A,64,True,True,0.469362,238a56122a2158fd580932c79acc5eb7,12
C_pruning,8,512,2,18,A,66,True,True,0.543399,cad269d0a4a7b1f071a4eeb73b8e5d11,4
C_pruning,8,512,2,18,A,69,True,True,0.241484,a3caa2a55705378d6bef7c5f83e0b932,4
C_pruning,8,512,2,18,A,67,True,True,0.751249,67e3b92d4f97ee91cd80a63b673a57e3,14
C_pruning,8,512,2,18,A,68,True,True,0.685495,131762e633f69bde45ea03f6938c994b,12
C_pruning,8,512,2,18,A,70,True,True,0.461295,a78ec45569f59db0b27d685638e22e46,4
C_pruning,8,512,2,18,A,72,True,True,0.329048,baa9306168c1607f8bcb3096a7771947,12
C_pruning,8,512,2,18,A,73,True,True,0.312562,3cb0f41f56551c932f2a07cd8b75183e,4
C_pruning,8,512,2,18,A,71,True,True,0.981535,cf77453471f65e37b2d56f143f2c8c4b,14
C_pruning,8,512,2,18,A,75,True,True,0.322306,1435952bc4efd3472b62cc11501b357b,4
C_pruning,8,512,2,18,A,74,True,True,0.723506,0ad222d312c00704f9b390bc521b8acd,12
C_pruning,8,512,2,18,A,77,True,True,0.168934,ce8d663fed864d629c233eeb72781b94,4
C_pruning,8,512,2,18,A,78,True,True,0.171096,e5cec1be397d9cf3c4bc08b0a48702b9,12
C_pruning,8,512,2,18,A,80,True,True,0.103956,1877dbfcb5ef646c1f8bd8d5e6fbec77,12
C_pruning,8,512,2,18,A,79,True,True,0.242788,8d5a815ab92c5ea6d38749e1ddc53bbc,4
C_pruning,8,512,2,18,A,82,True,True,0.389457,ceb3fd66c53b772b6c1853f5aa3af854,4
C_pruning,8,512,2,18,A,81,True,True,0.535992,7b5d1b6862691d98e16c5639dbfcd103,12
C_pruning,8,512,2,18,A,83,True,True,0.099188,ebc18509d5b82afb6ff27a2405b84cdc,4
C_pruning,8,512,2,18,A,84,True,True,0.321664,f5505360e83b63b34fe3b6f51d3ea9e3,12
C_pruning,8,512,2,18,A,76,True,True,1.587453,f5cfcc8a3b3b90d81572836f8cded11a,14
C_pruning,8,512,2,18,A,87,True,True,0.092511,be53132c3e54e853557c2bd35818464e,14
C_pruning,8,512,2,18,A,88,True,True,0.167529,c2549d3b3250b5a475d00980df629794,14
C_pruning,8,512,2,18,A,89,True,True,0.175737,5fef81738b5e5855507d7ffecf718b98,14
C_pruning,8,512,2,18,A,85,True,True,1.141899,5800a49c992849f0a09ba0d8c7d31183,4
python_exact,8,512,1,6,B,96,True,True,30.314556,fc470ba45e0a5326802c7a06998ed657,0
C_pruning,8,512,2,18,A,91,True,True,0.167659,662503401382369d0f893f1d53c6553e,4
C_pruning,8,512,2,18,A,90,True,True,0.397419,82e782e75aa1f7c9ab00ce6625d6fd02,14
C_pruning,8,512,2,18,A,92,True,True,0.399859,9aeae641400daa63d3a1ae5475f37c68,0
C_pruning,8,512,2,18,A,93,True,True,0.243696,ce61d32e8ebdd9a2e395673c64c25d0e,4
C_pruning,8,512,2,18,A,94,True,True,0.250415,82f073e5663f367f76cfe07c602cb690,14
C_pruning,8,512,2,18,A,95,True,True,0.111903,e0b1ca5d6a60d0721661995e91b51187,0
C_pruning,8,512,2,18,A,96,True,True,0.188075,81b414940cc66e725e5bc7eba98df9ac,4
C_pruning,8,512,2,18,A,98,True,True,0.166907,0b48c55a5bb1370f5b422532737f2ad0,0
C_pruning,8,512,2,18,A,97,True,True,0.24743,69d346414a89bf9e8bb4a915ba959a02,14
C_pruning,8,512,2,18,A,100,True,True,0.168406,98465b5c6d4e8298e4e5cbb54d9f21b4,0
python_pruning,8,512,2,18,A,11,True,True,0.232922,827e44fdc81aba2f0699e8f1b196fddf,14
python_pruning,8,512,2,18,A,13,True,True,0.204047,aa35135b91a9ce3e55d13e9fc46041db,14
C_pruning,8,512,2,18,A,86,True,True,2.438222,812d8f6778b1a59ca4df4f0ee7a881db,12
C_pruning,8,512,2,18,A,99,True,True,0.965434,de1a3198958abd318572609d4362e401,4
python_pruning,8,512,2,18,A,12,True,True,1.126833,152c129b8dc0b5b79e108e9a7b9dfc31,0
python_pruning,8,512,2,18,A,16,True,True,0.430656,45ea84597f31d1def6fadab44113fd36,4
python_pruning,8,512,2,18,A,14,True,True,0.950184,7c533e55cfa42ef96c87d818e7ca77f7,14
python_pruning,8,512,2,18,A,18,True,True,0.228565,7a6faa20944014991583d51c7e70498c,4
python_pruning,8,512,2,18,A,19,True,True,0.228518,e6f7821f5e360ff8df37dde22de99161,14
python_pruning,8,512,2,18,A,15,True,True,0.833319,d8039f6deece0ca19d1839618c840178,12
python_pruning,8,512,2,18,A,21,True,True,0.119076,09b9301d827a05570a0e4e48a6e30201,14
python_pruning,8,512,2,18,A,23,True,True,0.173688,12dadd21565c05e6d493d2957d9d3166,14
python_pruning,8,512,2,18,A,17,True,True,0.668959,f47cb75b614f7051b2ca0924c18dfbef,0
python_pruning,8,512,2,18,A,24,True,True,0.151538,503e6d721ada6e9ce82e4f854fd23169,14
python_pruning,8,512,2,18,A,22,True,True,0.424322,a556b81c0b0264d934071d9a01f86820,12
python_pruning,8,512,2,18,A,26,True,True,0.678607,6cabbecd7bb03ee8cb93be54cfd47508,14
python_pruning,8,512,2,18,A,20,True,True,1.693554,a694c827db1facdb9c2db14f33ea9e47,4
python_pruning,8,512,2,18,A,27,True,True,1.131462,b650c3a603784a4ca7bb16c47dfef510,12
python_pruning,8,512,2,18,A,28,True,True,0.561433,1928ee710bbd3ae8cdd75552a63ad4be,14
python_pruning,8,512,2,18,A,29,True,True,0.23011,7fd9682efc3ffb4aa46cbda3b524f5e7,4
python_pruning,8,512,2,18,A,25,True,True,1.59098,6054790c9cfa1a166c9a0c1327cf3e25,0
python_pruning,8,512,2,18,A,30,True,True,0.34458,148aaf8fb95d7b1e2700df23e025cbd3,12
python_pruning,8,512,2,18,A,32,True,True,0.274446,cd83c14700f7c25e1ab52ba5cf1e4f70,4
python_pruning,8,512,2,18,A,34,True,True,0.739804,2797cc14b7a3a2e9e3d03a3ee4a3e930,12
python_pruning,8,512,2,18,A,33,True,True,0.867727,e39a04d766ef9afb7a3b45ca2d48516a,0
python_pruning,8,512,2,18,A,35,True,True,0.756913,5269a187c9f2280f05cc57947b7b0d22,4
python_pruning,8,512,2,18,A,37,True,True,0.174647,03988402cb23aa291500ffea6a7ad7c6,0
python_pruning,8,512,2,18,A,38,True,True,0.284902,19510a33b4ed39d807259c2731978d11,4
python_pruning,8,512,2,18,A,39,True,True,0.245072,0473c9e567a3b9a413557006ed77ea7e,0
python_pruning,8,512,2,18,A,41,True,True,0.157515,0390000aeca1d22ef6af9af7a4aed6e1,0
python_pruning,8,512,2,18,A,31,True,True,1.86436,cbcd46f40a448b34129bdd1471950c82,14
python_pruning,8,512,2,18,A,40,True,True,0.490881,2e7b742efd8a47826242cc61b38269ac,4
python_pruning,8,512,2,18,A,42,True,True,0.372309,e4e04f73050b6cef5c30515ed66c5c75,0
python_pruning,8,512,2,18,A,36,True,True,1.062077,92653a352b78eed3eedb17df175fb9da,12
python_pruning,8,512,2,18,A,43,True,True,0.518568,01f1ac7d9e9675f466790b146ea9a5c9,14
python_pruning,8,512,2,18,A,44,True,True,0.651179,c7121750c3f81e04f7bd190b6dc4ba17,4
python_pruning,8,512,2,18,A,47,True,True,0.19688,ccc57f87824df301d1a2a2f4a4875f76,14
python_pruning,8,512,2,18,A,46,True,True,0.706392,1d54891f5c71a196697a9c80175042f9,12
python_pruning,8,512,2,18,A,49,True,True,0.235733,e2b2d752d5eb51885b53837c95c08abc,14
python_pruning,8,512,2,18,A,45,True,True,0.844278,367dda0a3ebff76f81e54a7401ececdc,0
python_pruning,8,512,2,18,A,51,True,True,0.206809,7e65f57d02ae5cd88887d0f2cffe1f68,14
python_exact,8,512,1,6,B,98,True,True,31.714996,495dcc5b221cc47b6cb1eb85eac8614d,10
python_pruning,8,512,2,18,A,50,True,True,0.448999,7a762bccaba2c67cf6a32e889d7fc66e,12
python_pruning,8,512,2,18,A,54,True,True,0.227322,228be9f3eb8333aaf55eef759e78bff4,10
python_pruning,8,512,2,18,A,55,True,True,0.175363,bf293e56b9072b5b32f7bd9563841758,12
python_pruning,8,512,2,18,A,52,True,True,0.567332,d4f745071e08698fa24c23cf8ff557e2,0
python_exact,8,512,1,6,B,99,True,True,31.343151,ffeec235076d4be675ada3c0b0ffd115,6
python_pruning,8,512,2,18,A,57,True,True,0.168742,ccc0185fa69cc928513cc47a93998723,12
python_pruning,8,512,2,18,A,48,True,True,1.090371,21330702fe5fce7d5ca9cf4dce987a16,4
python_pruning,8,512,2,18,A,59,True,True,0.190039,3906c36d4689794b6e5369007b3a63a9,6
python_pruning,8,512,2,18,A,58,True,True,0.450277,e7120c2dd8db1532e93ff00a5f7630d1,0
python_pruning,8,512,2,18,A,62,True,True,0.485619,13f49923b2cc7bb007f1aa2ca0b3c83b,6
python_pruning,8,512,2,18,A,63,True,True,0.290158,3c8515979d3926bd272c67e2024f3d91,0
python_pruning,8,512,2,18,A,60,True,True,0.738558,13dd1adfad0744aab64a28c55446be85,12
python_pruning,8,512,2,18,A,56,True,True,1.03222,3bbd1b45521929760338980e23a9d58d,10
python_pruning,8,512,2,18,A,64,True,True,0.368249,a5d218002acbaabdf5629573fe1e7db0,6
python_pruning,8,512,2,18,A,65,True,True,0.350521,081130b5eed424df65a85e7a33862b46,0
python_pruning,8,512,2,18,A,66,True,True,0.251525,5ba83ec4daf6aaeb79165869d38e7683,12
python_pruning,8,512,2,18,A,67,True,True,0.151824,2014e28c2df78891472f603d399caa79,10
python_pruning,8,512,2,18,A,53,True,True,1.62131,1d5dc55f18e5df9e547a36aa240e0f92,14
python_pruning,8,512,2,18,A,71,True,True,0.129341,94e02f1657b9abb9fd5e2a62f076792d,10
python_pruning,8,512,2,18,A,61,True,True,1.040474,28b06dd41bc76da8d6ba3346eff68841,4
python_pruning,8,512,2,18,A,73,True,True,0.132796,0e8e5699901a737446495a9e0c2104e6,10
python_pruning,8,512,2,18,A,69,True,True,0.281665,64f204ad2e7e3779eed3ed4e131bf463,0
python_pruning,8,512,2,18,A,68,True,True,0.520426,1b7e96ac9fce9f336e52b2006415bd79,6
python_pruning,8,512,2,18,A,70,True,True,0.552573,8329416fb4580cb1c9b04caf29cc7817,12
python_pruning,8,512,2,18,A,75,True,True,0.377333,d0f16d95d900db85b3faa11a2274bdf1,10
python_pruning,8,512,2,18,A,72,True,True,0.684348,7aa76bbd3febbf108b0ecab832251d7e,14
python_pruning,8,512,2,18,A,78,True,True,0.266874,821c62cc3a25663988a34d76162595a4,12
python_pruning,8,512,2,18,A,76,True,True,0.601749,9045c528c4cc5e7fad319a54cda012e8,0
python_pruning,8,512,2,18,A,81,True,True,0.125383,0f1f7f000379254895d570ce61c7e847,12
python_pruning,8,512,2,18,A,79,True,True,0.350606,657072c09ceeaa97299db4996b881feb,10
python_pruning,8,512,2,18,A,74,True,True,1.241256,edb9de422c2ef6248b7f44c844efde77,4
python_pruning,8,512,2,18,A,85,True,True,0.197994,ed67c82ebc541ad0251f337292fbaad8,4
python_pruning,8,512,2,18,A,83,True,True,0.692089,79d3a15818f88b801dd8187c56c951f0,12
python_pruning,8,512,2,18,A,80,True,True,0.942803,c1a8261060c54f1f38306cc10904cfdf,14
python_pruning,8,512,2,18,A,87,True,True,0.136708,585f43f1ca69105a335811e769f64005,12
python_pruning,8,512,2,18,A,82,True,True,0.969972,a863a7cabccd28eec5470b0f76044259,0
python_pruning,8,512,2,18,A,77,True,True,1.436346,68ef0f715a4b22ea2b77fc035b017e83,6
python_pruning,8,512,2,18,A,88,True,True,0.254668,65b3e790ea155861c1cdaf44a305bcc0,14
python_pruning,8,512,2,18,A,90,True,True,0.156285,80c3934774c97f3bc4c708ec98ac736e,0
python_pruning,8,512,2,18,A,91,True,True,0.179906,155b57a684e68429f68a1545fd8627db,6
python_pruning,8,512,2,18,A,92,True,True,0.350746,d6f3618dc6dc7e8b03d4a1a6b6b4dad2,14
python_pruning,8,512,2,18,A,86,True,True,0.81224,81463996ee76ccbf64599b9cd7793893,4
python_pruning,8,512,2,18,A,84,True,True,1.454862,ac85d46ed0620489010b4299292f3cab,10
python_pruning,8,512,2,18,A,93,True,True,0.450242,4636945a22fe0bd49b93673bed6afbd6,0
python_pruning,8,512,2,18,A,95,True,True,0.153302,1aa5ac252d09e48ab7006474640bf9a2,14
python_pruning,8,512,2,18,A,99,True,True,0.12693,713204d30be844ecbdc5bc4288b32394,14
python_pruning,8,512,2,18,A,98,True,True,0.283323,31d733d4a2b4c40041b71b8b338cd6e2,0
python_pruning,8,512,2,18,A,100,True,True,0.121682,222989d766d29b02722ee483711d82cd,14
C_exact,8,512,2,18,A,11,True,True,0.024497,fa5d380137ac93f4fa0ee1ea907d404c,0
C_exact,8,512,2,18,A,12,True,True,0.02139,187a128354ab87f28d4d297d8bb280ea,14
C_exact,8,512,2,18,A,14,True,True,0.021145,53e2a5d3edcf966bea1bd2c7e2ba6235,14
python_pruning,8,512,2,18,A,97,True,True,0.372711,9f6b23b2143e084fcf82cf099fa0de32,10
C_exact,8,512,2,18,A,13,True,True,0.031482,791ac3f7d170af4c5aec5500d356ff48,0
C_exact,8,512,2,18,A,17,True,True,0.021606,225f04640f08ad746352663b00657b94,0
C_exact,8,512,2,18,A,15,True,True,0.029777,ca6bf9b6bda7c2f344a55689a8f36f4d,14
C_exact,8,512,2,18,A,16,True,True,0.025367,0486071eb1cbf46a8ea3640719e64856,10
C_exact,8,512,2,18,A,19,True,True,0.021042,78cb7611a5468f2a42b9d48cc971d0e3,14
python_exact,8,512,1,6,B,97,True,True,40.404483,d1fa727258b375187acde6ad75031e1f,8
C_exact,8,512,2,18,A,18,True,True,0.023711,63ccd4f8abca40401132622740a9b6d8,0
C_exact,8,512,2,18,A,20,True,True,0.030727,6a6c5f45f3a2df27b44429191bf9cad4,10
C_exact,8,512,2,18,A,21,True,True,0.023754,2196e898366de2da15eaea570668097c,14
C_exact,8,512,2,18,A,23,True,True,0.021281,a40ffc163f4ad1f1debe1055ce80d055,0
C_exact,8,512,2,18,A,22,True,True,0.021274,afe095161458f739b02876cbf3f2f08a,8
C_exact,8,512,2,18,A,24,True,True,0.030616,f6908a98ebbf9c2201cded36e47b6168,10
C_exact,8,512,2,18,A,26,True,True,0.022567,0345a464935329effe1f0a57497bd70b,0
C_exact,8,512,2,18,A,28,True,True,0.022582,f604c0bc6b4f69c8162da5342d68aa27,10
C_exact,8,512,2,18,A,27,True,True,0.031863,cc553a734704787c5f0396b89eb48d51,8
C_exact,8,512,2,18,A,25,True,True,0.035729,0b74d990f8f0ad2e381f5b2042c3786f,14
C_exact,8,512,2,18,A,29,True,True,0.022167,29d426b52d5062c606692b9fbc6bb801,0
C_exact,8,512,2,18,A,31,True,True,0.035754,4fa92c130ba74c9a2e75f7166d197e85,8
C_exact,8,512,2,18,A,32,True,True,0.032663,5b0040743172ae3f2bd9d977b7cdd714,14
C_exact,8,512,2,18,A,30,True,True,0.041333,3028cbc5e24532dc1299ef099f554527,10
C_exact,8,512,2,18,A,33,True,True,0.028288,2a41d1c801d34bd2d5d50240dcc714a2,0
C_exact,8,512,2,18,A,34,True,True,0.029219,8cbb892d21fc3b7b8a15368e6bdcb25e,8
C_exact,8,512,2,18,A,35,True,True,0.023211,9847fbf0f78ae80b3e36522e7205e125,14
C_exact,8,512,2,18,A,36,True,True,0.021709,6930e000f6e20531a23eb63c54140548,10
C_exact,8,512,2,18,A,37,True,True,0.022553,2596c755e85b247d4c70f09e5e180c64,0
C_exact,8,512,2,18,A,39,True,True,0.023099,f8303d1792cf9b9233da16a37efd25f3,14
C_exact,8,512,2,18,A,40,True,True,0.044256,9ce0d39f314fd9c3a3c739108e6058d1,10
C_exact,8,512,2,18,A,38,True,True,0.044729,a11fb8104c6f72e980574e5695c93a09,8
C_exact,8,512,2,18,A,41,True,True,0.03594,e11f822285cbced744d60526fc917568,0
C_exact,8,512,2,18,A,42,True,True,0.022286,67b69459686defde65af83146081ca9a,14
C_exact,8,512,2,18,A,46,True,True,0.026537,ee68580f6f4a6b67ee5264705bf3a187,14
C_exact,8,512,2,18,A,43,True,True,0.043283,331c24a088e92bd4df72198d3567aa97,10
C_exact,8,512,2,18,A,44,True,True,0.039713,6af8fb8e4ece338128e334ac1be9644c,8
C_exact,8,512,2,18,A,45,True,True,0.040286,1e7b2544bf3a6b25121e4944135d7147,0
python_exact,8,512,1,6,B,100,True,True,28.660648,1e538ba0f539064ef6deeed447a5eed5,2
C_exact,8,512,2,18,A,47,True,True,0.030519,037b8a9aa93425554d9c6ea90fe7a72d,14
C_exact,8,512,2,18,A,49,True,True,0.042073,c289ee7bc3f904970ddb6e272aeaa217,8
C_exact,8,512,2,18,A,48,True,True,0.043326,5c8b2a5ceafe2a5594a635f0e8708ba2,10
C_exact,8,512,2,18,A,50,True,True,0.035931,e6c85c75f7665688018bb8819b07c914,0
C_exact,8,512,2,18,A,51,True,True,0.024015,7df198136c558d5fca86e9a6233a264d,2
C_exact,8,512,2,18,A,52,True,True,0.062584,ce734da357e836ca87033840e104eaec,14
C_exact,8,512,2,18,A,55,True,True,0.053634,93d97ed92938beedcb4072b33bf4a322,0
C_exact,8,512,2,18,A,54,True,True,0.066904,590cfed25c93b430b446e8efd8ce79e3,10
C_exact,8,512,2,18,A,56,True,True,0.039173,3596e6080f0f46b1eecf156d2c7c9246,2
C_exact,8,512,2,18,A,53,True,True,0.067018,2b3920d068fb1f962b55c9352570938c,8
C_exact,8,512,2,18,A,57,True,True,0.036234,14d517cc1745b3589f52eac688a044d7,14
C_exact,8,512,2,18,A,58,True,True,0.032918,45a238baa880ff0e2f22512f82ec7326,0
C_exact,8,512,2,18,A,61,True,True,0.028945,b415266fb61f8d0731d6e5927a496a2f,8
C_exact,8,512,2,18,A,60,True,True,0.03375,f2911dcf4f8f8f2f1c3ede596eef5f28,2
C_exact,8,512,2,18,A,59,True,True,0.036671,362adc944f00baabaa4e9642bf0a97d3,10
C_exact,8,512,2,18,A,65,True,True,0.039019,be4e180e78a7f9943077f46e24b80865,2
C_exact,8,512,2,18,A,64,True,True,0.047665,634ed3afed799fa8ae10022cd63ca386,8
python_pruning,8,512,2,18,A,96,True,True,1.038736,cb663105ea048caee60ffa98ca69c57e,4
C_exact,8,512,2,18,A,62,True,True,0.050661,47b80a2e342525a2e0ce053dafaf906e,14
C_exact,8,512,2,18,A,63,True,True,0.042722,9fe4685739ccb8d8a2e700e34ed515d2,0
C_exact,8,512,2,18,A,66,True,True,0.03983,baeac355fc1f8398003492f77631aab0,10
C_exact,8,512,2,18,A,70,True,True,0.047079,9df1861625d1893df4ac3468462115dc,14
C_exact,8,512,2,18,A,72,True,True,0.054843,573c583eb4a6cdecd5b519f0908a73ec,10
C_exact,8,512,2,18,A,69,True,True,0.057742,e64cc409066747e324a62c1ac1f88ef5,4
C_exact,8,512,2,18,A,68,True,True,0.065471,8367cb9cf1a18ad01f62c058c60c53a3,8
C_exact,8,512,2,18,A,67,True,True,0.066246,15823694dafdfe1207aaae8d3b526763,2
C_exact,8,512,2,18,A,71,True,True,0.062306,09ac01119d0431d75b90b3aa087aa231,0
C_exact,8,512,2,18,A,75,True,True,0.059304,9df6f508d0a1b3eabd9d4880d3c965a4,4
C_exact,8,512,2,18,A,73,True,True,0.080578,b3ce0dcccf37c17ed938eeaab301a980,14
C_exact,8,512,2,18,A,77,True,True,0.068746,a836157ae9f4db7509769ffcfa5db625,2
C_exact,8,512,2,18,A,78,True,True,0.071289,16a2ecf2937b8667aea429b30324a654,0
C_exact,8,512,2,18,A,76,True,True,0.069676,e9a354f18b98a630754f4123450e1ae8,8
C_exact,8,512,2,18,A,74,True,True,0.072239,e0dcd3a9f5da2922a99a39d9d9861510,10
C_exact,8,512,2,18,A,80,True,True,0.033336,d3df0ab2ee825fb1555ad4aa5c4c7d72,14
C_exact,8,512,2,18,A,79,True,True,0.049204,db8c2974ef10ff54085c72219ffbb430,4
C_exact,8,512,2,18,A,81,True,True,0.042727,9571cf2c19dc36f4bec95a4e092b4ec8,2
C_exact,8,512,2,18,A,84,True,True,0.045232,20d9bb97f1bcc8db16d7090bc759c534,10
C_exact,8,512,2,18,A,82,True,True,0.054543,24b7acb3fa0ed3c4a62b9f6bd5db0de8,0
C_exact,8,512,2,18,A,83,True,True,0.044436,cdfd2ae0132943bd88c0824058f49f08,8
C_exact,8,512,2,18,A,86,True,True,0.026229,b4ef32b68012e48f2b84cf1ead971c95,4
C_exact,8,512,2,18,A,85,True,True,0.03245,05672500c13887843a04d18b63d1e4cf,14
C_exact,8,512,2,18,A,87,True,True,0.024287,8626c22243bda910866f732523110943,2
C_exact,8,512,2,18,A,88,True,True,0.025382,8ce24ab893f38f6a7db8f82359642ef7,10
C_exact,8,512,2,18,A,90,True,True,0.040496,bec9885ae4f3291d094041c702f17aee,8
C_exact,8,512,2,18,A,92,True,True,0.023511,46b5b88d81892c80cd90cb19ed6d7b58,14
C_exact,8,512,2,18,A,89,True,True,0.061396,3ca987a85da5ef46434322839f837b50,0
C_exact,8,512,2,18,A,91,True,True,0.032447,f63a88159bbc8222b5b4ea650032cd67,4
C_exact,8,512,2,18,A,93,True,True,0.025975,79c8228208d50d4a309d2552785ebc31,2
C_exact,8,512,2,18,A,94,True,True,0.026463,3a3832b7b2d949ccdad65f9778fcef8b,10
C_exact,8,512,2,18,A,97,True,True,0.055158,7aa384ce185d1999e2739bff1d60e9f6,14
C_exact,8,512,2,18,A,98,True,True,0.054757,d425ec93832653b6d90a84e27fb1665f,4
C_exact,8,512,2,18,A,95,True,True,0.0632,b7d1776a0028cb9688788c48b5c3b814,8
C_exact,8,512,2,18,A,96,True,True,0.05787,51c9d3820f87acae3086edeef3455a0e,0
C_exact,8,512,2,18,A,99,True,True,0.045609,00288955514b82ba5750da3f66974332,2
C_exact,8,512,2,18,A,100,True,True,0.055614,1e6c9583d727ad8b0ad81dfe09e6fc2f,10
python_exact,8,512,2,18,A,14,True,True,0.037223,ffe8d68ffd7eb9fd91b23146081f70fd,0
python_exact,8,512,2,18,A,11,True,True,0.049365,62c0b46a20eb0eb5aed25da74923c72a,14
python_exact,8,512,2,18,A,13,True,True,0.057534,60504436ab673b42fe03f04d9a498455,8
python_exact,8,512,2,18,A,12,True,True,0.073221,9bfcddb6fb7b8abfae74ebf5a25cf964,4
python_exact,8,512,2,18,A,15,True,True,0.063651,5b2fe1416d2c410ef415fefa8bb2d070,2
python_exact,8,512,2,18,A,16,True,True,0.053191,46df53e36165eb70125663ce49025bb0,10
python_exact,8,512,2,18,A,17,True,True,0.056077,74798e9f1cd686abe55d7fe75897d5b4,0
python_exact,8,512,2,18,A,18,True,True,0.063823,f8be6db5b7a7ccbc7efb3ba507be759a,14
python_exact,8,512,2,18,A,21,True,True,0.051082,4428db00e80e76a6724c1b98cf9f1775,2
python_exact,8,512,2,18,A,20,True,True,0.048549,9a80caab073ced2e9eda780e8716b26e,4
python_exact,8,512,2,18,A,22,True,True,0.056681,58c579a013df363bf4c408d3e75f0556,10
python_exact,8,512,2,18,A,19,True,True,0.093757,b1d9f82d22fe291dd302eb7339ed38bc,8
python_exact,8,512,2,18,A,23,True,True,0.052322,7b1fea97b49c3c27658cf7d975b2efb5,0
python_exact,8,512,2,18,A,27,True,True,0.058275,5426b1fa9e7edb4df0daa8cf0b7ec2ef,10
python_exact,8,512,2,18,A,29,True,True,0.049161,07ae0611b856833993a2f711225cbbbc,0
python_exact,8,512,2,18,A,26,True,True,0.07633,b2a63c87fb6b19cee3ede320db981b2b,4
python_exact,8,512,2,18,A,28,True,True,0.061375,08b8a1ce9801960041842853bec958f2,8
python_exact,8,512,2,18,A,25,True,True,0.095142,8d0f10c0dbcac45b4662e89d83ecd60d,2
python_exact,8,512,2,18,A,24,True,True,0.108393,34533f3ac0a8fec4cfddcc7f9fb729f9,14
python_exact,8,512,2,18,A,30,True,True,0.052644,af5d544cf03a938f7582c3f76f6c5792,10
python_exact,8,512,2,18,A,33,True,True,0.045281,292d4f3e08fbcb3049be00410ccf94c9,8
python_exact,8,512,2,18,A,34,True,True,0.047666,aaf8904832714ff96d0071f959344d30,2
python_exact,8,512,2,18,A,35,True,True,0.046304,25972daf5b5797ea5bfbd7bf3de3cc7f,14
python_exact,8,512,2,18,A,32,True,True,0.077672,1c9315d91a16e5ca917049a1fa274034,4
python_exact,8,512,2,18,A,31,True,True,0.106304,95ed64e3053dc475d7a6001917fe8e29,0
python_exact,8,512,2,18,A,39,True,True,0.050695,270ecde367af39be029481fe929b9f7d,14
python_exact,8,512,2,18,A,36,True,True,0.072572,9bf06cf7b374cea0326240b4d7d19523,10
python_exact,8,512,2,18,A,38,True,True,0.063781,60a8e85f0ad22da5abb43bad45fe77b4,2
python_exact,8,512,2,18,A,40,True,True,0.044713,b4ebead11cc92575464f45449c1524dc,4
python_exact,8,512,2,18,A,41,True,True,0.037308,eb041f874e0b52eb4b1310a9037effe3,0
python_exact,8,512,2,18,A,42,True,True,0.034426,597d8358d96d1c9c653741abf856ea18,14
python_exact,8,512,2,18,A,43,True,True,0.040279,7ad01611140a487eab81b7833ea13b04,10
python_exact,8,512,2,18,A,37,True,True,0.102963,7ac3f796496edd67ef4a26ac7709145b,8
python_exact,8,512,2,18,A,45,True,True,0.049842,0ca7f4dc6abeca459a64abc9c1c72ca7,4
python_exact,8,512,2,18,A,44,True,True,0.051399,1b6f8a581e3e427e082ec48449cfa919,2
python_exact,8,512,2,18,A,48,True,True,0.0346,bdcb906a00b9d8135b53f6556bee25f7,10
python_exact,8,512,2,18,A,47,True,True,0.042271,a4e1487105f85138998d6918e6cdce0e,14
python_exact,8,512,2,18,A,46,True,True,0.0577,9a9c00f0a1005e3d630038b27896b731,0
python_exact,8,512,2,18,A,51,True,True,0.048974,9174b1e47c00de757ffe73fa677c9a09,2
python_exact,8,512,2,18,A,53,True,True,0.034338,50cc5d091e3252b552ec40fc48b27311,14
python_exact,8,512,2,18,A,52,True,True,0.043117,c3819212ef5ed05c280af41747742971,10
python_exact,8,512,2,18,A,54,True,True,0.039076,302a856d7932ad3c93ef5da19e1c5bbb,0
python_exact,8,512,2,18,A,50,True,True,0.052323,362b72d8000e82fe9d8426539050a6a9,4
python_exact,8,512,2,18,A,49,True,True,0.086708,a3c5c488b90144ccc0ff3b7830fba7b9,8
python_exact,8,512,2,18,A,55,True,True,0.037918,cdfb9d70b20d84730f92b3a71f1d8ce1,2
python_exact,8,512,2,18,A,56,True,True,0.040357,f1624c6e167f096af36c5654ee0698c3,14
python_exact,8,512,2,18,A,57,True,True,0.035927,bab07bf8d891ab911f689bf843d6bc8d,10
python_exact,8,512,2,18,A,58,True,True,0.0366,893a8bb9a56da7a3847506e5aa9f1b44,0
python_exact,8,512,2,18,A,61,True,True,0.034338,a53eada16f6ca220401bfa52835efbb1,2
python_exact,8,512,2,18,A,60,True,True,0.06244,b92833f3355b03480a3661ab69df1d54,8
python_exact,8,512,2,18,A,59,True,True,0.068774,5a639d656ba18e188b5580dd01044846,4
python_exact,8,512,2,18,A,63,True,True,0.047284,36fe716fa83488de8d37aac581888eff,10
python_exact,8,512,2,18,A,64,True,True,0.046609,dad0d32b12f90df91a60352d82bfd3ab,0
python_exact,8,512,2,18,A,62,True,True,0.058726,d5c4dc1145900fedbc4da0c7aa7e883b,14
python_exact,8,512,2,18,A,68,True,True,0.031797,e07898f445e5b3c4e5fd2e74d251a5e1,10
python_exact,8,512,2,18,A,69,True,True,0.032027,5592e75f792ca8f2b69e1f27012265ac,0
python_exact,8,512,2,18,A,67,True,True,0.048425,dbf78057dc876d47984c066be2ae66f6,4
python_exact,8,512,2,18,A,66,True,True,0.058138,cbcb3924a15f4e2c87d4b242cd67d2ac,8
python_exact,8,512,2,18,A,65,True,True,0.081811,0db28415f06ff3a5375a440aae3b3f49,2
python_exact,8,512,2,18,A,70,True,True,0.053,0779958580733818b30aae06ea0a485b,14
python_pruning,8,512,2,18,A,94,True,True,2.287687,56fa3f5f654929eb2fd49b1808bf036c,6
python_exact,8,512,2,18,A,72,True,True,0.032535,f99cb5ac9574d1db7eabb5f799b7839c,0
python_exact,8,512,2,18,A,71,True,True,0.048205,559fc62b91f43efabedb5681eee4c46a,10
python_exact,8,512,2,18,A,75,True,True,0.033216,49b15573adb45f121127cc48cedd2294,2
python_exact,8,512,2,18,A,76,True,True,0.049481,57efc619703b0a2a6f1ad3533ec77c48,14
python_exact,8,512,2,18,A,74,True,True,0.063939,c160f4794c8a92d0ffb5ccb9034717a2,8
python_exact,8,512,2,18,A,77,True,True,0.063382,c9d68d84b3557fc10c95d9769f829ee3,6
python_exact,8,512,2,18,A,80,True,True,0.038098,ed135e942c547a7db0d2349e5005a327,2
python_exact,8,512,2,18,A,73,True,True,0.099119,f6c925a60fd34e05fdc99523f0417395,4
python_exact,8,512,2,18,A,78,True,True,0.07119,ef476be15c8d91b69d44c5e228730be7,0
python_exact,8,512,2,18,A,81,True,True,0.032815,4f89cef356eed240db01631f96772be4,14
python_exact,8,512,2,18,A,83,True,True,0.038078,cffb176350586e889bef4160bb1e36cb,6
python_exact,8,512,2,18,A,82,True,True,0.043092,354548fb969920f3f94a8a4e5f354ad9,8
python_exact,8,512,2,18,A,84,True,True,0.031241,38ff84226eafd1bd2a0172c455a39b03,2
python_exact,8,512,2,18,A,79,True,True,0.079368,f9155450caf0d20f4119770a17a624cb,10
python_exact,8,512,2,18,A,86,True,True,0.033963,4860d1164f7c70190c11a1b800da1bdd,0
python_exact,8,512,2,18,A,87,True,True,0.046398,c5ce81f3ac21de394f9278e24167d6fc,14
python_exact,8,512,2,18,A,89,True,True,0.033597,a3d6d18482e6ad396ef8ba35f4ea93e2,8
python_exact,8,512,2,18,A,85,True,True,0.059308,a2cacc15824bf4432b3c7e742669e038,4
python_exact,8,512,2,18,A,90,True,True,0.046114,cc35c08e00355c1ae29dcfc279662569,2
python_exact,8,512,2,18,A,92,True,True,0.034737,04fe52896bac0685db26b8a180152b66,0
python_exact,8,512,2,18,A,88,True,True,0.054462,2405638c4374223386144dfb05c25367,6
python_exact,8,512,2,18,A,91,True,True,0.047443,66c61bb2c660c706fcfa0855ad75efcc,10
python_exact,8,512,2,18,A,93,True,True,0.046061,5bba03ffb8eb79d98d0a708b6178bbb3,14
python_exact,8,512,2,18,A,96,True,True,0.031712,1e7e1d40f34bcebbfa050a653751f65f,2
python_exact,8,512,2,18,A,95,True,True,0.051298,fe30f26b701fa107e6fbff7fb870f062,4
python_exact,8,512,2,18,A,98,True,True,0.037038,ac86bf42d3fbe03097058838861f12ad,6
python_exact,8,512,2,18,A,97,True,True,0.041357,75549c0fe3245e3fc067c29866dad1c4,0
python_exact,8,512,2,18,A,94,True,True,0.06909,d12f9eff2d367a96837515e6b00413ab,8
python_exact,8,512,2,18,A,99,True,True,0.06053,e2991c199cfc72896010fb98314189de,10
python_exact,8,512,2,18,A,100,True,True,0.045639,445512c64c5d1b4425f4fb6c7f0d2f18,14
python_pruning,8,512,2,18,A,89,True,True,2.942356,5b80c1d3231caff22513a1e70b3d1516,12
C_pruning,8,512,2,18,T,18,True,True,0.153305,3dfcb61b3a866eaefdf3c6a31656798c,12
C_pruning,8,512,2,18,T,13,True,True,0.315465,3daf9ac383b3eaa83f317954e44534d7,6
C_pruning,8,512,2,18,T,14,True,True,0.334817,8e9edda370dedb225291680b539c29dc,0
C_pruning,8,512,2,18,T,11,True,True,0.394889,ec3fb594eb718154139ff21b14f1def0,2
C_pruning,8,512,2,18,T,17,True,True,0.48324,0f79f9293d767e5173d77eb1d3482b68,14
C_pruning,8,512,2,18,T,20,True,True,0.225909,bd8f595ca5e6d2ae084cfb6d03b5e498,6
C_pruning,8,512,2,18,T,15,True,True,0.607365,0377a9ccf34f6e4ee301bb0ac5280e2d,8
C_pruning,8,512,2,18,T,21,True,True,0.382421,1ba2200de3c997b8f438a6da197ef60e,0
C_pruning,8,512,2,18,T,16,True,True,0.723243,2210941db0b51e78ce30f34c446f2742,10
C_pruning,8,512,2,18,T,22,True,True,0.439103,c903a1664ede5c5ce2e70984ff2915b4,2
C_pruning,8,512,2,18,T,26,True,True,0.234396,8bdfbc3574fe01622fecf52f4dc770ed,0
C_pruning,8,512,2,18,T,25,True,True,0.561427,b56af1975861f60ec2e72fcf1d090f3c,8
C_pruning,8,512,2,18,T,27,True,True,0.952387,806392a2d880756563110596709ac348,10
C_pruning,8,512,2,18,T,24,True,True,1.528338,8dcac612d8d6db0e1c376e0b37cd6364,6
C_pruning,8,512,2,18,T,19,True,True,1.864024,e1eccb7e2cd73c25eeb3001d6ef52423,12
C_pruning,8,512,2,18,T,28,True,True,1.324395,7557d4dd96d293d1969ade6a2438a2cd,2
C_pruning,8,512,2,18,T,29,True,True,1.288424,d160a986b11a71a7f726bff5ad6290c7,0
C_pruning,8,512,2,18,T,32,True,True,0.236275,6c7a157546367c151d466d465094d7e0,6
C_pruning,8,512,2,18,T,34,True,True,0.299401,376174aeac08c8a8681f350e54e24587,2
C_pruning,8,512,2,18,T,23,True,True,2.098861,919f70e28bcc3a0e26e68e2c8eeacd6a,14
C_pruning,8,512,2,18,T,30,True,True,1.473893,65208f4e33d1f9472ebb1a6028f7bde4,8
C_pruning,8,512,2,18,T,33,True,True,0.628129,3e31e66b64b71a9e36ed3fce21ccfac1,12
C_pruning,8,512,2,18,T,38,True,True,0.377477,28b72bd8bda33a96e68852bff67a43c0,14
C_pruning,8,512,2,18,T,12,True,True,3.043014,7daee7c5caa1941b5b4f58a4a7100d16,4
C_pruning,8,512,2,18,T,40,True,True,0.336646,62b48e4b51be12bc137ef0abd192af2b,12
C_pruning,8,512,2,18,T,42,True,True,0.103262,4762d6aa53fef745ca9cba270aaf6910,4
C_pruning,8,512,2,18,T,41,True,True,0.142537,47f82ac03af2c54d498f6c0336310a74,14
C_pruning,8,512,2,18,T,37,True,True,0.704272,6cef0d936eace78e424f01c175ed6ee2,2
C_pruning,8,512,2,18,T,31,True,True,1.519162,3a5fea0812850d2566eb4db0fccd781e,10
C_pruning,8,512,2,18,T,39,True,True,0.55255,6a245379342134441e8ba93f6d252edc,8
C_pruning,8,512,2,18,T,44,True,True,0.322536,08945538db7b66b77de699590b584810,4
C_pruning,8,512,2,18,T,46,True,True,0.353874,537fc8eb87ad316a6eaa62b427ba3d9e,2
C_pruning,8,512,2,18,T,35,True,True,1.364014,73c6bcf422d041af4da6ed6953cb1fa9,0
C_pruning,8,512,2,18,T,48,True,True,0.399845,c44be0638e9bfb72428184f43d7a8137,8
C_pruning,8,512,2,18,T,47,True,True,0.436292,d13dc3d9d73b5da1bcaea4f9bc5bd678,10
C_pruning,8,512,2,18,T,49,True,True,0.407054,c062b00edcccbc02fb26eb12318b02f4,4
C_pruning,8,512,2,18,T,53,True,True,0.18767,836b9a97df11ffb2b4d55c55d65fbc38,10
C_pruning,8,512,2,18,T,43,True,True,0.886466,5d527d8966d440ef3b2ddc1b933e95e3,12
C_pruning,8,512,2,18,T,50,True,True,0.559215,49512212d645a58c3c200f5265f497ff,2
C_pruning,8,512,2,18,T,36,True,True,1.87463,92b39ec710a3539bae1bb48be505257c,6
C_pruning,8,512,2,18,T,56,True,True,0.230574,3277f2f0ef0d1e53c11795978b537a49,12
C_pruning,8,512,2,18,T,45,True,True,1.074222,dc3237b716136e7caa8cfb71409234d7,14
C_pruning,8,512,2,18,T,59,True,True,0.165858,59563173c70ce97b37a3289f1266d156,12
C_pruning,8,512,2,18,T,61,True,True,0.113383,96c2d58b3a39d41ed359c15ffa6a5142,12
C_pruning,8,512,2,18,T,54,True,True,0.693834,959805c4cd57fc81e7cee83fb4c79316,4
C_pruning,8,512,2,18,T,60,True,True,0.366411,a5f4ccb17931a8f9d960c34b4922abad,14
C_pruning,8,512,2,18,T,58,True,True,0.702699,56cddcc0f7437d9d1538fc6ffdf7a849,6
C_pruning,8,512,2,18,T,52,True,True,1.576041,665c98c4511c5158f7d9f83bff63cd8b,8
C_pruning,8,512,2,18,T,57,True,True,1.166137,b96c0ae36d950d0c814f89d84579b8e6,2
C_pruning,8,512,2,18,T,64,True,True,0.674335,806ab713232737d8237ef6c2a2ddf7b1,14
C_pruning,8,512,2,18,T,62,True,True,0.808069,fa55a112b8c1f2c572d85e75e432b4b5,12
C_pruning,8,512,2,18,T,68,True,True,0.129484,6c1e4f1709e35e38edd5d2f653362f21,14
C_pruning,8,512,2,18,T,67,True,True,0.238541,f63ba9983135e5b73d6c8049510cafe0,2
C_pruning,8,512,2,18,T,63,True,True,1.04026,f52a68d841ccbdbc51c9db59eb256ac8,4
C_pruning,8,512,2,18,T,51,True,True,2.007012,85c119ef38ad913e81a9d334b0e13a30,0
C_pruning,8,512,2,18,T,73,True,True,0.078441,be6c4d5d57f194640c1b88662f35f761,0
C_pruning,8,512,2,18,T,66,True,True,0.552161,4b0bf106addf7b9a1ffa5d09e343f250,8
C_pruning,8,512,2,18,T,65,True,True,0.974836,48e0ea5e3a2ad4223e2590e3ee89b2bf,6
C_pruning,8,512,2,18,T,72,True,True,0.56989,e3ca324318c30bdb9eb92397091c8a03,4
C_pruning,8,512,2,18,T,70,True,True,0.770482,2d541e65140388354ffd2b2b8343d2e1,14
C_pruning,8,512,2,18,T,74,True,True,0.52939,2e6683a049e239c0f7f78d313409b133,0
C_pruning,8,512,2,18,T,55,True,True,2.557723,518f3276dc0ae825634618115447875b,10
C_pruning,8,512,2,18,T,77,True,True,0.220596,3a9ea18d17c2946de6e8e38aaeb94c1f,4
C_pruning,8,512,2,18,T,78,True,True,0.204549,3a5e682f8ccc27dcc929643770560abd,14
C_pruning,8,512,2,18,T,76,True,True,0.555245,2655d1b753eb1a9ca8f3248be0fc470a,6
C_pruning,8,512,2,18,T,71,True,True,1.164228,7bf20722708eec747b0618c636707344,2
C_pruning,8,512,2,18,T,82,True,True,0.371601,ee6ea93604d019559a7e3626f9c57fe7,14
C_pruning,8,512,2,18,T,80,True,True,0.46768,8876c5a6372f638199147ea0cc22aad0,10
C_pruning,8,512,2,18,T,79,True,True,0.643874,154f7671c39fee52e5ad740f55a44fa9,0
C_pruning,8,512,2,18,T,85,True,True,0.140866,2252d8cb5b808f361b29ab8e544b3f59,14
C_pruning,8,512,2,18,T,81,True,True,0.725821,916d6473a0890c8efb6206b458687dcf,4
C_pruning,8,512,2,18,T,84,True,True,0.620044,dd7d58f5167d8e641336ddc605c4831c,2
C_pruning,8,512,2,18,T,88,True,True,0.360608,6e27999fcee33d10f3fe01c4f43adc8b,14
C_pruning,8,512,2,18,T,86,True,True,0.463697,0eef009115f542fe54008f2ec091cf0a,10
C_pruning,8,512,2,18,T,90,True,True,0.212094,5ea579e4c7adfab94c0c6f3244aa0c48,2
C_pruning,8,512,2,18,T,69,True,True,2.310008,167c64637889683bb9b42945e9a99017,12
C_pruning,8,512,2,18,T,83,True,True,1.223108,d40594ce4011aad13b75c7dd7eee5433,6
C_pruning,8,512,2,18,T,89,True,True,0.591167,cd398340831b7327b97e9ffcfdc658dd,4
C_pruning,8,512,2,18,T,92,True,True,0.617411,2f032d04291b61bbffe7146f677a133f,10
C_pruning,8,512,2,18,T,94,True,True,0.42732,c980813d13c9a7d3afd8001930b06f96,12
C_pruning,8,512,2,18,T,93,True,True,0.734192,ddfdb90f63282c4787e8c163c3ce8220,2
C_pruning,8,512,2,18,T,91,True,True,1.003984,f700e01e28da9187168ffbe39a040ec2,14
C_pruning,8,512,2,18,T,95,True,True,0.675078,3cb16d34f94ebbdd48e275dc38febad4,6
C_pruning,8,512,2,18,T,96,True,True,0.668739,3a8433f0772f7a464b1b86a35f24a8eb,4
C_pruning,8,512,2,18,T,75,True,True,2.69551,8332a13fa4b1bcb875d4fdb1ba0ab5dd,8
C_pruning,8,512,2,18,T,97,True,True,0.48228,b36b3f25cf71b604ef582f7994d00ddc,10
C_pruning,8,512,2,18,T,98,True,True,0.397569,5f4f36d50fdd689bf3531addd247c507,12
C_pruning,8,512,2,18,T,100,True,True,0.313915,a0de2b2ff8c46cde14bdadb25b93c176,14
C_pruning,8,512,2,18,T,99,True,True,0.443843,40b4d2dca93a1d72f698e92c6334c779,2
C_pruning,8,512,2,18,T,87,True,True,1.905963,58132176505ee181a92bde3b4e4b25fd,0
python_pruning,8,512,2,18,T,17,True,True,0.175157,39a153a64d78c85caefc7264825155ed,2
python_pruning,8,512,2,18,T,14,True,True,0.552984,9203f1a72c56821574d7cc1a4068b31e,10
python_pruning,8,512,2,18,T,11,True,True,0.788608,8dcb07284e1469ca650c556e06f1b419,6
python_pruning,8,512,2,18,T,13,True,True,0.73131,e668cfc057bcf8724f1fdf42cfbf225a,8
python_pruning,8,512,2,18,T,19,True,True,0.269633,345642bce486d7dddbb1d28ea95344a2,2
python_pruning,8,512,2,18,T,15,True,True,0.753645,cb319a3e98b069e6c585f1513c7cbc0d,12
python_pruning,8,512,2,18,T,18,True,True,0.490475,eb354df79754db55981bc618235ba782,0
python_pruning,8,512,2,18,T,12,True,True,1.160287,ce46b50fd3cf9265993a98a28324e3f3,4
python_pruning,8,512,2,18,T,20,True,True,0.688445,996b31cfdba9c1f14a455e6fdb24e0a8,10
python_pruning,8,512,2,18,T,25,True,True,0.81935,4540206bade951db1879b2efdb1b4bc3,0
python_pruning,8,512,2,18,T,24,True,True,0.847447,e3561714107a980b9d77671d4a57edf6,12
python_pruning,8,512,2,18,T,27,True,True,0.539382,a4189dde73a53783dd2cecbc264bb0b2,10
python_pruning,8,512,2,18,T,22,True,True,1.121763,04331e06f1ca518ba5c847e8b9097fb7,8
python_pruning,8,512,2,18,T,21,True,True,1.493493,4fb356c1ae8d09a4035e3ec4f3dfa6a8,6
python_pruning,8,512,2,18,T,23,True,True,1.66647,21dce9f7d89fb3d603b4604d6e8ed4a5,2
python_pruning,8,512,2,18,T,16,True,True,2.2037,38af13af8ef5b41c1ae7edff6735ab83,14
python_pruning,8,512,2,18,T,32,True,True,0.274674,b41a066b9afe9db10777b9521969dd0f,6
python_pruning,8,512,2,18,T,30,True,True,0.730026,68b2907b3dc9f6ae373b139c653fdd4e,10
python_pruning,8,512,2,18,T,28,True,True,1.202657,b670d23711e087d7fea3176235735bc6,0
python_pruning,8,512,2,18,T,37,True,True,0.102334,015af12516e31b199e096d0ae295d150,0
python_pruning,8,512,2,18,T,26,True,True,2.04201,1ebd55c37aa2f8e3d3e5be55c9f63e4f,4
python_pruning,8,512,2,18,T,29,True,True,1.775847,68a0f0812b5006e6b4311d1479efa083,12
python_pruning,8,512,2,18,T,36,True,True,0.890126,6f8e2eb98f5494279c26e60fc79b532f,10
python_pruning,8,512,2,18,T,41,True,True,0.168496,ae58898c0815741e14e237ba9f717a77,10
python_pruning,8,512,2,18,T,34,True,True,1.526138,7f9d8aef93865c59c8c4ca2a98296e7f,14
python_pruning,8,512,2,18,T,33,True,True,1.626303,cfb46e51f8919286e521dae49e4f211e,2
python_pruning,8,512,2,18,T,31,True,True,2.729765,94764df8c66faf14dfb5c14ee05ed3a6,8
python_pruning,8,512,2,18,T,38,True,True,1.72124,6e9d74e8f6f9d4ab1c184ff139d422c3,0
python_pruning,8,512,2,18,T,43,True,True,0.819661,1bc93938f59747d56ccfa11cafbd543c,14
python_pruning,8,512,2,18,T,44,True,True,1.344865,eeffb42f6e778c0029390978e5c57e16,2
python_pruning,8,512,2,18,T,46,True,True,0.723901,3abeb6802c56b80010b6df79e95e7951,0
python_pruning,8,512,2,18,T,42,True,True,1.950207,5247ebe817dbc81ddea1db03df331a07,10
python_pruning,8,512,2,18,T,45,True,True,1.055728,518a6db48e99037f5dac254234f1068e,8
python_pruning,8,512,2,18,T,49,True,True,0.230532,a38749de227b422f407a5d20d49cd6f1,0
python_pruning,8,512,2,18,T,47,True,True,0.908712,5026e31f7bfd85c2de01216b0aa8f3ca,14
python_pruning,8,512,2,18,T,52,True,True,0.248463,dd19197e2aa743c57a91ba21ac34cc17,0
python_pruning,8,512,2,18,T,39,True,True,3.085363,765b76c1463ffd78718ea1e0b4940b53,4
python_pruning,8,512,2,18,T,50,True,True,1.060258,3120331462811b4bd595c8410e53b817,10
python_pruning,8,512,2,18,T,55,True,True,0.412325,b9a594b17b3bff95196a88129ada7d20,4
python_pruning,8,512,2,18,T,53,True,True,1.117093,c5c537c7bb15ba31cb143231be4c8963,14
python_pruning,8,512,2,18,T,40,True,True,3.72498,5c7cb1f6531448fafb9a7428eaa539c6,12
python_pruning,8,512,2,18,T,35,True,True,4.707244,8600efe81bf3318c1ff238fb813f6c14,6
python_pruning,8,512,2,18,T,48,True,True,2.050459,f675bab31c85bbc63d914c9562823480,2
python_pruning,8,512,2,18,T,51,True,True,1.885979,cf889aad9a05f89f582ac504978cedda,8
python_pruning,8,512,2,18,T,59,True,True,0.38125,0fda825069808292be943e48782af00e,12
python_pruning,8,512,2,18,T,63,True,True,0.334272,6d5426231c4515498decf60c14d7c935,12
python_pruning,8,512,2,18,T,56,True,True,1.349469,39ce8ae2631e2e41663982c6c5b5522f,10
python_pruning,8,512,2,18,T,60,True,True,0.90646,91c05cb32f56508811675025ab6684a1,6
python_pruning,8,512,2,18,T,62,True,True,0.645824,0c01852318b36f15c5da1fde3605c4ef,8
python_pruning,8,512,2,18,T,61,True,True,0.996947,4083b44d772e6a7c4e8bd1c3b76565f0,2
python_pruning,8,512,2,18,T,58,True,True,1.652006,c965c26206664ab1aaa4692429ccbb5e,14
python_pruning,8,512,2,18,T,67,True,True,0.518361,c47aa16b6178b79c9abd390e158d25a9,8
python_pruning,8,512,2,18,T,64,True,True,0.928115,22a211d59c0e8b029153aad66c1d232d,12
python_pruning,8,512,2,18,T,68,True,True,0.62776,1eb1a13ac10ab4d25a83104deb41ee41,2
python_pruning,8,512,2,18,T,69,True,True,0.876101,4c61d3e8f4b3ef47567422e171e4abe8,14
python_pruning,8,512,2,18,T,72,True,True,0.483887,9857b38a656625cf1892d155d5e11211,2
python_pruning,8,512,2,18,T,65,True,True,1.604366,140e71eadd646da4e1b3c67840859898,10
python_pruning,8,512,2,18,T,54,True,True,3.978552,51293663fe969cca3405fac70cf18baa,0
python_pruning,8,512,2,18,T,66,True,True,2.127662,fa7a13137869c55460fb4f0f42ceb9cd,6
python_pruning,8,512,2,18,T,75,True,True,0.897247,51956e9fc32f3e8f4acb9af896138b58,10
python_pruning,8,512,2,18,T,77,True,True,0.235479,d3b2d7dffeaa55b94bd6959d3f71ecf9,6
python_pruning,8,512,2,18,T,73,True,True,1.217332,0ea9cfa47dc33183fe5a6a474e19f179,14
python_pruning,8,512,2,18,T,76,True,True,0.670974,945c54bb5adafac2aa537d3bc4495be0,0
python_pruning,8,512,2,18,T,74,True,True,1.0519,1e683c719d6e09941d05767334a4e5c7,2
python_pruning,8,512,2,18,T,82,True,True,0.254312,48a5cc3aaeba0636b8c239539dedd3b4,2
python_pruning,8,512,2,18,T,71,True,True,2.061895,66dea99d9fe0551215515272e1127767,12
python_pruning,8,512,2,18,T,70,True,True,2.459732,a8e876685ccf3424a0612874ed501b88,8
python_pruning,8,512,2,18,T,57,True,True,4.442717,73229bec931c6997d3e1b503c45ebbb4,4
python_pruning,8,512,2,18,T,80,True,True,0.754138,4ea3ae67566412acbb8bce5e161c7dea,14
python_pruning,8,512,2,18,T,83,True,True,0.505408,956f49a209e6427f53a1eb149288ea04,2
python_pruning,8,512,2,18,T,78,True,True,0.881105,1b3184d8b04095f9057735a2c75143b4,10
python_pruning,8,512,2,18,T,87,True,True,0.112015,f9f7c867fb649d6f2444cc7b5c4c5910,14
python_pruning,8,512,2,18,T,84,True,True,0.697725,78341d4e7b4165ffd8e36bdc482af71f,12
python_pruning,8,512,2,18,T,81,True,True,1.192111,64a97de07fbc35448f5e85f60ce8ba21,0
python_pruning,8,512,2,18,T,86,True,True,0.689667,37b7df57640783546d82d73eba9c96c3,4
python_pruning,8,512,2,18,T,91,True,True,0.404396,aa4c3de6d8fbe4017a5adbe02f2a5496,12
python_pruning,8,512,2,18,T,92,True,True,0.222785,e3e69355028506d54f65e7774e4084b5,0
python_pruning,8,512,2,18,T,89,True,True,0.695835,f6bfa329bc1ffc50cff9ab794a8af269,10
python_pruning,8,512,2,18,T,94,True,True,0.178349,2fc514bd42b9b29f84f2cea4912c9a55,12
python_pruning,8,512,2,18,T,79,True,True,1.673503,545ad92ded6f63a35f600d0e37ccb492,6
python_pruning,8,512,2,18,T,93,True,True,0.431255,a84816ca72ca2fcddf2b70c403b04c53,4
python_pruning,8,512,2,18,T,98,True,True,0.289467,3994724b5f697f599d617d6de839fb6b,6
python_pruning,8,512,2,18,T,97,True,True,0.330452,7abf40b08537aaa3453b6aa3220ac0e7,12
C_exact,8,512,2,18,T,11,True,True,0.024009,1ca14ed6b51780dfe3e3f6cbd798db29,12
python_pruning,8,512,2,18,T,90,True,True,1.183765,4df14538587e65922d99937cb062b727,14
C_exact,8,512,2,18,T,12,True,True,0.024757,45291d46db85af87ef8e9e5c7ce09c4c,12
C_exact,8,512,2,18,T,13,True,True,0.029147,7ee396652ddd454c8d106977a05bf0d1,14
C_exact,8,512,2,18,T,14,True,True,0.029805,296eae07ba3814bfaf76ebb0f8e7f8b8,12
C_exact,8,512,2,18,T,15,True,True,0.033272,750bb3b44ccfcb753135784dd3ab5237,14
C_exact,8,512,2,18,T,16,True,True,0.024142,6cb1ec6f00a9548c96a99e5cbb86fff4,12
python_pruning,8,512,2,18,T,99,True,True,0.468472,4e441d99ab428f4d8bf8dc4e47e53e27,4
C_exact,8,512,2,18,T,17,True,True,0.023174,5bae21c1a0b34d15d6dd7a783516433f,14
C_exact,8,512,2,18,T,18,True,True,0.023642,32ffce39caae86b577c063e8bcc4aa69,12
C_exact,8,512,2,18,T,19,True,True,0.030134,2c65ebb712fb897ec70be103d4b988e0,4
C_exact,8,512,2,18,T,20,True,True,0.028232,cb950c46ad7576c8da836cdbbfca2543,14
C_exact,8,512,2,18,T,21,True,True,0.023234,4b5e446ac2e44b9d0cbbad4379461f62,12
python_pruning,8,512,2,18,T,100,True,True,0.349937,997c14c469de387102309d2536df060d,6
C_exact,8,512,2,18,T,23,True,True,0.035474,7a52bbb10bad7764d3c752539f49fc04,14
C_exact,8,512,2,18,T,22,True,True,0.045234,c1742ba4b08291bf8f6ade173d244e87,4
C_exact,8,512,2,18,T,25,True,True,0.045364,6b673df080ef20f97b36cef5bfde328d,6
C_exact,8,512,2,18,T,24,True,True,0.055499,765b8aec0fe92a00164d5ef9a3686516,12
C_exact,8,512,2,18,T,27,True,True,0.027979,c240b4bd30dd757bc271d8993f6587f4,4
C_exact,8,512,2,18,T,26,True,True,0.04443,474d0c313093ffc71f4f6eae0b02167a,14
C_exact,8,512,2,18,T,28,True,True,0.028805,b6128e4d7b7e0de89ea72bf0f415d1a2,6
C_exact,8,512,2,18,T,29,True,True,0.030492,4e830abc75c10e124b1e5b62c1bf0c04,12
C_exact,8,512,2,18,T,30,True,True,0.024636,6bdad5884ffcaaa7cb7e04007718a50c,4
C_exact,8,512,2,18,T,32,True,True,0.03202,a6813a81a1d68d5d4277f70b7a4d783b,6
C_exact,8,512,2,18,T,31,True,True,0.038218,120ee32e559e75fd8bbfa9efa5b71fd6,14
C_exact,8,512,2,18,T,33,True,True,0.027487,24d860131e47326f7619c2278f50285a,12
C_exact,8,512,2,18,T,34,True,True,0.032256,dcbeb848b5c189b4e62d320ee3c5cce1,4
C_exact,8,512,2,18,T,36,True,True,0.035846,03a2a9c678d7bde21167d01748765420,14
C_exact,8,512,2,18,T,37,True,True,0.033797,f153212fa2e001a2ec507b04a99bfe33,12
C_exact,8,512,2,18,T,35,True,True,0.045937,497b457a53d108f46130e3176ec02641,6
C_exact,8,512,2,18,T,38,True,True,0.036228,053995dd43e6dba60bdfc22970cc58d1,4
C_exact,8,512,2,18,T,39,True,True,0.033103,f576e5e6fe473506c4cce8327210c280,14
C_exact,8,512,2,18,T,41,True,True,0.033845,dc1b3c4a784b27a3105a47daac0f17d4,6
C_exact,8,512,2,18,T,40,True,True,0.035238,1a2bb863fa653f955acc73e4979ba6a4,12
C_exact,8,512,2,18,T,42,True,True,0.037316,955179ed25eb0e0572e2c2ba8024ff51,4
C_exact,8,512,2,18,T,44,True,True,0.028324,9eb63b349addea8dec1d8bd873643f4c,6
C_exact,8,512,2,18,T,43,True,True,0.029832,e44198a7bfcfaf85af4a1ca4f2212565,14
C_exact,8,512,2,18,T,45,True,True,0.032044,486c6f9a1440d551ef93d89ac59e03bf,12
C_exact,8,512,2,18,T,46,True,True,0.03918,480402c983b348607f1aa049f4d4894b,4
C_exact,8,512,2,18,T,47,True,True,0.037316,3089a5e29d6a302228b5c2df5ceb8ab1,6
C_exact,8,512,2,18,T,48,True,True,0.03608,8cf4f0bb72d94e25cbb90b6af0a7953a,14
C_exact,8,512,2,18,T,49,True,True,0.038077,ada6c18b60a8c2dfcd9196c21e158f40,12
python_pruning,8,512,2,18,T,85,True,True,2.064955,72c3170508fff318524a52291d4ed13d,8
C_exact,8,512,2,18,T,50,True,True,0.02592,50641cd089096dc7a3b6c55f450d8a26,4
C_exact,8,512,2,18,T,51,True,True,0.030225,115ba0f3714cb5b706d5f454b34c63b2,6
C_exact,8,512,2,18,T,52,True,True,0.036082,6b3b65df4cbfff4f8fa318a84c1a9d2f,14
C_exact,8,512,2,18,T,53,True,True,0.03371,4e91fb198100ddca8ef2c006112b77fe,12
C_exact,8,512,2,18,T,55,True,True,0.029049,e0b2d5f648e871f5b296fa8848cefb3c,4
C_exact,8,512,2,18,T,56,True,True,0.023879,00d9e2fc55ef485ed74000d4e3b339d1,6
C_exact,8,512,2,18,T,54,True,True,0.054077,f4095941ebe257c163894ef1b34533b7,8
C_exact,8,512,2,18,T,57,True,True,0.035226,197697bc179a417b0265ac47a693824d,14
C_exact,8,512,2,18,T,58,True,True,0.047226,613aa5bacd1680fa449daa31f6ea0803,12
C_exact,8,512,2,18,T,60,True,True,0.035962,1e64a2f415363cb5ad8730a22e0adc46,6
C_exact,8,512,2,18,T,59,True,True,0.033751,57a30acb7bfcd0da55f0352495670be9,4
C_exact,8,512,2,18,T,61,True,True,0.034233,fcaad106da008219ecffa446029a3e8b,8
C_exact,8,512,2,18,T,62,True,True,0.024451,6afa7164422852ca47bb3c7d68c52a7f,14
C_exact,8,512,2,18,T,63,True,True,0.036607,fc4f1398b581272c0d280cf5cf97069b,12
C_exact,8,512,2,18,T,64,True,True,0.070283,d6623cdee3f7a52228de459ad8ddaec5,6
C_exact,8,512,2,18,T,65,True,True,0.062623,9815b76ad1651caf26596fac914b9bfb,4
C_exact,8,512,2,18,T,66,True,True,0.064226,160dfae7a64a1c913f0ae6aef08b14b6,8
C_exact,8,512,2,18,T,67,True,True,0.053526,d5bd2b183468abcf55ad041dc4d633dc,14
C_exact,8,512,2,18,T,68,True,True,0.053259,8f19a759abc468749a3ec9cf5e930268,12
C_exact,8,512,2,18,T,69,True,True,0.05076,188d115b7349c0a7fd0bd679ad028929,6
C_exact,8,512,2,18,T,72,True,True,0.041395,603d7fc677f086aea458b9f5260ff142,14
C_exact,8,512,2,18,T,71,True,True,0.040349,3798366f5be69df836b26a419abaaa2d,8
C_exact,8,512,2,18,T,70,True,True,0.051186,bc6008c174704ebe3d88234b8d97985c,4
C_exact,8,512,2,18,T,74,True,True,0.031742,78616150c1c284a584610c3677366c2b,6
C_exact,8,512,2,18,T,73,True,True,0.035577,f86cbf98bacc8e2869ebb336cd12bca0,12
C_exact,8,512,2,18,T,75,True,True,0.035005,df5018f99613d288658d2230b9824e41,14
C_exact,8,512,2,18,T,77,True,True,0.03166,f066749b0b1c0d4285d9f6b2679e79ed,4
C_exact,8,512,2,18,T,76,True,True,0.039272,633ae2824b887165a3df54eedaae5800,8
C_exact,8,512,2,18,T,78,True,True,0.077659,957b42df97b150757978744ea58ddbc7,6
C_exact,8,512,2,18,T,80,True,True,0.076024,2303a4019b455b019005beccdd95ef02,14
C_exact,8,512,2,18,T,79,True,True,0.078113,42aef60ee7e050b55541db15811758c6,12
C_exact,8,512,2,18,T,81,True,True,0.072546,6a03a5a3b8154e24cb2dade93eb754b6,4
C_exact,8,512,2,18,T,82,True,True,0.076103,d94ee5da96c317f1f2e3cb29eb28fe6d,8
C_exact,8,512,2,18,T,84,True,True,0.053223,e620791f18e6a017d88466d3ab9d716d,14
C_exact,8,512,2,18,T,86,True,True,0.054911,bb3e4e7652772c0f093435cf524cacac,4
C_exact,8,512,2,18,T,83,True,True,0.060729,6ec1a339add720917e4cea5b7ef0172d,6
C_exact,8,512,2,18,T,85,True,True,0.063343,aa2627843af6129ab079b1e4dc591fb7,12
C_exact,8,512,2,18,T,87,True,True,0.054729,4031ec07223d1bf5e0fb72c992257069,8
C_exact,8,512,2,18,T,89,True,True,0.023193,5dbdee85580af80df1b3c5115241a0eb,4
C_exact,8,512,2,18,T,88,True,True,0.026304,5cd0e096692d1f9be065730ed9029683,14
C_exact,8,512,2,18,T,90,True,True,0.022112,e31de8d747053012600353b5af5a7d93,6
C_exact,8,512,2,18,T,91,True,True,0.030384,fff80765fe63e3e2b17f39f9f708555b,12
C_exact,8,512,2,18,T,92,True,True,0.034916,41512a45fc453c8b0edad52015ead15a,8
C_exact,8,512,2,18,T,93,True,True,0.022302,c13f5fba8f947351efe52dfd3721f088,4
C_exact,8,512,2,18,T,94,True,True,0.027846,209224634aeb54c1c823012f85770c9f,14
C_exact,8,512,2,18,T,95,True,True,0.036162,e889844936dfd5108e4908483fdb77ca,6
C_exact,8,512,2,18,T,96,True,True,0.031346,cfeca2b8837449a023328774297a5b17,12
C_exact,8,512,2,18,T,97,True,True,0.036968,67ef1a70cc8cc3c0d4f7a78480c87e68,8
C_exact,8,512,2,18,T,98,True,True,0.034289,2005240f60ea2fb3d7c2968eab04479c,4
C_exact,8,512,2,18,T,99,True,True,0.032495,09f56f980fb45393ae7640ff8d4550a6,14
C_exact,8,512,2,18,T,100,True,True,0.027174,1bf93fba87fa5cf0ab734f56a685bf27,6
python_exact,8,512,2,18,T,13,True,True,0.038254,a025a7c49028a9bdf8cb51f665915317,4
python_exact,8,512,2,18,T,11,True,True,0.063709,03cefcadbbef154da09eec6e9530d00d,12
python_exact,8,512,2,18,T,14,True,True,0.06158,d2af6209179b1e040d2624d35febd400,14
python_exact,8,512,2,18,T,15,True,True,0.041094,78e4d74a0091a964d1455fa62db37dd1,6
python_exact,8,512,2,18,T,16,True,True,0.048547,bc52500c5c0c51477fc561be3ffbd091,4
python_exact,8,512,2,18,T,17,True,True,0.047161,30c85f157a799eb56ec6a08180f3a0a5,12
python_exact,8,512,2,18,T,18,True,True,0.041611,0641ef36914af0aa69301980bd9590d0,14
python_exact,8,512,2,18,T,12,True,True,0.117538,c95d72da241655037a367022f1cabb85,8
python_exact,8,512,2,18,T,19,True,True,0.052164,008717d2408abe56bcac690eb79f2b0b,6
python_exact,8,512,2,18,T,20,True,True,0.048477,d43492f87e6859a3b4a7d5150304bef0,4
python_exact,8,512,2,18,T,21,True,True,0.053543,52132cc815fb45e455f2289775b3cc99,12
python_exact,8,512,2,18,T,23,True,True,0.051963,b4d3dd3a6c66b10caff6ab0112279898,8
python_exact,8,512,2,18,T,22,True,True,0.065452,f2341ca402cef1f85c50edcfc2fd8955,14
python_exact,8,512,2,18,T,24,True,True,0.054564,186231fd126c1ff7bc88d7e16f2d72b6,6
python_exact,8,512,2,18,T,25,True,True,0.054227,30cdf0c614b95c8039a31ece166da71c,4
python_exact,8,512,2,18,T,26,True,True,0.041128,0c17713775c68ff2f600b8054a26dd9c,12
python_exact,8,512,2,18,T,31,True,True,0.03237,0688e100fdb362aa984d503bb66597b1,12
python_exact,8,512,2,18,T,28,True,True,0.072882,51aa10efa2510f65b2640c314e12d2d8,14
python_exact,8,512,2,18,T,29,True,True,0.086928,6a09966a56d5e6c972f429a582b5bb70,6
python_exact,8,512,2,18,T,27,True,True,0.103759,22ba1e140493d0bb6471422ec026787a,8
python_exact,8,512,2,18,T,30,True,True,0.081233,805f247ccb33ed08e3925adaf95b9747,4
python_exact,8,512,2,18,T,33,True,True,0.062127,d8e197619d98ccaf9d29a91d3b2afa8e,14
python_exact,8,512,2,18,T,34,True,True,0.049763,f3d3963ce18b5511b090e6777e0e5c17,6
python_exact,8,512,2,18,T,35,True,True,0.05952,eee7f038b8e0a07dd0955fd6d0160ad2,8
python_exact,8,512,2,18,T,32,True,True,0.087773,589d9de1bb3f4be84e112aaa8693ef18,12
python_exact,8,512,2,18,T,37,True,True,0.03752,801be5a2b095f8a9ec8e26c57728aa8a,14
python_exact,8,512,2,18,T,38,True,True,0.035064,249f26b836ab381af4ac7c25a984cdaa,6
python_exact,8,512,2,18,T,39,True,True,0.03977,e2a4cbcfb9d33aaeac1a52ce207edb61,8
python_exact,8,512,2,18,T,40,True,True,0.041903,fd07df04e6ce872a2b83ae9938dd5b70,12
python_exact,8,512,2,18,T,36,True,True,0.095191,21b4ae4d4e8da53cf23bba275c11ac5b,4
python_exact,8,512,2,18,T,41,True,True,0.033221,a1c3c2b080bd76ff07772f90e00b377e,14
python_exact,8,512,2,18,T,42,True,True,0.054916,3befc9005bfbd41d6d3c324d9a3a5f74,6
python_exact,8,512,2,18,T,43,True,True,0.039142,27a45483b04633ea6faa3b2c10882b41,8
python_exact,8,512,2,18,T,46,True,True,0.038722,4269dd277414e2c38378c3fc7744cdcf,14
python_exact,8,512,2,18,T,44,True,True,0.050048,9f69f9e859191711c1f01cf962081e59,12
python_exact,8,512,2,18,T,45,True,True,0.072072,d82c3e83f4ff10aa9e22b1fbe555f9da,4
python_exact,8,512,2,18,T,47,True,True,0.04077,3802dcafedbf6e8a95faf8aae3944250,6
python_exact,8,512,2,18,T,48,True,True,0.085163,bb6657f2dbd747fce0d3f90e67edfe4e,8
python_exact,8,512,2,18,T,51,True,True,0.049858,90ab72f0e84cd5335a92d7d81da7811c,4
python_exact,8,512,2,18,T,52,True,True,0.04257,bcfd92dad9ecb56e389eae1557d68645,6
python_exact,8,512,2,18,T,50,True,True,0.093833,f7dd0008a82fbf8b9b5638d1ced3e174,12
python_exact,8,512,2,18,T,49,True,True,0.111903,4987aeafcda3dabcf051e48e0b432b72,14
python_exact,8,512,2,18,T,53,True,True,0.040354,2468df670e29f73c1fbd3b4c10be7ce3,8
python_exact,8,512,2,18,T,54,True,True,0.052703,1e89f36484bf88f7d86ee5a01936e407,4
python_exact,8,512,2,18,T,55,True,True,0.069439,9df29ceb4ebaa9d9923d83d8b072aef8,6
python_exact,8,512,2,18,T,57,True,True,0.052694,562378645ce81a032a099f9a6bece8ae,14
python_exact,8,512,2,18,T,56,True,True,0.071245,3901b8e74a7b3ee045ff32dbfdf6b255,12
python_exact,8,512,2,18,T,58,True,True,0.04896,25042544897b111a2b1fe284161878d3,8
python_pruning,8,512,2,18,T,95,True,True,2.441921,2051b4052ef868fd325aad5ea4d6ffb1,0
python_exact,8,512,2,18,T,61,True,True,0.036776,c750dc1bf40744319e4cfca67a50c5bb,14
python_exact,8,512,2,18,T,63,True,True,0.036362,e98abe87a0c0ed9f226bd024b7ddc818,8
python_exact,8,512,2,18,T,59,True,True,0.07278,fb6c35775cfd60a886b8ce464a530e6b,4
python_exact,8,512,2,18,T,62,True,True,0.062374,26cd76dc647aa740002ac012b246233c,12
python_exact,8,512,2,18,T,65,True,True,0.039826,0f058058248c3909680c402aedddec8e,14
python_exact,8,512,2,18,T,66,True,True,0.036162,01c293ce73ce69b0b3de2ca5c8f30524,8
python_exact,8,512,2,18,T,60,True,True,0.094482,3b7f012a9ac95c8697dbb04e82c09f29,6
python_exact,8,512,2,18,T,67,True,True,0.068925,0c29c178e6c9eda21e898f737a310af7,4
python_exact,8,512,2,18,T,69,True,True,0.032291,45bbab5f483be4c95e057e0c368abfc3,14
python_exact,8,512,2,18,T,68,True,True,0.055639,592d382f165564f9c37cd9740df83632,12
python_exact,8,512,2,18,T,70,True,True,0.035671,610e7e379e5b5856ad6fbdf64452dd4d,8
python_exact,8,512,2,18,T,64,True,True,0.089422,aca17b30ccc20477d51d3e9219acf35a,0
python_exact,8,512,2,18,T,71,True,True,0.050874,16622e8635209d38afbdf676688d2169,6
python_exact,8,512,2,18,T,73,True,True,0.034246,38141833710718a9866312214241c0a8,14
python_exact,8,512,2,18,T,75,True,True,0.035353,00e0d6c6c55ecc045a6881e3f46d6b47,8
python_exact,8,512,2,18,T,77,True,True,0.031864,1ad8c2311f8e8e2675a7efc76baf25b0,6
python_exact,8,512,2,18,T,74,True,True,0.053778,029731d3d98f567a777410eef3eecd3a,12
python_exact,8,512,2,18,T,72,True,True,0.059975,c12164b93247258a42b219bd493d9bcb,4
python_exact,8,512,2,18,T,78,True,True,0.045179,1f83f6a5478330413cfb29f6e981563f,14
python_exact,8,512,2,18,T,76,True,True,0.069479,1c25d79fc56164c08d144e78f76a3265,0
python_exact,8,512,2,18,T,80,True,True,0.033085,4e7b9b8378191312f76bfcd7ac27c88d,6
python_exact,8,512,2,18,T,81,True,True,0.037124,dc0e5a47e2c20dcb7778f465d6acab06,12
python_exact,8,512,2,18,T,83,True,True,0.032393,b8f73f8476dd08919abfc2b855c8d75d,14
python_exact,8,512,2,18,T,79,True,True,0.075392,59a679e440d8f677621dcb988e81fbbe,8
python_exact,8,512,2,18,T,84,True,True,0.04576,87b67a9aa7aea5705d15ba9b8a090814,0
python_exact,8,512,2,18,T,86,True,True,0.031893,9063334aa0b0bf6866865596ae764bb5,12
python_exact,8,512,2,18,T,85,True,True,0.038076,7a56ae002703b231462d2bcf8f49c6f1,6
python_exact,8,512,2,18,T,90,True,True,0.031964,69c1bbf0d11c256ff72579f8986629ab,12
python_exact,8,512,2,18,T,91,True,True,0.033555,89bbd4ed846e61eb1dc8c0e6cd62ddff,6
python_exact,8,512,2,18,T,88,True,True,0.051234,d04a9712b29cfcb125768cac861ce0bf,8
python_exact,8,512,2,18,T,82,True,True,0.115875,8b3f17c4ba52998109c9020a91c5741c,4
python_exact,8,512,2,18,T,87,True,True,0.065929,161ed9f1044f47894072add1f621e320,14
python_exact,8,512,2,18,T,89,True,True,0.075143,302093ec045191b88819d8d68cd53e19,0
python_exact,8,512,2,18,T,92,True,True,0.044009,588bd388ae4517efa753cc2aecae0ec7,12
python_exact,8,512,2,18,T,94,True,True,0.046959,eb630cb73810fc23ba0f4a4549fdc2d1,8
python_exact,8,512,2,18,T,96,True,True,0.037275,a36a22aa002b7a68e58d8284fca2ef9f,14
python_exact,8,512,2,18,T,93,True,True,0.044187,db82551f2b92d27ea8f6a351d13df1f3,6
python_exact,8,512,2,18,T,95,True,True,0.071732,e7fda0a71849573468487ecc28db61b6,4
python_exact,8,512,2,18,T,99,True,True,0.039959,79fac6771fdfdeb86a5138954ce61285,8
python_exact,8,512,2,18,T,100,True,True,0.043432,e9d93c76c31f5077414ae3e5d758d695,14
python_exact,8,512,2,18,T,98,True,True,0.059397,e8840de5a98b6970cf11fd79c5f62410,12
python_exact,8,512,2,18,T,97,True,True,0.080587,7330a7f063c397d2734f359a37144dfe,0
C_exact,8,512,2,18,B,15,True,True,0.033774,1c4cec12299d563098560d41cd65653c,12
C_exact,8,512,2,18,B,11,True,True,0.049201,3fb172c0d5a6a1d524d76d7557d39fac,6
C_exact,8,512,2,18,B,13,True,True,0.047072,472fdab6ff697f6556a0dd4f60cd5124,8
C_exact,8,512,2,18,B,14,True,True,0.039759,ea5f9a53892a7aa466aeb909c3c114cc,14
C_exact,8,512,2,18,B,16,True,True,0.028767,b2a25832b3c312ed48ec0f833b730faa,0
C_exact,8,512,2,18,B,12,True,True,0.069626,3f45a129c07af61b1f10e4e3f813238d,4
C_exact,8,512,2,18,B,17,True,True,0.030762,aa84cf9e5014453334fe1dac18338d44,12
C_exact,8,512,2,18,B,18,True,True,0.050752,397d70182bdf07c4e9463487314d605f,6
C_exact,8,512,2,18,B,20,True,True,0.086914,a3f8ed6cb177f010bc961ea77430b68d,14
C_exact,8,512,2,18,B,22,True,True,0.061784,f667eb215884521f6272907ee98b94e1,4
C_exact,8,512,2,18,B,24,True,True,0.038748,1d8a5ebd9100a9489de681d14582857b,6
C_exact,8,512,2,18,B,23,True,True,0.052427,ca367e9de66c787c453dbe5403cbeac5,12
C_exact,8,512,2,18,B,21,True,True,0.083224,b03787c06612c292cf1b9cafbbd00c7e,0
C_exact,8,512,2,18,B,19,True,True,0.09206,c747b89e83075c67f771878f96c35892,8
C_exact,8,512,2,18,B,27,True,True,0.05446,c21e78be5620cd04aadb5eb9884f4fbe,6
C_exact,8,512,2,18,B,26,True,True,0.054505,1d8b3e8fb45352a0c364fd5c37f34386,4
C_exact,8,512,2,18,B,28,True,True,0.053583,c621c4746a10aa72b81069d104795a8f,12
C_exact,8,512,2,18,B,29,True,True,0.049922,2ce637be95d4ee38e5ab014d1bd93f41,0
C_exact,8,512,2,18,B,25,True,True,0.054799,a3fcfe505d9b7b84d9072cf286568e4b,14
C_exact,8,512,2,18,B,30,True,True,0.03445,dd82479e3f6ad36410f5c04dc50caf51,8
C_exact,8,512,2,18,B,35,True,True,0.027551,80dc9268e22d8e94559c0b7011925f54,14
C_exact,8,512,2,18,B,34,True,True,0.0302,fa3fe9d2bd4ac0e6a6dc84288844916e,0
C_exact,8,512,2,18,B,31,True,True,0.063509,125ea0d6c4bdb28085ffbe9f974c927d,6
C_exact,8,512,2,18,B,36,True,True,0.053123,6e16c884e09cd13bef3f668a692b29e7,8
C_exact,8,512,2,18,B,33,True,True,0.076218,1874196912f032b478a755bdbee5c764,12
C_exact,8,512,2,18,B,32,True,True,0.078396,4b7daf6bb21037267a248930a8fc5223,4
C_exact,8,512,2,18,B,38,True,True,0.032923,765dbb56ec3303d0e997baa74495c32d,0
C_exact,8,512,2,18,B,37,True,True,0.035667,fd707d14f5684451f1679e3bd8f5c033,14
C_exact,8,512,2,18,B,39,True,True,0.022183,2350a81e127c487ed93e5eb6a836038c,6
C_exact,8,512,2,18,B,41,True,True,0.022349,b0edb5ea92f5a21b8de89095df729f84,12
C_exact,8,512,2,18,B,40,True,True,0.023156,b254fdcf6c8014f00a6ca201348aeb8e,8
C_exact,8,512,2,18,B,42,True,True,0.04328,1f75e6645e1d9760a72a61e71369049f,4
C_exact,8,512,2,18,B,46,True,True,0.034321,e8f9a2778e29c1f38d47590727ff15f7,12
C_exact,8,512,2,18,B,45,True,True,0.038621,2fa114a847eb64b3e5e3c29950aa09f6,6
C_exact,8,512,2,18,B,43,True,True,0.06382,6b67ad8090fa4c9c17feca823f947ee0,0
C_exact,8,512,2,18,B,44,True,True,0.061369,0b6c0d097c56fb62f37d6e8ef960390d,14
C_exact,8,512,2,18,B,47,True,True,0.030096,fc2fb9d292e211f73872c374b97b45a7,8
C_exact,8,512,2,18,B,48,True,True,0.028707,a1ae3727df9cbbe7d5e2b3ee2fd93c2a,4
C_exact,8,512,2,18,B,49,True,True,0.047271,41c5f750da3937ceca6bf7cb4abb04cb,12
C_exact,8,512,2,18,B,53,True,True,0.067813,4ddadcba954a3e077117fb10e84d7725,8
C_exact,8,512,2,18,B,52,True,True,0.099973,08efb91ef00c753d005b7cbcc3a2432a,14
C_exact,8,512,2,18,B,54,True,True,0.079336,1278e2281666a57be0dc3f8a43b4d908,4
C_exact,8,512,2,18,B,50,True,True,0.124958,150a5fa5754c1c191b663a0ec1e72620,6
C_exact,8,512,2,18,B,51,True,True,0.126987,bf13afe1accda2d1b5ce1647ff7f9bc5,0
C_exact,8,512,2,18,B,55,True,True,0.069847,8f138ff61b9ec96d0b76dd5d3ef21052,12
C_exact,8,512,2,18,B,57,True,True,0.020824,ae141c6c8ff7715b2d1d5ca97d83e92b,14
C_exact,8,512,2,18,B,56,True,True,0.031409,cfd56a4fdd9f3ac1c4d58ca7f67edb84,8
C_exact,8,512,2,18,B,58,True,True,0.041202,3a7602dd68a990a1440d1d6e6afa331d,4
C_exact,8,512,2,18,B,60,True,True,0.036862,a8a2bb5bfb75388c268e61844a1e6844,0
C_exact,8,512,2,18,B,59,True,True,0.039934,7005e7e4da235dad97efd55e106ae777,6
C_exact,8,512,2,18,B,62,True,True,0.030217,c4366597f5a218fe04be8aae02904e7d,14
C_exact,8,512,2,18,B,61,True,True,0.051162,6d2163568d4db2880195ccfe8911487b,12
C_exact,8,512,2,18,B,63,True,True,0.033732,e665bfe68132ea30d10b1a512c37cff7,8
C_exact,8,512,2,18,B,65,True,True,0.037379,067077fd97cfe1ccb7685fb5cec82afe,0
C_exact,8,512,2,18,B,64,True,True,0.044352,8e50eea7f7260720cacf4308fb6586e4,4
C_exact,8,512,2,18,B,67,True,True,0.070532,67d7847e969a359ccb4fe0d59434054b,14
C_exact,8,512,2,18,B,69,True,True,0.066785,126c209bbf51da716e8904204390ac98,8
C_exact,8,512,2,18,B,66,True,True,0.079221,c42024602f979038111dbdd6faa3f1b8,6
C_exact,8,512,2,18,B,70,True,True,0.025079,b8859fdfcfd648b421cd5d09b72580c2,0
C_exact,8,512,2,18,B,68,True,True,0.067214,70f58b6715da8f8fedd7aec5b4c3697e,12
C_exact,8,512,2,18,B,71,True,True,0.031058,e78e6768ff8b5a0080a91fc91ee3a569,4
C_exact,8,512,2,18,B,74,True,True,0.034933,c408d884517a6415901c8dc7ce03dacc,6
C_exact,8,512,2,18,B,73,True,True,0.068277,ad00ee0f0b03f0e623945ccbfe6718ba,8
C_exact,8,512,2,18,B,72,True,True,0.070589,1377bde8147e2ab75d4f3c409ca3102a,14
C_exact,8,512,2,18,B,77,True,True,0.057003,a53da9887bb0b717d18f2f95865af6b1,4
C_exact,8,512,2,18,B,76,True,True,0.067967,8567c09ccb83af7b16378b92045d6e20,12
C_exact,8,512,2,18,B,75,True,True,0.057745,4790c8c1f251dc4358e07ff2c51c0720,0
C_exact,8,512,2,18,B,78,True,True,0.024105,6556679e29e6a4eb5836152e6e324b5b,6
C_exact,8,512,2,18,B,79,True,True,0.033751,c67d528b9a576fb4f319dee784beefbf,8
C_exact,8,512,2,18,B,81,True,True,0.036272,33596242e0e4be2f18a3f702a899ff40,4
C_exact,8,512,2,18,B,82,True,True,0.032498,30bb2defee47e00c26422b7a25315ba4,12
C_exact,8,512,2,18,B,80,True,True,0.041508,261b56f73b08149e6d91f6d6e2f265af,14
C_exact,8,512,2,18,B,84,True,True,0.03244,758635f11b8515cf57751af37f736a4c,6
C_exact,8,512,2,18,B,83,True,True,0.043376,c0c695987115b5af5c20aca611438de5,0
C_exact,8,512,2,18,B,85,True,True,0.034106,c884d7a4129a3c62e8cd7a4245f4a012,8
C_exact,8,512,2,18,B,90,True,True,0.028453,0f432245e2a7acd8e58432b020903736,0
C_exact,8,512,2,18,B,86,True,True,0.042629,2bc4317c62743cbf9d9a79dae21aaca9,4
C_exact,8,512,2,18,B,87,True,True,0.033316,4d4a2734facb025a7071f9ed68eded8b,12
C_exact,8,512,2,18,B,88,True,True,0.041578,ee45d942c0a88683e2b5be436ceaf581,14
C_exact,8,512,2,18,B,89,True,True,0.063967,fe382baeb3461e424c4fb5bcf3c22854,6
C_exact,8,512,2,18,B,91,True,True,0.035066,ab31338319e5a7d55b9c1a5f7f85b156,8
C_exact,8,512,2,18,B,92,True,True,0.076488,8381c9e31c2f12a12043ca08794aa3ab,0
C_exact,8,512,2,18,B,93,True,True,0.08083,0e218d80fb97fe73b4127ada1079be9c,4
C_exact,8,512,2,18,B,95,True,True,0.074568,ba6674cc24a5cc15aad92eff017c08cd,14
C_exact,8,512,2,18,B,96,True,True,0.065996,05703b46a5b9515df32ddaa5357d8c67,6
C_exact,8,512,2,18,B,94,True,True,0.088502,d15691745aca7b117cf35d89e5314630,12
C_exact,8,512,2,18,B,97,True,True,0.053968,643284584e74401b4310394a08735ff9,8
C_exact,8,512,2,18,B,98,True,True,0.027551,aff5d90bcc849e27759d57f6cc076148,0
C_exact,8,512,2,18,B,99,True,True,0.024412,aae2ef1ff8e7fcc966b22a2fe9d54b71,4
C_exact,8,512,2,18,B,100,True,True,0.02679,e6f33cb57a1081e0b963ec5cf7829f90,14
python_exact,8,512,2,18,B,11,True,True,0.086422,5d9b7b0f8bbcf417420a95fbf51c1578,6
python_exact,8,512,2,18,B,14,True,True,0.058398,b21a13faedbee8125328c97768e10636,0
python_exact,8,512,2,18,B,16,True,True,0.062388,9b7dbaf00056be77f9e9fdf5e7859b24,14
python_exact,8,512,2,18,B,12,True,True,0.097283,c574765cce66e5576b957cf7fdadc370,12
python_exact,8,512,2,18,B,13,True,True,0.090687,1f1f68b3513048f6a4281973322e6889,8
python_exact,8,512,2,18,B,15,True,True,0.090678,b2e9024e0332690aca9cca49986a3219,4
python_exact,8,512,2,18,B,17,True,True,0.053509,2d9a0bdc910e1b4f64f591631c6721f3,6
python_exact,8,512,2,18,B,20,True,True,0.043584,6e40056ed07c10da8781a45ee3e2cc2f,12
python_exact,8,512,2,18,B,19,True,True,0.044965,0b91e3a0d5a1b5a2fe44608f819abd3d,14
python_exact,8,512,2,18,B,21,True,True,0.047105,0021f9587ec79bd83d32dfe7c8f369cd,8
python_exact,8,512,2,18,B,18,True,True,0.078744,29ed375d819c937a344edbefc06349bb,0
python_exact,8,512,2,18,B,22,True,True,0.058816,c5b81565c3f5bba56e257b521bc1753c,4
python_exact,8,512,2,18,B,25,True,True,0.037484,c2d115be8e288e963457d133666e2af7,14
python_exact,8,512,2,18,B,23,True,True,0.067598,6bcce4f147e3a1276961d33aaed8b992,6
python_exact,8,512,2,18,B,26,True,True,0.047875,ffde317f8ec515163657f0d580243160,8
python_exact,8,512,2,18,B,24,True,True,0.057141,0bad1accebd5158d8e66af0033569d51,12
python_exact,8,512,2,18,B,27,True,True,0.055077,9c5db0b00620b3c7b409714e9656d4cf,0
python_exact,8,512,2,18,B,28,True,True,0.043095,a8f8137f9223479e3223f21435931fcd,4
python_exact,8,512,2,18,B,31,True,True,0.039841,8f14c1d59f4f448f61611a7a3545ca7d,8
python_exact,8,512,2,18,B,30,True,True,0.048152,907ef0df4babe860b1e46e8b6b6ce621,6
python_exact,8,512,2,18,B,29,True,True,0.072803,c956e6aef08b1f83ef12352229b84175,14
python_exact,8,512,2,18,B,32,True,True,0.05954,58d5a7a45985cd935b3c400781d0fcc4,12
python_pruning,8,512,2,18,T,96,True,True,4.083728,6d7629a5789c82fe1f84c77bfb889269,10
python_exact,8,512,2,18,B,33,True,True,0.070384,94c617559eaab35e7cf20fc6c7b780b0,0
python_exact,8,512,2,18,B,37,True,True,0.034338,0e07b348e1d4cff2d05c6e54e96fea5f,14
python_exact,8,512,2,18,B,38,True,True,0.057645,132369c8a45e0e0e1477b797e50d141a,12
python_exact,8,512,2,18,B,40,True,True,0.054978,6a6803c25ee03f1d95a38ea5004003de,0
python_exact,8,512,2,18,B,36,True,True,0.097484,3031f96717164bb60373abed0a485d72,6
python_exact,8,512,2,18,B,34,True,True,0.151004,7f87dd08a433409962725e230175909c,4
python_exact,8,512,2,18,B,35,True,True,0.119631,8c1148b3267ba5f45ede886399e06c4f,8
python_exact,8,512,2,18,B,41,True,True,0.093752,d9573aaea3e3f0e5aefc1bd35e308a8f,14
python_exact,8,512,2,18,B,39,True,True,0.132131,7bb442661f8e87d8e21ef63e6a6f8643,10
python_exact,8,512,2,18,B,44,True,True,0.068253,f391675ca860b95e639c992735f6fa51,6
python_exact,8,512,2,18,B,47,True,True,0.032165,5bc4f6ebeca537665f142fc15bf05c76,14
python_exact,8,512,2,18,B,46,True,True,0.06419,9da92b4bdea5fd7a4718ef8026c0f159,8
python_exact,8,512,2,18,B,48,True,True,0.037145,91db82e53a4012e8584f299c5139c307,10
python_exact,8,512,2,18,B,42,True,True,0.136521,eccdd9fc3c114c1336bb8ff86acb3935,12
python_exact,8,512,2,18,B,43,True,True,0.138452,67f1d185a68a0d3d94e1c52595f46eca,0
python_exact,8,512,2,18,B,50,True,True,0.061713,8378aed051e294754dfe24c9701d04df,14
python_exact,8,512,2,18,B,49,True,True,0.075026,e2793467010d7523b9161ddcaba12a4c,6
python_exact,8,512,2,18,B,52,True,True,0.04992,a7f2d698cb099775271debde18144308,10
python_exact,8,512,2,18,B,51,True,True,0.093673,d2fa9089f927e9a195986ea465fc879b,8
python_exact,8,512,2,18,B,55,True,True,0.039821,f0374fc6c8a980f30b157a5d3c5ca61d,14
python_exact,8,512,2,18,B,54,True,True,0.049252,526f045bc6b346ea916bb35d53485e27,0
python_exact,8,512,2,18,B,56,True,True,0.045539,332fa9c388a37a50ccc7b523933c2f08,6
python_exact,8,512,2,18,B,57,True,True,0.049905,c0d0f79bb19651a77725b6e9a43d6533,10
python_exact,8,512,2,18,B,59,True,True,0.042154,17bf32098e756dbefb4aaf7921c6a914,14
python_exact,8,512,2,18,B,53,True,True,0.102645,df871cdc49fdda5d9adb0e29d2c6326f,12
python_exact,8,512,2,18,B,60,True,True,0.048008,15572d73f433fac98efc458c3180c8d7,0
python_exact,8,512,2,18,B,58,True,True,0.071018,631865cbad9b04a40b1ab6a55c15fdbf,8
python_exact,8,512,2,18,B,61,True,True,0.059742,273c1752d9ab72143b68e9a24629a535,6
python_exact,8,512,2,18,B,45,True,True,0.247877,d6c03dd12ff5f771eab68b482eea0b72,4
python_exact,8,512,2,18,B,62,True,True,0.085469,8fab8425312301f6cb0dcd4020fcd8e2,10
python_exact,8,512,2,18,B,63,True,True,0.06536,0ef39a5850b0f312f449cab51c32653e,14
python_exact,8,512,2,18,B,67,True,True,0.049533,b822042ebd7575734f2f5a1d52f2d91c,6
python_exact,8,512,2,18,B,64,True,True,0.086638,c4e0179b03e3d3c77dbe84199a9572f8,12
python_exact,8,512,2,18,B,65,True,True,0.082539,e1cc6cf20292804507acec5f066e737a,0
python_exact,8,512,2,18,B,68,True,True,0.07035,41c10f50cb39babca178bad3fc405b7f,4
python_exact,8,512,2,18,B,66,True,True,0.090029,9cabce712e3a38a562aead8d5a6b2119,8
python_exact,8,512,2,18,B,70,True,True,0.045717,5df3e88c992e11e5e0e79c39a267fb87,14
python_exact,8,512,2,18,B,71,True,True,0.057337,0401d7b3516f10cbe4c8166496a70486,6
python_exact,8,512,2,18,B,74,True,True,0.039298,c3bcc601e93a6f74f468f2095ec91403,4
python_exact,8,512,2,18,B,69,True,True,0.090902,797cc2c91bdd2b298820d5ffd31e9d0c,10
python_exact,8,512,2,18,B,75,True,True,0.046994,2df5c390cc8bd1a625fe0cbc692cf140,8
python_exact,8,512,2,18,B,76,True,True,0.049909,61602a9ab252612a3cf97793c536944b,14
python_exact,8,512,2,18,B,78,True,True,0.037721,dff50f656911504a4360eee59afe4e9f,4
python_exact,8,512,2,18,B,73,True,True,0.096148,ba23f0a9bd286e43ab1ef2097b63319a,0
python_exact,8,512,2,18,B,77,True,True,0.066553,8f9daf6290453a352f7d1cfe728e25ba,6
python_exact,8,512,2,18,B,79,True,True,0.057237,a7abf523179ef3e86bfabde7035570e5,10
python_exact,8,512,2,18,B,81,True,True,0.059796,0917d7cf484f0c8898118be5e0ae1102,14
python_exact,8,512,2,18,B,82,True,True,0.052264,18947236dd8d21d65539950518825dae,4
python_exact,8,512,2,18,B,83,True,True,0.051866,afdee09480b1e737960a868dcf041739,0
python_exact,8,512,2,18,B,80,True,True,0.094727,bc631da6a305839c76d59c6e830669ef,8
python_exact,8,512,2,18,B,72,True,True,0.182665,5e1fd37f04bb59a9d4b76a84af35f825,12
python_exact,8,512,2,18,B,84,True,True,0.073517,d863d447759f8409b0798ce40ed1d211,6
python_exact,8,512,2,18,B,85,True,True,0.068109,1bcd5faf203bd170d87cb9e2f4e5b9e0,10
python_exact,8,512,2,18,B,86,True,True,0.06502,940626f83f789d0550321e0527e2e935,14
python_exact,8,512,2,18,B,87,True,True,0.057323,767cc916aa2f68ed557eadc822dca6e9,4
python_exact,8,512,2,18,B,92,True,True,0.040024,db206699fe7502518ea9e7ed903cae08,10
python_exact,8,512,2,18,B,89,True,True,0.075958,be92b482ea8a5f8f6c0059cd33bab8b1,8
python_pruning,8,512,2,18,T,88,True,True,5.475781,17a12930c4de3f0b6af901007ecdd3e3,2
python_exact,8,512,2,18,B,90,True,True,0.070964,c59ef2ff360d698b1f23e190d756acd0,12
python_exact,8,512,2,18,B,93,True,True,0.045722,d5d99adc8ea8657f34007b051176d95d,14
python_exact,8,512,2,18,B,91,True,True,0.083395,3ecbed6c7d3426c7a11f6db888932f48,6
python_exact,8,512,2,18,B,88,True,True,0.117235,f78c4c4c5d7f433af0337073c6e8127c,0
python_exact,8,512,2,18,B,99,True,True,0.038104,2d01c59d709c6c31dc8710da758befef,14
python_exact,8,512,2,18,B,94,True,True,0.095946,4f2350a97454dca0a9ba0415c49630cc,4
python_exact,8,512,2,18,B,96,True,True,0.063404,2c01c78aa536be6f58d0a0ea02ef3b11,8
C_exact,8,512,3,26,A,11,True,True,0.023443,abb875afbd2612cc5e57560731815f88,0
python_exact,8,512,2,18,B,97,True,True,0.059707,a9cc6a1d686150a1d0a5b2d36310fefe,2
python_exact,8,512,2,18,B,95,True,True,0.071708,3e12ecbc603843dbc89dee236ef5b935,10
C_exact,8,512,3,26,A,12,True,True,0.022729,fbabb86b11c70c09f7b07d8162f9e76c,14
python_exact,8,512,2,18,B,98,True,True,0.083361,f05af340a3493ca64085a347e1d2d935,12
python_exact,8,512,2,18,B,100,True,True,0.073011,a1955ff33a3774adae6e9f7dc8fb1b8c,6
C_exact,8,512,3,26,A,15,True,True,0.061772,dc5e97c2d249525134459a44aa723e8f,0
C_exact,8,512,3,26,A,16,True,True,0.058861,1cea2e5e70c68146db9bb83d27dc9bb3,2
C_exact,8,512,3,26,A,13,True,True,0.113769,2de7341cb179f4083b7257f813b0bbb3,4
C_exact,8,512,3,26,A,19,True,True,0.07732,3d7ad666aea1c1b308a374b719e1d4e2,12
C_exact,8,512,3,26,A,18,True,True,0.085035,d7c2e7236527eb9ced02be9e7b8a38f0,14
C_exact,8,512,3,26,A,14,True,True,0.115547,f2d658b042863191d491a8dcf3cf7a9c,8
C_exact,8,512,3,26,A,22,True,True,0.044473,fb259a644b39a13aa5cb159921018780,2
C_exact,8,512,3,26,A,17,True,True,0.106908,b707e2a3bd96bc2c4a005d376138db3a,10
C_exact,8,512,3,26,A,21,True,True,0.04645,04bd2cefab0b7a504cb8c834771b1e19,0
C_exact,8,512,3,26,A,20,True,True,0.077943,d384e632ee2fe8622059297075fb0b7c,6
C_exact,8,512,3,26,A,23,True,True,0.039495,2eace39246a398907896c3e718dad49f,4
C_exact,8,512,3,26,A,24,True,True,0.046094,649360d45bba7b5229fcb2cf34e1ea4d,12
C_exact,8,512,3,26,A,25,True,True,0.038852,c9390eaa0b83089df64b6682f547ff60,14
C_exact,8,512,3,26,A,27,True,True,0.045182,eef69dd1f58fd4564d8772af8dfb57c2,2
C_exact,8,512,3,26,A,33,True,True,0.021907,356a1188b50262f8f5f2312a7ad287c6,14
C_exact,8,512,3,26,A,29,True,True,0.060235,026423c66e1d4f481f6b807d53eae579,0
C_exact,8,512,3,26,A,30,True,True,0.056654,f8c505abcb97a661aae08f7be1592d31,6
C_exact,8,512,3,26,A,28,True,True,0.072042,ca9fbc74495df2d9b1306d50c33ab122,10
C_exact,8,512,3,26,A,34,True,True,0.03942,f6f9c11ef6346356be0ca1659856eceb,2
C_exact,8,512,3,26,A,26,True,True,0.122682,7aa213d5c81cc0629e976301ccaefad6,8
C_exact,8,512,3,26,A,32,True,True,0.095685,364c757c3de938905b4ac02bdeab5304,12
C_exact,8,512,3,26,A,36,True,True,0.055933,6975e2e94a0749cdc5f379f4f7c939c1,14
C_exact,8,512,3,26,A,35,True,True,0.055299,a03f46e2a11a377b88c4cb556f585bdf,0
C_exact,8,512,3,26,A,31,True,True,0.115737,13c7b3bd70f26ed9d5353415ce71a4b9,4
C_exact,8,512,3,26,A,39,True,True,0.0574,b90353b6cafcd4407eb4acf53e6aa81c,2
C_exact,8,512,3,26,A,37,True,True,0.098505,476d41ddafe1c5be268aee0e45bb1657,6
C_exact,8,512,3,26,A,38,True,True,0.092208,20d8c941971f4390bd8ad62104aa35ca,10
C_exact,8,512,3,26,A,40,True,True,0.06017,5b4ebac14de81330145c9a939ef884ac,8
C_exact,8,512,3,26,A,42,True,True,0.026301,199aa0b8eddde4ccca1171ee5d28af63,14
C_exact,8,512,3,26,A,41,True,True,0.027084,197f9429d2c37ef7e432f92ad5ea43da,12
C_exact,8,512,3,26,A,43,True,True,0.032651,6ef65bd5828a03ba859a7f69d4302add,0
C_exact,8,512,3,26,A,44,True,True,0.036781,fa7e474e963d0fea48516431c0a2a16b,4
C_exact,8,512,3,26,A,45,True,True,0.026553,e9bd74a1d34440180a8e475f54cf973b,2
C_exact,8,512,3,26,A,47,True,True,0.11891,3d2de2cea4cea2fea4ba32388b907af8,10
C_exact,8,512,3,26,A,48,True,True,0.115684,1c86e1729ed16703d970f34a2e8c231f,8
C_exact,8,512,3,26,A,50,True,True,0.113926,abd2b45d852b2c93a15ff7363ceb84c7,12
C_exact,8,512,3,26,A,53,True,True,0.104426,07bc723ba4fb435780c6ed53c3692ab0,2
C_exact,8,512,3,26,A,51,True,True,0.116205,82a0829565aae310bc387bec1295ddf8,0
C_exact,8,512,3,26,A,52,True,True,0.11399,170ac4a1a51535ebf0afe39698554380,4
C_exact,8,512,3,26,A,46,True,True,0.140848,129b5672159845d039079bf784b85d70,6
C_exact,8,512,3,26,A,49,True,True,0.125033,ed43b10ef7e583c409fd18c2eaba1ab8,14
C_exact,8,512,3,26,A,55,True,True,0.049355,cd7f3a8831646a18928d709dfb64730d,8
C_exact,8,512,3,26,A,54,True,True,0.049529,6b932d67bba2c0a74163f8e4fa1b7cce,10
C_exact,8,512,3,26,A,60,True,True,0.048046,f171a48c8554d7f7afb145a71083ba1e,6
C_exact,8,512,3,26,A,57,True,True,0.051586,91ae4018022f1d41d9ce02395a1d6568,0
C_exact,8,512,3,26,A,56,True,True,0.052923,12c3c5d251bfe73729db3625f9f2749d,12
C_exact,8,512,3,26,A,61,True,True,0.047436,8820d48778cb7007ebdca1de52189f0a,14
C_exact,8,512,3,26,A,58,True,True,0.0514,08963480dfe430a447860c25c0a8fe2a,2
C_exact,8,512,3,26,A,62,True,True,0.024422,91a4aecc94a1dc437e37046e2d05eaec,8
C_exact,8,512,3,26,A,59,True,True,0.051314,70ffd5c6b0d473e7c6047bef284a74e8,4
C_exact,8,512,3,26,A,64,True,True,0.053892,e8029569bd4db2e9d5077cddba604368,6
C_exact,8,512,3,26,A,67,True,True,0.054547,1780e3b77569d6ae625f3c147f0c137c,14
C_exact,8,512,3,26,A,68,True,True,0.063111,00b00a8925b9f64b3a4319e2a1a56980,2
C_exact,8,512,3,26,A,65,True,True,0.053025,133ca77e826b58896f64ba41cc46a26a,0
C_exact,8,512,3,26,A,70,True,True,0.027213,32b1749063c930cd083000f564e9aaa2,4
C_exact,8,512,3,26,A,66,True,True,0.053749,e8d1bd42256fdd5386cfef15004bfd06,12
C_exact,8,512,3,26,A,63,True,True,0.06331,0929661512f0f35b6ce5c52fea2808ed,10
C_exact,8,512,3,26,A,69,True,True,0.039453,8b9df807f2a44017cc0903de0af9c968,8
C_exact,8,512,3,26,A,72,True,True,0.046252,13cb94901c992692b96c21c9bc5b736d,14
C_exact,8,512,3,26,A,73,True,True,0.055421,67deb654b6366723e92f2af81b1ec3a6,2
C_exact,8,512,3,26,A,71,True,True,0.065432,5e82728a2594c39ab8c273ee1c8e6e84,6
C_exact,8,512,3,26,A,75,True,True,0.067869,9bacf05fc28d0637562583dc7ef25568,4
C_exact,8,512,3,26,A,76,True,True,0.07882,3c343716f46774db890d36fb1e6dc912,12
C_exact,8,512,3,26,A,77,True,True,0.079845,dfc63aa21cdaf47633421cb358832e4e,10
C_exact,8,512,3,26,A,79,True,True,0.039394,16fcbe1a240afc70be2364aa6d7ef83e,14
C_exact,8,512,3,26,A,74,True,True,0.10472,472491c8edb6820365bdcdfa874a1dc9,0
C_exact,8,512,3,26,A,78,True,True,0.083056,9d54216ce3ad8a97124d48d10509a256,8
C_exact,8,512,3,26,A,80,True,True,0.027182,738448941093037210b8df459651bf98,2
C_exact,8,512,3,26,A,82,True,True,0.02262,7bee3fd54fa3349a59f6f6a9b2f2eada,4
C_exact,8,512,3,26,A,81,True,True,0.029137,b659336c1815b8143213f46b94f4e944,6
C_exact,8,512,3,26,A,84,True,True,0.030801,8073bf8963b3549290b06dd9405febd5,10
C_exact,8,512,3,26,A,85,True,True,0.026995,99af8a070e5b303180325e25c3baeaf2,14
C_exact,8,512,3,26,A,83,True,True,0.031998,6270a665420a2bbafc0950cd6e25537a,12
C_exact,8,512,3,26,A,86,True,True,0.046803,b415449053a7eeb505f25c1a430423dd,0
C_exact,8,512,3,26,A,90,True,True,0.078507,86a3836a46ad5e5365b4c024b69291d9,6
C_exact,8,512,3,26,A,88,True,True,0.080152,eff704453dd95443e169838016f44a03,2
C_exact,8,512,3,26,A,89,True,True,0.079938,d079061314608b240e32d3c8d1f4eeef,4
C_exact,8,512,3,26,A,87,True,True,0.075276,67b4445cb1cfe0db6d685fea977e7813,8
C_exact,8,512,3,26,A,93,True,True,0.053063,afcc03d429a347a7098fb03f1b4c91a9,12
C_exact,8,512,3,26,A,92,True,True,0.054557,70557d893164868c7ddc4257dc476c04,14
C_exact,8,512,3,26,A,91,True,True,0.06056,99622451cdb59778035c1185aea9e320,10
C_exact,8,512,3,26,A,94,True,True,0.049864,20f6f5e10f1ba28e073619f469df639f,0
C_exact,8,512,3,26,A,97,True,True,0.028474,a9f69558e611f934ead8bfb77a9ba213,4
C_exact,8,512,3,26,A,95,True,True,0.036145,3856459535789039e557bb289710ce16,2
C_exact,8,512,3,26,A,96,True,True,0.034835,62668747af1100e7f0142bb42e267ffc,6
C_exact,8,512,3,26,A,98,True,True,0.034028,15e6f4b182d0626394cb284c6c583eb9,8
C_exact,8,512,3,26,A,99,True,True,0.03675,ac93ac41a0c682c8489c7a0dbb8c654d,12
C_exact,8,512,3,26,A,100,True,True,0.045284,5ed022cf66fb8e4821fc03e118424b6a,14
python_exact,8,512,3,26,A,12,True,True,0.057819,6e8b24a265a789db5611b471c1f0d82b,0
python_exact,8,512,3,26,A,14,True,True,0.036654,b8c73fac9cba6255d76e24a91f21acf8,2
python_exact,8,512,3,26,A,16,True,True,0.056053,567d922134fbe98090ad5de82598d4b6,8
python_exact,8,512,3,26,A,15,True,True,0.063415,435a17a78b48069a86eda720acb621cc,6
python_exact,8,512,3,26,A,11,True,True,0.092687,4426331f28d5e315f751b362eef05d61,10
python_exact,8,512,3,26,A,13,True,True,0.082465,0a6221c2c940df9ca71aa40034b570b0,4
python_exact,8,512,3,26,A,22,True,True,0.035356,45f57ad28fbd0764d14ea866d0877c8a,6
python_exact,8,512,3,26,A,17,True,True,0.077356,becec33d616e9e9bf6470782676b94e9,12
python_exact,8,512,3,26,A,18,True,True,0.076658,a116a0c708545d05799167c1ac5a7a35,14
python_exact,8,512,3,26,A,19,True,True,0.081049,c50d7c1f9d2223dc6a457ffafd610379,0
python_exact,8,512,3,26,A,20,True,True,0.07419,b7845ca321f358a22d2ddfc37c23483d,2
python_exact,8,512,3,26,A,24,True,True,0.058827,027c3496753dd24ed0e631712e6d51b1,4
python_exact,8,512,3,26,A,21,True,True,0.078038,47f769a2ad552ed862d3888609017864,8
python_exact,8,512,3,26,A,23,True,True,0.07378,fb0446e2e9a36a0d7f14512925ab41e3,10
python_exact,8,512,3,26,A,25,True,True,0.045785,d922cedc09cba843b1a3f80df8a312e2,6
python_exact,8,512,3,26,A,26,True,True,0.057562,51598cbb97cff025de6925a7a327c080,12
python_exact,8,512,3,26,A,27,True,True,0.056779,168f70407b78c4bb631ae72a4e75476e,14
python_exact,8,512,3,26,A,29,True,True,0.050457,93dda0de24f0a0511719cf0b26de5884,2
python_exact,8,512,3,26,A,32,True,True,0.045996,8f9008f5a035f15e1581b5e3cdee66eb,10
python_exact,8,512,3,26,A,31,True,True,0.06319,216ec907ed344102b6d8e867cd69f1b8,8
python_exact,8,512,3,26,A,36,True,True,0.035675,d3473fe01e0e5c3b2808860abe94ff7e,2
python_exact,8,512,3,26,A,30,True,True,0.075834,8139be4e3bdca9e825c3fbe5a12708cd,4
python_exact,8,512,3,26,A,35,True,True,0.049904,f91791bd03b7e2c3bec69079d05a7674,14
python_exact,8,512,3,26,A,33,True,True,0.072614,97cacd299580ca6e24dc67b3a06fa4aa,6
python_exact,8,512,3,26,A,34,True,True,0.057434,3fb587525748b1512ade97a5ac1907c5,12
python_exact,8,512,3,26,A,28,True,True,0.116887,2aa4311ac6dac5cd2824f9f7d2baed41,0
python_exact,8,512,3,26,A,37,True,True,0.065382,3a52b013561ceaf5f219991569e1c0fc,10
python_exact,8,512,3,26,A,42,True,True,0.034662,cf0380b7ad4642db6b5f6c5329b9c1b5,6
python_exact,8,512,3,26,A,40,True,True,0.044329,609bc5809739ad2515a269038a19159a,4
python_exact,8,512,3,26,A,38,True,True,0.058472,d66588029676aaf4b9b0440d379dae9d,8
python_exact,8,512,3,26,A,39,True,True,0.053028,c74b5b4290e0446bf87a5a42c5ad78ab,2
python_exact,8,512,3,26,A,41,True,True,0.045601,b9592a2e223cbe246344e78211f427fd,14
python_exact,8,512,3,26,A,45,True,True,0.037052,c2a57c8fc34f7c450d3312bc88df69d4,10
python_exact,8,512,3,26,A,47,True,True,0.035805,180337769e329b8c0692407f9fabbb0c,4
python_exact,8,512,3,26,A,46,True,True,0.053465,3415dfe747157a42730e2ecc5f524350,6
python_exact,8,512,3,26,A,43,True,True,0.055025,975717cdb99cac152fc037db6c3724b4,12
python_exact,8,512,3,26,A,44,True,True,0.08117,b62776a60deb2cb4f5848a8fa6776977,0
python_exact,8,512,3,26,A,48,True,True,0.073855,f314dab0b9edbc5d46705fe378cd755b,8
python_exact,8,512,3,26,A,51,True,True,0.043381,d1963dea696711ebc5c8aa8c18e5d725,10
python_exact,8,512,3,26,A,49,True,True,0.097022,1b9055ffd3b2aca1394643e0b4dd2cc9,2
python_exact,8,512,3,26,A,52,True,True,0.075488,647fb10f161eaa86b02e3be2300c6296,4
python_exact,8,512,3,26,A,53,True,True,0.037257,e04f7cf7b266272ebbb9cb6a1f87750e,6
python_exact,8,512,3,26,A,55,True,True,0.057363,1e600926863b734e11c5cbcd75b88f0c,0
python_exact,8,512,3,26,A,50,True,True,0.121584,845d6254daea4aab341b165110d10cec,14
python_exact,8,512,3,26,A,59,True,True,0.035757,7ca42e1d23889db8801fe2988dc1a834,4
python_exact,8,512,3,26,A,54,True,True,0.095519,86dc01d7818dd7068bad1a3d36ce4ecd,12
python_exact,8,512,3,26,A,58,True,True,0.058429,0dcc284fc34f6b30d60dd85ada5c2a3b,2
python_exact,8,512,3,26,A,56,True,True,0.077591,ca46fb9707cf31df7f1f93c7c45ff151,8
python_exact,8,512,3,26,A,57,True,True,0.039055,d6def7eaa6461a6dd3dc0b3816be3118,10
python_exact,8,512,3,26,A,61,True,True,0.044196,6b0ad4278069badefbbda2f11808c217,0
python_exact,8,512,3,26,A,60,True,True,0.06127,12579517b92a34b4ae8809d14e94f230,6
python_exact,8,512,3,26,A,64,True,True,0.053102,0fa301a092d9d75ef73440058a198eef,12
python_exact,8,512,3,26,A,65,True,True,0.049502,ce0a2e5beb2d454d372ed48364226427,8
python_exact,8,512,3,26,A,69,True,True,0.033978,9d110e5fdba68968364a068e40b0cc41,6
python_exact,8,512,3,26,A,67,True,True,0.041771,b242a3dc6eed310462ab78640c1a8e09,10
python_exact,8,512,3,26,A,62,True,True,0.06825,37e6b9b1b7a0012b1d0023244c08e4de,14
python_exact,8,512,3,26,A,66,True,True,0.049849,15caac40826643742d8550581b6b3efa,2
python_exact,8,512,3,26,A,63,True,True,0.093114,5e27bbfabc137535c76f837d75107c22,4
python_exact,8,512,3,26,A,73,True,True,0.043996,96c9088856f14233818de106e904bf90,10
python_exact,8,512,3,26,A,72,True,True,0.045099,f603108f312a315f9320d411d40f7753,6
python_exact,8,512,3,26,A,70,True,True,0.057794,4fd86843ec7bbc48af312593b8d10ddb,12
python_exact,8,512,3,26,A,71,True,True,0.057854,7af84d718723509af4676ef5d9361bb7,8
python_exact,8,512,3,26,A,68,True,True,0.105933,4b47ca1475e382925393f1bc980f30e4,0
python_exact,8,512,3,26,A,75,True,True,0.051981,89e7d0d4c964b2f4bda3b38fa0859624,2
python_exact,8,512,3,26,A,74,True,True,0.091597,1b3f13c2f99ac3435d7e267c1cdffc60,14
python_exact,8,512,3,26,A,77,True,True,0.047947,937382ece09db5e6c0e199f26ae62ec8,10
python_exact,8,512,3,26,A,76,True,True,0.072303,0c4dec9d8305e1d96e1b01c86f44fcd3,4
python_exact,8,512,3,26,A,78,True,True,0.069514,6c9d4561b45f29c79754af4458e7248a,6
python_exact,8,512,3,26,A,81,True,True,0.046094,f7f9f9a9417bba9713b0a5f7b16f3175,0
python_exact,8,512,3,26,A,82,True,True,0.044878,952e6b0d7feecebcdbd7782c7723c602,2
python_exact,8,512,3,26,A,79,True,True,0.098534,13b0c1fe7c79545083078dd3737ba0f8,12
python_exact,8,512,3,26,A,80,True,True,0.097315,55a0626c2aff2cfeb252e73a5d3d984e,8
python_exact,8,512,3,26,A,85,True,True,0.056511,d4d613458c13c29c1e1733113c059924,4
python_exact,8,512,3,26,A,84,True,True,0.070201,4620f2de101dc712f17a11b90decd1d6,10
python_exact,8,512,3,26,A,86,True,True,0.051922,7e460e438ba6d7a55b39109e05f0851b,6
python_exact,8,512,3,26,A,87,True,True,0.071828,c7a846fa135a26b704c863f474221c0b,0
python_exact,8,512,3,26,A,88,True,True,0.067693,e1f01f7ed8d76817ffa668a82758559f,2
python_exact,8,512,3,26,A,93,True,True,0.03376,cadfb33d2403e2ec5ca51d42abf08f15,6
python_exact,8,512,3,26,A,83,True,True,0.088146,0c4e7f682f8009c746d3deeba9c287de,14
python_exact,8,512,3,26,A,92,True,True,0.035949,3e1b3313968377c9e074a6eeae4a6c6b,10
python_exact,8,512,3,26,A,90,True,True,0.076577,40c463fe92e1dd84888ef60dd5a73ebb,8
python_exact,8,512,3,26,A,89,True,True,0.080414,3736c4087db360a6e26f75ad67011303,12
python_exact,8,512,3,26,A,95,True,True,0.033522,e7717f075ddc4f18d9ce67d722725565,2
python_exact,8,512,3,26,A,91,True,True,0.076882,f2778b937047cb555cb0ce0e0824684a,4
python_exact,8,512,3,26,A,98,True,True,0.059117,75ca6f30d8fe5f5b9fd08392eceec4ac,10
python_exact,8,512,3,26,A,96,True,True,0.058399,1bd8626d4b836d0b0ca89cbfdf6206ad,6
C_exact,8,512,3,26,T,11,True,True,0.026593,8c26c7315a3340a4a977c516011ff02c,2
C_exact,8,512,3,26,T,12,True,True,0.02282,8610a0817416d53718932505c0db6c1b,4
python_exact,8,512,3,26,A,100,True,True,0.054357,5f2fbb417d32ff9710864180e5f17765,12
python_exact,8,512,3,26,A,97,True,True,0.081753,a4fe2e82926bede8fe6af80cec4beab7,14
python_exact,8,512,3,26,A,94,True,True,0.097707,611e3c00bc9e2c832f3052a615b1a632,0
python_exact,8,512,3,26,A,99,True,True,0.090251,6493fb2551bc98ecffa7437cd1c6bd63,8
C_exact,8,512,3,26,T,13,True,True,0.057518,8ab9c4087e467fdc5fde0c11b2271fde,10
C_exact,8,512,3,26,T,16,True,True,0.072597,74d15c3695f4025fad5f5ae334af3302,4
C_exact,8,512,3,26,T,14,True,True,0.08609,4843a3f3379ddaa15682e1fe890c0df2,6
C_exact,8,512,3,26,T,18,True,True,0.084654,72ddc5e389045b67a1bd894a7b0c2d2b,14
C_exact,8,512,3,26,T,15,True,True,0.100009,69beceeade1f213956f4c427dbd42f80,2
C_exact,8,512,3,26,T,20,True,True,0.065291,9fd7e617411b60d69f4558aa23837dc6,8
C_exact,8,512,3,26,T,17,True,True,0.09503,d9242baf402a8f27c08526734e956b59,12
C_exact,8,512,3,26,T,21,True,True,0.049508,971b26795c91d3650bbae168760b7f61,10
C_exact,8,512,3,26,T,23,True,True,0.0212,e0289a7ced94672037ad037b02c3dac0,6
C_exact,8,512,3,26,T,19,True,True,0.088716,8a4b132c381b365262f81d8a20446784,0
C_exact,8,512,3,26,T,22,True,True,0.028811,6b336e749ec7e9c433de38915b49c517,4
C_exact,8,512,3,26,T,25,True,True,0.040218,6a666b1a0b46efea472c54428a1d5f14,2
C_exact,8,512,3,26,T,24,True,True,0.04356,8980174d57c331a10cf535484beadc0d,14
C_exact,8,512,3,26,T,28,True,True,0.029512,4a5bf712a5af97ae77dddcf0c2e35a49,10
C_exact,8,512,3,26,T,29,True,True,0.032788,33e68769730f3e8cfb6e5b34a6acadd2,6
C_exact,8,512,3,26,T,26,True,True,0.041944,7d666c381c8868449cd5a9e008684932,8
C_exact,8,512,3,26,T,30,True,True,0.023426,e851e18fe4c928d50f6763dd2c8a3acc,0
C_exact,8,512,3,26,T,31,True,True,0.031718,c7d8ba8658f918787819d7fe4a4c404e,4
C_exact,8,512,3,26,T,27,True,True,0.051343,efa1dbb4807c4f9d10d8cb617f979e6b,12
C_exact,8,512,3,26,T,32,True,True,0.047287,2ea4c6191971bd541de780ba11618ba0,2
C_exact,8,512,3,26,T,39,True,True,0.071129,7c2da06ceef984b1cc849f49e35d1267,12
C_exact,8,512,3,26,T,35,True,True,0.08718,f2e702ccf81ee8b3c6845d2be5492562,6
C_exact,8,512,3,26,T,33,True,True,0.093111,f5bdb14f525678d10c3248301637099e,14
C_exact,8,512,3,26,T,40,True,True,0.042446,121ccae7f1ef4f5d9c8ce0e605eb16c6,2
C_exact,8,512,3,26,T,36,True,True,0.090124,40f3c338125d90befc6d5c5dc6647f4f,8
C_exact,8,512,3,26,T,37,True,True,0.080575,d2fe35da5e60f4d7d7d87f18d1529193,0
C_exact,8,512,3,26,T,34,True,True,0.085112,d7adfd0916318af1312beecbecb972a7,10
C_exact,8,512,3,26,T,38,True,True,0.074513,2a492323240faa2c3b82bec5f3d63e65,4
C_exact,8,512,3,26,T,42,True,True,0.023682,ae1dfaa20fcff548c8f3469dc907a944,6
C_exact,8,512,3,26,T,46,True,True,0.03818,b9590034d119d84223f18ae0f30295d5,0
C_exact,8,512,3,26,T,43,True,True,0.044615,81634802b243f93f9324240f311271be,14
C_exact,8,512,3,26,T,47,True,True,0.052159,cb3afec6d0ebe8bc3c48c4da89139da0,10
C_exact,8,512,3,26,T,48,True,True,0.040951,5ab65bb925b38b0ebb5b0e945524b7bb,4
C_exact,8,512,3,26,T,44,True,True,0.100086,853bcaf21f2f917bf298a454bb5c76f2,2
C_exact,8,512,3,26,T,51,True,True,0.040238,c3918ba71387ff0b9be4f581968b4b02,14
C_exact,8,512,3,26,T,45,True,True,0.096342,42118c2a2ea7cd477f8b8117d9f9d246,8
C_exact,8,512,3,26,T,49,True,True,0.061088,5cf8b82aaefdbdfe521bd2b7c3e31d15,6
C_exact,8,512,3,26,T,41,True,True,0.101186,765152bb38f65638733ff6a398ce7a10,12
C_exact,8,512,3,26,T,50,True,True,0.042466,891cadc671c18747e08a446d3b2f2a2e,0
C_exact,8,512,3,26,T,52,True,True,0.0402,a687f5b2c43c22d8e29f2c08cb69ace3,10
C_exact,8,512,3,26,T,53,True,True,0.034089,c28f3805c57ccb1aa1712ef271808d6c,4
C_exact,8,512,3,26,T,55,True,True,0.082809,1c26f723a0879a566a68884a90b31fd3,14
C_exact,8,512,3,26,T,58,True,True,0.084956,108fd35a1a6a86f72b010f1285038a15,12
C_exact,8,512,3,26,T,57,True,True,0.08252,5cbf5dfb9a40827232489ea80a6ec84e,6
C_exact,8,512,3,26,T,59,True,True,0.070705,b79e3eb66082a00f16c8986e535d3a84,0
C_exact,8,512,3,26,T,54,True,True,0.099396,791b52f8315732945e790dd6149eb6d6,2
C_exact,8,512,3,26,T,60,True,True,0.074896,12d14a4dced8452035bf53881d6ee5c0,10
C_exact,8,512,3,26,T,56,True,True,0.095862,d47d0cc21ef16d167798fd501c71d478,8
C_exact,8,512,3,26,T,61,True,True,0.080072,c4679c9a8b313955476b8eceb7fb01f5,4
C_exact,8,512,3,26,T,62,True,True,0.20097,f0b39810e428ba7e9cd9906a00e63fe6,14
C_exact,8,512,3,26,T,64,True,True,0.211761,eee648202064454e0d43c9184df790f6,6
C_exact,8,512,3,26,T,65,True,True,0.224745,953d181188335ced26a6899bfe91f791,0
C_exact,8,512,3,26,T,67,True,True,0.245302,8ba6f6f04a8e5f8d78a6584909af908d,10
C_exact,8,512,3,26,T,69,True,True,0.220771,92bee6f9f0de3e4e6f5f5a84789ee886,4
C_exact,8,512,3,26,T,63,True,True,0.257361,da6c17a7288d5aadbcf6d0547f447033,12
C_exact,8,512,3,26,T,70,True,True,0.052285,730329a0ceb55d46d755b9cea88a65d6,14
C_exact,8,512,3,26,T,66,True,True,0.252114,b5bd2a6fcbca48084d6f73c18a6948bb,2
C_exact,8,512,3,26,T,68,True,True,0.24801,dd647a4bee15c692b7152b13e109021d,8
C_exact,8,512,3,26,T,71,True,True,0.084725,a6d686acb1cf8cadc3dba817e583f432,6
C_exact,8,512,3,26,T,78,True,True,0.065429,5139fee31e46fa12e316c5942a3559f7,8
C_exact,8,512,3,26,T,72,True,True,0.081089,b31876d536774427ef19e519dc7c5f0e,0
C_exact,8,512,3,26,T,74,True,True,0.076681,bd437e609ce0a5d311f84fb4836ff677,4
C_exact,8,512,3,26,T,76,True,True,0.097727,dc3de3f816d4bf61c5bdcbf829a2a188,14
C_exact,8,512,3,26,T,73,True,True,0.111634,3046dd959e077ca7cdb1aeeb3d8e07b9,10
C_exact,8,512,3,26,T,75,True,True,0.108687,7f1630f7dec351208cbbd40ff9dd13b6,12
C_exact,8,512,3,26,T,77,True,True,0.076103,e5ab8ccfb79468f2b5e887ee6d7f7c92,2
C_exact,8,512,3,26,T,81,True,True,0.029248,e1425c0414a10274eb6659c51b7b02e7,0
C_exact,8,512,3,26,T,79,True,True,0.034637,57fce15669ec96d61317cda95964aff9,6
C_exact,8,512,3,26,T,80,True,True,0.033012,366d38cd3a27ee6b0c2625a17e1e1792,8
C_exact,8,512,3,26,T,82,True,True,0.029592,e5b32b33fff308adc097a6633079d328,4
C_exact,8,512,3,26,T,85,True,True,0.050947,6d0db585be64f71e424b9396fd84e3ff,12
C_exact,8,512,3,26,T,83,True,True,0.055393,c763d06aa77683e8f214603c858682c4,14
C_exact,8,512,3,26,T,86,True,True,0.044918,c450f70861954ae65d7cc6b6aa753b64,2
C_exact,8,512,3,26,T,84,True,True,0.06468,c2e39e1fb6dfd8b621464ffee7fa5391,10
C_exact,8,512,3,26,T,89,True,True,0.046234,d32c80c2b06f51fd921e9f6a10c5a376,8
C_exact,8,512,3,26,T,87,True,True,0.054842,ccefcdfe22237d096e890f1cf3e25ac5,0
C_exact,8,512,3,26,T,90,True,True,0.033931,1c638dfb101dfdc4dd70796d9ada1fd7,4
C_exact,8,512,3,26,T,88,True,True,0.045357,28f16dd01621eaad5977a015982c02e9,6
C_exact,8,512,3,26,T,92,True,True,0.033889,8f8f3790822a7b45b4a5e967b30fbe95,14
C_exact,8,512,3,26,T,91,True,True,0.035437,347cb027a3987ab90abe5f53b8296fe6,12
C_exact,8,512,3,26,T,93,True,True,0.028391,a42cc55457c20432922ec14e3f5d492b,2
C_exact,8,512,3,26,T,94,True,True,0.028613,3eab5e96921bd06e97875cc7d625d51a,10
C_exact,8,512,3,26,T,95,True,True,0.030633,1a2488cf75708f79e171c78474220266,8
C_exact,8,512,3,26,T,96,True,True,0.039909,ffdb2d589a702e9305152154ed13e713,0
C_exact,8,512,3,26,T,97,True,True,0.05283,c94749bb231d629d22952b81bd2f3b40,4
C_exact,8,512,3,26,T,100,True,True,0.041709,b07b0fa73edabe061e070abcc2c87fec,12
C_exact,8,512,3,26,T,98,True,True,0.051684,f7a61da718c0cbf17001e5664bee23e0,6
C_exact,8,512,3,26,T,99,True,True,0.044148,375022d1704d908ed4afa83a77ec0b29,14
python_exact,8,512,3,26,T,11,True,True,0.0564,62029c8d7427cfdacc4a805b04852964,2
python_exact,8,512,3,26,T,15,True,True,0.041086,79d3f2dd1abd21d9b8f8fbcda6f7ec64,4
python_exact,8,512,3,26,T,17,True,True,0.041767,039715b80d02f59e9f7ed109107bfb6b,6
python_exact,8,512,3,26,T,12,True,True,0.07536,f08f341bbbd688fbacd29c72081d55ba,10
python_exact,8,512,3,26,T,19,True,True,0.037674,989bf4e12115a9fcb417c6b45fe692d4,2
python_exact,8,512,3,26,T,13,True,True,0.088814,76f208f3ad7eb98fba49069d077c773c,8
python_exact,8,512,3,26,T,14,True,True,0.078747,2035554d4e6c9c6a173bf3b0949fa748,0
python_exact,8,512,3,26,T,18,True,True,0.064088,72284f9c21faba5f2958f6fe12082d75,14
python_exact,8,512,3,26,T,16,True,True,0.101229,67be2d0cf2814eff7f55684c6376f75e,12
python_exact,8,512,3,26,T,20,True,True,0.060053,8b9ce146257edab4552d486f12d32db1,4
python_exact,8,512,3,26,T,23,True,True,0.052427,beb68aba44fac125fce79cc4f5190df3,2
python_exact,8,512,3,26,T,24,True,True,0.050544,a4300455d5340b01085320a2b3969ed6,8
python_exact,8,512,3,26,T,22,True,True,0.074866,a255442ff9fe73513180c81fcd327d8b,10
python_exact,8,512,3,26,T,27,True,True,0.058384,458364255f2e444513c68306df76d5ef,12
python_exact,8,512,3,26,T,21,True,True,0.11789,7e9a504343b56cc6d0ea444349c0cedb,6
python_exact,8,512,3,26,T,26,True,True,0.074035,d864b35fbaf488b4850833d54987820b,14
python_exact,8,512,3,26,T,29,True,True,0.054734,7b60f5fe9e5a36ef03b3406ea7ad1f15,2
python_exact,8,512,3,26,T,28,True,True,0.07983,c6b84854c5ce06e8a79d7a755121b422,4
python_exact,8,512,3,26,T,34,True,True,0.04148,d303fa079d726ac8da135602e01207d5,14
python_exact,8,512,3,26,T,25,True,True,0.137341,8f7a0bd422fbe402762d6df19c5b3e25,0
python_exact,8,512,3,26,T,32,True,True,0.077008,a0b92f0bfadf436d83d5dc60a35da898,12
python_exact,8,512,3,26,T,30,True,True,0.111663,027b806be20d4f3ebc4f9faee12127f3,8
python_exact,8,512,3,26,T,31,True,True,0.115963,03f9fb299811eb19eb273761b9632e05,10
python_exact,8,512,3,26,T,33,True,True,0.091495,87e0ba2fcdd984714de2dbb92e595c90,6
python_exact,8,512,3,26,T,35,True,True,0.07878,546b0486d93e4b2c5bb9dc3e26cb3095,2
python_exact,8,512,3,26,T,37,True,True,0.063383,811297a1a19fb764c7a8e1de46a35320,14
python_exact,8,512,3,26,T,38,True,True,0.075502,d3c3f89553efaf46e8322b29e0fb0822,0
python_exact,8,512,3,26,T,39,True,True,0.066928,7c2675aa1d3892e98c4334c58ac151ad,12
python_exact,8,512,3,26,T,40,True,True,0.071969,e3336cf3db89356a7260b3a1f7dfa52a,8
python_exact,8,512,3,26,T,36,True,True,0.120952,87ff91468a34b162eaf58125c15b3aae,4
python_exact,8,512,3,26,T,41,True,True,0.068362,15d283fe83413cadfa8ebc00f99446e1,10
python_exact,8,512,3,26,T,42,True,True,0.073514,4b602a56d650395ce26e19e1e1a9e86e,6
python_exact,8,512,3,26,T,44,True,True,0.082764,00c0caa36e04a85f531aa8d06849f4f6,14
python_exact,8,512,3,26,T,46,True,True,0.05597,05bbdcf896dbe9d02166e4613e3b6df3,12
python_exact,8,512,3,26,T,49,True,True,0.04534,fdbf22ea43d8a913e514d2bb1fa7638e,10
python_exact,8,512,3,26,T,50,True,True,0.049047,aa6310edf25c39c478e7bb00c308496d,6
python_exact,8,512,3,26,T,45,True,True,0.105774,8857874c03c1d18eb380887a8a5df9ee,0
python_exact,8,512,3,26,T,47,True,True,0.087706,6374ea5586de5181af76042c2531113a,8
python_exact,8,512,3,26,T,48,True,True,0.091012,423b183c68fb17f1840bc1a5e2549442,4
python_exact,8,512,3,26,T,52,True,True,0.053625,509d371d7766175f0c09ed73a73ab0fc,12
python_exact,8,512,3,26,T,51,True,True,0.067328,803c84ba2ecb9b88dbbe3399313ce72a,14
python_exact,8,512,3,26,T,43,True,True,0.170529,e2e1d6be5092a6a8c0095fe725667c97,2
python_exact,8,512,3,26,T,53,True,True,0.04139,77e49710d2704ae165567ca406a1bb95,10
python_exact,8,512,3,26,T,60,True,True,0.049397,1fd381989d37c12ac525c31f9465fcc8,2
python_exact,8,512,3,26,T,59,True,True,0.054939,c9761d67237faff9a94099d8a38f0a84,14
python_exact,8,512,3,26,T,55,True,True,0.085665,fc819ca6ba6e58405657bf0fb0ac564a,0
python_exact,8,512,3,26,T,54,True,True,0.07562,ddcdb27c116248295151dbdf32c62bd4,6
python_exact,8,512,3,26,T,57,True,True,0.081147,8cdbbedae0ef179024a2f0dc70cef279,4
python_exact,8,512,3,26,T,58,True,True,0.089635,1f7543a8ad36b3cef5888763ddfba91e,12
python_exact,8,512,3,26,T,61,True,True,0.059185,8bfae042e6fb35db9630aa0c91585fe3,10
python_exact,8,512,3,26,T,56,True,True,0.0792,bd3e08074146866dbe727a9935522eb1,8
python_exact,8,512,3,26,T,62,True,True,0.051143,3f529aa7d071c22fecc3de171ffec645,2
python_exact,8,512,3,26,T,65,True,True,0.04248,988a2e6ad02e4bd580851f58197208d7,6
python_exact,8,512,3,26,T,64,True,True,0.057493,5eee1222ddff917f261d7d1409254669,0
python_exact,8,512,3,26,T,63,True,True,0.079382,1614a020d2eb1761fe2d5db915f30e9d,14
python_exact,8,512,3,26,T,68,True,True,0.05614,abd7d7da93cf122a9ae9510dfcaaa0b0,10
python_exact,8,512,3,26,T,69,True,True,0.055845,6739e54a4b0e24f4370513f91f3e09b0,8
python_exact,8,512,3,26,T,66,True,True,0.074853,63687c0ef779f320349a22654afb1bee,4
python_exact,8,512,3,26,T,70,True,True,0.060914,73383360479fda5584e2b343aae67450,2
python_exact,8,512,3,26,T,71,True,True,0.048098,90cca4640878fd204824356e4bf071e5,6
python_exact,8,512,3,26,T,67,True,True,0.089346,5c6dbbde2462c99dc6b9b83a12ff0892,12
python_exact,8,512,3,26,T,73,True,True,0.044219,36274db1ac153a0a10c37ba391010534,14
python_exact,8,512,3,26,T,75,True,True,0.043328,bbb013b5ea74a7aa5d66b9232566b5fa,8
python_exact,8,512,3,26,T,74,True,True,0.05614,d8c6f2296fac16632e79d2ca6a89f0f7,10
python_exact,8,512,3,26,T,81,True,True,0.035216,8fcd0c3104c962c8207ab06556f7d180,8
python_exact,8,512,3,26,T,78,True,True,0.064943,33676f9949d1e7e82cac6116b9864049,6
python_exact,8,512,3,26,T,76,True,True,0.077796,c25f981e5e0b87b7454678de9e203795,4
python_exact,8,512,3,26,T,72,True,True,0.114924,d6a60b122ed971b999de71b8aa6f77b7,0
python_exact,8,512,3,26,T,80,True,True,0.056385,aced0b5b34f6e9038bf7e9bf616420f1,14
python_exact,8,512,3,26,T,77,True,True,0.088452,a9cd8b7a4e056f24739d9f546aff7da9,2
python_exact,8,512,3,26,T,82,True,True,0.061498,8b9337ceeed46a98d134e6798ad61b42,10
python_exact,8,512,3,26,T,88,True,True,0.041418,e711166819f38bc317e1c5c67a99a1ee,2
python_exact,8,512,3,26,T,84,True,True,0.075118,c5e24b684af3d4ab0600f9af5c978430,6
python_exact,8,512,3,26,T,79,True,True,0.141802,27027ed2a93d5201da2ee43fc606abe0,12
python_exact,8,512,3,26,T,89,True,True,0.057347,31b128a333b2db7a42a0f50d7b07d192,10
python_exact,8,512,3,26,T,83,True,True,0.104311,18a34e06f0237a09a2c26c1e89a367de,8
python_exact,8,512,3,26,T,87,True,True,0.096326,8bd1d727e6664c6bd02d0b36251dd4fc,14
python_exact,8,512,3,26,T,90,True,True,0.055757,aedef99823792a40e528a1cb1599975e,2
python_exact,8,512,3,26,T,93,True,True,0.033377,d414bf283866aa9d2d0efb7ecdd3e402,10
python_exact,8,512,3,26,T,85,True,True,0.131708,66bae427684296eeadc5d87b987f738b,4
python_exact,8,512,3,26,T,91,True,True,0.051884,66d4f6a5173e25af507a27826c550154,6
python_exact,8,512,3,26,T,86,True,True,0.127857,23e1decb5a91958538a2756e91b8df25,0
python_exact,8,512,3,26,T,94,True,True,0.044522,108610e89bd5e58b5005193ce8f927a1,8
python_exact,8,512,3,26,T,96,True,True,0.050319,c472edede9cbe2069cae5501bad04773,2
python_exact,8,512,3,26,T,92,True,True,0.08475,31b527841d92d8e0b0f5200180cda41a,12
python_exact,8,512,3,26,T,99,True,True,0.041763,698ae02650df4a79073a0610c79ec68f,6
python_exact,8,512,3,26,T,97,True,True,0.054129,986129c1bd6f2028cfa8d79734db1d9b,10
C_exact,8,512,3,26,B,11,True,True,0.02319,14c9b92ccc5d469f9182b2655e1d0730,8
python_exact,8,512,3,26,T,100,True,True,0.056293,efe94b6261baea9a5e702fab8b5fb83d,0
python_exact,8,512,3,26,T,95,True,True,0.084386,37884dcf17c2a7ab05c3baa9d6c45a60,14
python_exact,8,512,3,26,T,98,True,True,0.071172,a7b85e7c0314c1e096a47c598208bcb9,4
C_exact,8,512,3,26,B,13,True,True,0.029113,8cc8fe0b12c67011b2e01478e73c48d8,12
C_exact,8,512,3,26,B,14,True,True,0.027302,3b5bc78f2cc3d1fa3cdc66d5beca48a5,6
C_exact,8,512,3,26,B,20,True,True,0.05681,98cd73e702e9a2322a352c868f6a7594,12
C_exact,8,512,3,26,B,18,True,True,0.081674,13814351c155a3b0f1f5fda40585a214,14
C_exact,8,512,3,26,B,15,True,True,0.095241,193c6aaf9cfbdcf75b5304410cc7dabb,10
C_exact,8,512,3,26,B,16,True,True,0.094058,f83a6b7fdf4d3ac028ee1961802774a8,8
C_exact,8,512,3,26,B,21,True,True,0.045432,d1f11ff44bcdc49819e214af12f6cdfe,6
C_exact,8,512,3,26,B,17,True,True,0.084709,1e351b67759e18840585d70091e2be2e,0
C_exact,8,512,3,26,B,19,True,True,0.057118,b0471c818684998f9865c1f46008a09a,4
C_exact,8,512,3,26,B,12,True,True,0.109272,7a4c5bebafaa83e4ae0eb46c69eb8244,2
C_exact,8,512,3,26,B,22,True,True,0.034951,73151d31ffcdc3835a6f7e49b1766e27,12
C_exact,8,512,3,26,B,28,True,True,0.055324,b94e789cc232728fc63810d57e6ca169,4
C_exact,8,512,3,26,B,26,True,True,0.055628,af3859a3f48ff0219a3b7b00edc289f2,6
C_exact,8,512,3,26,B,29,True,True,0.051306,d5696de9872568da854937dc1fa42897,2
C_exact,8,512,3,26,B,23,True,True,0.056835,5415b650f4c69a90cf1b813e743aa556,14
C_exact,8,512,3,26,B,27,True,True,0.055629,a509c5e15b5ce35777d0d4fe7d9438b8,0
C_exact,8,512,3,26,B,24,True,True,0.079819,b86d2ed41a54f2bbe866509fa8879c86,10
C_exact,8,512,3,26,B,25,True,True,0.079334,a1c3ac93dc91d2713c837b5b6dbcc935,8
C_exact,8,512,3,26,B,31,True,True,0.042505,901c91310f5ff42cceaffada6fb12c14,4
C_exact,8,512,3,26,B,30,True,True,0.055036,945c3a4ac431886dc8cfca707a0c7dc3,12
C_exact,8,512,3,26,B,35,True,True,0.040594,b3b18f1850d83ecea3600492e2297e6a,0
C_exact,8,512,3,26,B,34,True,True,0.060102,2a73ae24377202b0dc34177ad4ff08cf,14
C_exact,8,512,3,26,B,33,True,True,0.070308,9dc7fbe2150b8cc22b2b84668e9065d8,2
C_exact,8,512,3,26,B,37,True,True,0.049678,6b107cc605b513f02c91165711da1dad,8
C_exact,8,512,3,26,B,32,True,True,0.075096,2461b9cf90396d5217306010d4a2f544,6
C_exact,8,512,3,26,B,36,True,True,0.059724,99b6073de37cb6cb802e166db042624f,10
C_exact,8,512,3,26,B,38,True,True,0.068786,66b18bd328e317345687dae550fdc96e,4
C_exact,8,512,3,26,B,40,True,True,0.099442,aaf4a27f323440bbbdb22386c2c908ad,0
C_exact,8,512,3,26,B,39,True,True,0.107339,cfd9fe65302923c845cee97507eab247,12
C_exact,8,512,3,26,B,41,True,True,0.092696,19a6da7f7d382767b7222ddf8e97fa8b,14
C_exact,8,512,3,26,B,42,True,True,0.08691,966f34f3855da3d5bb7876f0567be67a,2
C_exact,8,512,3,26,B,44,True,True,0.07918,bdaf4ab58702e4c086d824ebf55519fd,6
C_exact,8,512,3,26,B,46,True,True,0.033546,1a2526d3ff77fef29530ac143454aef9,4
C_exact,8,512,3,26,B,45,True,True,0.066483,2888ca7eb387e8a917f3d73afd69d3e5,10
C_exact,8,512,3,26,B,43,True,True,0.080788,1e692a1a573d239444e48350af46998d,8
C_exact,8,512,3,26,B,47,True,True,0.025866,0a02f4f6ea15431941e1c29b134d5cd2,0
C_exact,8,512,3,26,B,48,True,True,0.029802,d23770aad84a4da2a53f3260616cb821,12
C_exact,8,512,3,26,B,50,True,True,0.029441,3a61ad3f08d27b5e502f5f8b1ab5e04b,2
C_exact,8,512,3,26,B,49,True,True,0.035599,fd9fc390b9d41d5b3d64798c5acbda93,14
C_exact,8,512,3,26,B,52,True,True,0.026597,cb0a142af50111b38e7d35058d620262,4
C_exact,8,512,3,26,B,51,True,True,0.089445,a91e6439b311ee914352beab57a0e82f,6
C_exact,8,512,3,26,B,55,True,True,0.059628,5544b271ab1c1e85b6ceba6b57c66675,0
C_exact,8,512,3,26,B,58,True,True,0.057885,7b6720697150b1ead712c1ce231da215,14
C_exact,8,512,3,26,B,57,True,True,0.072481,6f170e4e0ee993e8bf025dca0d8a98d6,2
C_exact,8,512,3,26,B,54,True,True,0.11385,b1d299beb015665d851461adbadde85e,8
C_exact,8,512,3,26,B,59,True,True,0.100242,f8a40ccb3e9177943a04e7c341816664,4
C_exact,8,512,3,26,B,53,True,True,0.089009,2e36f470676be50d42806555e8a4ce02,10
C_exact,8,512,3,26,B,56,True,True,0.115634,3c13371d155fb2ce7fbfe5a6b87f0ffc,12
C_exact,8,512,3,26,B,60,True,True,0.0526,16fc8d32dccf365a75941e597a5db647,6
C_exact,8,512,3,26,B,63,True,True,0.048125,f908a157a081534121db748139fa6bd3,2
C_exact,8,512,3,26,B,61,True,True,0.055198,5d1dcb15a4367218314922cf8e060a5a,0
C_exact,8,512,3,26,B,65,True,True,0.084851,e545af69da7d002598093d3cbaa974ff,4
C_exact,8,512,3,26,B,66,True,True,0.106872,5ab24e95ef5d5260e47bcc9cdce0e69a,10
C_exact,8,512,3,26,B,68,True,True,0.085896,500a22dab904c4fc9950fbb42f99bc75,6
C_exact,8,512,3,26,B,67,True,True,0.112828,834f030778ec96afed1c46fd42deba49,12
C_exact,8,512,3,26,B,62,True,True,0.148904,961995b9c080a71aa88ca6b17cbd58f2,14
C_exact,8,512,3,26,B,64,True,True,0.138491,69d3c0b650a4928264a38d2f1852dfac,8
C_exact,8,512,3,26,B,69,True,True,0.082079,2ed5b69e03ba3fb58e3a62c458c7c23b,2
C_exact,8,512,3,26,B,72,True,True,0.032983,81918faf8fe9b05fa6c1af0218a536b3,10
C_exact,8,512,3,26,B,71,True,True,0.04091,c1efcf38cee2874cf00f46d1d5104b9b,4
C_exact,8,512,3,26,B,70,True,True,0.084146,91ee672f7272ff5b5553e9258de5881f,0
C_exact,8,512,3,26,B,73,True,True,0.032419,b901b2b6a805b503fd929a464cb61671,6
C_exact,8,512,3,26,B,74,True,True,0.040077,c43d53ecf96055b6fbe5fe6052996880,12
C_exact,8,512,3,26,B,77,True,True,0.053867,57c3bce2085a04c008628224e4cb00da,2
C_exact,8,512,3,26,B,75,True,True,0.099381,70e04ca730863ca849fcca2fc8eb8793,14
C_exact,8,512,3,26,B,76,True,True,0.100754,430c94e391d3d711a8e551422a131353,8
C_exact,8,512,3,26,B,81,True,True,0.099721,671d4dbc90b93e432a824fb0a8e80fd9,6
C_exact,8,512,3,26,B,78,True,True,0.118736,af11f1ada1a7a7675dd4944eb5b56183,10
C_exact,8,512,3,26,B,82,True,True,0.096014,c3e06909378d7f4fb6ee2f10749982e9,12
C_exact,8,512,3,26,B,79,True,True,0.12438,f786966ad247d185d91b151fe8c57929,4
C_exact,8,512,3,26,B,80,True,True,0.11933,0bf6f6888f429c8dd83cb9541a8e4253,0
C_exact,8,512,3,26,B,83,True,True,0.06482,474e77ec7ffaddb61d69eced4fc7a77b,2
C_exact,8,512,3,26,B,84,True,True,0.028549,36ac1b7fca729f4c0f200ac525b3811a,14
C_exact,8,512,3,26,B,85,True,True,0.032457,7a48416d39f05f155e7b209ee596767b,8
C_exact,8,512,3,26,B,87,True,True,0.051384,dc39535e59b3c99638932b151ad716dc,10
C_exact,8,512,3,26,B,91,True,True,0.069992,bcd9b9249fae2b0d6fb5700b6034208d,2
C_exact,8,512,3,26,B,86,True,True,0.078371,20028895d4bd030ea7149022200b0a3f,6
C_exact,8,512,3,26,B,92,True,True,0.108596,e7460b6d44c799b5348fb686a8ec667f,14
C_exact,8,512,3,26,B,93,True,True,0.126452,8f29c7bebfe48f3aa48c7a6b63637595,8
C_exact,8,512,3,26,B,94,True,True,0.085966,65a3d4deb4acf9410edd125b064600a6,10
C_exact,8,512,3,26,B,88,True,True,0.155937,d1e07430e6b20845918c0a584677707a,12
C_exact,8,512,3,26,B,97,True,True,0.027436,a10606d98038ca0d046239a8b7135601,14
C_exact,8,512,3,26,B,89,True,True,0.150369,a8a9db74940340b527fd7555cef5df10,4
C_exact,8,512,3,26,B,95,True,True,0.05955,786d65b6e6686e6c147b3c70fdf2c387,2
C_exact,8,512,3,26,B,90,True,True,0.14753,6872a5ea4feaaeea0db677dd67252775,0
C_exact,8,512,3,26,B,96,True,True,0.058713,11bb57f106a08b1fa7ae023fd72362fe,6
C_exact,8,512,3,26,B,100,True,True,0.027041,9b95da0049cac541fac5cf3c92ffffbe,12
C_exact,8,512,3,26,B,99,True,True,0.03573,4420173c78de27225804b083c68788b2,10
C_exact,8,512,3,26,B,98,True,True,0.038468,35ead5ba76dfe420c4902c4a6ec035f0,8
python_exact,8,512,3,26,B,14,True,True,0.07098,1aa04c0efd61bc5f0a3c2df95ebb5136,0
python_exact,8,512,3,26,B,15,True,True,0.073992,5d98deffcc4342ffa8c8f858313c5542,6
python_exact,8,512,3,26,B,12,True,True,0.081077,7d05eb55604abad38b1f82bc6757b9c7,4
python_exact,8,512,3,26,B,16,True,True,0.057151,eb1af2c71f2b5882438809d3e1f95884,12
python_exact,8,512,3,26,B,11,True,True,0.101547,cf96d3f10cd1f7caf0281dbc47dde3b5,14
python_exact,8,512,3,26,B,18,True,True,0.053412,21843c81c5e80cb819a08ae3582273fd,8
python_exact,8,512,3,26,B,20,True,True,0.035133,9fc8fe69f7e7eabc6d094160e5f19a3c,6
python_exact,8,512,3,26,B,13,True,True,0.116844,d2455742a94a016828c2ff318a1f2a61,2
python_exact,8,512,3,26,B,17,True,True,0.097231,08dd0c3da6ce952a06cd6117c1ba19e2,10
python_exact,8,512,3,26,B,19,True,True,0.05396,5d090581b92117110ab6ddbddd85baf2,0
python_exact,8,512,3,26,B,21,True,True,0.066831,079a344114671bf9fbbc59e808134725,4
python_exact,8,512,3,26,B,24,True,True,0.067114,10f6721ef994ff3eaa4ee9d4d0919eec,8
python_exact,8,512,3,26,B,22,True,True,0.078035,c99e6de50f405fc0e7c6f594808be573,12
python_exact,8,512,3,26,B,26,True,True,0.097181,e1f5d7c7857d1e920dcedc67db32f9f2,2
python_exact,8,512,3,26,B,28,True,True,0.056746,d5a5f7ad41e7c4163aa06d9f8bc844a0,0
python_exact,8,512,3,26,B,25,True,True,0.119051,b32a9dee3b4c990807b6ef7d878cbde2,6
python_exact,8,512,3,26,B,31,True,True,0.058752,dde9b8badb2733540cd9980c7260a6d2,12
python_exact,8,512,3,26,B,23,True,True,0.152473,4cb580ff91ee621e39593c80d0f2a636,14
python_exact,8,512,3,26,B,29,True,True,0.103517,ab101a7d5a4f5f1d1a8572746dad6c4f,4
python_exact,8,512,3,26,B,34,True,True,0.035068,f32974a5a64169dbfa4d02db1bbf904f,6
python_exact,8,512,3,26,B,33,True,True,0.074527,1c3eb64d08e30ee85b9b1d4a3e7c659d,0
python_exact,8,512,3,26,B,30,True,True,0.117184,9751596a2a50ecad66ad5a647d14236f,8
python_exact,8,512,3,26,B,32,True,True,0.093149,d7c5954309eac8d6da4324767db27ebc,2
python_exact,8,512,3,26,B,38,True,True,0.045309,e64157a56c5e89ee70078d9eedc3d77d,6
python_exact,8,512,3,26,B,37,True,True,0.05434,1a75cee37a3a0f04d730e0fc771c2dfc,4
python_exact,8,512,3,26,B,39,True,True,0.046747,50bca26f3095b1a17bf215c297b759d2,0
python_exact,8,512,3,26,B,36,True,True,0.08722,6cdd4204f9633c5e395630c2f3284b36,14
python_exact,8,512,3,26,B,35,True,True,0.106188,017595123c44d92a4aa13d1f2ac9ce8c,12
python_exact,8,512,3,26,B,41,True,True,0.055094,0d110c637c2a1fd9801f5bf401a74ea3,2
python_exact,8,512,3,26,B,40,True,True,0.099043,83344ec9fcca199bf398dad89937a6a4,8
python_exact,8,512,3,26,B,42,True,True,0.080485,0967bbc566d3ccba50400d0984125e85,6
python_exact,8,512,3,26,B,43,True,True,0.07474,9e3ee944fba87210f537e9df13a2f978,4
python_exact,8,512,3,26,B,27,True,True,0.273339,73e63d9a97df210a3db42a20da1afa36,10
python_exact,8,512,3,26,B,46,True,True,0.048944,30550a3b5a674912d4b54bc4e98a7001,12
python_exact,8,512,3,26,B,45,True,True,0.074354,8ba28e9bc93f0c379348d2777e7f7e1f,14
python_exact,8,512,3,26,B,44,True,True,0.088076,6e9f8810cc4a5d354314fef1f6e75467,0
python_exact,8,512,3,26,B,48,True,True,0.055199,c024d1faea9d8ca8b69088f219b31430,8
python_exact,8,512,3,26,B,50,True,True,0.055744,e34d3d368d098409ecd758aed6f91294,4
python_exact,8,512,3,26,B,49,True,True,0.068425,c16aec2c4132cf86d4900801c178c0b9,6
python_exact,8,512,3,26,B,52,True,True,0.047437,f223c0da1c5b05abfe9892460ec936de,12
python_exact,8,512,3,26,B,51,True,True,0.064605,0af920cc78374759ae511923c444bef2,10
python_exact,8,512,3,26,B,47,True,True,0.116879,beb5c3f3a2472715fe258c9e7ce8c119,2
python_exact,8,512,3,26,B,54,True,True,0.065109,51bcce1ae3d8c3348b45eae28646c7d6,0
python_exact,8,512,3,26,B,53,True,True,0.07499,4bea881d78d59f9c84530886287575c3,14
python_exact,8,512,3,26,B,56,True,True,0.048336,d22824c65b4f6dfdb6198bf21d6a6ce0,4
python_exact,8,512,3,26,B,55,True,True,0.055004,082c6b5e6944167ae0ca2e7be9cdfd89,8
python_exact,8,512,3,26,B,59,True,True,0.057161,b5fbf9b55c9ce0f8207e04a94cc3876f,10
python_exact,8,512,3,26,B,57,True,True,0.062816,f5e65e8fa9a45b1b341e9c30e9b0044c,6
python_exact,8,512,3,26,B,63,True,True,0.058488,0d83802e2a3ad63d7ea97bbf7b7f344d,4
python_exact,8,512,3,26,B,60,True,True,0.084083,a8fa829bba751e2db47811abad6b4ad9,2
python_exact,8,512,3,26,B,61,True,True,0.08466,24fd7f14fce47020ee8287920b9b0fb5,0
python_exact,8,512,3,26,B,65,True,True,0.045488,1fc424992797f22ee772ca64dc93d9e6,10
python_exact,8,512,3,26,B,64,True,True,0.063581,db7efb69bd80fd0edace4e0a9508bd75,8
python_exact,8,512,3,26,B,66,True,True,0.051708,8fe0e10bcffd2d369bd443894ff96557,6
python_exact,8,512,3,26,B,62,True,True,0.085995,60f56b31259f63555285dcaf4ab2d0b3,14
python_exact,8,512,3,26,B,58,True,True,0.1477,9a64da1417f11748b4b5a50925013291,12
python_exact,8,512,3,26,B,69,True,True,0.056344,7c189f17b72ed25ba8b2480fd71b9280,0
python_exact,8,512,3,26,B,73,True,True,0.058048,ed9cb6658792fa735f07423017e4a21e,14
python_exact,8,512,3,26,B,72,True,True,0.059149,5967691bbf4a1922e696e81f1217d770,6
python_exact,8,512,3,26,B,71,True,True,0.078394,234e35d19e46b8b2902896521d32dccf,8
python_exact,8,512,3,26,B,70,True,True,0.081649,bf1f79906ee3bd2bece3ff27a07591ef,10
python_exact,8,512,3,26,B,68,True,True,0.098334,47a1d20eaa8056cfd1bdb1719a8af078,2
python_exact,8,512,3,26,B,75,True,True,0.052395,7f7db2408a46bb63c410c6d86c22cd64,0
python_exact,8,512,3,26,B,77,True,True,0.054678,859b76b8f0c56fda1cad828efbc2a6e2,6
python_exact,8,512,3,26,B,76,True,True,0.055341,d59a06f93bea3a77eab7a5341772021d,14
python_exact,8,512,3,26,B,78,True,True,0.056842,938d298de8207c14bdaea2559a367eec,8
python_exact,8,512,3,26,B,74,True,True,0.102007,dec4c10a865a0f6d8b6ef6d195b0de61,12
python_exact,8,512,3,26,B,67,True,True,0.159797,ee7e54eea49a1445f9543f7c2fdbbe3d,4
python_exact,8,512,3,26,B,80,True,True,0.057262,f967bd8c3504e439ebdc832307e57fc1,2
python_exact,8,512,3,26,B,81,True,True,0.06103,8188686c7ce0b76af6435fd9d70045d1,0
python_exact,8,512,3,26,B,79,True,True,0.09639,9de8a878fe202c79fb6ef2c521916abe,10
python_exact,8,512,3,26,B,82,True,True,0.060398,05c474f0887a603d4fc50c083ff44b90,6
python_exact,8,512,3,26,B,85,True,True,0.067314,83779f4824c9213d9ef679de5ac4416e,12
python_exact,8,512,3,26,B,88,True,True,0.043655,ebb1acc230f60bf8aae341481115f481,0
python_exact,8,512,3,26,B,86,True,True,0.089873,41f7cb2261ccad39efef9baf0b079a56,4
python_exact,8,512,3,26,B,90,True,True,0.052503,dd2234521a42fd80313722bb4b04d955,6
python_exact,8,512,3,26,B,83,True,True,0.117638,306bb54c762fdebb9071c1abdbb38587,14
python_exact,8,512,3,26,B,89,True,True,0.061357,baaa8b57971d5976a58be4ada4c1e6b4,10
python_exact,8,512,3,26,B,87,True,True,0.122805,7b981aa1e3f9d24be604915611f4448a,2
python_exact,8,512,3,26,B,91,True,True,0.068121,14fcd13f45b99ff91f8bf9b09b30b35d,12
python_exact,8,512,3,26,B,92,True,True,0.076034,c708f3fcafbabd992476df6bc2a4a19a,0
python_exact,8,512,3,26,B,84,True,True,0.171672,e84720f3f65e02b98b01666997c601e3,8
python_exact,8,512,3,26,B,95,True,True,0.089507,c817dab65daeb43cbf3289f069f4a2d7,14
python_exact,8,512,3,26,B,93,True,True,0.099348,44f614205aad5dfa7684fb9ae3ffb75d,4
python_exact,8,512,3,26,B,96,True,True,0.099476,25352ec0c774f81243492540f4f3fcca,10
python_exact,8,512,3,26,B,94,True,True,0.102169,e8d2751c6a681fe73cf17e52e5db8f44,6
python_exact,8,512,3,26,B,98,True,True,0.091543,ba289b8a9f4f4b7e6d90c9f75d92f04c,12
python_exact,8,512,3,26,B,99,True,True,0.072947,708411ca1be4f707f1fd212f1a2360c9,0
python_exact,8,512,3,26,B,97,True,True,0.099317,6f2eb71792b341af9f0862926e4d716b,2
python_exact,8,512,3,26,B,100,True,True,0.078127,3e42cf33afbd6464ba71c3e445b830ca,8
C_pruning,10,1000,1,6,A,13,True,True,0.064545,8d00d5cf530ddef49f72fa184be7d704,10
C_pruning,10,1000,1,6,A,14,True,True,0.067451,51582558f590d9f9b3a1c40c8327f823,6
C_pruning,10,1000,1,6,A,11,True,True,0.156507,f8fef7d4c45cd1253aed8d222afd819a,14
C_pruning,10,1000,1,6,A,20,True,True,0.08061,84942a03bd0d4164692f94d4771b6234,6
C_pruning,10,1000,1,6,A,16,True,True,0.212269,f542eaed034bdbaaabae74916ff52be7,0
C_pruning,10,1000,1,6,A,18,True,True,0.217086,597f300c8b3c9323d0df2df0bfe6c3cc,8
C_pruning,10,1000,1,6,A,17,True,True,0.253448,c11b1c2321d56116dbc88d067fadf92b,2
C_pruning,10,1000,1,6,A,12,True,True,0.321362,5f50ea9c578bf25a2acc5b79c878bea7,4
C_pruning,10,1000,1,6,A,15,True,True,0.326806,f29fde4cbdc77e82f67f4e8b33828b89,12
C_pruning,10,1000,1,6,A,22,True,True,0.23436,de297891ee44ece387ea8d23e4dc4095,6
C_pruning,10,1000,1,6,A,27,True,True,0.126777,600ffbd4fedc16d42e4faa6bc9abb6e2,12
C_pruning,10,1000,1,6,A,26,True,True,0.279446,b92a3135e64aeca17bc9a30fd88e414a,4
C_pruning,10,1000,1,6,A,28,True,True,0.155062,a02a625ab95eb6a3ce01ce2cfc6548fa,6
C_pruning,10,1000,1,6,A,23,True,True,0.355031,96a2277e1249bdbb73afd846b277a984,0
C_pruning,10,1000,1,6,A,24,True,True,0.350413,7c50d1cae477726277d22af9b0c5a2ba,8
C_pruning,10,1000,1,6,A,19,True,True,0.571557,81afd4840bb7caf009531242bb255dc3,10
C_pruning,10,1000,1,6,A,21,True,True,0.499816,8a6728fb2b4914f51b10fa077516177f,14
C_pruning,10,1000,1,6,A,33,True,True,0.06985,fb2cf40cb801b0e8a3e0d8e609f6231a,8
C_pruning,10,1000,1,6,A,29,True,True,0.212632,0e9c17067dcc4ba42f954eef30e0737c,12
C_pruning,10,1000,1,6,A,37,True,True,0.062748,601cc62b100d9dfe9df0dc9bead3381d,12
C_pruning,10,1000,1,6,A,31,True,True,0.278364,ae3535e1550e96d1de03bd753a2e4b8d,6
C_pruning,10,1000,1,6,A,30,True,True,0.327106,e105807d8d2ec7da5373f11c599bc901,4
C_pruning,10,1000,1,6,A,36,True,True,0.208943,afe9940648a1292b4b8c338be759da4e,8
C_pruning,10,1000,1,6,A,38,True,True,0.111227,0ebeb8f2abb25278855e2c0e3778ec55,12
C_pruning,10,1000,1,6,A,25,True,True,0.704559,d48859deb61de85c09c644e349dd5f99,2
C_pruning,10,1000,1,6,A,35,True,True,0.284686,a18bb2981444e0b80c43184170f8b30b,14
C_pruning,10,1000,1,6,A,40,True,True,0.153141,63605d7c9257ecd2aeb266738666b631,4
C_pruning,10,1000,1,6,A,34,True,True,0.476813,6d5f28e96240a399552934bf28dd1994,10
C_pruning,10,1000,1,6,A,41,True,True,0.160239,046aed34e1331071dbc7b59bcb0ff9fe,8
C_pruning,10,1000,1,6,A,44,True,True,0.153119,cef67e67580ea84e166155f61621e56d,14
C_pruning,10,1000,1,6,A,45,True,True,0.066867,70bd863b362e51014bb5c2438668c4ec,4
C_pruning,10,1000,1,6,A,43,True,True,0.199811,dffdc52b3c20292971bd66a43ff7f1e8,2
C_pruning,10,1000,1,6,A,42,True,True,0.238779,8df8b5bd12b47f6f5c8ef8a3e397e694,12
C_pruning,10,1000,1,6,A,50,True,True,0.074687,ac0de3a24a60fa2dc9c5720ef3d8a4f4,2
C_pruning,10,1000,1,6,A,39,True,True,0.404082,e04e689f41322d95319562d6993a9cfd,6
C_pruning,10,1000,1,6,A,49,True,True,0.169855,25d1fe5f17e23194f5e829085d45d092,4
C_pruning,10,1000,1,6,A,32,True,True,0.779771,1fcf4980688111f22012c30267c31391,0
C_pruning,10,1000,1,6,A,51,True,True,0.14025,2319fc066aad356fa0536c1e32bbba94,12
C_pruning,10,1000,1,6,A,48,True,True,0.215251,3fb47c6b94c03da1fea569f3fd1186c2,14
C_pruning,10,1000,1,6,A,52,True,True,0.122415,f72c8ecb87b660f40c17a41800f79979,2
C_pruning,10,1000,1,6,A,55,True,True,0.069404,3c177596241577cb0e5a8eca64fe8b96,0
C_pruning,10,1000,1,6,A,53,True,True,0.283935,f079eb1bda2b6c740dce80116cfacaa3,6
C_pruning,10,1000,1,6,A,59,True,True,0.122815,7e5e835a17a89b41a5cdb153400f323d,0
C_pruning,10,1000,1,6,A,57,True,True,0.165764,6a78f5239b3e3ef73a50ea837ce66377,14
C_pruning,10,1000,1,6,A,58,True,True,0.17194,4554da185e15f8e90f4ecc8f99ea89fe,2
C_pruning,10,1000,1,6,A,47,True,True,0.573748,76d5eb37098eba4a2d033639862ee4d3,8
C_pruning,10,1000,1,6,A,62,True,True,0.078409,d565b9a86c5d59a3bd07b46d6b744b31,14
C_pruning,10,1000,1,6,A,60,True,True,0.151656,7a490d04958c2fd8b556bc17a8b5e3db,6
C_pruning,10,1000,1,6,A,61,True,True,0.151215,af5d8aa9c0592e2bbeeec366fc35c21d,0
C_pruning,10,1000,1,6,A,66,True,True,0.112744,4ecdd7e48871064133c11d0071598146,6
C_pruning,10,1000,1,6,A,64,True,True,0.276917,7a7f876701122989e02bff57aadba4bc,8
C_pruning,10,1000,1,6,A,68,True,True,0.189345,b6043be68230e84549033f081e9a4327,6
C_pruning,10,1000,1,6,A,56,True,True,0.747544,c2b7bddc5c93b211dacd0310e771e8f3,12
C_pruning,10,1000,1,6,A,65,True,True,0.479672,f263eca3d22e888039b129c64c1577d2,14
C_pruning,10,1000,1,6,A,54,True,True,0.924971,7e9638b4b28d3666f0f53fac401c6e15,4
C_pruning,10,1000,1,6,A,46,True,True,1.208948,edf021bd5efa9f22dd1a4c85335fac53,10
C_pruning,10,1000,1,6,A,67,True,True,0.505155,67510e1cba54f70e212fad88a738db50,0
C_pruning,10,1000,1,6,A,71,True,True,0.168106,78618614913bdc0660aba57a9471796b,12
C_pruning,10,1000,1,6,A,73,True,True,0.091428,cd007da5c75ee5bae19f043001285896,4
C_pruning,10,1000,1,6,A,76,True,True,0.078654,9d4d966e080f8e284281d09b1270d448,12
C_pruning,10,1000,1,6,A,63,True,True,0.808609,2317761c410b5d1d2e94857742c5f5a8,2
C_pruning,10,1000,1,6,A,78,True,True,0.072136,e4ffba4f9bc6a70331601f12e7820a21,12
C_pruning,10,1000,1,6,A,72,True,True,0.287384,c08047bafd1c9e2ff7d8739736a3a702,14
C_pruning,10,1000,1,6,A,75,True,True,0.245665,73d06709b85fcda3b3a0a3965b75a49c,0
C_pruning,10,1000,1,6,A,79,True,True,0.153465,39c3c8fdbe632e2e47525fc1853be5b0,2
C_pruning,10,1000,1,6,A,83,True,True,0.113333,fe1b0a22a00552efe03b1d9aa539e3d0,2
C_pruning,10,1000,1,6,A,70,True,True,0.639528,e863cc8cbbc23613ccb076e610a80130,6
C_pruning,10,1000,1,6,A,80,True,True,0.244906,bd4e1aa54b9c8d8f087734c7ef232cc2,12
C_pruning,10,1000,1,6,A,77,True,True,0.413497,3c8b70165aaf9cf19b09ed078bed0676,4
C_pruning,10,1000,1,6,A,85,True,True,0.153179,824e0ea5a8e1ccc794bf016b49fd2d17,6
C_pruning,10,1000,1,6,A,84,True,True,0.197145,5c181d43342ae89d2adf7a358b64a450,2
C_pruning,10,1000,1,6,A,86,True,True,0.244234,a9bfd6689b69bea1813e1b680c9b4cb0,12
C_pruning,10,1000,1,6,A,89,True,True,0.060741,a539bd2a5abb3d248fcf985839018d55,2
C_pruning,10,1000,1,6,A,74,True,True,0.776916,35fc74d35d4e22bf39d552ab76d3d9c6,10
C_pruning,10,1000,1,6,A,81,True,True,0.537927,03a09911aa3900c811943d451fb2b98f,14
C_pruning,10,1000,1,6,A,90,True,True,0.060548,b00638a4b06f49580ca28658989bdd47,12
C_pruning,10,1000,1,6,A,88,True,True,0.226491,d74ffdcb13c3c444503d6a5da6454602,6
C_pruning,10,1000,1,6,A,92,True,True,0.102134,438c32f1460c899da889671db4566eb2,10
C_pruning,10,1000,1,6,A,87,True,True,0.359607,ec80be3c5d8d5dcf66e35452c304628a,4
C_pruning,10,1000,1,6,A,97,True,True,0.071518,40e51ddfe1d3f4ab2e016ea5710f2ce3,4
C_pruning,10,1000,1,6,A,91,True,True,0.237722,ef7b98a1361191a5e64450f8c48a851f,2
C_pruning,10,1000,1,6,A,93,True,True,0.232631,779616977ae5c94bf3e93e164a0cae41,14
C_pruning,10,1000,1,6,A,69,True,True,1.389774,b1596259ca4d4af59ae563e9bb342ec9,8
C_pruning,10,1000,1,6,A,100,True,True,0.073778,5530c6aab5e47478e9973cd6cee9f9e5,14
C_pruning,10,1000,1,6,A,98,True,True,0.205797,2caf3c5414c6b433931c827a85864836,4
C_pruning,10,1000,1,6,A,96,True,True,0.541173,69faad7ae8d095ec01bcd80230686697,10
C_pruning,10,1000,1,6,A,95,True,True,0.576306,05462b8173291fd5c1499e4836d2d48f,6
C_pruning,10,1000,1,6,A,94,True,True,0.670651,ae499c799f8e55490b6058be5c4f5764,12
C_pruning,10,1000,1,6,A,99,True,True,0.491916,434396cf8e18589a6fcf7d2f40838c7c,2
C_pruning,10,1000,1,6,A,82,True,True,1.417697,dd2d389796457bf967140d5226200a49,0
python_pruning,10,1000,1,6,A,11,True,True,1.21084,5b86fff7722174f24921423981c8f790,8
python_pruning,10,1000,1,6,A,18,True,True,4.091547,bb2fbc13fe565c46cd078dc11736c82c,0
python_pruning,10,1000,1,6,A,20,True,True,2.682784,ad33bbe576219ca92cff57e5530dce6f,0
python_pruning,10,1000,1,6,A,19,True,True,6.509033,55ea4d22c35466c5b19cb3b83ed30e1d,8
python_pruning,10,1000,1,6,A,16,True,True,7.991958,630dbe3e494be3caf16f1715a8e3d1a5,12
python_pruning,10,1000,1,6,A,23,True,True,0.865244,9a46295b3ae7891a9a7f465589352157,12
python_pruning,10,1000,1,6,A,14,True,True,9.553423,1861235fcc7afcdfb47c027572cbf653,10
python_pruning,10,1000,1,6,A,25,True,True,0.930903,d94a028fb984f89750348a76f749e4fd,10
python_pruning,10,1000,1,6,A,13,True,True,11.821915,958ad33457d3a63e048de003f3b9eb82,4
python_pruning,10,1000,1,6,A,17,True,True,11.875724,eea4dbce52cd3f24631f4ae69c98bc9f,2
python_pruning,10,1000,1,6,A,24,True,True,3.368079,f1bd6ca8932ad3d6f0abfba35dfc4052,12
python_pruning,10,1000,1,6,A,26,True,True,2.277585,5f02ab0c70e515204fa6a302f8f2e5b8,10
python_pruning,10,1000,1,6,A,29,True,True,1.159775,46c1126a377c1b44d90855ff40fabb17,12
python_pruning,10,1000,1,6,A,22,True,True,6.676314,21c8014737e4c916568427f56ce2d887,8
python_pruning,10,1000,1,6,A,21,True,True,8.358623,456900a11bd0f90bf6e87702d2c6f411,0
python_pruning,10,1000,1,6,A,31,True,True,3.724076,4f5b40e95685afa14aa6b5dd9b879a27,12
python_pruning,10,1000,1,6,A,30,True,True,5.002184,d61c6cf8dfc8739822887ee4c692e137,10
python_pruning,10,1000,1,6,A,35,True,True,1.738011,acd5859b8aa6ad0f434879135fed3cfc,10
python_pruning,10,1000,1,6,A,28,True,True,9.486057,c1cd823acea1e4db117c1860ba780ced,2
python_pruning,10,1000,1,6,A,33,True,True,6.663229,69c1f92b35fc47a9c2a1887b4295f699,0
python_pruning,10,1000,1,6,A,15,True,True,24.713962,a8f083ff84f3767b18dca9b53e3cdf55,6
python_pruning,10,1000,1,6,A,34,True,True,7.730031,8936636da553b8479e8ec6c251057f53,12
python_pruning,10,1000,1,6,A,12,True,True,25.954765,4cb49364c517a01846735149d759385d,14
python_pruning,10,1000,1,6,A,36,True,True,6.170311,21abc51d7388004c718c1e7d2fec4eb6,10
python_pruning,10,1000,1,6,A,32,True,True,12.013447,ffc6d943e06c838cdc280d3277448cd7,8
python_pruning,10,1000,1,6,A,40,True,True,1.374518,1471b14a1973cbd423fb0fe03a39843a,12
python_pruning,10,1000,1,6,A,43,True,True,0.880116,951710996d7c7a25bf20188ab1623e59,8
python_pruning,10,1000,1,6,A,39,True,True,3.815919,c160c94e4985a0a4890e736934cc52d5,6
python_pruning,10,1000,1,6,A,42,True,True,4.455568,5489316e90eae1a06fd51d45df2176b5,10
python_pruning,10,1000,1,6,A,37,True,True,9.944603,f79c6f5dbf1a354ee14c8fca67cf7286,2
python_pruning,10,1000,1,6,A,46,True,True,4.82035,364713950469383843504c80418597a4,6
python_pruning,10,1000,1,6,A,47,True,True,5.239212,ae65e2dc188b01d7eca3dbbf08244762,10
python_pruning,10,1000,1,6,A,41,True,True,11.604881,057573f657a0b5eaf254ba98ebbb1d95,14
python_pruning,10,1000,1,6,A,45,True,True,10.597647,1f8507ba133661e64ddd0194add2c923,8
python_pruning,10,1000,1,6,A,51,True,True,0.889416,708dc56e742b19c292bea48cbb4d27ea,14
python_pruning,10,1000,1,6,A,49,True,True,4.84802,0f7507573e37d95695d6f424b3e621af,6
python_pruning,10,1000,1,6,A,52,True,True,1.845353,70b4b18d8fbe672e13e4cf261d6c5518,8
python_pruning,10,1000,1,6,A,27,True,True,28.579401,5b8d452f16b3dddf25f6b23f82b3c4cb,4
python_pruning,10,1000,1,6,A,55,True,True,0.956645,546fe06234b28d067e428c0fbdc1b28d,8
python_pruning,10,1000,1,6,A,50,True,True,5.538115,ca1fefba6c572e6cb447568ea9f91fee,10
python_pruning,10,1000,1,6,A,57,True,True,1.832268,6600022f90bf0dfa6de00e35a1614188,8
python_pruning,10,1000,1,6,A,53,True,True,4.547617,b7578665d683fd9b8b4157c4b8356ae7,14
python_pruning,10,1000,1,6,A,56,True,True,2.775481,fd8bd35b8a881080c10348864dff6100,4
python_pruning,10,1000,1,6,A,58,True,True,3.554404,53f54367010b9efdcb75e31a52567d8a,10
python_pruning,10,1000,1,6,A,48,True,True,13.259567,39d69de7dd544f6d5b720a2cf4c4cd6a,2
python_pruning,10,1000,1,6,A,54,True,True,7.267311,98272df698e5b222d2b09e360d4018be,6
python_pruning,10,1000,1,6,A,59,True,True,3.531837,d42ea54913f3aec5aff8509bebc55a04,8
python_pruning,10,1000,1,6,A,62,True,True,2.618717,9620c8f65844fbe477e082ef2cc031b8,10
python_pruning,10,1000,1,6,A,66,True,True,0.87103,6c3a7f7e57875f6b4e2b7d65ae80a82a,10
python_pruning,10,1000,1,6,A,44,True,True,21.989335,b0ae088977d843bdad7542bb6054d5cb,12
python_pruning,10,1000,1,6,A,67,True,True,0.872527,0105f6404405297c1908ad09bc5ebe1d,10
python_pruning,10,1000,1,6,A,65,True,True,3.501903,caa9a63965b3da382da6ed0ec7a6cf23,8
python_pruning,10,1000,1,6,A,68,True,True,1.293791,1333e3bae2296cd5e535c4f76b8fa0a8,12
python_pruning,10,1000,1,6,A,64,True,True,4.724541,eb67292639ee422b4e5214df24876d03,6
python_pruning,10,1000,1,6,A,60,True,True,7.819756,f74b63d75e5c889c3b2667683432982a,14
python_pruning,10,1000,1,6,A,73,True,True,0.86219,4c89a6e065b5d6ceb06a4d4ea4d16b21,14
python_pruning,10,1000,1,6,A,74,True,True,0.860128,1d15036ce9644ab6b7fd8731e51e62d8,14
python_pruning,10,1000,1,6,A,69,True,True,3.474749,955225c87368d3fd0e9cf7b340b2a857,10
python_pruning,10,1000,1,6,A,72,True,True,2.212437,1b0ad4251d3621b3f811324e13ba8ec2,6
python_pruning,10,1000,1,6,A,38,True,True,30.661994,de94437b1c60b39178b5e450e44b6b23,0
python_pruning,10,1000,1,6,A,76,True,True,0.875757,5361e649032e1989b6b38612795f7765,10
python_pruning,10,1000,1,6,A,75,True,True,1.754911,a579b760fe29818212cd1d08375d7704,14
python_pruning,10,1000,1,6,A,77,True,True,2.156574,533508709b8ee1e48c943dcda4f51beb,6
python_pruning,10,1000,1,6,A,63,True,True,10.821816,3e4abe54fb9a33290c690db1597983ca,2
python_pruning,10,1000,1,6,A,61,True,True,14.254214,d66f9219c8e66018d334f5056a1677d5,4
python_pruning,10,1000,1,6,A,81,True,True,2.597013,6e5ceb64dfcec827e738e64d9b6712a0,6
python_pruning,10,1000,1,6,A,71,True,True,7.783004,f0aba23f85cfd678cc19294eb175398a,12
python_pruning,10,1000,1,6,A,80,True,True,3.514128,fac8b0ee203a2b48da90b94dd78a9b27,14
python_pruning,10,1000,1,6,A,82,True,True,2.690543,e0bbd68c0523255928501c0c9edc6b6a,2
python_pruning,10,1000,1,6,A,86,True,True,0.883079,12fe7a2f59b66f7f14088ef576df853f,14
python_pruning,10,1000,1,6,A,79,True,True,5.217548,7e1a9b4ea176ae93e60cea67daad6aca,10
python_pruning,10,1000,1,6,A,89,True,True,0.88536,3d09d9d6ec5e41725e8d140c8f478fd9,10
python_pruning,10,1000,1,6,A,87,True,True,1.286663,d98143287b8f03d5da8c280f449bceaf,2
python_pruning,10,1000,1,6,A,78,True,True,7.422223,b7c61fd4be4a30006b880612b6eed935,0
python_pruning,10,1000,1,6,A,91,True,True,1.357973,2f8729c3a130d32e9dfdd0bf10075a88,2
python_pruning,10,1000,1,6,A,85,True,True,3.896522,d2d9e200617b20aa32e0ad62f266654c,12
python_pruning,10,1000,1,6,A,70,True,True,12.428789,b98f5dfca82e19b6e576fb9adb9612c4,8
python_pruning,10,1000,1,6,A,92,True,True,1.740215,c3de0eb95d1fd46a1c5d9dabb5ee61d8,0
python_pruning,10,1000,1,6,A,90,True,True,2.597657,10fe3d495b9666ea63e8c793236ad16e,10
python_pruning,10,1000,1,6,A,84,True,True,5.043732,7427bd4961011a6677a83a9e104a6ee9,6
python_pruning,10,1000,1,6,A,95,True,True,0.876933,e427ef0cbd411702a3ce87a122088721,8
python_pruning,10,1000,1,6,A,83,True,True,6.391886,e1fe194ec1210a7494ec52bdd2eef6d2,4
python_pruning,10,1000,1,6,A,96,True,True,3.532404,d335c2d117a102985bd9b6117f2cede6,0
C_exact,10,1000,1,6,A,11,True,True,0.03187,1734308d7b4de1875b50080303d747d0,0
C_exact,10,1000,1,6,A,12,True,True,0.036983,94a4e1acc614a9b6758afef6653b6518,0
C_exact,10,1000,1,6,A,13,True,True,0.044272,e1475685d4d692a418d862522b4ebcc0,0
C_exact,10,1000,1,6,A,14,True,True,0.028469,02a0122412b1c4b73998baa5a871681b,0
C_exact,10,1000,1,6,A,15,True,True,0.039631,4510da5c222294aa630cbba056a08789,0
C_exact,10,1000,1,6,A,16,True,True,0.030626,ef31a10b21e38157026e1e1066a39f28,0
C_exact,10,1000,1,6,A,17,True,True,0.02955,f2fd968b340f6e329531333ef081a258,0
C_exact,10,1000,1,6,A,18,True,True,0.027804,3fe5d40b0e8e1585e8785ecde318e99f,0
C_exact,10,1000,1,6,A,19,True,True,0.032081,dd7e2bb624431fec97fd5acc057953e8,0
C_exact,10,1000,1,6,A,20,True,True,0.030301,ef60961028cc46ee8490a1677418cfcb,0
C_exact,10,1000,1,6,A,21,True,True,0.044105,a8f2edbf135a80781873082a93b00d9b,0
C_exact,10,1000,1,6,A,22,True,True,0.042551,57140591c0eb948607e3debbe6782362,0
C_exact,10,1000,1,6,A,23,True,True,0.025686,9558661ba24e7dc49c025605dc2ab369,0
C_exact,10,1000,1,6,A,24,True,True,0.027679,13110e2ecef24d9726a90e5da7db7531,0
C_exact,10,1000,1,6,A,25,True,True,0.029292,e4c341f4ab906a4d89485805d87eb0e3,0
C_exact,10,1000,1,6,A,26,True,True,0.028775,c373a2120a2e8acfb1e88cd0d4219519,0
C_exact,10,1000,1,6,A,27,True,True,0.025887,50d3eb98080dc2e9f482bdc54e6b3a98,0
C_exact,10,1000,1,6,A,28,True,True,0.028674,7b7df7a310cddc265d03f84af81e12b3,0
C_exact,10,1000,1,6,A,29,True,True,0.030693,c1765efb0ef5ae7bc3cb09a46dfc493e,0
C_exact,10,1000,1,6,A,30,True,True,0.038256,6cf86cfb943932e34f75aff818b6beb5,0
C_exact,10,1000,1,6,A,31,True,True,0.035523,610626940ba34a85ed80970cb1e90968,0
C_exact,10,1000,1,6,A,32,True,True,0.043551,471aa3304f82b9416d4b415e6177862d,0
C_exact,10,1000,1,6,A,33,True,True,0.034078,45b51369b78e4ec63cd997376ea290b9,0
C_exact,10,1000,1,6,A,34,True,True,0.05169,704d5e9168fb04362f136e8acb821ecb,0
C_exact,10,1000,1,6,A,35,True,True,0.028143,1b111fce68fbee3fbbb9f21ba44c59da,0
C_exact,10,1000,1,6,A,36,True,True,0.02877,f09e1354964a6a6ff2b2f2eaf118ea6c,0
C_exact,10,1000,1,6,A,37,True,True,0.031475,f7345307c41b1cead1638b845fadd261,0
C_exact,10,1000,1,6,A,38,True,True,0.039058,20e4764a5b901889f578c7a672fd4c03,0
C_exact,10,1000,1,6,A,39,True,True,0.027519,ca395710250302c7624a666368595efd,0
C_exact,10,1000,1,6,A,40,True,True,0.025432,9d10ebbabe85c11990122f518ae16f68,0
C_exact,10,1000,1,6,A,41,True,True,0.028659,8878af20e69fce621a388c4e4a0f067d,0
C_exact,10,1000,1,6,A,42,True,True,0.035656,9296e1f02b385845366ec3551329e9b9,0
C_exact,10,1000,1,6,A,43,True,True,0.036902,b1fe4cf77b8ad7f76f7dfafece27bfcc,0
C_exact,10,1000,1,6,A,44,True,True,0.032264,4160efc4beebdc1da465e9f073190faa,0
C_exact,10,1000,1,6,A,45,True,True,0.03243,72e8167c7f89ee0a51ac7e05d39dacd7,0
C_exact,10,1000,1,6,A,46,True,True,0.037273,5c2c48d1993ca3dc64a5ae96d809b2c5,0
C_exact,10,1000,1,6,A,47,True,True,0.043194,691b1b86f10c10c0e26eab60bdf5bf4b,0
python_pruning,10,1000,1,6,A,100,True,True,3.934662,8854ac9fc3153cdd33e40de1c05ddcf5,4
C_exact,10,1000,1,6,A,48,True,True,0.037698,15405577fe9bca587f22c72ea410d0c1,0
C_exact,10,1000,1,6,A,49,True,True,0.031228,845949d40c314eabaf517332fdb32cd1,4
C_exact,10,1000,1,6,A,50,True,True,0.041264,3f2ad2ccda1896f1dbf302a979e4068c,0
C_exact,10,1000,1,6,A,51,True,True,0.025838,dad48818b1f162d454ebcf207f072956,4
C_exact,10,1000,1,6,A,52,True,True,0.038692,49d642ddc26addabd01ae486cb358b3e,0
C_exact,10,1000,1,6,A,53,True,True,0.044554,85e8d118349d3dff03ec9fbf20c2c5d9,4
C_exact,10,1000,1,6,A,54,True,True,0.035067,341b9d9a2b65f0dbdd0857cd679d3984,0
C_exact,10,1000,1,6,A,55,True,True,0.030799,1bd92a9cd2d22714272f8007fea53b5a,4
C_exact,10,1000,1,6,A,56,True,True,0.040764,19c22aaebd2947cc245b1e0274753ab7,0
C_exact,10,1000,1,6,A,57,True,True,0.035343,e641481b32055a223207ab859a7c7c4f,4
C_exact,10,1000,1,6,A,58,True,True,0.053438,ce8912f7014d011eedf8f6939b06cbc2,0
C_exact,10,1000,1,6,A,59,True,True,0.03043,d3eb765a418d42369108bc58fe0cedab,4
C_exact,10,1000,1,6,A,61,True,True,0.031222,cca757f6c84e44b87964f9c5d4dedcde,4
C_exact,10,1000,1,6,A,60,True,True,0.045466,48414c6776b3fe0208b213409eae3f87,0
C_exact,10,1000,1,6,A,63,True,True,0.03492,63d656c404b011e6e475339bdb1879c1,0
C_exact,10,1000,1,6,A,62,True,True,0.043718,9a1e884c9c72f13290e2eadcec48829f,4
C_exact,10,1000,1,6,A,64,True,True,0.036201,aa6e2a7bb12305568fb474b1ab23737b,0
C_exact,10,1000,1,6,A,65,True,True,0.029717,5d4ea310429904a1c9c8a7a0cac58ffc,4
C_exact,10,1000,1,6,A,66,True,True,0.037813,f290e90fd77fad363eba012059b72892,0
C_exact,10,1000,1,6,A,67,True,True,0.032085,051d10df3d02b2188c7e79842f306f48,4
C_exact,10,1000,1,6,A,69,True,True,0.037444,8ac4b19bce08d4c9362beb22709505b7,4
C_exact,10,1000,1,6,A,70,True,True,0.035522,ff0a5d234297415c7e5aa1f5b1ec31f8,4
C_exact,10,1000,1,6,A,71,True,True,0.026143,896dfa91718fef61d25c742dca0fe61b,4
C_exact,10,1000,1,6,A,72,True,True,0.034446,a5439baa09b5e6e5ac5a4db4ce64c0f2,4
C_exact,10,1000,1,6,A,73,True,True,0.043476,c397ece0cb5818ecbd46eeec41615a20,4
C_exact,10,1000,1,6,A,74,True,True,0.039661,c1ff16fb301dbe21c304532c0e4edb26,4
C_exact,10,1000,1,6,A,75,True,True,0.029889,2f9fe087c51ae538d7f111a756ef9470,4
C_exact,10,1000,1,6,A,76,True,True,0.032878,c021b5d3bead7330d39a7023d43e2992,4
C_exact,10,1000,1,6,A,77,True,True,0.027262,8f70bc87beab6acf2e7de7f2f118e969,4
C_exact,10,1000,1,6,A,78,True,True,0.029228,718b3a1c7e0c74d18a13e092734dd7f1,4
C_exact,10,1000,1,6,A,79,True,True,0.042749,b0378e6df337e790d1b08a8245cf638a,4
C_exact,10,1000,1,6,A,80,True,True,0.040496,8b5dc2fa366c9c4e06569683f0c7d9db,4
C_exact,10,1000,1,6,A,81,True,True,0.061666,a594eabe3237cce2982a8e5dddeaa854,4
python_pruning,10,1000,1,6,A,88,True,True,10.58449,525ad919f231cf91b56175e37d20007d,14
C_exact,10,1000,1,6,A,82,True,True,0.039392,46a431c2696b0e7f9ce9c7574e3a657b,4
C_exact,10,1000,1,6,A,83,True,True,0.025299,c4c5b9d5fa95ee6f49ced7fe01f9d7aa,14
C_exact,10,1000,1,6,A,84,True,True,0.035831,558d646a2add76e2a662c3fb6b97b4a0,4
C_exact,10,1000,1,6,A,68,True,True,0.995352,a9ae7430a58ff7bd161fa6a6cc783cdd,0
C_exact,10,1000,1,6,A,85,True,True,0.051103,8a3cf642577137c7911440282cc8deea,14
C_exact,10,1000,1,6,A,86,True,True,0.043391,fb8caf38f78d0f586fcefe3e7ee32de6,4
C_exact,10,1000,1,6,A,87,True,True,0.035287,3629c67017dd0b3911171d5dbfb665f9,0
C_exact,10,1000,1,6,A,88,True,True,0.035559,0489d24670ef646ecbf352e35d27caec,14
C_exact,10,1000,1,6,A,89,True,True,0.042517,cc7a4972d8b63a5e9ecbda087918e611,4
C_exact,10,1000,1,6,A,91,True,True,0.034893,65f6d7f41e37651a37fdf0e1c3cbe1cd,14
C_exact,10,1000,1,6,A,90,True,True,0.034879,5baed3414ca7f1d58f336fe4f9868e54,0
C_exact,10,1000,1,6,A,92,True,True,0.046403,8d8698d676569f2a68598766f58fe809,4
C_exact,10,1000,1,6,A,93,True,True,0.042991,59e2b12adf29a5c371e24cf70023f82c,14
C_exact,10,1000,1,6,A,94,True,True,0.052051,d8fd3ab062e36be221d9155226d7783b,0
C_exact,10,1000,1,6,A,95,True,True,0.031378,851155aa1a32d9ae7929e451fd6781a2,4
C_exact,10,1000,1,6,A,96,True,True,0.028791,b2458920bb17da2c634e5bee40ba31b6,14
C_exact,10,1000,1,6,A,97,True,True,0.039709,f4e7cded901892a627c0c768941c60c9,0
C_exact,10,1000,1,6,A,98,True,True,0.034387,82c486369d03840eb71106cd664128aa,4
C_exact,10,1000,1,6,A,99,True,True,0.035575,f4464b7dff42158e9e0fcd60ae4bce32,14
C_exact,10,1000,1,6,A,100,True,True,0.035935,3154e191f2845557c5decc3bbd41e649,0
python_exact,10,1000,1,6,A,13,True,True,0.276711,14bf2cf55ee575bbe252fdaa3918519b,0
python_pruning,10,1000,1,6,A,98,True,True,7.479692,7820b4672d2a814301ee9c3c4bbc8927,6
python_exact,10,1000,1,6,A,11,True,True,0.418372,1ac9fc3d8bd5fe2bbb486cd10e86227e,4
python_exact,10,1000,1,6,A,14,True,True,0.313884,75e635adc489df0b6b7a91086dc2b6e6,0
python_exact,10,1000,1,6,A,12,True,True,0.719478,9a60916616f525ae5f4a143bc4033462,14
python_exact,10,1000,1,6,A,17,True,True,0.233113,2a8e8c35baa512c21f956793926c6f51,0
python_exact,10,1000,1,6,A,15,True,True,0.60196,7c8089c3809ac85a329b8345dce70532,6
python_exact,10,1000,1,6,A,16,True,True,0.573928,7001e6228792fcf3052e219124135a3d,4
python_exact,10,1000,1,6,A,18,True,True,0.279737,a80f7dc99e2c99c3cfddabfa34c93e8d,14
python_exact,10,1000,1,6,A,19,True,True,0.335552,7668ad92456448c7acdb747010f0bec8,0
python_exact,10,1000,1,6,A,21,True,True,0.36145,15856110ee914cb963a111f2620c43f6,4
python_exact,10,1000,1,6,A,20,True,True,0.507295,7b0c4a8c1fffbad79636b295e9a086f9,6
python_exact,10,1000,1,6,A,22,True,True,0.541914,9613903f7f0ecf50d5c78f26036c02b4,14
python_exact,10,1000,1,6,A,23,True,True,0.455875,72bb417e76c189c342a603379c977d35,0
python_exact,10,1000,1,6,A,26,True,True,0.252873,2a56610c510ee417957ab77bee8f3b19,14
python_exact,10,1000,1,6,A,24,True,True,0.604548,015d0c05138cdc06aeb0b9d60d850e4c,4
python_exact,10,1000,1,6,A,27,True,True,0.355421,7b5143f8f45388d86f47d08633791694,0
python_exact,10,1000,1,6,A,25,True,True,0.536538,6335327ae9ffc322e58a7cfafd0a2ba3,6
python_exact,10,1000,1,6,A,29,True,True,0.280362,1f2dfc4695c91bda232e91e86e25203f,4
python_exact,10,1000,1,6,A,28,True,True,0.48612,7d6f028a7fceeeb4dfe1a99fb2c5450e,14
python_exact,10,1000,1,6,A,30,True,True,0.365494,09fc9075ed7261464b10f12ecb517b53,0
python_exact,10,1000,1,6,A,32,True,True,0.205922,e6e0fc79e5948012cc77e3de60c45296,4
python_exact,10,1000,1,6,A,31,True,True,0.602948,c0856bcc0dd6ef742317b622c5d3bb46,6
python_exact,10,1000,1,6,A,34,True,True,0.327493,fac5a42d31c6e19fd6df857431210eae,0
python_exact,10,1000,1,6,A,33,True,True,0.425642,a462d10d80593976d0e4f42b9ef7cd03,14
python_exact,10,1000,1,6,A,37,True,True,0.202624,bbacb81ae1db29deebf79719f55cd557,0
python_exact,10,1000,1,6,A,38,True,True,0.247772,f4b4a501bc435de973e4328f8702aeea,14
python_exact,10,1000,1,6,A,35,True,True,0.60855,5e60f1cc561f58d7975b780a153744e4,4
python_exact,10,1000,1,6,A,36,True,True,0.549768,51abd7551923bd6019b03d75425c4fb0,6
python_exact,10,1000,1,6,A,39,True,True,0.318001,7fc10aa77f5476439c905471ebfc8354,0
python_pruning,10,1000,1,6,A,97,True,True,10.794261,9634256bea3cf9f99704a5a47cb7823f,10
python_exact,10,1000,1,6,A,40,True,True,0.371125,90fd0b6dbc0fb239292a3fc7fcd94a39,14
python_exact,10,1000,1,6,A,44,True,True,0.273887,25cd64aeb3d5849899aa0b87f6e0d47f,10
python_exact,10,1000,1,6,A,43,True,True,0.445911,997da8a7b1752821b07f835f54b4c135,0
python_exact,10,1000,1,6,A,41,True,True,0.612623,7800923ae63e4d95dbd689d469e17457,4
python_exact,10,1000,1,6,A,45,True,True,0.388225,a74cd8cd4fb1cce0c72afa7d76eb8f4e,14
python_exact,10,1000,1,6,A,42,True,True,0.735514,68939b903cee2aea394e96ec13273059,6
python_pruning,10,1000,1,6,A,99,True,True,10.788894,660d571f216b5f3e5d8838d386a16e1a,8
python_exact,10,1000,1,6,A,46,True,True,0.362144,62243969c7a09bd037b1483408422c0c,10
python_exact,10,1000,1,6,A,49,True,True,0.28358,804b8170c09be9d1162c97643a864b7a,14
python_exact,10,1000,1,6,A,48,True,True,0.326821,f1a88c3c665ccb59ab47b9f9bb85d133,4
python_exact,10,1000,1,6,A,51,True,True,0.30393,1143437f45326521d0293b7765e54ac3,8
python_exact,10,1000,1,6,A,50,True,True,0.405572,a24158f484245b827c021f09bf40027e,6
python_exact,10,1000,1,6,A,47,True,True,0.746798,cdd9656441e5caa365516cd91f9d71fa,0
python_exact,10,1000,1,6,A,53,True,True,0.496699,de65dfc168680238913e2f5e8ee342c3,14
python_exact,10,1000,1,6,A,55,True,True,0.325268,66308b25e810bb20b51e4631066a585b,8
python_exact,10,1000,1,6,A,52,True,True,0.628223,8f047caac64ff9440de2adf47a2ed772,10
python_exact,10,1000,1,6,A,54,True,True,0.583592,ecfa3950f62954c1bef49db9c86a5907,4
python_exact,10,1000,1,6,A,56,True,True,0.333821,5a5f2c20db765960350cd11a0ef3608c,6
python_exact,10,1000,1,6,A,57,True,True,0.346825,3a844874fc1e9a91dc2e5be5acf03aca,0
python_exact,10,1000,1,6,A,58,True,True,0.322614,1008ae342680d09c7c13ab3b22c96c94,14
python_exact,10,1000,1,6,A,62,True,True,0.320283,047c38b23138d3ed0f27e54460ce61b2,6
python_exact,10,1000,1,6,A,59,True,True,0.426643,76b4e247f5754dd39dae1b792dab94c1,8
python_exact,10,1000,1,6,A,60,True,True,0.516141,f592962b44a539b129b95486092233ae,10
python_exact,10,1000,1,6,A,63,True,True,0.363159,1a53027691feabe229e51815bc0f1a76,0
python_exact,10,1000,1,6,A,64,True,True,0.302222,eb9b797274dfb2e7db4441f9c5c8abd4,14
python_exact,10,1000,1,6,A,61,True,True,0.541936,a2dfb205bb6f31ca9367a58cf7fa1f76,4
python_exact,10,1000,1,6,A,67,True,True,0.294956,244355e8b2b029e715347984d595158e,10
python_exact,10,1000,1,6,A,68,True,True,0.273723,126d6db267d2b2c2fe31fb23af3631d3,0
python_exact,10,1000,1,6,A,66,True,True,0.44966,0af90a3c0478e41f33daf50f0925d622,8
python_exact,10,1000,1,6,A,69,True,True,0.346131,f4fecdaa082c2d7112959d9f79b9b213,14
python_exact,10,1000,1,6,A,65,True,True,0.589867,7598ab01c2311828ca2bfa0da77a3374,6
python_exact,10,1000,1,6,A,72,True,True,0.234327,711b8c29a63f6980dee1a76f68ba77e3,0
python_exact,10,1000,1,6,A,71,True,True,0.359879,2b8c7884f78a32dae1662b98b13a35c4,10
python_exact,10,1000,1,6,A,75,True,True,0.300391,1fd62884cbd4eb4c6220ab3dd6889b54,6
python_exact,10,1000,1,6,A,76,True,True,0.241931,5d8b5c9fd5bdde8f2725d2c4ae38ed28,0
python_exact,10,1000,1,6,A,73,True,True,0.51385,225f3ae8e615aed9f98a0b3aa6cc8cfa,8
python_exact,10,1000,1,6,A,74,True,True,0.482774,1be17f23e72333dc99aabc90761577ce,14
python_exact,10,1000,1,6,A,70,True,True,0.886278,f19a395a94406eec877e317e19c43064,4
python_exact,10,1000,1,6,A,77,True,True,0.34869,98aaa760294d72dff910054063aa124f,10
python_exact,10,1000,1,6,A,79,True,True,0.274439,86da69156b6e138adfba108a8252413a,0
python_exact,10,1000,1,6,A,80,True,True,0.264828,438afc17d6e7df8005cfaf3b70dae5a8,8
python_exact,10,1000,1,6,A,81,True,True,0.387709,a3dca87e2de60c6736bb520c955ed466,14
python_exact,10,1000,1,6,A,78,True,True,0.550487,c9553a9b36926300cbf3cbf7ec7a865e,6
python_exact,10,1000,1,6,A,85,True,True,0.238725,b0f7cf605c9d3092256dedeef5e81a85,8
python_exact,10,1000,1,6,A,86,True,True,0.275193,788aeaf40858ebc8a3f29e9678859c7c,14
python_exact,10,1000,1,6,A,84,True,True,0.467499,de405b4b675ec6538f0d8d4ecfb1a1b6,0
python_exact,10,1000,1,6,A,83,True,True,0.575924,f180e1dcf715170144a54f26cc8e70b0,10
python_exact,10,1000,1,6,A,87,True,True,0.298451,6bc4632acd701521c9bc38f19025ea9d,6
python_exact,10,1000,1,6,A,88,True,True,0.27752,22029ad84739d090f5d700af5943de3b,8
python_exact,10,1000,1,6,A,82,True,True,0.749439,d574344f8cb228e531865b6b5b19db3b,4
python_exact,10,1000,1,6,A,89,True,True,0.340134,7639e8d2c953232d8c64f71319b14aa0,14
python_exact,10,1000,1,6,A,91,True,True,0.392868,f63c7a102f2849c9779a4c83bd038423,10
python_exact,10,1000,1,6,A,90,True,True,0.463161,0037dd4e642fc85314c303462e083fb0,0
python_exact,10,1000,1,6,A,93,True,True,0.436559,0eefe1f375b9b36d09b3e47099ab325c,8
python_exact,10,1000,1,6,A,92,True,True,0.506199,ff790ae950a1a0c363311d3a1434b3d9,6
python_exact,10,1000,1,6,A,95,True,True,0.301544,59b7ed5183a36479c1dc7104a27a4a15,14
python_exact,10,1000,1,6,A,94,True,True,0.468897,58c2c32333285c27ef8695ad751a418c,4
python_exact,10,1000,1,6,A,97,True,True,0.265194,b5d47baa515468821f6b870bda51e21f,0
python_exact,10,1000,1,6,A,100,True,True,0.200048,3ab65ed697db9a01010496a93d8b86df,14
python_exact,10,1000,1,6,A,96,True,True,0.479156,2d44442a45f6668461a3ef47b9609e34,10
python_exact,10,1000,1,6,A,98,True,True,0.39485,9961a6c2e3523f7276fd3fc2c6f262e6,8
C_pruning,10,1000,1,6,T,12,True,True,0.860213,847a67ff002e8a8fde97100ae42ae7ca,0
C_pruning,10,1000,1,6,T,16,True,True,0.465322,c760150b3f6b5fc17fc2cb6ede56bb41,0
python_exact,10,1000,1,6,A,99,True,True,1.575007,ee5c4ae2cfc6a8a5bb6664a3a3086ed8,6
C_pruning,10,1000,1,6,T,17,True,True,0.260562,4dbd463851d583ece49ac30913e4f171,0
C_pruning,10,1000,1,6,T,15,True,True,2.377995,27edf860f4a98ff00aca03258f17ffb3,8
python_pruning,10,1000,1,6,A,93,True,True,19.828918,2df1ad6c5d3854aaf3f7d0a3e570db88,2
C_pruning,10,1000,1,6,T,21,True,True,0.711141,bbf447686cc8db149527f3f46823e908,2
C_pruning,10,1000,1,6,T,14,True,True,4.50473,4ebdafc73da873c3ce3b8d0b344f51d8,10
C_pruning,10,1000,1,6,T,18,True,True,3.284215,81bfbbcbef89b0b4f0dc80cca031eb64,6
C_pruning,10,1000,1,6,T,24,True,True,1.595623,c359f3586a5bb1755c54c30c4da77caa,6
C_pruning,10,1000,1,6,T,20,True,True,4.498553,2971c4acbb69a63934828b4240b3293d,8
C_pruning,10,1000,1,6,T,13,True,True,9.285848,76be486447fa3d9e4d0945136a86cb70,14
python_pruning,10,1000,1,6,A,94,True,True,26.718784,81676d92ec4538d3ac73cbbf72b7024b,12
C_pruning,10,1000,1,6,T,19,True,True,9.847422,68293736001c7def20447cefe6cea141,0
C_pruning,10,1000,1,6,T,23,True,True,7.827703,55fe4f6e20ee889456458d682bdd72f3,10
C_pruning,10,1000,1,6,T,22,True,True,8.975727,41e68f2bf7f29fb4de5bfed90275b51e,2
C_pruning,10,1000,1,6,T,30,True,True,0.93442,37efbb4497a1e1f7eb4fbcc47289e242,10
C_pruning,10,1000,1,6,T,27,True,True,4.610202,9310238029ae4855dfadb189070c5b4f,14
C_pruning,10,1000,1,6,T,28,True,True,3.049758,e2be154e54259c37c583ae7579ddd6c9,12
C_pruning,10,1000,1,6,T,33,True,True,1.231283,3b0280690b2f34c6b4e6483916076a62,14
C_pruning,10,1000,1,6,T,26,True,True,8.814137,ad934c54f11e5b08bc2e5913b8c06aa4,8
C_pruning,10,1000,1,6,T,29,True,True,4.811521,dd1154a3ae40c25100769497bc8b5405,0
C_pruning,10,1000,1,6,T,34,True,True,3.061993,b498daeee12e0d3348de44a22242f663,12
C_pruning,10,1000,1,6,T,38,True,True,0.542244,8377e55cce3219a2b3d616f56009a9a5,12
C_pruning,10,1000,1,6,T,25,True,True,11.463956,14950758a95e87afba40188c5a0b8d56,6
C_pruning,10,1000,1,6,T,36,True,True,2.263368,180335cbdb7caf0913d28557ff2f8eda,8
C_pruning,10,1000,1,6,T,11,True,True,18.952815,0481d220361f354631928f1e9bbe95e6,4
C_pruning,10,1000,1,6,T,37,True,True,2.669682,4be9e82f82bb2618ca680b2df3ad3d2b,0
C_pruning,10,1000,1,6,T,41,True,True,2.428239,19a7a7798c1549c3b4d8c94346ececd2,8
C_pruning,10,1000,1,6,T,32,True,True,7.20049,f15f21d0efd26bd3693030079b8d1329,10
C_pruning,10,1000,1,6,T,39,True,True,3.143696,46e1a2b54102c1446adf34787e527565,12
C_pruning,10,1000,1,6,T,35,True,True,5.82181,d8cec1dca5d05e88d75bff7040f4a697,14
C_pruning,10,1000,1,6,T,46,True,True,0.293181,afe5251c3c1223f0ed366108bbf96b39,12
C_pruning,10,1000,1,6,T,40,True,True,4.01619,ef43d31968195bfacd2f0908f3ddc6d0,6
C_pruning,10,1000,1,6,T,48,True,True,1.169278,c609b9eab20cbecbbe647c27ef1814ef,12
C_pruning,10,1000,1,6,T,49,True,True,1.762075,403ce7a91d3aa1dd1067f9f0db561e95,6
C_pruning,10,1000,1,6,T,50,True,True,1.660733,be6ef5c34defecd6759091da30094625,12
C_pruning,10,1000,1,6,T,52,True,True,0.319339,d0992a067ff88eb4b0485b5ff087b294,12
C_pruning,10,1000,1,6,T,45,True,True,4.381787,68ee32434139a8afc5b86480c81f80d7,10
C_pruning,10,1000,1,6,T,43,True,True,7.693963,b30fb1e807d58fa888b54dd45cbcdb10,0
C_pruning,10,1000,1,6,T,47,True,True,6.743004,e33a52957414e2b1ed9e7842cd5c10de,14
C_pruning,10,1000,1,6,T,55,True,True,2.927162,5142c9fc301a94ebe891ed95cd033b37,0
C_pruning,10,1000,1,6,T,44,True,True,10.436365,4c4137a69e5fa0f85d5beea2b3a8a0c0,8
C_pruning,10,1000,1,6,T,53,True,True,8.746667,bdd2b5e107bdaa4e11571f437b3384d4,12
C_pruning,10,1000,1,6,T,57,True,True,4.247448,d166e00aec8262c6723067a8048b16c2,0
C_pruning,10,1000,1,6,T,31,True,True,21.099242,725a7c0e633525f17a75fa7a6688a1ed,2
C_pruning,10,1000,1,6,T,59,True,True,1.648308,604065b04e43a9c47e96534f3f2a18fe,12
C_pruning,10,1000,1,6,T,56,True,True,8.231982,4dd1b66fabe5a7d2caf895b722e7c1dd,14
C_pruning,10,1000,1,6,T,42,True,True,18.162154,56b0ced4ac8ea4fe0db6dcd22e7909c2,4
C_pruning,10,1000,1,6,T,61,True,True,2.43087,7c76e53910cb8f8dad605afbf64c4e4f,2
C_pruning,10,1000,1,6,T,65,True,True,0.540665,bb29d06cc1eee8ec66555657420ccdb1,2
C_pruning,10,1000,1,6,T,58,True,True,7.394858,b90345e95ee0d7a01e16b232840476ec,8
C_pruning,10,1000,1,6,T,66,True,True,1.170678,ea3d5d4e14dbb68f81e2d4371a2e52d6,2
C_pruning,10,1000,1,6,T,68,True,True,0.254586,08535f99881c850552e7e4b7bcf03409,2
C_pruning,10,1000,1,6,T,51,True,True,16.061949,66a36128df77b0860eb9faf7ee056d8a,6
C_pruning,10,1000,1,6,T,70,True,True,0.226788,b79808fb7478d54f9bc9494815173f3b,6
C_pruning,10,1000,1,6,T,63,True,True,7.931385,f6be959a8f917c9fce5d8e49167501bd,14
C_pruning,10,1000,1,6,T,54,True,True,19.548633,af1eddfb6daaab2645044f812e69717a,10
C_pruning,10,1000,1,6,T,71,True,True,6.758864,c60fa032704497af0d4ba4f694204c7d,6
C_pruning,10,1000,1,6,T,74,True,True,1.197016,037cba7f16b3b2dbed759f01e491900c,6
C_pruning,10,1000,1,6,T,69,True,True,9.809891,6ab2418d5ba3d1134c45f580b28ed2d9,2
C_pruning,10,1000,1,6,T,75,True,True,1.275752,c912bc424fe5f62c8db078d4c95e6e5c,6
C_pruning,10,1000,1,6,T,77,True,True,0.286039,8bc96052fa064b271b3417e26310be1b,6
C_pruning,10,1000,1,6,T,76,True,True,0.783458,51d79b2cc1351141d9ad3f9e6bdb7a62,2
C_pruning,10,1000,1,6,T,78,True,True,0.155626,5d64e74e91035c6bdb93a4db0022198d,6
C_pruning,10,1000,1,6,T,73,True,True,6.299433,a6a1ec1891eed6399426c4bf5eca3fab,10
C_pruning,10,1000,1,6,T,60,True,True,18.069997,38222c68b06ed9d9c34195d350e8dfcd,0
C_pruning,10,1000,1,6,T,80,True,True,4.984691,f3aba9b8d0e233aaaebf6d2b80c1329a,6
C_pruning,10,1000,1,6,T,62,True,True,19.915385,4395c76b912a93d856a6bd3e0954953c,12
C_pruning,10,1000,1,6,T,72,True,True,12.085434,d87dd52180238ce17c1b7440f98438e6,14
C_pruning,10,1000,1,6,T,85,True,True,1.040275,52bfff663d80079913c33f008305c0ec,14
C_pruning,10,1000,1,6,T,79,True,True,7.712879,9705246b3d38ec5906acee38dc8e450b,2
C_pruning,10,1000,1,6,T,84,True,True,4.793246,c320876a41052eee5ce4870fec2189ed,12
C_pruning,10,1000,1,6,T,82,True,True,8.269423,09808f79d3674b5c297798e46c81229a,0
C_pruning,10,1000,1,6,T,81,True,True,9.931416,6040270d7c040949d22287117328bba1,10
C_pruning,10,1000,1,6,T,88,True,True,1.220948,095dd1703cbd9551906fc5245ef4a840,12
C_pruning,10,1000,1,6,T,91,True,True,0.471764,64da8bd9d95f58b5e13f91ba9a572c4f,12
C_pruning,10,1000,1,6,T,67,True,True,23.298935,66cd7af2969b82ecb2a65a496342a136,8
C_pruning,10,1000,1,6,T,89,True,True,2.444128,5926d6c6e158daebe099c3ed6a257827,0
C_pruning,10,1000,1,6,T,92,True,True,2.351735,16f6e9aa97e899b3a4b9be56f53e816e,12
C_pruning,10,1000,1,6,T,93,True,True,2.054784,7e691893b5385d5cd138d2e01106e753,8
C_pruning,10,1000,1,6,T,87,True,True,6.876157,8f9b905dc80a292237925093ce88473e,2
C_pruning,10,1000,1,6,T,95,True,True,0.675222,c357dd317ecbd8cdd5cb6a583dc2cf53,12
C_pruning,10,1000,1,6,T,96,True,True,2.004996,d06c238da53c6ad96a89d46be8069cbb,8
C_pruning,10,1000,1,6,T,97,True,True,2.528463,7878b346f638db84a9d67f5617cbc4cc,2
C_pruning,10,1000,1,6,T,64,True,True,30.840444,31a881494934005423519115b10e232b,4
C_pruning,10,1000,1,6,T,100,True,True,2.068064,a08bfddd94ab93c8b13891826948c088,2
C_pruning,10,1000,1,6,T,94,True,True,7.147945,6e216c056a59948e44e44c5a57570363,0
C_pruning,10,1000,1,6,T,99,True,True,4.609278,0ddb7298051b6ecc41c3a424dd9bb330,8
C_pruning,10,1000,1,6,T,86,True,True,14.636839,c68bd33cf4457e5c267b86f8a803fba0,14
python_pruning,10,1000,1,6,T,15,True,True,0.73114,87d5c26335248e8355e2ce644ecb672d,14
C_pruning,10,1000,1,6,T,83,True,True,24.084777,3fc9725da1baf21b3c8706b4094e79a1,6
python_pruning,10,1000,1,6,T,11,True,True,13.117342,b7d50108e49ba19db8204558dce62878,4
python_pruning,10,1000,1,6,T,13,True,True,12.283598,dff4419386df7fbb10196b0982a30cfb,0
python_pruning,10,1000,1,6,T,12,True,True,17.513941,de50c51fafaaed6e06fdc5cf67beda0a,2
C_pruning,10,1000,1,6,T,98,True,True,24.683582,f4bcc77e2061cf041280700142aa2a7f,12
python_pruning,10,1000,1,6,T,20,True,True,2.783313,d5ad4f3924d5fe6a725fae9984460800,2
python_pruning,10,1000,1,6,T,19,True,True,7.864142,e14ced2eaa167f084f2c2d2e614b7154,0
python_pruning,10,1000,1,6,T,18,True,True,9.834223,da5a3b0be06af48760f5c8e84159229d,4
python_pruning,10,1000,1,6,T,16,True,True,18.418878,8c95e7c10bc1916ae86a8d2eeaca468c,14
python_pruning,10,1000,1,6,T,14,True,True,20.447476,26b4fa01025084b35f5124b9cff5df97,8
python_pruning,10,1000,1,6,T,22,True,True,6.517963,4fe5561901c8a384f55df47a114c3e95,2
python_pruning,10,1000,1,6,T,17,True,True,17.413682,f4f80019079668f1145c399011e0b8c9,6
python_pruning,10,1000,1,6,T,26,True,True,5.962898,c8553e7d63b480a193fb9494e22c8f6d,8
python_pruning,10,1000,1,6,T,24,True,True,8.324732,3710a60ed700cf094b9ace3e07b465ba,4
python_pruning,10,1000,1,6,T,29,True,True,2.136517,882fd704d9d5e7a1dbb51c85ab07c983,8
python_pruning,10,1000,1,6,T,28,True,True,3.906613,2fc6f170b82e0fd870a8b7edd39e8e36,6
C_pruning,10,1000,1,6,T,90,True,True,40.622315,4d3a3f642f87878cc5f053646c835ac6,10
python_pruning,10,1000,1,6,T,25,True,True,14.582454,0ed0f6e2ec3eb3b611d7bed1909a6b37,14
python_pruning,10,1000,1,6,T,33,True,True,5.228255,ba40a011c6bdfc8dcef2001cbd5f84fb,10
python_pruning,10,1000,1,6,T,35,True,True,2.424917,585c795c7d9796a0ed53cd9ace336cdc,10
python_pruning,10,1000,1,6,T,27,True,True,15.441965,3fb834f23633ccd9ae183cbe80e8da4c,2
python_pruning,10,1000,1,6,T,36,True,True,4.39096,85b48dc7f92ab5df6d3495dd37902083,10
python_pruning,10,1000,1,6,T,21,True,True,26.153346,529b490591eed06007e44789f5bd1e7b,12
python_pruning,10,1000,1,6,T,31,True,True,18.54543,129a97e78411c84303e7ae75e190ffd7,8
python_pruning,10,1000,1,6,T,34,True,True,12.471668,c5c57733fe8e0ae7f940544537e7c1da,14
python_pruning,10,1000,1,6,T,40,True,True,1.612688,f56f327dc8e11487b687175764a83f9f,8
python_pruning,10,1000,1,6,T,42,True,True,2.132179,7df74c4a4ed70deddd21e8aabab65585,8
python_pruning,10,1000,1,6,T,23,True,True,35.857392,66a20b9f2546e384079b22e75b2a658b,0
python_pruning,10,1000,1,6,T,39,True,True,15.679853,213481858d39e69eddd4c09bd961c3cd,12
python_pruning,10,1000,1,6,T,32,True,True,31.635157,5df9329dea5aefb643ec8948d13634c2,6
python_pruning,10,1000,1,6,T,45,True,True,3.141756,575d6d5a3d90baac3a7fd80fedc2c7eb,12
python_pruning,10,1000,1,6,T,37,True,True,27.476999,9cb56707c0a30ff9c94a957370523dc9,2
python_pruning,10,1000,1,6,T,48,True,True,2.774622,ed02b2a5aa7a39c6f30a56fda246a3ab,2
python_pruning,10,1000,1,6,T,43,True,True,26.554878,c63fe15a6b0a19676e27b4732beda49e,8
python_pruning,10,1000,1,6,T,41,True,True,31.793485,fafcbd06ff4e4e45e523b41468843811,14
python_pruning,10,1000,1,6,T,38,True,True,36.385451,80c11df4de77507d8a5c90e4828923b0,10
python_pruning,10,1000,1,6,T,49,True,True,12.026662,0f4f2fd339915713acb568cb8c12c5fd,2
python_pruning,10,1000,1,6,T,52,True,True,8.470253,2f7d48f39ee507f83489cbcfad567012,10
python_pruning,10,1000,1,6,T,54,True,True,6.018172,12116d11210dff2080242fe39ee630b6,10
python_pruning,10,1000,1,6,T,44,True,True,39.08492,1a8459ecd45a2a815553056cbe75ba0e,0
python_pruning,10,1000,1,6,T,56,True,True,0.726961,7cab56fec32e802484fba64c3fdbfbe9,0
python_pruning,10,1000,1,6,T,55,True,True,8.387953,2b50b8407a74504328079aba12eaac2b,10
python_pruning,10,1000,1,6,T,50,True,True,25.07839,0091fef1f447691928d6a00ec8d2ab5e,8
python_pruning,10,1000,1,6,T,58,True,True,3.41083,2ac33e27721e56ec7c72d23d606e4be3,10
python_pruning,10,1000,1,6,T,59,True,True,5.185572,b954bdd6f15ea5bb4dfb77b9d8858aa4,8
python_pruning,10,1000,1,6,T,30,True,True,81.445851,6ac7b250032e4169ba37ab37ddeca900,4
python_pruning,10,1000,1,6,T,47,True,True,48.810621,ac59d8e82392cb12e909abbdae6e522c,12
python_pruning,10,1000,1,6,T,46,True,True,60.326823,4ca474010dd48cbdcac9c257eeb44f79,6
python_pruning,10,1000,1,6,T,53,True,True,41.841687,f2880397903185b34bed7341d858966a,2
python_pruning,10,1000,1,6,T,57,True,True,31.359773,2c1269538a75a933cab2c8dae25f8132,0
python_pruning,10,1000,1,6,T,65,True,True,2.183153,8955d1a10a296990feb80c99b5cda0ac,2
python_pruning,10,1000,1,6,T,60,True,True,22.195609,401029e7138ebace86eebc77c720a51c,10
python_pruning,10,1000,1,6,T,62,True,True,18.566529,601c9f4e3ad7ad5267d546c3feb29720,4
python_pruning,10,1000,1,6,T,64,True,True,7.88279,98603d789f7d61b51b5fa4bd4125dfec,6
python_pruning,10,1000,1,6,T,66,True,True,5.042632,a7a882c0efe93f59eda1a922c2feb896,0
python_pruning,10,1000,1,6,T,67,True,True,11.719846,4d7c45c9cd32f68250720c81b881d74e,2
python_pruning,10,1000,1,6,T,51,True,True,61.004661,379f9f7a6df0a6d6976fd2e1cf40a886,14
python_pruning,10,1000,1,6,T,61,True,True,33.827281,50896d2d936e3131e26f8f0390e2edab,8
python_pruning,10,1000,1,6,T,63,True,True,31.648515,e68a867e2944e0ad583795be7a6388c3,12
python_pruning,10,1000,1,6,T,71,True,True,13.320042,4bd3009f753bc88ee7aa79c76d89a2cc,0
python_pruning,10,1000,1,6,T,70,True,True,15.617767,cf27a13574cad42d0ec422360553a28c,6
python_pruning,10,1000,1,6,T,69,True,True,16.658251,a3cebf6d29f5e9a59b9faf4a81aa4e6d,4
python_pruning,10,1000,1,6,T,75,True,True,1.464797,2ee479ffda4b08007dada47bc2e3bedc,12
python_pruning,10,1000,1,6,T,73,True,True,5.478014,257798c9a334cb2e6d3916d27ba84fb3,14
python_pruning,10,1000,1,6,T,77,True,True,8.890782,26c92e4d87e8a9f72cbe65347c4cbcff,6
python_pruning,10,1000,1,6,T,76,True,True,11.892027,b18b9238f32c1ffeeb2178ab2019d6b2,0
python_pruning,10,1000,1,6,T,81,True,True,3.120081,b46186756b7db5804e13fcb77d0f7fc3,6
python_pruning,10,1000,1,6,T,83,True,True,1.909075,ebdef1a67234a825f6f2eaab880c1ca9,6
python_pruning,10,1000,1,6,T,80,True,True,14.006653,db80a785453ce07d703fdb3497240f34,14
python_pruning,10,1000,1,6,T,68,True,True,35.861878,4910c8655931bf47d62053d73ec2ae53,10
python_pruning,10,1000,1,6,T,85,True,True,6.258602,9d4fa489e3a3a3c635724c8374aa2102,14
python_pruning,10,1000,1,6,T,74,True,True,25.322678,e961955f5d7eca00752bcd6dcb51eaa5,8
python_pruning,10,1000,1,6,T,88,True,True,2.958543,0643e3a2214889b8251b4d973fe7a19d,8
python_pruning,10,1000,1,6,T,86,True,True,8.232032,8e8474a55088d535ea4a9e1189bcdf89,10
python_pruning,10,1000,1,6,T,78,True,True,27.99911,fc5692d0805e08885d213de2916b78ad,4
python_pruning,10,1000,1,6,T,79,True,True,31.798616,05a7f2094feac6492e2cd53c4edd17e7,12
python_pruning,10,1000,1,6,T,89,True,True,9.64382,8a2b8daa8d9c4fdf05644331a9c90c12,8
python_pruning,10,1000,1,6,T,93,True,True,0.632933,a1796c4d2ec690ba1c9f04f30f1c7aa9,8
python_pruning,10,1000,1,6,T,82,True,True,23.942393,e5acc3630507e2f4b73c4cf73763be63,0
python_pruning,10,1000,1,6,T,95,True,True,2.720448,90ff26ff023ebed580a34bb26bf33da3,0
python_pruning,10,1000,1,6,T,90,True,True,12.157052,04e8643888b6fa254749368e09cde4cd,10
python_pruning,10,1000,1,6,T,87,True,True,25.100818,6bbc12c938206c02fcc56f592e0fc3c3,14
python_pruning,10,1000,1,6,T,97,True,True,7.62215,41328a636f04abc9a0664067c7015fff,10
python_pruning,10,1000,1,6,T,98,True,True,1.644914,f27022874cb619041386ab101ffe8022,14
python_pruning,10,1000,1,6,T,92,True,True,16.888747,b42e15a5179b6c189b9285b3cad98abd,12
C_exact,10,1000,1,6,T,11,True,True,0.18311,66f3a4a749072e297dc5da05e818135f,12
C_exact,10,1000,1,6,T,12,True,True,0.088683,962ed74d554b281c98804b3a3f4a1550,12
C_exact,10,1000,1,6,T,13,True,True,0.082594,7cb81af4ef084c20b459c15690f930cf,12
C_exact,10,1000,1,6,T,14,True,True,0.174052,7bdd81d7e835832f34e550b0551336e9,12
C_exact,10,1000,1,6,T,15,True,True,0.156489,d039b73c7fbe915caef53d161bdbfc13,12
C_exact,10,1000,1,6,T,16,True,True,0.282089,f76e11afb70759c6eb2121351bb0fa23,12
C_exact,10,1000,1,6,T,17,True,True,0.078235,7f301671571d7f59fa89c4132fb8f429,12
C_exact,10,1000,1,6,T,18,True,True,0.223177,bb96101d718122d39de8213824d0925f,12
C_exact,10,1000,1,6,T,19,True,True,0.737357,ac0844afeb26fef3109c3dcbddb53356,12
C_exact,10,1000,1,6,T,20,True,True,0.079761,46fc1360c65eb99faa7df671eaee61d4,12
C_exact,10,1000,1,6,T,21,True,True,0.182353,ac4c1f5a4dd04cd6ce466e52886b1b5c,12
python_pruning,10,1000,1,6,T,100,True,True,4.006202,73740638587bdafb53d72d1d02e4ac71,14
C_exact,10,1000,1,6,T,22,True,True,0.101501,b07573ecab9547662938f11ebabcc249,12
C_exact,10,1000,1,6,T,23,True,True,0.15839,92f6147eba57be56d79c83a5a84b8629,14
C_exact,10,1000,1,6,T,24,True,True,0.129928,ce8e09ba98f21cc9a62604d08695b355,12
C_exact,10,1000,1,6,T,25,True,True,0.116276,5623fefe2891766c11dc071fce4afca7,14
C_exact,10,1000,1,6,T,26,True,True,0.078914,eb950d465166f13a886c7f5bfc933fd7,12
C_exact,10,1000,1,6,T,28,True,True,0.068645,bf8fca04690d6b54796478560276e853,12
C_exact,10,1000,1,6,T,29,True,True,0.087208,fcb8d74c15e9ba49f692e8775179ab63,12
C_exact,10,1000,1,6,T,27,True,True,0.245285,190ee2fa870dec38b857d7db5295af65,14
C_exact,10,1000,1,6,T,30,True,True,0.111904,058bcba1866dcbbdc62717f4eaf0026d,12
C_exact,10,1000,1,6,T,31,True,True,0.081643,ea6770d5d9f16bb7fa4de3837f2fc33c,14
python_pruning,10,1000,1,6,T,72,True,True,58.86797,8d6b702421c5f125f99dcc75875106da,2
C_exact,10,1000,1,6,T,33,True,True,0.088165,5d49f0bf420ebfd5b3a83c0117f3674c,14
C_exact,10,1000,1,6,T,32,True,True,0.13128,987eb753b2b8f386f3329313443b37fa,12
C_exact,10,1000,1,6,T,34,True,True,0.071396,dee2e1c26b718ca28f78d7dd844f167c,2
C_exact,10,1000,1,6,T,35,True,True,0.065649,dfeab1e19eca589ab194b94ab0038041,14
C_exact,10,1000,1,6,T,36,True,True,0.097231,de76f97cf55e8a53466e8e74a0468bd6,12
C_exact,10,1000,1,6,T,37,True,True,0.09105,bc20d948b4078a80204e57d06e8c6bf0,2
C_exact,10,1000,1,6,T,38,True,True,0.071055,96f39ccbfd9d58d6c7b9eeb454fb622a,14
C_exact,10,1000,1,6,T,39,True,True,0.100809,1f4d1a70112a7a0a665271c489c1917e,12
C_exact,10,1000,1,6,T,40,True,True,0.117207,e17a82a6709c197d09d68972f7fb2da7,2
C_exact,10,1000,1,6,T,42,True,True,0.082905,7a8d4a29111c95a5d25b7a177cc74f56,12
C_exact,10,1000,1,6,T,43,True,True,0.081696,bc7be32c52f2a931e20f9bc97edda990,2
C_exact,10,1000,1,6,T,41,True,True,0.254181,2492af8bdf5298b7eda3ddc7fa243db5,14
C_exact,10,1000,1,6,T,44,True,True,0.115537,7285105cd622fb2c9a55249201632f34,12
C_exact,10,1000,1,6,T,45,True,True,0.122826,20ef2312d1e528f10b42a3eb2e3e656d,2
C_exact,10,1000,1,6,T,46,True,True,0.097253,410b7de292271f234e7a3079cbbbd40f,14
C_exact,10,1000,1,6,T,47,True,True,0.113253,7f7c43dd0451953e86e3b2f180ee6c03,12
C_exact,10,1000,1,6,T,49,True,True,0.07351,7f3a7bc1f0354d479ed7e21fa69c5dba,14
C_exact,10,1000,1,6,T,48,True,True,0.120433,4073efc6dd04ad879fdd928e284ede11,2
C_exact,10,1000,1,6,T,51,True,True,0.064061,25b50a16c8dc63f7582f4fe51b415616,14
C_exact,10,1000,1,6,T,50,True,True,0.126057,aaeac48f19b020d02eaca604693d5010,12
C_exact,10,1000,1,6,T,52,True,True,0.08686,85a34515123f58ce315afa26cdd7b4e3,2
C_exact,10,1000,1,6,T,53,True,True,0.050652,93d4a0106b7e1679a59251261ec430b6,14
C_exact,10,1000,1,6,T,54,True,True,0.085652,efa39c24d3af447b66384710d99d1d93,12
C_exact,10,1000,1,6,T,56,True,True,0.074294,af81a01ee05c7218bee326dcf4533059,14
C_exact,10,1000,1,6,T,55,True,True,0.147458,22e96c9b6088393636b85cdec7e9139e,2
C_exact,10,1000,1,6,T,57,True,True,0.079279,2937ce0b6149f98c9b89ee751ee691ed,12
C_exact,10,1000,1,6,T,59,True,True,0.072098,cf07b2471c3d06494f0fdc70c8b7ef00,2
C_exact,10,1000,1,6,T,60,True,True,0.105388,7a00ddefdacafd4748d7e390c5901567,12
C_exact,10,1000,1,6,T,58,True,True,0.167179,6081c03613c0f44aceae8d69f23d383e,14
C_exact,10,1000,1,6,T,62,True,True,0.09042,c927448aca71e62e8dee8ca6af578757,12
C_exact,10,1000,1,6,T,63,True,True,0.199852,7c41d50a1be6caa195d2f933eec86d50,14
C_exact,10,1000,1,6,T,64,True,True,0.108292,823101e376222ec101f5204021b260b4,12
C_exact,10,1000,1,6,T,65,True,True,0.136398,38620fe080fa8d05b1c351138ad9a1ab,14
C_exact,10,1000,1,6,T,66,True,True,0.140853,a545e8dafd20104e583b14d393afcf53,12
C_exact,10,1000,1,6,T,67,True,True,0.087957,02b181b148584895bb40d3476bb30df5,14
C_exact,10,1000,1,6,T,68,True,True,0.076811,98c922018443602241e90321afc19961,12
C_exact,10,1000,1,6,T,69,True,True,0.089262,9ac117e1d927733cc84fc0893e3e93c9,14
C_exact,10,1000,1,6,T,70,True,True,0.212775,9d4896bd7dda78bcff702a5b925ef928,12
C_exact,10,1000,1,6,T,71,True,True,0.153497,475ce1bb7a184b8e74b9cc6b455832b6,14
C_exact,10,1000,1,6,T,61,True,True,0.862318,da5468e7d1fc2fa88a38fff8a2042bb4,2
C_exact,10,1000,1,6,T,74,True,True,0.06676,302253e390fe103ba60c537800be85e7,2
C_exact,10,1000,1,6,T,73,True,True,0.088706,633f7320ccd170ade4b7af6b3da45b79,14
C_exact,10,1000,1,6,T,72,True,True,0.144438,c5c51c5e2e57476975e4c601e5c8c538,12
C_exact,10,1000,1,6,T,76,True,True,0.053136,fe80ab7900ac7fcce4e11479b4be87aa,14
C_exact,10,1000,1,6,T,75,True,True,0.080642,98fd8725af6982b91246d396aa58b03f,2
C_exact,10,1000,1,6,T,78,True,True,0.098229,9e130f0f19c3f4075d5cb6ae7e790bb2,14
C_exact,10,1000,1,6,T,79,True,True,0.099124,605d71ca215fa6e55377cb920491adc4,2
C_exact,10,1000,1,6,T,77,True,True,0.264519,138f96e4adcb76861c8d330f0d559055,12
C_exact,10,1000,1,6,T,80,True,True,0.112037,38d7fca0e57be147b916e642a99f9754,14
C_exact,10,1000,1,6,T,81,True,True,0.145674,7f2f15b93a9631baf3db945d59527035,2
C_exact,10,1000,1,6,T,84,True,True,0.087482,fd58634d6846fac4c640e7cc571e3e02,2
C_exact,10,1000,1,6,T,82,True,True,0.185267,e9144229667a7cdb25b565dbb256ae42,12
C_exact,10,1000,1,6,T,86,True,True,0.12722,70210b4ce7a6fd4ce285404c5ce994ef,12
C_exact,10,1000,1,6,T,85,True,True,0.161621,55d69e9f5bbc9c9a925da0a1fa59198b,2
C_exact,10,1000,1,6,T,83,True,True,0.440285,bf56f34fb3995219ebb2d14f376938ca,14
C_exact,10,1000,1,6,T,87,True,True,0.108763,e25e62b76573d7ed4d6a5e42f636c225,12
C_exact,10,1000,1,6,T,88,True,True,0.125816,9b19ffdc09ee797b8de52843f6c48fd6,2
C_exact,10,1000,1,6,T,90,True,True,0.081171,63958ec9ea99ea2524ed6e59193b9a6a,12
C_exact,10,1000,1,6,T,89,True,True,0.112501,d8c85d07203c1f3fa2210b8b2e3e7955,14
C_exact,10,1000,1,6,T,91,True,True,0.082192,0b5f0fe7c0237b2de62574fca863f0c9,2
C_exact,10,1000,1,6,T,92,True,True,0.105105,8c07caa4651e9997e4ad6e4463008567,12
C_exact,10,1000,1,6,T,94,True,True,0.094041,8169e556801f29813cc5edf6eca833f4,2
C_exact,10,1000,1,6,T,93,True,True,0.150351,0a7cccab97370bb0f01b99cdfec3c6e8,14
C_exact,10,1000,1,6,T,95,True,True,0.122244,41bc915a5f58346fa4b84f7de19b977b,12
C_exact,10,1000,1,6,T,96,True,True,0.088519,57042a36cd228346e5be94a3fc880a08,2
C_exact,10,1000,1,6,T,97,True,True,0.055124,dd32828f17089cb89d6a249b74b23cc1,14
C_exact,10,1000,1,6,T,100,True,True,0.05283,e27045a60e6404d4620c52e2a3e435d6,14
C_exact,10,1000,1,6,T,99,True,True,0.071084,aaaa45c218891f76de24382aa3d485f6,2
C_exact,10,1000,1,6,T,98,True,True,0.118082,894e3424f02559d6e84af7c0ef052e05,12
python_exact,10,1000,1,6,T,11,True,True,1.365973,f21c6e0f9d7fa14c32a2884433346dfb,14
python_pruning,10,1000,1,6,T,94,True,True,23.254113,e5f9eeabf780957b759580aff4b1f69f,8
python_exact,10,1000,1,6,T,14,True,True,1.8179,87ae58432053eb41a63df3a7068a36a0,14
python_exact,10,1000,1,6,T,13,True,True,3.839372,394e0de5585a2e46fa3c32df9524cd28,12
python_pruning,10,1000,1,6,T,96,True,True,22.94135,daa964e0c55bdfa736f879885b42254e,0
python_pruning,10,1000,1,6,T,99,True,True,15.023517,be2165dc6fd48f7e01438c6efb96be94,10
python_exact,10,1000,1,6,T,17,True,True,2.752171,8848da338bb403b4a4df5354c112db37,12
python_exact,10,1000,1,6,T,16,True,True,4.486326,724d617a3ee2009433e76ac1c8e258d9,14
python_exact,10,1000,1,6,T,21,True,True,1.306505,ae12232ba43f21675d6ba31ce9d0cde1,14
python_exact,10,1000,1,6,T,12,True,True,9.168006,ed90316fe95d5522fa6dd023341e9f87,2
python_pruning,10,1000,1,6,T,84,True,True,51.227503,94d48541ce9c36eab57b7ad24740618f,6
python_exact,10,1000,1,6,T,20,True,True,3.00425,a8c6e715ee72c6cfa992b286cf949772,12
python_exact,10,1000,1,6,T,19,True,True,4.397441,80071475cd39cce114b557c8d2c279f5,10
python_exact,10,1000,1,6,T,15,True,True,9.146138,9b731300f07c68afc1f1f8e1b39c9b24,8
python_exact,10,1000,1,6,T,23,True,True,3.184995,807e57da59aa71436aa4c8b0328883f2,2
python_exact,10,1000,1,6,T,22,True,True,3.431119,baf6088f723f343767ccad41be1cf9af,14
python_exact,10,1000,1,6,T,24,True,True,3.681554,65f3d79d6acf323afce944180ca6671e,6
python_exact,10,1000,1,6,T,18,True,True,8.123309,b617af67cc4ba4d9942ce243c7f2495d,0
python_exact,10,1000,1,6,T,27,True,True,2.179336,de729b568a302bbd44fcc6210cc19e9f,8
python_exact,10,1000,1,6,T,25,True,True,4.20067,a00b7a0a05914aab6d124a791baa26ce,12
python_exact,10,1000,1,6,T,29,True,True,1.68192,54198c950ecbd385e0c4c448e4f17c4c,14
python_exact,10,1000,1,6,T,26,True,True,4.71422,870f550d53cb2f0d989c4191daab04bc,10
python_exact,10,1000,1,6,T,32,True,True,2.473938,75b60f6ec280a89087c8061da558a303,8
python_exact,10,1000,1,6,T,34,True,True,2.45686,5afc6e4727846873c62242142b859c5b,14
python_exact,10,1000,1,6,T,30,True,True,4.307193,14b7ed461da4e487464f2dc38990fe5b,6
python_exact,10,1000,1,6,T,36,True,True,1.310981,5bb9a191dcde9c7118056a441ddc4691,8
python_exact,10,1000,1,6,T,28,True,True,5.513556,213e7e0ecdf1f52a7be4664aa8fa155a,2
python_exact,10,1000,1,6,T,38,True,True,2.030645,e86f0d7f11ab57c03a85fd9b28b5103b,6
python_exact,10,1000,1,6,T,37,True,True,3.061673,38456229c52e801e53eaafb71dc3cba3,14
python_exact,10,1000,1,6,T,40,True,True,2.397395,54c8a856e6195869c257ea0e2f2e05a3,2
python_exact,10,1000,1,6,T,35,True,True,5.539978,2ec104866ca42ba6dd3638992b5fa760,10
python_exact,10,1000,1,6,T,33,True,True,7.125075,588706a235522b940206219d96fad0df,12
python_exact,10,1000,1,6,T,41,True,True,2.291493,c4d76bd6ca355d807c37e8b50acb885c,6
python_exact,10,1000,1,6,T,31,True,True,8.281042,0a27d1c0a42c14e1c6ad8a7847b42b50,0
python_exact,10,1000,1,6,T,39,True,True,4.33874,81a6a0a8271ff3f9ac8ece64c012eeaf,8
python_exact,10,1000,1,6,T,45,True,True,1.107656,ddbaa0fa5deb439e840b332c3a1052b8,12
python_pruning,10,1000,1,6,T,91,True,True,50.306918,8fef4c6e472ee6839e0444a9ff3c9936,4
python_exact,10,1000,1,6,T,42,True,True,3.059451,03720dce51eef67725543b5366bf3429,14
python_exact,10,1000,1,6,T,47,True,True,1.312956,b0ac8037d5bb0d1270f2d1853d1ccbf3,0
python_exact,10,1000,1,6,T,46,True,True,2.620357,e843c55e1811cc57e27180e34e219ad3,6
python_exact,10,1000,1,6,T,44,True,True,3.834857,b6fdacd44274dcaf38823c9b2e1d9cd6,10
python_exact,10,1000,1,6,T,49,True,True,2.434258,f72f50b2744dc581abc4348cc3dd1c87,12
python_exact,10,1000,1,6,T,43,True,True,4.88325,49fc8edf027ce3b4a7d57ccc92db2819,2
python_exact,10,1000,1,6,T,50,True,True,2.694881,7b153e27e645b55f34fd705b1f31749a,4
python_exact,10,1000,1,6,T,48,True,True,4.05795,a43781ee450f61d479b97867d7957125,8
python_exact,10,1000,1,6,T,56,True,True,1.772621,59bef19d7554e9086f9914d531361d67,2
python_exact,10,1000,1,6,T,58,True,True,1.980814,98d6aedd2bf000b543069ea3737d0760,8
python_exact,10,1000,1,6,T,53,True,True,3.983472,1a3986c8414e06f277c2399c85f22015,6
python_exact,10,1000,1,6,T,59,True,True,1.452661,19e1dc56992d411127835009e64476ce,2
python_exact,10,1000,1,6,T,54,True,True,4.605028,bef6995080d5240b7566f647cbee1c2b,10
python_exact,10,1000,1,6,T,55,True,True,5.133174,614db0954e2e8fd7e7b6f1cc45996287,12
python_exact,10,1000,1,6,T,60,True,True,1.811132,fdcd039c79048b5421841e2c4a0ceb6a,8
python_exact,10,1000,1,6,T,61,True,True,2.249708,5678f47a964675f521cb1bc3e5240911,6
python_exact,10,1000,1,6,T,63,True,True,1.997936,6d8bcdef987d56c881abda3e8f1cb744,10
python_exact,10,1000,1,6,T,51,True,True,8.746575,994f98d3d310b7390295b234c11f3846,14
python_exact,10,1000,1,6,T,57,True,True,6.690488,9f6c606d08c5749bcd3aca7288dec661,4
python_exact,10,1000,1,6,T,64,True,True,2.277569,ec3b626e6af4d40d23f5bc2b7a2fca7f,12
python_exact,10,1000,1,6,T,62,True,True,3.931602,a46622d6931ed4d8091454c728806d66,2
python_exact,10,1000,1,6,T,66,True,True,1.980577,f9b72fcfeeaa09e82bb8c5263d0e09e5,6
python_exact,10,1000,1,6,T,71,True,True,1.001409,7de5c40086ffc721e703697241267abf,2
python_exact,10,1000,1,6,T,68,True,True,1.957596,b7480c542e9984622b9dfd22aef725f3,14
python_exact,10,1000,1,6,T,52,True,True,10.300579,9f00fe70e06106ae9f220ece8f5967f1,0
python_exact,10,1000,1,6,T,70,True,True,1.951194,d3dc3af6156d27b9088d450a3f86af15,12
python_exact,10,1000,1,6,T,74,True,True,1.872189,2497031bf3cb21be5205aaff46b40a7e,14
python_exact,10,1000,1,6,T,72,True,True,2.803844,16972b9730fabbdb5a937d34e8a2a9db,6
python_exact,10,1000,1,6,T,69,True,True,3.510124,3ac20bff21285564fb4b59ad77b3a9b9,4
python_exact,10,1000,1,6,T,73,True,True,2.203379,7807200d704330d2660c2cabc7f4211c,2
python_exact,10,1000,1,6,T,67,True,True,5.030542,7d69c358cbccfb32131637dd92d9e004,10
python_exact,10,1000,1,6,T,80,True,True,1.573448,948ac6a8c5cfaa92e5ead3a165733d29,2
python_exact,10,1000,1,6,T,65,True,True,8.186035,813a992c1bed99a74efc88a2b78083c8,8
python_exact,10,1000,1,6,T,81,True,True,2.136873,b9ec319b5a43a4f4c0d462de4cabd0da,10
python_exact,10,1000,1,6,T,82,True,True,1.67784,3fba58ab83ad1c09ac4158839917c43a,2
python_exact,10,1000,1,6,T,76,True,True,5.03707,809a5226224fe6ddcd1afffff077b770,12
python_exact,10,1000,1,6,T,79,True,True,4.865543,bc6934e8604af59a5e4a9a575295d0eb,4
python_exact,10,1000,1,6,T,78,True,True,5.104705,d8f3fc6efb6f05399f056a0f710e9291,6
python_exact,10,1000,1,6,T,83,True,True,2.712098,aaf5719fd6a02fc983d2f8b18304df2d,8
python_exact,10,1000,1,6,T,77,True,True,5.938558,5b5b3b9dfb80c878be31cdbf19821ad9,14
python_exact,10,1000,1,6,T,75,True,True,8.699405,f8379df3955ed329208b81100b207229,0
python_exact,10,1000,1,6,T,90,True,True,1.313314,b3c76bb5a155284b6918d676fdb55c26,14
python_exact,10,1000,1,6,T,86,True,True,3.616293,0300b51a57fe0eca79cdf197740ef9b1,12
python_exact,10,1000,1,6,T,88,True,True,2.256459,2bd7f4caee5c8a881a90ae040f8b66db,6
python_exact,10,1000,1,6,T,89,True,True,2.173265,0e9fde1048bcf566e82084429e36ce80,8
python_exact,10,1000,1,6,T,84,True,True,5.362151,635c8945088ce2673308bbdcf01d02e3,10
python_exact,10,1000,1,6,T,87,True,True,5.553848,b7f436a7d6f276e500d6a62803f32d08,4
python_exact,10,1000,1,6,T,95,True,True,3.043722,4bbcd7cefa7cde306cd29f360d7476d2,8
python_exact,10,1000,1,6,T,85,True,True,7.094,c60779287d91b2fc11db21fc127eaec5,2
python_exact,10,1000,1,6,T,91,True,True,3.863175,fc62776a5979c259c7939212dbbaffce,0
python_exact,10,1000,1,6,T,96,True,True,2.547855,1a118b498baef9b118be13516e5fc214,10
python_exact,10,1000,1,6,T,94,True,True,3.481795,f65c0f48ce6fe1781607911d109fb373,6
C_exact,10,1000,1,6,B,11,True,True,0.997188,ebc8ec5f341f89d5608ade56ee57ca6b,10
C_exact,10,1000,1,6,B,12,True,True,1.006748,80d2f6dd5766ace891deb3956864d617,6
python_exact,10,1000,1,6,T,98,True,True,1.958191,68963d7f52dbf6ef8a3277d483d13967,8
python_exact,10,1000,1,6,T,99,True,True,2.043959,42538303c44e75a5105883ec4afdd5f5,2
C_exact,10,1000,1,6,B,13,True,True,1.104571,64e3e7a84ce5c820d69646026734f850,10
C_exact,10,1000,1,6,B,14,True,True,0.970685,49fe44b9963dc0cad3c999debab31b8d,6
python_exact,10,1000,1,6,T,100,True,True,2.296836,83b795b7e70dbb556eaeb39773b480be,0
python_exact,10,1000,1,6,T,93,True,True,6.073034,5f070671349184e5fe4c5b8654373701,12
C_exact,10,1000,1,6,B,15,True,True,1.015837,e8a5223ed68c4d7c6cae80ba2aff5680,8
C_exact,10,1000,1,6,B,16,True,True,0.979147,76b29bc7919c664d6749f49df9a3228d,2
C_exact,10,1000,1,6,B,17,True,True,1.022012,d8e2770efce14b03f542a324e7dbace0,10
C_exact,10,1000,1,6,B,18,True,True,1.017186,3c020cc01d5d96eb98402737b64a2dad,6
C_exact,10,1000,1,6,B,19,True,True,0.965767,0a212862112414048dfba8159189af33,0
C_exact,10,1000,1,6,B,20,True,True,1.072081,cd1b553c547de4ef45cc9e3c46f5532c,12
C_exact,10,1000,1,6,B,21,True,True,1.063567,fb8d4148f544a911f964a561e0afb752,8
C_exact,10,1000,1,6,B,22,True,True,0.994923,ed383b88366cfe3c29f9f2c38537df92,2
C_exact,10,1000,1,6,B,25,True,True,0.957439,2bbcc3607b00b5f77c611142254a8872,0
C_exact,10,1000,1,6,B,23,True,True,1.009382,54a7c93e8daf944697f53f651ada94fc,10
C_exact,10,1000,1,6,B,24,True,True,1.019351,1933ae83cc299bbd4f717d4f04f71506,6
python_exact,10,1000,1,6,T,97,True,True,4.73623,db5dde68748be190412b0bb882deea05,4
C_exact,10,1000,1,6,B,26,True,True,0.991759,4f7b79d83cbf22dda6ad890993992dad,12
C_exact,10,1000,1,6,B,27,True,True,1.001588,9e65651d8176df4f1f8573f59ef20fe4,8
C_exact,10,1000,1,6,B,28,True,True,0.975439,181c0be1f6e12f488e9d15b477732ef2,2
C_exact,10,1000,1,6,B,29,True,True,1.057675,3321bdf637884f81f1838211a4f64f5f,0
C_exact,10,1000,1,6,B,30,True,True,1.025742,0dd0794e7cbbd97ee52d4297bbe07a27,10
C_exact,10,1000,1,6,B,31,True,True,1.083144,8d39e15c383d454ac7fd4bfd5bad3d6b,6
C_exact,10,1000,1,6,B,32,True,True,0.959793,84b89b6f289233c809e47749a6025b09,4
C_exact,10,1000,1,6,B,33,True,True,0.969373,2aac44d5d4cefc6ed6aa2fd58efa628a,12
C_exact,10,1000,1,6,B,34,True,True,0.975941,9c1bf3c7d0b8a4882ce0ed05805f437c,8
C_exact,10,1000,1,6,B,35,True,True,1.025553,d334ed051100cd21ff506b7277f02bee,2
C_exact,10,1000,1,6,B,36,True,True,1.020878,5d702624e99fab677a550bb3a72dd382,0
C_exact,10,1000,1,6,B,37,True,True,1.013682,020d97fb5e301f091c306118b94e84f6,10
C_exact,10,1000,1,6,B,38,True,True,1.163952,b1c3970803d0ececdef6c1ed93f079ec,6
C_exact,10,1000,1,6,B,40,True,True,0.985962,b797573c2401a05e5b45b441eaa3eb4b,12
C_exact,10,1000,1,6,B,39,True,True,1.190758,b60e132ebfbc624395b2b45b0e1b5aa8,4
C_exact,10,1000,1,6,B,41,True,True,1.007496,991590a5f3c10205ce7327b3bb489e80,8
C_exact,10,1000,1,6,B,42,True,True,0.999418,9b20ae8e9d729c740b899bb9660a8c4b,2
C_exact,10,1000,1,6,B,44,True,True,1.014293,c3c7a2b65b469e5721fd7099a6c12367,10
C_exact,10,1000,1,6,B,43,True,True,1.255021,f5802233156253001e1b3544015e981c,0
C_exact,10,1000,1,6,B,46,True,True,0.988171,c74a335a29fae44ac51cc33bbd2401cc,12
C_exact,10,1000,1,6,B,47,True,True,0.970283,693f1573400e2bb5ea22946ee3cff1ec,4
C_exact,10,1000,1,6,B,45,True,True,1.152021,f1484eb4de27007cfd006b218bdc4742,6
C_exact,10,1000,1,6,B,48,True,True,1.03609,8b828b5936b931ee630cbb8a7e885e2d,8
C_exact,10,1000,1,6,B,49,True,True,1.016394,c9e7584230114cd4e7e71097127bc4bf,2
C_exact,10,1000,1,6,B,50,True,True,1.060536,b91108efb4155035f411f22a586f86b4,10
C_exact,10,1000,1,6,B,53,True,True,1.066876,8d03617c270541bbbaa39e2beb4f257d,4
C_exact,10,1000,1,6,B,52,True,True,1.087854,5daea4b087e61171fd16bc8ea7fc15a9,12
C_exact,10,1000,1,6,B,54,True,True,1.14276,c740bf93c3038dc3dd3067916491737a,6
C_exact,10,1000,1,6,B,55,True,True,1.130469,1d1fe57e380934c61413458f89578db5,8
C_exact,10,1000,1,6,B,56,True,True,1.158486,010c80fbee3e1a23dded3bb1654c0c24,2
C_exact,10,1000,1,6,B,57,True,True,1.02479,c24ca89b6dbd94ccc291a965f4ea4eaa,10
C_exact,10,1000,1,6,B,51,True,True,2.005846,92835c13446bf472763ecbd3fbed50f8,0
C_exact,10,1000,1,6,B,59,True,True,0.995199,49b50328619703f47f2983023b87c9f8,12
C_exact,10,1000,1,6,B,58,True,True,1.103855,dd7946994a1b98803d3996ff319b7ef7,4
C_exact,10,1000,1,6,B,60,True,True,1.051674,970924be850757ad19340c248cf8a352,6
C_exact,10,1000,1,6,B,61,True,True,1.066585,1ea78002f8d2a5808422bc60cc6766b7,8
C_exact,10,1000,1,6,B,63,True,True,1.102584,93698a1da7c6f747938df0d97c2ee94b,10
C_exact,10,1000,1,6,B,65,True,True,1.09006,c5de4f1c1614b34379ee1bfb873e27d0,12
C_exact,10,1000,1,6,B,64,True,True,1.418356,b2f9cf5c4fcd60dc0583be4b3643a107,0
C_exact,10,1000,1,6,B,66,True,True,1.253359,bf00703e78d18778569936c6718b7cb3,4
C_exact,10,1000,1,6,B,67,True,True,1.11798,ad5b229133ce197a302999dbc4aa7229,6
C_exact,10,1000,1,6,B,62,True,True,1.988379,9428e0a381b3b239e3897551bc692733,2
C_exact,10,1000,1,6,B,68,True,True,1.05036,c082f2db9de0a053ffb8a83d1c6134b4,8
C_exact,10,1000,1,6,B,69,True,True,1.179122,8982a6760211a214e0d0cd775c8de960,10
C_exact,10,1000,1,6,B,70,True,True,1.090895,4e122a14d40dae158b9519f38474dd98,12
python_exact,10,1000,1,6,T,92,True,True,15.761995,14c03a18176fa8da48ab3da2eccdcff4,14
C_exact,10,1000,1,6,B,71,True,True,1.20258,744527a8d4230a1fd25dd4a66ff43f06,0
C_exact,10,1000,1,6,B,73,True,True,1.192902,f876be252fd93b4701e22931b4ccd84f,6
C_exact,10,1000,1,6,B,74,True,True,1.160804,cc69e805c73570e7c2ae47404e0600e7,2
C_exact,10,1000,1,6,B,72,True,True,1.231295,ab82307e3aafe84958efb3b9d092c59e,4
C_exact,10,1000,1,6,B,75,True,True,1.174644,65171d21d35ff9685e01e6ab50d40239,8
C_exact,10,1000,1,6,B,76,True,True,1.09245,3e488f28cf845cc0946b3e8c763692e7,10
C_exact,10,1000,1,6,B,77,True,True,1.17206,abcdad11258dbd32e382ec527c5ca06f,12
C_exact,10,1000,1,6,B,78,True,True,1.071987,61d2267b54301ae52d92fa01cc5cbf6f,14
C_exact,10,1000,1,6,B,80,True,True,1.081929,27041fd594c0ecf6b90c549172a114bb,6
C_exact,10,1000,1,6,B,79,True,True,1.162354,70497a869c16fe7538646a4ffe089151,0
C_exact,10,1000,1,6,B,81,True,True,1.09082,0b170416da19c726c4f2182f7dc5f5ee,2
C_exact,10,1000,1,6,B,82,True,True,1.10984,e37fefb98359eafcc264dd5c9479606b,4
C_exact,10,1000,1,6,B,83,True,True,1.223066,8e23832c6a6d39d021f03abf07cf4c2c,8
C_exact,10,1000,1,6,B,84,True,True,1.098943,5afe18da2697fc291314305307261d83,10
C_exact,10,1000,1,6,B,86,True,True,1.039225,4ba1682ab944dca381258ff9bcd46546,14
C_exact,10,1000,1,6,B,85,True,True,1.095,a1c2fa789aff8bd001537cce99685d13,12
C_exact,10,1000,1,6,B,88,True,True,1.033361,4ef96eac2180b991f7f4db93561533a5,0
C_exact,10,1000,1,6,B,89,True,True,1.065797,153f4de4213c0fd77f8b0cfc2f2122e3,2
C_exact,10,1000,1,6,B,87,True,True,1.118295,59fb5c5a393c206b746a7c9e222b804b,6
C_exact,10,1000,1,6,B,90,True,True,1.09867,559c421cce1ffb9c6a895161c5d5b2c6,4
C_exact,10,1000,1,6,B,91,True,True,1.237879,4be235082e1092790282b1266711eefd,8
C_exact,10,1000,1,6,B,92,True,True,1.141516,94367429ee457c52e345afabca001e83,10
C_exact,10,1000,1,6,B,93,True,True,1.044146,976d705395b40e5c78aef28db90e6f9c,14
C_exact,10,1000,1,6,B,94,True,True,1.042578,03705f4dedea58c065f1325620bc91bd,12
C_exact,10,1000,1,6,B,95,True,True,1.030544,2fe231556dd80c6cb09ee7f05958f296,0
C_exact,10,1000,1,6,B,96,True,True,1.041999,676de7bc2d0cc73c6dc9b8f19b4bf7b3,2
C_exact,10,1000,1,6,B,97,True,True,1.048622,bc382d496267656a7677a7c18a66dd3b,6
C_exact,10,1000,1,6,B,98,True,True,1.149172,20614c813e6f18c63a75b33906824238,4
C_exact,10,1000,1,6,B,99,True,True,1.093313,c0a61993af7b330c6014cb7494289e60,8
C_exact,10,1000,1,6,B,100,True,True,1.021802,aed5e5d86a7a9a4c9fb4f9f3cf574f67,10
python_exact,10,1000,1,6,B,11,True,True,36.550582,7b9c251182ca8812fd1846c18e35478d,14
python_exact,10,1000,1,6,B,14,True,True,38.575648,783271246726fd70b11bb64ca25b4a5f,2
python_exact,10,1000,1,6,B,13,True,True,41.220905,8d0b073c8c8b7e226469daf4bf9dea81,0
python_exact,10,1000,1,6,B,15,True,True,43.757188,5624cd6f80ab3a2470f28d515ba8b14b,6
python_exact,10,1000,1,6,B,12,True,True,45.650631,038d308a36f5dfd84539a67e2960fee6,12
python_exact,10,1000,1,6,B,17,True,True,45.334197,fdb383cd66a8170a38a80e70eb29878c,8
python_exact,10,1000,1,6,B,18,True,True,48.641287,0ae5bbc6a5910472fa37f0e53299dc60,10
python_exact,10,1000,1,6,B,16,True,True,59.425236,0f62db7ced1d3903a7f35124eb62f716,4
python_exact,10,1000,1,6,B,19,True,True,36.493886,ec8e3a0350a4b861e2b7422d2966fdc7,14
python_exact,10,1000,1,6,B,20,True,True,38.389717,38ee806f9f0175172549ca73e3a9ab63,2
python_exact,10,1000,1,6,B,21,True,True,41.758018,4fe917a0dc0a84ed46fd54f0d31ed8d1,0
python_exact,10,1000,1,6,B,24,True,True,42.53678,133a7c2fab25755f596cf25d01809e0e,8
python_exact,10,1000,1,6,B,22,True,True,48.150159,9c4457c8fb891b9243c3558387054e81,6
python_exact,10,1000,1,6,B,23,True,True,50.672537,bc31452f2fb4aa6c3de92a045a12e555,12
python_exact,10,1000,1,6,B,25,True,True,47.484201,e1dd54f520c1348aeb2b57bd88f48e94,10
python_exact,10,1000,1,6,B,27,True,True,39.360796,2f4e6c27a39370d7c894b8005d747581,14
python_exact,10,1000,1,6,B,26,True,True,53.854025,93171fc08766d27c38f2f96278a9d940,4
python_exact,10,1000,1,6,B,28,True,True,41.035922,6b385c7a16fbe3703cb1bba1a2604e94,2
python_exact,10,1000,1,6,B,29,True,True,40.52876,564c8f3cb925a2be274d26b91b255dce,0
python_exact,10,1000,1,6,B,30,True,True,45.189707,342a648824317864fbad5639190f2cd3,8
python_exact,10,1000,1,6,B,31,True,True,46.595555,8c17c4987e6a6f17da9a7123c68d1a3b,6
python_exact,10,1000,1,6,B,33,True,True,45.481537,46b6ee99a9838b719972aaedbfb022eb,10
python_exact,10,1000,1,6,B,32,True,True,46.497862,c134f7b1aabbec9e1ed84fbd0e3cfab7,12
python_exact,10,1000,1,6,B,34,True,True,39.192702,09a6325b8223a9cf8424e620fbc65447,14
python_exact,10,1000,1,6,B,35,True,True,45.084935,ca9ec17363bea9d1c3428a82c3cf0b96,4
python_exact,10,1000,1,6,B,36,True,True,41.807892,5cee15b8f99ab649245351a2e203706d,2
python_exact,10,1000,1,6,B,37,True,True,51.847417,5b7c5077847fca3f2e24314b0b03239e,0
python_exact,10,1000,1,6,B,38,True,True,44.77228,e64cdd0c33c32f3c71071c1a54b91510,8
python_exact,10,1000,1,6,B,39,True,True,49.875599,178a3ea4b3d88b070d04982c4cc446a3,6
python_exact,10,1000,1,6,B,40,True,True,48.319317,09a9e9b78a0413d7a3268ef5ff7a869e,10
python_exact,10,1000,1,6,B,41,True,True,48.024677,3b40365030a35e59df5ce61e2c2ec9c5,12
python_exact,10,1000,1,6,B,42,True,True,45.773343,13da64c327363cc5e06ed03f3f9a37e9,14
python_exact,10,1000,1,6,B,44,True,True,38.100539,e6d54eadfc4753011a1f924196ff1d69,2
python_exact,10,1000,1,6,B,43,True,True,53.565454,7d747b1dfd9cb910be55dfa3842631ce,4
python_exact,10,1000,1,6,B,45,True,True,43.523593,3cc28fd2e54d01313fd699c6be297fe3,0
python_exact,10,1000,1,6,B,46,True,True,44.365861,023f7737c5ecce8186f5156ee32ee4d3,8
python_exact,10,1000,1,6,B,49,True,True,44.81034,ccde05ef4a300cd7f0c37d4db765315d,12
python_exact,10,1000,1,6,B,51,True,True,40.613217,a1178f63afcc0dc46b149e908bff791a,2
python_exact,10,1000,1,6,B,50,True,True,43.008064,942d88b809f21ab8623e6da5327790d5,14
python_exact,10,1000,1,6,B,48,True,True,50.411385,8609d9cc08e2a4465adbf9e93c8cb5ec,10
python_exact,10,1000,1,6,B,47,True,True,55.257602,62f5eb3b75c128bae59dcc583c3c687e,6
python_exact,10,1000,1,6,B,52,True,True,45.395296,6b2a893128d564f2634540e36260e0a8,4
python_exact,10,1000,1,6,B,54,True,True,39.42253,98500154855facd8e35a5a2c4ebf26f8,8
python_exact,10,1000,1,6,B,53,True,True,44.977217,593e20cfe819a0cdad9d0a1c0ece881b,0
python_exact,10,1000,1,6,B,57,True,True,36.512697,06dd61f3b3c06664a78b677c6d6df130,14
python_exact,10,1000,1,6,B,58,True,True,39.05092,8d232f7f981caac41dc61df964af976a,10
python_exact,10,1000,1,6,B,56,True,True,43.487592,0b5222f2be74dca037c94e617bbbc9c9,2
python_exact,10,1000,1,6,B,55,True,True,48.929304,be9fab607717d3ee0ec82160019f7aff,12
python_exact,10,1000,1,6,B,59,True,True,53.450594,3d66c3180982f79e0ee5f51b7c617bf7,6
python_exact,10,1000,1,6,B,61,True,True,38.265876,cd9215c8cc5ce12172cba866ca75fc47,8
python_exact,10,1000,1,6,B,60,True,True,45.872667,f7a430c216c9cddf0504f749feceed54,4
python_exact,10,1000,1,6,B,62,True,True,40.183188,9b096931aec92584cbaaf2879c6a4a6c,0
python_exact,10,1000,1,6,B,63,True,True,37.576925,5d3a696b5af4d3fa2adde2b59dc95266,14
python_exact,10,1000,1,6,B,64,True,True,35.986965,f03249a646d042bcf2489eb1a4c76110,10
python_exact,10,1000,1,6,B,65,True,True,39.718982,034a6902d5187176c6e4d51a35ca85a5,2
python_exact,10,1000,1,6,B,66,True,True,52.994921,2ce70e42598dfcd8decabbad1a16063f,12
python_exact,10,1000,1,6,B,68,True,True,37.547642,ad8b3346a8013fa9eccadd81a8627a0b,8
python_exact,10,1000,1,6,B,70,True,True,41.499718,7d85787063e4b45c99aadd2c95b055e0,0
python_exact,10,1000,1,6,B,69,True,True,42.622986,6e8f1c92d6b589fc8c62245d3da7ad1d,4
python_exact,10,1000,1,6,B,67,True,True,50.93256,8d4bafba5cdd37fa739eb2758459e750,6
python_exact,10,1000,1,6,B,71,True,True,34.457139,637e2650777685c06ba713c013f62f94,14
python_exact,10,1000,1,6,B,72,True,True,36.906689,50dde5ef9ad965f742ab8fd8ccb326ff,10
python_exact,10,1000,1,6,B,73,True,True,39.153339,386588525076f2223ed77d9fa190ac6a,2
python_exact,10,1000,1,6,B,75,True,True,38.124264,eb1cbdcc130ab995868e6f2f24301d0f,8
python_exact,10,1000,1,6,B,76,True,True,42.077969,c8caddc78712b2ed0e90e1290cd23abd,0
python_exact,10,1000,1,6,B,74,True,True,50.681102,7c918dbc16cccc94c9751fea211b0ab3,12
python_exact,10,1000,1,6,B,80,True,True,35.784875,08775669047a826fecb60bad89aa0dd1,10
python_exact,10,1000,1,6,B,78,True,True,45.883011,56ffa8e7801fed51f7a17230fd15dfca,6
python_exact,10,1000,1,6,B,79,True,True,50.104071,bc8baee44a7d3b5756318512418fc21b,14
python_exact,10,1000,1,6,B,81,True,True,38.989826,8de00c9e10323d4fba58ac9f506314a4,2
python_exact,10,1000,1,6,B,77,True,True,56.419628,04a145ee3e0778e1f81e175f7eac6477,4
python_exact,10,1000,1,6,B,82,True,True,36.535429,30c7fa1b42ddae8c737be57680749dde,8
python_exact,10,1000,1,6,B,85,True,True,36.186752,4ef567e2326281fe61aa79156592af74,10
python_exact,10,1000,1,6,B,84,True,True,37.063618,fc96a68cc7b2be2d01754877446f8381,12
python_exact,10,1000,1,6,B,83,True,True,39.887896,19f5c72ef0e4cb0d647a232fcd5f846c,0
python_exact,10,1000,1,6,B,86,True,True,39.156118,f53fb4b24f2abbc2d974b2043eeacd60,6
python_exact,10,1000,1,6,B,88,True,True,37.476481,725b43057ad516b2310fa179b1050328,2
python_exact,10,1000,1,6,B,87,True,True,46.563337,d0155b8797315b2de0878037373af494,14
python_exact,10,1000,1,6,B,90,True,True,34.754945,1fa9d25f50bb47fcbaa95e6595ecb0cb,8
python_exact,10,1000,1,6,B,89,True,True,51.578104,5f9bf7e718f9ff7990010cee4f2424f0,4
python_exact,10,1000,1,6,B,91,True,True,34.689204,c711db2c07178e0ee5dc150703ab31e9,10
python_exact,10,1000,1,6,B,93,True,True,37.90922,fe3f706cba1b67d924d214160e636127,0
python_exact,10,1000,1,6,B,95,True,True,37.250715,d645ae2c6a9476c66e70bd5948cc988d,2
C_pruning,10,1000,2,18,A,11,True,True,1.067648,b7aa1054afa97c87fd9438e248bb2caf,2
python_exact,10,1000,1,6,B,92,True,True,52.58182,ed7a600498b6290c992835d7a1ac9550,12
C_pruning,10,1000,2,18,A,12,True,True,2.904386,c43c9437f58aac0d54279b858b60ba25,2
C_pruning,10,1000,2,18,A,14,True,True,1.074573,17874af5d32dd29a5a9588c38f93c806,2
C_pruning,10,1000,2,18,A,15,True,True,0.378654,fd8e51bc1ad76ef13887c0943cf7fcee,2
C_pruning,10,1000,2,18,A,13,True,True,2.821994,b6f85f099cf4f8712697044e4ba5cc65,12
python_exact,10,1000,1,6,B,94,True,True,48.412085,fee2a7ff4217371b8415a69fc0743b95,6
python_exact,10,1000,1,6,B,96,True,True,36.552072,a87704f10b2937e69cf4cf62c5ccfc7d,14
C_pruning,10,1000,2,18,A,18,True,True,0.37247,b61115aa5f69b6b2fa5f57100ad6ffdf,6
C_pruning,10,1000,2,18,A,20,True,True,0.36331,56296ccf7501ffaea3e1fdcfa314b1e7,6
python_exact,10,1000,1,6,B,97,True,True,35.614527,99544fb6d79baddf4756197595d8ab5d,8
C_pruning,10,1000,2,18,A,17,True,True,2.465005,bbe6dfbe2518db5126e2c1a1faa2870d,12
C_pruning,10,1000,2,18,A,16,True,True,3.165629,ba1ad1cfaa70e1bf86f3b174db8f300c,2
C_pruning,10,1000,2,18,A,23,True,True,0.364048,a80e3dd5fa0e914f6ab1c46b763a2a39,12
C_pruning,10,1000,2,18,A,22,True,True,1.046089,0aa426601c8c822f4f88c2adc965935f,8
C_pruning,10,1000,2,18,A,25,True,True,0.712207,8abd55464eb066d5290cd6688abecd92,12
C_pruning,10,1000,2,18,A,27,True,True,0.359633,e3980b7b293778257d499c2731efccbb,12
C_pruning,10,1000,2,18,A,21,True,True,2.402767,8422fd543cea87e3dce70558f252fb6b,6
C_pruning,10,1000,2,18,A,29,True,True,0.359437,2e1990ca6793b79825afcb851cd945ef,6
C_pruning,10,1000,2,18,A,26,True,True,1.411564,76d9eedbc49fe47f7efffd4b368937a5,8
C_pruning,10,1000,2,18,A,24,True,True,2.773703,139bf79691a28ef87ce58d4537557e25,2
C_pruning,10,1000,2,18,A,28,True,True,1.709265,276fb0670cb3766e687ff01f719fdbdf,12
C_pruning,10,1000,2,18,A,32,True,True,0.357676,917bbd617b6d25255e0987419f1e6db4,2
C_pruning,10,1000,2,18,A,33,True,True,0.371099,b36e2b1d31ffce42ef58eb97f6066fcc,12
C_pruning,10,1000,2,18,A,35,True,True,0.363125,a7425990a9c07b162fa68eae3860ab7d,12
C_pruning,10,1000,2,18,A,36,True,True,0.360755,984f249b134a2057d90289181cb1bdf8,12
C_pruning,10,1000,2,18,A,31,True,True,2.065698,5cac4ae1bb3a2c5e95fc95b4e29eca37,8
C_pruning,10,1000,2,18,A,19,True,True,5.635466,6803b646c245103a48828745184a7f05,14
C_pruning,10,1000,2,18,A,38,True,True,0.358999,aa52750256d787ef5b173b5af37944bb,8
C_pruning,10,1000,2,18,A,30,True,True,2.765289,71af96c13261f0f943fc8060e4d6cdb6,6
C_pruning,10,1000,2,18,A,40,True,True,0.765655,5af2779b6fc4c7a7e74d5413f0246271,8
C_pruning,10,1000,2,18,A,41,True,True,0.721061,c721f7b10049573cf761385b5705cfa8,6
C_pruning,10,1000,2,18,A,34,True,True,2.16751,04f69e7e89c2a9767f775fdd36b632e9,2
C_pruning,10,1000,2,18,A,44,True,True,0.346223,fe4040bf31442dae614d75ad6f0407fc,2
C_pruning,10,1000,2,18,A,45,True,True,0.379957,684467035e48cd0f99a2c113af682458,2
C_pruning,10,1000,2,18,A,39,True,True,2.103925,568d0e7899d830ab92d588eda9c6f6fb,14
C_pruning,10,1000,2,18,A,46,True,True,0.348759,f946efaf512d768c33e1ce7e6749bbab,2
C_pruning,10,1000,2,18,A,37,True,True,2.740112,56a5e711403970a81ed1fb0f31c6e7c5,12
C_pruning,10,1000,2,18,A,43,True,True,2.120682,f25367cad17f7fe5577635ba625f8a58,6
C_pruning,10,1000,2,18,A,49,True,True,0.68081,1e877177ee20d6a39fd000fc2e037f92,12
C_pruning,10,1000,2,18,A,50,True,True,0.394629,082e805fc52bf5fda611dfc42e502220,6
C_pruning,10,1000,2,18,A,47,True,True,1.755159,7bef0320879a26b5d6da46387f7410ab,14
C_pruning,10,1000,2,18,A,51,True,True,0.710425,9403d87cd039a6c6eb750a2983423036,12
C_pruning,10,1000,2,18,A,48,True,True,1.761588,c2ef77630d3ea76e912478d4d7013433,2
C_pruning,10,1000,2,18,A,42,True,True,3.131919,4c0447b5feffbdd2f20d0628b6274de8,8
C_pruning,10,1000,2,18,A,53,True,True,0.363709,464d9bf5579f73525708c27bc279b4da,14
C_pruning,10,1000,2,18,A,56,True,True,0.396867,66f1b5d68b6796cb923e143de54e8e8b,8
C_pruning,10,1000,2,18,A,55,True,True,0.755226,14e0b704c02c419e66064ab5bb731b0d,2
C_pruning,10,1000,2,18,A,57,True,True,0.762555,e2482a3e98cc30abd681a69972d5908f,14
C_pruning,10,1000,2,18,A,58,True,True,0.436167,efe59fd7b415422a917057ee7044add9,8
C_pruning,10,1000,2,18,A,60,True,True,0.392455,efbf4c4edd923673f45b35f19ee6d4b1,14
C_pruning,10,1000,2,18,A,54,True,True,1.81071,3bb3649a8997c9cea245f7d10bcbc035,12
C_pruning,10,1000,2,18,A,62,True,True,0.691682,0c6471249c2b6f14eca39d4ed93605e4,14
C_pruning,10,1000,2,18,A,61,True,True,1.129976,108d6a0dae85b75898d5c5cc9f68139e,8
C_pruning,10,1000,2,18,A,63,True,True,0.764368,2963fd6d9c0220be5f9c813f3af6cb4e,12
C_pruning,10,1000,2,18,A,64,True,True,0.758577,b3921d8f2daea4145338f2cf6fd4c297,14
C_pruning,10,1000,2,18,A,67,True,True,0.369901,5151287bd2970788914b62c6a3e5a01c,14
C_pruning,10,1000,2,18,A,52,True,True,4.376949,5ec387b1e83a51593219e13c0755bf44,6
C_pruning,10,1000,2,18,A,65,True,True,1.881963,06910a96ab4838ec8ad7194571d69f54,8
C_pruning,10,1000,2,18,A,68,True,True,0.722051,6137adcadc1c808871e21157555c8a35,14
C_pruning,10,1000,2,18,A,69,True,True,0.410342,d0c3118657deecf4048b1508618cf9b0,6
C_pruning,10,1000,2,18,A,59,True,True,3.678108,98af2f686ea31fdbd326e91d47afb4c2,2
C_pruning,10,1000,2,18,A,72,True,True,0.355198,f3d42382a0146df0f92e8465542a533b,6
C_pruning,10,1000,2,18,A,70,True,True,0.749109,a4ef7c4ba49b1c046e38632ce52c2018,8
C_pruning,10,1000,2,18,A,71,True,True,0.750406,1d6b47aa845d8a16e49485990ed9e0f6,14
C_pruning,10,1000,2,18,A,73,True,True,0.73153,ec14b638d64c0da9c192bbe3f111a521,2
python_exact,10,1000,1,6,B,98,True,True,43.393137,06d0a3acb5d591e7854492c20a25b93c,4
C_pruning,10,1000,2,18,A,66,True,True,3.383765,9bd1f6dbdc0db027dc02e4ef33cb3ab2,12
C_pruning,10,1000,2,18,A,75,True,True,1.429354,47c824711f6a88a5a7d0cb880d2e4476,8
C_pruning,10,1000,2,18,A,79,True,True,0.373157,54aacae9a8ce7170133ad100ac84872b,12
C_pruning,10,1000,2,18,A,77,True,True,1.448834,ac96c8a216a236632c9c2e64bacee30c,2
C_pruning,10,1000,2,18,A,80,True,True,0.380111,b6dce6f11135086dfe93dd9e0f8e642d,8
C_pruning,10,1000,2,18,A,78,True,True,1.069488,ad28d9d2c42f233680abdf7e8b659581,4
C_pruning,10,1000,2,18,A,81,True,True,0.731905,fcdca7ca86b6f44b3b8f224bbbc905f8,12
C_pruning,10,1000,2,18,A,74,True,True,2.511088,3ab5b6bcfb9e92dceb046d98f693df53,6
C_pruning,10,1000,2,18,A,76,True,True,2.511115,e1f4a74994e1db61f8b580ff38d65a81,14
C_pruning,10,1000,2,18,A,82,True,True,0.736815,f07d7574cda34fe948bd028c070a4d56,2
C_pruning,10,1000,2,18,A,84,True,True,0.730447,4d9627e378022699aaa45bc677f7a95e,4
C_pruning,10,1000,2,18,A,86,True,True,0.39756,0331f80d0281ff63bc8542b8f6335379,6
C_pruning,10,1000,2,18,A,87,True,True,0.705662,20f88263d1719b5313170bb11f4e8bb9,14
C_pruning,10,1000,2,18,A,85,True,True,1.061385,9e832aa53634dcbbe42ab54a42df52d2,12
C_pruning,10,1000,2,18,A,89,True,True,0.738823,d955f572398fea2e3408e8f037fa1b58,4
C_pruning,10,1000,2,18,A,83,True,True,1.793676,1334d9d9634efe04c03c48927ddd9976,8
C_pruning,10,1000,2,18,A,88,True,True,1.120907,fbcbba096c6c60da6e31abdaaa0e4b67,2
C_pruning,10,1000,2,18,A,92,True,True,0.371679,c951258a79f2b078a255edbb469f7a5d,12
C_pruning,10,1000,2,18,A,93,True,True,0.38089,1cf80b18bb5b27b972cdaf440b08e858,4
C_pruning,10,1000,2,18,A,90,True,True,1.039424,f46ca9858b32502ea87ab47d38337546,6
C_pruning,10,1000,2,18,A,96,True,True,0.395327,9de4dade42d085e598714eb25747a523,12
C_pruning,10,1000,2,18,A,94,True,True,0.742634,0558d932e592008423dab4cbd1c1e39c,8
C_pruning,10,1000,2,18,A,95,True,True,0.755705,f8f3443e35e94d86217642245f00de5a,2
C_pruning,10,1000,2,18,A,98,True,True,0.745415,ccf2c35e9b8961a24901654b0d1d4c13,6
python_pruning,10,1000,2,18,A,11,True,True,0.438277,c4c459e478341acb7bd650d410f10f8a,2
C_pruning,10,1000,2,18,A,91,True,True,1.812624,6a474f35787388b45647c4f472c39881,14
C_pruning,10,1000,2,18,A,99,True,True,1.095639,d192029401ed55078bc99a9f5d6d8a1a,12
python_pruning,10,1000,2,18,A,12,True,True,0.625835,dbb4867f43407b65a71421f5f3115761,6
python_exact,10,1000,1,6,B,99,True,True,42.818393,54562d4ec23081998625f48dbc98dd6d,10
python_pruning,10,1000,2,18,A,14,True,True,0.796978,1a193f4aff3f1a1a537c1a5030824970,14
python_pruning,10,1000,2,18,A,15,True,True,0.587863,d995d7dc3f3e817c5aff4859a0fbe389,12
C_pruning,10,1000,2,18,A,97,True,True,2.176711,0e4d8906566d1b63dadc52860fe39105,4
python_pruning,10,1000,2,18,A,18,True,True,0.761949,6ce497ab92df03ea881152cf69075228,14
python_pruning,10,1000,2,18,A,20,True,True,0.701584,b42059fec1597eadd7ad3320699c1d6b,4
python_pruning,10,1000,2,18,A,16,True,True,1.51177,7148cda99c96ff4f1ddd31d52b30df90,6
python_pruning,10,1000,2,18,A,23,True,True,0.600416,c38f9f336618d926db7004ce37bf1a54,6
python_pruning,10,1000,2,18,A,24,True,True,0.684988,0aff154283e752438230c93c77987b24,6
python_pruning,10,1000,2,18,A,19,True,True,2.713258,aad24ec7402a718d68ca08e0966f26ad,12
python_pruning,10,1000,2,18,A,13,True,True,3.818379,49f43807502b104fc3d8b5eaac0d22e9,2
C_pruning,10,1000,2,18,A,100,True,True,4.34846,0b3e896410e20981a367ec97e4268969,8
python_pruning,10,1000,2,18,A,22,True,True,2.531268,2305bd0fc03c0a7ef4629d817d4abede,4
python_pruning,10,1000,2,18,A,28,True,True,0.784156,7299035dcd9d74e9fdc81987f64c9159,8
python_pruning,10,1000,2,18,A,25,True,True,1.548663,2d7b1b7231528227472670c50ea5ac26,6
python_pruning,10,1000,2,18,A,30,True,True,0.395603,3153afd4bda9d89eb1269abecf52c429,8
python_pruning,10,1000,2,18,A,17,True,True,4.181125,e9e29af513d71462a558985919d1bdb6,10
python_pruning,10,1000,2,18,A,27,True,True,1.409106,fa398b54a8cb047d0c7bed68dcf6385e,2
python_pruning,10,1000,2,18,A,21,True,True,3.64683,5df406b3b92027f43e576b83cff62a67,14
python_pruning,10,1000,2,18,A,26,True,True,1.729741,5bef029175b27ad99bf500739d73f9b8,12
python_pruning,10,1000,2,18,A,32,True,True,0.458681,34896ffe92ae93c1b67c186f50c27dc8,8
python_pruning,10,1000,2,18,A,34,True,True,0.450365,92670c0b458769dffae5b556fe2d06ad,2
python_pruning,10,1000,2,18,A,37,True,True,0.392671,20bd99eff6e50ce9d418d018053ed5df,8
python_pruning,10,1000,2,18,A,35,True,True,0.647772,d9a8712b2dc0195496c5e70d93204660,14
python_pruning,10,1000,2,18,A,38,True,True,0.432883,8bf313520a77c5df442a9655ddbd0813,2
python_pruning,10,1000,2,18,A,29,True,True,1.947431,77fdf8ed1b176c0f810d6809c9ceef6e,4
python_pruning,10,1000,2,18,A,36,True,True,1.044852,2ca8a1836f1fb3aa29e673c187ab3084,12
python_pruning,10,1000,2,18,A,41,True,True,0.434808,39b93a314550ec66a478818b8557aae0,2
python_pruning,10,1000,2,18,A,40,True,True,0.64777,cd90263b3c64863deb08818993f72738,14
python_pruning,10,1000,2,18,A,44,True,True,0.497254,4b49e6cfd623bf4fbc455a4767c0810c,2
python_pruning,10,1000,2,18,A,45,True,True,0.705241,08f9e3007cf9853a279e1447e0090746,14
python_pruning,10,1000,2,18,A,43,True,True,1.418774,468d30b8d3751a3b17f95b8fe36a5750,12
python_pruning,10,1000,2,18,A,39,True,True,2.081595,2e2d48eb99ec5f0a2c6de246de898804,8
python_pruning,10,1000,2,18,A,48,True,True,0.419452,d26d07a7e336ef63ef27d0d096cd4d2f,12
python_pruning,10,1000,2,18,A,49,True,True,0.384119,8884f20c93549e741e64c7aed22ef15a,8
python_pruning,10,1000,2,18,A,31,True,True,3.61387,d2f58dadf3763fbd3420737d82b23a4f,6
python_pruning,10,1000,2,18,A,47,True,True,1.032601,be1924c1cf9b4ba43d0a404116faa427,14
python_pruning,10,1000,2,18,A,46,True,True,1.417844,7b663236d48a3f2d601762ee217bcb38,2
python_pruning,10,1000,2,18,A,54,True,True,0.815126,6081d72e036b2a0116e7e4232dee036c,2
python_pruning,10,1000,2,18,A,52,True,True,1.175742,0420bd8b04346a0bb117cc0a91fe88a7,6
python_pruning,10,1000,2,18,A,33,True,True,4.615379,915c953c468252ddfc360e0553dab5c5,10
python_pruning,10,1000,2,18,A,50,True,True,1.413641,da13ac94e53ee095f84e4f91f9e30dff,12
python_pruning,10,1000,2,18,A,53,True,True,1.430339,2cf88ec32ce5cb67b4b447909b178157,14
python_pruning,10,1000,2,18,A,57,True,True,0.654865,ed66f1b9f61997a46cf891aa8fc1bb42,10
python_pruning,10,1000,2,18,A,58,True,True,0.853387,26987f608e6a53e54e9f4a6bf9905498,12
python_pruning,10,1000,2,18,A,51,True,True,2.485665,62276b879728b6914227c6a51a32234e,8
python_pruning,10,1000,2,18,A,59,True,True,0.980074,c3fc4af820c89f177d71b11791de22f6,14
python_pruning,10,1000,2,18,A,56,True,True,1.573694,43c68eb5a9951d89b7401fb6cd65064a,6
python_pruning,10,1000,2,18,A,42,True,True,4.933031,9e835284b95a07c5f066c0aa74e2a50a,4
python_pruning,10,1000,2,18,A,64,True,True,0.583187,9e910a8629280bb60156f5d48daf2790,6
python_pruning,10,1000,2,18,A,61,True,True,1.520089,b9d6c84f169f39cf7c7ad266d8b3f167,12
python_pruning,10,1000,2,18,A,66,True,True,0.453268,1cf3806739534b183bf714ef535bcce5,6
python_pruning,10,1000,2,18,A,60,True,True,1.888464,9ad4fa5cd5aa0d45e0c1e955e2bcd5ea,10
python_pruning,10,1000,2,18,A,63,True,True,1.541922,538668123e5cdbdee33c34b19a19113d,14
python_pruning,10,1000,2,18,A,69,True,True,0.421392,8f9018076817d9fa027ddc9eadce294f,10
python_pruning,10,1000,2,18,A,55,True,True,3.705459,1b84a9823cb658d139bfe74ddd2435b0,2
python_pruning,10,1000,2,18,A,67,True,True,0.876224,83d99e1d226bf9c75e943d8673dbf38e,12
python_pruning,10,1000,2,18,A,65,True,True,1.687644,7da8ca0a3c68cbed9a7800f33b21e15c,4
python_pruning,10,1000,2,18,A,71,True,True,0.452482,fa6149bb49d191969aa40218bcbe0ae7,10
python_pruning,10,1000,2,18,A,73,True,True,0.412722,2db94ba70f38741c9ddbc17d115dceb3,12
python_pruning,10,1000,2,18,A,62,True,True,2.636194,d7f8d7694cf10ace51e8c17b6d7607ce,8
python_pruning,10,1000,2,18,A,75,True,True,0.374151,0379c0145cf56fec841922fd716d96f1,10
python_pruning,10,1000,2,18,A,78,True,True,0.436493,4fb4597d9e7222183e54ecfb1e7d5c81,10
python_pruning,10,1000,2,18,A,76,True,True,0.750943,bc01136969a2338a2951fa62e3090135,12
python_pruning,10,1000,2,18,A,68,True,True,1.967,72aad9237ee533e9a7344a993c98b4e9,6
python_pruning,10,1000,2,18,A,72,True,True,1.402612,4b7fff074f6f49e79961235be0ae8032,2
python_pruning,10,1000,2,18,A,77,True,True,1.756396,d0c2fd98442269204c8144313343b071,8
python_pruning,10,1000,2,18,A,70,True,True,3.124849,6f5b25dbfeb0f11118da66bea9a309bf,14
python_exact,10,1000,1,6,B,100,True,True,51.732074,4f82f95db49762842cfd75467980ea6b,0
python_pruning,10,1000,2,18,A,79,True,True,1.698434,75dca9dbbcb9f2678f58a4d6455de725,10
python_pruning,10,1000,2,18,A,86,True,True,0.741759,10bc63fc26c18847916996a5259e57eb,10
python_pruning,10,1000,2,18,A,74,True,True,3.459616,ddac08b54ba9004aa59a5460d7ba430b,4
python_pruning,10,1000,2,18,A,81,True,True,2.229545,de4df753f34d5ab1b56e7abc83401c18,6
python_pruning,10,1000,2,18,A,85,True,True,0.957571,243e0a0164465054bdc5bb97d528356f,0
python_pruning,10,1000,2,18,A,87,True,True,0.739026,7cd44e0603149ada7865a19ffdd131ee,10
python_pruning,10,1000,2,18,A,88,True,True,1.105224,b38c173d40eb6328903c4b7626080d67,4
python_pruning,10,1000,2,18,A,83,True,True,2.454103,370cc0c416c7672df1e2a18df98b93c9,8
python_pruning,10,1000,2,18,A,90,True,True,1.18517,fd862c3b87c06369037d380241204d52,0
python_pruning,10,1000,2,18,A,92,True,True,0.563686,ff75153b5bdb259df0a00ccda31f4abf,4
python_pruning,10,1000,2,18,A,93,True,True,0.457939,47a4cb5f694b639b7925abbedf3bdbb3,8
python_pruning,10,1000,2,18,A,91,True,True,1.090837,2da8fe91a70e23c3643f3717cddfbd5d,10
python_pruning,10,1000,2,18,A,80,True,True,4.325569,8a3785a432237568c8c88577d95cdcef,12
python_pruning,10,1000,2,18,A,97,True,True,0.427512,696f93ac083b6b4007184ec25a6accfd,10
python_pruning,10,1000,2,18,A,96,True,True,1.085394,1cfcfe8f8658a303e1130d3d059119af,8
python_pruning,10,1000,2,18,A,95,True,True,1.187246,57ba811fa3fe73d8b5e037776093bfc2,4
C_exact,10,1000,2,18,A,11,True,True,0.027039,6f756574132541096d52154872309743,4
C_exact,10,1000,2,18,A,12,True,True,0.032381,42ce99b6bb869245934cd09e6f87c847,4
python_pruning,10,1000,2,18,A,82,True,True,5.085641,b8090a13c7029ee03deed68f7805203a,2
python_pruning,10,1000,2,18,A,89,True,True,2.99732,f85e7465d11e42d9ece6be5cf1574307,6
C_exact,10,1000,2,18,A,14,True,True,0.026578,15a28ef50f83e7b570f983ac1941c19e,2
C_exact,10,1000,2,18,A,13,True,True,0.031991,f44161768796418cb9bb628560516a5e,4
C_exact,10,1000,2,18,A,17,True,True,0.037991,2a8820bec078a4897ea409ec53765e92,4
C_exact,10,1000,2,18,A,16,True,True,0.041819,a426c2064d0698a2116bc9f13cab6598,2
C_exact,10,1000,2,18,A,15,True,True,0.047909,3940baca221a99d8526d66d001326405,6
C_exact,10,1000,2,18,A,18,True,True,0.026273,062aeea0c1149b9cb09ad588266b64a6,4
C_exact,10,1000,2,18,A,19,True,True,0.029682,4d911090afad7064385a06b0b9d41427,2
C_exact,10,1000,2,18,A,20,True,True,0.029463,e1e879254428d3d23c404dc93f33edf9,6
C_exact,10,1000,2,18,A,21,True,True,0.026494,874c906900822b764a0dafb4d728dd8b,4
C_exact,10,1000,2,18,A,23,True,True,0.02688,0e343ad493c919d6eb98ba6c9879fe7a,6
C_exact,10,1000,2,18,A,22,True,True,0.033218,abc54d9f4c109c53da8ec7e68f26e51e,2
C_exact,10,1000,2,18,A,25,True,True,0.026521,8290813ab20f0c699cca33fbe6b36e6d,6
C_exact,10,1000,2,18,A,24,True,True,0.029329,b942f1b1f0e361eb3904c12cf18c7f7f,4
C_exact,10,1000,2,18,A,26,True,True,0.034834,55b679145fc6009808c0047405614b01,2
C_exact,10,1000,2,18,A,27,True,True,0.027581,6defb95231a42aeaef6cea10158d4387,6
C_exact,10,1000,2,18,A,28,True,True,0.039109,7e6de5a986226d3716fb5973989d0b94,4
python_pruning,10,1000,2,18,A,99,True,True,1.074352,697173f902f3596a52e2640d770e65f6,10
C_exact,10,1000,2,18,A,30,True,True,0.027748,4d44c50418dff7ffdbeacd9caa1b6a7c,6
C_exact,10,1000,2,18,A,29,True,True,0.035863,a16c0107c00c126bbd5ff2128521df6f,2
C_exact,10,1000,2,18,A,31,True,True,0.03555,676c12b6cc60065c5f2a4e1531ecc911,4
C_exact,10,1000,2,18,A,32,True,True,0.03548,033be271d6a914fe7f0c6f54b55103d8,10
python_pruning,10,1000,2,18,A,84,True,True,4.331189,fe4164bc89ccfd8523aec65701575eae,14
C_exact,10,1000,2,18,A,34,True,True,0.030312,5f17eb553c3ec1152610c67d7a78056b,2
C_exact,10,1000,2,18,A,33,True,True,0.033195,fa88c9f72ad58008f12fe0f8376e7a61,6
python_pruning,10,1000,2,18,A,94,True,True,2.08731,275acfb323352123ccb8d43d56088b8a,0
C_exact,10,1000,2,18,A,35,True,True,0.041467,c4008dc3f7191bec3b6e4fc6b2dc16c9,4
C_exact,10,1000,2,18,A,36,True,True,0.070337,3b81dd8832efcaa1ba27cfbacc06bd75,10
C_exact,10,1000,2,18,A,39,True,True,0.0636,e6968e63a686e887789e1fcebec362b9,6
C_exact,10,1000,2,18,A,41,True,True,0.053938,9b6b627acb346426277f3e335b0f4a66,4
C_exact,10,1000,2,18,A,38,True,True,0.076162,dedfea60b82255c5f26a7cf8ca06471a,2
C_exact,10,1000,2,18,A,37,True,True,0.065101,a6074dfd80e8c317e4132972dbc90e73,14
C_exact,10,1000,2,18,A,40,True,True,0.069898,2b999bed70c7d4416f8554b8f1176d8f,0
C_exact,10,1000,2,18,A,43,True,True,0.037704,0eb304769c39174f2dc307fe87b519c0,6
C_exact,10,1000,2,18,A,42,True,True,0.045129,abdf84f3ead787d0c5778c923bf429e0,10
C_exact,10,1000,2,18,A,44,True,True,0.032585,f5681b00955b630ddbdc1ef0941520f7,4
C_exact,10,1000,2,18,A,45,True,True,0.032713,4e9c9d4f26586099160167922103b544,2
C_exact,10,1000,2,18,A,47,True,True,0.034407,af78c5d263cb8c02cc7de2cb36bcd46c,0
C_exact,10,1000,2,18,A,46,True,True,0.043791,010f89bbb8630b80961a653dc4b3959f,14
C_exact,10,1000,2,18,A,48,True,True,0.028205,36f96b2f1880d607f76853a618f94894,6
C_exact,10,1000,2,18,A,49,True,True,0.036583,a44c575973d4da46f2a3e62279d353b5,10
C_exact,10,1000,2,18,A,50,True,True,0.048014,a6bd004dd65fd998c30da1439bbfb53c,4
C_exact,10,1000,2,18,A,52,True,True,0.030971,a2d0b067d7c68ff06c5c0bc5f13be6bf,0
C_exact,10,1000,2,18,A,51,True,True,0.040028,da748787035d329ff3f10379815d31bc,2
C_exact,10,1000,2,18,A,53,True,True,0.029477,74dc18f5ad8192fc1fccc77dd8031acf,14
C_exact,10,1000,2,18,A,55,True,True,0.02634,44fcbc271915d0dc5eaf2708bd0170df,10
C_exact,10,1000,2,18,A,54,True,True,0.038602,798667e29d021a27727e0807fe9b35c5,6
python_pruning,10,1000,2,18,A,100,True,True,0.864765,5f842e2b6c894076ba6ab3f5cbf88345,8
C_exact,10,1000,2,18,A,56,True,True,0.031333,a5967684276734ddd1997831428dea87,4
C_exact,10,1000,2,18,A,58,True,True,0.033493,2ca8e9cf31b37ce4d4ad77f78637fb83,2
C_exact,10,1000,2,18,A,59,True,True,0.029924,7ed39f19f102bb6160fb502e7ce5257b,14
C_exact,10,1000,2,18,A,57,True,True,0.0402,28f297f59fc266398010cdfc0c1d5c3b,0
C_exact,10,1000,2,18,A,61,True,True,0.04021,4aca5332e45a041330532a9632eeb371,6
C_exact,10,1000,2,18,A,60,True,True,0.045409,6c3acbe37fd443c34e04a7a9b16cfd2c,10
C_exact,10,1000,2,18,A,62,True,True,0.030651,4baff1a7df752711ff4a9a1eac8189c0,8
C_exact,10,1000,2,18,A,63,True,True,0.037177,8dee2b927da9b8bab0d93b552470d5bb,4
C_exact,10,1000,2,18,A,64,True,True,0.028968,b682782fab4b1c833a96d2092ebc6f99,2
C_exact,10,1000,2,18,A,65,True,True,0.036434,97a787adbfc7294556662811d3e4f3a0,14
C_exact,10,1000,2,18,A,69,True,True,0.036203,5fa8d61b248327beb78e0aae89e74742,8
C_exact,10,1000,2,18,A,67,True,True,0.037382,2e54ce0c83e486c531a27915eefb78ea,6
C_exact,10,1000,2,18,A,68,True,True,0.045772,c6869a9cd5a9247dc2d9c3010e4abbaf,10
C_exact,10,1000,2,18,A,71,True,True,0.029582,73dfb7d0df7013b48c1f3d8f1f51a99a,2
C_exact,10,1000,2,18,A,66,True,True,0.038626,17c67465860571aa27b63d961225bf95,0
C_exact,10,1000,2,18,A,70,True,True,0.033486,c652b68bd860f8a17004a86e78bf8f7c,4
C_exact,10,1000,2,18,A,72,True,True,0.028835,03ec8c6e4b73051bf1e507a6c46d7ce1,14
C_exact,10,1000,2,18,A,74,True,True,0.030436,6dfc64b7dd751054fbc5b8a598c88ba7,6
C_exact,10,1000,2,18,A,77,True,True,0.096921,7aad5cdd0d6b75f74ed171032740c9ce,0
C_exact,10,1000,2,18,A,75,True,True,0.101632,262a255987b00199d6b7bc8f392cf183,10
C_exact,10,1000,2,18,A,78,True,True,0.103698,5974f83fabde27b8988d8c7700c2d55f,4
C_exact,10,1000,2,18,A,76,True,True,0.107333,ad59ccf0289b5f5f965282a649791036,2
C_exact,10,1000,2,18,A,79,True,True,0.094742,d818c9fce32d4620dab1e5770dc07bd1,14
C_exact,10,1000,2,18,A,80,True,True,0.076167,8396f4a5c142aa64507594569cab4bed,6
C_exact,10,1000,2,18,A,73,True,True,0.109905,3bf4d9c0cb363b4a914bdb6b345e4739,8
C_exact,10,1000,2,18,A,81,True,True,0.02962,4c330f0cd5949af805ec4ce75a5dc2d7,0
C_exact,10,1000,2,18,A,83,True,True,0.043086,b4c14819c0bdf369ac60c02cb79c8024,4
C_exact,10,1000,2,18,A,82,True,True,0.044042,e0a17915205a9873ad6a653d5a945f32,10
C_exact,10,1000,2,18,A,86,True,True,0.029649,f962668b466e3dffc6eebba448901e43,6
C_exact,10,1000,2,18,A,84,True,True,0.039196,e1f60241638682854f31e40b37f3071c,2
C_exact,10,1000,2,18,A,85,True,True,0.038997,2547403dfdf898976a30011dbe65df06,14
C_exact,10,1000,2,18,A,87,True,True,0.038326,de263d547e0f38366e1e63e98940fd8e,8
C_exact,10,1000,2,18,A,88,True,True,0.040243,ed978ae5b900265bfc821325ea609099,0
python_pruning,10,1000,2,18,A,98,True,True,1.954861,e74bd3145ba349e0a740c5ec232d01d6,12
C_exact,10,1000,2,18,A,89,True,True,0.045435,f6b5b028f3aae288791c595285e67d47,4
C_exact,10,1000,2,18,A,91,True,True,0.054071,7f03a30f0985d11f284f277aaa318a41,6
C_exact,10,1000,2,18,A,90,True,True,0.064539,faa12cacd437e2e6140c78d9092aaec9,10
C_exact,10,1000,2,18,A,95,True,True,0.048427,8f304c6e86c6f7fa4b52959b1f70fbf9,0
C_exact,10,1000,2,18,A,92,True,True,0.091523,60044eadd98621b5268d4ba83bc93a83,2
C_exact,10,1000,2,18,A,93,True,True,0.068041,80fc9bd3209a077395821eb2e3eb1633,14
C_exact,10,1000,2,18,A,94,True,True,0.071165,fde51bd5431d72cf52733743e3a995bf,8
C_exact,10,1000,2,18,A,97,True,True,0.033362,85927e13a74d6fe40938449426bd159a,4
C_exact,10,1000,2,18,A,99,True,True,0.025473,8ae61f1625e2c99bd639f39db5f91b7d,10
C_exact,10,1000,2,18,A,96,True,True,0.053283,d3c80848c3dd2694ce5e5f254f6482e4,12
C_exact,10,1000,2,18,A,98,True,True,0.037091,81d19a102f7a91955b31cf87b9f50b16,6
C_exact,10,1000,2,18,A,100,True,True,0.027099,c419778b359a647225d8993063528c84,0
python_exact,10,1000,2,18,A,11,True,True,0.141636,4a191efce5dfa1943a18b586df19c6f1,2
python_exact,10,1000,2,18,A,13,True,True,0.155268,3800b87d98bb0f3f5aacc835ccf354f4,8
python_exact,10,1000,2,18,A,16,True,True,0.149566,15da861610f749b268485e720ec7e2c5,12
python_exact,10,1000,2,18,A,15,True,True,0.155224,2f00f75fd1b61901b7ad10a46ebee66a,10
python_exact,10,1000,2,18,A,18,True,True,0.178265,d49db540522d74cf7b1e148f9a793e51,0
python_exact,10,1000,2,18,A,14,True,True,0.220694,0139ed4f57a390691da0a3d7410367b2,4
python_exact,10,1000,2,18,A,12,True,True,0.238332,dc9e07eb7836d08c83baaee800d5dad9,14
python_exact,10,1000,2,18,A,17,True,True,0.225863,c2f4684942581a0208352f6c4f56ec36,6
python_exact,10,1000,2,18,A,19,True,True,0.172159,f65c894de396c0fff7a11c4a5c745f79,2
python_exact,10,1000,2,18,A,20,True,True,0.159807,c9f2533661783e759e958da6e1bda112,8
python_exact,10,1000,2,18,A,21,True,True,0.137228,3a2116e0145f4c2e85b899944e07d69f,12
python_exact,10,1000,2,18,A,24,True,True,0.111671,428c9429b5a5817e880405b8e63d0bdf,4
python_exact,10,1000,2,18,A,22,True,True,0.168601,4b8bb71a6c3d3e7ff002b25e84fda09a,10
python_exact,10,1000,2,18,A,26,True,True,0.198192,662548e20aabf33c5dc5af0a4918a408,6
python_exact,10,1000,2,18,A,29,True,True,0.146044,7e27bf866c0b3dd9f3e6684d5bdfbb14,12
python_exact,10,1000,2,18,A,31,True,True,0.112048,61f3ff966cf44f06d39ea7740d94842d,10
python_exact,10,1000,2,18,A,27,True,True,0.144198,c8c37f54277727a37bd8fbee1fc8318e,2
python_exact,10,1000,2,18,A,28,True,True,0.162153,1d47f415648d1e390d5c3b3499ae77dd,8
python_exact,10,1000,2,18,A,25,True,True,0.266537,8032ba2803938c4a1a229bf9d06a16ba,14
python_exact,10,1000,2,18,A,30,True,True,0.161739,c22e64218bc075fd36bd2ee5d875bbb9,4
python_exact,10,1000,2,18,A,23,True,True,0.319439,3b5143b22b43a6b910b1b27c29df4366,0
python_exact,10,1000,2,18,A,33,True,True,0.138696,f8944561fdbffdf64ed53d8e60f14320,12
python_exact,10,1000,2,18,A,36,True,True,0.139746,56347c26583517d5f4d075e5f12389ac,8
python_exact,10,1000,2,18,A,34,True,True,0.171674,03c6433de59a7170675a59511bfe4f49,10
python_exact,10,1000,2,18,A,35,True,True,0.175396,c4203927003cd901ee02b6c12560d2a9,2
python_exact,10,1000,2,18,A,38,True,True,0.132633,733bb85fb0fc78e424a2d1ac2b13660e,4
python_exact,10,1000,2,18,A,32,True,True,0.194947,46d8ebc4b73580c97f2c64ff19a15c04,6
python_exact,10,1000,2,18,A,37,True,True,0.210494,8b9d1a32373a0bb39479c815d47c57d2,14
python_exact,10,1000,2,18,A,41,True,True,0.109978,96970fde440cc723c171030cc523ee8e,8
python_exact,10,1000,2,18,A,39,True,True,0.196841,8e1c13c14492a2ced46e3270fe906fd1,0
python_exact,10,1000,2,18,A,42,True,True,0.105908,da898d3fcb62447ecc9f6fb2991aeac3,10
python_exact,10,1000,2,18,A,40,True,True,0.140802,094b2b314f8d94331c5c9c009e97b99e,12
python_exact,10,1000,2,18,A,43,True,True,0.108348,564984acf82a91effc2e2eb59579e54b,2
python_exact,10,1000,2,18,A,44,True,True,0.154472,942f846d86ad2c64aeff2b5d36f843f3,4
python_exact,10,1000,2,18,A,47,True,True,0.108639,ea8971698e71e26107a89dc8a64243ef,8
python_exact,10,1000,2,18,A,50,True,True,0.106535,526234449586ce96cf80733d3228bbb3,12
python_exact,10,1000,2,18,A,45,True,True,0.216992,9da74924138b986d9c0f26c457edca15,6
python_exact,10,1000,2,18,A,49,True,True,0.136367,b73333738a4b87cc1631f3ebfe1c4160,10
python_exact,10,1000,2,18,A,51,True,True,0.162051,ef94db1153e400d80734d7e854b618e7,2
python_exact,10,1000,2,18,A,52,True,True,0.13889,0e1ef22667fa695439afcb530223c622,4
python_exact,10,1000,2,18,A,46,True,True,0.237841,ec56b29cf9b21f475b726bc4aedae7f7,14
python_exact,10,1000,2,18,A,48,True,True,0.250398,aa91a618066612908239468232896196,0
python_exact,10,1000,2,18,A,54,True,True,0.139199,545a898ff1f9860d39f08fa3f56439f8,12
python_exact,10,1000,2,18,A,53,True,True,0.171239,0a531c8eea83d7f9bd0c17e30d6db64f,8
python_exact,10,1000,2,18,A,56,True,True,0.1643,5bb26643035ef56b7453835da9cad876,10
python_exact,10,1000,2,18,A,57,True,True,0.13328,fe2a00fe117bf6071ee53e8891556bfa,2
python_exact,10,1000,2,18,A,55,True,True,0.168675,b086acc813f840db4ab0b2a5c7ec29d4,6
python_exact,10,1000,2,18,A,58,True,True,0.120554,801425f3a2e8d3d2cb2c60b5f7176781,4
python_exact,10,1000,2,18,A,59,True,True,0.152453,dcaa4c51b3dc3f2bf7098ac4c9fc6d06,14
python_exact,10,1000,2,18,A,61,True,True,0.121048,6262d2f46553835075318ca2a3acf950,12
python_exact,10,1000,2,18,A,62,True,True,0.133108,4aadfa38adb382321b993d1e00788b08,8
python_exact,10,1000,2,18,A,63,True,True,0.111019,f1fbb69ca24001ace829d2aa32392738,10
python_exact,10,1000,2,18,A,64,True,True,0.136678,06f027e1356e4eaa75f4cf95704d0861,2
python_exact,10,1000,2,18,A,60,True,True,0.198868,116fcd6063dd8f867bb4bfe72afe4ee4,0
python_exact,10,1000,2,18,A,66,True,True,0.139393,cdf662dfa735cc893aa1e10876af0725,4
python_exact,10,1000,2,18,A,65,True,True,0.156812,afaf3de03255c14e8d091c64d18b353e,6
python_exact,10,1000,2,18,A,67,True,True,0.182387,b96ca499de05403cdf906036e987f0c4,14
python_exact,10,1000,2,18,A,68,True,True,0.131128,ac97d2b3eea8be8dc65037db25206889,12
python_exact,10,1000,2,18,A,69,True,True,0.141411,7c7f2a4da6de3fbdcac4399ead72bf97,8
python_exact,10,1000,2,18,A,70,True,True,0.144034,bdda098764ee102aba2700abd333b143,10
python_exact,10,1000,2,18,A,73,True,True,0.135861,91d35b3e52314f495fc91da771864a55,4
python_exact,10,1000,2,18,A,71,True,True,0.153269,56dc59dfddaa8a9688aece309071aae4,2
python_exact,10,1000,2,18,A,72,True,True,0.172248,061398acd7c484ad08dca232e3f2d851,0
python_exact,10,1000,2,18,A,77,True,True,0.130097,bcc40975de3b1ff0c8dead8a59d4a389,8
python_exact,10,1000,2,18,A,78,True,True,0.125819,b55ed75697302ed21ad395caa8ddee5b,10
python_exact,10,1000,2,18,A,76,True,True,0.151701,556b80e09a13549fbb1f0fe143e3058e,12
python_exact,10,1000,2,18,A,80,True,True,0.104589,2fc12e225b5a865f9ba71fc5312acd6b,2
python_exact,10,1000,2,18,A,75,True,True,0.169922,17042b7ef0fa186d571b2a7e8b140d4b,14
python_exact,10,1000,2,18,A,74,True,True,0.260786,11c298f9de7f98acb3d530b2b9e8fc2a,6
python_exact,10,1000,2,18,A,81,True,True,0.145719,942a0498ddc6111219d656f132203dc5,0
python_exact,10,1000,2,18,A,79,True,True,0.170995,f2e26836533e6a4b756b982622ba08be,4
python_exact,10,1000,2,18,A,82,True,True,0.145389,15ef1e67e8d6d7c2e86b419cb17faebb,8
python_exact,10,1000,2,18,A,83,True,True,0.141942,8cba2902358633b9e36d4cacfd4aba4c,10
python_exact,10,1000,2,18,A,84,True,True,0.14478,906b664ef7c8f9b56873a856c2e8ca3c,12
python_exact,10,1000,2,18,A,85,True,True,0.146488,05d29762e7a7305b7ffef947f95e5163,2
python_exact,10,1000,2,18,A,86,True,True,0.156535,6c6f3915790489d71bb3c41dbf0b3e35,14
python_exact,10,1000,2,18,A,87,True,True,0.150547,e004b0da4c4a6f8e3e95d74b3b93798d,6
python_exact,10,1000,2,18,A,88,True,True,0.113497,dd5616f451353d9cb396a50a498853b2,0
python_exact,10,1000,2,18,A,90,True,True,0.10627,390403dd06fb08f809be362650ebd23e,8
python_exact,10,1000,2,18,A,91,True,True,0.105216,0420f1096812c06b6cfb6aeab0fbc2db,10
python_exact,10,1000,2,18,A,89,True,True,0.194963,def33bf882d6233b4e870cdadd419b84,4
python_exact,10,1000,2,18,A,93,True,True,0.116039,791496a56623259e5a468afe49f1b747,2
python_exact,10,1000,2,18,A,92,True,True,0.176475,7812bb80a515f53f8492c4690d32e464,12
python_exact,10,1000,2,18,A,97,True,True,0.12013,e9cffeca289f40e3362ca6b3f2915266,8
python_exact,10,1000,2,18,A,96,True,True,0.193607,398bfa768b7355e3b4d805a3c2ed748b,0
python_exact,10,1000,2,18,A,95,True,True,0.203278,b065929fe2d0674a8b0a04aea5d00119,6
python_exact,10,1000,2,18,A,98,True,True,0.152616,3ec263db37842a8ba57c6774253203ba,10
python_exact,10,1000,2,18,A,94,True,True,0.23272,b94efd8e495eef9daf83588d8074e380,14
python_exact,10,1000,2,18,A,100,True,True,0.132207,e9661180843a315cf2ce4f0da9c39715,2
python_exact,10,1000,2,18,A,99,True,True,0.221995,b55fae1f7ca072b72516cdf1ef8a80f9,4
C_pruning,10,1000,2,18,T,12,True,True,0.946867,496f0a8b9755deb5482bb2bb0cea542c,8
C_pruning,10,1000,2,18,T,13,True,True,26.823803,51448f2cc75c99fc06b735469d7808f5,0
C_pruning,10,1000,2,18,T,19,True,True,42.890471,861504181b08cc9c95dddafe6275ad23,8
C_pruning,10,1000,2,18,T,21,True,True,1.664941,d548791cfc9f744089b6640f077f89ed,8
C_pruning,10,1000,2,18,T,20,True,True,35.355267,1a261a0a2d0d9666d60df9492bd5cea6,0
C_pruning,10,1000,2,18,T,14,True,True,64.306853,139742448501a8ba5acf51cf923e42f7,6
C_pruning,10,1000,2,18,T,16,True,True,79.137563,708a5cba98b637f01fed680ea595b436,14
C_pruning,10,1000,2,18,T,15,True,True,99.473938,bbf16d19528bff98c9c9db7f43eb2ae6,10
C_pruning,10,1000,2,18,T,23,True,True,38.143883,f8c2915ccd752c6f7561e9bb93409201,0
C_pruning,10,1000,2,18,T,26,True,True,6.74915,82bd90382746c2b117b104223a3721a1,10
C_pruning,10,1000,2,18,T,22,True,True,63.126868,6f69365340097e3829757577fb965832,8
C_pruning,10,1000,2,18,T,27,True,True,9.192016,096aceeb5dd99bc85098bf28afacc138,0
C_pruning,10,1000,2,18,T,18,True,True,112.905606,a0adf3be0ad755eb098dc6173730491c,4
C_pruning,10,1000,2,18,T,30,True,True,6.738699,6ef9d208b75c1a15d7604059f3e68d21,0
C_pruning,10,1000,2,18,T,11,True,True,116.910994,f8885f41dc254dbd1f8b4d348ec05d72,12
C_pruning,10,1000,2,18,T,17,False,False,120.029977,,2
C_pruning,10,1000,2,18,T,31,True,True,11.671705,6ed1b4b8f40a3103002bb8dfee707b8b,4
C_pruning,10,1000,2,18,T,29,True,True,17.958956,4d56e07a8e96b9dfea7655a179a632f1,8
C_pruning,10,1000,2,18,T,34,True,True,10.778237,6ac7ecee38a22a39708f74a57a4a0575,2
C_pruning,10,1000,2,18,T,24,True,True,71.667381,5e99613a85dd27cae0b08b276084376f,6
C_pruning,10,1000,2,18,T,35,True,True,13.81231,be436afa54e716a872571dc34c8a22de,4
C_pruning,10,1000,2,18,T,25,True,True,61.165065,a11c6c22705604015bdc6f92692af17a,14
C_pruning,10,1000,2,18,T,38,True,True,6.235628,1ccc5f538796bf3800300a6e76f36f86,6
C_pruning,10,1000,2,18,T,39,True,True,10.536346,930889ad278b6de9d485ce2cd18b1571,4
C_pruning,10,1000,2,18,T,41,True,True,7.947626,c6c9f88bbd1a7b74e08499f15d87b800,6
C_pruning,10,1000,2,18,T,37,True,True,22.621694,18a19a9963bce05252a14c627322cb08,2
C_pruning,10,1000,2,18,T,44,True,True,0.706105,60be4dae2c6018be74ec0d5076abc523,2
C_pruning,10,1000,2,18,T,28,True,True,48.736276,73d54897fd317b0497100ae5a9720497,10
C_pruning,10,1000,2,18,T,42,True,True,18.716328,28f2a9e07910ff928075ed3a1bd3856c,4
C_pruning,10,1000,2,18,T,40,True,True,31.312995,87187b59aa8a4d62c00776eb7fd796f2,14
C_pruning,10,1000,2,18,T,36,True,True,51.794502,aaaf52bc413dc2623dfca80760fc1a67,8
C_pruning,10,1000,2,18,T,43,True,True,30.4567,c331a0a246342d8938bb47efb1da3b52,6
C_pruning,10,1000,2,18,T,47,True,True,28.826826,67563a6561d078eb66f86770255c6821,4
C_pruning,10,1000,2,18,T,50,True,True,21.771384,a7b03896b8fffd86355051213ce2c620,6
C_pruning,10,1000,2,18,T,52,True,True,3.497724,22045442db20eabc0570b61d0e5005a9,6
C_pruning,10,1000,2,18,T,32,True,True,97.890507,e48822d3811cac4bb1f0b8ddea19344e,0
C_pruning,10,1000,2,18,T,49,True,True,41.641487,629bb3350e43df57f8c6f042a52c2d6f,8
C_pruning,10,1000,2,18,T,33,True,True,108.360865,40790d8c2372e1b6e3a260c3e90cddbc,12
C_pruning,10,1000,2,18,T,46,True,True,70.25912,27506beb3f1676da1f7c425456bfa368,10
C_pruning,10,1000,2,18,T,55,True,True,13.769178,0418a36567856e933200617b69d77327,8
C_pruning,10,1000,2,18,T,53,True,True,29.665252,fc68cbc23b45324d93784c91307d6757,6
C_pruning,10,1000,2,18,T,54,True,True,26.101048,f197de6b9c68495adaf1d259e7f6d623,0
C_pruning,10,1000,2,18,T,58,True,True,11.465538,89304ebebd209bd6ab19f2f8f4de0585,8
C_pruning,10,1000,2,18,T,60,True,True,11.983912,1d5fff90a72b54ef4aebcfae00e1ae0f,0
C_pruning,10,1000,2,18,T,48,True,True,83.824853,5d705690d25fb1d71d30364b0362f728,14
C_pruning,10,1000,2,18,T,61,True,True,15.493604,203fbafed6818baec38fcad64063382b,8
C_pruning,10,1000,2,18,T,57,True,True,40.936583,ce21dec375963936de2646c00ad63cbe,10
C_pruning,10,1000,2,18,T,45,True,True,115.871086,0747daba3a452b5222cdce8a81088724,2
C_pruning,10,1000,2,18,T,65,True,True,10.251179,64b1e3837c6663b1181f036bb393d50e,10
C_pruning,10,1000,2,18,T,67,True,True,3.651331,bac485255e808eb62ff99be0a49b35c1,10
C_pruning,10,1000,2,18,T,64,True,True,23.801026,add0a60984aec4f837b5e411979ad4ab,8
C_pruning,10,1000,2,18,T,56,True,True,68.271638,9f4e6b58b34977b0aa1796d2633af421,12
C_pruning,10,1000,2,18,T,68,True,True,17.736363,043080ffc953d6688c959c472f035d3a,10
C_pruning,10,1000,2,18,T,66,True,True,31.895048,bb323c06f955e5e3370a794c28a803cf,2
C_pruning,10,1000,2,18,T,71,True,True,4.754419,7bfd8e10101dd000726374d19da7cc07,10
C_pruning,10,1000,2,18,T,73,True,True,5.539588,b8a25b0c28e47b5cfa763b2685926e33,10
C_pruning,10,1000,2,18,T,72,True,True,8.614562,5f2cadec09bfa07a444cd8bc021be8a0,2
C_pruning,10,1000,2,18,T,70,True,True,17.841413,2296b6d71ac2b728c41a93dc90f79bd2,12
C_pruning,10,1000,2,18,T,76,True,True,2.054899,ba6a5930700b4c3e52452ee8380fed04,12
C_pruning,10,1000,2,18,T,51,False,False,120.041229,,4
C_pruning,10,1000,2,18,T,74,True,True,9.150056,450c5ed031e81821fc00826d84158e7b,10
C_pruning,10,1000,2,18,T,77,True,True,4.627081,3f8b7090558c49d30f8d0cb0a48bb5fd,12
C_pruning,10,1000,2,18,T,59,True,True,84.751241,1e366ee11355642c33c75a6a2f6d6de9,6
C_pruning,10,1000,2,18,T,78,True,True,8.635889,0e2c991e9092af886cc4c6285ab5de16,4
C_pruning,10,1000,2,18,T,63,True,True,74.171808,6531e42fed46f07d498890df4d03882d,14
C_pruning,10,1000,2,18,T,81,True,True,9.399102,d7bfd685c2c82ee28b9655426110386e,6
C_pruning,10,1000,2,18,T,84,True,True,1.967449,79014818f8d2dbb04bec1b1a3c4cf930,6
C_pruning,10,1000,2,18,T,79,True,True,15.73854,f4c4c6af8faebae5392eae61a4fc411f,10
C_pruning,10,1000,2,18,T,85,True,True,2.997252,f69530f2e11307cb04aa104e02eccc75,6
C_pruning,10,1000,2,18,T,82,True,True,11.949567,a14c14958666454dce465940e6fd138a,4
C_pruning,10,1000,2,18,T,80,True,True,36.472328,6f235c03023288fc4e2f1920e9db5a14,12
C_pruning,10,1000,2,18,T,89,True,True,4.069825,12a9380f0b862f77c0bdb4afcae99d40,12
C_pruning,10,1000,2,18,T,87,True,True,24.109191,ee8a55a32241d36bbbc3d0ce0efd324e,6
C_pruning,10,1000,2,18,T,62,False,False,120.016123,,0
C_pruning,10,1000,2,18,T,83,True,True,44.764713,62b7ccc3d5cf77f06fba04724994e658,14
C_pruning,10,1000,2,18,T,90,True,True,16.447658,571ee67781896395faa55626fb0b3909,12
C_pruning,10,1000,2,18,T,91,True,True,19.917148,f1d4c4c18e6d5337f065b1eacce1eab2,6
C_pruning,10,1000,2,18,T,75,True,True,74.42414,35dc0048ab58cb9928ca0fd1bf167d75,2
C_pruning,10,1000,2,18,T,93,True,True,16.332747,c8a53ed5df904cab95769b32400a6700,14
C_pruning,10,1000,2,18,T,69,True,True,112.132149,98782654ddeb67924734d40bc111c8c3,8
C_pruning,10,1000,2,18,T,95,True,True,19.680561,974abd0347b2bfd027f9cffd367057a4,6
C_pruning,10,1000,2,18,T,98,True,True,6.466258,314482cfe6a620dc7d0370424a627def,8
C_pruning,10,1000,2,18,T,99,True,True,7.799156,72d0e24128502fcd02454c8cc82dea90,6
C_pruning,10,1000,2,18,T,94,True,True,37.361622,bb9eed5a3904fce7ad0c204abc7ac807,12
C_pruning,10,1000,2,18,T,86,True,True,87.724183,6f507998952b775dc40ba329f9021a3d,10
C_pruning,10,1000,2,18,T,88,True,True,87.631297,8b8cfd13c9385ff0e5a0db9aaedb374a,4
C_pruning,10,1000,2,18,T,97,True,True,37.59452,b5a1aecded475b03f29bf82b8757dd39,14
python_pruning,10,1000,2,18,T,11,True,True,24.5687,d17c4c186cf2321405c2ccaf2f7cb978,6
python_pruning,10,1000,2,18,T,13,True,True,10.290077,19f0289bf31c31be19910e45142f188c,10
python_pruning,10,1000,2,18,T,14,True,True,13.677669,69c96dd13e6aac3daa61a7c6a56d647a,4
python_pruning,10,1000,2,18,T,15,True,True,10.854798,50463d9b6faf028fc08a577d7f8573e1,14
python_pruning,10,1000,2,18,T,17,True,True,15.956481,8ea633b140fe7b4f6566e2b6e48b6092,10
python_pruning,10,1000,2,18,T,16,True,True,18.251506,73bf43d379a40061414532de8f0d97b8,6
python_pruning,10,1000,2,18,T,18,True,True,15.169387,256de5b3042cf3be39f97529738b3c70,4
C_pruning,10,1000,2,18,T,100,True,True,59.381702,9840d3cb79c17f40b54ac2b7fddad948,8
C_pruning,10,1000,2,18,T,92,True,True,95.397844,4dcf486401dbadbe6d3a10bbb9cde2de,0
python_pruning,10,1000,2,18,T,24,True,True,4.253785,6c311a617f0bf7467d39b0635c1247e0,0
python_pruning,10,1000,2,18,T,20,True,True,25.249776,f2deeb8a04ddf29988db4a438a0c2fed,10
python_pruning,10,1000,2,18,T,25,True,True,1.111395,ad08d6435a54e1e69dfff7d6a6f5bd47,0
python_pruning,10,1000,2,18,T,26,True,True,2.417857,98bc70dd83dc6242ef9163c4f2f0b773,10
python_pruning,10,1000,2,18,T,19,True,True,43.773339,7296a557a5cf37cd22847202bd142059,14
python_pruning,10,1000,2,18,T,29,True,True,1.165562,48ec61b023f4c1dedb21069f31262ea5,14
python_pruning,10,1000,2,18,T,28,True,True,9.423715,0576d7f05d7fd4a092035f074dc0e1d0,10
python_pruning,10,1000,2,18,T,30,True,True,1.005789,ceea193ea73edf47e943458353770b25,14
python_pruning,10,1000,2,18,T,22,True,True,35.680302,b5d6e61c20e56d9e9110cf0163fb87a9,4
python_pruning,10,1000,2,18,T,32,True,True,15.12656,c58f741d1044971d95605e6b318992b6,14
python_pruning,10,1000,2,18,T,34,True,True,0.329091,6001de3c28fb30292c2e9fc002a5f8d8,14
C_pruning,10,1000,2,18,T,96,False,False,120.038945,,2
python_pruning,10,1000,2,18,T,35,True,True,13.006838,0708af4f655ead65519f901a1bb15712,14
python_pruning,10,1000,2,18,T,37,True,True,1.109534,63af959c8fe104953065797698f47d82,14
python_pruning,10,1000,2,18,T,27,True,True,45.509448,6485ae5067db4bf69c8652fe51a3e927,0
python_pruning,10,1000,2,18,T,36,True,True,13.548696,44ac38049800480e77914cf3fba36eb5,2
python_pruning,10,1000,2,18,T,31,True,True,36.076527,46a3d1febf7ab2b5d42ee4ab60599aa3,10
python_pruning,10,1000,2,18,T,40,True,True,2.24515,979e51c08156a17a0539573743e8779a,2
python_pruning,10,1000,2,18,T,42,True,True,9.230135,8b72a5905b50f902c9b1e91aea5155a6,2
python_pruning,10,1000,2,18,T,12,False,False,120.149318,,12
python_pruning,10,1000,2,18,T,23,True,True,77.559614,efcd89c8b2d920f92564b2a9d95c8c8e,8
python_pruning,10,1000,2,18,T,38,True,True,26.613154,db3b6d6c789f7bcfd2dc622a3516f134,14
python_pruning,10,1000,2,18,T,45,True,True,5.233006,02668538f77f3672479c5ec6921b6209,8
python_pruning,10,1000,2,18,T,39,True,True,34.154969,39a1f995b99a29575d7d2bec1bd62e6b,0
python_pruning,10,1000,2,18,T,33,True,True,69.568383,a29b323e1469739f4464e3e146fe7cf2,4
python_pruning,10,1000,2,18,T,47,True,True,22.502887,e8af67a41e82f57cfb3bad4f736fa812,8
python_pruning,10,1000,2,18,T,43,True,True,38.092788,6c9f721433e472b29a5ccb478adc7ce5,2
python_pruning,10,1000,2,18,T,21,False,False,120.166009,,6
python_pruning,10,1000,2,18,T,50,True,True,10.617174,e074c8491170c1d760b0bd35ed6e7400,8
python_pruning,10,1000,2,18,T,52,True,True,17.505179,e5b06e738573643af64abca0c7aeec10,6
python_pruning,10,1000,2,18,T,51,True,True,18.716174,5855f94c2c675dc266040d6995e23b85,2
python_pruning,10,1000,2,18,T,55,True,True,2.016863,69a1e4125bc5303d9a3f7b8470132834,2
python_pruning,10,1000,2,18,T,49,True,True,33.433793,ba6fe9a0add5b1f602eab87d0589925d,4
python_pruning,10,1000,2,18,T,57,True,True,3.205221,fd46f07afec7b84a80d482cf0ab598bf,4
python_pruning,10,1000,2,18,T,44,True,True,67.110683,de7f0066306725ff0aae8ea4ab75361f,12
python_pruning,10,1000,2,18,T,56,True,True,11.261478,e21cda3ef697f864f619ca29b5054e05,2
python_pruning,10,1000,2,18,T,54,True,True,13.484669,226a29c6d3b2ca70a7f598dc467e2546,6
python_pruning,10,1000,2,18,T,60,True,True,0.751577,1e7a11b902ea215d2bccdb115f206c21,2
python_pruning,10,1000,2,18,T,41,True,True,85.157125,79f41e6b7f2759d59239f0e73f1aebfa,10
python_pruning,10,1000,2,18,T,62,True,True,4.746222,27289131c2688803f75b75c01f1c4430,2
python_pruning,10,1000,2,18,T,63,True,True,0.616837,a55f37ef389068bf1913571581464fe8,10
python_pruning,10,1000,2,18,T,58,True,True,24.935256,00ff8095c6926684525e463612f36240,4
python_pruning,10,1000,2,18,T,53,True,True,45.139679,346dcc0d4c61307499945b6444a0d420,8
python_pruning,10,1000,2,18,T,46,True,True,83.928384,d93bc0b88398d18102db6161a9dde1dd,14
python_pruning,10,1000,2,18,T,67,True,True,3.572666,276b44ddc38331652960afbefd7d9537,8
python_pruning,10,1000,2,18,T,64,True,True,23.679883,f1ee6db4f072499106629bdf221add51,2
python_pruning,10,1000,2,18,T,66,True,True,16.864628,30d7841a437de320d9e3dae4c1ee8238,4
python_pruning,10,1000,2,18,T,69,True,True,12.825813,ee7ba71ee21716afb68c343ca0d93ec0,8
python_pruning,10,1000,2,18,T,61,True,True,61.65816,257c170d273f4440a5eb3682a70d6d01,6
python_pruning,10,1000,2,18,T,48,False,False,120.136447,,0
python_pruning,10,1000,2,18,T,68,True,True,51.018461,ffd2da4c7b5b220d6604711a688e2d73,14
python_pruning,10,1000,2,18,T,72,True,True,41.412293,c858a6f2e6c87a26955611dc5c2d26f4,8
python_pruning,10,1000,2,18,T,71,True,True,61.866557,a4eaab5a2c039e1f676d216aa97bebe6,4
python_pruning,10,1000,2,18,T,65,True,True,94.029126,cd1199c14d372457d2e22dc26071edce,10
python_pruning,10,1000,2,18,T,78,True,True,13.357262,d397217e59567c3b2e559b2deb84135f,10
python_pruning,10,1000,2,18,T,77,True,True,19.467059,e6bf4d5b1601bdb0499ddeaab51d9318,4
python_pruning,10,1000,2,18,T,59,False,False,120.134582,,12
python_pruning,10,1000,2,18,T,74,True,True,55.932997,7fba90946c3c6dff9a8a694f383c96ab,0
python_pruning,10,1000,2,18,T,81,True,True,23.546544,5e390f583e6f2c7a74b1864688e18651,12
python_pruning,10,1000,2,18,T,80,True,True,26.875711,ededa7b7d75eada4e1d6bfafebd4c9b3,4
python_pruning,10,1000,2,18,T,82,True,True,19.088557,227c00816cc6cfd7b7651d8c44fb3926,0
python_pruning,10,1000,2,18,T,85,True,True,1.478484,8b8cd2aa1c01fe2951dfd397fe4f6038,0
python_pruning,10,1000,2,18,T,70,False,False,120.132705,,2
python_pruning,10,1000,2,18,T,87,True,True,2.058943,0d13310af96db2845147c4867bc6810b,2
python_pruning,10,1000,2,18,T,86,True,True,8.352455,4dc6c1bc44646f6807641e1c7ec4a1d0,0
python_pruning,10,1000,2,18,T,83,True,True,15.695316,df28415fa474de4872879be0111c41da,12
python_pruning,10,1000,2,18,T,73,True,True,97.722618,addefe505f6fbdd20153c23bb8fa82fe,6
python_pruning,10,1000,2,18,T,79,True,True,54.668474,ae88230746f51130687bb529ba51a3c9,10
python_pruning,10,1000,2,18,T,88,True,True,21.539888,078c71cebdf281b7d0387d58fa014c47,2
python_pruning,10,1000,2,18,T,89,True,True,17.27848,5869c1024308794b84ac57425b3bfedd,0
python_pruning,10,1000,2,18,T,76,True,True,94.159789,755751e627e9aef8426941fd9c00367a,8
python_pruning,10,1000,2,18,T,94,True,True,1.242776,9f7de2037d5b3bacdc7243687d35de78,0
python_pruning,10,1000,2,18,T,92,True,True,14.664118,fc3374ede0a760681005b42d529c2013,10
python_pruning,10,1000,2,18,T,84,True,True,37.411473,412502b05636807ebc8f0898bd215f66,4
python_pruning,10,1000,2,18,T,95,True,True,12.352549,07e99da708f24d93436fec3fa13d34d5,8
python_pruning,10,1000,2,18,T,97,True,True,5.672241,bf778dc659a8e2bf2646e912e3b1a326,10
python_pruning,10,1000,2,18,T,91,True,True,29.846344,bfb3873d9b3179699611fddbd3f0cb16,6
C_exact,10,1000,2,18,T,11,True,True,0.03358,af76de5010930cb526aaf411f51abadc,6
C_exact,10,1000,2,18,T,12,True,True,0.029013,ce9ae36211af9de481cffb34c0263375,6
C_exact,10,1000,2,18,T,13,True,True,0.026183,9723e7be4feefa01e0530551cff28529,6
C_exact,10,1000,2,18,T,14,True,True,0.026735,38714e6975cdb1a88f0c81933e614ff6,6
C_exact,10,1000,2,18,T,15,True,True,0.035007,93b5e24a332a3b8be712082bf18fd60e,6
C_exact,10,1000,2,18,T,16,True,True,0.034792,771346935446a3503428b60928da7ae1,6
C_exact,10,1000,2,18,T,17,True,True,0.027023,dc9210b43a18183dfa1b88ad33e26685,6
C_exact,10,1000,2,18,T,18,True,True,0.030227,5a9be4b2ec4e236956513d305ae76d18,6
C_exact,10,1000,2,18,T,19,True,True,0.029045,a9192e289c25bec0acc3b83c930adbcd,6
C_exact,10,1000,2,18,T,20,True,True,0.027802,8c086109170e8f349b31a46b6cf79f94,6
C_exact,10,1000,2,18,T,21,True,True,0.027565,e3b534a9b4244396d4769342ca09c5df,6
C_exact,10,1000,2,18,T,22,True,True,0.03344,1cc186769562228e2a27b397786b1e65,6
C_exact,10,1000,2,18,T,23,True,True,0.033704,6eee9f529aafc4f5619b88c6c82a554d,6
C_exact,10,1000,2,18,T,24,True,True,0.039433,135bd8c124ecc7dc6efa95c5526ea96d,6
C_exact,10,1000,2,18,T,25,True,True,0.034396,3fce2b70c38c645b2896024b50086144,6
C_exact,10,1000,2,18,T,26,True,True,0.027918,b33f68901d59c75f22eb42567523a382,6
C_exact,10,1000,2,18,T,27,True,True,0.026267,402c71626dde8dd25cb051d1ff7423a0,6
C_exact,10,1000,2,18,T,28,True,True,0.027457,9177b572d7bb247fba19f8b6d4cbdf09,6
C_exact,10,1000,2,18,T,29,True,True,0.035451,7364ccb33eea4d8744811f1bf90672cc,6
C_exact,10,1000,2,18,T,30,True,True,0.027806,87e139e59e81090b632ae274ab295c4f,6
C_exact,10,1000,2,18,T,31,True,True,0.034241,2a8adeab947150bc5d6b8d46de384ebb,6
C_exact,10,1000,2,18,T,32,True,True,0.027642,e1bd990089c713dcdaf5ebe502734f26,6
C_exact,10,1000,2,18,T,33,True,True,0.028539,ad6ae34d0fd4e566f99da5f1647c2c65,6
C_exact,10,1000,2,18,T,34,True,True,0.035312,772d9a5cf199a79852a563a0248a9f28,6
C_exact,10,1000,2,18,T,35,True,True,0.028072,082898859ef162b0db6c491a703d635b,6
C_exact,10,1000,2,18,T,36,True,True,0.028771,a2074a35d2465172540a2ef61c20ed9c,6
C_exact,10,1000,2,18,T,37,True,True,0.041104,c61e78dcb239af474ba38f0c2ef0eaee,6
C_exact,10,1000,2,18,T,38,True,True,0.03253,f46ff777fb5988638461b48640ef2494,6
C_exact,10,1000,2,18,T,39,True,True,0.026829,e963113bb10e31b1715398ffc6e3ca08,6
C_exact,10,1000,2,18,T,40,True,True,0.033836,c21761f72b538b22640e341580ad59b1,6
C_exact,10,1000,2,18,T,41,True,True,0.032746,f492ef50dd7db4c1493a81b8f1ab90f6,6
C_exact,10,1000,2,18,T,42,True,True,0.027342,db84883a4a306ae028b5f0fc4f90828b,6
C_exact,10,1000,2,18,T,43,True,True,0.029197,b829bc7d38e4841982dccf1a02a082e7,6
C_exact,10,1000,2,18,T,44,True,True,0.03027,53278133b3146f197fe717ea827e160c,6
C_exact,10,1000,2,18,T,45,True,True,0.037171,49a3ca4f2e2029ae59ef580365b19011,6
C_exact,10,1000,2,18,T,46,True,True,0.030875,9add51c9c327ee904008acea0219b97b,6
C_exact,10,1000,2,18,T,47,True,True,0.030771,9d70aaeec6e0c1c5cfbcc686de804a43,6
C_exact,10,1000,2,18,T,48,True,True,0.040176,2c6b96d6cb6511da3492e52ab8cb05cc,6
C_exact,10,1000,2,18,T,49,True,True,0.036633,49a5acd52aed3a1d1ee4033aaa9329f6,6
C_exact,10,1000,2,18,T,50,True,True,0.036504,2a9ae85669adab884fca54f4284f7cd1,6
C_exact,10,1000,2,18,T,51,True,True,0.034707,3b6075784bf22cbdcec97409671bd53e,6
C_exact,10,1000,2,18,T,52,True,True,0.040411,0376df4274959ac54dbd9247082f660d,6
C_exact,10,1000,2,18,T,53,True,True,0.028994,b301508814dc61118d0675eb1c07b96a,6
C_exact,10,1000,2,18,T,54,True,True,0.030389,0446056dff29568b986563db30cc6e0c,6
C_exact,10,1000,2,18,T,55,True,True,0.024549,46c36859052afbec83581c7b0d1ba0c2,6
C_exact,10,1000,2,18,T,56,True,True,0.031947,93f6de4d575b4654c1b3b1b3adabc377,6
C_exact,10,1000,2,18,T,57,True,True,0.032948,3d09c657ed9342ebd14911d34b01ee36,6
C_exact,10,1000,2,18,T,58,True,True,0.026354,ed6a634beacfc30f6e87bee430237120,6
C_exact,10,1000,2,18,T,59,True,True,0.033172,a5e9cacfafcae5d18190886c0de7f16c,6
C_exact,10,1000,2,18,T,60,True,True,0.02631,a34be032f9b8668b0229d6da779473c1,6
C_exact,10,1000,2,18,T,61,True,True,0.028138,d715b626b93a7480ce5c4a45f7e3c274,6
C_exact,10,1000,2,18,T,62,True,True,0.027268,28949ec510125bf5c5fec23149424f39,6
C_exact,10,1000,2,18,T,63,True,True,0.026977,5fedc2b86f43b0a724db63a168ca4e05,6
C_exact,10,1000,2,18,T,64,True,True,0.027519,d79a70d561d5fe7fedd95d402aa77c27,6
C_exact,10,1000,2,18,T,65,True,True,0.026463,09472547e95f6673403c28eec5f55bd3,6
C_exact,10,1000,2,18,T,66,True,True,0.02721,7316cb5ef261a092ba27c7cde27c2526,6
C_exact,10,1000,2,18,T,67,True,True,0.030053,75f7c015e6eab849b0939d2f7c897e6e,6
C_exact,10,1000,2,18,T,68,True,True,0.034211,9933a9cd011f14fb5ed1f1febd3396e4,6
C_exact,10,1000,2,18,T,69,True,True,0.035351,f96eaf986a5d6ced8e6563c24d498db9,6
C_exact,10,1000,2,18,T,70,True,True,0.026443,0a51e69b6736c79cd86e7b862c90cda5,6
C_exact,10,1000,2,18,T,71,True,True,0.02785,4572353e528a60e68d6fe8cbb5f179b2,6
C_exact,10,1000,2,18,T,72,True,True,0.026732,d01bb93c3cfebb8f3f9c9686c01c125e,6
C_exact,10,1000,2,18,T,73,True,True,0.034458,e19ea6c73cea8252bac2602d5ce2ccae,6
C_exact,10,1000,2,18,T,74,True,True,0.037393,2a3d5c287f6364454ef228742eb2df18,6
C_exact,10,1000,2,18,T,75,True,True,0.037063,4c89581c58fa85e01abfa84b4f67b345,6
C_exact,10,1000,2,18,T,76,True,True,0.02694,b8883e1e0953691da7abbca63d315d84,6
C_exact,10,1000,2,18,T,77,True,True,0.026245,d2d27e47ece141f254f3d12f8ce407a0,6
C_exact,10,1000,2,18,T,78,True,True,0.027226,7d11fc1fdade1f805e18352adc5cc68f,6
C_exact,10,1000,2,18,T,79,True,True,0.027435,cbe31a12a7aa8c3cad42a524ba3c1d9b,6
C_exact,10,1000,2,18,T,80,True,True,0.029073,1feb52070f5c895ec402e120c372e4b8,6
C_exact,10,1000,2,18,T,81,True,True,0.033027,b14802e8c399f49be79350071e5e9fa5,6
C_exact,10,1000,2,18,T,82,True,True,0.027133,edbe00b6bdbb2d695d3e1081690fb3a1,6
C_exact,10,1000,2,18,T,83,True,True,0.027574,5a96bb0d825532a981b3200672fe45bf,6
C_exact,10,1000,2,18,T,84,True,True,0.035611,1a5ed087119d209616fedbf81f4580cf,6
C_exact,10,1000,2,18,T,85,True,True,0.026661,fc82ebe691da16942a219941222da645,6
C_exact,10,1000,2,18,T,86,True,True,0.031766,a4566caf20d89614cc84f2c59b61066d,6
C_exact,10,1000,2,18,T,87,True,True,0.026967,c438ac567d144bcac847b2a552340cc3,6
C_exact,10,1000,2,18,T,88,True,True,0.02876,3209d097265c104bbfa2b042225f29df,6
C_exact,10,1000,2,18,T,89,True,True,0.032632,4fb6350e5517be247f11985b77320ee2,6
C_exact,10,1000,2,18,T,90,True,True,0.027775,70602b45163abd3cf1e919ebf7ac71a6,6
C_exact,10,1000,2,18,T,91,True,True,0.035648,ee6f7b16d36cb72b25c7fde27a3fc7e4,6
C_exact,10,1000,2,18,T,92,True,True,0.026088,4ee6a0ef42706cceb69d2daf4deab335,6
C_exact,10,1000,2,18,T,93,True,True,0.026711,2629baba0dde2044b4aa54d6d50e2b05,6
C_exact,10,1000,2,18,T,94,True,True,0.033938,e9b802142d8588700af597e0a01ce69e,6
C_exact,10,1000,2,18,T,95,True,True,0.033662,4d38363cd92570cb3cc407512e1d0edc,6
C_exact,10,1000,2,18,T,96,True,True,0.025808,986d918f180bad0b0d2de24924b188a0,6
C_exact,10,1000,2,18,T,97,True,True,0.044969,d9ce50088d3c2bdbd84fa1d6fb309fab,6
python_pruning,10,1000,2,18,T,75,True,True,118.119276,b8ff7e3a096cb4adf5a23d95a50170d8,14
C_exact,10,1000,2,18,T,98,True,True,0.048709,bdf1de8c1c6f3c11a8cda2155719746f,6
C_exact,10,1000,2,18,T,100,True,True,0.046995,c84d90ad32538c1c62c068fd6cf9212d,6
C_exact,10,1000,2,18,T,99,True,True,0.049783,fd1118a1bc82f51918e06a14a15ff7a7,14
python_exact,10,1000,2,18,T,11,True,True,0.106594,d2e8cd2922dca5011cbc4056ef15ce82,6
python_exact,10,1000,2,18,T,12,True,True,0.238779,b6fe8dc3f1bc9496fd70b74478a8e709,14
python_exact,10,1000,2,18,T,13,True,True,0.197577,99d3b85d1d635d438464282fc3d19dc6,6
python_exact,10,1000,2,18,T,14,True,True,0.174868,7d20d70470dd33ded4e246df524ea186,14
python_exact,10,1000,2,18,T,15,True,True,0.150069,e64712bd07a6acab7c73890f2182190e,6
python_exact,10,1000,2,18,T,17,True,True,0.206184,3893f033526c4365a799df6d4ecb2829,6
python_exact,10,1000,2,18,T,16,True,True,0.272564,94f1c060a3cb77009df19da43470ea9f,14
python_exact,10,1000,2,18,T,18,True,True,0.179689,131bb979d71ca06efa025aa1c73e2d22,6
python_exact,10,1000,2,18,T,19,True,True,0.167972,970baa648aa78dbc05db2b3cf8f4340f,14
python_exact,10,1000,2,18,T,21,True,True,0.198961,f389b9065b0fe3b8e972151882b15a7a,14
python_exact,10,1000,2,18,T,20,True,True,0.183103,be9809b7223c2dc7badceecec64883a7,6
python_exact,10,1000,2,18,T,23,True,True,0.163238,71c90d24856737d5d2878d1e26b8171e,6
python_exact,10,1000,2,18,T,22,True,True,0.163614,4c3dd5767c16d20a99a6ff34acae63a3,14
python_exact,10,1000,2,18,T,24,True,True,0.127477,82d16184ca39249fb03d937418ee8386,6
python_exact,10,1000,2,18,T,25,True,True,0.214806,803d1b494a1be989096fffe0121c4364,14
python_exact,10,1000,2,18,T,26,True,True,0.184897,0850016b2d49d793be409623dd382fa5,6
python_exact,10,1000,2,18,T,27,True,True,0.184454,9cb1efef482a5d51197359604f13f815,14
python_exact,10,1000,2,18,T,28,True,True,0.164644,3af60086ea0e4eb3a2e2f33e0e5f8043,6
python_exact,10,1000,2,18,T,29,True,True,0.172265,d358cbcfdffee5fc092aef8e2f218c95,14
python_exact,10,1000,2,18,T,30,True,True,0.296398,9ace514c3f7e93e7617a286ad36f1504,6
python_exact,10,1000,2,18,T,31,True,True,0.229272,5a9dc954ece511bb6f7d6accf1406963,14
python_exact,10,1000,2,18,T,32,True,True,0.214195,298c07484a7496b84b642dd961ed7873,6
python_exact,10,1000,2,18,T,33,True,True,0.238414,21cf27ff894dbb54e8fc799124aa3d3c,14
python_exact,10,1000,2,18,T,34,True,True,0.171866,f80977b88e669afea1949bc781a9f7db,6
python_exact,10,1000,2,18,T,35,True,True,0.181478,ee17908ab87de0db3dbd1db4b6ec23cf,14
python_pruning,10,1000,2,18,T,98,True,True,14.076169,1d44c4b9b3a54a3e699d6b3fe60f08d6,4
python_exact,10,1000,2,18,T,37,True,True,0.106402,c87669bed79ca8aeaf172de6f25c9f97,14
python_exact,10,1000,2,18,T,38,True,True,0.108338,3c9f7c0b11fe7c9cd85ae08f35faaac7,4
python_exact,10,1000,2,18,T,36,True,True,0.196889,fd903b1e6f453df60ca7cbe40ecd89d3,6
python_exact,10,1000,2,18,T,39,True,True,0.132961,a9e5f89540acf9572103d0a5ae5ab626,14
python_exact,10,1000,2,18,T,40,True,True,0.109349,f90fcc5ccb6714d98e272075407650a7,4
python_exact,10,1000,2,18,T,41,True,True,0.15915,bd4684d73bc75fa1940dd0141e548f0f,6
python_exact,10,1000,2,18,T,42,True,True,0.140199,16176540b96e142177167795637a8806,14
python_exact,10,1000,2,18,T,43,True,True,0.170342,3e93eea6c0c41aa9d18841cd8692f888,4
python_exact,10,1000,2,18,T,44,True,True,0.226734,fd19373548ed90863ebf15cc368cf562,6
python_exact,10,1000,2,18,T,45,True,True,0.228121,e6a5fda7bf8500410f76236b80816e56,14
python_exact,10,1000,2,18,T,46,True,True,0.298496,fd9fd01e5326a6681f15ddf0c277c027,4
python_exact,10,1000,2,18,T,47,True,True,0.217175,67fb75b9471fbc05eeaaecc1e3774471,6
python_exact,10,1000,2,18,T,49,True,True,0.150547,012e5e7f6cfcc00581ef67de7da6dd2d,4
python_exact,10,1000,2,18,T,48,True,True,0.274384,0a8eb9a2849216b5d4e639ed7c892261,14
python_exact,10,1000,2,18,T,50,True,True,0.203327,71b30046179e270886a7a4bee56202b7,6
python_exact,10,1000,2,18,T,51,True,True,0.177105,130c830dea2db1579c2f7fd4a138a2cc,4
python_exact,10,1000,2,18,T,52,True,True,0.164713,357e99046b8276ee289f46d138937570,14
python_exact,10,1000,2,18,T,53,True,True,0.165491,9374469ca7053b23d2a8f5e56ee90762,6
python_exact,10,1000,2,18,T,54,True,True,0.130566,b657a2203406f4355f85233433f881c9,4
python_exact,10,1000,2,18,T,56,True,True,0.156708,9ab9971cda5b5ef0c14e6228e41a6b79,6
python_exact,10,1000,2,18,T,55,True,True,0.237602,8f7744cee653b28a826141a3dc1e060c,14
python_exact,10,1000,2,18,T,57,True,True,0.140626,313a14977fa07d969f4ca7b6aec80325,4
python_exact,10,1000,2,18,T,60,True,True,0.14718,8726bfb01a8d399f616db7db8ab6f0f7,4
python_exact,10,1000,2,18,T,59,True,True,0.236532,d1b4566dd2d6c6282d9801d62964fea7,14
python_exact,10,1000,2,18,T,58,True,True,0.291961,82606eb346755dcf84f430b5f074d8b6,6
python_exact,10,1000,2,18,T,61,True,True,0.137933,b116ae2c2931db1657494731c1d4d246,4
python_exact,10,1000,2,18,T,63,True,True,0.161432,dee8a38c2aa7f077ccbcef95e3d979b4,6
python_exact,10,1000,2,18,T,62,True,True,0.213618,c5f3fba15714eac2ea3ac0de2f7e4565,14
python_exact,10,1000,2,18,T,64,True,True,0.143152,03a746bb3aef7697cf64043e22205ce0,4
python_exact,10,1000,2,18,T,67,True,True,0.130899,52798aef5660138b7dd854535e34dba4,4
python_exact,10,1000,2,18,T,66,True,True,0.159452,45652326c023eb7ea1ad324b0aa0b205,14
python_exact,10,1000,2,18,T,65,True,True,0.210827,6056214a5d9f7ae38436c1544715b93e,6
python_exact,10,1000,2,18,T,68,True,True,0.147283,dba37401fc9c7abaa8c7df8c12df9e94,4
python_exact,10,1000,2,18,T,69,True,True,0.241204,ac547d17d33e7c7c0f763e662d5cd718,14
python_exact,10,1000,2,18,T,71,True,True,0.153459,ee58ae49e457d14a85028749eee71340,4
python_exact,10,1000,2,18,T,70,True,True,0.243306,55e2430427c57fe0ada0385046790579,6
python_exact,10,1000,2,18,T,72,True,True,0.171682,f7b91f44836522a2e25a1c452b9f2792,14
python_exact,10,1000,2,18,T,73,True,True,0.135137,dc28a5025d39f6013a7ac7816c634fa2,4
python_exact,10,1000,2,18,T,75,True,True,0.138679,28cc747c60d2c65366ee5298502047d6,14
python_exact,10,1000,2,18,T,74,True,True,0.258138,9a6a0cdda200cd57869a3cde3c3b3c7e,6
python_exact,10,1000,2,18,T,76,True,True,0.155589,510c2ff2979866824bb6d287027c61fe,4
python_exact,10,1000,2,18,T,79,True,True,0.112497,b0d59b2019c4248b279611760b3b57d8,4
python_exact,10,1000,2,18,T,77,True,True,0.173105,fa87f621888e4d750d1ea20e99432f73,14
python_exact,10,1000,2,18,T,78,True,True,0.247825,450c7f1decaee74066bcf907fa28a9e4,6
python_exact,10,1000,2,18,T,81,True,True,0.145372,f2ca2c502c1aea5747ae1836981e5389,14
python_exact,10,1000,2,18,T,80,True,True,0.162192,0b66385a890011322e20d07d8cf9361a,4
python_exact,10,1000,2,18,T,82,True,True,0.2075,8ff95177982dacd8c4c5d07237c3cb59,6
python_exact,10,1000,2,18,T,83,True,True,0.144968,09de10e932f0d60c8d96439dc50a62e2,14
python_exact,10,1000,2,18,T,84,True,True,0.195137,dd8b3359d292f01510cd10d16bfd1cfa,4
python_exact,10,1000,2,18,T,86,True,True,0.131123,e6dc827bab8a5c97e51612ea428bbd25,14
python_exact,10,1000,2,18,T,85,True,True,0.156566,bef58e1b53037807fb23bbc456e1195a,6
python_exact,10,1000,2,18,T,87,True,True,0.136066,e3ea640fee964a92977e12220ce0f0d3,4
python_exact,10,1000,2,18,T,89,True,True,0.161945,175303a794f0728a40a9bb1c0eede616,6
python_exact,10,1000,2,18,T,90,True,True,0.128263,910ca5955c062a61fe7dba324c054169,4
python_exact,10,1000,2,18,T,88,True,True,0.225502,1b228f0dbe95a00ab65143151b2dd858,14
python_exact,10,1000,2,18,T,92,True,True,0.135924,364a21f3ed2ea032323d7d93f671a4d2,4
python_exact,10,1000,2,18,T,91,True,True,0.165396,bf7cd45a227f67d9af0b9f9a1ba4ea8d,6
python_exact,10,1000,2,18,T,93,True,True,0.146584,c90ff3e4d222cb5a4ffa8432af579e19,14
python_exact,10,1000,2,18,T,94,True,True,0.119111,086df8e6757bc9b2f2f7e5ac057f04ce,4
python_exact,10,1000,2,18,T,96,True,True,0.109085,ee0140fb064deb6c43517bcda63b1e79,14
python_exact,10,1000,2,18,T,97,True,True,0.175283,28fa69af211e30a00e045bd232057e8e,4
python_exact,10,1000,2,18,T,98,True,True,0.159248,f6df2732b90351acc84b77281eb96ff9,14
python_exact,10,1000,2,18,T,95,True,True,0.316603,1b6cc023b9bf7496917a55eaa5d7fa9c,6
C_exact,10,1000,2,18,B,11,True,True,0.034552,2cc9e9fd38f5dc91c0b03f8f61bc9e1e,6
python_exact,10,1000,2,18,T,99,True,True,0.148003,0b1a6eb0cf9fb7728168a41694e18eca,4
C_exact,10,1000,2,18,B,12,True,True,0.033616,978a1699b1a1889b457c1b698650cc69,6
C_exact,10,1000,2,18,B,13,True,True,0.028999,8e4f196a77164a9f69f2226da4a21510,4
C_exact,10,1000,2,18,B,14,True,True,0.040263,1e5fc61cc2efdff8dd9860fc7399ad0c,6
python_exact,10,1000,2,18,T,100,True,True,0.221224,62c39ce199ad74debcf6613251437ad9,14
C_exact,10,1000,2,18,B,15,True,True,0.030856,e14b7ef82d3246947ab8dd8e777d91e2,4
C_exact,10,1000,2,18,B,16,True,True,0.033926,eb6623f0b6c75842bd3a3062fa84defe,6
C_exact,10,1000,2,18,B,17,True,True,0.038515,4b76457820eca050c06053dfa696b83d,14
C_exact,10,1000,2,18,B,18,True,True,0.036756,ac7404a50ee3c5d67069ee751071133a,4
C_exact,10,1000,2,18,B,19,True,True,0.041811,97754183eec738e7ec01f0f116b0f28d,6
C_exact,10,1000,2,18,B,20,True,True,0.03233,39f1950fa9c40f6c3bdc231404f0c1d9,14
C_exact,10,1000,2,18,B,21,True,True,0.04475,873fe1e3eed8a3332aa32e0660ff6410,4
C_exact,10,1000,2,18,B,22,True,True,0.087981,efe06c7f67d754999b19d545af78ab5d,6
C_exact,10,1000,2,18,B,24,True,True,0.069678,f40d49833826a6f403d8a8d21a7305a6,4
C_exact,10,1000,2,18,B,23,True,True,0.08921,1054f542fa58462dac960b394c227a58,14
C_exact,10,1000,2,18,B,27,True,True,0.036921,873890b875c3340300ea5e538489d157,14
C_exact,10,1000,2,18,B,25,True,True,0.042625,20d736ed049bc257bce4d827f93c9e61,6
C_exact,10,1000,2,18,B,26,True,True,0.043739,c1624c23214074cc17f06a49b2ae6a29,4
C_exact,10,1000,2,18,B,28,True,True,0.032458,93b9e85fc0683a52006b1988e7feaa9d,14
C_exact,10,1000,2,18,B,30,True,True,0.028762,09a7017e8a4f160dc13305c9ec0b8f83,4
C_exact,10,1000,2,18,B,29,True,True,0.040155,3d8af3269b2c7539f2df102428da1d67,6
C_exact,10,1000,2,18,B,31,True,True,0.033545,6cbba13245fc0af981714419dca59c96,14
C_exact,10,1000,2,18,B,33,True,True,0.035104,67689250031a16810d348a1d31260042,6
C_exact,10,1000,2,18,B,32,True,True,0.030133,4eadf4e8c9df312a5077ce963f6c876c,4
C_exact,10,1000,2,18,B,34,True,True,0.032454,7c6a94cfebe947d9536556f53dcb0047,14
C_exact,10,1000,2,18,B,35,True,True,0.041654,43ae81b84acca8e6519a9aebeb5a3e8a,6
C_exact,10,1000,2,18,B,36,True,True,0.038779,9498d0b5bc22261468d3980a0e451574,4
C_exact,10,1000,2,18,B,37,True,True,0.029353,58fd5ed046f830353a9948ce4b0a9e16,14
C_exact,10,1000,2,18,B,38,True,True,0.028205,7eb64051523095b6472cb2e0f87b6b1c,6
C_exact,10,1000,2,18,B,40,True,True,0.035281,07385441458ddb589bec76874de7e727,14
C_exact,10,1000,2,18,B,39,True,True,0.03398,62c6a2d61b6ce7180459f6eaca1ea660,4
C_exact,10,1000,2,18,B,41,True,True,0.030101,bf74f585bb12cd553cbff0465c41f0fc,6
C_exact,10,1000,2,18,B,42,True,True,0.026719,31fd4417f05b34301340394fa91c5aba,14
C_exact,10,1000,2,18,B,43,True,True,0.034451,14ccab52f5605f7349ecce540dd725b8,4
C_exact,10,1000,2,18,B,44,True,True,0.028466,2754a6e1b8bf309e5cdc81c17d296afe,6
C_exact,10,1000,2,18,B,45,True,True,0.02901,36d18e6ab187be0a35de59419f8107f9,14
C_exact,10,1000,2,18,B,46,True,True,0.029534,751cd2e19e7d19735341126475ea76f1,4
C_exact,10,1000,2,18,B,47,True,True,0.033321,b6813d6be8128e257ddc2ec13797ac0d,6
C_exact,10,1000,2,18,B,48,True,True,0.027977,bbb241853ebd2d186de22d123af81ccd,14
C_exact,10,1000,2,18,B,49,True,True,0.029016,4aabdfef365ec73cb4047b29bc803652,4
C_exact,10,1000,2,18,B,50,True,True,0.028242,86a85ae7e56d572d3e9d4e98aa30cc58,6
C_exact,10,1000,2,18,B,51,True,True,0.029508,c66d9f62352bd0c63d5e8b59544007a3,14
C_exact,10,1000,2,18,B,52,True,True,0.030178,761cb3c4909de7f81423182f6192ad5e,4
C_exact,10,1000,2,18,B,53,True,True,0.034559,9b8de626d8262237f918dcc972ce432c,6
C_exact,10,1000,2,18,B,54,True,True,0.03731,5c18e2a7a9ba0228c366d4c6412e79dc,14
C_exact,10,1000,2,18,B,55,True,True,0.029577,f5fa604d83102552e31adb630ba57852,4
C_exact,10,1000,2,18,B,56,True,True,0.031517,9124a91bb8764e078248c30b491792a7,6
C_exact,10,1000,2,18,B,57,True,True,0.037881,31ad54e14a0f81209ad96c175de2deb0,14
C_exact,10,1000,2,18,B,58,True,True,0.034996,50f662092dbcebe81b90aada0a828eb5,4
C_exact,10,1000,2,18,B,59,True,True,0.053694,555adf69024926641262087486868717,6
C_exact,10,1000,2,18,B,60,True,True,0.030152,1d8ba697162276d2f821e2db91c2cdb9,14
C_exact,10,1000,2,18,B,61,True,True,0.035896,6b71cb0235f81ed5ed69b28a81e83402,4
C_exact,10,1000,2,18,B,62,True,True,0.032953,3661046ab1bc07108720d48abef16865,6
C_exact,10,1000,2,18,B,63,True,True,0.033083,97467826a1173dfc16ca226d8e3160a4,14
C_exact,10,1000,2,18,B,64,True,True,0.031203,456eeb2218562fc8aec1c50c9abb2df6,4
C_exact,10,1000,2,18,B,66,True,True,0.034386,1f8051379a301086e009acff3755ab86,14
C_exact,10,1000,2,18,B,65,True,True,0.040706,adcac02d7c4597f6dd4dcf3664e62490,6
C_exact,10,1000,2,18,B,67,True,True,0.033632,cd61029d7fc2993470b201f446a0676c,4
C_exact,10,1000,2,18,B,69,True,True,0.032019,9ed540bde21bc49b4a5a8025d27826b0,6
C_exact,10,1000,2,18,B,70,True,True,0.032325,85b647ca7f46c0f8654489a212e97131,4
C_exact,10,1000,2,18,B,68,True,True,0.039349,363ffe1e53ec9578dba74d8b7bf426a9,14
C_exact,10,1000,2,18,B,71,True,True,0.031161,2769c5aa5892c0bef6ab027ff7f28170,6
C_exact,10,1000,2,18,B,72,True,True,0.036867,54cb0160e7d25c075d50776238f6d3c8,4
C_exact,10,1000,2,18,B,73,True,True,0.041066,10a79c8e7a4beb5eb1a295583bfe5fb0,14
C_exact,10,1000,2,18,B,74,True,True,0.03028,a5579c68989a29626a5d19eeef6d966b,6
C_exact,10,1000,2,18,B,75,True,True,0.036047,2c2cb925a9b6ace3fdcce1276dad5ce3,4
C_exact,10,1000,2,18,B,76,True,True,0.030187,92bd467eed33e76253a1d7298255125d,14
C_exact,10,1000,2,18,B,77,True,True,0.036823,6698fabcc1303ba928096348e0482e5c,6
C_exact,10,1000,2,18,B,78,True,True,0.03923,4082a3d9ac68cc8bec373a28c8154f7c,4
C_exact,10,1000,2,18,B,79,True,True,0.028172,3d6074e8d01af7f053f4bf38d546ec7a,14
C_exact,10,1000,2,18,B,80,True,True,0.031053,22541bc5e0fe5c0580a6975449ba3ab5,6
C_exact,10,1000,2,18,B,81,True,True,0.033495,237ccaca50d81e32d2d1192a1890b650,4
C_exact,10,1000,2,18,B,82,True,True,0.032715,b015c4c0aae921c26784b2339cd1087e,14
C_exact,10,1000,2,18,B,83,True,True,0.035328,379df6c23d3ac6ae9de9aeb6c7697ac7,6
C_exact,10,1000,2,18,B,84,True,True,0.02822,a38d9a058a3fc53657b4450b64f6ee38,4
C_exact,10,1000,2,18,B,86,True,True,0.028458,391d0589642ad999d854f95f0e6cb546,6
C_exact,10,1000,2,18,B,85,True,True,0.028101,0a6479c104304e8e6077142fbe004b47,14
C_exact,10,1000,2,18,B,87,True,True,0.041961,25e926c9926814a95f8c2c75574d1255,4
C_exact,10,1000,2,18,B,89,True,True,0.039687,64b40638c79762154a3e7dca538332cf,14
C_exact,10,1000,2,18,B,88,True,True,0.042183,b37331d7c3918fe28c6a94e3cdcc89a4,6
C_exact,10,1000,2,18,B,90,True,True,0.036182,3e9f872d04707bfddfd307ee52176728,4
C_exact,10,1000,2,18,B,92,True,True,0.027871,fd0a20783e6ebae38fa85ab0f63921d8,6
C_exact,10,1000,2,18,B,91,True,True,0.037554,d887bfd4817f34ddfcb1566aee8a536e,14
C_exact,10,1000,2,18,B,95,True,True,0.031032,8370755a8fc30d867420a47c8b69d50c,14
C_exact,10,1000,2,18,B,93,True,True,0.042447,7a2e6dd9bb453d0ae4af0b2b1dba657f,4
C_exact,10,1000,2,18,B,94,True,True,0.052118,ec7195efecbbf2103f6bd026b50db086,6
C_exact,10,1000,2,18,B,96,True,True,0.035657,5fc02b7707c7973361d6611c49ba8147,14
C_exact,10,1000,2,18,B,97,True,True,0.033718,3842b05585bfc2fa033e1c3ea3a5481f,4
C_exact,10,1000,2,18,B,98,True,True,0.038459,b28c19a3397d77e17a5b28c69cfb9ec7,6
C_exact,10,1000,2,18,B,100,True,True,0.030859,f4e673a6673017925cd5748b6938a257,4
C_exact,10,1000,2,18,B,99,True,True,0.035391,4ce88840c602b38e75a829260c38c4fc,14
python_exact,10,1000,2,18,B,13,True,True,0.225656,e4849f51fdc65043e5ca79b482441deb,14
python_exact,10,1000,2,18,B,11,True,True,0.2865,d63dac874a669c80d9b3f5bf3ab3c09d,6
python_exact,10,1000,2,18,B,12,True,True,0.371138,7cec9060e736257ea10bfe07b6bad30a,4
python_exact,10,1000,2,18,B,14,True,True,0.182292,1d75270cc4a9040c69fa0974fe0cdf30,14
python_exact,10,1000,2,18,B,15,True,True,0.233437,61475dcea8cc37b52bd5bff6a67c8569,6
python_exact,10,1000,2,18,B,16,True,True,0.152313,1b822c2a7cad9aa8526f958a59b1ebc0,4
python_exact,10,1000,2,18,B,19,True,True,0.144322,d5421f278d21562e36b8049d2ecc409f,4
python_exact,10,1000,2,18,B,17,True,True,0.266713,4250db0fa959d06d339b9f876ed4ce49,14
python_exact,10,1000,2,18,B,18,True,True,0.172321,6dc8d0abb9cfca6273371ad5b05e38e6,6
python_exact,10,1000,2,18,B,21,True,True,0.110756,a57d60954cf52e302e2be7e8c2b7c87f,14
python_exact,10,1000,2,18,B,20,True,True,0.236293,320d102a7bc83ab1e804763082edb403,4
python_exact,10,1000,2,18,B,23,True,True,0.191648,83c52f14aa821054644fbbc55c9c0d10,14
python_exact,10,1000,2,18,B,22,True,True,0.356596,3a4a2fe1e9024bfd4cfa0c7dd0b4bd41,6
python_exact,10,1000,2,18,B,24,True,True,0.172807,d6dd739378ad266b1f673ee21583e958,4
python_exact,10,1000,2,18,B,25,True,True,0.176286,5ea8c35d688888a40f5e22ba4f863cc1,14
python_exact,10,1000,2,18,B,26,True,True,0.235421,29906efd62c490b2808ab31d98c4e3de,6
python_exact,10,1000,2,18,B,28,True,True,0.145861,ef5c1b639f7caac5dd6b180b701f5767,14
python_exact,10,1000,2,18,B,27,True,True,0.237544,2c77ff1194655227c876de95d5a34117,4
python_exact,10,1000,2,18,B,30,True,True,0.180748,268546a3a99b0fea30aeade6ef4f1129,14
python_exact,10,1000,2,18,B,29,True,True,0.262326,18911565e1df77d32981c79612bcaeed,6
python_exact,10,1000,2,18,B,31,True,True,0.312511,36cf282ebe819fbf031036339abd66a3,4
python_exact,10,1000,2,18,B,34,True,True,0.130728,0db4a718fdefe100a49f8074a1062c1c,4
python_exact,10,1000,2,18,B,33,True,True,0.233047,49b28c5a9d7066a5911d1237a088d0f5,6
python_exact,10,1000,2,18,B,32,True,True,0.327857,4052b92774e2414a84020efd95ca07a6,14
python_exact,10,1000,2,18,B,37,True,True,0.161538,11b4fc0585b4f747d1b5c452a91b7770,14
python_exact,10,1000,2,18,B,35,True,True,0.25473,64808d357c7f75e63c27aaab1ad0dc33,4
python_exact,10,1000,2,18,B,36,True,True,0.425327,0446f410b86b5f3a3f8cd3ffa5c8af88,6
python_exact,10,1000,2,18,B,38,True,True,0.206955,2bdcdd557e31efb0e12ca5563db7a769,14
python_exact,10,1000,2,18,B,39,True,True,0.226691,4c4278ff81da48170ab2ffafcddba138,4
python_exact,10,1000,2,18,B,42,True,True,0.113306,9b672bf38f78107a785e60adec07cfd6,4
python_exact,10,1000,2,18,B,41,True,True,0.207199,1051ee88c954255ff25abf62bcb361af,14
python_exact,10,1000,2,18,B,40,True,True,0.2105,46d7b47e854866630108a891dd86fc29,6
python_exact,10,1000,2,18,B,43,True,True,0.119466,23cf9034fcdab1faf65105c5c188a787,4
python_exact,10,1000,2,18,B,44,True,True,0.19897,4803af5f379e23c021ec5ea3d7f526a4,14
python_exact,10,1000,2,18,B,46,True,True,0.163477,22cf1d4eb5faef3ebb87ed244b28aabd,4
python_exact,10,1000,2,18,B,47,True,True,0.139974,b5f2c9ae2543e9ec505abe04aff9fc88,14
python_exact,10,1000,2,18,B,45,True,True,0.385174,3c620802d69aa2c7b9aa9735dd25cc22,6
python_exact,10,1000,2,18,B,48,True,True,0.153814,7567dbfbabded564706179af38767f1e,4
python_exact,10,1000,2,18,B,49,True,True,0.163278,9b605ea1f845bf36e00e0e7e119b539b,14
python_exact,10,1000,2,18,B,51,True,True,0.187084,b931cd7ce78bbd18a25ec59757376e05,4
python_pruning,10,1000,2,18,T,96,True,True,29.82297,981b6b8a42987847d035e997eabe8c6d,0
python_exact,10,1000,2,18,B,50,True,True,0.266221,1f12411fac2042110d4f5f4f2552e26a,6
python_exact,10,1000,2,18,B,52,True,True,0.229018,ff5197091919413e06b550dc22b66cde,14
python_exact,10,1000,2,18,B,53,True,True,0.176513,ba7e5dc85c05f198d05acf436eba6b4f,4
python_exact,10,1000,2,18,B,54,True,True,0.170813,1e822a364e4cb4baf648b13bc286b51d,0
python_exact,10,1000,2,18,B,55,True,True,0.181644,cb2c89c45fbdc0dad259362b56b5191c,6
python_exact,10,1000,2,18,B,58,True,True,0.194312,4bf32b4562bff66e43157560e64354f6,0
python_exact,10,1000,2,18,B,56,True,True,0.263214,f234ff4a179b512c203dc7a656ca5f2c,14
python_exact,10,1000,2,18,B,57,True,True,0.226569,6c512d47966550dfef397ef5317502d6,4
python_exact,10,1000,2,18,B,60,True,True,0.183837,1280b7b75a8e8ee732885dc158974d4d,0
python_exact,10,1000,2,18,B,59,True,True,0.308467,a04df07532d9b693c152c70a58488d24,6
python_exact,10,1000,2,18,B,62,True,True,0.189112,dbc4bc8897035236290c6ed5d7bab911,4
python_exact,10,1000,2,18,B,64,True,True,0.156369,2a5a05a6928918d8157204d79a339f6a,6
python_exact,10,1000,2,18,B,61,True,True,0.348659,5240970119800fc7700d57f607d0b589,14
python_exact,10,1000,2,18,B,63,True,True,0.213864,21b899a1aaf027f9a81153b5dd8ee9a4,0
python_exact,10,1000,2,18,B,65,True,True,0.178159,94df6bb0606f0676fab1cb86132c2932,4
python_exact,10,1000,2,18,B,66,True,True,0.16485,90cd5488e0222464b2c47a8f1d4b9acd,6
python_exact,10,1000,2,18,B,67,True,True,0.149731,efea74fec12c3da6ab471be318bc2766,14
python_exact,10,1000,2,18,B,69,True,True,0.187179,e9e9a04d3a0dd15d275b541a7e98d062,4
python_exact,10,1000,2,18,B,71,True,True,0.170164,255359be13aa4b2956ad5b6719abd13f,14
python_exact,10,1000,2,18,B,68,True,True,0.297459,b846fb043538c235dd672b17366eba1c,0
python_exact,10,1000,2,18,B,70,True,True,0.334963,d0a72749d93350988917157acd4b10d9,6
python_exact,10,1000,2,18,B,72,True,True,0.254934,d979f6219ee52a83ad0d85fe87e9669c,4
python_exact,10,1000,2,18,B,74,True,True,0.247146,89f3065ab9ff0f61a9d629374fb4f2a2,0
python_exact,10,1000,2,18,B,76,True,True,0.184309,7b948eda0d9d357bb406aac326feee79,4
python_exact,10,1000,2,18,B,75,True,True,0.198335,9ada196dc2e6fba9795c3acb76d74ae7,6
python_exact,10,1000,2,18,B,73,True,True,0.381958,26e9c266643dfeffe5f1ad4a227016ad,14
python_exact,10,1000,2,18,B,77,True,True,0.144015,a30f6ce569badfe0d20d6ff187b2c0bb,0
python_exact,10,1000,2,18,B,78,True,True,0.110362,74bbdd21e83c4d779e88b23fff076b05,4
python_exact,10,1000,2,18,B,79,True,True,0.180707,7a43a8f90276fde9f0095e1ccce5159c,6
python_exact,10,1000,2,18,B,80,True,True,0.251095,ab731de51df88ee6d28131e329da12b4,14
python_exact,10,1000,2,18,B,82,True,True,0.183973,f4ea8d1ac323efdc3b8c3865ca1d3ae4,4
python_exact,10,1000,2,18,B,81,True,True,0.212819,dd8382dea0a22d7de4011b107b4c65b4,0
python_exact,10,1000,2,18,B,85,True,True,0.117814,d870449d87deee00f575e7b88e8f0326,4
python_exact,10,1000,2,18,B,86,True,True,0.117623,7fb82017cf2b41309d7e4e230acf2520,0
python_exact,10,1000,2,18,B,83,True,True,0.223894,24797a63c0d904947edfa962a3597750,6
python_exact,10,1000,2,18,B,84,True,True,0.259208,50702b0ff0096211a880d84138c69c90,14
python_exact,10,1000,2,18,B,88,True,True,0.157803,1f25a6859dde83aefb78d7c3712aace2,0
python_exact,10,1000,2,18,B,87,True,True,0.228903,2971bdcbca256fe4ddf04c6d9f15b85d,4
python_exact,10,1000,2,18,B,89,True,True,0.290298,5c37447794a1dfdcc9a3a406c7dbd87d,6
python_exact,10,1000,2,18,B,90,True,True,0.189604,2eca0deb66186322c0419a34c3b15cfc,14
python_exact,10,1000,2,18,B,92,True,True,0.106418,7f9dc49e5b00d66961cc3bcd0de0620b,4
python_exact,10,1000,2,18,B,91,True,True,0.200447,20e3dcef3b31528f830c9288b41bcab9,0
python_exact,10,1000,2,18,B,96,True,True,0.12753,1d50fb521258947c17096bd027ed4018,0
python_exact,10,1000,2,18,B,95,True,True,0.153738,9fca92c96effae600f47317e887083a2,4
python_exact,10,1000,2,18,B,94,True,True,0.19634,ed67e7c6db25967772651a2884e656e0,14
python_exact,10,1000,2,18,B,93,True,True,0.229352,b7415bef799c8b2f35b9054abb64b6fb,6
python_exact,10,1000,2,18,B,98,True,True,0.153805,a9eb42e22fc5764caa71d345612364e2,4
C_exact,10,1000,3,26,A,11,True,True,0.02977,e1adc2038f20ea0ddaab7181bffe5ed5,4
python_exact,10,1000,2,18,B,99,True,True,0.20297,9e94017fe43b4f5ecf24d43d922a2c98,14
python_exact,10,1000,2,18,B,100,True,True,0.207644,f9362c9a8cc1678718f563cf8b8cd183,6
C_exact,10,1000,3,26,A,12,True,True,0.031367,bc790e3c7d55237051ac247bff174e9a,4
python_exact,10,1000,2,18,B,97,True,True,0.266509,fbc7ac4857d49731b58e995d11e22057,0
C_exact,10,1000,3,26,A,13,True,True,0.038555,58cfe89679c8e2196b039bf17cd1a8a2,14
C_exact,10,1000,3,26,A,14,True,True,0.033389,072a9a4499281356aaa7c611c546c182,6
C_exact,10,1000,3,26,A,15,True,True,0.035351,522f4923095715f0c86f0d762ae5fe46,4
C_exact,10,1000,3,26,A,16,True,True,0.034926,2c65b74ec14d4c2be1fb3c8d7908e50f,0
C_exact,10,1000,3,26,A,17,True,True,0.033537,ec152f23f45a282e8dfbc409ddf3dd4c,14
C_exact,10,1000,3,26,A,18,True,True,0.038416,c64dd58b1950dff0b96367e8d029f083,6
C_exact,10,1000,3,26,A,19,True,True,0.063133,8174d3a8d410fc2214ff550ca7d9b5ed,4
C_exact,10,1000,3,26,A,20,True,True,0.050376,869459cee2e01f4f3c34f4ad04d474e3,0
C_exact,10,1000,3,26,A,21,True,True,0.060276,874f5643f99088636781ff3e26101b61,14
C_exact,10,1000,3,26,A,22,True,True,0.044058,fccf94cc9c0e32821d5ef5bbc5b4ab25,6
C_exact,10,1000,3,26,A,24,True,True,0.069357,43fa6dd1d5f6386d40926f0ef498a82a,0
C_exact,10,1000,3,26,A,23,True,True,0.088512,e7bc10a85a70ec978e418b718aa5bd21,4
C_exact,10,1000,3,26,A,26,True,True,0.067172,26010cfc7d7c9d1bfb9f410f3aea7461,6
C_exact,10,1000,3,26,A,25,True,True,0.084837,a0906df00425590c0755f1c601abbc0a,14
C_exact,10,1000,3,26,A,27,True,True,0.036338,4c5edb33bd8bb8a017038eeefba12ae4,0
C_exact,10,1000,3,26,A,28,True,True,0.044011,d40901bbf92240ac8ea7fee3725d6d48,4
C_exact,10,1000,3,26,A,29,True,True,0.04356,70d1d0423e809568594437964569e9dc,6
C_exact,10,1000,3,26,A,30,True,True,0.03967,68e53d3baf920cf73feea00f4348e955,14
C_exact,10,1000,3,26,A,31,True,True,0.039821,412de791b59625d96fab039279c53a09,0
C_exact,10,1000,3,26,A,33,True,True,0.042733,63bba1ca5fc72d8a8580cf0655abdf1b,6
C_exact,10,1000,3,26,A,32,True,True,0.044656,9858d1977043cecd767caa624e486de0,4
C_exact,10,1000,3,26,A,34,True,True,0.037949,36c2b552ce4c0ff27237bd6710cce1cf,14
C_exact,10,1000,3,26,A,35,True,True,0.041328,64f40bb439010b5ea05e1208a1ae41b6,0
C_exact,10,1000,3,26,A,36,True,True,0.049772,286f1ce658a8cb16368ee4e31480c9a3,6
C_exact,10,1000,3,26,A,37,True,True,0.045518,1e539cf9bd06ac88a9987a74dc959be0,4
C_exact,10,1000,3,26,A,38,True,True,0.039417,b0961c389377bff33af3592db64d4a2a,14
C_exact,10,1000,3,26,A,39,True,True,0.035301,f329a1ace9bc626e1dabb3b63d3efb66,0
C_exact,10,1000,3,26,A,42,True,True,0.04952,2bd08ca87d6540238367f9162567ea36,14
C_exact,10,1000,3,26,A,41,True,True,0.055007,0d16d28b539c552bb82c04a41bcf7385,4
C_exact,10,1000,3,26,A,40,True,True,0.066071,eedbe9af0fb7de4533b61a28a62ffff4,6
C_exact,10,1000,3,26,A,45,True,True,0.046531,ed43d9b1798039124d4fe9fb96ebe23f,4
C_exact,10,1000,3,26,A,43,True,True,0.098903,d24bb35cc7e699253a460386d9b21482,0
C_exact,10,1000,3,26,A,46,True,True,0.037827,b652326d2d26f79784d802d550f68d76,6
C_exact,10,1000,3,26,A,44,True,True,0.047254,8391221441ec2e8fdcbfdb7bee500285,14
C_exact,10,1000,3,26,A,48,True,True,0.029491,eb72a94ebfdb61ef96ea27a587aa09be,0
C_exact,10,1000,3,26,A,47,True,True,0.030422,61c3218b64863dab99ef1d544b6ef349,4
C_exact,10,1000,3,26,A,49,True,True,0.043866,42405bf36d924b106c7b5f9b792aada1,6
C_exact,10,1000,3,26,A,50,True,True,0.043702,a6902233b86d050262126c0f8815d9d9,14
C_exact,10,1000,3,26,A,51,True,True,0.03542,a2fdc65444eaab20bfa64b6aa27a3e41,0
C_exact,10,1000,3,26,A,52,True,True,0.032072,2afc3eb01efb29f46d3d2cc4bad67d7d,4
C_exact,10,1000,3,26,A,53,True,True,0.035682,609699919fb028a51082ba552a5795e4,6
C_exact,10,1000,3,26,A,54,True,True,0.032553,965d9cb89459f65ccbedaab1f7cbab58,14
C_exact,10,1000,3,26,A,55,True,True,0.035691,967e8cc08ff58fcb7c919b9ea308c0ec,0
C_exact,10,1000,3,26,A,57,True,True,0.041182,e33e6cdb3fe0f0a29ef11b652a834a11,6
C_exact,10,1000,3,26,A,58,True,True,0.03037,9b9a686e4d4b4f12477489d08799cd57,14
C_exact,10,1000,3,26,A,56,True,True,0.047091,a2855025c9f8b7222f82ec151e5d0515,4
C_exact,10,1000,3,26,A,60,True,True,0.033444,7191c78abd05d8f0331eac7276a495a9,6
C_exact,10,1000,3,26,A,61,True,True,0.030887,928cfc5daa0780637d6d8d5eea722cbc,14
C_exact,10,1000,3,26,A,62,True,True,0.035633,9809d40b154c52e423ef7280782df750,4
C_exact,10,1000,3,26,A,59,True,True,0.03006,f0c41858528f1884fabbb1a55774b19c,0
C_exact,10,1000,3,26,A,63,True,True,0.030351,bab60a1546226870131bd9bc285a8aa7,6
C_exact,10,1000,3,26,A,64,True,True,0.029956,398bfb1c248fb553cbfa8a79fb22c5e3,14
C_exact,10,1000,3,26,A,65,True,True,0.036667,4484f9030fa43bbd5e0754860c73a0e9,4
C_exact,10,1000,3,26,A,66,True,True,0.033401,cc4be9abd6dffea87e6f76a1fd42929e,0
C_exact,10,1000,3,26,A,67,True,True,0.032069,fcdec0e69c567dd0399b62e726a8f7d3,6
C_exact,10,1000,3,26,A,68,True,True,0.044313,9ea4ccba41452fc0e7ed8b373ccd1fb5,14
C_exact,10,1000,3,26,A,70,True,True,0.039815,7703de95e18a89b5534f9dfdcae9e77f,0
C_exact,10,1000,3,26,A,69,True,True,0.039721,f31642338dee5a22d04f9fa91ea763dd,4
C_exact,10,1000,3,26,A,72,True,True,0.037772,9bd18b418f4fa2c6617483e0223eb533,14
C_exact,10,1000,3,26,A,73,True,True,0.032781,eb105764ad12f29a4ba630696036ddf3,0
C_exact,10,1000,3,26,A,71,True,True,0.071134,c79ea6b295cf6d48cf5de41da40413ba,6
C_exact,10,1000,3,26,A,74,True,True,0.030156,e4a372c348a7c5811fe68d2ffb49474c,4
C_exact,10,1000,3,26,A,76,True,True,0.030356,532feb83281ab7d19482a9a05b5a82eb,0
C_exact,10,1000,3,26,A,75,True,True,0.049391,f439160a385e92c359d8f335a50a051f,14
C_exact,10,1000,3,26,A,78,True,True,0.02791,477ed8c5b2136cb842bedcbe0e26ae66,4
C_exact,10,1000,3,26,A,77,True,True,0.041738,f9a0f4e63a7297a51ed3635a6373c5d2,6
C_exact,10,1000,3,26,A,79,True,True,0.047433,7a4b0ae26a90955a7742b7630ae76a0d,0
C_exact,10,1000,3,26,A,81,True,True,0.069784,9ad1e2716522adb4e069ff39020185a3,4
C_exact,10,1000,3,26,A,82,True,True,0.068049,a8d7d067c55bbd5d09bf7685c18a80df,6
C_exact,10,1000,3,26,A,83,True,True,0.030352,623c5cabde75ece1ad0fb957b808da9a,0
C_exact,10,1000,3,26,A,85,True,True,0.029427,079f76a61d767b5ee2f8a10a8f5ff7a6,6
C_exact,10,1000,3,26,A,86,True,True,0.037851,004b82d84757dae8772adc812a1bb7a5,0
C_exact,10,1000,3,26,A,84,True,True,0.055578,d241f2e155e1b5c68e3ba701356bad4e,4
C_exact,10,1000,3,26,A,80,True,True,0.069814,f72e4ecaaf3e68be322aaa129746e7b0,14
C_exact,10,1000,3,26,A,87,True,True,0.02871,97bbcaefc5d37a256b43a1530ef756f6,6
C_exact,10,1000,3,26,A,88,True,True,0.032101,b5f9b53fa17239fa965fecfd7079c0f5,0
C_exact,10,1000,3,26,A,89,True,True,0.033133,980aa9422e7b3d060a9015b582de3897,4
C_exact,10,1000,3,26,A,90,True,True,0.031055,44bc7cba6214beb9f4c3af9235efabc8,14
C_exact,10,1000,3,26,A,91,True,True,0.029067,379edf3df95a999c8e069e9adfcf7cdc,6
C_exact,10,1000,3,26,A,92,True,True,0.028414,6c2950660524566564f8c07bf4d4e1f6,0
C_exact,10,1000,3,26,A,94,True,True,0.034513,d28be8d2549d0dce02ecc644e115ba66,14
C_exact,10,1000,3,26,A,93,True,True,0.036297,6630b75880b2c22bb777fb6e5e445a38,4
C_exact,10,1000,3,26,A,95,True,True,0.030328,0e9b6aafdcd75ffe35b2df9babb88500,6
C_exact,10,1000,3,26,A,97,True,True,0.057037,bc92389469303896aa3ce14189011252,14
C_exact,10,1000,3,26,A,96,True,True,0.08204,8e87f05a3aa0528593756bd99e1ee11c,0
C_exact,10,1000,3,26,A,98,True,True,0.058391,36030b4eb86194a048662173f8e2e3a6,4
C_exact,10,1000,3,26,A,99,True,True,0.047887,7fdfc76e9dbf572a6af132a9bacda3a8,6
C_exact,10,1000,3,26,A,100,True,True,0.029113,de4327a4a242d7cdb6c4365880233eda,14
python_exact,10,1000,3,26,A,12,True,True,0.117968,91281efa6a33a16ad28def73d515f160,4
python_exact,10,1000,3,26,A,11,True,True,0.160537,1646dc0040be3431522c6999251565f1,0
python_exact,10,1000,3,26,A,14,True,True,0.116303,c8892be8d5666ef4b8d2369cf4800d76,14
python_exact,10,1000,3,26,A,13,True,True,0.180206,226864395fc49cb1a7f28f7d12849638,6
python_exact,10,1000,3,26,A,15,True,True,0.144905,2ac70332b20aa9eef7b29bca4de2b110,4
python_exact,10,1000,3,26,A,16,True,True,0.116893,3fe669f9d1150765f48829879335100e,0
python_exact,10,1000,3,26,A,17,True,True,0.231449,ca4e3db96095504d219409780ebe8c6b,14
python_exact,10,1000,3,26,A,18,True,True,0.208731,2c895ef14cbef31a36c41b95834bdf9f,6
python_exact,10,1000,3,26,A,19,True,True,0.151173,a06f711eea1b4dc47d601963a1c5a36a,4
python_exact,10,1000,3,26,A,20,True,True,0.209355,07ebe256f9d3ab2e7e525c5f6d3388a7,0
python_exact,10,1000,3,26,A,21,True,True,0.163442,2d1a771241add7b2f05593db3948add7,14
python_exact,10,1000,3,26,A,23,True,True,0.183766,5da9d665f4ed22dbe947203ffcc45501,4
python_exact,10,1000,3,26,A,22,True,True,0.207778,0cdca6c7ab3baacf595f23d8e73681e1,6
python_exact,10,1000,3,26,A,24,True,True,0.151149,94d87f75c226377f02785a9e0686ad79,0
python_exact,10,1000,3,26,A,25,True,True,0.214757,cf94f26733c518608952531ba9590360,14
python_exact,10,1000,3,26,A,26,True,True,0.209237,8b48ebe183aee8bf3f885ac203aa1c4e,4
python_exact,10,1000,3,26,A,27,True,True,0.275691,8f378763dfcfd77a33bb0a072c042e69,6
python_exact,10,1000,3,26,A,28,True,True,0.273874,378b61ad5721157e913d901291a82d02,0
python_exact,10,1000,3,26,A,29,True,True,0.154084,754e848d24480cf76c744dbd2d7b40e7,14
python_exact,10,1000,3,26,A,30,True,True,0.190724,da424b3f9f1dcacb7d283ea52df47ed6,4
python_exact,10,1000,3,26,A,31,True,True,0.168869,2d5fcdaa46353fc2521c2b2dedd5cb7b,6
python_exact,10,1000,3,26,A,32,True,True,0.179286,3944ff4f74cf241d80b04b51acf7d5e4,0
python_exact,10,1000,3,26,A,33,True,True,0.236959,684e53f2bf43aa7776f5d7f21a26fe07,14
python_exact,10,1000,3,26,A,34,True,True,0.19486,8ae7bdd7cc4fc04c28c911ba8a8f7453,4
python_exact,10,1000,3,26,A,36,True,True,0.200828,90248927655c032b9410a7f14407aeed,0
python_exact,10,1000,3,26,A,35,True,True,0.25013,cd807f4c4c3463e05cb4f816e0e5dbfe,6
python_exact,10,1000,3,26,A,38,True,True,0.128493,2b2922b908b5536e979fa1cafef1c0d4,4
python_exact,10,1000,3,26,A,37,True,True,0.164198,47e65672a1ed0d2bc6e2ba56f973849f,14
python_exact,10,1000,3,26,A,39,True,True,0.146017,2b4433fbb23361d27cb7d0d07025d10f,0
python_exact,10,1000,3,26,A,40,True,True,0.208683,514d3cd37812eb0caa2fd1c14a0efecd,6
python_exact,10,1000,3,26,A,41,True,True,0.214503,e089d06e35c33d1ce03bac3d18524214,4
python_exact,10,1000,3,26,A,42,True,True,0.233273,5e64a20c0ba3e39e4a72baebeeb86110,14
python_exact,10,1000,3,26,A,43,True,True,0.183916,d567863e28920bef75cc85154ff918c4,0
python_exact,10,1000,3,26,A,45,True,True,0.129027,cd969e2ee497922863e082301df9964b,4
python_exact,10,1000,3,26,A,44,True,True,0.228083,700a74d8f1e948968ec3a44cdf3ade76,6
python_exact,10,1000,3,26,A,46,True,True,0.169283,7fb8da826f6eec3f6a39d2f637bc0236,14
python_exact,10,1000,3,26,A,47,True,True,0.150291,ccffbf6e2e2cacce79686bba719190b0,0
python_exact,10,1000,3,26,A,48,True,True,0.160781,060a8a7e09b3f94c4d334ba0ed3da76e,4
python_exact,10,1000,3,26,A,50,True,True,0.146979,b612fd7db99054f25c02429fc80565bd,14
python_exact,10,1000,3,26,A,51,True,True,0.152829,bb3885ef7bad6e66afd59f8090b6ac98,0
python_exact,10,1000,3,26,A,49,True,True,0.186603,ad9efd7b8d7249da5d0d7fb5cf2e7160,6
python_exact,10,1000,3,26,A,52,True,True,0.12626,e60b660da9d88b0eab0641b51e3a31e3,4
python_exact,10,1000,3,26,A,54,True,True,0.131655,5018d8a6b7e89a05c28cab5f129fb10f,0
python_exact,10,1000,3,26,A,56,True,True,0.153789,3b3c859c3f627ee314aca6439af043f1,4
python_exact,10,1000,3,26,A,55,True,True,0.244528,89a86aec4407981064a6705948bd78cf,6
python_exact,10,1000,3,26,A,53,True,True,0.304645,6fdda126f9f0b8a6a602b48d77801dbc,14
python_exact,10,1000,3,26,A,57,True,True,0.16083,f9a0e73a0ac90c3b0e499a0718ad78dc,0
python_exact,10,1000,3,26,A,58,True,True,0.141071,7c066acd879cfd22ca2d7d86d6b3f04c,4
python_exact,10,1000,3,26,A,59,True,True,0.198229,6ed869bb696f244f15f2f23cb96edab1,6
python_exact,10,1000,3,26,A,60,True,True,0.224315,15b14f50512ce8489c566b010bee7ba4,14
python_exact,10,1000,3,26,A,61,True,True,0.199704,6754796b7627c3391ccc4ddaf4ed3289,0
python_exact,10,1000,3,26,A,62,True,True,0.182036,e0e617050888d72316260d8292de5310,4
python_exact,10,1000,3,26,A,64,True,True,0.21238,0878b52b5b286e68290aa44632cfe953,14
python_exact,10,1000,3,26,A,66,True,True,0.199862,8c7a1906d566556c6175bd37206a48fd,4
python_exact,10,1000,3,26,A,63,True,True,0.297753,d87434b3e1d8e1785436fc796ffe9803,6
python_exact,10,1000,3,26,A,65,True,True,0.246118,fc445421b004d89bbe08ca98fed00a66,0
python_exact,10,1000,3,26,A,70,True,True,0.154792,fefffbe4e278b34d82539b6eeba99b4e,0
python_exact,10,1000,3,26,A,68,True,True,0.195753,d45230d9e3efa0a16b41b2fd7d98c4c3,4
python_exact,10,1000,3,26,A,67,True,True,0.235239,aed5306ba2cc5c626084fabd7720257b,14
python_exact,10,1000,3,26,A,69,True,True,0.230206,70716f8f674169c317168d8eee6d7390,6
python_exact,10,1000,3,26,A,72,True,True,0.123165,bf79a6255f66597826f3ee6c9c606cff,4
python_exact,10,1000,3,26,A,71,True,True,0.170389,27ea73a2342eaad732c4b7f2de0e4953,0
python_exact,10,1000,3,26,A,76,True,True,0.12587,109a770b5affa02064a9d357e3b9203c,0
python_exact,10,1000,3,26,A,74,True,True,0.227874,a6cbfe2d102a4973539bb5d5b4f010bf,6
python_exact,10,1000,3,26,A,75,True,True,0.182766,3842223acfc7b5c03f5fafee778e3393,4
python_exact,10,1000,3,26,A,73,True,True,0.281002,64644adadc13db5b908d86fbf7195e3a,14
python_exact,10,1000,3,26,A,79,True,True,0.118701,5c257e34220d95230cc3ebe45dcce7bd,4
python_exact,10,1000,3,26,A,78,True,True,0.185282,4e049d4c8066e6cba56d3e91c4a69883,6
python_exact,10,1000,3,26,A,77,True,True,0.184586,dabb313d1cf62f704cb5c1c0371d67ea,0
python_exact,10,1000,3,26,A,80,True,True,0.185631,bceca802ad06133f2eb8f97cbac3cc93,14
python_exact,10,1000,3,26,A,83,True,True,0.126287,dad233d93a5f861821c91ec504467506,0
python_exact,10,1000,3,26,A,81,True,True,0.200488,b0ee33452f04e7dea12b350f3a6e7e85,4
python_exact,10,1000,3,26,A,84,True,True,0.211624,96dd0124ae48b43751ebf8b6ed0f6afe,14
python_exact,10,1000,3,26,A,82,True,True,0.265751,411836a336164e88e26289531c784982,6
python_exact,10,1000,3,26,A,86,True,True,0.11881,faba73c3e27af5c19eafe9355eb4404c,4
python_exact,10,1000,3,26,A,85,True,True,0.156732,2e2d534607d3cfc1a2bb270acc524521,0
python_exact,10,1000,3,26,A,87,True,True,0.188855,a87170d4efac9cdb722ade11462de686,14
python_exact,10,1000,3,26,A,89,True,True,0.15329,3771fb944d0bcc14705e66238f96e9b2,4
python_exact,10,1000,3,26,A,90,True,True,0.144919,5db83db4b068f45084205e4eb546f8fa,0
python_exact,10,1000,3,26,A,88,True,True,0.183696,c0d1ea123ebd7b2a9865db45abd97b11,6
python_exact,10,1000,3,26,A,93,True,True,0.176897,ca9f415bc2bc92dd6095a6e9b1c3e6ac,0
python_exact,10,1000,3,26,A,92,True,True,0.18137,22a764196a64880f2ce634db5182d457,4
python_exact,10,1000,3,26,A,91,True,True,0.230035,f06773def45df770a0b28fc302ea4c2e,14
python_pruning,10,1000,2,18,T,100,True,True,25.968035,0b63e52036890ab1d133e5ee7ecfa968,10
python_exact,10,1000,3,26,A,94,True,True,0.218945,bfa7281e1f8aaefea50f65701d0f9b90,6
python_exact,10,1000,3,26,A,95,True,True,0.148091,0e1aff665c463165ab4e7f8013efa309,0
python_exact,10,1000,3,26,A,97,True,True,0.153768,f3e62aa4309462243ffd1e31adb3dbe2,14
python_exact,10,1000,3,26,A,96,True,True,0.230762,fe7300a43286c122d54d9680b1f01b68,4
python_exact,10,1000,3,26,A,99,True,True,0.183735,9d9114ef073b428d7da571c71cf4ab10,6
C_exact,10,1000,3,26,T,11,True,True,0.038798,f01293348bc07266ab7e25bc2383fad6,14
C_exact,10,1000,3,26,T,12,True,True,0.03061,e5fd08f4bc152a3081b6df00f3da13dc,4
C_exact,10,1000,3,26,T,13,True,True,0.042147,9d4e94d00fc347e491cd9797a0c562f7,6
python_exact,10,1000,3,26,A,98,True,True,0.249493,87cf8b244c7b5d6efda449fb53439589,10
C_exact,10,1000,3,26,T,14,True,True,0.050844,46f187c2ce762a13f33bfa1a48a190d3,14
C_exact,10,1000,3,26,T,15,True,True,0.052935,0ec6ff5a233f5fca1d0fd2e0cd0d47e3,4
python_exact,10,1000,3,26,A,100,True,True,0.217884,d43911ada9e8596a2d9c3edbc1265bf6,0
C_exact,10,1000,3,26,T,16,True,True,0.038347,47520e3aa261c3daffe71de6d3beb377,6
C_exact,10,1000,3,26,T,17,True,True,0.038886,aa9e381fd97047d8012da1a38d8390b7,10
C_exact,10,1000,3,26,T,18,True,True,0.032493,f9e0d63011db646205e13f18b3a023a1,14
C_exact,10,1000,3,26,T,19,True,True,0.032409,13a8587218e818b61c134807c9831f60,4
C_exact,10,1000,3,26,T,21,True,True,0.03905,c120dc124df6d9a611df8fd7442c0ff1,6
C_exact,10,1000,3,26,T,20,True,True,0.049727,ccf4d439e56958d1d5f57c306e9e6b51,0
C_exact,10,1000,3,26,T,23,True,True,0.035565,a61d48b481cf009554777034f0f2cbca,14
C_exact,10,1000,3,26,T,22,True,True,0.054681,e2e5122fbbec067adbc112d5543a7a8a,10
C_exact,10,1000,3,26,T,24,True,True,0.041378,913255ba88bbb184ce14b8744b3641cc,4
C_exact,10,1000,3,26,T,27,True,True,0.041895,b35760c9922e72d7de801163bfb79f13,14
C_exact,10,1000,3,26,T,25,True,True,0.037469,15e883a540c77e16d9ff8b238525c4da,6
C_exact,10,1000,3,26,T,26,True,True,0.04651,9df0b8e2b83f36306f2aeaecd3cf8642,0
C_exact,10,1000,3,26,T,28,True,True,0.050399,5c7e090807163d3e552e25eaa90ab30b,10
C_exact,10,1000,3,26,T,29,True,True,0.042537,d209455861f36f29d553772ad4bb12d7,4
C_exact,10,1000,3,26,T,32,True,True,0.032396,9f2b7ced3a4a12636c1309d688d49629,0
C_exact,10,1000,3,26,T,31,True,True,0.034869,fd0a28c6e802bd6c6f971a67b9590d21,6
C_exact,10,1000,3,26,T,30,True,True,0.041201,ec34277112d43dbfb17fe8323bdb6ac3,14
C_exact,10,1000,3,26,T,33,True,True,0.038536,d772247ef050dd2b3b67aa3d173d9703,10
C_exact,10,1000,3,26,T,34,True,True,0.050075,b7b56583644c786aecdc13090c505b77,4
C_exact,10,1000,3,26,T,36,True,True,0.046714,bcd5cea241bebaa2b688adce501a3096,6
C_exact,10,1000,3,26,T,35,True,True,0.048887,ffef68d53ce04db7e63cf3880a8404cd,0
C_exact,10,1000,3,26,T,37,True,True,0.03462,2918daba5c49a0c2cb2046f23f38b457,14
C_exact,10,1000,3,26,T,38,True,True,0.036274,d48a71ef5afebd9fd0fd5c186a576c98,10
C_exact,10,1000,3,26,T,41,True,True,0.04204,18dec78136d60f7a9e426d8305fb1820,0
C_exact,10,1000,3,26,T,39,True,True,0.044225,a1e0321579ced7fad194fa65d1518b39,4
C_exact,10,1000,3,26,T,40,True,True,0.043074,13f3c5ecfcfcaf93f88998cf9db0b6aa,6
C_exact,10,1000,3,26,T,42,True,True,0.059827,f9d31e6da9e77e4eaf7a9fb0acc89d15,14
C_exact,10,1000,3,26,T,43,True,True,0.046339,186724df03c9fa315484c3beea53eeca,10
C_exact,10,1000,3,26,T,44,True,True,0.028518,1ff7e7ed70e30240e37f045f731a1ff3,0
C_exact,10,1000,3,26,T,45,True,True,0.028455,dfa001437b2a70e35d2435ba9477f66e,4
C_exact,10,1000,3,26,T,46,True,True,0.029772,e5f47ec12727a330cb88f79eee937370,6
C_exact,10,1000,3,26,T,47,True,True,0.040339,dc3852bc219014b58f5afbbcf3f904ac,14
C_exact,10,1000,3,26,T,48,True,True,0.034507,38bed077bf03b5db5e0ce674a49bb26c,10
C_exact,10,1000,3,26,T,50,True,True,0.033664,fe2264df291957d00b5ef97b45faa2af,4
C_exact,10,1000,3,26,T,49,True,True,0.050572,95b6ae87501cfc5a8ced9a938752ca3c,0
C_exact,10,1000,3,26,T,52,True,True,0.031673,aba41737ddd6a43fdc24a35cf546fdbf,14
C_exact,10,1000,3,26,T,51,True,True,0.033248,677273bce93f04d864baa487e545c72c,6
C_exact,10,1000,3,26,T,53,True,True,0.044374,43d054a109eb1bcedd55a9193ee3e4d6,10
C_exact,10,1000,3,26,T,54,True,True,0.033411,32e2003304e7646fb433ddbd48b6f665,4
C_exact,10,1000,3,26,T,55,True,True,0.038768,825e93bb32e6ef9fb44c7214f0cab0ec,0
C_exact,10,1000,3,26,T,56,True,True,0.034175,e091451bd30fc9ae2e33111cb96fac3b,14
C_exact,10,1000,3,26,T,58,True,True,0.049026,4514a024594bca388d5485e78ebb7f08,10
C_exact,10,1000,3,26,T,59,True,True,0.048756,c31d97d25798540c5a89f3a615cdb9fb,4
C_exact,10,1000,3,26,T,57,True,True,0.056811,9a7c2d3cc0ca52d0e7971f74e60593b4,6
C_exact,10,1000,3,26,T,60,True,True,0.032609,b41131e8ce714c41d64f4846f769e87c,0
C_exact,10,1000,3,26,T,61,True,True,0.028391,82b9743832a31a33165b9b7edbc89aa5,14
C_exact,10,1000,3,26,T,62,True,True,0.050916,e55ec7a43bd80c5748bbc72f56ce0b45,10
C_exact,10,1000,3,26,T,63,True,True,0.050097,d575e1a624581fda40540262ec66b92b,4
C_exact,10,1000,3,26,T,65,True,True,0.052229,c79d57e400f81832a367b301c63678a0,0
C_exact,10,1000,3,26,T,64,True,True,0.044337,3c542fd4b81c387f40e37ac9c61c8721,6
C_exact,10,1000,3,26,T,66,True,True,0.032913,9489d8463cb00a8c78560191504e8e2f,14
C_exact,10,1000,3,26,T,70,True,True,0.035039,0499c8ebea53ad06b31e7ef2940d6b9b,6
C_exact,10,1000,3,26,T,69,True,True,0.040574,1944649f8bc5c13579ef6fe803611757,0
C_exact,10,1000,3,26,T,68,True,True,0.043524,0858d4c8773b4c5146bbb3c26b6f1ee8,4
C_exact,10,1000,3,26,T,67,True,True,0.037255,cf7091c6154070caf7a9d9736e869c45,10
C_exact,10,1000,3,26,T,71,True,True,0.047716,69978e3b25fd235be866cbda549b2a6f,14
C_exact,10,1000,3,26,T,76,True,True,0.03407,be7661c398e9e031f372f464bcf074df,14
C_exact,10,1000,3,26,T,72,True,True,0.072409,22291a1cfd6f361addcc6eb0fb5dc1b7,6
C_exact,10,1000,3,26,T,73,True,True,0.0714,40b5da9496da1f32642913ea822c9e3b,0
C_exact,10,1000,3,26,T,74,True,True,0.071199,2791692650ba14886a11bc412a06fc36,4
C_exact,10,1000,3,26,T,75,True,True,0.07501,f7244f3047629500bd46b5dc1f3c4a86,10
C_exact,10,1000,3,26,T,78,True,True,0.048595,732d90d500097cb09ec6267fbcd2ceb0,6
C_exact,10,1000,3,26,T,77,True,True,0.048957,78453bb30a3cf312ca0c081e82d07bce,14
C_exact,10,1000,3,26,T,79,True,True,0.060221,d4a2700f2d5a9e94e388f12934e260fd,0
C_exact,10,1000,3,26,T,81,True,True,0.054699,48e07d8188b13b4b38e7b4677ff68d05,10
C_exact,10,1000,3,26,T,80,True,True,0.05151,51219e8fe0b55bdc75befeec5a370053,4
C_exact,10,1000,3,26,T,83,True,True,0.031841,1981cd34b0e6b192cd0b2c455e73ea93,14
C_exact,10,1000,3,26,T,82,True,True,0.046358,7a8a82db634c0aae636c675e04055a75,6
C_exact,10,1000,3,26,T,85,True,True,0.060671,1ecdec23ad4a8a4bb6c5c9b906255259,10
C_exact,10,1000,3,26,T,86,True,True,0.061854,d40ce02d419528231c38c4fcec591205,4
C_exact,10,1000,3,26,T,84,True,True,0.061595,72dc06f5e68470d83fe332a6f2442d12,0
C_exact,10,1000,3,26,T,88,True,True,0.036402,b399d070ff6e578154a5db3bff66aa7b,6
C_exact,10,1000,3,26,T,87,True,True,0.050193,ddcd1dacb72fc39b1e51694fa109d4af,14
C_exact,10,1000,3,26,T,89,True,True,0.044668,1e7f25cc3cfd45922d46e99cb3035f1d,10
C_exact,10,1000,3,26,T,92,True,True,0.053399,2200c220554f0e7c6a4428379d16bcc8,6
C_exact,10,1000,3,26,T,90,True,True,0.05695,214575c034d6aa35b67740d91333bebf,4
C_exact,10,1000,3,26,T,91,True,True,0.042874,03243fa28bdc6a0b3f94a303e07fd6f1,0
C_exact,10,1000,3,26,T,93,True,True,0.048064,111acf87a22a97138e44b1346069368b,14
C_exact,10,1000,3,26,T,94,True,True,0.035723,39e04d51194675c20859b79e9e2a980d,10
C_exact,10,1000,3,26,T,96,True,True,0.03191,ff55c83ba93463f356a5065ddd363a6c,4
C_exact,10,1000,3,26,T,98,True,True,0.04203,99f37d4229c7dbaa183dd65b2be4e386,14
C_exact,10,1000,3,26,T,97,True,True,0.049158,9059c2abb13e5bdbc3d0777e255f20aa,0
C_exact,10,1000,3,26,T,95,True,True,0.057957,79405e8de1a798633c97bd90db110ed4,6
C_exact,10,1000,3,26,T,99,True,True,0.034667,ae0ea39732f5d3c21fe5d9c40cd842dd,10
C_exact,10,1000,3,26,T,100,True,True,0.031967,b1724b59d20f0e7c271661a9c629d812,4
python_exact,10,1000,3,26,T,13,True,True,0.16492,239f07a672a341e4d9a8fbd7ac8b4d51,6
python_exact,10,1000,3,26,T,12,True,True,0.20563,018bb0c2457deeede647e44353c1e2d8,0
python_exact,10,1000,3,26,T,14,True,True,0.188533,0afae4c88a848b5cc31cb5d8815a5ff4,10
python_exact,10,1000,3,26,T,15,True,True,0.176801,350dedff840339e31813c87899e81ada,4
python_exact,10,1000,3,26,T,11,True,True,0.251449,0f2fccf1778a2fbab0ace1c0e58a091b,14
python_exact,10,1000,3,26,T,17,True,True,0.130771,6c488ddc84a0030933a15ce487f7d56b,0
python_exact,10,1000,3,26,T,16,True,True,0.252351,f035acd5ade9b94e8795aa09aa330b63,6
python_exact,10,1000,3,26,T,18,True,True,0.210125,8deff26107cb7f6c204db1a8340d80bb,10
python_exact,10,1000,3,26,T,19,True,True,0.199995,532f83993a3d5ddf4f75a817cfcd7ab6,4
python_exact,10,1000,3,26,T,21,True,True,0.158182,4ff7bcd6df2951b0b11517377ce0f61e,0
python_exact,10,1000,3,26,T,20,True,True,0.250455,52f921044cddfe7dbfbed59141b0f675,14
python_exact,10,1000,3,26,T,24,True,True,0.169202,3f3af14671d0c89c24c59874897ac28d,4
python_exact,10,1000,3,26,T,22,True,True,0.194906,9d74fa869177bea868ea2759c8cbd43a,6
python_exact,10,1000,3,26,T,23,True,True,0.230339,8ee2097ba4f96a41b2408db8d533e716,10
python_exact,10,1000,3,26,T,25,True,True,0.184977,bd9e84784598c1919f5afe36faed52ee,0
python_exact,10,1000,3,26,T,27,True,True,0.137136,962ea3bb000bd29d8a072692409cf688,4
python_exact,10,1000,3,26,T,26,True,True,0.277678,26682f49d935972e60d9509b40dbf9e1,14
python_exact,10,1000,3,26,T,29,True,True,0.1444,9beb7ce71cb4b1d39902f431aeb3d1a5,10
python_exact,10,1000,3,26,T,28,True,True,0.236052,0d95021a98c6345c3ed223c48352ec67,6
python_exact,10,1000,3,26,T,30,True,True,0.193913,9cb64b96956489d6b3a9c71e1dda4148,0
python_exact,10,1000,3,26,T,32,True,True,0.164043,8d6dbb8e8cfbc648fc2323d01e26ed14,14
python_exact,10,1000,3,26,T,31,True,True,0.222247,1957420eb7a53a4b608565afbbfe929b,4
python_exact,10,1000,3,26,T,33,True,True,0.176616,8fba614a3c8fd57ffa32466e63599900,10
python_exact,10,1000,3,26,T,35,True,True,0.183957,5bdddfba80e0ce999ad4ebbfdb7bce52,0
python_exact,10,1000,3,26,T,34,True,True,0.242251,54b983230b89e88f42830785877a74a9,6
python_exact,10,1000,3,26,T,37,True,True,0.208859,ea1fd21a3abe282d68d4ae07c33b9052,4
python_exact,10,1000,3,26,T,36,True,True,0.230921,4a91f0314469e78f3637214002482fd5,14
python_exact,10,1000,3,26,T,38,True,True,0.198888,43dc627932a9b737bb357c73beccf7f7,10
python_exact,10,1000,3,26,T,40,True,True,0.156195,551c254b2c3f579b2fa13c5f0e3149c7,6
python_exact,10,1000,3,26,T,39,True,True,0.190596,bcb523970ff01c0c55f0ff80913fb085,0
python_exact,10,1000,3,26,T,43,True,True,0.161902,9b7178ac02fb67f86ee8087d0f422fe5,10
python_exact,10,1000,3,26,T,41,True,True,0.191667,4c44e2a16b9a37f58ec4a5aa483f14bd,4
python_exact,10,1000,3,26,T,45,True,True,0.125395,4059d3091282a620d52aeb0c3f10b8c9,0
python_exact,10,1000,3,26,T,42,True,True,0.233441,0238430da4b182fcfd73a13bfe83add1,14
python_exact,10,1000,3,26,T,46,True,True,0.113574,ed19fba1ccbb8de6235c6093ce1b8389,10
python_exact,10,1000,3,26,T,44,True,True,0.224362,3f5f0eb4c64027822ff5b9a2be387ccc,6
python_exact,10,1000,3,26,T,47,True,True,0.13966,39df829f56966a2eea735aba477565c9,4
python_exact,10,1000,3,26,T,48,True,True,0.174986,5453f2fbc9b1de81f8e0c1becbe54798,0
python_exact,10,1000,3,26,T,49,True,True,0.191695,d6a23c12c80c041d15c17a03bc7e084f,14
python_exact,10,1000,3,26,T,51,True,True,0.156657,7066ecfd4a2b72ba2475d494b75e7a2d,6
python_exact,10,1000,3,26,T,52,True,True,0.153515,cf4a92fa940d15c49f462b7a7bc0cbdf,4
python_exact,10,1000,3,26,T,50,True,True,0.253189,4743226761f5923dfb920a1ebd5adac5,10
python_exact,10,1000,3,26,T,53,True,True,0.158889,5e18d98df3c83659de71f6e6f0c4d225,0
python_exact,10,1000,3,26,T,56,True,True,0.131539,fd718b2338d7ea0867ca1659437d90f0,4
python_exact,10,1000,3,26,T,54,True,True,0.184815,2ec9da9f0b3237b5a6d072659604edf1,14
python_exact,10,1000,3,26,T,55,True,True,0.25366,a8d5b6337b702f73ca3c7429987ccf6d,6
python_exact,10,1000,3,26,T,58,True,True,0.177222,55a6165633a15aab1ff6d8f7224da162,0
python_exact,10,1000,3,26,T,57,True,True,0.234748,adb6d89739fac21c92666ff452298276,10
python_exact,10,1000,3,26,T,59,True,True,0.188722,0c34502ad1a449f44607ecac0dbe8c89,4
python_exact,10,1000,3,26,T,60,True,True,0.219822,58343911fded97036cf9d432b67e29b1,14
python_exact,10,1000,3,26,T,61,True,True,0.20058,7ffe15bb69cbdb1a2c7feb0f65f46889,6
python_exact,10,1000,3,26,T,62,True,True,0.281635,f9510029bc68a234e96f7754599d4389,0
python_exact,10,1000,3,26,T,64,True,True,0.233373,615c9a5b26d0096e71bf4808d2389373,4
python_exact,10,1000,3,26,T,63,True,True,0.268117,c37f2399708afb34873071bac0c1d9bf,10
python_exact,10,1000,3,26,T,65,True,True,0.234609,56136b1fb6e30eca8bb079f45dd91ffe,14
python_exact,10,1000,3,26,T,66,True,True,0.247221,228b0224da3081cf027f4c5c8931a997,6
python_exact,10,1000,3,26,T,69,True,True,0.159876,24bf54d7f5017d5e00235f251b7dbb22,10
python_exact,10,1000,3,26,T,68,True,True,0.179066,d723fc6ac04763557a913130dbf3990a,4
python_exact,10,1000,3,26,T,67,True,True,0.211741,25141510c1b5fb11993103c8e4279492,0
python_exact,10,1000,3,26,T,70,True,True,0.233355,138725e5f705a7cafc3e324c1cd18189,14
python_exact,10,1000,3,26,T,73,True,True,0.118448,714742adb06acefe7342380fe2b896e1,4
python_exact,10,1000,3,26,T,74,True,True,0.145889,f211ae82d016dbc953665112e6d28313,0
python_exact,10,1000,3,26,T,71,True,True,0.213398,e0c14f0166fecd4661fd8014889968e2,6
python_exact,10,1000,3,26,T,72,True,True,0.224872,0ad84308bb7f50f0114942b6c730540f,10
python_exact,10,1000,3,26,T,76,True,True,0.154695,621fb2e54d6b95119f7214cd3c8e9f48,4
python_exact,10,1000,3,26,T,77,True,True,0.128226,03c5b7a5dd0a0a15a70f9405f782d997,0
python_exact,10,1000,3,26,T,75,True,True,0.286165,a3c80aa210a06487d4a3734acfbdcaca,14
python_exact,10,1000,3,26,T,80,True,True,0.121334,34abe4404a97eb50eac8df2497d393c8,4
python_exact,10,1000,3,26,T,78,True,True,0.238304,384cbc5d2d1c38a3757bc11dcc9aad6d,6
python_exact,10,1000,3,26,T,79,True,True,0.219674,499c5a791d115a9d1501c6bcb63e3278,10
python_exact,10,1000,3,26,T,81,True,True,0.159118,99bbe49b4d43ad103d2675ce7325f79d,0
python_exact,10,1000,3,26,T,83,True,True,0.16108,38c5abd2c0534a339d3d702e443e05be,4
python_exact,10,1000,3,26,T,86,True,True,0.150493,89dcd19533646a4aa82fae5693606517,0
python_exact,10,1000,3,26,T,85,True,True,0.198049,945e17f07d0f3e4ef173e678db44fd24,10
python_exact,10,1000,3,26,T,82,True,True,0.292978,a1e68102c9168c8b8458d33318441833,14
python_exact,10,1000,3,26,T,87,True,True,0.118365,6cdf8a1082959a9254f88b70c100570f,4
python_exact,10,1000,3,26,T,84,True,True,0.28505,1df314040612771363da8bd755e3d4aa,6
python_exact,10,1000,3,26,T,89,True,True,0.109198,0d77f5bbd7039d967d70727cedc06216,10
python_exact,10,1000,3,26,T,88,True,True,0.15848,5da5ec2d03e81c95d8dc4befd785ea75,0
python_exact,10,1000,3,26,T,91,True,True,0.16746,db3c8a49b1ed5f73f63ad77570bf0172,4
python_exact,10,1000,3,26,T,93,True,True,0.15309,863c00b4ae7bb8090865465d66425373,10
python_exact,10,1000,3,26,T,90,True,True,0.261857,d3f5c7e4f337f8f7b4dcfd39797e86ca,14
python_exact,10,1000,3,26,T,92,True,True,0.249647,02c6ce3678388548cd65dd7a53a9cbc4,6
python_exact,10,1000,3,26,T,94,True,True,0.218426,7a4066812c09ef89f1ba50107b176c11,0
python_exact,10,1000,3,26,T,95,True,True,0.161424,ddc1eaa7d1498be02122198fed19bf99,4
python_exact,10,1000,3,26,T,96,True,True,0.214912,015ea0736aa391da21fc832db9f0bdb9,10
python_exact,10,1000,3,26,T,99,True,True,0.20115,a9da50cdc2ecc3086cec1bbc1ba2d4c1,0
C_exact,10,1000,3,26,B,11,True,True,0.042342,101c8cc01209e5ea6d4aeecba9ce6c4d,10
python_exact,10,1000,3,26,T,98,True,True,0.272638,07575833cfdacf6fc584128c1824c4f6,6
C_exact,10,1000,3,26,B,12,True,True,0.035881,7a59329f3eddc1f0e4818ca505d00bb6,0
python_exact,10,1000,3,26,T,97,True,True,0.302174,4881b863be37e7a447f63031a2ec73b7,14
python_exact,10,1000,3,26,T,100,True,True,0.242336,6f149a18ef4b9a675ccbb20408b0df96,4
C_exact,10,1000,3,26,B,13,True,True,0.036729,5c78ca213990fd0e72507aa31f1e1b34,10
C_exact,10,1000,3,26,B,14,True,True,0.032125,6db4b9c85200538852c77d27fcc2922d,6
C_exact,10,1000,3,26,B,15,True,True,0.038391,d120eb0a0b53a72f7aa0dff7af72fa89,0
C_exact,10,1000,3,26,B,16,True,True,0.043228,a62b45bbc814d6a97a9ba7466c4afe44,14
C_exact,10,1000,3,26,B,17,True,True,0.041992,0b697ef00b5296cff61da0e6d859e5cc,4
C_exact,10,1000,3,26,B,18,True,True,0.034193,05046548bd5e49d3f07dfc752be24dc3,10
C_exact,10,1000,3,26,B,19,True,True,0.030455,83951fb037af1dd2b20b4091b55a7224,6
C_exact,10,1000,3,26,B,20,True,True,0.046774,d28e87f112b279912acca7b47f15a22a,0
C_exact,10,1000,3,26,B,21,True,True,0.04537,d1d79f02f414589cfacaa8944a5ad3c8,14
C_exact,10,1000,3,26,B,23,True,True,0.045784,ff5459d57d499bdfa84f81e077c35a64,10
C_exact,10,1000,3,26,B,22,True,True,0.041312,f0752fe1677a448d5b8bb9c589f7c826,4
C_exact,10,1000,3,26,B,26,True,True,0.057172,b1f9c140780ce3b8f0582ede4819d2d9,14
C_exact,10,1000,3,26,B,28,True,True,0.048289,144f54b6c23275bdabfe8ac3086696f0,4
C_exact,10,1000,3,26,B,27,True,True,0.048971,c955540f9903484147939a59ed57353a,10
C_exact,10,1000,3,26,B,25,True,True,0.056932,7339fcd278f75f89fafafaf436fb9ae1,0
C_exact,10,1000,3,26,B,24,True,True,0.029969,adf48bd735faf691ea08b3cd9db67b58,6
C_exact,10,1000,3,26,B,31,True,True,0.036675,a324def1bdda690977a46471d609f3b0,10
C_exact,10,1000,3,26,B,29,True,True,0.041447,8deae820a82341356251a47304d7e467,4
C_exact,10,1000,3,26,B,33,True,True,0.037748,4bd5a3b57bffd5cba81b02baf0150da0,6
C_exact,10,1000,3,26,B,30,True,True,0.045581,7d9900dc87c1dfbb675fba07f1de1bf6,14
C_exact,10,1000,3,26,B,32,True,True,0.03713,ec5d86370dacd32a32e5d7fabb0028b4,0
C_exact,10,1000,3,26,B,34,True,True,0.035382,8a97d468fccac7b866e68135f0b6e79d,10
C_exact,10,1000,3,26,B,35,True,True,0.05822,44a09933eff323765cafe1deaa901b1c,4
C_exact,10,1000,3,26,B,38,True,True,0.053901,c36a6c61394a0a9dab177f2a14a55187,14
C_exact,10,1000,3,26,B,36,True,True,0.059232,19dafd61397fa72fadbaa490ecd1d618,6
C_exact,10,1000,3,26,B,37,True,True,0.051918,70109521a8b28169c385f425d852e428,0
C_exact,10,1000,3,26,B,39,True,True,0.036453,dd7356a9aea5093ec1774c1c81e2cc33,10
C_exact,10,1000,3,26,B,42,True,True,0.043051,65d1d31f3fb998caae7b96771801073c,6
C_exact,10,1000,3,26,B,40,True,True,0.047849,896ab6476f15a0483bf59b5ebecf6aa5,4
C_exact,10,1000,3,26,B,43,True,True,0.034481,aca71f0907e7ab722c63484558dd644b,0
C_exact,10,1000,3,26,B,41,True,True,0.038986,b6c820d52608d35bbfb0010e9b7d0731,14
C_exact,10,1000,3,26,B,44,True,True,0.039796,9fa549850e9fa9a15405c2f21107f15b,10
C_exact,10,1000,3,26,B,45,True,True,0.029626,4b91644bacf2b9a119b93efd154064df,6
C_exact,10,1000,3,26,B,46,True,True,0.035787,85dc5951065e99014dfbed47a5f4bfeb,4
C_exact,10,1000,3,26,B,47,True,True,0.031261,cf9a2a272f58e935969103f8dcd94ece,0
C_exact,10,1000,3,26,B,48,True,True,0.029092,14cb8560634a0d995af4cab63b8c1191,14
C_exact,10,1000,3,26,B,49,True,True,0.038471,ec3cf3f74d11051c0a803df6083f4a61,10
C_exact,10,1000,3,26,B,50,True,True,0.031325,5b3b94a074162a21e430e0c76c33e466,6
C_exact,10,1000,3,26,B,52,True,True,0.03171,d8d2c8b2de790d17a7177b8b4ec21453,0
C_exact,10,1000,3,26,B,51,True,True,0.033058,d4bfca9c75c1038dc8b1c82a08283efc,4
C_exact,10,1000,3,26,B,53,True,True,0.033855,9d3191c853c0b12f1ebff472c6e72aa8,14
C_exact,10,1000,3,26,B,54,True,True,0.040006,71ad9243a342da17b2ec168745f1d86f,10
C_exact,10,1000,3,26,B,56,True,True,0.046794,56af438f9337490216992d1e41d67eab,0
C_exact,10,1000,3,26,B,58,True,True,0.031378,b22d332dfcc8e4fa942ac6ede7106c4e,14
C_exact,10,1000,3,26,B,55,True,True,0.032402,37062fbc8979cee1e01ae3eed8b62fbb,6
C_exact,10,1000,3,26,B,57,True,True,0.033807,a5b4a570a1e4fb6864c33424c1a3b113,4
C_exact,10,1000,3,26,B,59,True,True,0.041099,968ef99ae76933223c7ef1c0ea67e36f,10
C_exact,10,1000,3,26,B,60,True,True,0.030725,c84015976155bca2a6efcaac7d440aae,0
C_exact,10,1000,3,26,B,61,True,True,0.0365,78c4f842309faf759077acdd1456e517,14
C_exact,10,1000,3,26,B,62,True,True,0.032312,dcdde61ce5258bf3d7de315370c6aa80,6
C_exact,10,1000,3,26,B,63,True,True,0.037455,a1c3e0431db3424f9077f6e823395832,4
C_exact,10,1000,3,26,B,65,True,True,0.060408,c5d08570395e02dcfe032c20cbce23f3,0
C_exact,10,1000,3,26,B,66,True,True,0.063019,9b16034763089e8945e1245d7db25394,14
C_exact,10,1000,3,26,B,64,True,True,0.077562,c958e6b63897645bde00c783e1dca380,10
C_exact,10,1000,3,26,B,68,True,True,0.042103,99b0eb4f141db97a49d97317a955a0de,4
C_exact,10,1000,3,26,B,67,True,True,0.044674,47381e1a2fbaeb58e727a5ea09b6d473,6
C_exact,10,1000,3,26,B,69,True,True,0.036465,8c2fab60a349f55193466e267c654248,0
C_exact,10,1000,3,26,B,71,True,True,0.041285,7647cd602252e862ef433900ed36d436,10
C_exact,10,1000,3,26,B,70,True,True,0.054608,66dc26847fb6552b855e3955930ead30,14
C_exact,10,1000,3,26,B,72,True,True,0.045026,7b377cf28bc20de73cdd7a8c2fed3f2c,4
C_exact,10,1000,3,26,B,73,True,True,0.036306,e446138f2aa48e4ec59647f85105305a,6
C_exact,10,1000,3,26,B,74,True,True,0.031512,9f4bd20c05edd401ba5703f95fb8f78a,0
C_exact,10,1000,3,26,B,75,True,True,0.071371,6b3df60bd74df9a27fcb5438c16e41c7,10
C_exact,10,1000,3,26,B,76,True,True,0.081182,d68d183dc581a4ee72d3ee8cdc13eac8,14
C_exact,10,1000,3,26,B,78,True,True,0.074041,3afac814e8f2067f901c7dc23c3dcf4e,6
C_exact,10,1000,3,26,B,77,True,True,0.087973,8fc16ce275567a240a74f4c940fb2034,4
C_exact,10,1000,3,26,B,79,True,True,0.065572,d662e5566bab9d23d2e9fb81d15bc621,0
C_exact,10,1000,3,26,B,80,True,True,0.036193,2e5c722c15c54143c076d587b3be8d7d,10
C_exact,10,1000,3,26,B,81,True,True,0.035669,64b2251c0fb6d22871b66025c3457e62,14
C_exact,10,1000,3,26,B,82,True,True,0.031498,bf7ab49c02b07ac285e945266127dbb9,6
C_exact,10,1000,3,26,B,83,True,True,0.028942,a5e652db312a1c35571bd757bbdae82d,4
C_exact,10,1000,3,26,B,84,True,True,0.03431,1aaf486a9f5580df7dd4d6f8b167849f,0
C_exact,10,1000,3,26,B,87,True,True,0.032008,6b758cd656e2ed47a1d12014ce64978a,6
C_exact,10,1000,3,26,B,86,True,True,0.048786,1759b5a8bc7dca17ec2842e75848fb7d,14
C_exact,10,1000,3,26,B,88,True,True,0.032919,781443297b25e2e886ef23c125c178e5,4
C_exact,10,1000,3,26,B,85,True,True,0.033889,aacb984e7d6911baf142b291d98810f5,10
C_exact,10,1000,3,26,B,89,True,True,0.037142,ce2ac36ae402f3567aac4555d6429f41,0
C_exact,10,1000,3,26,B,90,True,True,0.039567,1be781f0d92a5c8216aa9404880956cf,6
C_exact,10,1000,3,26,B,92,True,True,0.037544,259650b317dee9c8cb267c75f55c79b9,4
C_exact,10,1000,3,26,B,91,True,True,0.047337,b6f8e78cbfa4e627e36a7c1ccfc083de,14
C_exact,10,1000,3,26,B,93,True,True,0.038117,50bc3061a3005c0f8fb0eb94a75bdd1e,10
C_exact,10,1000,3,26,B,94,True,True,0.031877,6df498f3a4396ce4df79de54c0e7d1ec,0
C_exact,10,1000,3,26,B,95,True,True,0.040523,74490aac02646a397a253bb280ba444b,6
C_exact,10,1000,3,26,B,98,True,True,0.034512,5c02e4e7a46c43a578da418cfd38747c,10
C_exact,10,1000,3,26,B,96,True,True,0.046387,75aaa0a119c45f0e2893f810a88f696a,4
C_exact,10,1000,3,26,B,97,True,True,0.052593,26a37dc1797ad19582b275143c6222a2,14
C_exact,10,1000,3,26,B,99,True,True,0.038713,65713538501e040acd2c1c2ca636503d,0
C_exact,10,1000,3,26,B,100,True,True,0.030629,8ca65dbfd273f529eaa5bdbad65548b2,6
python_exact,10,1000,3,26,B,12,True,True,0.163119,583b63264110165f731dec090c6999e6,4
python_exact,10,1000,3,26,B,11,True,True,0.306404,55e05a19ab60cd0e83a12526ade3c5c3,10
python_exact,10,1000,3,26,B,13,True,True,0.368737,d837f8948268ee01b575e82b8142be45,14
python_exact,10,1000,3,26,B,14,True,True,0.380045,55fa33730952d524949f099e0887d3be,0
python_exact,10,1000,3,26,B,16,True,True,0.248319,dc2486fb0a995804dea4a27b1ec1eb89,4
python_exact,10,1000,3,26,B,15,True,True,0.506829,ee322267d676e7a60b403979a00da2af,6
python_exact,10,1000,3,26,B,18,True,True,0.173647,fcfdc0ee25176c2b17a7def214cb5c6b,14
python_exact,10,1000,3,26,B,17,True,True,0.252759,5406052c9a4bf0bf25937a97553648a4,10
python_exact,10,1000,3,26,B,19,True,True,0.188995,9b895f89d20f6b5b0bb4539cdfeb680c,0
python_exact,10,1000,3,26,B,20,True,True,0.252636,e28ef5adfa222121389b211258eab92f,4
python_exact,10,1000,3,26,B,24,True,True,0.173753,41d0cf0dc7212097e27c2a754d875c8b,0
python_exact,10,1000,3,26,B,21,True,True,0.235326,0ad03e91bcb6c3dcce8df46eb9f904e4,6
python_exact,10,1000,3,26,B,23,True,True,0.242825,af3d76e4f46940ffcd3207526489a680,10
python_exact,10,1000,3,26,B,22,True,True,0.293504,3cf4b1529fef32133e17351f7bd38eeb,14
python_exact,10,1000,3,26,B,25,True,True,0.184062,38380449480a90cc5386f0567c9e9607,4
python_exact,10,1000,3,26,B,27,True,True,0.225971,2947f813b74fd2a626620b4542010357,6
python_exact,10,1000,3,26,B,26,True,True,0.258886,e50bd660888fffefcaf83121cfdf0cf0,0
python_exact,10,1000,3,26,B,30,True,True,0.159319,2b00688445a51c4489626ed60e46725f,4
python_exact,10,1000,3,26,B,29,True,True,0.283169,3cff137d7bf9885794924515e06f1aba,14
python_exact,10,1000,3,26,B,32,True,True,0.136151,236ca879341239762e003bd3ac28b415,0
python_exact,10,1000,3,26,B,33,True,True,0.175626,e3033d10507c66e95caa67f25430a7eb,4
python_exact,10,1000,3,26,B,31,True,True,0.213605,8ea020eaedd36cec9076ee91fcd81284,6
python_exact,10,1000,3,26,B,36,True,True,0.176056,53faa999e83512950827a0a775dee461,4
python_exact,10,1000,3,26,B,35,True,True,0.273006,b24107290fdd5ebb2f9ed9b8eb6b4312,0
python_exact,10,1000,3,26,B,34,True,True,0.228248,907e578e442f8d4063b6c43fa021a3e5,14
python_exact,10,1000,3,26,B,37,True,True,0.23573,1c633485cd899c6b73cfec3b543dd4d2,6
python_exact,10,1000,3,26,B,38,True,True,0.136701,1db7fcaddba64b2e47932bf6e43841b5,4
python_exact,10,1000,3,26,B,39,True,True,0.112791,4dd4d0e0fac9ed5029239d7c3d5a0603,0
python_exact,10,1000,3,26,B,28,True,True,0.642429,6819ac3616e1605167ad07ba497a88fa,10
python_exact,10,1000,3,26,B,41,True,True,0.200253,d7d865f6c2115f37fbaae18c5c55a700,6
python_exact,10,1000,3,26,B,42,True,True,0.174004,b62cd884c4a622b74e600d8bfbb9c8f8,4
python_exact,10,1000,3,26,B,43,True,True,0.16944,138a07802b4ffcb195f321125554f538,0
python_exact,10,1000,3,26,B,40,True,True,0.382027,70f4d19f5a5357ecc680a14d71863c75,14
python_exact,10,1000,3,26,B,46,True,True,0.132746,64f79238742568205ee50a406371f042,4
python_exact,10,1000,3,26,B,44,True,True,0.191229,03aad2726eb48aeef33cec07ddd771d1,10
python_exact,10,1000,3,26,B,47,True,True,0.162624,c5032ff9327d1cb53ff417fc873182aa,0
python_exact,10,1000,3,26,B,45,True,True,0.324193,6812bf51df8da973c78f06832433fc24,6
python_exact,10,1000,3,26,B,50,True,True,0.274046,2dcd4355ce08e638e5b20b8b5e8cef3d,10
python_exact,10,1000,3,26,B,49,True,True,0.367619,7e987fa6ea62a813e48b4d6aa08f4ee4,4
python_exact,10,1000,3,26,B,51,True,True,0.332684,242be544bf5e4e8555093223e8bde304,0
python_exact,10,1000,3,26,B,52,True,True,0.233813,437a2af725886ada5d28b330a6e17ccd,6
python_exact,10,1000,3,26,B,53,True,True,0.151069,bf9b277d24dc5b417ae16cfb8bfdd650,10
python_exact,10,1000,3,26,B,48,True,True,0.461472,69b03b2cee000dd83f842865530a0ada,14
python_exact,10,1000,3,26,B,54,True,True,0.142224,9f750c7f6e231610ff56554908d7c31f,4
python_exact,10,1000,3,26,B,55,True,True,0.151578,292f11eb9453d6a948def22080f69a99,0
python_exact,10,1000,3,26,B,57,True,True,0.201125,e45d0007403a3999c002c4167c54e278,10
python_exact,10,1000,3,26,B,56,True,True,0.273177,2e9e80a024e08e7a8a3ccd447b3bf094,6
python_exact,10,1000,3,26,B,59,True,True,0.187759,f625137500909d64eae69fff42af8d86,4
python_exact,10,1000,3,26,B,60,True,True,0.162532,f361f324df561fd6df0b86b41f072bbd,0
python_exact,10,1000,3,26,B,63,True,True,0.124575,08af00619d1e893762c345d2d7ded85a,4
python_exact,10,1000,3,26,B,58,True,True,0.33626,a48739653143fcd7f91689b0dca6c273,14
python_exact,10,1000,3,26,B,61,True,True,0.206139,859f20903bc137aa5b44f72142a6b4fb,10
python_exact,10,1000,3,26,B,64,True,True,0.183937,2c52dbd37a0e66c95a64eb76c0b58a24,0
python_exact,10,1000,3,26,B,65,True,True,0.166325,47c27460493305999c3af61f3d84e244,4
python_exact,10,1000,3,26,B,68,True,True,0.162459,1059a154550cb0314eab27213a5935ae,0
python_exact,10,1000,3,26,B,67,True,True,0.205439,e25eb846ae5cc22bf823306501c9bbc7,10
python_exact,10,1000,3,26,B,62,True,True,0.394652,2d191f2530f5cbf4912123ce4f931249,6
python_exact,10,1000,3,26,B,69,True,True,0.13684,c97a16ab0614d807ce2a056837f90b13,4
python_exact,10,1000,3,26,B,66,True,True,0.318727,491708c9d238dd058a6e16af05e468c4,14
python_exact,10,1000,3,26,B,71,True,True,0.114994,1b89a5f5570070542dc8c61c859b7774,10
python_exact,10,1000,3,26,B,70,True,True,0.155521,b2407a314e8511e6f2c7a6eb7a5a98a2,0
python_exact,10,1000,3,26,B,73,True,True,0.146984,fdfd8f4f6eb4590b27321c82c16484bc,4
python_exact,10,1000,3,26,B,75,True,True,0.165977,6b3a69fdeaafe4abfaa789fdc9937f2b,10
python_exact,10,1000,3,26,B,74,True,True,0.225272,7fd7e33edf8233be5ed788f120c8f45f,14
python_exact,10,1000,3,26,B,76,True,True,0.226359,56181281f45fface35c3e257d588e626,0
python_exact,10,1000,3,26,B,78,True,True,0.106207,94067c23e998973aca6d5725f4225e0a,10
python_exact,10,1000,3,26,B,77,True,True,0.23816,c607cf69f44c2600ba5fdcd9ab694922,4
python_exact,10,1000,3,26,B,80,True,True,0.117539,24b26b3f0fb5101258f61d9906cd46af,0
python_exact,10,1000,3,26,B,72,True,True,0.594742,29aac09c1b91fd433bc45f3e9186bbc7,6
python_exact,10,1000,3,26,B,82,True,True,0.13373,6aca94c5e4f35374582c2e620b848863,4
python_exact,10,1000,3,26,B,79,True,True,0.280112,1667bc18aa4991cc21f83279d9d38fd1,14
python_exact,10,1000,3,26,B,81,True,True,0.259153,0fefa47f5574a71c3dc7053ffdabc8f0,10
python_exact,10,1000,3,26,B,83,True,True,0.183173,d43ca0ed1216ae2ff845437c9fe907a4,0
python_exact,10,1000,3,26,B,86,True,True,0.224909,a5ee730f9d5bb8ff742cdfc56d7526a4,14
python_exact,10,1000,3,26,B,85,True,True,0.245987,4306204996a89b49029e886e03f9d7c7,4
python_exact,10,1000,3,26,B,84,True,True,0.259119,bcbd1becd279f5d6337832a495c159e1,6
python_exact,10,1000,3,26,B,88,True,True,0.298593,39d93871c31343c9dd5fbabb8a78ba5a,0
python_exact,10,1000,3,26,B,87,True,True,0.335667,fa5e82f202ff19e1199b475066552194,10
python_exact,10,1000,3,26,B,89,True,True,0.196891,504c889fe5274a617008971321d6f2aa,14
python_exact,10,1000,3,26,B,91,True,True,0.260741,3f917e184218190c45888217ec1f519e,6
python_exact,10,1000,3,26,B,92,True,True,0.136774,a4b2393dfbe97336b93620768379f890,0
python_exact,10,1000,3,26,B,90,True,True,0.257077,acc3c6cb75fa0cccf5b027fea6d7c62c,4
python_exact,10,1000,3,26,B,93,True,True,0.216734,5639eab45fdeb846593a48bc5b19a800,10
python_exact,10,1000,3,26,B,96,True,True,0.157689,c24dd0a972b2de91614321f6b510b376,0
python_exact,10,1000,3,26,B,97,True,True,0.178847,9ffbb532a0801471a102335e07e585a0,4
python_exact,10,1000,3,26,B,95,True,True,0.218985,d1ed7bc85b9cb6f78b692b06818abfff,6
python_exact,10,1000,3,26,B,94,True,True,0.348346,7bd50b88daba983a154cc817cd9dca4f,14
python_exact,10,1000,3,26,B,100,True,True,0.15785,d972564d6fb896027ffbc646f2bbb433,4
python_exact,10,1000,3,26,B,99,True,True,0.19708,f02ff69d9886c31fee998912c86547b9,0
python_exact,10,1000,3,26,B,98,True,True,0.354236,1b147137f2410541c5a908dffd89e815,10
C_pruning,12,1728,1,6,A,12,True,True,0.494312,8c933b500fcee8dafc35c4879f414d07,14
C_pruning,12,1728,1,6,A,11,True,True,0.793624,707cb43e52a37c56986a5478c3edbcc4,6
C_pruning,12,1728,1,6,A,14,True,True,1.002872,e908b78fc1e2c2069e73b17b8df5ee60,0
C_pruning,12,1728,1,6,A,18,True,True,0.223039,44270f0e830eb6d2d6fe6b006777d052,0
C_pruning,12,1728,1,6,A,15,True,True,1.381811,92c00812da3098a72ab73c1baec5ba62,10
C_pruning,12,1728,1,6,A,17,True,True,0.846113,ecb4c2e229fb0cf1cbbc6ef742e583f0,6
C_pruning,12,1728,1,6,A,21,True,True,0.488664,1752c582cb9a181077c659842f6e35aa,6
C_pruning,12,1728,1,6,A,13,True,True,2.150808,bc7d60fdcc03297d387091f3e046e9d7,4
C_pruning,12,1728,1,6,A,20,True,True,1.723103,43e03e77257d487ca3f005a7c2c20643,10
C_pruning,12,1728,1,6,A,16,True,True,2.912494,32f5177c5a55f4472af7de127a0f0e60,14
C_pruning,12,1728,1,6,A,19,True,True,2.082163,f15a36e6d26120ca3328bedbc83a1f66,0
C_pruning,12,1728,1,6,A,26,True,True,0.175578,687c960ab326e6c1a9f3a93d1aa87bbd,0
C_pruning,12,1728,1,6,A,25,True,True,1.555911,1222055bcbc72cf5175678f650ff6a67,14
C_pruning,12,1728,1,6,A,27,True,True,1.284073,e88bd9e8f610fd2e9a076033db189e90,0
C_pruning,12,1728,1,6,A,22,True,True,3.220792,715bbea08b929f895e6492f76af15877,6
C_pruning,12,1728,1,6,A,28,True,True,1.088244,a6e728c6b1a5f6c00e5f316aa4f0ae66,14
C_pruning,12,1728,1,6,A,29,True,True,1.257855,7293f428a43950ca09dc77e29e4d40cb,0
C_pruning,12,1728,1,6,A,24,True,True,3.350981,789ba0e85e3a817b7a49746f742b07fa,10
C_pruning,12,1728,1,6,A,23,True,True,4.492271,f8c4cab8e435da6aad053792d94e5066,4
C_pruning,12,1728,1,6,A,32,True,True,0.817993,d56b34a9aff5a0f87e6496ecde3c4c38,0
C_pruning,12,1728,1,6,A,34,True,True,0.33127,75203454138ee02e963f973823dca60b,4
C_pruning,12,1728,1,6,A,30,True,True,1.841606,305e31cf9aa5f1257ac79573137c1577,6
C_pruning,12,1728,1,6,A,35,True,True,0.18299,abea1349429d3dcd76198c5714a9ad1b,0
C_pruning,12,1728,1,6,A,33,True,True,0.774729,3474b05a33b27060a0a5e95ac7dce8d4,10
C_pruning,12,1728,1,6,A,38,True,True,0.497146,d07a26e8f7bf2eb6259747295d52ab8f,0
C_pruning,12,1728,1,6,A,39,True,True,0.500959,32c80d8e91310da42668bc070f5f6f3b,10
C_pruning,12,1728,1,6,A,40,True,True,0.173461,561cfa115efda9962a0d9449dede7bd7,0
C_pruning,12,1728,1,6,A,37,True,True,0.938115,452ff78c6299eef9b5e8090eb81e6342,6
C_pruning,12,1728,1,6,A,31,True,True,2.170491,c674f3b0daab46c43d5f724bd06d6a2e,14
C_pruning,12,1728,1,6,A,36,True,True,1.229848,e252daec4985fa33172ff32c4722a7e6,4
C_pruning,12,1728,1,6,A,43,True,True,0.174811,1b6e880e2506a5552de7a2da8894bd11,6
C_pruning,12,1728,1,6,A,42,True,True,0.637148,d6abc0ff570bdb8c1ff2e81eec51580f,0
C_pruning,12,1728,1,6,A,45,True,True,0.318447,83eadca90f78b8f355678e8bc26e76c8,4
C_pruning,12,1728,1,6,A,47,True,True,0.333458,f07a623a12ab11357bbcb72f44c0a2eb,0
C_pruning,12,1728,1,6,A,46,True,True,0.778433,075717edb2a1c380b48588628e6ee325,6
C_pruning,12,1728,1,6,A,41,True,True,1.233497,9b00886a71804fe3dd55563ea9cb478d,10
C_pruning,12,1728,1,6,A,50,True,True,0.172113,fe6f1fe28579b84552bb59a31d3d8c5c,6
C_pruning,12,1728,1,6,A,44,True,True,1.236334,66c9fc2e2163fa52c3e57d83be0645a7,14
C_pruning,12,1728,1,6,A,49,True,True,0.826348,f5f573834cf225da44435f688c3ea177,0
C_pruning,12,1728,1,6,A,53,True,True,0.667925,d2e1710fb8fb91039b78eb88b7b92096,14
C_pruning,12,1728,1,6,A,55,True,True,0.503733,7c5b81b76f95a8cd5dc0ae71ffdb9b1e,14
C_pruning,12,1728,1,6,A,51,True,True,2.303878,69ca3fc56d88660bb0baa9b6ca1cf483,10
C_pruning,12,1728,1,6,A,54,True,True,2.095556,4d70a6b75127f72d8cd67121ce8c30cc,0
C_pruning,12,1728,1,6,A,52,True,True,2.88142,623872630b9dbedc5c4d3b30384d078b,6
C_pruning,12,1728,1,6,A,48,True,True,3.707664,52f8aab9ad26124ff40c912cc052a23d,4
C_pruning,12,1728,1,6,A,59,True,True,0.189839,7a35b66f9d94525b7c43c5227369dbef,6
C_pruning,12,1728,1,6,A,58,True,True,1.122828,5642b197bcf27f29feaebb4512a3cc12,0
C_pruning,12,1728,1,6,A,60,True,True,0.963483,6ec27429adfc47d60fb82e8a09703582,4
C_pruning,12,1728,1,6,A,56,True,True,2.850969,bd1facc0a98200e0da7b1d43e7237bb1,14
C_pruning,12,1728,1,6,A,64,True,True,0.798928,d1ea851c988e4d513bb237f1046172d3,14
C_pruning,12,1728,1,6,A,63,True,True,0.9548,c47fcdf0dd9243b286d7307c1597030d,4
python_pruning,10,1000,2,18,T,99,True,True,51.975861,f1bc558f10d9ee61b8c3b90b1ec8ff5f,8
C_pruning,12,1728,1,6,A,65,True,True,0.318811,1f89b52ea160c9b63dd19685c5a29d9c,14
C_pruning,12,1728,1,6,A,66,True,True,0.622278,1f442e599bf62f1ef7399eff6f6c45d2,4
C_pruning,12,1728,1,6,A,68,True,True,0.315672,dad41b331f22b949b177df28c6dfbb1e,14
C_pruning,12,1728,1,6,A,70,True,True,0.193683,cf343cd5f723844cd0ea8ba9b35c35e0,14
C_pruning,12,1728,1,6,A,71,True,True,0.181984,c936ea4455224fdf87e298fc1d96d959,14
C_pruning,12,1728,1,6,A,61,True,True,3.174935,c36728e044ea236831c7d37efb28341e,6
C_pruning,12,1728,1,6,A,73,True,True,0.173295,7242f988ea2f0d155cf643109e919a6e,6
C_pruning,12,1728,1,6,A,57,True,True,4.452845,fa3a9dab050f003dcac6d6bf2c2c7810,10
C_pruning,12,1728,1,6,A,74,True,True,0.478107,acf146e622c0ff949deabb70c37b35a8,6
C_pruning,12,1728,1,6,A,62,True,True,3.351279,94edb9d99d10b5260546a2ebcd8012cd,0
C_pruning,12,1728,1,6,A,76,True,True,0.174313,77529ae11bcdb7849f246953bd3dd6e3,6
C_pruning,12,1728,1,6,A,75,True,True,0.78816,4e5dda3244c4199c01253212a1df4bb4,10
C_pruning,12,1728,1,6,A,67,True,True,2.433054,e42728f8c6798511ed42f2750820b973,8
C_pruning,12,1728,1,6,A,79,True,True,0.571584,f83f844b3e4169fa9cef78fe0b62c7f9,10
C_pruning,12,1728,1,6,A,69,True,True,2.991362,c7b631bca985ab5c35efa5c4cd73658d,4
C_pruning,12,1728,1,6,A,80,True,True,1.033892,8b18017f8114b5b51155408af16db5fb,8
C_pruning,12,1728,1,6,A,72,True,True,2.811874,51d9b7f4ee679a6bcf370e95f57615df,14
C_pruning,12,1728,1,6,A,81,True,True,1.094437,be06860995982fc8d3d98c2d063943cd,10
C_pruning,12,1728,1,6,A,77,True,True,2.141076,ec3a96a28d6e1260ebc54b56140b9bac,0
C_pruning,12,1728,1,6,A,83,True,True,0.490461,bca988366cbb8ef7279152b1aee2efaf,8
C_pruning,12,1728,1,6,A,84,True,True,0.826588,c0b5838557030a3f43d88932b749e136,14
C_pruning,12,1728,1,6,A,78,True,True,2.692238,6ffb8b708a6bf992f2fdc92ac074342e,6
C_pruning,12,1728,1,6,A,88,True,True,0.639022,c564e84428d8a8a797324c47c8594be4,14
C_pruning,12,1728,1,6,A,82,True,True,1.915935,98a6bfef7fb5bcdbbe201173649a8150,4
C_pruning,12,1728,1,6,A,86,True,True,1.512072,78e052c17ec21b966f390a1c26b1c0e2,0
C_pruning,12,1728,1,6,A,91,True,True,0.471889,15d5e8eae068074e789469b2c5f36298,4
C_pruning,12,1728,1,6,A,87,True,True,1.880953,2ea620f555a9f3016be402976f3593f9,8
C_pruning,12,1728,1,6,A,90,True,True,1.076544,d9f08ebd5caee5f25ff4c39d449d45c1,14
C_pruning,12,1728,1,6,A,94,True,True,0.496307,9b14da7fd1e46aa0abc06351fa00be59,8
python_pruning,10,1000,2,18,T,90,True,True,87.958422,c290817d57d0b6590f0de8acd00f9439,12
C_pruning,12,1728,1,6,A,95,True,True,0.472688,4df2abb77e39514afc4728cb354867f8,14
C_pruning,12,1728,1,6,A,93,True,True,1.231143,116bc9b47178282dddebbd838f4e60c2,4
C_pruning,12,1728,1,6,A,85,True,True,3.409832,53bfb24f1ce050200abf91563c24c933,10
C_pruning,12,1728,1,6,A,89,True,True,2.596883,d32208f567558edc53c4c5262af1c86a,6
C_pruning,12,1728,1,6,A,92,True,True,1.863029,defe9b0b66459eaf7ef32aef2e45a1ab,0
C_pruning,12,1728,1,6,A,98,True,True,0.65121,3a37460daf39017a22089ba11533682c,14
C_pruning,12,1728,1,6,A,99,True,True,0.478558,48d7092b54a231d0b6d506a399e4c8b5,4
C_pruning,12,1728,1,6,A,100,True,True,0.336359,d36e8927818df45a4bb55df8569d955f,10
C_pruning,12,1728,1,6,A,96,True,True,1.436121,54926a85bd127f6bc8e9c37c49c90e06,8
C_pruning,12,1728,1,6,A,97,True,True,2.436369,f881f7b75ca19678655e10126abbe0a9,12
python_pruning,12,1728,1,6,A,12,True,True,3.149503,e2569d3135f9838aa0e7ec05e5270e7c,0
python_pruning,12,1728,1,6,A,16,True,True,3.297974,23eda38ee203ac58f1836a353c7f2a1d,8
python_pruning,12,1728,1,6,A,18,True,True,2.977782,9469880a68c011d2665b4761c08e468e,0
python_pruning,12,1728,1,6,A,11,True,True,9.13829,45958f8b26ce8900fdee2aba522a98fa,6
python_pruning,12,1728,1,6,A,20,True,True,8.886899,a3321108a60ec99b83c8972fbe24eab1,0
python_pruning,12,1728,1,6,A,13,True,True,22.036043,fdef9c7382ab439ede474ad765e67d0b,14
python_pruning,12,1728,1,6,A,19,True,True,20.492561,37a414a8aa43860740cff8a680788fa0,8
python_pruning,12,1728,1,6,A,17,True,True,24.050047,4cc139b37727528e7e294abaf72b99de,12
python_pruning,12,1728,1,6,A,24,True,True,3.123763,3b31166be6e5f0d9b9388ec8a074b847,8
python_pruning,12,1728,1,6,A,25,True,True,3.034112,9e5ab91ca60396ef74de8682bfd57489,12
python_pruning,12,1728,1,6,A,21,True,True,26.365945,ecc8d4e9c87553c4f346b9c870e1602f,6
python_pruning,12,1728,1,6,A,15,True,True,35.404965,5b15cf226b5e63662872a87ca38054f2,10
python_pruning,12,1728,1,6,A,26,True,True,9.0778,892f5ba6b6c23a7976da940d6b3d074d,8
python_pruning,12,1728,1,6,A,27,True,True,8.958165,8152f3d219ead2dd9996a14a6b3d4086,12
python_pruning,12,1728,1,6,A,28,True,True,3.581216,4c7719289c08e7066595be1e6454a145,6
python_pruning,12,1728,1,6,A,31,True,True,3.018076,4a316a20e41c5bd552aa13fdca5c40a6,12
python_pruning,10,1000,2,18,T,93,True,True,116.96513,3451900299974ab680edcb68c3b95ded,2
python_pruning,12,1728,1,6,A,30,True,True,9.002498,05151cf34e24ad384ea5905eb991b4c5,8
python_pruning,12,1728,1,6,A,29,True,True,12.073146,1325d54a9cb1a1a78ea3361998843d8a,10
python_pruning,12,1728,1,6,A,32,True,True,9.097405,468f3ebe6970b8d32da82c8c0b0ec3f2,6
python_pruning,12,1728,1,6,A,14,True,True,50.38953,2f370df5ab242c5c751ec8ef46da15b8,4
python_pruning,12,1728,1,6,A,37,True,True,3.37764,e472113fd40f894d62656bc595132b52,6
python_pruning,12,1728,1,6,A,33,True,True,11.660107,4705f10d3e63b9d3c9fbfebc7f3fca1a,12
python_pruning,12,1728,1,6,A,40,True,True,2.87982,8d2907c82ebfbc6cf1d2d27961063315,12
python_pruning,12,1728,1,6,A,41,True,True,2.837465,303c33b071c11dca1308af93a1765409,12
python_pruning,12,1728,1,6,A,39,True,True,7.292528,292dabf076d1a443c3d51fed917bb788,6
python_pruning,12,1728,1,6,A,23,True,True,38.42239,029508189ff4b7dae173b65aeae91a3c,14
python_pruning,12,1728,1,6,A,36,True,True,14.379563,3c9451f363136d2b8089a7d9806ad9f0,10
python_pruning,12,1728,1,6,A,35,True,True,20.517762,8d5a9357cb68f08681bd93220788774e,8
python_pruning,12,1728,1,6,A,34,True,True,29.738711,3029ed1989ff6417c72cca71a78340f0,2
python_pruning,12,1728,1,6,A,22,True,True,59.329205,98425f47ec673ee999d985e37445c1a7,0
python_pruning,12,1728,1,6,A,45,True,True,14.10199,c56c387f766390a18682e07809681c45,10
python_pruning,12,1728,1,6,A,47,True,True,7.962821,3dd7c9e3537bca8ff1d6bd3f351bca7f,2
python_pruning,12,1728,1,6,A,46,True,True,14.487102,e91b8811c0099f1b651bc343085e54ec,8
python_pruning,12,1728,1,6,A,50,True,True,4.136388,b3e2b4748e6648007933b70e891c8ed5,2
python_pruning,12,1728,1,6,A,49,True,True,8.506127,8802b284efb9e2e3c05253971d78853e,10
python_pruning,12,1728,1,6,A,48,True,True,14.533308,1a15fe07951b7c2fc605906cf000135e,0
python_pruning,12,1728,1,6,A,43,True,True,32.145819,06f0df5ca4c952c03609db6dd506b234,6
python_pruning,12,1728,1,6,A,42,True,True,37.343785,123bb68a80c579f8d8306430c06a66af,12
python_pruning,12,1728,1,6,A,54,True,True,11.465638,f9ddd438ebffb850c409042a5ba01028,0
python_pruning,12,1728,1,6,A,56,True,True,5.841113,da4973a47e083301cc8fb68aed7ea7b6,12
python_pruning,12,1728,1,6,A,53,True,True,17.05211,b78b253d54ebd40219df136e3f7b9e83,10
python_pruning,12,1728,1,6,A,38,True,True,58.173324,4a576cd9bd650a0b1a8ddaf905101ead,4
python_pruning,12,1728,1,6,A,60,True,True,3.721607,225cc2eacf27cf98e56fd4bbfe8e5e60,4
python_pruning,12,1728,1,6,A,57,True,True,14.28427,91e64059af3cf10e4e5dc4f72bf5ebff,0
python_pruning,12,1728,1,6,A,55,True,True,32.198175,e8e92ff40b79f9f21087a03e774043f1,6
python_pruning,12,1728,1,6,A,44,True,True,67.108384,6e33318a43a50857af650a2f06dab59a,14
python_pruning,12,1728,1,6,A,61,True,True,18.187941,45e3c48eabe3d5ea3f0f9ca38e0d84c2,4
python_pruning,12,1728,1,6,A,58,True,True,31.083814,386e8ea30ff80818f44d06eb810801c6,12
python_pruning,12,1728,1,6,A,66,True,True,2.868902,baa92454c481e1fa63b8b4fcf06d3c41,12
python_pruning,12,1728,1,6,A,64,True,True,8.519754,62540cb7e49b6ecca95632a70fb613bc,14
python_pruning,12,1728,1,6,A,63,True,True,19.71457,cc0d01ca3c96f394dafc1bb078af3ecf,6
python_pruning,12,1728,1,6,A,59,True,True,45.474061,ae25ab142d80d8d075aed2cd645e1d4a,10
python_pruning,12,1728,1,6,A,69,True,True,6.229875,c88d69e16f375d695328eb54d7ee33c3,6
python_pruning,12,1728,1,6,A,71,True,True,6.097891,509db0d6d8a16d076cc3482373ccab47,6
python_pruning,12,1728,1,6,A,70,True,True,11.453312,33deb5230f49795052d094b863edcb3d,10
python_pruning,12,1728,1,6,A,51,True,True,80.491051,c03f37aeebcc667ca54f202faa19a7aa,8
python_pruning,12,1728,1,6,A,73,True,True,5.769912,91a1caf660f0f2681711fc7912a2c08c,10
python_pruning,12,1728,1,6,A,75,True,True,2.812697,5825e8daaa5911bc13d5496a0ee2ebe9,10
python_pruning,12,1728,1,6,A,68,True,True,33.516713,f9987951cb100b54be1fe4406809ab35,14
python_pruning,12,1728,1,6,A,65,True,True,42.878088,4cf729397a2b7dd07f5a7878d2cb6e3f,4
python_pruning,12,1728,1,6,A,67,True,True,39.371167,a6733a40645c729a727d80b3ffbc0b08,12
python_pruning,12,1728,1,6,A,76,True,True,11.239881,235a1d01c2449a3c3b4d7e9e31868fcc,10
python_pruning,12,1728,1,6,A,52,True,True,95.317115,e49c0d7f90cc4036ab0f3bf0295d71b3,2
python_pruning,12,1728,1,6,A,72,True,True,25.223088,e1e76f57147f284a12a698c0e54f38e3,6
python_pruning,12,1728,1,6,A,74,True,True,20.345467,b61f9b121de12683b7f0b6456429f9df,8
python_pruning,12,1728,1,6,A,81,True,True,2.856123,4348332bcc8fe69424b1b4b8ece5c93a,2
python_pruning,12,1728,1,6,A,84,True,True,2.90425,873637fde8e0cfc887517d9ebac20344,2
python_pruning,12,1728,1,6,A,78,True,True,11.910454,1c6b99c0bb0f52f368c8de85f7575b1c,4
python_pruning,12,1728,1,6,A,77,True,True,17.171389,aa4a73cb5227445372f2cd0a3ac38352,14
python_pruning,12,1728,1,6,A,79,True,True,14.235482,0c9de6ee326585be178d1f15ff491150,12
python_pruning,12,1728,1,6,A,86,True,True,4.195593,9028aaaf6894771e10365ba55f0fa018,4
python_pruning,12,1728,1,6,A,82,True,True,12.49611,e16c5b721767224522c845c307d75254,6
python_pruning,12,1728,1,6,A,87,True,True,8.398995,ad87ca91f9823084de506941d961839f,14
python_pruning,12,1728,1,6,A,83,True,True,14.493987,5738d6667e071ecc9e2e1b73bd5cb134,8
python_pruning,12,1728,1,6,A,85,True,True,17.479156,f7e1003e7981c17a7116bbf33dff3f5e,2
python_pruning,12,1728,1,6,A,80,True,True,25.459224,3127d3642a55d46955a0f50a9dd514e2,10
python_pruning,12,1728,1,6,A,62,True,True,90.894489,465093599b13cdcfbb09ed62f1a809c9,0
python_pruning,12,1728,1,6,A,90,True,True,12.780627,769a962dd419124605882dabf3d969df,6
python_pruning,12,1728,1,6,A,89,True,True,18.030097,bb803a157b65b13770ef4cc6cb5f66a6,4
python_pruning,12,1728,1,6,A,91,True,True,12.680124,aec1657d4fcdbe9c3a5ae359b4530bfd,14
python_pruning,12,1728,1,6,A,88,True,True,19.92049,1dc99818e53e7fa9e44c1fb186916d5b,12
python_pruning,12,1728,1,6,A,94,True,True,5.802197,f32adbcc748c0cbb906fad475707d454,10
python_pruning,12,1728,1,6,A,99,True,True,2.946029,c47fe86961e02fdc0139fa990cf23db1,12
C_exact,12,1728,1,6,A,11,True,True,0.072939,474f275607e13368847e15b80662a193,12
C_exact,12,1728,1,6,A,12,True,True,0.046259,909112b431161ad5e62ab2496299ad27,12
C_exact,12,1728,1,6,A,13,True,True,0.057672,1b2e87d4516a74925a6e86952dd741b3,12
C_exact,12,1728,1,6,A,14,True,True,0.047732,82cb9ae428de40508becb1b41d7d7356,12
C_exact,12,1728,1,6,A,15,True,True,0.043536,9cdb672bf94c7a391ebc5ab8b1fd4602,12
C_exact,12,1728,1,6,A,16,True,True,0.078055,e78a446eae72ca3c52a804e9b1b6330a,12
C_exact,12,1728,1,6,A,17,True,True,0.05082,29d8e276303eeab855810f5f68478510,12
C_exact,12,1728,1,6,A,18,True,True,0.057753,88e09815efc51b757457b7e30e23b013,12
C_exact,12,1728,1,6,A,19,True,True,0.081772,59b80787d72ab0c6bbd03491e9268ae4,12
C_exact,12,1728,1,6,A,20,True,True,0.049701,a9cce5e51df63c5e96486b5a133b4ca5,12
C_exact,12,1728,1,6,A,21,True,True,0.052914,515eb2c2d9bb109da23e20ea6c4ddc93,12
C_exact,12,1728,1,6,A,22,True,True,0.056742,a732496cb4c35afabfbf842f544180f7,12
C_exact,12,1728,1,6,A,23,True,True,0.041296,009fce5b683bf6101e91f14b70ec8530,12
C_exact,12,1728,1,6,A,24,True,True,0.070957,989ed6b5930774f139132ba101358ccf,12
python_pruning,12,1728,1,6,A,100,True,True,3.332389,113be26bf5dd47b16bc47e767b466e42,10
C_exact,12,1728,1,6,A,25,True,True,0.066581,b7eeb549eeaec6bab98188960771145b,12
C_exact,12,1728,1,6,A,27,True,True,0.058278,29c88ef097f8cc6d0c13a900e81dc65a,12
C_exact,12,1728,1,6,A,26,True,True,0.066097,2a17e3c070bc8dd8a7a4ed33c073fa53,10
C_exact,12,1728,1,6,A,28,True,True,0.066243,6e703d75d2e2976aac063d3fc1177b23,12
C_exact,12,1728,1,6,A,29,True,True,0.06527,99c133342d7007f58f1ca4cc17373e62,10
C_exact,12,1728,1,6,A,31,True,True,0.0679,83e400afbec5e5ec3ba4960a9271ad14,10
C_exact,12,1728,1,6,A,30,True,True,0.06873,cd53855b07f97d8a797493177b8b4356,12
C_exact,12,1728,1,6,A,32,True,True,0.050281,695c58f6a84c159d661dc41937d6d198,10
C_exact,12,1728,1,6,A,33,True,True,0.053906,e8447263a0a22b80e04db8b164a19041,12
C_exact,12,1728,1,6,A,34,True,True,0.058575,6e76b08be8372d113c7bdd700807c9f2,10
C_exact,12,1728,1,6,A,35,True,True,0.070127,b8e839fb4a26ee7eb0fa292c7f58ed7c,12
C_exact,12,1728,1,6,A,37,True,True,0.06915,3a86c2ff722acc10b17afa464f8a6623,12
C_exact,12,1728,1,6,A,36,True,True,0.078806,d290bff9873ee58feac539efa66ad346,10
C_exact,12,1728,1,6,A,38,True,True,0.049372,872563a65dc55e6e5d081d7aa71e73f0,12
C_exact,12,1728,1,6,A,39,True,True,0.083281,82148b70f5eb82707bc75e7b1d87ed3e,10
C_exact,12,1728,1,6,A,40,True,True,0.078374,1d561d0b366d3562d65baaa8259aec80,12
C_exact,12,1728,1,6,A,41,True,True,0.085215,ff86ae16089f10139972177eb5bdd596,10
C_exact,12,1728,1,6,A,42,True,True,0.052517,bf3e48cbcd43f1c6ea7fe1fbd25b61fb,12
C_exact,12,1728,1,6,A,43,True,True,0.055632,b36a9adddf50c77a4699133ea3f83602,10
C_exact,12,1728,1,6,A,44,True,True,0.081506,973e6ff3228c7b2cbaf5a18cfa71933e,12
C_exact,12,1728,1,6,A,45,True,True,0.060321,f48fe78120904fb106afa335f771b5a8,10
C_exact,12,1728,1,6,A,46,True,True,0.066796,8a301fe97bd49483af4f9a92585394ea,12
C_exact,12,1728,1,6,A,47,True,True,0.066463,1b517d8d0762bf647bcc0cf5d3a1a688,10
C_exact,12,1728,1,6,A,49,True,True,0.05505,f6c48d67b64bc08a0c758dd70ade8667,10
C_exact,12,1728,1,6,A,48,True,True,0.067048,6c416f8d1022916de8a68bdf0a79776a,12
C_exact,12,1728,1,6,A,50,True,True,0.071814,a8f31d02672e1b3cc8e2daf480e009c2,10
C_exact,12,1728,1,6,A,51,True,True,0.057086,e6a6fd031c3bc0eba79c4bdcfaf4b700,12
C_exact,12,1728,1,6,A,52,True,True,0.094054,1f4e7f8b1c9e7129f793209a09c6fa58,10
C_exact,12,1728,1,6,A,53,True,True,0.066364,0a38da82b3a930865b728b650c8debb9,12
C_exact,12,1728,1,6,A,55,True,True,0.067526,50a552a856c926387e7d8de52b95b42d,12
C_exact,12,1728,1,6,A,54,True,True,0.093649,46103fd5cb48c622b8b88efab936a4ff,10
C_exact,12,1728,1,6,A,56,True,True,0.063678,62a969660b5578719fa6f355eea87bd4,12
C_exact,12,1728,1,6,A,57,True,True,0.053618,738ae70b7a27236dade74b54b50ed486,10
C_exact,12,1728,1,6,A,58,True,True,0.063604,95c4bab7b595ab7cb1e66d3f2ea73e9a,12
C_exact,12,1728,1,6,A,59,True,True,0.045274,db5cc8c7cdd89c88dc4a08c8a4ba09d0,10
C_exact,12,1728,1,6,A,61,True,True,0.061169,814c0f83b2d484b6c04a0e8cb0ec03e1,10
C_exact,12,1728,1,6,A,60,True,True,0.060375,b485260f0ba8ab6bb65925152fd67514,12
C_exact,12,1728,1,6,A,62,True,True,0.089618,462aa00a769cb0a8cf3cae1158ac4b80,10
C_exact,12,1728,1,6,A,63,True,True,0.067358,820c2d30dd3056de7c963859cbb7055f,12
C_exact,12,1728,1,6,A,65,True,True,0.050901,f11596621e388ae0037a845ce4243298,12
C_exact,12,1728,1,6,A,64,True,True,0.097954,a3f22672e2e7907a0e92ed1923e5ccde,10
C_exact,12,1728,1,6,A,66,True,True,0.089145,728cc1418a3a82b9f1c5e060875e12bc,12
python_pruning,12,1728,1,6,A,97,True,True,7.847193,9ec76c32672658dbd55f465a22ce1598,4
C_exact,12,1728,1,6,A,67,True,True,0.061074,079a8b663f45de374c34990b5c7e3225,10
C_exact,12,1728,1,6,A,68,True,True,0.094236,f82c65e2c168dcaaab889ddcef9b3df7,12
C_exact,12,1728,1,6,A,69,True,True,0.076517,c8a70b03c13d5cf641504177c7032a7f,4
C_exact,12,1728,1,6,A,70,True,True,0.062969,7d83795b75a8bcf883c3c18c6e464d35,10
C_exact,12,1728,1,6,A,71,True,True,0.068634,632839a8a94a55485efd474ab877a809,12
C_exact,12,1728,1,6,A,72,True,True,0.046218,f43922c02fd735fd155ffcc886aa0e34,4
C_exact,12,1728,1,6,A,73,True,True,0.065211,2d727cecc35dfd47af3fbab7649f2bed,10
C_exact,12,1728,1,6,A,74,True,True,0.064415,f3e7bfaa2244a04f36b4510cb51083c1,12
C_exact,12,1728,1,6,A,76,True,True,0.057937,9c74c835ff285ea0494e658854a9506f,10
C_exact,12,1728,1,6,A,75,True,True,0.094002,f6d51c681ea62b85ac72c3c1b40c4db2,4
C_exact,12,1728,1,6,A,77,True,True,0.055027,1f20abc37aeee41a940a159d1482b3a5,12
C_exact,12,1728,1,6,A,78,True,True,0.047299,4e17bf8d2122303f1e58e250e96a3b8c,10
C_exact,12,1728,1,6,A,79,True,True,0.053238,1722241b974f08923916f5abb2f288b7,4
C_exact,12,1728,1,6,A,81,True,True,0.055209,5676b61f948c6121cb0ba65d8ae9c407,10
C_exact,12,1728,1,6,A,80,True,True,0.092195,74ae7aa5aa01a1d7a9268fc0f747b03c,12
C_exact,12,1728,1,6,A,82,True,True,0.060644,402311bd1c34c921561146e716a13a60,4
C_exact,12,1728,1,6,A,83,True,True,0.059271,5479c42e9932fd78f9bb7c397886e119,10
C_exact,12,1728,1,6,A,85,True,True,0.061992,4ba1cd8c9113df9d53c9a63b6f1c7cbf,4
C_exact,12,1728,1,6,A,84,True,True,0.088166,fcc569358dfd3aa94e8c01a12f225a04,12
C_exact,12,1728,1,6,A,86,True,True,0.052779,16d29300078af016f14f9193b89b0013,10
C_exact,12,1728,1,6,A,87,True,True,0.044752,ebf7b11637ebf660441fd4a421a93324,4
C_exact,12,1728,1,6,A,88,True,True,0.040465,bc9ddd30ea6c59e8bfa208d24af107b3,12
C_exact,12,1728,1,6,A,89,True,True,0.055843,12401719763588c4129dd3c802b81078,10
C_exact,12,1728,1,6,A,90,True,True,0.043791,f681943824b34e970a78f88441a6f6f4,4
C_exact,12,1728,1,6,A,92,True,True,0.055267,dd77c66f0e73f0a34d0e072e9a7070f3,10
C_exact,12,1728,1,6,A,93,True,True,0.064868,47aa9ddba7ac3546d7f6d945ca1c410a,4
C_exact,12,1728,1,6,A,91,True,True,0.058696,dcb075ec12569eb51a589e7c3d1597f9,12
C_exact,12,1728,1,6,A,94,True,True,0.050983,8d3f98982efc252d01eb9c67cf521d22,10
C_exact,12,1728,1,6,A,95,True,True,0.055683,e2028d564b09bede9650b81d8f12d6a5,4
C_exact,12,1728,1,6,A,96,True,True,0.046771,ea9063dbcc8cc09bf60bd7d0b08404eb,12
C_exact,12,1728,1,6,A,98,True,True,0.05481,4097e1d4796c31e071793bc6f5b57684,4
C_exact,12,1728,1,6,A,97,True,True,0.063577,bc817a08dfe22be0660e80b32144b3c4,10
C_exact,12,1728,1,6,A,99,True,True,0.049214,b8d3c9ca4c922eb8d15de920b2463ccd,12
C_exact,12,1728,1,6,A,100,True,True,0.077761,b51210f6fa48fb9641e06b92e7e8c8df,4
python_exact,12,1728,1,6,A,13,True,True,1.198824,547e7260e5ee45e366c8ab788a8cf428,4
python_exact,12,1728,1,6,A,11,True,True,1.331307,d3d9825c0f8084d4d8a51776799d828c,10
python_exact,12,1728,1,6,A,12,True,True,1.848679,0f61809047a03385722ef627a9b26ffd,12
python_exact,12,1728,1,6,A,14,True,True,0.76573,e33bc9b8c0c572f960fafc5a74620eb9,4
python_exact,12,1728,1,6,A,15,True,True,1.000817,23f0619509bbaadfc52ccc5164209289,10
python_exact,12,1728,1,6,A,17,True,True,0.634852,bf1287a3c740aeb72f2016c3ebed1a47,4
python_pruning,12,1728,1,6,A,95,True,True,14.018969,f7ad800b334c53ded95adf45a38bfa39,0
python_exact,12,1728,1,6,A,16,True,True,1.208583,6f54d2f5a488b42753941c8ae2d5556e,12
python_exact,12,1728,1,6,A,18,True,True,0.811182,ec2e38f8123e2d135bc35f8fb041f925,10
python_exact,12,1728,1,6,A,19,True,True,0.845906,f060bf412e39f01be89be5d64d8b664a,4
python_exact,12,1728,1,6,A,21,True,True,0.720855,4c65acacf31fface959d8fc5c527aa70,12
python_exact,12,1728,1,6,A,20,True,True,1.13813,5f94f1b1a03a1d22b94afe5e5c7b800d,0
python_exact,12,1728,1,6,A,23,True,True,0.757178,792de0201764395dc0accff09c6fa186,4
python_exact,12,1728,1,6,A,24,True,True,0.618577,b179d2a0019c522c42e982a600984ac9,12
python_exact,12,1728,1,6,A,22,True,True,1.634893,bf04da13534b2ecd1718546d391d2b43,10
python_exact,12,1728,1,6,A,25,True,True,0.906071,122d4564b4535e23829c1f5e5cea4742,0
python_exact,12,1728,1,6,A,26,True,True,0.710694,1a2294cedb579149913590956c934892,4
python_exact,12,1728,1,6,A,27,True,True,1.079839,1ee6232d79e51fd160411134ff473916,12
python_exact,12,1728,1,6,A,28,True,True,0.780029,e222710686383c0959a4b6f3a16196c0,10
python_exact,12,1728,1,6,A,30,True,True,1.10211,3c7e5af3a5f32d123157ca26a5aeac8e,4
python_exact,12,1728,1,6,A,31,True,True,0.968078,695aab50746de39ec3d9465ce0a57107,12
python_exact,12,1728,1,6,A,32,True,True,1.00144,f232e79c25822d34f652f4088acfbd87,10
python_exact,12,1728,1,6,A,29,True,True,1.671129,8f9bff1f626a6893428b753cb6e7cec9,0
python_exact,12,1728,1,6,A,33,True,True,0.560349,af8523951cb3d98dfb70f6a6fdf4836a,4
python_exact,12,1728,1,6,A,34,True,True,0.762511,fe0f846227b2a0216b420556ebb983d9,12
python_exact,12,1728,1,6,A,37,True,True,0.679425,5810fee0e61e397170129d50f9fbdb05,4
python_exact,12,1728,1,6,A,35,True,True,1.036375,96169f898734d20383b502199dab2802,10
python_exact,12,1728,1,6,A,40,True,True,0.578759,e1399e3b662cc084ca27b3a2239d5ba7,10
python_exact,12,1728,1,6,A,39,True,True,1.01665,2ba7a19e318704101006a020ce57f277,4
python_exact,12,1728,1,6,A,38,True,True,1.534269,ae43eff66b25d489865ee464e9e137fe,12
python_exact,12,1728,1,6,A,41,True,True,0.638139,2e5f42339226f8ba62e56b570ad44bfa,10
python_exact,12,1728,1,6,A,36,True,True,2.432272,cca627bd2d34f2d17536fadddc9da14f,0
python_exact,12,1728,1,6,A,44,True,True,0.469273,e45aef0cd70c57c63b4ae8e7a3d1cbf9,10
python_exact,12,1728,1,6,A,43,True,True,0.906753,1c4a574b61bfa09370d7876fc7d880d9,12
python_exact,12,1728,1,6,A,42,True,True,1.318516,5cd558264e8b9e573c1bd7b4b3151d64,4
python_exact,12,1728,1,6,A,46,True,True,0.574986,6f9ed906b36d1c62ec5af2ae6c015b0d,10
python_exact,12,1728,1,6,A,49,True,True,0.372802,07a727fff7289af0da09ba16fccd8cbb,10
python_exact,12,1728,1,6,A,48,True,True,0.718557,0f7c27f6f81ad6b976097f0a6eb1d8ea,4
python_exact,12,1728,1,6,A,50,True,True,0.704085,70b1384cddc62cba61b321abfb572cc2,10
python_exact,12,1728,1,6,A,47,True,True,1.375318,b76e8fa40078e861f6d0bfbdfe91a07d,12
python_exact,12,1728,1,6,A,45,True,True,2.457674,a26f4a8146a59e591d07e320d2c5770f,0
python_exact,12,1728,1,6,A,52,True,True,0.561871,36a2e29ed402a5d6fcd838efa39401ca,10
python_pruning,12,1728,1,6,A,98,True,True,20.803824,d4b6a05bc32f70e918c572e70f729f0c,14
python_exact,12,1728,1,6,A,51,True,True,1.670766,4cd381efc08ccbdaa6711d2088bb4af6,4
python_exact,12,1728,1,6,A,53,True,True,1.482073,b4621a7fb3305e85bba13ef270b7243b,12
python_exact,12,1728,1,6,A,54,True,True,1.494444,e3291ace8ee788aa1d22af1a43a6d557,0
python_exact,12,1728,1,6,A,58,True,True,0.470293,52a6b93589079746a19a951e0aeadb3c,12
python_exact,12,1728,1,6,A,56,True,True,1.014217,078cdb5372ea3019a1b012755f598c46,14
python_exact,12,1728,1,6,A,59,True,True,0.77977,18bd85478b7d2ccb5a7847861c1c8827,0
python_exact,12,1728,1,6,A,57,True,True,1.704002,1442e9b870e7e5b53e125d8395fd91f6,4
python_exact,12,1728,1,6,A,61,True,True,1.019315,2c3d87de98dd6b53a438862a2fbcfaa0,14
python_exact,12,1728,1,6,A,60,True,True,1.437814,e50379edae36d7f4bfe4f4def157b2c0,12
python_exact,12,1728,1,6,A,63,True,True,0.764196,8ca1b81f9f168097dc39ddc0da480711,4
python_exact,12,1728,1,6,A,55,True,True,3.281411,f12fd2d59a630e6f13f382e4bb1ab5f7,10
python_exact,12,1728,1,6,A,62,True,True,1.294145,bd6071770146ddd8191fb484b57abf3a,0
python_exact,12,1728,1,6,A,64,True,True,1.027256,173a2efc3841d5a3a069673ce29307c6,14
python_exact,12,1728,1,6,A,67,True,True,0.396433,0504e24fb532a9520f9ff75cb76ff2c4,10
python_exact,12,1728,1,6,A,65,True,True,0.898128,d5d4f8959e59531069c7529f3a82cfda,12
python_exact,12,1728,1,6,A,66,True,True,0.825622,1b64a3d2e31d2feb1f8c80cdda86e190,4
python_exact,12,1728,1,6,A,68,True,True,0.781839,c93c3a74b14f16de230fd51d3ebc51f6,0
python_exact,12,1728,1,6,A,70,True,True,0.714101,0931f74cbb918adaad5c11127807d59d,10
python_exact,12,1728,1,6,A,71,True,True,0.653472,ea33b479776a86f637e7024c5aa8e7ea,12
python_exact,12,1728,1,6,A,72,True,True,0.918114,21f0d939da7c403a368184ff22a79689,4
python_exact,12,1728,1,6,A,75,True,True,0.671422,f5db5b785d1f287ee99720a8206dc126,12
python_exact,12,1728,1,6,A,69,True,True,1.609271,e403a5256b03b7e4cdabfce8608942ed,14
python_exact,12,1728,1,6,A,74,True,True,0.992156,1684e6d31682302792c6fcd7c4edb7e1,10
python_exact,12,1728,1,6,A,77,True,True,0.609711,7151fa57418eef292e1185b4bae17772,12
python_exact,12,1728,1,6,A,79,True,True,0.588939,fe2165e38ffb849438dbd694ab1a4ca1,10
python_exact,12,1728,1,6,A,78,True,True,0.855352,cdb19bf9924d955ee116fb22f0239611,14
python_exact,12,1728,1,6,A,76,True,True,1.361999,d03e1017ca6447b762063c8c647f4fdf,4
python_exact,12,1728,1,6,A,73,True,True,1.906579,213c37c76df54daa79529abb160b7fb9,0
python_exact,12,1728,1,6,A,81,True,True,0.638679,62e97fc958649d9ec1f03734c34e7dc2,10
python_exact,12,1728,1,6,A,83,True,True,0.744302,531a80158311d6d1d7370930323b45c9,4
python_exact,12,1728,1,6,A,80,True,True,1.469036,dd2d822b55ea338ba97ad7551aa94707,12
python_exact,12,1728,1,6,A,82,True,True,1.464832,2a4ac0945404104d332bccc28d989f5c,14
python_exact,12,1728,1,6,A,85,True,True,0.991555,966f881ff03f6f6b2e1aefe2c326286f,10
python_exact,12,1728,1,6,A,84,True,True,1.451121,77a78ac00af967b0598ab77a2b1b8f14,0
python_exact,12,1728,1,6,A,86,True,True,1.077626,16df5bbc37cc14398f23ec17ebd87279,4
python_pruning,12,1728,1,6,A,93,True,True,33.692148,378ec3eaffb7c234c67faeb3ee65cdfc,2
python_exact,12,1728,1,6,A,87,True,True,1.052264,81e94a86807115b97f36e7c8049dc9e4,12
python_exact,12,1728,1,6,A,89,True,True,0.657725,17e960f21cba49372f85728ef7c7f18e,10
python_exact,12,1728,1,6,A,90,True,True,1.017299,d861c772dd989e36814f1cb62037c9b6,0
python_exact,12,1728,1,6,A,88,True,True,1.19937,b9858253a945b61b15e9fffe0b217876,14
python_exact,12,1728,1,6,A,92,True,True,0.74269,e94635e8fc27ca93612ed603f94bf748,2
python_exact,12,1728,1,6,A,93,True,True,0.615318,44b72be470b39bdfb67a5f1c27429044,12
python_exact,12,1728,1,6,A,94,True,True,0.592147,59de21849dd5993bce910fab9a1eddd4,10
python_exact,12,1728,1,6,A,98,True,True,0.750696,04ddbbef41fb428ecb4e91750d2e2501,12
python_exact,12,1728,1,6,A,97,True,True,0.869106,846a4568347f5c256cf8e880c4d5f44b,2
python_exact,12,1728,1,6,A,96,True,True,0.98396,336f966835ea6c3216dadf5005ab8249,14
C_exact,12,1728,1,6,T,11,True,True,0.109394,4c23198bb2b4cd436b484385f23ef38f,2
python_exact,12,1728,1,6,A,91,True,True,2.13491,e194999c994bee0dd6216532ac65b4e4,4
python_exact,12,1728,1,6,A,99,True,True,1.170073,f9b15dd61ace39bf87fbbd31c7913284,10
C_exact,12,1728,1,6,T,13,True,True,0.33155,61604eca3b23921aa8ccbe19feab3243,2
C_exact,12,1728,1,6,T,15,True,True,0.258488,e4c08f1ded769da243b04b1c3c7a6c9c,10
python_exact,12,1728,1,6,A,95,True,True,1.702411,97743e2e4eef4f14f818d70ffe79c8c0,0
C_exact,12,1728,1,6,T,14,True,True,0.348416,8f3bb6f3325904e60ef083211ea2ec50,4
C_exact,12,1728,1,6,T,16,True,True,0.426109,6eb4cca166b2cd0035c4ad200992f526,2
C_exact,12,1728,1,6,T,19,True,True,0.26326,76d8c66fb6ab0b80247d7e318cc522ed,4
python_exact,12,1728,1,6,A,100,True,True,1.138121,8e3cb001edf7b18883fe7ad9d99d5f46,12
C_exact,12,1728,1,6,T,18,True,True,0.408903,c5d7a98b2ef6a0aca3be70a3eced0208,0
C_exact,12,1728,1,6,T,17,True,True,0.560339,86393cb6458dd22713a90241fa652b28,10
C_exact,12,1728,1,6,T,20,True,True,0.325003,021eae275e3d2546c4bde545b6b456ca,2
C_exact,12,1728,1,6,T,21,True,True,0.272065,655d8fbff48164d4a605a34fca27663d,4
C_exact,12,1728,1,6,T,12,True,True,1.426178,93bac511a743bf16b24ddf67fbb7be0d,14
C_exact,12,1728,1,6,T,24,True,True,0.240952,beb1a95c1f45a3e992a049a9068feb9f,10
C_exact,12,1728,1,6,T,26,True,True,0.19561,3396f526d14f1f26f2721ebaf0f84de8,4
C_exact,12,1728,1,6,T,22,True,True,0.50807,3dbf7fd11ba2365028a3710cc9b9f463,12
C_exact,12,1728,1,6,T,25,True,True,0.322135,bb0fcc249d1cb47dfcd01b94900b6afc,2
C_exact,12,1728,1,6,T,30,True,True,0.126245,f9ede243e84ff74c7ef6dbab4cf537f9,12
C_exact,12,1728,1,6,T,29,True,True,0.258521,53f4cbfc587dd8f820f47b349a731bb6,4
C_exact,12,1728,1,6,T,28,True,True,0.538611,2055a74f777d9cba37bc9ae8809f53f3,10
C_exact,12,1728,1,6,T,32,True,True,0.254625,bd987b357a37b2f8d51f21d2bb4a05b6,12
C_exact,12,1728,1,6,T,27,True,True,0.592839,b10dca479a40c8c638e52a95a7329fb0,14
C_exact,12,1728,1,6,T,33,True,True,0.336878,410058b34d0e81498c1a6ab7e5730118,4
C_exact,12,1728,1,6,T,23,True,True,1.385476,ee73efb14a29009176bd67c9d7aca72f,0
C_exact,12,1728,1,6,T,37,True,True,0.254747,4369f0cb95ad5a69c325753b6509bcdc,4
C_exact,12,1728,1,6,T,34,True,True,0.520767,3f3fdc517c2a760dd5ba97df3e75c596,10
C_exact,12,1728,1,6,T,36,True,True,0.542878,33b00f3f0aed66676492aea3faa3772b,14
C_exact,12,1728,1,6,T,38,True,True,0.290227,772ceb57ff97c512bd44c1cdf3b4d1ce,0
C_exact,12,1728,1,6,T,41,True,True,0.282352,74f6b80e12772db107bcc2fdc160c68a,14
C_exact,12,1728,1,6,T,39,True,True,0.386371,757f1883c2d739e0759bbe856cb2f8dc,4
C_exact,12,1728,1,6,T,31,True,True,1.46439,228ba156198d2660263baaae866e214b,2
C_exact,12,1728,1,6,T,35,True,True,1.210089,dcbad55b021b6466b84835ea7b91a91d,12
C_exact,12,1728,1,6,T,42,True,True,0.553903,add002fb20cebf35ac392fc1b002eb95,0
C_exact,12,1728,1,6,T,44,True,True,0.453038,622855bc004e7c73d07f3b208f181d25,4
C_exact,12,1728,1,6,T,43,True,True,0.545159,74067e6496cf1229d43ab3afce11e438,14
C_exact,12,1728,1,6,T,46,True,True,0.283958,277764c15b4b558c5681481544aabdc9,12
C_exact,12,1728,1,6,T,49,True,True,0.200654,8a9ef29a593b93a07e28291288525aea,14
C_exact,12,1728,1,6,T,48,True,True,0.421599,986f407b5bb797f48831a6fa4ece266f,4
C_exact,12,1728,1,6,T,40,True,True,1.33998,2f15399770fa2e6d2100d12b8b5da7a8,10
C_exact,12,1728,1,6,T,45,True,True,0.876903,4dfe96fc92020b749cd2809634965805,2
python_pruning,12,1728,1,6,A,92,True,True,46.604344,080ea2bceffc8f9dea9d8c8783e8e9b3,8
C_exact,12,1728,1,6,T,47,True,True,0.830514,de5417c8f8ed004f86dfeac77f3fd72c,0
C_exact,12,1728,1,6,T,52,True,True,0.271417,00f83b71168c3aa74efda89139cccde5,4
C_exact,12,1728,1,6,T,51,True,True,0.57855,755192f10a52aca63fc429aa841183da,14
C_exact,12,1728,1,6,T,56,True,True,0.108931,ddbb6986f0bdda18bb46259c72f47c0a,0
C_exact,12,1728,1,6,T,57,True,True,0.144312,f634a0d4256b67e3ae0d3d10fe4c0342,4
C_exact,12,1728,1,6,T,50,True,True,1.00942,2bbe1172653086411809814a6950f9ae,12
C_exact,12,1728,1,6,T,59,True,True,0.2188,032afcfee216ba194568b459ec9dec25,0
C_exact,12,1728,1,6,T,54,True,True,0.586792,d970a97ec2c967228b4cdd1d46d862d3,2
C_exact,12,1728,1,6,T,58,True,True,0.419199,fda196ce0df7d91735eff137351a3ae3,14
C_exact,12,1728,1,6,T,63,True,True,0.141669,795d8e802cf881e13d4f3114adfd317c,2
C_exact,12,1728,1,6,T,62,True,True,0.258078,e04872ee8b73795903323bd6c8a5d9a1,0
C_exact,12,1728,1,6,T,61,True,True,0.506176,3580c08dae7ae3c7483da8ce7be06a7c,12
C_exact,12,1728,1,6,T,67,True,True,0.182793,a3887c23e3947f1037bd64c9208e2d16,12
C_exact,12,1728,1,6,T,65,True,True,0.501223,f049d0cbed5838e9213bb83233601893,2
C_exact,12,1728,1,6,T,64,True,True,0.656156,b06337f1650574d03b7679e9e913de86,14
C_exact,12,1728,1,6,T,66,True,True,0.477079,f39653ec684c9f645d74c8d84bbe6066,0
C_exact,12,1728,1,6,T,53,True,True,1.675726,a06a75ada47126924c6c6379f9743cd8,10
C_exact,12,1728,1,6,T,69,True,True,0.202832,90439b5dfe2e4b366b8cf2904eba4ab0,2
C_exact,12,1728,1,6,T,55,True,True,1.637388,b76783dee22907adbcc208b1bfbd80b5,8
C_exact,12,1728,1,6,T,70,True,True,0.285896,ada8a572cb2247b1434e3e956bf2adeb,14
C_exact,12,1728,1,6,T,74,True,True,0.158938,fb9ad94665c51ba79c9675997b628510,8
C_exact,12,1728,1,6,T,72,True,True,0.375034,fe1de7c5c7040ce1471accc64376b7f0,10
C_exact,12,1728,1,6,T,73,True,True,0.434507,fb0fadb52a668cd90858d4813984532c,2
C_exact,12,1728,1,6,T,75,True,True,0.273495,03b4c63b335b3772459f748711cbf4c5,14
C_exact,12,1728,1,6,T,68,True,True,0.436311,33943e22fb3e3455599eaa2792056a0a,12
C_exact,12,1728,1,6,T,76,True,True,0.239957,ccf67067dce350c2ae6ce130f0a1c3c2,8
C_exact,12,1728,1,6,T,60,True,True,2.064221,15a82311d08a81fc5faa3874d8c697a7,4
C_exact,12,1728,1,6,T,81,True,True,0.368812,b8e94f989ba38c66b10509d3dfa62eee,8
C_exact,12,1728,1,6,T,80,True,True,0.494123,f3964c58be268c3fc9839570a5086c92,12
C_exact,12,1728,1,6,T,77,True,True,0.741499,db35f885d9644c3e36d6c80707ffb11d,10
C_exact,12,1728,1,6,T,79,True,True,0.611869,adf2749bd3f1e13479378c430510af66,14
C_exact,12,1728,1,6,T,84,True,True,0.132947,558787a0bceb678b14a75a6d8b6caa43,12
C_exact,12,1728,1,6,T,85,True,True,0.19885,b9f6bbbd6d6ce8e9c2d59f4d63852677,10
C_exact,12,1728,1,6,T,86,True,True,0.170199,57801482af3bb84ad540985df85fbed1,14
C_exact,12,1728,1,6,T,71,True,True,1.536566,25c9e70112497aea99939b726e6b83d5,0
C_exact,12,1728,1,6,T,82,True,True,0.598827,4b31dee71317d041c1641b63c1aac70d,4
C_exact,12,1728,1,6,T,88,True,True,0.236487,c346c3d7089cca97f4c97d9fd63a314e,10
C_exact,12,1728,1,6,T,87,True,True,0.347906,946bb4c99118cc30d6eacda263474853,12
C_exact,12,1728,1,6,T,89,True,True,0.279593,fdeb75a034ca208009013b0579dc9781,14
C_exact,12,1728,1,6,T,91,True,True,0.222999,74576d0cbe2f1fe40a7d5003f576ac9e,4
C_exact,12,1728,1,6,T,83,True,True,0.649867,14b75f0937a94a0b4768389808fe84e5,8
C_exact,12,1728,1,6,T,93,True,True,0.186358,a562a3339e626436ed9e289713d5fb65,12
C_exact,12,1728,1,6,T,95,True,True,0.259257,bde51d13a1b403585dc088ff6f4419b0,4
C_exact,12,1728,1,6,T,92,True,True,0.402501,31b960e3a9d16171e1fb4318bd13f052,10
C_exact,12,1728,1,6,T,90,True,True,0.635249,852bbd1d35ea6df7a7fa2a4b2a485708,0
C_exact,12,1728,1,6,T,97,True,True,0.204343,f2ab01ed5eafbca0a8c009b3f9b634ff,12
C_exact,12,1728,1,6,T,98,True,True,0.165582,b187309e4f591a5e2f6e74254f250cfa,4
C_exact,12,1728,1,6,T,78,True,True,1.78801,de1e5bb8abdbbfb199968ee56530d025,2
C_exact,12,1728,1,6,T,100,True,True,0.312865,ba199363370541eeeb0297804dd8d039,0
C_exact,12,1728,1,6,T,96,True,True,0.698263,98e42c0d050fd83eedb3f0ef14aec193,8
C_exact,12,1728,1,6,T,99,True,True,0.526392,5dd4d8aeccb18b59f13fd8420b6b5b83,10
C_exact,12,1728,1,6,T,94,True,True,1.455317,81645fc037e3d953fd192ef7fae3fa49,14
python_exact,12,1728,1,6,T,16,True,True,9.884377,3da1dfb50786f1bf32a64a91dd8911cf,10
python_exact,12,1728,1,6,T,17,True,True,12.546054,4d856ad87e601b17d6909778aabc0011,14
python_exact,12,1728,1,6,T,15,True,True,13.422166,f60bd5e9a2f4d06d62b12d685e55256c,8
python_exact,12,1728,1,6,T,12,True,True,13.868871,c9617833b4f3ad8ba3239a582ff8a129,4
python_exact,12,1728,1,6,T,14,True,True,14.524453,8967c1dedb4397adc4862d4a8eca1db2,0
python_exact,12,1728,1,6,T,18,True,True,4.514694,d8e44ae906614de0f3366af7f0d19854,10
python_exact,12,1728,1,6,T,20,True,True,3.796419,e7fa9b01b9a6b05bbd153e8a1656a81f,8
python_exact,12,1728,1,6,T,13,True,True,17.773398,bd6b225119d626277060b73b760354df,2
python_pruning,12,1728,1,6,A,96,True,True,61.636049,f0de158efdb27d489b03091c851d9d3e,6
python_exact,12,1728,1,6,T,11,True,True,25.163717,23b96c05c3a721e3468523d1fbc4b350,12
python_exact,12,1728,1,6,T,19,True,True,15.882926,53d7e7f87d14823ba2c6882512047991,14
python_exact,12,1728,1,6,T,26,True,True,9.632875,4b8921c208dad857a6aab8b30c56ea25,6
python_exact,12,1728,1,6,T,24,True,True,14.693022,001de5eee6b56a26bf1dd399569fda94,8
python_exact,12,1728,1,6,T,22,True,True,20.844143,470ecf36549fe27baa63ff35db6e1eff,0
python_exact,12,1728,1,6,T,23,True,True,21.002566,b977e46c0c699e998d3afcd2c7b6522e,10
python_exact,12,1728,1,6,T,25,True,True,20.211042,e7bfa3b1c7e4fe4b6a108476d3c3f1ad,2
python_exact,12,1728,1,6,T,28,True,True,10.331349,9dee89f6d4a5da940f6f0e8153624ed3,14
python_exact,12,1728,1,6,T,30,True,True,13.805015,17482f0f40787029b28fc71e5183f4c8,8
python_exact,12,1728,1,6,T,21,True,True,35.720796,44d65fa396c705148babcd083a8f0ccb,4
python_exact,12,1728,1,6,T,32,True,True,13.847503,384bc16647dc6e37d846200d9db64b4d,10
python_exact,12,1728,1,6,T,31,True,True,18.688961,7d589c490bfcc371aae24ac39017e80b,0
python_exact,12,1728,1,6,T,35,True,True,11.172964,4a29d26d13ac2c6c4531d3b742a8e5aa,8
python_exact,12,1728,1,6,T,33,True,True,19.269346,11587d18d7b3ad56b9a61460d17137e6,2
python_exact,12,1728,1,6,T,34,True,True,18.288257,5dbaa7edca38b89ab2c75b134d17906e,14
python_exact,12,1728,1,6,T,29,True,True,27.414256,ef5a3aa1a6f04d051a27bb7d4698cb46,6
python_exact,12,1728,1,6,T,40,True,True,3.107808,a5ab5f67c8b3b71bba5cf9346b86d6c4,2
python_exact,12,1728,1,6,T,27,True,True,35.591933,f08a9e72f7e81c891ac65bc16435c756,12
python_exact,12,1728,1,6,T,44,True,True,5.333197,a46f7eebe1ab3c9e21a1fa0df0b94d7a,12
python_exact,12,1728,1,6,T,37,True,True,16.613654,fee5732c636bbfd6a808c38a694e95e0,10
python_exact,12,1728,1,6,T,36,True,True,16.716889,0acc29fe572f68c6821a3fb0de71c4aa,4
python_exact,12,1728,1,6,T,38,True,True,13.578729,f976eb32c81fd01fd5385933b82e2d33,0
python_exact,12,1728,1,6,T,39,True,True,10.768736,533540719a921aa18b7c23c5348d6d6b,8
python_exact,12,1728,1,6,T,43,True,True,8.665361,612e61e080df44f5c01ee843acdcf373,2
python_exact,12,1728,1,6,T,45,True,True,3.338209,254d79028c52b22cc99a5ff09734b69b,12
python_exact,12,1728,1,6,T,47,True,True,3.861123,58489778c7387aa6602ec68423806799,4
python_exact,12,1728,1,6,T,49,True,True,6.746372,313ae6f0fdb5e31e0551145cff0c2dd6,8
python_exact,12,1728,1,6,T,41,True,True,17.517716,6234779e897d80d2f8100d1983d23bec,14
python_exact,12,1728,1,6,T,48,True,True,7.822168,deef9f31a7e5d5d0d7aa8e2189eb0294,0
python_exact,12,1728,1,6,T,51,True,True,7.701298,d3e7e87cbcb7c3246e6bd38599985729,12
python_exact,12,1728,1,6,T,53,True,True,3.799275,f72d63ec9e9b9aae9f444b3d074c21a3,8
python_exact,12,1728,1,6,T,46,True,True,13.869164,bfa3aad5236c67fd2683889b10df8b8f,10
python_exact,12,1728,1,6,T,42,True,True,23.909335,217d85427c71a8a8bb1883cd6ae484e6,6
python_exact,12,1728,1,6,T,50,True,True,14.07758,fbab1420c94a662f640ea5a6a2772771,2
python_exact,12,1728,1,6,T,56,True,True,7.260875,1467bb590dc33b9cd0eb4220652a2ba3,12
python_exact,12,1728,1,6,T,57,True,True,7.704175,8d1ff750a7d9278630257da1ba9579cd,8
python_exact,12,1728,1,6,T,58,True,True,6.840501,f7a313b40fd1e725e1fded2561a70fbc,10
python_exact,12,1728,1,6,T,60,True,True,3.994684,d1dacd5393bfb5046afd930fd0705156,2
python_exact,12,1728,1,6,T,62,True,True,7.161614,3250c46bb7d6a97fdf68fcbe45aa20be,8
python_exact,12,1728,1,6,T,55,True,True,19.730251,0f98de2e49d3fd326c300514c54b9097,0
python_exact,12,1728,1,6,T,59,True,True,14.964254,2671bc188841deb019c375707cfd5d6a,6
python_exact,12,1728,1,6,T,64,True,True,14.681073,7eeeb3ee5e4e24ac2811649435b4f4d6,2
python_exact,12,1728,1,6,T,54,True,True,27.100312,e9c7059eacb885b7c817fb00148a840c,14
python_exact,12,1728,1,6,T,65,True,True,10.435517,5d8276149de7623bed836496416921aa,8
python_exact,12,1728,1,6,T,61,True,True,20.016217,f61f94c279f136271739adbcf8c32dd3,12
python_exact,12,1728,1,6,T,63,True,True,17.601388,78e1c1f43b209959341e00e0b110c5fb,10
python_exact,12,1728,1,6,T,70,True,True,4.032526,3382fc51755471775797942dd16defbd,8
python_exact,12,1728,1,6,T,72,True,True,3.720595,807c242aae8c998a039d352be926c435,10
python_exact,12,1728,1,6,T,69,True,True,9.772065,1abb09a44bd7d15baa317cfbf4521a3a,14
python_exact,12,1728,1,6,T,66,True,True,17.642107,0dcb9c509f7e15a576920fe037307c15,0
python_exact,12,1728,1,6,T,73,True,True,7.559775,9170a1c08ba996187119e4c34e8e6cf2,8
python_exact,12,1728,1,6,T,71,True,True,12.346522,eb34fcb5a9879e20b81323c602b3ea49,12
python_exact,12,1728,1,6,T,74,True,True,8.833866,18a4bdd54f5537862c3fbaccff771e5e,10
python_exact,12,1728,1,6,T,76,True,True,7.097615,8fd2ab29b2757a6e5403a8ef1837bb48,0
python_exact,12,1728,1,6,T,77,True,True,7.994148,5621d0f2d3387f66afe54695e47879b5,8
python_exact,12,1728,1,6,T,78,True,True,7.790547,96c0c595475843618b44f9cfb3f40698,12
python_exact,12,1728,1,6,T,79,True,True,10.291927,897eb303bfe5df402d12401f3314cb43,10
python_exact,12,1728,1,6,T,67,True,True,33.391092,ac0de54c47079bdc5a292b7f810811d9,6
python_exact,12,1728,1,6,T,80,True,True,14.282837,2d5905978138445e5ece07379b7de16a,0
python_exact,12,1728,1,6,T,81,True,True,11.9402,e7c1a358d98ee8550b52d5fb0b036c67,8
python_exact,12,1728,1,6,T,83,True,True,9.537437,4a9903861fd0b4f5dd59d3d9fbf5e634,10
python_exact,12,1728,1,6,T,52,True,True,68.077083,7e000c48b3e063e990ba9712eaf36f75,4
python_exact,12,1728,1,6,T,87,True,True,4.443498,e4ab0a790e19573069cabb48e82554cf,10
python_exact,12,1728,1,6,T,84,True,True,13.303911,e753430200bc011082034d876f188667,6
python_exact,12,1728,1,6,T,85,True,True,11.826286,7c63bb78caa0a0b3643d5c5f0611aa80,0
python_exact,12,1728,1,6,T,86,True,True,11.684144,482c4a40a58c65d2fc9ad241e371e5ea,8
python_exact,12,1728,1,6,T,89,True,True,6.828308,727d75ece4f58fcccf6d404ebd9d9272,10
python_exact,12,1728,1,6,T,68,True,True,46.97925,60d3e63ab9f1bee638f09492326589c8,2
python_exact,12,1728,1,6,T,75,True,True,36.981598,1ad7a8e0e1b96b43b8129180beb0b3fa,14
python_exact,12,1728,1,6,T,88,True,True,13.949944,96d26305ab499929ee96ced0c4eb6672,4
python_exact,12,1728,1,6,T,90,True,True,13.563471,009348d982687d35f9a4092081879efa,6
python_exact,12,1728,1,6,T,96,True,True,6.063935,5e68b149db71d1b76b3b8b68636436b0,4
python_exact,12,1728,1,6,T,92,True,True,12.291201,83566a3b7daca8b9edec156599ec39c2,8
python_exact,12,1728,1,6,T,93,True,True,14.824297,ebdfb8493b13630f736541c728f9feb4,10
python_exact,12,1728,1,6,T,95,True,True,15.481727,d54fa4fe02b6dfd605f83ded7ea5efa3,14
python_exact,12,1728,1,6,T,97,True,True,8.052283,28d04ce25a1677bbebf2c557bc603e3e,6
C_exact,12,1728,1,6,B,11,True,True,2.102245,a7a61bdcff8cd7f5ffa1844d36e40a25,14
C_exact,12,1728,1,6,B,12,True,True,1.781997,8ab6c09e5764b0d0565aefb7f7d32c65,6
C_exact,12,1728,1,6,B,13,True,True,1.752777,8198a730dab97f704e7ef03b9fb980b6,14
C_exact,12,1728,1,6,B,14,True,True,1.774125,726b449263e09532253afa5dff254385,6
python_exact,12,1728,1,6,T,94,True,True,21.293111,5dd06b824316c5a2175d698cf2525fe9,2
python_exact,12,1728,1,6,T,99,True,True,10.793432,3c2d65325dcb303a1f730f3d0a138154,8
C_exact,12,1728,1,6,B,15,True,True,1.889466,e32a2e3536f6f2b6af6b0bfeadf480a6,14
C_exact,12,1728,1,6,B,16,True,True,1.843081,8ec73f470f2f7cb9c3ff5024811d6d79,6
python_exact,12,1728,1,6,T,98,True,True,13.605238,46392a9b8866d9c2f1c850ad25627115,4
C_exact,12,1728,1,6,B,17,True,True,1.765937,075120f1695cb87ed4acadae5a3e5698,2
C_exact,12,1728,1,6,B,18,True,True,1.91312,1cce174759d31df4d62fd3f7fcd8e7dc,8
C_exact,12,1728,1,6,B,20,True,True,1.701389,57c7f7bdd34575a3448e574f96127bec,6
C_exact,12,1728,1,6,B,19,True,True,1.814553,ef2bdb72bcd6763ba83fceeba9c07f36,14
python_exact,12,1728,1,6,T,100,True,True,9.88642,7cec4cd2afdfc066d6a0f20a0f60f331,10
C_exact,12,1728,1,6,B,21,True,True,1.754959,ff7ee485ea5bcf502b261abf89884e5c,4
C_exact,12,1728,1,6,B,22,True,True,1.966344,fb46991e213436b1d667b57f550938d4,2
C_exact,12,1728,1,6,B,23,True,True,1.808751,7eee190d17457989f2b0407cd2c7b330,8
C_exact,12,1728,1,6,B,24,True,True,1.77634,958bdcfd65b751442f148dcb523cda4a,6
C_exact,12,1728,1,6,B,26,True,True,1.766191,e602cffa7a03460f7aa9888806519b64,10
C_exact,12,1728,1,6,B,25,True,True,2.185188,01de1d78adb5b62f9afa6f1a9cb899c2,14
C_exact,12,1728,1,6,B,27,True,True,1.735322,ffae23286af4257857f24f22f752fa7c,4
python_exact,12,1728,1,6,T,91,True,True,29.29954,3ea00b0528fcda6e599eb120a5cf1c43,0
C_exact,12,1728,1,6,B,28,True,True,1.962048,63b2f172025ed0f2190457c91fb9a19a,2
C_exact,12,1728,1,6,B,29,True,True,2.070206,69658f1af2c8cdeb9ae32402bff226db,8
C_exact,12,1728,1,6,B,30,True,True,1.634974,e7fbf3c5ee5c3322c6fe54c750ce34ed,6
C_exact,12,1728,1,6,B,31,True,True,1.692361,940b5bf67f44377e4dc77aa90ccb5120,10
C_exact,12,1728,1,6,B,32,True,True,1.866693,64892851622fa114accbd1b0710540b5,14
python_exact,12,1728,1,6,T,82,True,True,52.359916,d127537e914eab52913c061949fe0ad6,12
C_exact,12,1728,1,6,B,34,True,True,1.692129,54248498f5d243874e7c84e48c579cc3,0
C_exact,12,1728,1,6,B,35,True,True,1.678677,ddbc6d3836f3ebe142f33adf842bfc15,2
C_exact,12,1728,1,6,B,33,True,True,2.266847,39af7f7e48e54f81a40fd02f81923990,4
C_exact,12,1728,1,6,B,36,True,True,1.637056,e05957114347a370035433c3a82a8b22,8
C_exact,12,1728,1,6,B,37,True,True,1.660827,76c976b85a66717cc2785360ff30c643,6
C_exact,12,1728,1,6,B,39,True,True,1.774758,b04bb22163d585349b84c5b46e6399d8,14
C_exact,12,1728,1,6,B,38,True,True,2.079219,b731f2ffaadff6f1b8c8cd11a9d5c52f,10
C_exact,12,1728,1,6,B,40,True,True,1.754731,1166bb535c20e8c7560f48c4e95f2798,12
C_exact,12,1728,1,6,B,41,True,True,1.968534,234df21167bcf569f664ec150335959c,0
C_exact,12,1728,1,6,B,42,True,True,1.622402,f335a6c1506de2e326576bb585bc3afd,2
C_exact,12,1728,1,6,B,43,True,True,1.822142,f7db5290d5fa9a27f00698f129aaa041,4
C_exact,12,1728,1,6,B,44,True,True,1.9427,5d85f8457984577ee9dc4f47773b829c,8
C_exact,12,1728,1,6,B,45,True,True,1.958005,0d2ffbfe602ddda71018e61a2689cad2,6
C_exact,12,1728,1,6,B,48,True,True,1.716432,9c17da529e1ecbba586a644fcf5f7e1d,12
C_exact,12,1728,1,6,B,46,True,True,2.460377,339ba207392a0347f04009ac7da77f8f,14
C_exact,12,1728,1,6,B,49,True,True,1.792169,b9e1da547e66deaa480fc29b9afb0337,0
C_exact,12,1728,1,6,B,50,True,True,1.845188,7e4445cc24cb3b91cf519612a00802b4,2
C_exact,12,1728,1,6,B,51,True,True,1.867518,43a388b3e596c1bf4a83e902f12c7e16,4
C_exact,12,1728,1,6,B,47,True,True,2.887744,e536d5a4e4a8de8d4b94154aa647a49b,10
C_exact,12,1728,1,6,B,52,True,True,2.035055,d57ed247fa3671541e0e5e1eb6b3c5a1,8
C_exact,12,1728,1,6,B,53,True,True,2.270283,460322961dffcdf48d1a416bd07c665f,6
C_exact,12,1728,1,6,B,54,True,True,1.748742,e5afe01744222de672fb3ea8c71ead16,12
C_exact,12,1728,1,6,B,55,True,True,1.830601,a2f3474b441c92d2eaf38737c13ce273,14
C_exact,12,1728,1,6,B,57,True,True,1.832512,b4690edd44acbd76207be8782b102314,2
C_exact,12,1728,1,6,B,58,True,True,1.808348,75ea5bc08c7a598ce67a523b5f46b3cd,4
C_exact,12,1728,1,6,B,56,True,True,2.126316,2595c52efe3030bdcba8f7228ce15291,0
C_exact,12,1728,1,6,B,59,True,True,2.090219,deb60b7c54608a2809b8248a9f109566,10
C_exact,12,1728,1,6,B,60,True,True,1.840192,03d5e9468b8b48897c13c65817d4ee59,8
C_exact,12,1728,1,6,B,61,True,True,1.677049,9d6d11b6476bfa2acd1dde11cc6d4423,6
C_exact,12,1728,1,6,B,62,True,True,2.439205,4508ff50ab3e214d5f29499440e759e7,12
C_exact,12,1728,1,6,B,63,True,True,1.792557,bf7ce59f7a027e319e460e61eaffa870,14
C_exact,12,1728,1,6,B,64,True,True,1.83713,a2f1a84c23c1f876b7a90c2633191b30,2
C_exact,12,1728,1,6,B,66,True,True,1.898794,d174859de33faf83c67b61d437a9624c,0
C_exact,12,1728,1,6,B,69,True,True,1.764568,70d3765c8f54b3644b0274fc243f6467,6
C_exact,12,1728,1,6,B,67,True,True,1.859863,6bc67b9f6b21a912f76a7323de7ac9a7,10
C_exact,12,1728,1,6,B,65,True,True,2.457836,3ce3042c61af22c271745cbd8d152311,4
C_exact,12,1728,1,6,B,71,True,True,1.817537,53e2e6ddd7257b0423846813776ab822,14
C_exact,12,1728,1,6,B,70,True,True,2.030974,1e2f1e6153161eb319138010a728f16e,12
C_exact,12,1728,1,6,B,74,True,True,1.680267,167f2b1d957765a2502782616ae1ee9b,6
C_exact,12,1728,1,6,B,73,True,True,2.056956,f0a24c7d9b05572c13d55ff2cfdd168a,0
C_exact,12,1728,1,6,B,75,True,True,1.745175,d6d1867e91e67b6869ef426bf0bf35eb,10
C_exact,12,1728,1,6,B,68,True,True,3.715141,6ea2911bc1a008fde3af0b6c9a1a8ce8,8
C_exact,12,1728,1,6,B,72,True,True,2.828637,68320f0b40cec6c6ae00966f4984e719,2
C_exact,12,1728,1,6,B,76,True,True,2.107482,db5f581c1e4a3fa2e34752c84ab10814,4
C_exact,12,1728,1,6,B,78,True,True,1.645365,1ff56b88727d8f43d3c431c97e6d576c,12
C_exact,12,1728,1,6,B,79,True,True,1.766397,0557d0a1cf58b5961f5229c1d8b40373,6
C_exact,12,1728,1,6,B,80,True,True,1.85457,702acb68021fe32426172d672b85bc5c,0
C_exact,12,1728,1,6,B,82,True,True,1.831873,15836196912047c1aacdd38d20440cd5,8
C_exact,12,1728,1,6,B,77,True,True,2.709977,6c54daf9028cb4b106522a19acfb3f53,14
C_exact,12,1728,1,6,B,81,True,True,2.127923,e168ea53e965b9baceb24b9b2a2e1b2e,10
C_exact,12,1728,1,6,B,84,True,True,1.817993,6f13652a64ea14e7b0b361202c1379c6,4
C_exact,12,1728,1,6,B,83,True,True,1.985361,29294693a6074965ff433d0b7a6281ce,2
C_exact,12,1728,1,6,B,85,True,True,1.785929,824f0fa3f4f3549cc1e95a81881bfa1e,12
C_exact,12,1728,1,6,B,86,True,True,1.636787,66c6be6de0bf3ac530fb7fa0d0753b40,6
C_exact,12,1728,1,6,B,89,True,True,1.8121,4d4273895ab6dc19292e7ca32f4cdcbb,14
C_exact,12,1728,1,6,B,88,True,True,1.857244,72bed52b1dac98af6cc42f458348cdaf,8
C_exact,12,1728,1,6,B,87,True,True,2.083092,b302f4f0939f7c6daf359b2fc402888c,0
C_exact,12,1728,1,6,B,92,True,True,1.757645,621ca35cdfe657172fd49181287d1965,2
C_exact,12,1728,1,6,B,91,True,True,1.851629,5eec553fff77cc4a8a3d34d9cdd268e7,4
C_exact,12,1728,1,6,B,90,True,True,2.474102,075fdeb4a20185efe86aa0a1c8141967,10
C_exact,12,1728,1,6,B,93,True,True,1.7822,0a4237bcb3c54785ae36553ef680bb8e,12
C_exact,12,1728,1,6,B,94,True,True,1.961602,4dc7bfbc40725ec53e0975f78b841d9e,6
C_exact,12,1728,1,6,B,96,True,True,1.682854,0e22c95b1c282d918ca1644f69ffd0b2,8
C_exact,12,1728,1,6,B,95,True,True,1.711164,2222c0265df135ec04b684a04488c63a,14
C_exact,12,1728,1,6,B,97,True,True,1.979417,513cc76b58714f574b8e85e286035598,0
C_exact,12,1728,1,6,B,98,True,True,1.71142,44ab8aa34d778522a4169b189859f191,2
C_exact,12,1728,1,6,B,99,True,True,1.783788,8f4cf4dc9a82f55be1ada4eda1d126fe,4
C_exact,12,1728,1,6,B,100,True,True,1.977116,e991953a84df922c1c7d658cdcc13946,10
python_exact,12,1728,1,6,B,13,True,True,63.92732,13ea2ce997c87afc59137d61e573d836,8
python_exact,12,1728,1,6,B,11,True,True,76.155447,68c8cb5271f97677d75dc76303c90141,12
python_exact,12,1728,1,6,B,16,True,True,77.76657,3b33a7aefbc13062e6d54524af6e2948,2
python_exact,12,1728,1,6,B,12,True,True,82.590459,c16d48b638325903a3fbbaae39a38034,6
python_exact,12,1728,1,6,B,18,True,True,85.195858,797ddca10d22ac1557edd7f599b79d89,10
python_exact,12,1728,1,6,B,17,True,True,99.924316,0beb834a7ec67e349dd402ba3e1c6949,4
python_exact,12,1728,1,6,B,15,True,True,104.1352,ae37daf8ec2c0ac47fd2bd2ca9a53324,0
python_exact,12,1728,1,6,B,14,True,True,120.125886,576b8e43959b39b073c778a20d91a4df,14
python_exact,12,1728,1,6,B,19,True,True,70.870419,e764af55b58f3b389884c3164b20e1da,8
python_exact,12,1728,1,6,B,21,True,True,74.909548,d1202cbf484277cacdf40d60feb94267,2
python_exact,12,1728,1,6,B,25,True,True,58.900915,71fabe7aa31fb134d3d96122202d6a3c,0
python_exact,12,1728,1,6,B,22,True,True,87.514382,53650228ca10989932b2c2c6d6a35533,6
python_exact,12,1728,1,6,B,23,True,True,89.562304,9c3badf4d12d23bea22d84cf5d6c3b51,10
python_exact,12,1728,1,6,B,28,True,True,59.453058,565812c528ae6da84fd7e515b542f620,2
python_exact,12,1728,1,6,B,26,True,True,95.619539,162c34c907083b66682b0c00d0f15f87,14
python_exact,12,1728,1,6,B,24,True,True,119.613623,51b4f21514b0659cab087a5851b16e6b,4
python_exact,12,1728,1,6,B,29,True,True,64.876572,1c5924e80b0a725bc65e0eb26a85f98c,0
python_exact,12,1728,1,6,B,27,True,True,98.941434,84e7f80d92f83d24a9fa385b318467af,8
python_exact,12,1728,1,6,B,20,False,False,169.434909,,12
python_exact,12,1728,1,6,B,30,True,True,75.613812,3e87e1211acac7da6849ff9cd4571e96,6
python_exact,12,1728,1,6,B,34,True,True,68.953634,a5822e4ceb9f43eddfc80f93e17659a3,4
python_exact,12,1728,1,6,B,32,True,True,79.114771,11e1c7afb631b8f262f4201fb245d345,2
python_exact,12,1728,1,6,B,35,True,True,63.905267,f73c882cabe2bade92bd8eb4a2747fef,0
python_exact,12,1728,1,6,B,36,True,True,60.941299,24f8601cc8d72c93782954763724cfc9,8
python_exact,12,1728,1,6,B,31,True,True,119.907537,86aee0b9494feb6bcedaedc6d39c7223,10
python_exact,12,1728,1,6,B,33,True,True,93.738705,a416d49bda063bfff548a7124c126e73,14
python_exact,12,1728,1,6,B,37,True,True,73.942985,c0994f66d7ca37fbb5af24c05e9d2c61,12
python_exact,12,1728,1,6,B,39,True,True,65.708604,f409cb386e3603f8a146eeddc96f79f3,4
python_exact,12,1728,1,6,B,38,True,True,123.096935,c77b5bda1a6c69ff3f506febf96cdeba,6
python_exact,12,1728,1,6,B,42,True,True,79.761857,3d46417310c72fde400f43e5cedbfc2a,8
python_exact,12,1728,1,6,B,41,True,True,88.543457,b6b947ade16227800105e73ca2b7c1ab,0
python_exact,12,1728,1,6,B,45,True,True,71.275825,80cb87ce28c9e9825df515fc526b5b3f,12
python_exact,12,1728,1,6,B,44,True,True,83.507036,d84f6d7d311b0613589a8bafef220641,14
python_exact,12,1728,1,6,B,40,True,True,120.946132,91d733104183aaac2370a2977ee09e6c,2
python_exact,12,1728,1,6,B,46,True,True,63.578772,d11db128046dc8020ec87e97417a67ba,4
python_exact,12,1728,1,6,B,43,True,True,124.291582,4c43207544110f59b03698c4e7994c8b,10
python_exact,12,1728,1,6,B,47,True,True,71.142967,6fa89f4f11de3d1476d77ac45cb26784,6
python_exact,12,1728,1,6,B,48,True,True,77.131718,dcfef2ae7c1578de0cae177cac00c7e0,8
python_exact,12,1728,1,6,B,50,True,True,64.392571,a84c51ebab34e229c5833e44b9c3e897,12
python_exact,12,1728,1,6,B,49,True,True,91.362979,b970fa8ed3f549b874c71fe69d583125,0
python_exact,12,1728,1,6,B,54,True,True,63.786683,770fd77aa3ea7a0066f619bea6c3bca9,10
python_exact,12,1728,1,6,B,51,True,True,92.455847,f4bcd706e3de0b5af703220104aeeaf1,14
python_exact,12,1728,1,6,B,52,True,True,82.211365,692d55e3a5b507349b8b600170281473,2
python_exact,12,1728,1,6,B,53,True,True,95.214997,6aba9984919e4272e41bd425df967089,4
python_exact,12,1728,1,6,B,56,True,True,70.530697,c15b5d5749a9857fe905ee5fa179e633,8
python_exact,12,1728,1,6,B,57,True,True,81.791664,5df4f7bcc0d8990f2678682dd8e42221,12
python_exact,12,1728,1,6,B,55,True,True,97.646081,f13bbfeee88692a3815d58e870fe0342,6
python_exact,12,1728,1,6,B,58,True,True,67.350991,47f3632c55e9ad539f86ec69d919ff8d,0
python_exact,12,1728,1,6,B,60,True,True,67.422648,ba786989c07c97f1744be26debf45340,14
python_exact,12,1728,1,6,B,62,True,True,62.456464,e346ab8cc19a3e352f3feb5b19f8cae5,4
python_exact,12,1728,1,6,B,63,True,True,69.849423,1aa3061935ae839c575a666e88d81a26,8
python_exact,12,1728,1,6,B,61,True,True,98.971684,9fb1d92de977c6ec3c0dcca6eb68b107,2
python_exact,12,1728,1,6,B,59,True,True,121.302608,cc08376b63c86e566cb8faac6e18e05b,10
python_exact,12,1728,1,6,B,66,True,True,78.986553,c5a5157e7ce9efa6c21c1811cd5d6dd1,0
python_exact,12,1728,1,6,B,67,True,True,67.857272,856b7943611c408f4d5d1a917d35e272,14
python_exact,12,1728,1,6,B,64,True,True,88.909749,ad7aad62cf489379b2be52aa8d814f94,12
python_exact,12,1728,1,6,B,65,True,True,102.496498,5e06605e54801c5c43e61891688434a0,6
python_exact,12,1728,1,6,B,68,True,True,73.800695,217755e98929e22b0c24d09de0233b67,4
python_exact,12,1728,1,6,B,69,True,True,74.627678,50eb0cb959f21bb5f6d790eb815e1ae4,8
python_exact,12,1728,1,6,B,71,True,True,62.057661,df57bc89d8031ea27c922915ef4a3810,10
python_exact,12,1728,1,6,B,70,True,True,76.4489,7e88e13fa0ca166b06805fb1b91d5a42,2
python_exact,12,1728,1,6,B,74,True,True,63.264911,b50d0b4cf8a5f1054ac747ef7e4b1a44,12
python_exact,12,1728,1,6,B,73,True,True,72.44162,c3efed663e043a990a8a02fbcb41ac92,14
python_exact,12,1728,1,6,B,72,True,True,107.721904,52c5f41e2d02a361cd39485607bee45e,0
python_exact,12,1728,1,6,B,76,True,True,79.625855,4267322c03d3086d0d1378d5d5f02a66,4
python_exact,12,1728,1,6,B,75,True,True,90.788419,8aa8a24e0fd821c3f783c661b503e786,6
python_exact,12,1728,1,6,B,77,True,True,81.095982,60f2f5c860a3abed2647eae373a19a74,8
python_exact,12,1728,1,6,B,81,True,True,55.283142,86ae8baa09872aef9a8d404bfabcd9ff,14
python_exact,12,1728,1,6,B,80,True,True,72.045027,d72c5792a9ed8e40f8c53e5cdf5f948a,12
python_exact,12,1728,1,6,B,78,True,True,115.244241,f6ecae9f0d020a39130fec4511153267,10
python_exact,12,1728,1,6,B,79,True,True,115.032397,069f777c8326b473d0ae75d74d86f627,2
python_exact,12,1728,1,6,B,82,True,True,73.711701,4984242520bcaa2bcc74e47be1ee00e0,0
python_exact,12,1728,1,6,B,86,True,True,59.928982,5caa6f32c6f2c7b55ffbf480dbfbc8be,14
python_exact,12,1728,1,6,B,85,True,True,62.594045,c543a3940b6eb874468f7317d01cd0cf,8
python_exact,12,1728,1,6,B,83,True,True,81.867593,9a4a6a89299cfaa8183681c1dd982e42,4
python_exact,12,1728,1,6,B,84,True,True,85.716756,01a4d58b77b1a4d9dc177452286089ae,6
python_exact,12,1728,1,6,B,88,True,True,61.204084,c4600498393692e8bb8cc530748f42ae,10
python_exact,12,1728,1,6,B,87,True,True,89.511995,1d65f8e5df4b6cf97ffb9c834a73d976,12
python_exact,12,1728,1,6,B,91,True,True,59.786261,b63371aa9bf09fb643d5e8e801814a13,14
python_exact,12,1728,1,6,B,90,True,True,73.585188,93e5167989fb389695a2c6f14695927f,0
python_exact,12,1728,1,6,B,89,True,True,92.189027,79360dba4ec3c8f8d303730b22f9e2dc,2
python_exact,12,1728,1,6,B,94,True,True,97.729188,9998b7737f7fca7759b200c3db5f411c,6
python_exact,12,1728,1,6,B,92,True,True,106.590737,2b32d2e0a2784f41f97c4565b54145e1,8
C_pruning,12,1728,2,18,A,11,True,True,5.611773,822ee575c3b1b9ae5d1dc54d086836db,8
python_exact,12,1728,1,6,B,93,True,True,114.103645,010722bdb6cc37aa4cbf93cda841251e,4
C_pruning,12,1728,2,18,A,12,True,True,6.679831,e330909d7add5d3c670d387f1cf9746a,8
C_pruning,12,1728,2,18,A,13,True,True,3.986709,c9d5dd3a68d6652c1f9d748b06893411,4
C_pruning,12,1728,2,18,A,15,True,True,5.341557,15b10a47471c6f712f9b6e86f72d2835,4
C_pruning,12,1728,2,18,A,14,True,True,14.407233,3f6e28e30670c9bb59a50d1ef9fd37ba,8
C_pruning,12,1728,2,18,A,16,True,True,9.262924,9980818d23ad3c41ad52e70eee5e95a6,4
python_exact,12,1728,1,6,B,97,True,True,77.376745,53d4c750848c2e5e32029f690a8a4f8a,14
C_pruning,12,1728,2,18,A,18,True,True,4.24998,91d62f28c2726f195279db62f2e70676,4
C_pruning,12,1728,2,18,A,17,True,True,5.171751,6fdd0716864c03e2a0821b396f0be4e4,8
C_pruning,12,1728,2,18,A,21,True,True,2.587146,d7741b87862ba1c338a52ac0176fd16c,8
C_pruning,12,1728,2,18,A,22,True,True,4.252003,580e831a50fee84e75ded3de6a06cc3b,8
C_pruning,12,1728,2,18,A,23,True,True,2.693466,afc909da8fdf0b64f6161a7b4a309571,8
python_exact,12,1728,1,6,B,98,True,True,85.676977,09ec7a0b388df8586b729dbf56aa6746,0
C_pruning,12,1728,2,18,A,19,True,True,13.940662,bd6c01b1c0c03c4f1ae1134648e20ba0,14
C_pruning,12,1728,2,18,A,24,True,True,1.327873,578b0a646fe766de5912ecefaf5e08e9,8
C_pruning,12,1728,2,18,A,25,True,True,1.291774,2ca16301601559133970bc010eb505a8,0
C_pruning,12,1728,2,18,A,20,True,True,13.625498,bb50891ce33ebdfa003accdf7a23a2b1,4
C_pruning,12,1728,2,18,A,27,True,True,2.725881,5dd33185629dec8589b62213741eae95,8
python_exact,12,1728,1,6,B,96,True,True,115.744781,d7bef7f37d03a4e343246cb2f02f908a,12
C_pruning,12,1728,2,18,A,31,True,True,1.257279,5ad6b9d413a41ea0921f30bedb5b666a,12
C_pruning,12,1728,2,18,A,29,True,True,5.005612,1bb838271b1268556fe73d060aca68c7,4
C_pruning,12,1728,2,18,A,30,True,True,6.46281,3d57b0e1844e18e15db50e5ee6b497a9,8
C_pruning,12,1728,2,18,A,28,True,True,10.533786,b65554544c7e989b9ad836447cae908f,0
C_pruning,12,1728,2,18,A,26,True,True,11.611917,8d06a272d87fff65e5e361b16987e741,14
C_pruning,12,1728,2,18,A,35,True,True,1.336434,aa69a1e0580e62b3305b209c88b13ba4,0
C_pruning,12,1728,2,18,A,36,True,True,1.309646,806a1c3dd7c5d16cbf0d429c749848c3,14
C_pruning,12,1728,2,18,A,38,True,True,1.252754,b4db0a686d8829f5f2764ae84577d27c,14
C_pruning,12,1728,2,18,A,34,True,True,5.390213,8c571c09bbfdf8bc03834f3de3275bf9,8
C_pruning,12,1728,2,18,A,39,True,True,2.489431,308a2a5c59967753948a442c65ee0c93,14
C_pruning,12,1728,2,18,A,37,True,True,5.260544,ecf5572a7b81b2ad0ff9c465e3d2ed40,0
C_pruning,12,1728,2,18,A,32,True,True,11.128592,13e78a677210b012a8b485957b5247f1,12
C_pruning,12,1728,2,18,A,43,True,True,1.267229,1c3895ba5c56458221e21d65a28d3b29,12
C_pruning,12,1728,2,18,A,40,True,True,5.301383,e818b10b1093d715cb5b7ed9c4a921f3,8
python_exact,12,1728,1,6,B,95,False,False,136.585854,,10
C_pruning,12,1728,2,18,A,45,True,True,1.318379,bd3b5e5d1075cc4ee5ef1504d3a81529,8
C_pruning,12,1728,2,18,A,46,True,True,1.338264,8bc44bee01546b4611e1449b448285b8,10
C_pruning,12,1728,2,18,A,48,True,True,1.275337,eb109b3afddd1a5c62c479cff65702c5,10
C_pruning,12,1728,2,18,A,44,True,True,5.042449,0726bc6771cc1fd0a8a7c4e7f2f58a0b,12
python_exact,12,1728,1,6,B,99,True,True,106.907979,52cc2a93024ca2708e07cd3dfc0134b7,2
C_pruning,12,1728,2,18,A,51,True,True,1.331909,2577487d5c7b017cec52ef753bee4266,2
C_pruning,12,1728,2,18,A,47,True,True,5.202615,fbe9bd7cac8e005b211fdeff43f45dab,8
C_pruning,12,1728,2,18,A,33,True,True,19.533079,59193c63656b3325e411042913be2e01,4
C_pruning,12,1728,2,18,A,53,True,True,1.293917,a5d17b0b4e996e475ba579b780709e01,8
C_pruning,12,1728,2,18,A,49,True,True,4.924979,93569946ea13ae1f94b15c3fbababb97,10
C_pruning,12,1728,2,18,A,54,True,True,1.281653,87dc268e499cb65e9cd284238e52d0bf,4
C_pruning,12,1728,2,18,A,55,True,True,1.316146,3579700afa1f34d49ff8a483b6ae7281,8
C_pruning,12,1728,2,18,A,56,True,True,2.515828,9818d3ffd612fc1ce6c2bc31896190ac,10
C_pruning,12,1728,2,18,A,42,True,True,12.60082,2dd976df01b3dba827866fb4cf1839bc,0
C_pruning,12,1728,2,18,A,52,True,True,5.573341,06de7abc36785f61ef6449d3a750c324,2
C_pruning,12,1728,2,18,A,61,True,True,1.309578,2a31bc85f3dd0bb4e710a3558cecc47e,2
C_pruning,12,1728,2,18,A,50,True,True,8.89414,6cd21ec1d299028843fbdeb52ff6a3bb,12
C_pruning,12,1728,2,18,A,41,True,True,17.251825,e73c2cbb734a0335cee42b003230e8de,14
C_pruning,12,1728,2,18,A,60,True,True,3.821988,03cba282638aa7453fa0a7548fda9c77,0
C_pruning,12,1728,2,18,A,62,True,True,2.445054,708df6832cf517c250791e06e47dd57a,2
python_exact,12,1728,1,6,B,100,True,True,81.443314,2ade91109788c6133ebd3ec7947aabd4,6
C_pruning,12,1728,2,18,A,58,True,True,7.464365,6eaa66eaeed4bb82b158723f64ded5a4,8
C_pruning,12,1728,2,18,A,63,True,True,3.959156,435b4134353e274078f2c6d9eb28b3b1,12
C_pruning,12,1728,2,18,A,59,True,True,7.239997,bbfee1738b69cfbd04fd8ce0277d0116,10
C_pruning,12,1728,2,18,A,68,True,True,1.289719,d1a0aed4e5e30aa9417d756ca7012379,8
C_pruning,12,1728,2,18,A,65,True,True,5.132705,9bf12fb3e7aa91bbb05ddd181e2939d9,0
C_pruning,12,1728,2,18,A,66,True,True,5.773553,e266095b554c40df576ba68c0e4809c7,2
C_pruning,12,1728,2,18,A,67,True,True,5.983467,f492343e89a23ea61acd85838db854b5,6
C_pruning,12,1728,2,18,A,72,True,True,2.586311,a40586a64133f79b546036fd3e8e96a3,0
C_pruning,12,1728,2,18,A,75,True,True,1.320928,f1bd9dff2efb74d2c12b1b766ac69212,0
C_pruning,12,1728,2,18,A,70,True,True,6.326358,8363d2fdd1765989ad4e775e29bcc22e,10
C_pruning,12,1728,2,18,A,77,True,True,1.331373,815903ae83e9afb22b92c98c495c2c79,10
C_pruning,12,1728,2,18,A,57,True,True,17.410346,6552111b92d4c6c2dd42e1ccc93e855d,4
C_pruning,12,1728,2,18,A,69,True,True,8.588056,2f939b4dababf40d1e9793d1c4372555,12
C_pruning,12,1728,2,18,A,79,True,True,1.281983,e4d763e240324a7720b1b6a9640745a3,4
C_pruning,12,1728,2,18,A,74,True,True,6.20513,5cc0b6c652ba62f9b46b7fedf2e22419,6
C_pruning,12,1728,2,18,A,81,True,True,1.26085,99b2928385cb65c558fd73c09b0d2775,4
C_pruning,12,1728,2,18,A,78,True,True,3.831236,0f009e427f603acbc131073073915e11,10
C_pruning,12,1728,2,18,A,83,True,True,1.346043,42ded4501d501494c794d74eb362fb14,4
C_pruning,12,1728,2,18,A,76,True,True,6.481272,8547c51808ea25ebd32048f41e29d3f5,0
C_pruning,12,1728,2,18,A,82,True,True,2.631428,ca70c6427ba152d4eb3dbaa5b7da7b7c,6
C_pruning,12,1728,2,18,A,80,True,True,5.076989,c225d8dffa0922f011891d4196b60b8e,12
C_pruning,12,1728,2,18,A,85,True,True,1.502731,f6db6f013c7be58c2bd29b252a1679e4,4
C_pruning,12,1728,2,18,A,71,True,True,14.555526,09b1ee1e9b8790b182f6c2c8de043904,8
C_pruning,12,1728,2,18,A,73,True,True,11.557849,4575a4ed1f71eaa7b5c67d2d90e588de,2
C_pruning,12,1728,2,18,A,64,True,True,19.079969,44510eb2e4d65b7f9f45992b8f855b73,14
C_pruning,12,1728,2,18,A,86,True,True,2.774067,2a0d6f3eea973b5bd7c2abf1988a22f8,0
C_pruning,12,1728,2,18,A,88,True,True,2.690049,23a561a66d1cfee168dd20014bf60ec4,12
C_pruning,12,1728,2,18,A,92,True,True,1.4633,f80ad87e98a622c330c4e532dc03f052,14
C_pruning,12,1728,2,18,A,94,True,True,1.285358,8346a0a5826ec9ad110263fbe700a12f,12
C_pruning,12,1728,2,18,A,84,True,True,5.902685,cab3fc5100a660cd1922e119ce42adbd,10
C_pruning,12,1728,2,18,A,97,True,True,1.309325,8f1cda6a9b5587674a01256b7791a741,10
C_pruning,12,1728,2,18,A,87,True,True,6.326818,644062696d35bf75d390560917a9a558,6
C_pruning,12,1728,2,18,A,95,True,True,2.709253,b80e5992f64939435805bbce29c39020,14
C_pruning,12,1728,2,18,A,93,True,True,4.778603,1cba622c278f1a2621f456eb355fb720,0
C_pruning,12,1728,2,18,A,100,True,True,1.323218,f45fdab13406e195212fc509f12826f0,14
C_pruning,12,1728,2,18,A,89,True,True,7.332026,016b72c4693f3e35f3c262587e8de7e4,4
C_pruning,12,1728,2,18,A,98,True,True,2.669744,bb53071fce6a3d5ff4390f928e658de2,10
C_pruning,12,1728,2,18,A,96,True,True,4.395783,c37f5bf9df1988453c374c7391c29479,12
C_pruning,12,1728,2,18,A,99,True,True,2.651575,655ecd6adebc659e85fa05906144f926,6
python_pruning,12,1728,2,18,A,14,True,True,1.383289,64af5130c34df28a6e9b9828d1777bf1,10
python_pruning,12,1728,2,18,A,15,True,True,1.872932,163cb44f046b7e52395a94782ca2848d,12
python_pruning,12,1728,2,18,A,12,True,True,3.217223,df4bfb992e41ec51997813dc0c600b8a,14
python_pruning,12,1728,2,18,A,19,True,True,1.364005,0845d19984272209cb7582b86f2e5dd6,14
python_pruning,12,1728,2,18,A,13,True,True,4.60443,dcf94ace0333ac741a4bc8d8054d34af,4
python_pruning,12,1728,2,18,A,20,True,True,1.306486,477aea8ce05f5105df1b70c08bd90292,14
C_pruning,12,1728,2,18,A,90,True,True,11.8667,81e31bf7b87d2fa969ee8c9b01d64dcc,8
python_pruning,12,1728,2,18,A,23,True,True,1.247752,c68dd34195bcc6edeb0594930c5a5203,8
python_pruning,12,1728,2,18,A,11,True,True,8.265184,eb961aab01e6b5f4e74852b9fc7276b7,0
python_pruning,12,1728,2,18,A,17,True,True,5.274645,f1d96939f977765e20e39cb3d742d458,10
python_pruning,12,1728,2,18,A,16,True,True,6.74936,b9f339d0e3954aecd2d59f0066c66131,6
python_pruning,12,1728,2,18,A,21,True,True,3.42688,f2a5e64f2f8d1166b0305bb5f8f43d19,4
C_pruning,12,1728,2,18,A,91,True,True,14.485499,7fd06ae2e2b849c5658c1e9f6a3de691,2
python_pruning,12,1728,2,18,A,18,True,True,6.270016,f0514cb5f6a6e4c3b1f0abb1c675f94d,12
python_pruning,12,1728,2,18,A,25,True,True,1.970085,a8b9939bacd2869151ee46bc60a9fc68,0
python_pruning,12,1728,2,18,A,27,True,True,1.644083,a2d07dd88b49f70aa805ba268dd879de,6
python_pruning,12,1728,2,18,A,22,True,True,4.066439,2affe5079b6463eb1880c4444622d674,14
python_pruning,12,1728,2,18,A,26,True,True,2.69783,2fe8b7957984e63f29882c2165dd3308,10
python_pruning,12,1728,2,18,A,32,True,True,1.666455,c7701fa582f8ab1e6d1916f7043eb725,6
python_pruning,12,1728,2,18,A,31,True,True,1.997281,ae7ce42c20f62aa3ddf5343b39691b34,0
python_pruning,12,1728,2,18,A,30,True,True,3.497804,f0a8a7716b0ade4de97233178fcc14a7,12
python_pruning,12,1728,2,18,A,36,True,True,1.727643,346f1d332621b021a131b4316003f6b8,0
python_pruning,12,1728,2,18,A,29,True,True,6.10854,854ea89f3554b432f783595dc34be858,2
python_pruning,12,1728,2,18,A,33,True,True,6.593935,1dc4c8ba363d7b25433d2d0fb677eab7,14
python_pruning,12,1728,2,18,A,28,True,True,8.589278,5f119bd46d8f409bf75ab05cae55daac,4
python_pruning,12,1728,2,18,A,35,True,True,5.657257,3ce124abd6c2122a238db4e43c2b2791,6
python_pruning,12,1728,2,18,A,41,True,True,1.299998,59d2ebada4182bfd149cf1b1283c2b37,4
python_pruning,12,1728,2,18,A,34,True,True,8.603426,bcb2a9db7f0aead36722993bd4fa359d,10
python_pruning,12,1728,2,18,A,37,True,True,6.308956,34099b8c08f5f0092bc9afedc79a0109,12
python_pruning,12,1728,2,18,A,39,True,True,4.868986,fd2581473a7e1ae8a3c2b9730efeb7c0,2
python_pruning,12,1728,2,18,A,40,True,True,3.206553,1170faa563b7d3cce7e44d70e33e5fe9,14
python_pruning,12,1728,2,18,A,43,True,True,2.438128,793088c79e560fbb9e62024115cd31c4,4
python_pruning,12,1728,2,18,A,42,True,True,4.062877,99fa82bf46e399e4ef57796cb9d2550f,6
python_pruning,12,1728,2,18,A,38,True,True,8.217572,e1cee6571bf00444e8621acaec0eaafb,0
python_pruning,12,1728,2,18,A,44,True,True,3.351541,7a28adacb5c1ac5b7d2c04098baf70f9,10
python_pruning,12,1728,2,18,A,50,True,True,1.881876,e4a5943e47ba126308ad40c4f04b8545,0
python_pruning,12,1728,2,18,A,24,True,True,16.339507,97725f4e233eb71742f67ce32a00f151,8
python_pruning,12,1728,2,18,A,48,True,True,3.296926,6f242ed2f86ba0d0793d9086c35e4c3e,4
python_pruning,12,1728,2,18,A,47,True,True,4.339881,d2073bed5ebda1cad094d8dccb69aabb,14
python_pruning,12,1728,2,18,A,51,True,True,2.189444,988f3aef91f905c8207526b3d027a957,10
python_pruning,12,1728,2,18,A,52,True,True,1.991159,14e60dc89e3de6a03eed1385c0b18312,0
python_pruning,12,1728,2,18,A,46,True,True,6.108413,bd16869dabd54b66524a432b9781a967,2
python_pruning,12,1728,2,18,A,53,True,True,2.265629,4a0b8b53897ad2f018b3149236638ef3,8
python_pruning,12,1728,2,18,A,56,True,True,2.249927,e90045673ed4c1afeffef0b7fd7710d6,10
python_pruning,12,1728,2,18,A,45,True,True,7.712262,2d33272499454f68b3e4fe7b66c2ad09,12
python_pruning,12,1728,2,18,A,59,True,True,1.263184,4af51df0163bb0ecbd4b01914a8a98f2,8
python_pruning,12,1728,2,18,A,58,True,True,1.900259,302a402a4e4c51802e8fb6b1d17bbdf2,2
python_pruning,12,1728,2,18,A,54,True,True,5.294188,12093af92bbb525d28a3576cac3fa002,4
python_pruning,12,1728,2,18,A,49,True,True,8.352742,b966b10040366c4245ff049285f9d3b6,6
python_pruning,12,1728,2,18,A,62,True,True,2.316106,18afa794a50c3ba752b904b105d34ea8,8
python_pruning,12,1728,2,18,A,61,True,True,3.304061,654b26434f69c9fd3aa19923aa2f566a,12
python_pruning,12,1728,2,18,A,60,True,True,4.253354,ca59d4441b0b5f29e20a0af73c649d83,10
python_pruning,12,1728,2,18,A,65,True,True,1.546174,9279bbeb81476495440eeff4c73ad093,6
python_pruning,12,1728,2,18,A,64,True,True,2.673558,093e842cc010917e8a5484bd0a1f621f,4
python_pruning,12,1728,2,18,A,66,True,True,2.254372,214feaff264a669ff7942c8a1ecd0f9e,8
python_pruning,12,1728,2,18,A,67,True,True,2.341502,39132fa8c1a6607e5bd58ed2746d257c,12
python_pruning,12,1728,2,18,A,68,True,True,2.306663,1051a711c24d40df9a01fee071fc521c,10
python_pruning,12,1728,2,18,A,72,True,True,1.311901,a1c9e514ea59231acf963353f131c638,12
python_pruning,12,1728,2,18,A,71,True,True,2.214572,a8d6200cbc1f96cc8b7941bc8006da2f,8
python_pruning,12,1728,2,18,A,74,True,True,1.284675,b51e6595c2b48140ca55b11b8e2e44eb,12
python_pruning,12,1728,2,18,A,55,True,True,11.010186,7b4fecb8f0588cece1f25bfcdf93e3f1,14
python_pruning,12,1728,2,18,A,75,True,True,1.311156,8ff07290e8585b989addbac60e1ec301,8
python_pruning,12,1728,2,18,A,73,True,True,2.286386,75152e71180f9e8c9919827d2e37af65,10
python_pruning,12,1728,2,18,A,63,True,True,8.345528,d6583a6db36505d93799ded9e6ab0527,2
python_pruning,12,1728,2,18,A,69,True,True,5.579127,2575fe99252a93742149667787784a54,6
python_pruning,12,1728,2,18,A,79,True,True,1.265374,ab1fc8061bff695a4fa1f8afcbcd7e0f,10
python_pruning,12,1728,2,18,A,77,True,True,1.889936,dad74d710d0f480af81b6899ce053566,14
python_pruning,12,1728,2,18,A,76,True,True,3.226754,6558f58a6388dc3e2675d4d04edbf9dc,12
python_pruning,12,1728,2,18,A,80,True,True,3.080422,dfafe2d377f7fdc2ffb5b0d693245315,2
python_pruning,12,1728,2,18,A,85,True,True,1.886002,8c9512456ba4388653e6c94a326fee51,2
python_pruning,12,1728,2,18,A,70,True,True,9.865612,51cb5559c24c927c1e5955b179e4b765,4
python_pruning,12,1728,2,18,A,78,True,True,6.345849,63801f51a2bb65df2cf18fdb3e68cc20,8
python_pruning,12,1728,2,18,A,82,True,True,5.079417,3b97172ecf16843cc8f38896209bac8f,10
python_pruning,12,1728,2,18,A,84,True,True,4.137154,28eebf5dba3641110de016ae68246668,12
python_pruning,12,1728,2,18,A,81,True,True,6.300005,a6cf7b924f6309f16129b88886c94a4c,6
python_pruning,12,1728,2,18,A,86,True,True,1.907907,542ae6d9ba763c8da58dc42828da86ef,2
python_pruning,12,1728,2,18,A,83,True,True,6.324375,e49538ce1c2464125bd92d3f0cb32fe6,14
python_pruning,12,1728,2,18,A,57,True,True,18.616251,f2b04add81cc4de12a9a8b5fdaf30657,0
python_pruning,12,1728,2,18,A,91,True,True,1.422853,66d013e12728cf7f87551326679658b1,6
python_pruning,12,1728,2,18,A,92,True,True,1.550433,11369966c8c3f9796ec84f826c0517d3,2
python_pruning,12,1728,2,18,A,87,True,True,3.104303,1004cc8b21e67dcea6473c0ab36efc65,4
python_pruning,12,1728,2,18,A,88,True,True,3.171312,cbf260dcbeba125aaa209bd9b946246a,8
python_pruning,12,1728,2,18,A,95,True,True,2.036005,61bcbd0bd890d0f6979c1bd7b1d3cc0b,6
python_pruning,12,1728,2,18,A,94,True,True,2.79753,46082d588929c8c142e1e1a09396cf5a,0
python_pruning,12,1728,2,18,A,89,True,True,5.5624,e70d2e73325f52e5796e74f814d4da9c,10
python_pruning,12,1728,2,18,A,98,True,True,2.725519,93c317bfcec1d08c4db59c3e30938694,8
C_exact,12,1728,2,18,A,12,True,True,0.055452,90c7f2dc3ca895e2b35fd78c43eecdd6,8
C_exact,12,1728,2,18,A,13,True,True,0.051354,e5d1c46b140fd2c6074dbfe079405337,8
C_exact,12,1728,2,18,A,14,True,True,0.036477,baec3c3b1b4719f887a01df9c1b9e016,8
python_pruning,12,1728,2,18,A,90,True,True,5.392278,59cdc3f0494b4b5c50c56b7cc8352336,12
C_exact,12,1728,2,18,A,15,True,True,0.041875,90c6776b923b0c7ccfb8263829de9b52,8
C_exact,12,1728,2,18,A,16,True,True,0.036644,2b5937b198564037564099fd0546743b,12
C_exact,12,1728,2,18,A,17,True,True,0.039131,0fa3c9deb77db61f2af722414457b6e5,8
C_exact,12,1728,2,18,A,18,True,True,0.038555,a3b010025b88c384de2707582089fc92,12
C_exact,12,1728,2,18,A,19,True,True,0.053144,b8023a4b37af1af4274c001261dee595,8
C_exact,12,1728,2,18,A,11,True,True,0.599133,9d6dcc068abf3c5059d753f3c53e4f16,10
C_exact,12,1728,2,18,A,20,True,True,0.045926,3323dd2d5ea7b6f9feb0cf1712bfd0b9,12
C_exact,12,1728,2,18,A,22,True,True,0.040051,29d4b8dd43a1c97c3148745e4dd0e18d,10
C_exact,12,1728,2,18,A,21,True,True,0.039332,540ea62e9ef9e857035a2404d730b4a9,8
C_exact,12,1728,2,18,A,23,True,True,0.041408,5e28432bb353634c27fd294162f47e21,12
C_exact,12,1728,2,18,A,24,True,True,0.042017,9d5ca8c40e9047b7e01c5a5e99398eab,10
C_exact,12,1728,2,18,A,25,True,True,0.043205,5a5c7dd22c2f5ca4f3bb41aafa316389,8
C_exact,12,1728,2,18,A,26,True,True,0.049364,c11475ec7d71f4a5e1ad5b771ee2cfac,12
C_exact,12,1728,2,18,A,27,True,True,0.042365,6a9030f1fd0e2515975abb5d8007112c,10
C_exact,12,1728,2,18,A,28,True,True,0.054329,a4d02afa499e8d28129a26a86fd9f2e4,8
C_exact,12,1728,2,18,A,29,True,True,0.039203,693661e0c24a97b190f91aa998cf9815,12
C_exact,12,1728,2,18,A,31,True,True,0.040694,51338cd04bd689fd9cb732773b34925d,8
C_exact,12,1728,2,18,A,32,True,True,0.042087,c164a4fd2316e937f72e02897c54553c,12
C_exact,12,1728,2,18,A,33,True,True,0.040705,914d362643653222400f03246d243c53,8
C_exact,12,1728,2,18,A,30,True,True,0.037719,9172effad1ce627cad70c999a951b46c,10
C_exact,12,1728,2,18,A,34,True,True,0.046654,c7bb8bd814a184f0f6b240c1918319dd,12
C_exact,12,1728,2,18,A,36,True,True,0.051251,ebddc3e557d1ad832a951dea6c3ed1fa,10
C_exact,12,1728,2,18,A,35,True,True,0.053099,a49cc0ac1192ea3c15e2eb0a668bc32d,8
C_exact,12,1728,2,18,A,37,True,True,0.052252,12e862badd819f343d894ff7ea78bf3f,12
C_exact,12,1728,2,18,A,38,True,True,0.04873,fd06de093fbc0ebf3432a13165c7bf0d,10
C_exact,12,1728,2,18,A,39,True,True,0.077227,434ed22224c94a725f9ceaccc78f1596,8
C_exact,12,1728,2,18,A,40,True,True,0.07235,53ccc470230b5c3158417138ef07c10c,12
C_exact,12,1728,2,18,A,41,True,True,0.054784,1488a401af069e5ced349241aceb8db0,10
C_exact,12,1728,2,18,A,43,True,True,0.060027,2ab5efdac8edd24bf684f57beb51e9b0,12
C_exact,12,1728,2,18,A,42,True,True,0.062316,b406939609041fa02492d6048a8db422,8
C_exact,12,1728,2,18,A,44,True,True,0.048703,6326c36d7c571e8f2fcdf65f2ac6716f,10
C_exact,12,1728,2,18,A,45,True,True,0.071477,66961f51d72dec4e75080ce42ca5f050,12
C_exact,12,1728,2,18,A,46,True,True,0.076137,c4e2e559225eb524e0fd231bb24fe6b1,8
C_exact,12,1728,2,18,A,47,True,True,0.040178,7eab133338853f1ed09e455c0e6a6d82,10
C_exact,12,1728,2,18,A,49,True,True,0.049272,a0cf238b7ffe6ac2e211a9d408362630,8
C_exact,12,1728,2,18,A,48,True,True,0.051205,7df19cdad5e4f38e3d96874f7ee3b955,12
C_exact,12,1728,2,18,A,50,True,True,0.055018,af3ee6b037d8fe7c5972c07f0beffe8a,10
python_pruning,12,1728,2,18,A,100,True,True,2.233776,0efa879b157e25a4a7ed3b2ac9324af2,0
C_exact,12,1728,2,18,A,52,True,True,0.046229,613973d22540910f1a4940f4ef1dab41,12
C_exact,12,1728,2,18,A,53,True,True,0.060873,78aecbbec6c62f98d1391931e7192201,10
C_exact,12,1728,2,18,A,51,True,True,0.082244,8e12246a41dde2fce92d3ce8334cef36,8
C_exact,12,1728,2,18,A,54,True,True,0.040699,a35b760acf7ae119c34c66d6d9b51ed9,0
C_exact,12,1728,2,18,A,55,True,True,0.038959,19ddf91d70e57d05fe8b49579d6928ba,12
C_exact,12,1728,2,18,A,56,True,True,0.052874,e39059b6257d8b4287c2e7edc0a769e4,10
C_exact,12,1728,2,18,A,58,True,True,0.04533,04e64159fb7618c38ce07704856126b9,0
C_exact,12,1728,2,18,A,59,True,True,0.038358,06a8a407f9e417a77ad4269699bd4243,12
C_exact,12,1728,2,18,A,57,True,True,0.040096,24211f68bbdd7fec332e214445ed4990,8
C_exact,12,1728,2,18,A,60,True,True,0.037763,03ce9cf90f38304e882d266621b9909a,10
C_exact,12,1728,2,18,A,62,True,True,0.059318,349e3978e0297ae6797d97e2324208ac,12
C_exact,12,1728,2,18,A,61,True,True,0.061232,635c1e632825d4b739a30eac249c21db,0
C_exact,12,1728,2,18,A,63,True,True,0.069729,6408fad761c71d9428bf3d505bccca9a,8
C_exact,12,1728,2,18,A,64,True,True,0.054646,dd687dd2bd499fa9e625402a0dbdc599,10
C_exact,12,1728,2,18,A,65,True,True,0.040712,31e5365e4e7461bbd81986e4ecf33783,12
C_exact,12,1728,2,18,A,66,True,True,0.046487,75b094dbf0d6495c4523e9bb36b5c1f3,0
C_exact,12,1728,2,18,A,68,True,True,0.047225,03b0fe2ed2db81f8bfdeb1d2d6ce8e4a,10
C_exact,12,1728,2,18,A,67,True,True,0.058579,e4e4e2a346dc0b8e67153bf012d9e647,8
C_exact,12,1728,2,18,A,69,True,True,0.038059,2f576d8ac2ae14949c7e3ab74b968f0d,12
C_exact,12,1728,2,18,A,70,True,True,0.04256,516b7a82f61e84136ac1175beff9be78,0
C_exact,12,1728,2,18,A,72,True,True,0.047541,06ffe25cb8c92116ef505bf9065fe7e6,8
C_exact,12,1728,2,18,A,71,True,True,0.055334,0d902bcc071d92a61735bf6d677156f5,10
C_exact,12,1728,2,18,A,73,True,True,0.038399,0270388fb06ede514acc7b51e1e3651d,12
C_exact,12,1728,2,18,A,76,True,True,0.039121,58eb29bef05c5108366919e80a3fb0b8,10
C_exact,12,1728,2,18,A,74,True,True,0.048783,c307d0b590cee39e7ab10bea1d5911ab,0
C_exact,12,1728,2,18,A,75,True,True,0.051239,1c86e957b4096899a064cfc66597fd20,8
C_exact,12,1728,2,18,A,78,True,True,0.043198,5f42ce541da383a474afd7720d5453a7,10
C_exact,12,1728,2,18,A,77,True,True,0.03786,8625edb688faed77a9b42b3e30610102,12
C_exact,12,1728,2,18,A,80,True,True,0.051587,bccf69145c3df730532648178f1e4204,8
C_exact,12,1728,2,18,A,79,True,True,0.043197,6000ff2574e2c7585c84725c6873d67e,0
C_exact,12,1728,2,18,A,81,True,True,0.043488,b0de8ba19f1a73d12291a62f26efb92a,10
C_exact,12,1728,2,18,A,83,True,True,0.057909,a9b1bcb4cce82ed2dd36921a9c274b3d,8
C_exact,12,1728,2,18,A,82,True,True,0.056325,85a98a88a6d1d8c04ee3af1269b23b8f,12
C_exact,12,1728,2,18,A,84,True,True,0.044297,abf4888712ddabfbe6021676e34d0926,0
C_exact,12,1728,2,18,A,87,True,True,0.038857,eac867e72de74857fdcb1e7fb8414ef6,12
C_exact,12,1728,2,18,A,86,True,True,0.04016,e720eb8783d0fef7f384c294964e4955,8
C_exact,12,1728,2,18,A,85,True,True,0.05342,a84e5ca632595d83921eddadf727ef68,10
C_exact,12,1728,2,18,A,88,True,True,0.038785,c2923713350d86a5f48fef0077bd4499,0
C_exact,12,1728,2,18,A,89,True,True,0.0499,40b62f9475c55cfa67085bb47b008535,12
C_exact,12,1728,2,18,A,90,True,True,0.048853,2dfa663de2d218ca2c2269a255af189e,8
C_exact,12,1728,2,18,A,91,True,True,0.04239,c445fb6e57aa5c782aec2d026f1bcb7e,10
C_exact,12,1728,2,18,A,93,True,True,0.039023,b579ab6a1122b408416e0f2f0435163d,12
C_exact,12,1728,2,18,A,95,True,True,0.049537,2a889adcea13da3977fbdc1ed5bb4df7,10
C_exact,12,1728,2,18,A,94,True,True,0.053811,80ea2fb450b84cd87508bc63c0e2fcd2,8
C_exact,12,1728,2,18,A,92,True,True,0.03939,bfb558c6fc235d79eeeb3965bd2e26c0,0
C_exact,12,1728,2,18,A,96,True,True,0.043853,6ad0bd82d038558fe0c113658daf09e8,12
C_exact,12,1728,2,18,A,97,True,True,0.049174,b24dd9c10e51fba17a2011ce1be925fd,10
C_exact,12,1728,2,18,A,98,True,True,0.059085,b154f764ed1834fdfc79da4b33335db3,8
C_exact,12,1728,2,18,A,99,True,True,0.051944,307c74a6b4368f04679bba600ec8a6e7,0
C_exact,12,1728,2,18,A,100,True,True,0.045183,075646608645542f5c08e1ebefde2fe9,12
python_exact,12,1728,2,18,A,11,True,True,0.393814,815190a659618b1c064ae4e44c87f81a,10
python_exact,12,1728,2,18,A,12,True,True,0.445737,f36bce60d8414a994a9158d5c2a20a00,8
python_exact,12,1728,2,18,A,14,True,True,0.419474,f5563df75fa666cd0c389c25ea335e35,12
python_pruning,12,1728,2,18,A,96,True,True,6.177269,06a054e721db7d660518c56df4bfac9d,2
python_exact,12,1728,2,18,A,13,True,True,0.786221,596bcd10e4f7b753c888e0231b5db790,0
python_exact,12,1728,2,18,A,15,True,True,0.485251,546eebd0c60b35a3349c7281b766c1be,10
python_exact,12,1728,2,18,A,17,True,True,0.428185,8cb5fe6c64e6108f4b4530a338ce9520,12
python_exact,12,1728,2,18,A,16,True,True,0.560099,9dd5d34e886191c97871c26c9287e71b,8
python_exact,12,1728,2,18,A,20,True,True,0.453609,b5282e53ccfea0d4b8837bc735f03170,10
python_exact,12,1728,2,18,A,21,True,True,0.412834,bcf64357597f9b6f41ae862d8cec237e,12
python_exact,12,1728,2,18,A,19,True,True,0.578655,47ef1b729fcbbb735a3dec9d431fccd5,0
python_exact,12,1728,2,18,A,18,True,True,0.655388,553f2bcea8de36a67e7b038daf05c383,2
python_exact,12,1728,2,18,A,22,True,True,0.373096,f8c0352ab0e217243af221d4ce52b689,8
python_exact,12,1728,2,18,A,23,True,True,0.419701,1721953cc41544479e01aa292ca9ac95,10
python_exact,12,1728,2,18,A,24,True,True,0.428197,d132ac278deb4cb2e28519166af020e3,12
python_exact,12,1728,2,18,A,26,True,True,0.415518,d51f698b95fe636746c634df80c09bd8,2
python_exact,12,1728,2,18,A,27,True,True,0.441309,33629b90e0fe85c032eab0399711927c,8
python_exact,12,1728,2,18,A,25,True,True,0.666829,f6b864396c3b1e6ea9a1ed7cd8f1d7df,0
python_exact,12,1728,2,18,A,28,True,True,0.38688,6bce0bb8b9e2880d104030f43abb6b77,10
python_exact,12,1728,2,18,A,29,True,True,0.386252,ce2252e7d063f39e6bb3817deba8ba9e,12
python_exact,12,1728,2,18,A,31,True,True,0.403423,d25c1e54bf2a765fd82b29152daec47a,8
python_exact,12,1728,2,18,A,30,True,True,0.656416,6ad366b791ab58449cd4a4801dda771f,2
python_exact,12,1728,2,18,A,32,True,True,0.611764,0b3921084cb1b94f056f41b5cc323252,0
python_exact,12,1728,2,18,A,33,True,True,0.495783,ea3f32dc64019d62ab95a11407c8ec92,10
python_exact,12,1728,2,18,A,34,True,True,0.516969,f6f26f1bf0a7ec1de17635dcbcbb702e,12
python_exact,12,1728,2,18,A,35,True,True,0.487566,967fa1fa081c6f86fb17875936f2a435,8
python_pruning,12,1728,2,18,A,93,True,True,9.672284,62b2ce137bd11ef5958359b34ad1c4be,14
python_exact,12,1728,2,18,A,38,True,True,0.376019,6c28a36683734dc052fc5ee7ec2a2dc1,10
python_exact,12,1728,2,18,A,36,True,True,0.614388,b52f4f6cb53ce284d8c6b4bd39786b95,2
python_exact,12,1728,2,18,A,40,True,True,0.359369,4f13fa2eb53bcf9b5ae2ec588edd20de,8
python_exact,12,1728,2,18,A,39,True,True,0.497326,784defa9297216fc5924818d4993124f,12
python_pruning,12,1728,2,18,A,99,True,True,7.084243,876857f67e46b57caa1c6526f421a08f,6
python_exact,12,1728,2,18,A,37,True,True,0.637952,7f5dad9a00607de8c99a7ad926c5c833,0
python_exact,12,1728,2,18,A,42,True,True,0.444441,5c38a094a5961f8b3968ae07853338b7,10
python_exact,12,1728,2,18,A,44,True,True,0.432981,5f37907b5196ab789811b69fd1bd6acf,8
python_exact,12,1728,2,18,A,41,True,True,0.630435,f6e3a49a4e5dec35ba08fce08c027e19,14
python_exact,12,1728,2,18,A,45,True,True,0.390621,fce9b16e268826dc1d28c104963390e0,12
python_exact,12,1728,2,18,A,43,True,True,0.632496,129e60156c28c81e5c26136163f1c9ae,2
python_exact,12,1728,2,18,A,46,True,True,0.436612,438093a260d2712ac61d51d28a2afb2d,6
python_exact,12,1728,2,18,A,47,True,True,0.570652,0e539e26cb1cbd64879ea2cb589e5a78,0
python_exact,12,1728,2,18,A,48,True,True,0.450019,1dcde900e38e6719d18d83d668c92505,10
python_exact,12,1728,2,18,A,51,True,True,0.417773,5e04cdec3878a9029ca3aebd052cc05b,12
python_exact,12,1728,2,18,A,49,True,True,0.440767,93a5d094d7b167934419d0ba3a4ad3d9,8
python_exact,12,1728,2,18,A,50,True,True,0.5591,043680fd7233b523fd12a6ffe30c6d84,14
python_exact,12,1728,2,18,A,53,True,True,0.406747,6f1732b3a08cd2be597a22d5a197a7bf,6
python_exact,12,1728,2,18,A,52,True,True,0.567335,dc01f10d9b474a43e388ea175f479afc,2
python_exact,12,1728,2,18,A,55,True,True,0.409576,492ac8adef8bd4f639f514a71e2c0fde,10
python_exact,12,1728,2,18,A,56,True,True,0.46914,042de143d4c3eee09347fa7e48b1cab6,12
python_exact,12,1728,2,18,A,57,True,True,0.469331,b1443c4947ffc20695f34ea2be5a3500,8
python_exact,12,1728,2,18,A,54,True,True,0.610053,3ce80220f3836549573127b27a69e898,0
python_exact,12,1728,2,18,A,59,True,True,0.462056,66b62efeb929cc8359a5e56e9a540b08,6
python_exact,12,1728,2,18,A,60,True,True,0.485192,cf79b20ce057998c5d1559cfb04ed1d3,2
python_exact,12,1728,2,18,A,61,True,True,0.456623,1d91025d46c30c50132435b27a1d0c9e,10
python_exact,12,1728,2,18,A,58,True,True,0.709141,bf5275c41e700fc5e3d2a74fda21b750,14
python_exact,12,1728,2,18,A,62,True,True,0.423095,44bcc73eb0284681b91469f2aadbd029,12
python_exact,12,1728,2,18,A,63,True,True,0.428748,4423630c328b335d860bd87c29eac05c,8
python_exact,12,1728,2,18,A,65,True,True,0.571815,811701d3525980e3f15f8c05facd1761,6
python_exact,12,1728,2,18,A,64,True,True,0.688759,e2519a25041e47c20ad8176ab10907d1,0
python_exact,12,1728,2,18,A,67,True,True,0.385838,8b3f9dfb0a488130aafc16597e7cd38a,10
python_exact,12,1728,2,18,A,69,True,True,0.376236,16c4282d2618cd73858fdfee840864c4,12
python_exact,12,1728,2,18,A,70,True,True,0.437182,1fd57d2b62dd64c7a6da7ee470bcc4c4,8
python_exact,12,1728,2,18,A,66,True,True,0.608206,9ab9bfc16d9c8697a0521e131f9f333a,2
python_exact,12,1728,2,18,A,68,True,True,0.700915,e4a40f345d225c2a33eb91b9acae5215,14
python_exact,12,1728,2,18,A,71,True,True,0.49857,33de97ebd9ae83b4e31668d251c6a813,6
python_exact,12,1728,2,18,A,73,True,True,0.495943,ad51bf5466a2f418b04d1f18f004a4ec,10
python_exact,12,1728,2,18,A,74,True,True,0.436253,b710e121b9999a6ba62a2f044937395c,12
python_exact,12,1728,2,18,A,72,True,True,0.691183,416d14287419e247629952a3500059dc,0
python_exact,12,1728,2,18,A,75,True,True,0.522278,b4510e37bbafef1bb099e5aff6cfcd44,8
python_exact,12,1728,2,18,A,76,True,True,0.698745,fbecba74474db5dcd6a11a73b3532db8,2
python_exact,12,1728,2,18,A,78,True,True,0.519932,14b07e45ac56c35e60b76d58a98d39ef,6
python_exact,12,1728,2,18,A,79,True,True,0.487791,3101b5c8189b157c58181582487b298f,10
python_exact,12,1728,2,18,A,80,True,True,0.466027,7e4233cd7f26ae0d36a9456ac2f21c1f,12
python_exact,12,1728,2,18,A,77,True,True,0.679527,2954c0a9402843375339f5c01c14935e,14
python_exact,12,1728,2,18,A,82,True,True,0.419296,4ca43f2a0584eccae3e02cc3b7be497e,8
python_exact,12,1728,2,18,A,81,True,True,0.544953,f13c58639e370e306e95e3c857393c72,0
python_exact,12,1728,2,18,A,85,True,True,0.413073,118b2d1debe9a3a875eeaa997a1b5df1,10
python_exact,12,1728,2,18,A,86,True,True,0.405993,01c90434fb94561302982df1c20873a4,12
python_exact,12,1728,2,18,A,84,True,True,0.480041,e87d03f19e6446776b1908cf12ff149b,6
python_exact,12,1728,2,18,A,88,True,True,0.431466,ac94281461df22020f1a3d93b461b813,8
python_exact,12,1728,2,18,A,83,True,True,0.643382,2f837fb0551d6c13f0e5c3f2cd5e739e,2
python_exact,12,1728,2,18,A,87,True,True,0.562132,9bba1f8bab9829fc2097d44179e262b1,14
python_exact,12,1728,2,18,A,89,True,True,0.61369,503599db8bcaaac5ae3b5f1856639feb,0
python_exact,12,1728,2,18,A,91,True,True,0.554946,4c8aa6bbd7874350caeee55ca278c3ba,12
python_exact,12,1728,2,18,A,92,True,True,0.486968,7fab8c6f2bf644c6d1e9fbce9c43f0c9,6
python_exact,12,1728,2,18,A,90,True,True,0.571883,d404895527b4d41b58027ccc3a7e5e6d,10
python_exact,12,1728,2,18,A,93,True,True,0.530147,afd18cf5b42abe0f2ee2a5923a6a4089,8
python_exact,12,1728,2,18,A,94,True,True,0.566147,6a8ae539df3f907cd1cb886839be2d44,2
python_exact,12,1728,2,18,A,95,True,True,0.529616,60fe9de2e0fd554640c2fb814fbe6ae9,14
C_exact,12,1728,2,18,T,11,True,True,0.074859,77eab6a1e665a73e7b49f851bead11a1,2
C_exact,12,1728,2,18,T,12,True,True,0.044898,c44f1774b0eb3208ab3617a5b60726e9,14
C_exact,12,1728,2,18,T,13,True,True,0.048263,89f39b88fab505e7adf22abbe58e565e,2
C_exact,12,1728,2,18,T,15,True,True,0.043747,3500ddf497b33d99ef5fde13e3bc735e,2
C_exact,12,1728,2,18,T,14,True,True,0.046308,20790d31f573bce30dc710fcf9c05b72,14
python_exact,12,1728,2,18,A,99,True,True,0.426965,985c34e87209e65b5517ec5ad53761e9,10
C_exact,12,1728,2,18,T,16,True,True,0.047071,f897a5e883a559891340b5dfe3b5db25,2
python_exact,12,1728,2,18,A,97,True,True,0.459202,416dfd3576e309908ca11c75d46b881d,12
C_exact,12,1728,2,18,T,17,True,True,0.047886,7c61c2724da10a1d27be62f779d8f3bb,14
python_exact,12,1728,2,18,A,96,True,True,0.614624,d44a386f380ff669b0bedaeaf29dc2b5,0
python_exact,12,1728,2,18,A,100,True,True,0.407739,047f2ac71a188788f68f1fbebbd9dfbd,8
python_exact,12,1728,2,18,A,98,True,True,0.53649,96de46b3cd4d86cf6922a4ad75d25da7,6
C_exact,12,1728,2,18,T,18,True,True,0.08377,328c6a2d00ea1764c63f91cfee058a92,10
C_exact,12,1728,2,18,T,20,True,True,0.074253,03a70092df28df49a022bc828bf8888c,12
C_exact,12,1728,2,18,T,19,True,True,0.097548,231bb127dd3513198c1630323c6071fa,2
C_exact,12,1728,2,18,T,22,True,True,0.065961,b2c1db7a2f1a16fb2e4d498cb4cc4682,0
C_exact,12,1728,2,18,T,21,True,True,0.071546,92170ae2b34107c7958a99cf1f65a695,14
C_exact,12,1728,2,18,T,23,True,True,0.042882,85246d101d091344288faef3b39ef8dd,8
C_exact,12,1728,2,18,T,24,True,True,0.039185,5c0126beda9a5cbab2ce2c0f7fde1560,6
C_exact,12,1728,2,18,T,26,True,True,0.040982,42d52a9506848642dcd1de65326096ac,12
C_exact,12,1728,2,18,T,25,True,True,0.039728,9de7896826c34078619b6ebab7bb006c,10
C_exact,12,1728,2,18,T,27,True,True,0.082881,ed6e3900abc61e7499195315ad60998e,2
C_exact,12,1728,2,18,T,32,True,True,0.035487,cb21d15a94903033f886b6ce907a4a77,12
C_exact,12,1728,2,18,T,30,True,True,0.068541,9532e88a49d09aa76433d95f969f20ed,8
C_exact,12,1728,2,18,T,28,True,True,0.072098,1347768fe5a651f09fb78249d4bf85e6,0
C_exact,12,1728,2,18,T,29,True,True,0.073652,cd28b876bd574ecc9ad1d4754d1a04d8,14
C_exact,12,1728,2,18,T,33,True,True,0.047022,9f6921faebc9f31eb7217c828814ba3c,10
C_exact,12,1728,2,18,T,31,True,True,0.04861,e61f0ddd5de35fe54e8f4c82c8e81e60,6
C_exact,12,1728,2,18,T,34,True,True,0.066275,8f3744a4406139d6c77db725b0c7f657,2
C_exact,12,1728,2,18,T,36,True,True,0.061023,e1ed684f8eaef9750422bb36a16b2e3b,8
C_exact,12,1728,2,18,T,39,True,True,0.052461,f489225573fd3d3f0362d9a79de4a0d8,10
C_exact,12,1728,2,18,T,37,True,True,0.085273,d54cb36287af7e67bf7d8042511f2c00,0
C_exact,12,1728,2,18,T,35,True,True,0.090016,ec88590fb9236b55e6e16ee6fa1935f3,12
C_exact,12,1728,2,18,T,38,True,True,0.082591,486b009488ab6ca7961f8c6bdb1b6e1f,14
C_exact,12,1728,2,18,T,40,True,True,0.050206,206680815b6c3e054f20c39875eeb9b9,6
C_exact,12,1728,2,18,T,41,True,True,0.080905,ccdac0519d3ab0da51ca72988dd0e530,2
C_exact,12,1728,2,18,T,42,True,True,0.079801,7f290f88a82c883ee0b8863356714c76,8
C_exact,12,1728,2,18,T,46,True,True,0.06572,3214345742791dff77a6a52c768ede43,14
C_exact,12,1728,2,18,T,45,True,True,0.069768,cbd5985acef2b22ac5e9d47f5b76e499,12
C_exact,12,1728,2,18,T,47,True,True,0.063909,8f393665a9bd610fe2bab49312498f63,6
C_exact,12,1728,2,18,T,43,True,True,0.075905,2e7820b9ad5e88b4c8febeb89d83a7c8,10
C_exact,12,1728,2,18,T,44,True,True,0.073002,14fb0693e5d0328db067bf04a45e7299,0
C_exact,12,1728,2,18,T,48,True,True,0.045882,04cf9d9b32b6221d04d035baa4162614,2
C_exact,12,1728,2,18,T,49,True,True,0.067498,61b0c438fa872d7f2c5744f282cbc5ee,8
C_exact,12,1728,2,18,T,51,True,True,0.056925,b787d21332514b14b8d401504c3ec1dd,12
C_exact,12,1728,2,18,T,50,True,True,0.059908,fdf001c16cc2f0f86da1492280a68bdb,14
C_exact,12,1728,2,18,T,52,True,True,0.058024,b130a3d08240d0dfb0e2a6e132adfc27,6
C_exact,12,1728,2,18,T,53,True,True,0.069226,94087a0f46279ee6773013ec99547028,10
C_exact,12,1728,2,18,T,54,True,True,0.060333,222dec7787e5022f8fc3b70974fb2dba,0
C_exact,12,1728,2,18,T,55,True,True,0.042929,9187b2835278a251e7a3fc78088393a9,2
C_exact,12,1728,2,18,T,56,True,True,0.063401,3e9e758af9dc237893dd9d6e9e3e5f67,8
C_exact,12,1728,2,18,T,59,True,True,0.050928,dd0510771ce2b190ffb95303f6245a8f,6
C_exact,12,1728,2,18,T,58,True,True,0.064845,a667deca6809f8fd086f409627f27ae5,14
C_exact,12,1728,2,18,T,57,True,True,0.059618,5ceac2f491b5c894b666947488e37680,12
C_exact,12,1728,2,18,T,60,True,True,0.06443,b6d7f8dc68b1699d57014bf9836d5c75,10
C_exact,12,1728,2,18,T,62,True,True,0.057673,e6603890e23d59bee0d0dcb25cee4d2d,2
C_exact,12,1728,2,18,T,61,True,True,0.065207,85e0ae966e7bf47157ca793730451c7f,0
C_exact,12,1728,2,18,T,66,True,True,0.096154,d64f7dd5a2c8a3e1d7544a4ccb5ef05a,12
C_exact,12,1728,2,18,T,63,True,True,0.117236,eb4db868c4583fe3cb58fca123aaf65d,8
C_exact,12,1728,2,18,T,65,True,True,0.097343,5245c60637cdcb1062d40ca558a92cc4,14
C_exact,12,1728,2,18,T,64,True,True,0.118337,c861469f947166846315954e5b497dbb,6
C_exact,12,1728,2,18,T,67,True,True,0.071823,513f12eeae431e7b352a8f83a9158a3b,10
C_exact,12,1728,2,18,T,69,True,True,0.047631,d1202c65402fbf16560d1a38f51d7c62,0
C_exact,12,1728,2,18,T,68,True,True,0.057573,c80ec11d75bc3ecb99f47defa801c795,2
C_exact,12,1728,2,18,T,70,True,True,0.091803,36f153b1720b4b77d8a92ccdc12aeead,12
C_exact,12,1728,2,18,T,72,True,True,0.081974,24c2f2db6a07a3772358c3b03fa74e43,14
C_exact,12,1728,2,18,T,75,True,True,0.077268,f612ca53aa52aa3e5dc001d22c496fc7,0
C_exact,12,1728,2,18,T,71,True,True,0.10466,0c0328b8639ed7ab5150c688bf42fe09,8
C_exact,12,1728,2,18,T,73,True,True,0.078907,724fe0f80f93670b4de221edaf404edf,6
C_exact,12,1728,2,18,T,74,True,True,0.094386,551773248962c36d82e60d45c866f9f5,10
C_exact,12,1728,2,18,T,76,True,True,0.088103,f9a86d45c024ff2f8457b28a2d06bf62,2
C_exact,12,1728,2,18,T,78,True,True,0.04184,549cfe5c8b34cc9e12eb66b07bb10900,14
C_exact,12,1728,2,18,T,77,True,True,0.044976,f327539a4a3223b35b3f4641a31bf43c,12
C_exact,12,1728,2,18,T,79,True,True,0.057556,802dc7894df08614b75d7b3dcccaba51,0
C_exact,12,1728,2,18,T,81,True,True,0.046848,651b72cba8021d26688d71b36f4e0634,6
C_exact,12,1728,2,18,T,82,True,True,0.064351,4879d01d9de207af8f4dffbf17545e9b,10
C_exact,12,1728,2,18,T,80,True,True,0.073913,a2609573d5564e5249f1f867dffd2597,8
C_exact,12,1728,2,18,T,83,True,True,0.059952,fc03ab622960aace04f1b50b75da2db0,2
C_exact,12,1728,2,18,T,84,True,True,0.040116,f1b6da539a0d283a06300c25375ed178,14
C_exact,12,1728,2,18,T,85,True,True,0.046746,e6947269f75c7272e272556fd45fde30,12
C_exact,12,1728,2,18,T,87,True,True,0.042134,c9bff49abeba9c5fe0c3ee4288fee864,6
C_exact,12,1728,2,18,T,86,True,True,0.050592,14edaa74839e7becc3fd0c0454f8a409,0
C_exact,12,1728,2,18,T,90,True,True,0.056308,c707463baf733e1759bd7e5b18e46be9,2
C_exact,12,1728,2,18,T,88,True,True,0.038281,ac70d34895bfdd4e42b52ec7590902eb,10
C_exact,12,1728,2,18,T,89,True,True,0.051744,6d6d6968ebd03033c1bcd45b32254bbe,8
C_exact,12,1728,2,18,T,92,True,True,0.045009,694978c77c3055c2aeec39ee14ae3456,12
C_exact,12,1728,2,18,T,91,True,True,0.048927,d29ca90b3070efeb08ae7e06ac6d7657,14
C_exact,12,1728,2,18,T,93,True,True,0.039851,36b4cb315a2a85d93f62e93b4e961ef1,6
C_exact,12,1728,2,18,T,94,True,True,0.03673,c3af7b53173781d8e687ae4fc45336c4,0
C_exact,12,1728,2,18,T,95,True,True,0.047263,eb86e931b0b8355c44f5bb1594fc6d26,2
C_exact,12,1728,2,18,T,96,True,True,0.054611,8471718d49573af834fe751500e16aea,10
C_exact,12,1728,2,18,T,98,True,True,0.04992,13e0031b074755cff747d45d0ec667cd,12
C_exact,12,1728,2,18,T,97,True,True,0.059434,0e0a6b9af01af21edc55e242fcd9bd30,8
C_exact,12,1728,2,18,T,100,True,True,0.05093,1ab5d0368837e763e4c663f64be90d7e,6
C_exact,12,1728,2,18,T,99,True,True,0.063236,2c92183b02dfb297a1f9956511ef8381,14
python_exact,12,1728,2,18,T,15,True,True,0.450175,ae518b03f3cbe649d58621529cee5d85,8
python_exact,12,1728,2,18,T,14,True,True,0.4808,4b94ebf9874e750abc3f51c593173e6c,12
python_exact,12,1728,2,18,T,13,True,True,0.495329,de299aba0730086056925c961a37c40f,10
python_exact,12,1728,2,18,T,12,True,True,0.564332,883620148aa56337e768a5adfafbf1fd,2
python_exact,12,1728,2,18,T,16,True,True,0.566241,585f7ce3dc545e226a410830c5bcce34,6
python_exact,12,1728,2,18,T,11,True,True,0.632427,08ab9dc629e6e231e3adec1f5ba6cd96,0
python_exact,12,1728,2,18,T,17,True,True,0.752196,14be5b2f8abe9500b02fa92e32b5a8eb,14
python_exact,12,1728,2,18,T,18,True,True,0.422985,0f2cd2dc819abc684d43450e03223c03,8
python_exact,12,1728,2,18,T,19,True,True,0.439467,0689b8e5e75a7b45f28e2b1f97c1bd2e,12
python_exact,12,1728,2,18,T,20,True,True,0.542802,9b794050309d32fcafcf2d8ac5241624,10
python_exact,12,1728,2,18,T,22,True,True,0.462609,f17922ab49b8e8e45b27729dd8c15d2a,6
python_exact,12,1728,2,18,T,21,True,True,0.743733,784e971b71ce27060fe9a4bbad0da845,2
python_exact,12,1728,2,18,T,23,True,True,0.721894,8c748afc28bbffb4cdd17870844f38ad,0
python_exact,12,1728,2,18,T,25,True,True,0.475529,7c1567901cc32614bbcc452306f32a8d,8
python_exact,12,1728,2,18,T,26,True,True,0.498258,52a7cd1ae9e4bcd7eb3b31ddc8569167,12
python_exact,12,1728,2,18,T,24,True,True,0.718545,feb069bb8588fa48b0d253ac729f984b,14
python_exact,12,1728,2,18,T,27,True,True,0.480138,a9803c7f9a885a23c1a33a2dc425611b,10
python_exact,12,1728,2,18,T,28,True,True,0.516941,ca2bab925a57a879d1536c702094f69f,6
python_exact,12,1728,2,18,T,32,True,True,0.389383,68e07cb4f167a745ff63b376d5fcedf8,12
python_exact,12,1728,2,18,T,31,True,True,0.399393,51b6d4cd001f9c1aa96e871f3193f824,8
python_exact,12,1728,2,18,T,29,True,True,0.676205,7e878468697a2b83ffade44763e29e15,2
python_exact,12,1728,2,18,T,30,True,True,0.676353,2a728bcdaedc520af6cbf3104b587555,0
python_exact,12,1728,2,18,T,35,True,True,0.58063,247c71b8fc05aae5e849fc22927220c4,6
python_exact,12,1728,2,18,T,34,True,True,0.63466,280a88072c7e770c9a645e2f60871e5a,10
python_exact,12,1728,2,18,T,33,True,True,0.594647,30e13d2648a6ec26b08465e4b1b91244,14
python_exact,12,1728,2,18,T,36,True,True,0.534785,a5c80b0fbcc4c6419b7cc527aa235e4f,12
python_exact,12,1728,2,18,T,37,True,True,0.605567,9c0fabf6c7eeaf72d26d86c17b385b71,8
python_exact,12,1728,2,18,T,38,True,True,0.621788,96e08e330294cc6c8809b3b95e0c6d8d,2
python_exact,12,1728,2,18,T,41,True,True,0.518526,d4dd605458c81caabde4a52017607c26,10
python_exact,12,1728,2,18,T,43,True,True,0.44904,242fd51696e37ee1e98142dad0bd99a2,12
python_exact,12,1728,2,18,T,42,True,True,0.62872,8758e834ac7ac10988845a9084230242,14
python_exact,12,1728,2,18,T,44,True,True,0.449923,0f52214cd41103e49e214f17ed2ca7a9,8
python_exact,12,1728,2,18,T,40,True,True,0.771593,64cfe0e0283152aa32fed0f050c7531a,6
python_exact,12,1728,2,18,T,39,True,True,0.923817,5de6931dd28b9d45d329545c638d443b,0
python_exact,12,1728,2,18,T,46,True,True,0.545525,7078cbfa9c4261ff2b41befc5ddc4a79,10
python_exact,12,1728,2,18,T,45,True,True,0.631942,53d45c8fc52a0e1ab3b0446afb781477,2
python_exact,12,1728,2,18,T,47,True,True,0.536746,38a3439df8ecce905b5b0cab31160cc5,12
python_exact,12,1728,2,18,T,49,True,True,0.532917,5ce382d6d0388c36669b01a678492ad6,8
python_exact,12,1728,2,18,T,48,True,True,0.666675,57a4c5cf7894be3b8f6486c3d83fa4e7,14
python_exact,12,1728,2,18,T,53,True,True,0.48662,085edb1462bf81b1dc952a924d022d8f,2
python_exact,12,1728,2,18,T,50,True,True,0.880539,a82cf9190f09244e2ae33112e610f652,6
python_exact,12,1728,2,18,T,54,True,True,0.511352,0da22b6d6443ed71b81151288d43411f,12
python_exact,12,1728,2,18,T,52,True,True,0.657726,a755691985f4420a93fe85a8e33e2075,10
python_exact,12,1728,2,18,T,55,True,True,0.503793,0572f0f4678f822ac918420f8cc02040,8
python_exact,12,1728,2,18,T,51,True,True,1.020974,54542204a3298f44d399a6e970e8a682,0
python_exact,12,1728,2,18,T,56,True,True,0.548817,d852f8cf6ad511faa951e48ad6fbadac,14
python_exact,12,1728,2,18,T,59,True,True,0.430297,b40a919d059a4368e0b185b01550bcfc,12
python_exact,12,1728,2,18,T,61,True,True,0.383642,dc465777f7e83da1ff08c042c6e2dd9e,8
python_exact,12,1728,2,18,T,60,True,True,0.416036,24bda685fad03090b8264e9aee245186,10
python_exact,12,1728,2,18,T,57,True,True,0.617991,ae0415daf5d9d8d3b5aa48373b0d190a,2
python_exact,12,1728,2,18,T,58,True,True,0.748594,47ee9dbec62c116859e8d20a2f5b948c,6
python_exact,12,1728,2,18,T,62,True,True,0.616248,c303eea7dfe2743bfa092ab65ffc8d15,0
python_exact,12,1728,2,18,T,64,True,True,0.411938,3c35127adf1ccf0d7375e599e506d3be,12
python_exact,12,1728,2,18,T,63,True,True,0.673294,aff5ca79ab4f0add695e882488abd26e,14
python_exact,12,1728,2,18,T,66,True,True,0.418931,19eb3c4ee553f77661c4189b03c981e0,10
python_exact,12,1728,2,18,T,65,True,True,0.469622,53bad83caacd933aea8dcc65608f62f4,8
python_exact,12,1728,2,18,T,72,True,True,0.394023,03ab371359d8e76c8080ca5a92937a81,10
python_exact,12,1728,2,18,T,70,True,True,0.448248,25d49c7e98dd120ce07214be0cbd21cd,12
python_exact,12,1728,2,18,T,67,True,True,0.823146,21fac2abe441c5bfdf5bc3a34f536898,2
python_exact,12,1728,2,18,T,68,True,True,0.689696,f2248e383e52f756f489874b2947223a,6
python_exact,12,1728,2,18,T,73,True,True,0.528071,a8aa29b430bd6f4e6e080d166c168adf,8
python_exact,12,1728,2,18,T,71,True,True,0.574577,87cd2a53188269ace731519eb65e3a63,14
python_exact,12,1728,2,18,T,69,True,True,0.821876,382233df1e22e089dbf009a0c49e12ed,0
python_exact,12,1728,2,18,T,75,True,True,0.444606,a56bed129eaec63d3e8441ae438d704e,12
python_exact,12,1728,2,18,T,74,True,True,0.473179,e4e26518cf24f5e982700ffd0bc45fca,10
python_exact,12,1728,2,18,T,76,True,True,0.472981,3f7dfff89bba226ace1be63b8bf3b599,2
python_exact,12,1728,2,18,T,78,True,True,0.439622,679cb028781c22712926add0968c022f,8
python_exact,12,1728,2,18,T,77,True,True,0.580811,ce7bf6c108fe7811ef7a98a3e68d981a,6
python_exact,12,1728,2,18,T,79,True,True,0.563231,a87b4e3ba7cf45ee1feba80e4a29f129,14
python_exact,12,1728,2,18,T,82,True,True,0.42707,53e791adc9cec2ef757e87e77df7eafc,10
python_exact,12,1728,2,18,T,83,True,True,0.47182,0288cb4fde9c57b24f2d148f8abb082b,2
python_exact,12,1728,2,18,T,81,True,True,0.553921,be9ab87b0ecf992facaf3f4072dcf617,12
python_exact,12,1728,2,18,T,80,True,True,0.718483,b507f375b969401f65ea4a8763d3facf,0
python_exact,12,1728,2,18,T,84,True,True,0.517313,075955088887133a387791f9165ab1a1,8
python_exact,12,1728,2,18,T,85,True,True,0.602892,414c4d0e4642c8d095013007d930f94c,6
python_exact,12,1728,2,18,T,86,True,True,0.619623,bb683f70b9fc0c7510d2352d25a24b24,14
python_pruning,12,1728,2,18,A,97,True,True,21.183179,14830c44e0c3039fbb014994517df538,4
python_exact,12,1728,2,18,T,87,True,True,0.620087,768c7b6879879c8c57d5593e89bc022c,10
python_exact,12,1728,2,18,T,89,True,True,0.540093,d213a3580310bffae2c581996d6399da,12
python_exact,12,1728,2,18,T,88,True,True,0.557478,d859953739873ec322a35936f4c709c2,2
python_exact,12,1728,2,18,T,91,True,True,0.51527,a9ce7ab164b4e7383b3171a1657029a4,8
python_exact,12,1728,2,18,T,90,True,True,0.805424,def6c9b8c0713fbf7395498ec6dcda0e,0
python_exact,12,1728,2,18,T,95,True,True,0.399614,7e56a268445521b757a2e43c0fc0034e,10
python_exact,12,1728,2,18,T,92,True,True,0.636074,b7a5776eaf2952f48bdb56044a57aacb,6
python_exact,12,1728,2,18,T,94,True,True,0.502694,311d68ff077b8c0096a3db9bc1c2bf34,4
python_exact,12,1728,2,18,T,93,True,True,0.623415,a7abca1bebdc1650927f591da281cdf1,14
python_exact,12,1728,2,18,T,96,True,True,0.433668,5b25133d1a1e2fc5ce4b7939ff1b38f7,12
python_exact,12,1728,2,18,T,97,True,True,0.456866,f10bd825830459567d9a0405143959d1,2
C_exact,12,1728,2,18,B,11,True,True,0.088052,15d89d885ae19f59ed191a5379c6b6d5,6
C_exact,12,1728,2,18,B,12,True,True,0.073143,69c86b5901f9bc128d91bc201c1beac7,4
C_exact,12,1728,2,18,B,14,True,True,0.048076,52b075c78a6a626b3c931152cd6a4d09,12
C_exact,12,1728,2,18,B,13,True,True,0.05804,ca43e0a3f324382a470169005c044372,14
C_exact,12,1728,2,18,B,15,True,True,0.046316,470265019814a01e64718ea79456277a,2
C_exact,12,1728,2,18,B,18,True,True,0.058085,134968a35c6e29e866f931d1e6225add,12
C_exact,12,1728,2,18,B,17,True,True,0.069944,3521a1c9a567d45fe476a708bbea0019,4
C_exact,12,1728,2,18,B,16,True,True,0.062315,13b27d1f1ae92be3ba8464fb640268d4,6
C_exact,12,1728,2,18,B,20,True,True,0.036692,0033e69a1f0dd94628a58f4530d506e6,2
C_exact,12,1728,2,18,B,19,True,True,0.065684,94ff1cc8e0ef77f2166a0ab9985afc18,14
C_exact,12,1728,2,18,B,21,True,True,0.036828,74913e1aa3591d838bef0a3cf5eedf70,12
python_exact,12,1728,2,18,T,98,True,True,0.561821,0f7c879fb0747d5fd35d4ade888b719a,8
C_exact,12,1728,2,18,B,23,True,True,0.046518,6e360ebadc22f07ab091fd771e07c2c9,6
C_exact,12,1728,2,18,B,22,True,True,0.042075,18236a130ceadeacfa55f0e8bf15740f,4
C_exact,12,1728,2,18,B,24,True,True,0.065663,750a370091e971bc66b32a6a5a6ed798,2
C_exact,12,1728,2,18,B,25,True,True,0.064155,8254c96982e9bae6de326249c93f748f,14
C_exact,12,1728,2,18,B,27,True,True,0.042332,71dca68f4fd731bee04ccccaa2a16d3f,8
C_exact,12,1728,2,18,B,26,True,True,0.042387,bfffa1daf74b31273cbe8b72d171d894,12
C_exact,12,1728,2,18,B,29,True,True,0.039689,9b76e8aa56a448a6b099d93a6ae8f921,4
C_exact,12,1728,2,18,B,31,True,True,0.039596,12ccd72e63906d0a77d7159641551c51,14
C_exact,12,1728,2,18,B,28,True,True,0.050156,ecc9abb109be1a3bf931e00029521d32,6
C_exact,12,1728,2,18,B,30,True,True,0.055425,c4cbe812fc32464a17c61b98be7436fc,2
C_exact,12,1728,2,18,B,33,True,True,0.044839,f00122602f5a84d5cbbf53b6aa6956c6,12
C_exact,12,1728,2,18,B,32,True,True,0.05535,2e474104ebad2cea191ec2c1ee91d85a,8
C_exact,12,1728,2,18,B,34,True,True,0.048279,ce69eb379d2994dd54b8207cb56ff353,4
C_exact,12,1728,2,18,B,35,True,True,0.042804,8446afa93082945192d4a558377b6592,14
python_exact,12,1728,2,18,T,100,True,True,0.437116,8d74d02d5ad3ac2a43ab944bd0da9fd4,10
C_exact,12,1728,2,18,B,36,True,True,0.042301,e82948a57280c6063b20259eb9e96b75,6
C_exact,12,1728,2,18,B,38,True,True,0.049795,13a2a265962ffe3608132e78fbf4aa78,12
C_exact,12,1728,2,18,B,39,True,True,0.04774,e294e832211832060c84f60efef7b1e3,8
C_exact,12,1728,2,18,B,37,True,True,0.060244,a8a4628e3448482618e0ff2db542df3b,2
C_exact,12,1728,2,18,B,40,True,True,0.041251,53a699891a114cf6698bc2f9edc36772,4
C_exact,12,1728,2,18,B,42,True,True,0.038065,3855bd5fdc0954a470cfe67ecbefd1cd,10
C_exact,12,1728,2,18,B,41,True,True,0.041306,0082ddc6711e05aad97fd1cb774d0f85,14
C_exact,12,1728,2,18,B,43,True,True,0.042648,8c90db8c3fe898a29ec6718812fb1e5a,6
C_exact,12,1728,2,18,B,44,True,True,0.036154,2b6d31691c7f3ef537b8fee0bb2905ab,12
C_exact,12,1728,2,18,B,45,True,True,0.069189,013cca585187b043dc8e43b71317346d,8
C_exact,12,1728,2,18,B,50,True,True,0.055355,86fb635adb548eb122bd06d9b2822ee3,6
C_exact,12,1728,2,18,B,49,True,True,0.077109,62db384ee98b12d657d2b6f1f07c060b,14
C_exact,12,1728,2,18,B,51,True,True,0.040042,d22c3d8b75af21a67fbf1030ce6b2314,12
C_exact,12,1728,2,18,B,46,True,True,0.106233,283cf726f2d3a40da81bef5891f73826,2
C_exact,12,1728,2,18,B,47,True,True,0.093005,1519d974fdfb81979439c63e9d20cf38,4
C_exact,12,1728,2,18,B,48,True,True,0.09321,aac36880c7e22f86568ba02b1319e824,10
C_exact,12,1728,2,18,B,52,True,True,0.052469,91539d64fae5385f18239354f4c4220c,8
C_exact,12,1728,2,18,B,56,True,True,0.04299,50074f22543ef3c2dca4784b3203835c,2
C_exact,12,1728,2,18,B,54,True,True,0.054975,4f19bcbe35a60d12e4bb7c9fecad1617,14
C_exact,12,1728,2,18,B,55,True,True,0.049945,8fec3b0a7ff99a2e6c43a7d1b98011a2,12
python_exact,12,1728,2,18,T,99,True,True,0.768885,e780761a3e507b1db173c9fd92522a2e,0
C_exact,12,1728,2,18,B,53,True,True,0.062327,e35ae9578911488f3871d8a1659a789b,6
C_exact,12,1728,2,18,B,57,True,True,0.044875,ded4eabfc47bd33150d14d8abe15c1f0,4
C_exact,12,1728,2,18,B,58,True,True,0.051485,b3e617dea4ec73cd4a79c948b798588a,10
C_exact,12,1728,2,18,B,59,True,True,0.061472,4e8289498b4be58badc46b53322acb66,8
C_exact,12,1728,2,18,B,60,True,True,0.07382,947547a71e133bd45ef45376918e4b1f,2
C_exact,12,1728,2,18,B,61,True,True,0.076639,efc9aafa7e09320418ba91509d0a7764,14
C_exact,12,1728,2,18,B,63,True,True,0.092706,aa98891f81559a37e6e9ab35693e851e,0
C_exact,12,1728,2,18,B,65,True,True,0.076336,5a617cf2f46e714a3d4c3d9c20c08274,4
C_exact,12,1728,2,18,B,62,True,True,0.108369,8ce0640fa142dc8e64f6fafdd202c3be,12
C_exact,12,1728,2,18,B,66,True,True,0.060416,b007e7ac08aa3617b7ec1bfa58f6f5bc,10
C_exact,12,1728,2,18,B,64,True,True,0.090931,769cb30dd81dcf7563ddb597b2789a1d,6
C_exact,12,1728,2,18,B,67,True,True,0.058112,db62cb67bb559196dc283e16074f8d32,8
C_exact,12,1728,2,18,B,68,True,True,0.050068,7ca44f2ef2e10d12f681988cf93ed7ea,2
C_exact,12,1728,2,18,B,70,True,True,0.129708,bcc6a91202f3e67769e45dba0a8c15f2,0
C_exact,12,1728,2,18,B,69,True,True,0.137997,d09a70afc5696b4661e8b028252b02c4,14
C_exact,12,1728,2,18,B,73,True,True,0.126885,a91ddd4b35a802e2b2e1cbdfa6f76861,10
C_exact,12,1728,2,18,B,71,True,True,0.136162,31b998452d36a743bd7d725826810b61,4
C_exact,12,1728,2,18,B,72,True,True,0.13219,be2bfda989e76bbb1428a90008173ad0,12
C_exact,12,1728,2,18,B,75,True,True,0.104434,0670dced74b0db55cfe0056096344ba9,8
C_exact,12,1728,2,18,B,74,True,True,0.12432,48bd99b3122502481491abe1dff9844e,6
C_exact,12,1728,2,18,B,76,True,True,0.063464,8831c0aae43184869fc532fbd3f44bf3,2
C_exact,12,1728,2,18,B,77,True,True,0.062524,c4094897cf9861680df62be376bf6915,0
C_exact,12,1728,2,18,B,80,True,True,0.09941,20ba0fffaa098e97d4a8434967ccda7d,4
C_exact,12,1728,2,18,B,78,True,True,0.081143,00916d932fd72c7fa32c678b175f3243,14
C_exact,12,1728,2,18,B,81,True,True,0.088056,89aa1b10bbcd004b47401caa6305e89e,12
C_exact,12,1728,2,18,B,84,True,True,0.059853,ac1bd0831000ef7e478a811f90cce318,2
C_exact,12,1728,2,18,B,82,True,True,0.095158,b2546c7c817afdc8b1087cccec8ebfcc,8
C_exact,12,1728,2,18,B,83,True,True,0.093882,23ebed4459adf32554ce55a334114f5b,6
C_exact,12,1728,2,18,B,79,True,True,0.096922,6474ad156739bb1bf895fa0a368c0a43,10
C_exact,12,1728,2,18,B,85,True,True,0.067765,051e904257c91e0f40e6518d9727bf7b,0
C_exact,12,1728,2,18,B,89,True,True,0.071645,0262f6da7119d0b8c2f082b335252c30,2
C_exact,12,1728,2,18,B,88,True,True,0.095754,0bee72e5012938e5215ccc1603ad48f9,12
C_exact,12,1728,2,18,B,90,True,True,0.081925,5313cd29027b792931d68dc553921502,8
C_exact,12,1728,2,18,B,87,True,True,0.075885,3f599f5170864a9a313a195e80c763c1,14
C_exact,12,1728,2,18,B,92,True,True,0.063446,36d4ec2b8c8583ec91a017e23e813b6b,10
C_exact,12,1728,2,18,B,91,True,True,0.077724,c6075c6636d06e0845dde08430e2578b,6
C_exact,12,1728,2,18,B,86,True,True,0.089598,c611cd2bb6052f60b9db97513ad8002e,4
C_exact,12,1728,2,18,B,94,True,True,0.0844,7d49932a744488cda8b42567df13fec5,2
C_exact,12,1728,2,18,B,95,True,True,0.080976,c8982db3a4d874b363bfab383aa00a20,12
C_exact,12,1728,2,18,B,97,True,True,0.093413,534df8b5ff35ca77751c89025ddb47d6,14
C_exact,12,1728,2,18,B,93,True,True,0.084673,817117428f685f2f7f1d0d3836a9592a,0
C_exact,12,1728,2,18,B,96,True,True,0.094128,0d9e4d929c20dece83e75138e7e214a4,8
C_exact,12,1728,2,18,B,100,True,True,0.062824,2321da0b4b36b450f2926ca83b9e9794,4
C_exact,12,1728,2,18,B,99,True,True,0.071303,e8d7b5224a3dce13a90d74612436b31b,6
C_exact,12,1728,2,18,B,98,True,True,0.091745,f1dfc15ba53b8485592d66c9dede8de9,10
python_exact,12,1728,2,18,B,16,True,True,0.514921,c04dc2690944d0c2493a78d217aba240,4
python_exact,12,1728,2,18,B,15,True,True,0.554259,bd25cef0b3ec7ebabde5431aba107f2f,8
python_exact,12,1728,2,18,B,17,True,True,0.530918,71cf3d51f8f17d9cb68b4725c1e10ea1,6
python_exact,12,1728,2,18,B,12,True,True,0.692453,aa456513bc43f3f226617b1244152bec,12
python_exact,12,1728,2,18,B,14,True,True,0.674976,5e69fa3618788279e24a027910288672,0
python_exact,12,1728,2,18,B,13,True,True,0.86825,1f3ae5addae6d951094c4dd17865a77e,14
python_exact,12,1728,2,18,B,20,True,True,0.397779,d1cb1f82f5770791f75794e633194e7c,8
python_exact,12,1728,2,18,B,11,True,True,1.005946,826e1109ea06c218858019173b48648c,2
python_exact,12,1728,2,18,B,19,True,True,0.471162,541e305e5bd148458f65d70ed4fa7266,4
python_exact,12,1728,2,18,B,21,True,True,0.593523,98f0868f07640774a0e1ca30d90d9369,6
python_exact,12,1728,2,18,B,23,True,True,0.766337,4a31a230b5621341a53e9452e2094cda,0
python_exact,12,1728,2,18,B,24,True,True,0.664171,9ec6db78d6083d463581c510fc2ea208,14
python_exact,12,1728,2,18,B,26,True,True,0.58511,354d77a7c2be1bc8eeadbb74c0c100e0,2
python_exact,12,1728,2,18,B,18,True,True,1.559111,b4ff5cb8f864d53abfc4540f19f334e4,10
python_exact,12,1728,2,18,B,25,True,True,0.657669,d9e2795bbba3800bc7bf381443c24fff,8
python_exact,12,1728,2,18,B,27,True,True,0.715889,c2687f3fa686907bb04918995a455271,4
python_exact,12,1728,2,18,B,28,True,True,0.627629,1179f7d609867a83baa384b9ec381d04,6
python_exact,12,1728,2,18,B,22,True,True,1.288302,ac745ad139db982bc43a7ed6929d7524,12
python_exact,12,1728,2,18,B,32,True,True,0.45266,070210e32f417080181df8413e1bbf76,10
python_exact,12,1728,2,18,B,29,True,True,0.688122,595277610c766687f227f008e917f0c8,0
python_exact,12,1728,2,18,B,30,True,True,0.610536,ca60f68522adb942a9388091645d75bf,14
python_exact,12,1728,2,18,B,31,True,True,0.722873,4ce65d2f849d4edfe3cc0e881e2e8292,2
python_exact,12,1728,2,18,B,33,True,True,0.732078,111e4d3778b784ae6d472f3c8ddb7c5c,8
python_exact,12,1728,2,18,B,39,True,True,0.623545,6e1dba45b77baa6c1e06474f5d8445ab,14
python_exact,12,1728,2,18,B,37,True,True,0.776521,07977a179228c4c4433681c67d46081f,10
python_exact,12,1728,2,18,B,35,True,True,1.100557,34a1b79d918c28748ef25ab9ce49e59f,6
python_exact,12,1728,2,18,B,38,True,True,0.867754,396d54e89ed642c1127d251bc931d461,0
python_exact,12,1728,2,18,B,40,True,True,0.786347,7b03edcf21967a44869da40d5408ee45,2
python_exact,12,1728,2,18,B,36,True,True,1.243082,43579d96ecb6233634a3ac5a5f22b0ad,12
python_exact,12,1728,2,18,B,41,True,True,0.861108,2845c12a5e165883a0e9f39676d69eb9,8
python_exact,12,1728,2,18,B,44,True,True,0.475194,fc3d46ca21673f8942528d8f73131c39,6
python_exact,12,1728,2,18,B,42,True,True,0.755876,c00412d6ef6ea4b807b6fea8a9a1330f,14
python_exact,12,1728,2,18,B,43,True,True,0.990969,5843a2779dc8b9090caee87b43687b95,10
python_exact,12,1728,2,18,B,49,True,True,0.439925,643832945726a0c161e930204849d770,6
python_exact,12,1728,2,18,B,48,True,True,0.646035,8f13c9364fcc4f62c4cd8c1dbfe88850,8
python_exact,12,1728,2,18,B,45,True,True,0.777785,7ab2e7bdf605796f443351808656e802,0
python_exact,12,1728,2,18,B,34,True,True,2.170274,69c23e6ab20e688834e1ceadf3658112,4
python_exact,12,1728,2,18,B,47,True,True,0.807029,417969d7c699c273bcfc5058dd2cac95,12
python_exact,12,1728,2,18,B,55,True,True,0.399071,1853941006722db85bb527eddb9e5c18,4
python_exact,12,1728,2,18,B,50,True,True,0.724151,5cbfb1f60ec422c3bc8a95acbadb0f3e,14
python_exact,12,1728,2,18,B,51,True,True,0.511939,be682e53ee83d53cdc5083f1d287e761,10
python_exact,12,1728,2,18,B,53,True,True,0.510613,9c1e238a02688dbd0d7e18488450fcba,8
python_exact,12,1728,2,18,B,54,True,True,0.582689,f644c928ea30b67638487071c0d0d23c,0
python_exact,12,1728,2,18,B,52,True,True,0.624429,0453f08cccc2b5a97cc22d50c6d29ee3,6
python_exact,12,1728,2,18,B,56,True,True,0.792024,2aa60effc25d44714f2f1d185c2152ae,12
python_exact,12,1728,2,18,B,57,True,True,0.542354,f8f2087385e0cbbe11908bd812f6681d,4
python_exact,12,1728,2,18,B,59,True,True,0.485093,fadb84ad87508858cc76db643cda6b01,10
python_exact,12,1728,2,18,B,60,True,True,0.489442,4db135012fb2bd44b8c14bfc17099610,8
python_exact,12,1728,2,18,B,46,True,True,1.816881,92ab7688ff3d1baf4267675172efe2f5,2
python_exact,12,1728,2,18,B,58,True,True,0.76196,3e755a30d64c70a5ac5b5587fe82d158,14
python_exact,12,1728,2,18,B,62,True,True,0.531844,51380f5285fee6250020312d6bdb1b9a,6
python_exact,12,1728,2,18,B,61,True,True,0.693216,59aec804a8e91c9c248dfcd7a704f002,0
python_exact,12,1728,2,18,B,63,True,True,0.513221,41d2b819c1890fda9270c51b65b255ab,12
python_exact,12,1728,2,18,B,65,True,True,0.526216,79344efb9fb1812d878ac3f530aa08af,10
python_exact,12,1728,2,18,B,64,True,True,0.612534,c47374eac2170325ef63476c1fc3f445,4
python_exact,12,1728,2,18,B,66,True,True,0.575824,7797e092e33960a341d5a086505a6e40,8
python_exact,12,1728,2,18,B,67,True,True,0.610252,3f4c713e37e4e2b35f6c932dc3ef2e72,2
python_exact,12,1728,2,18,B,69,True,True,0.416738,5e32f87fa028575f03ea8e10d575df3f,6
python_exact,12,1728,2,18,B,74,True,True,0.417738,db2272dc0c4a0ce97d103691ed370ae5,8
python_exact,12,1728,2,18,B,72,True,True,0.544049,6f66fd560a8430d4a13cf2055f75690f,10
python_exact,12,1728,2,18,B,73,True,True,0.503504,f13c0a55d6034f5655e0945e49b89127,4
python_exact,12,1728,2,18,B,75,True,True,0.503433,3d9a7c5bb8c1f97c3ceb70701d83e7d1,2
python_exact,12,1728,2,18,B,76,True,True,0.668274,7ef1a182080f83bdbf16ad1dc4e435cd,6
python_exact,12,1728,2,18,B,70,True,True,1.086586,7d0260d104210cd4b786e0483b3e2b17,0
python_exact,12,1728,2,18,B,71,True,True,0.948999,77e0300a110e34a3b94b548cd9956ce2,12
python_exact,12,1728,2,18,B,77,True,True,0.503828,e4af1fb62409de89652ed3f2546688df,8
python_exact,12,1728,2,18,B,79,True,True,0.519262,818d6913e27c3a2a84bff6c3277c8f4f,4
python_exact,12,1728,2,18,B,78,True,True,0.564701,8968e69fe400b90258b5fe6881c99bd8,10
python_exact,12,1728,2,18,B,80,True,True,0.659961,33d018643d6dc6874ecc6fd35ea0e899,2
python_exact,12,1728,2,18,B,81,True,True,0.556426,a8084b2410707c51c9b26f7e908df1d4,6
python_exact,12,1728,2,18,B,84,True,True,0.379787,5d19a210f14eff03b057a9d8fbbc8ff7,8
python_exact,12,1728,2,18,B,83,True,True,0.573985,3af10de57728cd987bbf040c6091b629,12
python_exact,12,1728,2,18,B,85,True,True,0.40898,136abd67d48c6ae38efe93159d0539d6,4
python_exact,12,1728,2,18,B,86,True,True,0.429623,fa0cda2735c5bc2f68f5439b9c610d5c,10
python_exact,12,1728,2,18,B,82,True,True,0.871118,8a4a32d4e3c6619aca2801f8c8401360,0
python_exact,12,1728,2,18,B,68,True,True,2.19288,0a9a8042af2c4e27ce7ad0342f4fd062,14
python_exact,12,1728,2,18,B,90,True,True,0.385556,d4830e44b3a42e43e41d1d1aa4766b63,12
python_exact,12,1728,2,18,B,89,True,True,0.415846,fcd4d53fa9816b3f8959013e8b425499,8
python_exact,12,1728,2,18,B,88,True,True,0.479282,beaa865a6ae653d0f75342b5661a6462,6
python_exact,12,1728,2,18,B,92,True,True,0.446969,0b741e8f1c1012c5fce373be31e9bb87,10
python_exact,12,1728,2,18,B,91,True,True,0.470787,bbe1f5281cbe6054b495c7d0eaf22306,4
python_exact,12,1728,2,18,B,87,True,True,0.809253,f3910659bdcc926b25c787e3750c7de4,2
python_exact,12,1728,2,18,B,96,True,True,0.417485,04a2ac129abb16622065132c6fd3651e,8
python_exact,12,1728,2,18,B,95,True,True,0.531938,9271f20fc4d368a265a8fd47c33a92ab,12
C_exact,12,1728,3,26,A,11,True,True,0.046538,89cef298e7a90c0e3764eeee9556e147,8
C_exact,12,1728,3,26,A,12,True,True,0.048721,82d8fcb7934b21a4c0fa30fbf03c7f28,12
python_exact,12,1728,2,18,B,99,True,True,0.445262,81712575f4f1e92abad0a7d79c2ed148,4
C_exact,12,1728,3,26,A,13,True,True,0.056086,a50dfee6b122838243ca5b646c16ccab,8
C_exact,12,1728,3,26,A,14,True,True,0.043969,93863140952cbb78253c8bdb9678d0f9,12
C_exact,12,1728,3,26,A,15,True,True,0.048993,dfdebb09782a38e3d4a83ea2c0fb6d06,4
C_exact,12,1728,3,26,A,16,True,True,0.067627,f34555b2142a9a2e40b5a8dc28f1b629,8
C_exact,12,1728,3,26,A,17,True,True,0.044011,6541425cc5fe76b80a56fbf9f160e312,12
python_exact,12,1728,2,18,B,97,True,True,0.725582,c472542b7d45db1ed0a84ab47277c729,6
python_exact,12,1728,2,18,B,98,True,True,0.671463,ff827bf52aca511c161b4e5d4a4cb2b1,10
C_exact,12,1728,3,26,A,18,True,True,0.045222,ed7ee589aefdbb258914f996ba21b362,4
C_exact,12,1728,3,26,A,20,True,True,0.064173,48cda37c7812441adfc63863aceabbcd,12
C_exact,12,1728,3,26,A,21,True,True,0.063898,daffab1bf2a63460d45db1bffe62d9b4,6
C_exact,12,1728,3,26,A,19,True,True,0.067662,746c7992cc22cd6d7f8ac4ad70f2bf79,8
python_exact,12,1728,2,18,B,94,True,True,0.877685,86a4f2b73d8c93ee48056b2c0c9e2b4c,14
python_exact,12,1728,2,18,B,93,True,True,1.004131,dbdce3b3748ce205be06d7b41ee180a5,0
C_exact,12,1728,3,26,A,22,True,True,0.063274,d09183cf011f3b015da6189b7c5f2c52,10
C_exact,12,1728,3,26,A,24,True,True,0.075559,8aab03efa2bf4687f7e073df1d24620a,12
C_exact,12,1728,3,26,A,23,True,True,0.091626,40eedeb6c02be6ae2cc7c50e57e22056,4
C_exact,12,1728,3,26,A,25,True,True,0.079819,ac1a6c2493acf8d40551dbd15be67720,6
C_exact,12,1728,3,26,A,26,True,True,0.077486,86ba44b712c1f94d69e4d1aa195001ac,8
C_exact,12,1728,3,26,A,27,True,True,0.056129,940d0c545bbbbbeeae44e4782aaeb90e,14
C_exact,12,1728,3,26,A,28,True,True,0.057029,87a80aa0ea744f368327a772804e621d,0
C_exact,12,1728,3,26,A,30,True,True,0.065595,6a4e1ff14297ed4383cc8a30dc35518a,12
C_exact,12,1728,3,26,A,31,True,True,0.08585,331a11286e8a133ce27130204063d7b5,4
C_exact,12,1728,3,26,A,35,True,True,0.072138,196f5e779cf98310df3ce9e3dc2f2a2c,0
C_exact,12,1728,3,26,A,34,True,True,0.072064,5096690257e5a5faec7b12bccc45e63c,14
C_exact,12,1728,3,26,A,29,True,True,0.098057,8213d5d415a2ee06312bb5eac6554d2d,10
C_exact,12,1728,3,26,A,33,True,True,0.077539,aa799d6220aae23abe91884d81e2c7b2,8
C_exact,12,1728,3,26,A,32,True,True,0.087316,be2e110ceb31411ffb87fe8014adb053,6
C_exact,12,1728,3,26,A,36,True,True,0.06834,8ba19cc119f103f326ca624805c3e454,12
C_exact,12,1728,3,26,A,37,True,True,0.068006,2869262452cc2d582426a15d797cbfc5,4
C_exact,12,1728,3,26,A,40,True,True,0.077019,abd30086cf1e49dec4148c00d74f1478,10
C_exact,12,1728,3,26,A,39,True,True,0.085181,869617e5e8a0e6af03281abc588142e1,14
C_exact,12,1728,3,26,A,38,True,True,0.112684,dff498a3d1e25fc2acbb37dfb8a92b9b,0
C_exact,12,1728,3,26,A,42,True,True,0.067938,c01d6e7d68ceff729c161b9f46cb6ad5,6
C_exact,12,1728,3,26,A,41,True,True,0.07553,a77907d74d2e14e8158a779d386af26e,8
C_exact,12,1728,3,26,A,45,True,True,0.050213,8a3711771b18d30bf8408604f0e76bfa,10
C_exact,12,1728,3,26,A,43,True,True,0.052493,0ce8a35497a8adb03798344b903f2f9f,12
C_exact,12,1728,3,26,A,47,True,True,0.042833,c2cfb18bc8e35f44dc5e8fd0541a00fe,0
C_exact,12,1728,3,26,A,46,True,True,0.049675,c051c64d27659133c744e947bac03b68,14
C_exact,12,1728,3,26,A,44,True,True,0.048878,7d24f1161c579b3e0f273b8166f4cff2,4
C_exact,12,1728,3,26,A,49,True,True,0.06059,dfd0a24f96774c128a4a315a0ab348be,8
C_exact,12,1728,3,26,A,48,True,True,0.05595,e7f5e687fba64b775d78aeca026c12ba,6
C_exact,12,1728,3,26,A,51,True,True,0.050517,780ba4556f4b2c4c0b5979d58f264b6e,12
C_exact,12,1728,3,26,A,50,True,True,0.055472,12e81c7273219419c5294a2178146027,10
C_exact,12,1728,3,26,A,54,True,True,0.060649,0e9810fea84bcca84fa78074c88bf81d,4
C_exact,12,1728,3,26,A,52,True,True,0.040984,13c86813ef71c90229cff3487ef22368,0
C_exact,12,1728,3,26,A,53,True,True,0.063116,102dfec039ba502c6b7eee9529487c13,14
python_exact,12,1728,2,18,B,100,True,True,1.033511,ef5993ede45ebcc4b54516d453efcc47,2
C_exact,12,1728,3,26,A,56,True,True,0.043353,41e296f05d3162cf367a9c6d5a3a2014,6
C_exact,12,1728,3,26,A,55,True,True,0.057348,9a6a4a8825935c688f8f65a15ac4c903,8
C_exact,12,1728,3,26,A,57,True,True,0.051991,b11925556af2ee4c267fe1f000be225a,12
C_exact,12,1728,3,26,A,59,True,True,0.044066,8dff25de035c598319e31c65538d3167,4
C_exact,12,1728,3,26,A,61,True,True,0.045844,43156042ea8b009450d908b25a8dbb8b,14
C_exact,12,1728,3,26,A,60,True,True,0.046163,6ea17dfedf634061664ce28443bb0903,0
C_exact,12,1728,3,26,A,62,True,True,0.049921,ee44ef1a936d13a476cc3e8e18bb7430,2
C_exact,12,1728,3,26,A,58,True,True,0.061812,a981522b8bda073e33695081d9104154,10
C_exact,12,1728,3,26,A,63,True,True,0.05561,c2a6efcf2a1c5b4df3039871117f255d,6
C_exact,12,1728,3,26,A,64,True,True,0.048482,585076342540c2bf6e9408d90d351a77,8
C_exact,12,1728,3,26,A,65,True,True,0.047555,0a05c752ee19cd26e8b09fcabf8c980c,12
C_exact,12,1728,3,26,A,71,True,True,0.052995,6fdd46ade9a3459acb166209986a1428,6
C_exact,12,1728,3,26,A,69,True,True,0.058701,03f681e6eebfaa352bb25c711853c205,2
C_exact,12,1728,3,26,A,66,True,True,0.073335,e22784df5117b2dbd39fe9ac5e91114b,4
C_exact,12,1728,3,26,A,68,True,True,0.056203,fff47c03a9cbe26243f57637e2436b06,0
C_exact,12,1728,3,26,A,67,True,True,0.05985,d4402e6fdf8b91ad6a6ea44e7340c0a2,14
C_exact,12,1728,3,26,A,70,True,True,0.067824,4e0c251df60f7714959ad38cba54b0c8,10
C_exact,12,1728,3,26,A,73,True,True,0.050858,3e6e82d9a385a8c4cb60f480b14118d5,12
C_exact,12,1728,3,26,A,78,True,True,0.052439,5cafddbf7c95467e50215d586d97c817,14
C_exact,12,1728,3,26,A,75,True,True,0.064133,e8085c84f26726197c6dcf39b5b65703,2
C_exact,12,1728,3,26,A,76,True,True,0.058797,f4ec9f9af3413e629cbb5c7c08f2293f,4
C_exact,12,1728,3,26,A,74,True,True,0.065008,72c356d51fe69984e0ccba7c8dfc71dc,6
C_exact,12,1728,3,26,A,72,True,True,0.072974,add42cbd0b1be0a3832c28737315d939,8
C_exact,12,1728,3,26,A,79,True,True,0.05076,d01e30d700bd10d8ec5aca446e850f4d,10
C_exact,12,1728,3,26,A,80,True,True,0.059374,b53ffba6b86374a92a374aae115d9c4a,12
C_exact,12,1728,3,26,A,77,True,True,0.05345,72cdc560e42ef74f2b746db2b1733ee1,0
C_exact,12,1728,3,26,A,84,True,True,0.059119,65a4bb3f64ac9760fd5d9fd3895ef1cf,6
C_exact,12,1728,3,26,A,83,True,True,0.091209,00284e9f31cc051955dc611a909a98bf,4
C_exact,12,1728,3,26,A,81,True,True,0.080611,f394cedcff74ef3b6ac706113134ef05,14
C_exact,12,1728,3,26,A,85,True,True,0.077688,eedb374b15c1c76b809f529967ebaf59,8
C_exact,12,1728,3,26,A,82,True,True,0.097056,bf1460d72c39b059a11ca69786f29eea,2
C_exact,12,1728,3,26,A,86,True,True,0.083634,e04def08d62d545486e74eed69b9ed26,10
C_exact,12,1728,3,26,A,87,True,True,0.047239,a2ce747907e538b0dd9469c08f0de566,12
C_exact,12,1728,3,26,A,88,True,True,0.044582,243ef99d2643b2f3046f818f206b36e8,0
C_exact,12,1728,3,26,A,89,True,True,0.040631,c861c64a18531e6c1d74ff5ea8ff2ac8,6
C_exact,12,1728,3,26,A,91,True,True,0.056221,a61a302fa7ec96456d134a0beaec4ee7,14
C_exact,12,1728,3,26,A,90,True,True,0.06379,ed22d650e1f1032651197c9ff339a623,4
C_exact,12,1728,3,26,A,92,True,True,0.064855,3cd9ab11a02a9ad7303ca21b76da0bfb,8
C_exact,12,1728,3,26,A,93,True,True,0.052602,9b8f245d1fba6a20d39a9dc905689749,2
C_exact,12,1728,3,26,A,94,True,True,0.057107,ba76de1ca885e8c1da1e39446b34b371,10
C_exact,12,1728,3,26,A,96,True,True,0.04435,09ca5c0c5ab931272da250366605a6bd,0
C_exact,12,1728,3,26,A,99,True,True,0.047371,4dc309430cbb6d3b162bb45c2ed0ffc9,4
C_exact,12,1728,3,26,A,95,True,True,0.055828,741772116097036559fb99d21befec1c,12
C_exact,12,1728,3,26,A,98,True,True,0.061872,5d1e8a7907767db621383d1721ac024b,14
C_exact,12,1728,3,26,A,97,True,True,0.040064,2dd382bbed79a1ce5b2233da6cea9ce4,6
C_exact,12,1728,3,26,A,100,True,True,0.039187,e4b41ea818fb0617f5934e303a0897e4,8
python_exact,12,1728,3,26,A,15,True,True,0.503013,42196e6db6c8277eb8db755e5963079c,12
python_exact,12,1728,3,26,A,12,True,True,0.651975,4926dbba3b14b0546983e3262aac7990,10
python_exact,12,1728,3,26,A,11,True,True,0.702176,d1a0b3650f336b3b240d8468b07a0bc8,2
python_exact,12,1728,3,26,A,18,True,True,0.662332,f700327dfd4b99923cae3de2711deaff,8
python_exact,12,1728,3,26,A,16,True,True,0.676007,17fcdba90cfe8d2b3a82b325524160dc,14
python_exact,12,1728,3,26,A,13,True,True,0.767014,30b3556923c9db8546923991daa9ca8d,0
python_exact,12,1728,3,26,A,14,True,True,0.803061,4dc16fbe9a88eeb169ca07477021199b,4
python_exact,12,1728,3,26,A,17,True,True,0.90118,a5a56d039fd8cdf755daa4652a747463,6
python_exact,12,1728,3,26,A,19,True,True,0.553313,cfacb8b3130e3a47bde0a6621cc097b5,12
python_exact,12,1728,3,26,A,20,True,True,0.524076,549c7df3ea241f3400cce07f0c86549c,10
python_exact,12,1728,3,26,A,22,True,True,0.590597,076ba98185b0433db36bcd8da7389d3c,8
python_exact,12,1728,3,26,A,23,True,True,0.709337,65e73af250ebbd73ebdc2427a9128488,14
python_exact,12,1728,3,26,A,21,True,True,0.751387,744f8541f182585555e16b8d62cb39cc,2
python_exact,12,1728,3,26,A,25,True,True,0.640747,c8b5bc92d354d223c5a612e3824456b0,4
python_exact,12,1728,3,26,A,24,True,True,0.702935,c49ea6dd937b9c39d10babcab3c83033,0
python_exact,12,1728,3,26,A,27,True,True,0.422937,b16fb4e21f40f9d2d331a798663b5b56,12
python_exact,12,1728,3,26,A,26,True,True,0.586165,bb0e7958dd6ecdec14604e29f9a90d50,6
python_exact,12,1728,3,26,A,28,True,True,0.472766,76261126a16555483cb09a8ba90f6264,10
python_exact,12,1728,3,26,A,29,True,True,0.454684,274bfbddb29e714a3ef29fc6e7dfecf5,8
python_exact,12,1728,3,26,A,31,True,True,0.516284,58c8dc8167c89355af78b759b91b3809,2
python_exact,12,1728,3,26,A,32,True,True,0.529569,8d1d27ac87a6b3258de38a86e071fc63,4
python_exact,12,1728,3,26,A,34,True,True,0.514309,5030017ad8aa086e321bdc64a3e929a8,12
python_exact,12,1728,3,26,A,30,True,True,0.655898,42f303f6318805fa9b2302978de63369,14
python_exact,12,1728,3,26,A,36,True,True,0.488184,0c647ef7fe34ae65a74d2fd418eb6b7c,10
python_exact,12,1728,3,26,A,35,True,True,0.658655,19609dc44efddfe5789c6a506be480c1,6
python_exact,12,1728,3,26,A,33,True,True,0.718449,b79578a404a4b1142b5fe10c9673a364,0
python_exact,12,1728,3,26,A,37,True,True,0.571205,0076cced2052f26935944fb34259c8cd,8
python_exact,12,1728,3,26,A,40,True,True,0.553872,6ac090e38ef73e82548d03a8f623d17c,12
python_exact,12,1728,3,26,A,39,True,True,0.627716,f73e7cef12b0309a4a2392bed477202d,4
python_exact,12,1728,3,26,A,38,True,True,0.698883,d0464f5f15e05a82611787f00ded63f3,2
python_exact,12,1728,3,26,A,41,True,True,0.574862,f48a09e3fe5f775b49f12ccb48b70a04,14
python_exact,12,1728,3,26,A,42,True,True,0.55596,d0ca8cc31d364ca46fffc6f9527da209,10
python_exact,12,1728,3,26,A,43,True,True,0.648969,b8e46add1633c7669496e3238d0f2869,6
python_exact,12,1728,3,26,A,45,True,True,0.477965,2d48830323ddb4198c4cd0723ed4ef90,8
python_exact,12,1728,3,26,A,44,True,True,0.707484,09b1b7925e956d2942bcf91098ae3fd6,0
python_exact,12,1728,3,26,A,46,True,True,0.421998,446ffa8222c866b649b629b71cf6612b,12
python_exact,12,1728,3,26,A,47,True,True,0.447523,fdec4b68957635c8f5cae62145648303,4
python_exact,12,1728,3,26,A,50,True,True,0.503074,592d01155fac348080234d42687dc19b,10
python_exact,12,1728,3,26,A,51,True,True,0.439441,24db8b4d66f08193393c394ab28c6c48,6
python_exact,12,1728,3,26,A,52,True,True,0.461389,cff18894dcbb9b093e0ef632eac72eb5,8
python_exact,12,1728,3,26,A,48,True,True,0.638343,d150a8d0e71b5db37d346dd95bcd5a8e,2
python_exact,12,1728,3,26,A,49,True,True,0.724123,3ad53444900a021b56d849892cc788e4,14
python_exact,12,1728,3,26,A,54,True,True,0.452674,711596f8c9607a985e31004c9818a14c,12
python_exact,12,1728,3,26,A,55,True,True,0.486382,c7cf0c1dc9e75b9f5a10c9e3db4a9708,4
python_exact,12,1728,3,26,A,56,True,True,0.414636,9b2406bf6766b6fdaace105a9e13552a,10
python_exact,12,1728,3,26,A,53,True,True,0.79288,588f5d5bc5565d685ba9d357a964ffdd,0
python_exact,12,1728,3,26,A,57,True,True,0.493946,a1c42cd6b645559a0fa39363220f3561,6
python_exact,12,1728,3,26,A,58,True,True,0.511239,9a69da7058e3da8e5965b8fce77f5798,8
python_exact,12,1728,3,26,A,61,True,True,0.520034,4adbf25013de7829b542605eacfe74fd,12
python_exact,12,1728,3,26,A,59,True,True,0.749737,36126b6f43fc0ded4703fac7111ec1bf,2
python_exact,12,1728,3,26,A,60,True,True,0.669496,0191c5d71fd8fcc6cf6735e45984ef10,14
python_exact,12,1728,3,26,A,63,True,True,0.621879,4884054cff2da1c347efcb4c00dc7360,10
python_exact,12,1728,3,26,A,62,True,True,0.746922,09d606aff11a3773411e459df4bd4430,4
python_exact,12,1728,3,26,A,66,True,True,0.632941,8f061fb11cb462205a8f6febcb4998fc,8
python_exact,12,1728,3,26,A,65,True,True,0.692751,49e5d46a2560f2cb74bf399cdf8b67a4,6
python_exact,12,1728,3,26,A,67,True,True,0.495447,bb77d935aa60b7f3900176b5dab469bc,12
python_exact,12,1728,3,26,A,64,True,True,0.796173,5943d45c504dd16003f9532095f4e988,0
python_exact,12,1728,3,26,A,68,True,True,0.558512,f416a56427b3bec49d2eed6fad81858c,2
python_exact,12,1728,3,26,A,71,True,True,0.433951,135adc77bbfbe6a39b73d43b6622f51f,4
python_exact,12,1728,3,26,A,69,True,True,0.74011,ad84ea583d65fe57d8fbe258785bd801,14
python_exact,12,1728,3,26,A,70,True,True,0.629773,21dddcc53e999e3570bb174bd2dc8d70,10
python_exact,12,1728,3,26,A,72,True,True,0.610462,1b037ad8e884c2087f28ee982f4e36db,8
python_exact,12,1728,3,26,A,74,True,True,0.565173,f5c1cafb15360d06a59281e19520dd1f,12
python_exact,12,1728,3,26,A,73,True,True,0.725414,dead5ce1be4ee1ee7513f2ff38ff92d9,6
python_exact,12,1728,3,26,A,75,True,True,0.738325,177cf19970d84ceb42316813b5f69dfc,0
python_exact,12,1728,3,26,A,76,True,True,0.723464,696c642a334dfdb942684a30a8912a80,2
python_exact,12,1728,3,26,A,79,True,True,0.540237,19f87c437c19c40c719b6c181093c2fa,10
python_exact,12,1728,3,26,A,78,True,True,0.654127,e297a1d92cb5eacfee0cea181398ba36,14
python_exact,12,1728,3,26,A,77,True,True,0.713722,97f6ea0338092a4463fbcf399a8ba5d3,4
python_exact,12,1728,3,26,A,81,True,True,0.492317,e2c7ce60e1aff51541365df06b6f07db,12
python_exact,12,1728,3,26,A,80,True,True,0.58074,5224565ca5f2723f04f5b5477f5e71b7,8
python_exact,12,1728,3,26,A,85,True,True,0.451274,4d41ea60f976a17509a8d4de870b5850,10
python_exact,12,1728,3,26,A,84,True,True,0.584563,6f7f2069f14a4169f0be395daea71bb5,2
python_exact,12,1728,3,26,A,82,True,True,0.819996,1aa049f29f812a552e97923f68978d72,6
python_exact,12,1728,3,26,A,83,True,True,0.779107,199557a005b03ea5d5f51df08444ebb1,0
python_exact,12,1728,3,26,A,88,True,True,0.470918,5c03db7a734445d6b7815b950ab08248,12
python_exact,12,1728,3,26,A,89,True,True,0.537478,1ffa1e171b2381dd1373597a557727d5,8
python_exact,12,1728,3,26,A,86,True,True,0.722348,df4bab81caa4fcba708a89a43bff45c4,14
python_exact,12,1728,3,26,A,87,True,True,0.691731,6402b7e28e8ee43fbc2482c588267273,4
python_exact,12,1728,3,26,A,90,True,True,0.523447,a55088540cc6d27295de644a49cffa94,10
python_exact,12,1728,3,26,A,94,True,True,0.606521,0985a7acd7fd0ab2b8a0227a528cf168,12
python_exact,12,1728,3,26,A,91,True,True,0.838383,5f9b2d6aae4fb7fa6c2e0a39d44cde8d,2
python_exact,12,1728,3,26,A,92,True,True,0.791579,b503fa09f19d4114062c42e7c44b4fd2,6
python_exact,12,1728,3,26,A,95,True,True,0.630824,d122c8be048d1de84d661a3bc7079883,8
C_exact,12,1728,3,26,T,12,True,True,0.045921,3ea499fbbe06b51db2925c4eba1bd9fb,8
python_exact,12,1728,3,26,A,96,True,True,0.663017,6ed37ed252b9badb20a72135a8e3c732,14
python_exact,12,1728,3,26,A,97,True,True,0.658782,b9457cf6276767b77a235f2e3b08c3d9,4
python_exact,12,1728,3,26,A,98,True,True,0.506421,436c911e2df8847020cce97d1a04c1eb,10
C_exact,12,1728,3,26,T,11,True,True,0.046539,bc6a01e7a1a691088e4391b61f458899,6
python_exact,12,1728,3,26,A,93,True,True,0.956578,32540c107a53bf2f4549eeca65bf4d4e,0
C_exact,12,1728,3,26,T,16,True,True,0.057739,1e8de8c4063c8b50e332b4a3093083bd,10
C_exact,12,1728,3,26,T,14,True,True,0.063527,de0e2cd2a657c9dc2c6524e40fe8a382,14
C_exact,12,1728,3,26,T,13,True,True,0.074257,99e5d06d6fa311398990d7e9d4ea9f97,8
C_exact,12,1728,3,26,T,17,True,True,0.045575,493ef7a3e2362d16fc9307f2fd690f88,6
C_exact,12,1728,3,26,T,15,True,True,0.059571,315c8e9cb56e1d60b8d7f3d755e7b2f3,4
python_exact,12,1728,3,26,A,99,True,True,0.418167,c5b634b449feda490be772f1a62d7d09,12
C_exact,12,1728,3,26,T,18,True,True,0.11726,4a5bd4c6c195ea24a8d388772800fd2c,0
C_exact,12,1728,3,26,T,21,True,True,0.109105,4b801977f3f3999ed2383baead793821,8
C_exact,12,1728,3,26,T,20,True,True,0.095561,0d20943b6d3a3670ff7e0e841e872e54,14
C_exact,12,1728,3,26,T,22,True,True,0.105657,ebce99e782f3bf8e581dd392ba49c221,6
C_exact,12,1728,3,26,T,19,True,True,0.116821,01bf79d016954ae0b0c96fc38422e5d4,10
C_exact,12,1728,3,26,T,23,True,True,0.090748,cc4c232df81101eb6619d06f0c6b896d,4
C_exact,12,1728,3,26,T,24,True,True,0.035849,d5581debee546882ea5c304bddc275c2,12
C_exact,12,1728,3,26,T,25,True,True,0.049819,d59d34c419ca92d4f945c91feb93736f,0
C_exact,12,1728,3,26,T,29,True,True,0.053202,86bce2ff07c29c85d4415d7e98999961,10
C_exact,12,1728,3,26,T,30,True,True,0.050876,bc99dc2e171fee4597e0c1182f3eb578,4
C_exact,12,1728,3,26,T,26,True,True,0.054716,c7fd159d1e8647c6eb45188dead8b884,8
C_exact,12,1728,3,26,T,27,True,True,0.057429,baad2e8c4dd3389fb66aa413d6aaff7d,14
C_exact,12,1728,3,26,T,31,True,True,0.038382,fccfede4269b66cc81c06566cdc25d39,12
C_exact,12,1728,3,26,T,28,True,True,0.061196,ab1cdbd66999e6b6215d21669f229536,6
python_exact,12,1728,3,26,A,100,True,True,0.475862,faafef8714abceb0b110a69219a504ec,2
C_exact,12,1728,3,26,T,32,True,True,0.038684,a74a60abb7d3a954f3a48150115e1631,0
C_exact,12,1728,3,26,T,34,True,True,0.061199,f6ffdaff48777fef658a66b03ffdb919,4
C_exact,12,1728,3,26,T,33,True,True,0.067376,974fd595db3cd746f294300da16b6933,10
C_exact,12,1728,3,26,T,35,True,True,0.063938,e6b35286c2df560b65dc008b8df27ed6,8
C_exact,12,1728,3,26,T,38,True,True,0.05327,fc6d745e37d37bafb9b317ea377a146d,6
C_exact,12,1728,3,26,T,37,True,True,0.068604,04c94946975df89d5a896fb1e48642f1,12
C_exact,12,1728,3,26,T,36,True,True,0.06847,2840bd94f2ed1b963e1ae5de5c9d8283,14
C_exact,12,1728,3,26,T,39,True,True,0.043112,98c5d83b0b202e5c1196c7e9a9552501,2
C_exact,12,1728,3,26,T,40,True,True,0.076965,63272dfec1880db1ab083887f986122b,0
C_exact,12,1728,3,26,T,41,True,True,0.050901,3d887f05462e60a146739e7ce1755370,4
C_exact,12,1728,3,26,T,44,True,True,0.054302,0561dfb4b9d1020f1ddefa09930e2291,6
C_exact,12,1728,3,26,T,45,True,True,0.066202,563b10a426d6dcd2693379004c67338e,12
C_exact,12,1728,3,26,T,47,True,True,0.053887,4f3d6d640baaa5b132608a26046e74d4,2
C_exact,12,1728,3,26,T,46,True,True,0.078437,68026221a2faa877625286e60f022e23,14
C_exact,12,1728,3,26,T,42,True,True,0.069699,5fce20ebd093ace8b6bebb37b1d7e6d1,10
C_exact,12,1728,3,26,T,43,True,True,0.087057,7ae914a65b956926d59d1a0beb2af518,8
C_exact,12,1728,3,26,T,49,True,True,0.088554,f440c84f43e1012b73c9174a1e257dae,4
C_exact,12,1728,3,26,T,48,True,True,0.061501,8036d3ace8128f6ea6335010845f8434,0
C_exact,12,1728,3,26,T,51,True,True,0.072892,c65acb6d1dec23ed33c664a3ea7a036d,12
C_exact,12,1728,3,26,T,53,True,True,0.080355,38e377a96afd02fc858d13effc12e021,14
C_exact,12,1728,3,26,T,54,True,True,0.079904,914858629fd881ce039abd861264567a,10
C_exact,12,1728,3,26,T,50,True,True,0.079668,13f0be9affa58a3ed4028ff1a0e21a32,6
C_exact,12,1728,3,26,T,52,True,True,0.080069,968387cf832f83c708fe59c41f003e0d,2
C_exact,12,1728,3,26,T,55,True,True,0.065592,a198a30762d2fda548ef345b683e7a3b,8
C_exact,12,1728,3,26,T,59,True,True,0.063745,94d4dcdc98744a41ba1a1925ae48100c,14
C_exact,12,1728,3,26,T,58,True,True,0.053901,aa88c2787b76ec21b4490845eca735c6,12
C_exact,12,1728,3,26,T,57,True,True,0.077193,ed293d09f8dc8f2e20095a8c5b405765,0
C_exact,12,1728,3,26,T,56,True,True,0.082231,0ba5a1358fa90b9abd4e1cf0b37f7e1e,4
C_exact,12,1728,3,26,T,61,True,True,0.062593,526e68d07beef1344ad7bde459a13407,6
C_exact,12,1728,3,26,T,63,True,True,0.060072,19de4bece7e559c64c4b962cde2493b2,8
C_exact,12,1728,3,26,T,60,True,True,0.069279,c0e604ff4794727e2de817a17b24f7cb,10
C_exact,12,1728,3,26,T,62,True,True,0.069191,2239741e3851e1ead70fc6a771a77f50,2
C_exact,12,1728,3,26,T,65,True,True,0.057833,dcdc64b27f31389cb1d7cb5fef3d8d2e,12
C_exact,12,1728,3,26,T,64,True,True,0.060339,03da4e645ab344be0e4ee34876eade7b,14
C_exact,12,1728,3,26,T,66,True,True,0.086627,fbda6bcbc2772922d261e12569171725,0
C_exact,12,1728,3,26,T,68,True,True,0.075314,461955dcb06422f820cf68978c2edfab,6
C_exact,12,1728,3,26,T,67,True,True,0.07861,ebed5dd6d6f3234b6fe766d5a39866ec,4
C_exact,12,1728,3,26,T,70,True,True,0.069541,475583dfdcae0e7cf43fa16ae11be3f6,10
C_exact,12,1728,3,26,T,69,True,True,0.090682,87b085665ca6c5260e111ac386ebb0d0,8
C_exact,12,1728,3,26,T,71,True,True,0.081844,5c05da1eb27f4ccc3547c1bb70618a89,2
C_exact,12,1728,3,26,T,72,True,True,0.052278,a2d507267974d9b8104745f07591e175,12
C_exact,12,1728,3,26,T,73,True,True,0.072072,8f979ff53898aed3c5e2ba3c84919cb4,14
C_exact,12,1728,3,26,T,75,True,True,0.058239,10dfea7ce3c6d5b17eb43b36465a21d6,6
C_exact,12,1728,3,26,T,74,True,True,0.061475,4c20420fb9bbada53aa74017003e0d02,0
C_exact,12,1728,3,26,T,76,True,True,0.049236,5ac408f73649449dd85c9cf2768874d5,4
C_exact,12,1728,3,26,T,78,True,True,0.047938,60ee377f5d7c81664191893317782f5b,8
C_exact,12,1728,3,26,T,77,True,True,0.055549,40bab391f3c48dc6fea02aa7b8e0bfaa,10
C_exact,12,1728,3,26,T,79,True,True,0.049376,1164cd7bae4dff09ef14a4d655d62786,2
C_exact,12,1728,3,26,T,80,True,True,0.055637,287613e4a573adee8c8cbd5793bcac02,12
C_exact,12,1728,3,26,T,85,True,True,0.06245,9c1215fb8eecb32d168d432e53414796,8
C_exact,12,1728,3,26,T,84,True,True,0.067323,2049370c13cb4c60659369fae6892ece,4
C_exact,12,1728,3,26,T,83,True,True,0.06149,03202a67be399b8faa0f77a854447486,0
C_exact,12,1728,3,26,T,81,True,True,0.060906,8ef04b14c68706faab5433c5b407f825,14
C_exact,12,1728,3,26,T,87,True,True,0.047606,ab0c9526301d4a95a1e566c846de4826,2
C_exact,12,1728,3,26,T,82,True,True,0.076786,42aa84edd273eba81375dd93c58ac82f,6
C_exact,12,1728,3,26,T,86,True,True,0.057342,b902a8ff5ba3f3d5f2229ab5dde7ccc6,10
C_exact,12,1728,3,26,T,88,True,True,0.046782,07bc4ed962cc3ed6d90095d36bc8bb00,12
C_exact,12,1728,3,26,T,90,True,True,0.057247,8ec4530b052d52a50235270ce5d7e487,8
C_exact,12,1728,3,26,T,93,True,True,0.066363,c9719c7eba2d56b2000d62f27b3676c6,2
C_exact,12,1728,3,26,T,94,True,True,0.0646,174b104a386c148b30b8e30b970aef8e,6
C_exact,12,1728,3,26,T,95,True,True,0.063356,011a9b8f7a41b20ae4404d42d2f15518,10
C_exact,12,1728,3,26,T,89,True,True,0.078548,b3fa19bfe15fb1ee63e8f159bb9ad17d,4
C_exact,12,1728,3,26,T,91,True,True,0.05202,b96049fd4f57bd5b9c999b0690fb0d99,0
C_exact,12,1728,3,26,T,92,True,True,0.068723,b9c2d73ef59102c438c7f80425fd089d,14
C_exact,12,1728,3,26,T,96,True,True,0.06701,b4ff7e3b71ec35a451558006c59f6630,12
C_exact,12,1728,3,26,T,98,True,True,0.038462,5e1ad70ac89fce3758bc99af9432475b,2
C_exact,12,1728,3,26,T,97,True,True,0.068666,de3c19d74ef41d88c72d05f075a444fe,8
C_exact,12,1728,3,26,T,99,True,True,0.039532,2927e1e92dd3b8a2b7cc3575ecbd3ed5,6
C_exact,12,1728,3,26,T,100,True,True,0.063851,322723d278a5aebffb36625bf93395d9,10
python_exact,12,1728,3,26,T,17,True,True,0.467779,d4bf7abfefc429d74582f8aab385d65b,6
python_exact,12,1728,3,26,T,11,True,True,0.591105,f8e687cb6a60625e41ba53ea74435ec3,4
python_exact,12,1728,3,26,T,14,True,True,0.573263,760bf3860f4aa06dcbde8d00e8460cb1,12
python_exact,12,1728,3,26,T,18,True,True,0.535393,6719b4e2a8a6849a6674ecd7ed04fd94,10
python_exact,12,1728,3,26,T,16,True,True,0.571821,51c49ffb0c450f11dbe399f65ce58b0d,8
python_exact,12,1728,3,26,T,15,True,True,0.597316,e52d3691c4d94e024610318ef0f394af,2
python_exact,12,1728,3,26,T,13,True,True,0.781175,3198e96dad46db866cac0413ce4e126d,14
python_exact,12,1728,3,26,T,12,True,True,0.807477,58491460a7b8219cfe7826246dd47079,0
python_exact,12,1728,3,26,T,21,True,True,0.438673,78578aaa7c883dc70f437f26d2cf2f6c,12
python_exact,12,1728,3,26,T,19,True,True,0.553534,1079a9b370d558041593196eb227a9ab,6
python_exact,12,1728,3,26,T,20,True,True,0.552853,3e02cac06ca907496dc76d12f6ac7ec0,4
python_exact,12,1728,3,26,T,23,True,True,0.539972,f201ebf2d0e5b71c1cd13ecc01c48acd,8
python_exact,12,1728,3,26,T,22,True,True,0.620329,08b8a2131561d8de3959bf44be360dbe,10
python_exact,12,1728,3,26,T,27,True,True,0.509719,a3d135b8e9128759c426355f826b6cb0,12
python_exact,12,1728,3,26,T,25,True,True,0.873987,ff83d77747dcbde162fc54a94e188665,14
python_exact,12,1728,3,26,T,29,True,True,0.548566,1b95efc8ca96fb60a9ec6576ed847f3a,4
python_exact,12,1728,3,26,T,26,True,True,0.887175,61cf718ae3df5cd52bb48c83f3ac7609,0
python_exact,12,1728,3,26,T,31,True,True,0.443156,a45f5c302d1a742d3e687ab44d76d3a1,10
python_exact,12,1728,3,26,T,28,True,True,0.617551,eb2be1f977b84f272df331bf5f12d425,6
python_exact,12,1728,3,26,T,30,True,True,0.549582,ea7d5b6180d4b99c318ab707628ad5c2,8
python_exact,12,1728,3,26,T,24,True,True,1.086457,e93ce997cb425cb27253663af39e5d56,2
python_exact,12,1728,3,26,T,32,True,True,0.475185,0b056029f01321a4dfeb0d495066a0e9,12
python_exact,12,1728,3,26,T,36,True,True,0.490547,bc0fc000182da9935fdc1ddd812b7791,10
python_exact,12,1728,3,26,T,34,True,True,0.536934,be622f685f4e4541ca06cf81599560e2,4
python_exact,12,1728,3,26,T,33,True,True,0.656853,9e647abb163e3d5f9717626ece48477a,14
python_exact,12,1728,3,26,T,37,True,True,0.638047,c37c6c080eff6bae54612e2adf20b761,8
python_exact,12,1728,3,26,T,38,True,True,0.635774,cd6f99476bb9804c8dac5da3dacfb87e,6
python_exact,12,1728,3,26,T,35,True,True,0.758785,1e5604531db5296bde101556232db7b3,0
python_exact,12,1728,3,26,T,40,True,True,0.561889,0e8b76604651bb630457642153924d85,12
python_exact,12,1728,3,26,T,41,True,True,0.449742,e40f927bb28cde422fba774abd0e1afa,10
python_exact,12,1728,3,26,T,42,True,True,0.54336,a8bd75b2c901b4a79ae44a5d96ab6ba8,4
python_exact,12,1728,3,26,T,44,True,True,0.465883,44265b0df4399bf44b2a8595fff19b62,8
python_exact,12,1728,3,26,T,45,True,True,0.548123,256788324fe8c13b0c04057517c7bb71,6
python_exact,12,1728,3,26,T,39,True,True,1.25479,f98948bad8e200343a4154ecabde0323,2
python_exact,12,1728,3,26,T,47,True,True,0.449618,bc997bffd1951f26c00628df96c23f08,12
python_exact,12,1728,3,26,T,43,True,True,0.738317,0523ed9cffe77e2a35051959413d1911,14
python_exact,12,1728,3,26,T,48,True,True,0.429111,91d45020526f49afbada75ad8d59de0b,10
python_exact,12,1728,3,26,T,46,True,True,0.669612,a8428620e2c11d031d28c5700a602fc7,0
python_exact,12,1728,3,26,T,49,True,True,0.524043,8b506de8ffac18460645de97a5aaf631,4
python_exact,12,1728,3,26,T,50,True,True,0.486982,02986db32ef68150c0c51bca8c18c8eb,8
python_exact,12,1728,3,26,T,53,True,True,0.612503,7249c0bdebbc37acb598efeb733f0cd8,12
python_exact,12,1728,3,26,T,52,True,True,0.655726,fd4e8cf6ef1dba02dc8b5537b6a26ea5,2
python_exact,12,1728,3,26,T,55,True,True,0.563451,b8cae6c61efeafe96bca7145f5fb5e41,10
python_exact,12,1728,3,26,T,51,True,True,0.743986,00ebfa6883dc327f5a35a9f4395c668a,6
python_exact,12,1728,3,26,T,58,True,True,0.478544,90597bbfb95513c0f130250a874a6e77,8
python_exact,12,1728,3,26,T,57,True,True,0.57731,1bfdd9ec80f21fc327d9ebd07744077d,4
python_exact,12,1728,3,26,T,54,True,True,0.99223,01be512fd0b39b42a664bffeaeca139a,14
python_exact,12,1728,3,26,T,56,True,True,0.937248,c09a17da6948ad2663c0bb3adc762cb4,0
python_exact,12,1728,3,26,T,59,True,True,0.492401,494da78d89e7f17c8f9e9be9fa751bc0,12
python_exact,12,1728,3,26,T,62,True,True,0.47884,8dc1becbcb7ba5062069727ff5870bae,6
python_exact,12,1728,3,26,T,61,True,True,0.591316,6b007cff94e07139e90dc4ac710269d3,10
python_exact,12,1728,3,26,T,60,True,True,0.647319,79189577aaa5eaf09848f10ac310bae7,2
python_exact,12,1728,3,26,T,63,True,True,0.547369,cf19f311d550af399369cfe447a3cb88,8
python_exact,12,1728,3,26,T,64,True,True,0.491617,520c9648671e7bab18a855a5d821e457,4
python_exact,12,1728,3,26,T,67,True,True,0.53282,c908dc29bb444d98a3be1d7c33f74950,12
python_exact,12,1728,3,26,T,69,True,True,0.494352,2c7b1dbb10683a6780c4a688dffaf524,10
python_exact,12,1728,3,26,T,68,True,True,0.622867,dc6bbea8a4d5ed8d69d08e7264a1ba48,6
python_exact,12,1728,3,26,T,65,True,True,0.739484,5d14f8cfbb0145579162d1acbcd354de,14
python_exact,12,1728,3,26,T,66,True,True,0.747259,b5531bdead651127d8b13e5b833e6aaf,0
python_exact,12,1728,3,26,T,70,True,True,0.6771,573424fb1bd4ce14078c2ed8cbaa5430,2
python_exact,12,1728,3,26,T,71,True,True,0.624172,25e10e3a9f5d211260baf51530e3a27c,8
python_exact,12,1728,3,26,T,72,True,True,0.66898,7a40da6862597316fbac43fbd2a1d1b4,4
python_exact,12,1728,3,26,T,73,True,True,0.526875,beaa9449ac1ba6035d85e9b6e0398ea6,12
python_exact,12,1728,3,26,T,74,True,True,0.457857,914e30ed30cc7eca4ef61e53bad9732f,10
python_exact,12,1728,3,26,T,77,True,True,0.602418,4459a6aa5b7d3bc6bdf6cb698182500f,0
python_exact,12,1728,3,26,T,76,True,True,0.643333,54057113bac489fbc14d52d4965cead5,14
python_exact,12,1728,3,26,T,79,True,True,0.575139,aba0425223946b8c095be532a862e1ad,8
python_exact,12,1728,3,26,T,82,True,True,0.447634,e4d4a5ffeecc103a16202d71c3333eaf,10
python_exact,12,1728,3,26,T,81,True,True,0.465232,e86526ac1fa354733b4c5706a094c752,12
python_exact,12,1728,3,26,T,75,True,True,0.891077,90d3d2048570c63b09b1bbd891a8cd34,6
python_exact,12,1728,3,26,T,80,True,True,0.666944,a933006e32383f0a349000c036ead3fd,4
python_exact,12,1728,3,26,T,78,True,True,0.833609,31d5d92b256eb2175d36a4538d61ada0,2
python_exact,12,1728,3,26,T,83,True,True,0.569398,81b0e4a4facf4e5c37aa05c77fc40328,0
python_exact,12,1728,3,26,T,85,True,True,0.552224,e77ca19a6bfc0ffe7a08118e9c026927,8
python_exact,12,1728,3,26,T,84,True,True,0.746463,4cd9ca29adc468c1aaa09e6b4bcd1fdc,14
python_exact,12,1728,3,26,T,86,True,True,0.544777,472f3449f96d333a6a894a302d665b5f,10
python_exact,12,1728,3,26,T,87,True,True,0.667665,0ab9b2375acd63a030981c5e4f723e8f,12
python_exact,12,1728,3,26,T,88,True,True,0.72939,56198add20cea4134394ed2b5c42477e,6
python_exact,12,1728,3,26,T,89,True,True,0.785471,c570274516217e899fc4b2f68d598cf0,4
python_exact,12,1728,3,26,T,91,True,True,0.521479,587e2936b7241b69a73381aa987bd11a,0
python_exact,12,1728,3,26,T,90,True,True,0.796086,55ccb8f1e774a11c9348ddac874b4ddd,2
python_exact,12,1728,3,26,T,92,True,True,0.522885,5a7bd01c8a9f240cf354661fe8fc6424,8
python_exact,12,1728,3,26,T,94,True,True,0.515047,90388d742cfb63af342d0b57d4f82612,10
C_exact,12,1728,3,26,B,11,True,True,0.058572,4b416a08983173091251da850cf4a742,10
python_exact,12,1728,3,26,T,95,True,True,0.479182,90076609f4eb9462fe88ab05da41defe,12
C_exact,12,1728,3,26,B,12,True,True,0.040537,73795a95790ac45e87f023185505f2aa,10
C_exact,12,1728,3,26,B,13,True,True,0.043903,30b688ec3b546deacc72a3655b7dd320,12
python_exact,12,1728,3,26,T,96,True,True,0.523547,9dc535058aeb85fc213dec430e90b858,6
C_exact,12,1728,3,26,B,14,True,True,0.040154,65f2d2d56047f9e5e65e9f683a582319,10
C_exact,12,1728,3,26,B,15,True,True,0.040529,6343cd7e758df282882ca25a54ff2166,12
C_exact,12,1728,3,26,B,17,True,True,0.043447,23ed497f4acd9c7776cca1bf883edf43,10
C_exact,12,1728,3,26,B,16,True,True,0.04512,3bee4dbb5fc8ef3a1bc308f524d14864,6
C_exact,12,1728,3,26,B,18,True,True,0.051696,04bc2386b91f275e4fd844bf7e4cfabb,12
C_exact,12,1728,3,26,B,21,True,True,0.041249,6a31ffbcc3a6f3f64d0e6df528912e80,12
C_exact,12,1728,3,26,B,20,True,True,0.047724,25ed51c296fa47c761cd053c84e8dfad,6
python_exact,12,1728,3,26,T,97,True,True,0.565666,f91262ccc683816b0bef6c0312da66f3,4
C_exact,12,1728,3,26,B,19,True,True,0.064524,e4b5fc84585610f9680c0684519ea608,10
python_exact,12,1728,3,26,T,93,True,True,1.015441,5b25ca0c48208345bd36727adc776f4a,14
C_exact,12,1728,3,26,B,24,True,True,0.105847,9e9e39e4bd68418e2b4012efd2bfb0e1,4
C_exact,12,1728,3,26,B,23,True,True,0.102514,e418a574475988f70bc70b28a39fb111,6
python_exact,12,1728,3,26,T,100,True,True,0.575504,403da06d45cc4bb9d00e2d3fd0007092,8
C_exact,12,1728,3,26,B,22,True,True,0.118107,932c24e2f6b29348135c12f1844b226f,12
python_exact,12,1728,3,26,T,99,True,True,0.630722,373bfce1c6d1956aba8d6cc49b085b94,2
C_exact,12,1728,3,26,B,25,True,True,0.063874,c67f32122614ad78eb5aadd91297ca7f,10
C_exact,12,1728,3,26,B,26,True,True,0.04508,33abdc5242ec2f0e08a676967c4d9d8e,14
python_exact,12,1728,3,26,T,98,True,True,0.74374,50f2819253de0853c169a55474a61e19,0
C_exact,12,1728,3,26,B,28,True,True,0.07882,23e9dd2c2644586c084b286111b67d21,6
C_exact,12,1728,3,26,B,27,True,True,0.068071,ac0168dcbc315eaf8865af367ad83e1a,4
C_exact,12,1728,3,26,B,31,True,True,0.079437,ebb12c407c7a6be50349d95d6f2f1f42,2
C_exact,12,1728,3,26,B,30,True,True,0.085628,1bcee38a8afbf1e1e1fa0f53be7635c1,12
C_exact,12,1728,3,26,B,33,True,True,0.068353,5ba61295d1b4c7d515ae23c5dd250974,14
C_exact,12,1728,3,26,B,29,True,True,0.104266,837903591ef9e2d359f8816fe10e6efc,8
C_exact,12,1728,3,26,B,32,True,True,0.089089,ee0742cc5727662f05dfcd5f0cf2c52e,10
C_exact,12,1728,3,26,B,34,True,True,0.086229,df3f4ce69737757c8b853e2d636ec25a,0
C_exact,12,1728,3,26,B,37,True,True,0.053281,34f6984e7319110900263721bdb85bab,2
C_exact,12,1728,3,26,B,36,True,True,0.079033,48fb843f96c95efe6902a42017ba6816,4
C_exact,12,1728,3,26,B,35,True,True,0.059869,d6d02fddb7e7093dc331f238f38eac4c,6
C_exact,12,1728,3,26,B,38,True,True,0.06098,188b1b0bbcaafedccc373eb4dafbb1ea,12
C_exact,12,1728,3,26,B,39,True,True,0.052367,68e64a63cee27bef15c2471d7380464e,14
C_exact,12,1728,3,26,B,40,True,True,0.053636,9e1345eef12bac1fc91ef26432a54f59,8
C_exact,12,1728,3,26,B,41,True,True,0.049805,4742921fef19d0212850aa495e0c082c,10
C_exact,12,1728,3,26,B,42,True,True,0.051235,3c8da7522de97635db8b6493f0bd93ba,0
C_exact,12,1728,3,26,B,44,True,True,0.056171,b586af8bf9f410103ed89e832323a7be,4
C_exact,12,1728,3,26,B,45,True,True,0.054392,6aacc4d175334101ee2494867dfe13e3,6
C_exact,12,1728,3,26,B,43,True,True,0.05808,f205d11f668aba3b8de0fb9f4c2e1c90,2
C_exact,12,1728,3,26,B,46,True,True,0.051374,6039203b93bc48d5c9056c1d091f87c4,12
C_exact,12,1728,3,26,B,49,True,True,0.051804,f59fb049f5b0a63e758e195ffaa06f6b,10
C_exact,12,1728,3,26,B,47,True,True,0.055416,3f138314ea7dc08d06b0239f10e50525,14
C_exact,12,1728,3,26,B,48,True,True,0.059586,398a44daa507c2b342d308671e750fb3,8
C_exact,12,1728,3,26,B,51,True,True,0.059484,7316c643eb098eef4def70439dc40182,4
C_exact,12,1728,3,26,B,54,True,True,0.080588,ab4f9b36f7938f243d475416d60b0111,12
C_exact,12,1728,3,26,B,53,True,True,0.080099,76735a42fd21f896dffcab08f07a5536,2
C_exact,12,1728,3,26,B,52,True,True,0.085335,9232722ca41c846eecc603d5cbdfa6be,6
C_exact,12,1728,3,26,B,50,True,True,0.11617,1ed71f37056cffb7d31e7f605d6c37eb,0
C_exact,12,1728,3,26,B,55,True,True,0.075536,8bd774bb610fc45b1cebabffb0fd4cad,10
C_exact,12,1728,3,26,B,57,True,True,0.080053,9cfe61195c15ce2474de5e476d6f868f,8
C_exact,12,1728,3,26,B,56,True,True,0.066572,cede7f7fae4668f568312cff3050cddd,14
C_exact,12,1728,3,26,B,58,True,True,0.045142,4fe7f0148f71055de9d3aa61625d8931,4
C_exact,12,1728,3,26,B,59,True,True,0.046776,3f3e494c58f7221a71f3669115b5712e,12
C_exact,12,1728,3,26,B,61,True,True,0.0424,9eeb0758df680ab38bc025d540ec53bd,6
C_exact,12,1728,3,26,B,60,True,True,0.047234,f1f5d8bf69ff4b64324e4ba6a26bbae8,2
C_exact,12,1728,3,26,B,62,True,True,0.045635,7755a7a7d6e91132b880a4bb2b6c3a54,0
C_exact,12,1728,3,26,B,64,True,True,0.059244,4f4256eb559617de2617f3bd2df43acc,8
C_exact,12,1728,3,26,B,63,True,True,0.080689,8d78e03f4f74a762845cafc775e847f2,10
C_exact,12,1728,3,26,B,69,True,True,0.04278,64762d24d6b19a87df4ca38bd00ac067,2
C_exact,12,1728,3,26,B,70,True,True,0.043913,a14fe60d86d3f2470bca9b03f5a8384b,0
C_exact,12,1728,3,26,B,66,True,True,0.052509,15d662c4e73849478bd50934735ee201,4
C_exact,12,1728,3,26,B,67,True,True,0.047437,e3c08a8e2d8eef99072132589bb172e4,12
C_exact,12,1728,3,26,B,68,True,True,0.06023,d46ad6b635059f8950711b7f0ba162cd,6
C_exact,12,1728,3,26,B,65,True,True,0.087035,7acfb60e3e202eb490db5713f9f0a756,14
C_exact,12,1728,3,26,B,71,True,True,0.050583,16f1775f5e6428ff1a84af243778dc70,8
C_exact,12,1728,3,26,B,72,True,True,0.05139,9faa050a7dd3718ccc0897cc7ef8d065,10
C_exact,12,1728,3,26,B,78,True,True,0.065809,c4ab57ba3460a6ceb20e98df9bf10a0e,14
C_exact,12,1728,3,26,B,75,True,True,0.073795,d446f017f4900fc1ba457b0cfd1f9db6,4
C_exact,12,1728,3,26,B,73,True,True,0.064933,5a8ee672126acbe87013bcae4a909d76,2
C_exact,12,1728,3,26,B,77,True,True,0.133755,d2546923d32580b3be8e09f5ef30cfe7,6
C_exact,12,1728,3,26,B,80,True,True,0.052358,990590080eabb638dd020fd0d9f7464f,10
C_exact,12,1728,3,26,B,74,True,True,0.131352,15c7595f5c528cbdda0f70176ddd6220,0
C_exact,12,1728,3,26,B,76,True,True,0.132871,3892f9972210ad69dfcbac354c5d0a7c,12
C_exact,12,1728,3,26,B,79,True,True,0.105834,ce38a8b0b5507ce58be7bc7b2333b4b8,8
C_exact,12,1728,3,26,B,82,True,True,0.054744,895e345ad9dfd85ce666a9e715a0150c,4
C_exact,12,1728,3,26,B,81,True,True,0.066626,1b434dd59f283749859be197eabda3eb,14
C_exact,12,1728,3,26,B,83,True,True,0.059368,b4d7c3da15835c5e3eefec001545bba7,2
C_exact,12,1728,3,26,B,86,True,True,0.06864,e4bc545d1f9a632bdb95aa85f90dffcd,0
C_exact,12,1728,3,26,B,88,True,True,0.061863,ea03db7d817534bb03ff5dcaa077c94c,8
C_exact,12,1728,3,26,B,84,True,True,0.059643,2926a7358356d3fe80569a5dce3c4e02,6
C_exact,12,1728,3,26,B,87,True,True,0.055196,100a76510ded55aa74d4c708540f4bd9,12
C_exact,12,1728,3,26,B,90,True,True,0.065353,d1e47a6c2f46c52a534ddf961bfced4c,14
C_exact,12,1728,3,26,B,85,True,True,0.109169,e0bbdff1d8a35b0e23c3d2514c672bfe,10
C_exact,12,1728,3,26,B,91,True,True,0.06005,24b671fc564abdad047734f9b3c68f0c,2
C_exact,12,1728,3,26,B,89,True,True,0.048157,3d4e294f349f5466c31b284d9b4765c8,4
C_exact,12,1728,3,26,B,94,True,True,0.120092,2912ab9d3b7b6f61d1d4149fd0942b3f,6
C_exact,12,1728,3,26,B,92,True,True,0.124155,0aba0b83cf4cbbcf41fe9386a634f05a,0
C_exact,12,1728,3,26,B,96,True,True,0.12853,4474efd9fa32a3ae5d656cdc10a22ea0,14
C_exact,12,1728,3,26,B,95,True,True,0.139699,b7febcfe06791995c464c1d93657c126,12
C_exact,12,1728,3,26,B,98,True,True,0.215969,8f37a378e60c6a053aad832d82beafd5,2
C_exact,12,1728,3,26,B,99,True,True,0.209815,8c7cbf3f81f56b19edda5a6b5f987451,4
C_exact,12,1728,3,26,B,97,True,True,0.219281,74e19d0fe8d202b67ae864043fffc0c2,10
C_exact,12,1728,3,26,B,93,True,True,0.231569,1b8d67027177491debbb36957cee80df,8
C_exact,12,1728,3,26,B,100,True,True,0.107922,c952d0f30b4b61851cfc52bfc3241852,6
python_exact,12,1728,3,26,B,11,True,True,0.884261,f63a6e652511733da3dcec7c3850e999,0
python_exact,12,1728,3,26,B,17,True,True,0.802424,efed7ef121fd26844eb37a681857db38,8
python_exact,12,1728,3,26,B,16,True,True,0.779609,fb0bfebe85f3c76be17756ac42e97497,10
python_exact,12,1728,3,26,B,14,True,True,0.845164,bec0f9abfb6072ce5100f9749c7b4c8f,2
python_exact,12,1728,3,26,B,15,True,True,1.067906,3beb606a64b43385aceff442834267c1,4
python_exact,12,1728,3,26,B,13,True,True,1.276133,3cff3d8ce6ea38c3e80d4eb967ba75a7,12
python_exact,12,1728,3,26,B,12,True,True,1.309321,a7902ff1b1e26c3dd0297759a8b60c44,14
python_exact,12,1728,3,26,B,19,True,True,0.494004,d7d5d2c37f966d0e00fbe9f725a67ff0,0
python_exact,12,1728,3,26,B,20,True,True,0.61365,a7e8baaddba2746c70a0463d8f7439a8,8
python_exact,12,1728,3,26,B,18,True,True,1.447359,de00f9e862133d76175c240a702e8e0f,6
python_exact,12,1728,3,26,B,22,True,True,0.677081,6f7042df3134ee327d33b2253c3e1e3f,2
python_exact,12,1728,3,26,B,21,True,True,0.730833,1171153b9d38f905597711c86ebc4a2e,10
python_exact,12,1728,3,26,B,23,True,True,0.54117,6fe607f73d08d2c8149fbde5d8d2a69a,4
python_exact,12,1728,3,26,B,24,True,True,0.672661,ab1e7b346045491ac26c5d6296744f80,12
python_exact,12,1728,3,26,B,26,True,True,0.631922,5ebb36a1dbf5d1814a7b4fa5e511b74c,0
python_exact,12,1728,3,26,B,27,True,True,0.571675,8385b8387ab673a69efb7e614be2b2ea,8
python_exact,12,1728,3,26,B,30,True,True,0.488104,a52a103ec6494b8abb857ffdd6d668f3,10
python_exact,12,1728,3,26,B,31,True,True,0.473624,c57c1028c002d45170c3f54114d98c62,4
python_exact,12,1728,3,26,B,25,True,True,0.911878,010f9dfc88fd6784420070a2c0311517,14
python_exact,12,1728,3,26,B,29,True,True,0.69006,6818f1da60e3b7da7bce5346c457c4fc,2
python_exact,12,1728,3,26,B,33,True,True,0.424187,97b7bf94a1b5224294b4d02111d8e40f,0
python_exact,12,1728,3,26,B,32,True,True,0.585775,ea6accb966fbc34e3d33a26b0a9b5fc2,12
python_exact,12,1728,3,26,B,28,True,True,1.000261,fc1c4cfb853136797fa453ac9642bcca,6
python_exact,12,1728,3,26,B,35,True,True,0.520643,a1dacb1e56df36227eb2ad9e21a29042,10
python_exact,12,1728,3,26,B,34,True,True,0.581436,b6521e39a6b3f344c770bd17196055dc,8
python_exact,12,1728,3,26,B,36,True,True,0.529592,5486ba4ef81cad792fc3214b20db6aeb,4
python_exact,12,1728,3,26,B,39,True,True,0.55297,8691b3b467650af2f99290817d4ab35b,0
python_exact,12,1728,3,26,B,41,True,True,0.486369,2a660b45c8fff5f5dc29f08be62662a9,6
python_exact,12,1728,3,26,B,40,True,True,0.553001,bf3c8becaa6a445b282484d14ffa6993,12
python_exact,12,1728,3,26,B,37,True,True,0.907142,34bbe8b29404e33148d9e25b93d77e13,14
python_exact,12,1728,3,26,B,44,True,True,0.441927,7316a30b02c97808b248de3438e45bae,4
python_exact,12,1728,3,26,B,38,True,True,0.897472,1fe9d074a04f4f07b9b8117d2ad11db8,2
python_exact,12,1728,3,26,B,42,True,True,0.6366,6126c219fb5f9ed99b0bc8755914f38d,10
python_exact,12,1728,3,26,B,43,True,True,0.777284,7bdb96401db8506668eee010a422f446,8
python_exact,12,1728,3,26,B,45,True,True,0.651731,8ac94661704ef4fd87eb4c2f7f713ac0,0
python_exact,12,1728,3,26,B,47,True,True,0.740692,a2e842c75582feec27facfed256f4a8c,12
python_exact,12,1728,3,26,B,49,True,True,0.675919,32436ae4a8b07ec7087d517ae7e44fd4,4
python_exact,12,1728,3,26,B,51,True,True,0.59099,5b830b87430fc0a402be9261e2af6a1e,10
python_exact,12,1728,3,26,B,52,True,True,0.459432,849bed7d583349a54e1cb9f2defcdb7f,8
python_exact,12,1728,3,26,B,48,True,True,0.860375,b62551b2e95ae8283c47d4b5a118a10c,14
python_exact,12,1728,3,26,B,50,True,True,1.026025,a6f9a9cf01e2afcf949d1837f717e4f8,2
python_exact,12,1728,3,26,B,54,True,True,0.499034,3ca332cbec144a8ceea6c46c0de579c9,12
python_exact,12,1728,3,26,B,55,True,True,0.577408,b7fe9801ee0af346316a51ffa045836d,4
python_exact,12,1728,3,26,B,58,True,True,0.611538,5eff5efc4e59d79f86dc6fae238fa36f,14
python_exact,12,1728,3,26,B,46,True,True,1.529472,9ad1859611b6baaa0448dbed74dc907f,6
python_exact,12,1728,3,26,B,57,True,True,1.023646,a1ee37b224f4273d7ed04b14c8e28e42,8
python_exact,12,1728,3,26,B,59,True,True,0.759469,800c34a7cf28cb862afa3921bb4ff9e6,2
python_exact,12,1728,3,26,B,53,True,True,1.476851,a6cf5ec39bba1504c26cacacf7b3bc7a,0
python_exact,12,1728,3,26,B,63,True,True,0.567504,69d4eb75fb2074a8a8ed55fe51a44f53,6
python_exact,12,1728,3,26,B,62,True,True,0.741446,fe9a7d31c687e61a50bf5b013f9edd05,14
python_exact,12,1728,3,26,B,56,True,True,1.471155,c31a4f04670c2280f17fd3d0103b6d2c,10
python_exact,12,1728,3,26,B,60,True,True,1.132,f39eb5c9359c4d3d07f4bdcb3f933d03,12
python_exact,12,1728,3,26,B,66,True,True,0.57487,8a6c40b898b0ebc4ca7bf1703f175804,0
python_exact,12,1728,3,26,B,65,True,True,0.737427,108b851128be4347cc860b6666d44f90,2
python_exact,12,1728,3,26,B,64,True,True,0.822381,e61e31bc8daacfbb1bfdcf9285c6d3e0,8
python_exact,12,1728,3,26,B,67,True,True,0.640922,716c3b188dc34cc61a6b4d5dfa1a08d1,6
python_exact,12,1728,3,26,B,68,True,True,0.471566,78191202a143688af7b61da2e5c13a64,14
python_exact,12,1728,3,26,B,69,True,True,0.495492,00faf89ff4332d815d700fc38b9a4861,10
python_exact,12,1728,3,26,B,61,True,True,1.738053,af33ad6b03c317f387fd1afdad16e2cf,4
python_exact,12,1728,3,26,B,70,True,True,0.745204,4df844a9c38c80377da5e0eca9123304,12
python_exact,12,1728,3,26,B,71,True,True,0.563549,2550a7b1f286eb050fe55228212e69b8,0
python_exact,12,1728,3,26,B,75,True,True,0.425981,d2a7ebe9b9e1f4314a76742b2c5097c3,14
python_exact,12,1728,3,26,B,73,True,True,0.51388,365fdfba97691a28cb2872875a7f8cf5,8
python_exact,12,1728,3,26,B,74,True,True,0.569282,68162cf1dcaf54c5a1146679cbac6a92,6
python_exact,12,1728,3,26,B,76,True,True,0.561626,92fbd6420218305e515884e5c14e054a,10
python_exact,12,1728,3,26,B,80,True,True,0.413769,a84b92fae914b6374130c3c4328ecc16,14
python_exact,12,1728,3,26,B,79,True,True,0.485984,062cf459a64d150ac810eacfc4d27b94,0
python_exact,12,1728,3,26,B,81,True,True,0.419644,97eee876001e2d921a97420d3c1990b6,8
python_exact,12,1728,3,26,B,78,True,True,0.794883,609be6d2dd176bf4ed8944672c3efddd,12
python_exact,12,1728,3,26,B,77,True,True,0.944446,34a749e09393681a210aa8a335bae5af,4
python_exact,12,1728,3,26,B,82,True,True,0.696953,bc12dce12d0606301cd2fbda9950f118,6
python_exact,12,1728,3,26,B,83,True,True,0.684713,dd1b7570e43ae45015277efb92bad4fd,10
python_exact,12,1728,3,26,B,84,True,True,0.612278,4d1a6581ef1d7754104bf9c239c0cc57,14
python_exact,12,1728,3,26,B,85,True,True,0.607809,092d27daff54af1c65477ac59b106e2d,0
python_exact,12,1728,3,26,B,72,True,True,1.59828,f5f8abe17f51e046fa0984ece77ba176,2
python_exact,12,1728,3,26,B,88,True,True,0.533076,7a62decbea0be1c1af06b40bf47a1b8d,6
python_exact,12,1728,3,26,B,89,True,True,0.658473,fc4947b40ca6bfa9352091e4ab666ae6,4
python_exact,12,1728,3,26,B,91,True,True,0.493173,d520eba9b9bc859a370fd7ab54073f93,14
python_exact,12,1728,3,26,B,90,True,True,0.782773,095c8a3ae53bc833ba912eac0786a5dd,10
python_exact,12,1728,3,26,B,87,True,True,0.924514,7ec554685b66e3ab09938a070fe6b309,12
python_exact,12,1728,3,26,B,86,True,True,1.358927,dd9ac12f574b1a38b6092a8171adcdaf,8
python_exact,12,1728,3,26,B,94,True,True,0.46717,c213b2ae87c061b6c941d5e3651fbca3,6
python_exact,12,1728,3,26,B,96,True,True,0.425274,c03aa18ee5525430524f63cf8b568b07,14
python_exact,12,1728,3,26,B,95,True,True,0.508687,ed8aa8c66494dd68bffd6e63f139b0da,4
python_exact,12,1728,3,26,B,98,True,True,0.541555,fd35346c4a8c91d22261828d2f1be46d,12
python_exact,12,1728,3,26,B,100,True,True,0.443872,bc543b3c916713b45c130afe2120fbb8,6
python_exact,12,1728,3,26,B,93,True,True,1.264591,d8852bbe5714cf112a31984a42a508c6,2
python_exact,12,1728,3,26,B,97,True,True,0.944311,bfb2860d4de3a2301c0a7257562b8f84,10
python_exact,12,1728,3,26,B,92,True,True,1.711264,a36ade9fb81e91226ed745d86c9a3af0,0
python_exact,12,1728,3,26,B,99,True,True,1.37555,86239448bb6103b73423c1bba3ccd9db,8
C_pruning,6,216,1,6,B,11,False,False,120.027573,,0
C_pruning,6,216,3,26,B,11,False,False,120.0441,,2
C_pruning,6,216,3,26,T,11,False,False,120.049164,,4
python_pruning,6,216,1,6,B,11,False,False,120.004949,,6
python_pruning,6,216,3,26,B,11,False,False,120.024532,,8
C_pruning,6,216,1,6,B,12,False,False,120.022389,,10
C_pruning,6,216,3,26,B,12,False,False,120.026772,,12
C_pruning,6,216,3,26,T,12,False,False,120.020056,,14
C_pruning,6,216,1,6,B,14,True,True,89.004776,af2d11427846f9e306efdbe7e001a8b0,14
python_pruning,6,216,1,6,B,12,False,False,120.002846,,0
python_pruning,6,216,3,26,B,12,False,False,120.017496,,2
C_pruning,6,216,1,6,B,13,False,False,120.017972,,4
C_pruning,6,216,3,26,B,13,False,False,120.028115,,6
C_pruning,6,216,3,26,T,13,False,False,120.013475,,8
python_pruning,6,216,1,6,B,13,False,False,120.044012,,10
python_pruning,6,216,3,26,B,13,False,False,120.021174,,12
C_pruning,6,216,3,26,B,14,False,False,120.030844,,14
C_pruning,6,216,3,26,T,14,False,False,120.022332,,0
python_pruning,6,216,1,6,B,14,False,False,120.002923,,2
python_pruning,6,216,3,26,B,14,False,False,120.020417,,4
C_pruning,6,216,1,6,B,15,False,False,120.036905,,6
C_pruning,6,216,3,26,B,15,False,False,120.054697,,8
python_pruning,6,216,1,6,B,15,False,False,120.014793,,12
C_pruning,6,216,3,26,T,15,False,False,120.043889,,10
python_pruning,6,216,3,26,B,15,False,False,120.011857,,14
C_pruning,6,216,1,6,B,16,False,False,120.051679,,0
C_pruning,6,216,3,26,B,16,False,False,120.041056,,2
python_pruning,6,216,1,6,B,16,False,False,120.019339,,6
C_pruning,6,216,3,26,T,16,False,False,120.059914,,4
python_pruning,6,216,3,26,B,16,False,False,120.027029,,8
C_pruning,6,216,1,6,B,17,False,False,120.023346,,12
C_pruning,6,216,3,26,B,17,False,False,120.039177,,10
C_pruning,6,216,1,6,B,18,True,True,36.522348,e9767cc8187d1099482e3bc1020545cb,6
C_pruning,6,216,3,26,T,17,False,False,120.021471,,14
python_pruning,6,216,1,6,B,17,False,False,120.002694,,0
python_pruning,6,216,3,26,B,17,False,False,120.016844,,2
C_pruning,6,216,3,26,B,18,False,False,120.034136,,4
python_pruning,6,216,1,6,B,18,False,False,120.006617,,12
C_pruning,6,216,3,26,T,18,False,False,120.023365,,8
python_pruning,6,216,3,26,B,18,False,False,120.015905,,10
C_pruning,6,216,1,6,B,19,False,False,120.038,,6
C_pruning,6,216,3,26,B,19,False,False,120.037885,,14
C_pruning,6,216,3,26,T,19,False,False,120.036054,,0
python_pruning,6,216,1,6,B,19,False,False,120.011389,,2
python_pruning,6,216,3,26,B,19,False,False,120.015479,,4
C_pruning,6,216,1,6,B,20,False,False,120.050036,,12
C_pruning,6,216,3,26,B,20,False,False,120.06032,,8
C_pruning,6,216,3,26,T,20,False,False,120.022637,,10
python_pruning,6,216,1,6,B,20,False,False,120.002445,,6
python_pruning,6,216,3,26,B,20,False,False,120.013647,,14
C_pruning,6,216,1,6,B,21,True,True,101.702073,f403d646c8716ecb172a3dfcc8ddd5d6,0
C_pruning,6,216,3,26,B,21,False,False,120.022439,,2
C_pruning,6,216,3,26,T,21,False,False,120.028096,,4
python_pruning,6,216,1,6,B,21,False,False,120.008412,,12
python_pruning,6,216,3,26,B,21,False,False,120.026204,,8
C_pruning,6,216,1,6,B,22,False,False,120.033086,,10
C_pruning,6,216,3,26,B,22,False,False,120.029044,,6
C_pruning,6,216,3,26,T,22,False,False,120.026859,,14
python_pruning,6,216,1,6,B,22,False,False,120.002654,,0
python_pruning,6,216,3,26,B,22,False,False,120.028659,,2
C_pruning,6,216,1,6,B,23,False,False,120.033373,,4
C_pruning,6,216,3,26,B,23,False,False,120.023782,,12
python_pruning,6,216,1,6,B,23,False,False,120.000973,,10
C_pruning,6,216,3,26,T,23,False,False,120.030855,,8
C_pruning,6,216,1,6,B,25,True,True,26.746841,c8e957eedb7066a4e361b2c0ff6f27cf,10
python_pruning,6,216,3,26,B,23,False,False,120.015742,,6
C_pruning,6,216,1,6,B,24,False,False,120.027887,,14
C_pruning,6,216,3,26,B,24,False,False,120.022657,,0
C_pruning,6,216,3,26,T,24,False,False,120.04219,,2
python_pruning,6,216,1,6,B,24,False,False,120.002132,,4
python_pruning,6,216,3,26,B,24,False,False,120.010181,,12
C_pruning,6,216,3,26,B,25,False,False,120.042622,,8
C_pruning,6,216,3,26,T,25,False,False,120.029988,,10
python_pruning,6,216,1,6,B,25,False,False,120.002508,,6
python_pruning,6,216,3,26,B,25,False,False,120.008901,,14
C_pruning,6,216,1,6,B,26,False,False,120.02841,,0
C_pruning,6,216,3,26,B,26,False,False,120.018923,,2
C_pruning,6,216,3,26,T,26,False,False,120.022234,,4
python_pruning,6,216,1,6,B,26,False,False,120.042176,,12
python_pruning,6,216,3,26,B,26,False,False,120.015066,,8
C_pruning,6,216,1,6,B,27,False,False,120.039455,,10
C_pruning,6,216,3,26,B,27,False,False,120.064428,,6
C_pruning,6,216,3,26,T,27,False,False,120.029096,,14
python_pruning,6,216,1,6,B,27,False,False,120.004252,,0
python_pruning,6,216,3,26,B,27,False,False,120.016872,,2
C_pruning,6,216,1,6,B,28,False,False,120.03073,,4
C_pruning,6,216,3,26,B,28,False,False,120.037294,,12
C_pruning,6,216,3,26,T,28,False,False,120.018389,,8
python_pruning,6,216,1,6,B,28,False,False,120.004231,,10
python_pruning,6,216,3,26,B,28,False,False,120.012338,,6
C_pruning,6,216,1,6,B,29,False,False,120.032744,,14
C_pruning,6,216,3,26,B,29,False,False,120.039943,,0
C_pruning,6,216,3,26,T,29,False,False,120.038749,,2
python_pruning,6,216,1,6,B,29,False,False,120.002674,,4
python_pruning,6,216,3,26,B,29,False,False,120.009792,,12
C_pruning,6,216,1,6,B,30,False,False,120.037264,,8
C_pruning,6,216,3,26,B,30,False,False,120.023892,,10
C_pruning,6,216,3,26,T,30,False,False,120.018517,,6
python_pruning,6,216,1,6,B,30,False,False,120.003954,,14
python_pruning,6,216,3,26,B,30,False,False,120.046714,,0
C_pruning,6,216,1,6,B,31,False,False,120.042153,,2
C_pruning,6,216,3,26,B,31,False,False,120.04749,,4
C_pruning,6,216,3,26,T,31,False,False,120.036143,,12
python_pruning,6,216,1,6,B,31,False,False,120.004191,,8
python_pruning,6,216,3,26,B,31,False,False,120.012891,,10
C_pruning,6,216,1,6,B,32,False,False,120.041349,,6
C_pruning,6,216,3,26,B,32,False,False,120.032226,,14
C_pruning,6,216,3,26,T,32,False,False,120.012294,,0
python_pruning,6,216,1,6,B,32,False,False,120.007173,,2
python_pruning,6,216,3,26,B,32,False,False,120.017074,,4
C_pruning,6,216,1,6,B,33,False,False,120.031648,,12
C_pruning,6,216,3,26,B,33,False,False,120.63443,,8
C_pruning,6,216,3,26,T,33,False,False,120.024061,,10
python_pruning,6,216,1,6,B,33,False,False,120.002735,,6
python_pruning,6,216,3,26,B,33,False,False,120.013388,,14
C_pruning,6,216,1,6,B,34,False,False,120.034418,,0
C_pruning,6,216,3,26,B,34,False,False,120.049801,,2
C_pruning,6,216,3,26,T,34,False,False,120.030585,,4
python_pruning,6,216,1,6,B,34,False,False,120.006515,,12
python_pruning,6,216,3,26,B,34,False,False,120.010312,,8
C_pruning,6,216,1,6,B,35,False,False,120.04441,,10
C_pruning,6,216,3,26,B,35,False,False,120.039244,,6
C_pruning,6,216,3,26,T,35,False,False,120.025031,,14
python_pruning,6,216,1,6,B,35,False,False,120.004178,,0
python_pruning,6,216,3,26,B,35,False,False,120.017025,,2
C_pruning,6,216,1,6,B,36,False,False,120.038128,,4
C_pruning,6,216,3,26,B,36,False,False,120.046355,,12
C_pruning,6,216,3,26,T,36,False,False,120.027567,,8
python_pruning,6,216,1,6,B,36,False,False,120.004697,,10
python_pruning,6,216,3,26,B,36,False,False,120.013286,,6
C_pruning,6,216,1,6,B,37,False,False,120.044617,,14
C_pruning,6,216,3,26,B,37,False,False,120.018101,,0
C_pruning,6,216,3,26,T,37,False,False,120.025638,,2
python_pruning,6,216,1,6,B,37,False,False,120.00374,,4
python_pruning,6,216,3,26,B,37,False,False,120.012068,,12
C_pruning,6,216,1,6,B,38,False,False,120.021273,,8
C_pruning,6,216,3,26,B,38,False,False,120.020039,,10
C_pruning,6,216,3,26,T,38,False,False,120.039812,,6
C_pruning,6,216,1,6,B,40,True,True,18.782122,04f5252b771c77ae4824878cb3349462,6
python_pruning,6,216,1,6,B,38,False,False,120.001707,,14
python_pruning,6,216,3,26,B,38,False,False,120.009581,,0
C_pruning,6,216,1,6,B,39,False,False,120.037473,,2
C_pruning,6,216,3,26,B,39,False,False,120.021943,,4
C_pruning,6,216,3,26,T,39,False,False,120.044421,,12
python_pruning,6,216,1,6,B,39,False,False,120.004804,,8
python_pruning,6,216,3,26,B,39,False,False,120.0183,,10
C_pruning,6,216,3,26,B,40,False,False,120.029916,,6
C_pruning,6,216,3,26,T,40,False,False,120.035552,,14
python_pruning,6,216,1,6,B,40,False,False,120.00281,,0
python_pruning,6,216,3,26,B,40,False,False,120.01291,,2
C_pruning,6,216,1,6,B,41,False,False,120.038732,,4
C_pruning,6,216,3,26,B,41,False,False,120.022268,,12
C_pruning,6,216,3,26,T,41,False,False,120.018657,,8
python_pruning,6,216,1,6,B,41,False,False,120.003825,,10
python_pruning,6,216,3,26,B,41,False,False,120.009914,,6
C_pruning,6,216,1,6,B,42,False,False,120.032485,,14
C_pruning,6,216,3,26,B,42,False,False,120.022371,,0
C_pruning,6,216,3,26,T,42,False,False,120.033551,,2
python_pruning,6,216,1,6,B,42,False,False,120.011037,,4
python_pruning,6,216,3,26,B,42,False,False,120.017101,,12
C_pruning,6,216,1,6,B,43,False,False,120.039309,,8
C_pruning,6,216,3,26,B,43,False,False,120.028667,,10
C_pruning,6,216,1,6,B,44,True,True,53.649566,de5c156b94990a73d61c910f1a287463,2
C_pruning,6,216,3,26,T,43,False,False,120.030153,,6
C_pruning,6,216,1,6,B,45,True,True,25.749168,84f7091a03983e24ce017785c70ddb36,2
python_pruning,6,216,1,6,B,43,False,False,120.003991,,14
python_pruning,6,216,3,26,B,43,False,False,120.015805,,0
C_pruning,6,216,3,26,B,44,False,False,120.031388,,4
C_pruning,6,216,3,26,T,44,False,False,120.031875,,12
python_pruning,6,216,1,6,B,44,False,False,120.000788,,8
python_pruning,6,216,3,26,B,44,False,False,120.017243,,10
C_pruning,6,216,3,26,T,45,True,True,90.16598,286bc491ed1950bee89286a828a64bcc,2
C_pruning,6,216,3,26,B,45,False,False,120.028532,,6
python_pruning,6,216,1,6,B,45,False,False,120.006948,,14
python_pruning,6,216,3,26,B,45,False,False,120.014465,,0
C_pruning,6,216,1,6,B,46,False,False,120.035323,,4
C_pruning,6,216,3,26,B,46,False,False,120.039509,,12
C_pruning,6,216,3,26,T,46,False,False,120.047385,,8
python_pruning,6,216,1,6,B,46,False,False,120.004507,,10
python_pruning,6,216,3,26,B,46,False,False,120.025621,,2
C_pruning,6,216,1,6,B,47,False,False,120.034097,,6
C_pruning,6,216,3,26,T,47,True,True,102.850777,9b72f4e7eb560aec1fd2fb2844e4cb22,0
C_pruning,6,216,3,26,B,47,False,False,120.043478,,14
python_pruning,6,216,1,6,B,47,False,False,120.002278,,4
python_pruning,6,216,3,26,B,47,False,False,120.016348,,12
C_pruning,6,216,1,6,B,48,False,False,120.025101,,8
C_pruning,6,216,3,26,B,48,False,False,120.016252,,10
C_pruning,6,216,3,26,T,48,False,False,120.036751,,2
python_pruning,6,216,1,6,B,48,False,False,120.002051,,6
C_pruning,6,216,1,6,B,50,True,True,17.751589,ef4fecb15d8de2a08928e9b42f1e6a2c,2
python_pruning,6,216,3,26,B,48,False,False,120.013773,,0
C_pruning,6,216,1,6,B,49,False,False,120.046387,,14
C_pruning,6,216,3,26,B,49,False,False,120.030344,,4
C_pruning,6,216,3,26,T,49,False,False,120.030335,,12
python_pruning,6,216,1,6,B,49,False,False,120.00465,,8
python_pruning,6,216,3,26,B,49,False,False,120.017063,,10
C_pruning,6,216,3,26,B,50,False,False,120.033268,,6
C_pruning,6,216,3,26,T,50,False,False,120.039724,,2
python_pruning,6,216,1,6,B,50,False,False,120.006161,,0
python_pruning,6,216,3,26,B,50,False,False,120.011706,,14
C_pruning,6,216,1,6,B,51,False,False,120.024889,,4
C_pruning,6,216,3,26,B,51,False,False,120.041174,,12
C_pruning,6,216,3,26,T,51,False,False,120.026942,,8
python_pruning,6,216,1,6,B,51,False,False,120.012454,,10
python_pruning,6,216,3,26,B,51,False,False,120.01035,,6
C_pruning,6,216,1,6,B,52,False,False,120.029675,,2
C_pruning,6,216,3,26,B,52,False,False,120.022913,,0
C_pruning,6,216,3,26,T,52,False,False,120.037559,,14
C_pruning,6,216,1,6,B,54,True,True,10.065833,289cb623324380c346338e306f4d6092,14
python_pruning,6,216,1,6,B,52,False,False,120.003659,,4
python_pruning,6,216,3,26,B,52,False,False,120.01738,,12
C_pruning,6,216,1,6,B,53,False,False,120.051044,,8
C_pruning,6,216,3,26,B,53,False,False,120.04324,,10
C_pruning,6,216,3,26,T,53,False,False,120.073568,,6
python_pruning,6,216,1,6,B,53,False,False,120.004003,,2
python_pruning,6,216,3,26,B,53,False,False,120.017154,,0
C_pruning,6,216,3,26,B,54,False,False,120.018356,,14
C_pruning,6,216,3,26,T,54,False,False,120.03856,,4
python_pruning,6,216,1,6,B,54,False,False,120.003958,,12
python_pruning,6,216,3,26,B,54,False,False,120.020983,,8
C_pruning,6,216,1,6,B,55,False,False,120.024871,,10
C_pruning,6,216,3,26,B,55,False,False,120.023232,,6
C_pruning,6,216,3,26,T,55,False,False,120.027699,,2
python_pruning,6,216,1,6,B,55,False,False,120.007164,,0
python_pruning,6,216,3,26,B,55,False,False,120.013504,,14
C_pruning,6,216,1,6,B,56,False,False,120.038775,,4
C_pruning,6,216,3,26,B,56,False,False,120.023211,,12
C_pruning,6,216,3,26,T,56,False,False,120.042373,,8
python_pruning,6,216,1,6,B,56,False,False,120.004858,,10
python_pruning,6,216,3,26,B,56,False,False,120.015636,,6
C_pruning,6,216,1,6,B,57,False,False,120.018408,,2
C_pruning,6,216,3,26,B,57,False,False,120.040655,,0
C_pruning,6,216,3,26,T,57,False,False,120.03504,,14
python_pruning,6,216,1,6,B,57,False,False,120.003296,,4
python_pruning,6,216,3,26,B,57,False,False,120.01846,,12
C_pruning,6,216,1,6,B,58,False,False,120.025771,,8
C_pruning,6,216,3,26,B,58,False,False,120.030872,,10
C_pruning,6,216,3,26,T,58,False,False,120.057694,,6
C_pruning,6,216,1,6,B,59,True,True,82.357231,b31a993469d27b3778f269726d604f8e,14
python_pruning,6,216,1,6,B,58,False,False,120.002507,,2
python_pruning,6,216,3,26,B,58,False,False,120.032215,,0
C_pruning,6,216,3,26,B,59,False,False,120.036025,,4
C_pruning,6,216,3,26,T,59,False,False,120.035669,,12
python_pruning,6,216,1,6,B,59,False,False,120.005954,,8
python_pruning,6,216,3,26,B,59,False,False,120.0175,,10
C_pruning,6,216,1,6,B,60,False,False,120.037393,,6
C_pruning,6,216,3,26,B,60,False,False,120.054381,,14
C_pruning,6,216,3,26,T,60,False,False,120.036507,,2
python_pruning,6,216,1,6,B,60,False,False,120.00947,,0
C_pruning,6,216,1,6,B,62,True,True,25.52978,f5e823071ca405deb33116fa2313dac3,2
C_pruning,6,216,3,26,T,61,True,True,78.521245,4b17fa47dd2714f2d6eeea4e92335bc8,10
python_pruning,6,216,3,26,B,60,False,False,120.01541,,4
C_pruning,6,216,1,6,B,61,False,False,120.027632,,12
C_pruning,6,216,3,26,B,61,False,False,120.019426,,8
python_pruning,6,216,1,6,B,61,False,False,120.002849,,6
python_pruning,6,216,3,26,B,61,False,False,120.040526,,14
C_pruning,6,216,3,26,B,62,False,False,120.019308,,0
C_pruning,6,216,3,26,T,62,False,False,120.042907,,2
python_pruning,6,216,1,6,B,62,False,False,120.004931,,10
python_pruning,6,216,3,26,B,62,False,False,120.028256,,4
C_pruning,6,216,1,6,B,63,False,False,120.04086,,12
C_pruning,6,216,3,26,B,63,False,False,120.033852,,8
C_pruning,6,216,3,26,T,63,False,False,120.372667,,6
python_pruning,6,216,1,6,B,63,False,False,120.007052,,14
python_pruning,6,216,3,26,B,63,False,False,120.016377,,0
C_pruning,6,216,1,6,B,64,False,False,120.039839,,2
C_pruning,6,216,3,26,B,64,False,False,120.0238,,10
C_pruning,6,216,3,26,T,64,False,False,120.038341,,4
python_pruning,6,216,1,6,B,64,False,False,120.004259,,12
python_pruning,6,216,3,26,B,64,False,False,120.023228,,8
C_pruning,6,216,1,6,B,65,False,False,120.038024,,6
C_pruning,6,216,3,26,B,65,False,False,120.031933,,14
C_pruning,6,216,3,26,T,65,False,False,120.045866,,0
python_pruning,6,216,1,6,B,65,False,False,120.003351,,2
python_pruning,6,216,3,26,B,65,False,False,120.02369,,10
C_pruning,6,216,1,6,B,66,False,False,120.029954,,4
C_pruning,6,216,3,26,B,66,False,False,120.05539,,12
C_pruning,6,216,3,26,T,66,False,False,120.023456,,8
python_pruning,6,216,1,6,B,66,False,False,120.009067,,6
python_pruning,6,216,3,26,B,66,False,False,120.019327,,14
C_pruning,6,216,1,6,B,67,False,False,120.031307,,0
C_pruning,6,216,3,26,B,67,False,False,120.045808,,2
C_pruning,6,216,3,26,T,67,False,False,120.028172,,10
python_pruning,6,216,1,6,B,67,False,False,120.003395,,4
python_pruning,6,216,3,26,B,67,False,False,120.02138,,12
C_pruning,6,216,1,6,B,68,False,False,120.016292,,8
C_pruning,6,216,1,6,B,69,True,True,61.73337,8005d87c730954ff7b10ba12de18ae21,10
C_pruning,6,216,3,26,B,68,False,False,120.042864,,6
C_pruning,6,216,3,26,T,68,False,False,120.038608,,14
python_pruning,6,216,1,6,B,68,False,False,120.0026,,0
python_pruning,6,216,3,26,B,68,False,False,120.01382,,2
C_pruning,6,216,3,26,B,69,False,False,120.025069,,4
C_pruning,6,216,3,26,T,69,False,False,120.037961,,12
python_pruning,6,216,1,6,B,69,False,False,120.008075,,8
python_pruning,6,216,3,26,B,69,False,False,120.015664,,10
C_pruning,6,216,1,6,B,70,False,False,120.032182,,6
C_pruning,6,216,3,26,B,70,False,False,120.034203,,14
C_pruning,6,216,3,26,T,70,False,False,120.035225,,0
python_pruning,6,216,1,6,B,70,False,False,120.006011,,2
python_pruning,6,216,3,26,B,70,False,False,120.047766,,4
C_pruning,6,216,1,6,B,71,False,False,120.026966,,12
C_pruning,6,216,3,26,B,71,False,False,120.020933,,8
C_pruning,6,216,3,26,T,71,False,False,120.026827,,10
python_pruning,6,216,1,6,B,71,False,False,120.006632,,6
python_pruning,6,216,3,26,B,71,False,False,120.009832,,14
C_pruning,6,216,1,6,B,72,False,False,120.032335,,0
C_pruning,6,216,3,26,B,72,False,False,120.029023,,2
C_pruning,6,216,3,26,T,72,False,False,120.024968,,4
python_pruning,6,216,1,6,B,72,False,False,120.000346,,12
python_pruning,6,216,3,26,B,72,False,False,120.011591,,8
C_pruning,6,216,1,6,B,73,False,False,120.048734,,10
C_pruning,6,216,3,26,B,73,False,False,120.023932,,6
C_pruning,6,216,3,26,T,73,False,False,120.02939,,14
python_pruning,6,216,1,6,B,73,False,False,120.001326,,0
python_pruning,6,216,3,26,B,73,False,False,120.016751,,2
C_pruning,6,216,1,6,B,74,False,False,120.032557,,4
C_pruning,6,216,3,26,B,74,False,False,120.023091,,12
C_pruning,6,216,3,26,T,74,False,False,120.03469,,8
C_pruning,6,216,1,6,B,75,True,True,91.664979,c055b36ce828002b5160042329bf864b,14
python_pruning,6,216,1,6,B,74,False,False,120.003342,,10
python_pruning,6,216,3,26,B,74,False,False,120.016675,,6
C_pruning,6,216,3,26,B,75,False,False,120.033657,,0
C_pruning,6,216,3,26,T,75,False,False,120.025354,,2
python_pruning,6,216,1,6,B,75,False,False,120.003845,,4
python_pruning,6,216,3,26,B,75,False,False,120.01443,,12
C_pruning,6,216,1,6,B,76,False,False,120.020606,,8
C_pruning,6,216,1,6,B,77,True,True,39.179111,e1e0ad92fce39b8415108d8a2e0b4171,2
C_pruning,6,216,3,26,B,76,False,False,120.051165,,14
C_pruning,6,216,3,26,T,76,False,False,120.035258,,10
python_pruning,6,216,1,6,B,76,False,False,120.01501,,6
python_pruning,6,216,3,26,B,76,False,False,120.011191,,0
C_pruning,6,216,3,26,B,77,False,False,120.013467,,4
C_pruning,6,216,3,26,T,77,False,False,120.019882,,12
python_pruning,6,216,1,6,B,77,False,False,120.002767,,8
python_pruning,6,216,3,26,B,77,False,False,120.010148,,2
C_pruning,6,216,1,6,B,78,False,False,120.02656,,14
C_pruning,6,216,3,26,B,78,False,False,120.03594,,10
C_pruning,6,216,3,26,T,78,False,False,120.025866,,6
python_pruning,6,216,1,6,B,78,False,False,120.00359,,0
C_pruning,6,216,3,26,T,79,True,True,93.423075,7338d8cbf559648d571f1c0c668e30cd,2
python_pruning,6,216,3,26,B,78,False,False,120.013632,,4
C_pruning,6,216,1,6,B,79,False,False,120.041094,,12
C_pruning,6,216,3,26,B,79,False,False,120.02738,,8
python_pruning,6,216,1,6,B,79,False,False,120.008583,,14
python_pruning,6,216,3,26,B,79,False,False,120.015535,,10
C_pruning,6,216,1,6,B,80,False,False,120.032967,,6
C_pruning,6,216,3,26,B,80,False,False,120.030761,,0
C_pruning,6,216,3,26,T,80,False,False,120.01322,,2
python_pruning,6,216,1,6,B,80,False,False,120.005659,,4
python_pruning,6,216,3,26,B,80,False,False,120.013516,,12
C_pruning,6,216,1,6,B,81,False,False,120.023709,,8
C_pruning,6,216,3,26,B,81,False,False,120.028934,,14
C_pruning,6,216,3,26,T,81,False,False,120.029621,,10
python_pruning,6,216,1,6,B,81,False,False,120.002142,,6
python_pruning,6,216,3,26,B,81,False,False,120.010669,,0
C_pruning,6,216,1,6,B,82,False,False,120.03846,,2
C_pruning,6,216,3,26,B,82,False,False,120.02734,,4
C_pruning,6,216,3,26,T,82,False,False,120.046255,,12
python_pruning,6,216,1,6,B,82,False,False,120.006201,,8
python_pruning,6,216,3,26,B,82,False,False,120.017917,,14
C_pruning,6,216,1,6,B,83,False,False,120.036038,,10
C_pruning,6,216,3,26,B,83,False,False,120.029998,,6
C_pruning,6,216,3,26,T,83,False,False,120.037367,,0
python_pruning,6,216,1,6,B,83,False,False,120.008222,,2
python_pruning,6,216,3,26,B,83,False,False,120.012163,,4
C_pruning,6,216,1,6,B,84,False,False,120.033495,,12
C_pruning,6,216,3,26,B,84,False,False,120.034758,,8
C_pruning,6,216,3,26,T,84,False,False,120.041387,,14
python_pruning,6,216,1,6,B,84,False,False,120.004235,,10
python_pruning,6,216,3,26,B,84,False,False,120.012578,,6
C_pruning,6,216,1,6,B,86,True,True,42.010587,85ac571885a4316ec9d57e9823f9c514,14
C_pruning,6,216,1,6,B,85,False,False,120.038446,,0
C_pruning,6,216,3,26,B,85,False,False,120.034243,,2
C_pruning,6,216,3,26,T,85,False,False,120.037066,,4
python_pruning,6,216,1,6,B,85,False,False,120.000836,,12
python_pruning,6,216,3,26,B,85,False,False,120.018102,,8
C_pruning,6,216,1,6,B,87,True,True,49.724763,89862acedbe2fe81762b25ca68374e0a,2
C_pruning,6,216,3,26,B,86,False,False,120.031178,,10
C_pruning,6,216,3,26,T,86,False,False,120.038816,,6
python_pruning,6,216,1,6,B,86,False,False,120.006413,,14
python_pruning,6,216,3,26,B,86,False,False,120.014784,,0
C_pruning,6,216,3,26,B,87,False,False,120.010641,,4
C_pruning,6,216,3,26,T,87,False,False,120.054937,,12
python_pruning,6,216,1,6,B,87,False,False,120.017634,,8
python_pruning,6,216,3,26,B,87,False,False,120.016182,,2
C_pruning,6,216,1,6,B,88,False,False,120.035535,,10
C_pruning,6,216,3,26,B,88,False,False,120.02264,,6
C_pruning,6,216,3,26,T,88,False,False,120.037712,,14
python_pruning,6,216,1,6,B,88,False,False,120.004298,,0
python_pruning,6,216,3,26,B,88,False,False,120.025487,,4
C_pruning,6,216,1,6,B,89,False,False,120.036109,,12
C_pruning,6,216,3,26,B,89,False,False,120.036246,,8
C_pruning,6,216,3,26,T,89,False,False,120.037255,,2
C_pruning,6,216,1,6,B,91,True,True,3.445874,af3cfcebdf4b4741e2f474dbbfaeea4a,2
python_pruning,6,216,1,6,B,89,False,False,120.002891,,10
python_pruning,6,216,3,26,B,89,False,False,120.010164,,6
C_pruning,6,216,1,6,B,90,False,False,120.020899,,14
C_pruning,6,216,3,26,B,90,False,False,120.039995,,0
C_pruning,6,216,3,26,T,90,False,False,120.013824,,4
python_pruning,6,216,1,6,B,90,False,False,120.00946,,12
python_pruning,6,216,3,26,B,90,False,False,120.036469,,8
C_pruning,6,216,3,26,B,91,False,False,120.037869,,2
C_pruning,6,216,3,26,T,91,False,False,120.036909,,10
python_pruning,6,216,1,6,B,91,False,False,120.004788,,6
python_pruning,6,216,3,26,B,91,False,False,120.018045,,14
C_pruning,6,216,1,6,B,92,False,False,120.03715,,0
C_pruning,6,216,3,26,B,92,False,False,120.013148,,4
C_pruning,6,216,3,26,T,92,False,False,120.011179,,12
python_pruning,6,216,1,6,B,92,False,False,120.001701,,8
python_pruning,6,216,3,26,B,92,False,False,120.014888,,2
C_pruning,6,216,1,6,B,93,False,False,120.033377,,10
C_pruning,6,216,3,26,B,93,False,False,120.035384,,6
C_pruning,6,216,3,26,T,93,False,False,120.372857,,14
python_pruning,6,216,1,6,B,93,False,False,120.003686,,0
C_pruning,6,216,1,6,B,95,True,True,25.270222,53e292c479c1b4c08cc21ba5b0ce6640,14
python_pruning,6,216,3,26,B,93,False,False,120.018025,,4
C_pruning,6,216,1,6,B,94,False,False,120.061594,,12
C_pruning,6,216,3,26,B,94,False,False,120.038052,,8
C_pruning,6,216,3,26,T,94,False,False,120.036137,,2
python_pruning,6,216,1,6,B,94,False,False,120.010927,,10
python_pruning,6,216,3,26,B,94,False,False,120.025343,,6
python_pruning,6,216,1,6,B,95,True,True,56.903431,58791f17a5624976273a18040b4a79e6,4
C_pruning,6,216,3,26,B,95,False,False,120.03627,,0
C_pruning,6,216,3,26,T,95,False,False,120.024452,,14
python_pruning,6,216,3,26,B,95,False,False,120.0108,,12
C_pruning,6,216,1,6,B,96,False,False,120.033038,,8
C_pruning,6,216,3,26,B,96,False,False,120.028298,,2
C_pruning,6,216,3,26,T,96,False,False,120.026797,,10
python_pruning,6,216,1,6,B,96,False,False,120.001426,,6
python_pruning,6,216,3,26,B,96,False,False,120.012367,,4
C_pruning,6,216,1,6,B,97,False,False,120.02866,,0
C_pruning,6,216,3,26,B,97,False,False,120.019724,,14
C_pruning,6,216,3,26,T,97,False,False,120.034772,,12
python_pruning,6,216,1,6,B,97,False,False,120.002945,,8
python_pruning,6,216,3,26,B,97,False,False,120.014255,,2
C_pruning,6,216,1,6,B,98,False,False,120.042229,,10
C_pruning,6,216,3,26,B,98,False,False,120.014846,,6
C_pruning,6,216,3,26,T,98,False,False,120.033601,,4
python_pruning,6,216,1,6,B,98,False,False,120.031096,,0
python_pruning,6,216,3,26,B,98,False,False,120.023355,,14
C_pruning,6,216,1,6,B,99,False,False,120.049995,,12
C_pruning,6,216,3,26,B,99,False,False,120.038568,,8
C_pruning,6,216,3,26,T,99,False,False,120.041103,,2
python_pruning,6,216,1,6,B,99,False,False,120.003695,,10
python_pruning,6,216,3,26,B,99,False,False,120.013744,,6
C_pruning,6,216,1,6,B,100,False,False,120.024946,,4
C_pruning,6,216,3,26,B,100,False,False,120.026933,,0
C_pruning,6,216,3,26,T,100,False,False,120.022217,,14
python_pruning,6,216,1,6,B,100,False,False,120.003623,,12
python_pruning,6,216,3,26,B,100,False,False,120.015416,,8
