folder_name,pe_block1_mean,pe_block2_mean,pe_block3_mean,pe_block4_mean,pe_block5_mean,density_block1_mean,density_block2_mean,density_block3_mean,density_block4_mean,density_block5_mean,box_aniso_block1_mean,box_aniso_block2_mean,box_aniso_block3_mean,box_aniso_block4_mean,box_aniso_block5_mean,pe_t20,density_t20,press_t20,press_block5_mean,dev_xy_block5_mean,dev_yz_block5_mean,dev_zx_block5_mean,press_block5_se,dev_xy_block5_se,final_pxy_snapshot,final_pxz_snapshot,final_pyz_snapshot,thermal_sd_halfdev
10_0_26_75_43_53_9,16.101001691818237,16.101625981330873,16.100852813720703,16.10040488243103,16.09926047325134,0.8957842233777046,0.8956691010296345,0.8959093156456948,0.8959120608866215,0.896012388318777,0.07501880619341911,0.05994886449816527,0.13157587253110858,0.12892137316158017,0.17611615558075486,-2.0421681013109314,3.1256861655961306,-0.5436803106695631,-0.0013237139810371445,-0.0028749177794816206,-4.983800041372888e-05,0.0029247557798953495,0.005099144634273877,0.006495544089263057,-0.0239730112847716,-0.0374707737790107,-0.0366724560829549,0.07683513932123354
10_13_50_46_13_69_15,16.085790462493897,16.085928874015806,16.08446889400482,16.086255345344544,16.086609659194945,0.895746905207634,0.8957253703474999,0.8958652813732624,0.8956776665151119,0.8957221303880215,0.1329187488297199,0.09589856404244788,0.1380389831466161,0.1281523474908938,0.07502144595652684,0.5931924221995991,-0.033720364886910374,3.268820216413741,0.012205630135831598,0.005652140697056893,0.0023190509535561434,-0.007971191650613036,0.004438943488044274,0.008789535031077943,0.0918058965479335,0.0278501378591894,-0.0889640412009999,0.07401459190484172
10_14_31_40_49_48_24,16.104278926849364,16.10378924846649,16.104081401824953,16.10162553310394,16.103277883529664,0.8959560686349869,0.8960629387199879,0.8960052932798862,0.8963212406635285,0.8961390641331672,0.11025023480574392,0.077799450520951,0.24487526562705683,0.15939469933969794,0.14326248831297123,-1.6042388023569574,1.7574674065756442,0.8205441351554018,0.007028309214365436,0.0005025824272524914,-0.010199808373872656,0.009697225946620164,0.004184472130767708,0.007513072924690874,0.0623132980779477,0.0214594806098594,-0.0777345206051055,0.07690524700922248
10_14_38_49_33_37_35,16.09882872104645,16.098627815246584,16.09777443408966,16.098027453422546,16.098149151802062,0.8958666650950908,0.8958173361420632,0.8960917076468468,0.8959563618898392,0.8960008852183818,0.12153456015492807,0.13569006846363602,0.12329370037103661,0.17478989392476627,0.23548892261160176,-0.765406132307959,1.1920374391877446,0.30099476289204335,0.008372890189384634,0.0012479408510625944,0.001579326100581966,-0.00282726695164456,0.0038469167925612915,0.003923386141278659,-0.0513054625404071,-0.1069782047566573,-0.0588168909113101,0.07936524894331627
10_15_23_72_21_73_2,16.08511085510254,16.086448006629944,16.085971856117247,16.085114464759826,16.085425300598146,0.8957557046413421,0.8956626193225383,0.8956279170513153,0.8957977341115475,0.8958301995694637,0.12223167031717626,0.174753499389987,0.1332729816506998,0.1679250183066609,0.1230078104093984,-0.24511918662288995,0.7407144590242609,0.6364773558889874,0.0008983776214154204,-0.01120551506686752,0.005549317901059112,0.005656197165808408,0.0037589481779859205,0.006289431197089173,-0.1103500643347113,0.1352989150383309,-0.0019059077839046,0.07660399596961916
10_15_33_29_78_22_29,16.09872054576874,16.09732183456421,16.098012132644655,16.098746514320375,16.098387556076048,0.8958790658414364,0.8959350445866585,0.8959990175068379,0.8959179513156414,0.895997299104929,0.10594062759631984,0.17767493067686765,0.1054785375630188,0.15006219431270001,0.2087759930545647,-0.021607518512031614,0.8505686859458991,-0.2216468704894662,0.0018423778472788398,0.014722419432073365,-0.006774115358566633,-0.007948304073506733,0.005059576740571191,0.0068553261961442425,0.1191999974856989,0.0449407792058626,-0.0237523297746812,0.07770794231663875
10_16_39_60_18_32_41,16.091559104919433,16.092218222618104,16.092318654060364,16.091276302337647,16.091237010955812,0.8959734325110912,0.8960084103047847,0.8959683579206467,0.8960365384817124,0.8960506784915924,0.2524169876757017,0.23344429774219422,0.3586030213994535,0.3424059930595588,0.24963813434464244,-0.3326546130881977,0.514961197347431,1.5742177021010983,0.0057525007879849,-0.001393184577627835,-0.0017639528354357027,0.0031571374130635378,0.004686156555375614,0.006663886641620312,0.1144673772610935,-0.0989076685547658,-0.1190572351048141,0.07346055317138064
10_16_39_63_27_21_40,16.083045778274535,16.084538764953614,16.082325196266176,16.08411157131195,16.084620003700255,0.8960205236077309,0.8958155599236488,0.8960777567327023,0.895824357420206,0.8957376210391521,0.18109173746081944,0.1279328206823503,0.14693274142656942,0.2555128774745151,0.37709885086334244,0.8229441719189948,-1.3546968507855413,-2.0384017444408684,0.000778734511904986,-0.012091312365510021,-0.006230290505491212,0.018321602871001232,0.004136026902104485,0.00789570208483754,-0.0376643545233674,0.0869044057714177,-0.0429003923429854,0.07455801386199415
10_17_39_36_48_31_35,16.09715754032135,16.09652973651886,16.096145691871644,16.096340384483337,16.095894680023193,0.8957454203069211,0.8960178169608116,0.8960055063664913,0.8958597876131534,0.8959001658856869,0.08559931535436703,0.08589024252060681,0.052516852834956086,0.09059221564008593,0.13611832271470967,-1.1035314960885914,0.12947693140094066,-0.48205170245724244,-0.009152482516619785,-0.00688262240451877,0.005618289098929381,0.0012643333055893892,0.004244267039127691,0.00799804504013582,0.0180242051848834,-0.1243242441708716,-0.0763059108703655,0.0719082324971401
10_18_20_64_29_56_19,16.09605115890503,16.096153750419617,16.096998810768127,16.095615463256834,16.096772885322572,0.8959699019789695,0.8958940535783768,0.8959024427831173,0.8960646292567254,0.8959553717076778,0.13184628925043093,0.1358609946415678,0.12798470063438877,0.09284258951671759,0.13986253152271222,0.5034084283089285,0.43903601533649883,0.4663068848276017,0.004267791770535041,-0.013414663256953644,0.0058475808780713125,0.007567082378882333,0.0034078342922320808,0.007363514484619166,-0.1356092156981601,-0.0854489549583748,0.0458087527392943,0.07872726158067335
10_18_31_51_18_63_25,16.1009241104126,16.101700615882873,16.103218717575075,16.102007417678834,16.100906643867493,0.8959325461089611,0.8960595181584359,0.8957148350775241,0.8958183243870735,0.8959424272179604,0.051950915646576876,0.10612995651053375,0.09843394696381409,0.14460820464370638,0.13973799983359658,0.10082051548127384,-0.5273060724151696,-0.9881743681218448,-0.00735112276603104,-0.003856528689793777,0.006965366170024936,-0.0031088374802311592,0.00418319569171403,0.008225301220646764,0.0442705207725911,0.0542086315500871,0.0257733450188516,0.08039070507912238
10_1_12_87_77_24_5,16.090390844345094,16.088804416656494,16.089364943504332,16.089633460044862,16.088903613090515,0.8955411845445633,0.8957045893371105,0.8956573128700256,0.8956079864501953,0.8956103056669236,0.08602797123083744,0.10849548849785821,0.12582004026713983,0.13170095490289038,0.16565783691512714,-0.987788909416944,0.2198808749819979,-1.6426496580985355,-0.004066839545848779,0.013587320058999897,0.008638004628679053,-0.02222532468767895,0.004963410485107429,0.008540832860789946,0.2636852996478923,-0.1345653375666443,-0.0231024849308079,0.07503990100862996
10_1_17_90_68_19_11,16.08676919937134,16.08625778198242,16.086558718681335,16.085491914749145,16.08756590843201,0.8954639403522014,0.8955928656458855,0.8956369391083717,0.895655891597271,0.8954234544932842,0.0955631454869657,0.12185138857846387,0.07958137852376218,0.10781515542535779,0.12216739804051996,0.20265707175461112,-0.12300794509909482,-0.0479328942258141,0.002087888434998604,-0.007900039048079179,0.0027547153507293844,0.005145323697349795,0.0034352457501427218,0.007046015390724386,-0.0200823172345067,-0.0762216856993381,-0.09752764442243,0.07070376986077236
10_20_30_45_45_47_19,16.088158240318297,16.08791587352753,16.08822932243347,16.090076689720153,16.088813424110413,0.8958391313254833,0.8958757431805133,0.8958863361179829,0.8957141847908496,0.8959796483814716,0.21190835289171936,0.1447410560046657,0.15425318753535944,0.22273519930228802,0.1724631390779817,1.0180656916216355,0.47364611001539,0.7643795962967922,0.008198994917329401,0.0020954419815461733,-0.010066431300801924,0.00797098931925575,0.004471710667662019,0.008227707675525824,-0.030142261549959,0.1074947077439088,-0.0399399369430326,0.0755913159260942
10_20_37_40_27_48_34,16.098925852775572,16.09833727836609,16.09795147418976,16.09712865829468,16.09904839992523,0.8961309315264225,0.8961440329253674,0.8962038813531399,0.8962410807609558,0.8960189504921436,0.11451026273845115,0.09478456668416606,0.08890186988240867,0.11643579520164071,0.2153869892328847,-0.5049214374168185,-0.5807303358244811,-1.8986899401225816,-0.003161489644262474,0.012520540593322948,0.0012540270497629535,-0.013774567643085902,0.003877568239649945,0.006946210716176537,-0.0151463959130353,0.0450589455015694,0.0998823455268757,0.07641096869902597
10_20_42_30_46_44_24,16.08785252571106,16.086887454986574,16.087457389831542,16.087480483055113,16.087665071487425,0.8958083961904049,0.8959736983478069,0.8958019551634788,0.895774347782135,0.8957796388864517,0.09601823221262762,0.16743811973254977,0.12301560618943526,0.06450335676719401,0.08340292775532919,0.1177187989509611,-0.7316300121525442,-0.6921790604864758,-0.0018321770678630855,-0.010099385687426547,0.01722489583946299,-0.0071255101520364406,0.004418006970268838,0.006304516903009075,0.0336559592203949,-0.016987403239731,-0.1091577091188545,0.07678967204346272
10_23_20_33_76_38_16,16.092947158813477,16.093509159088136,16.093756279945374,16.0928178358078,16.092794909477234,0.8957411283254624,0.8957605011761188,0.895793704688549,0.8957503288984299,0.8959319756925106,0.1414760675954463,0.0833835281345607,0.10253382284132671,0.19815345477350677,0.1592163331371328,-0.3834360412304732,1.4672038334276138,0.9846066488343542,0.0027730154430901164,-0.0036876317481073784,0.0019516273430963337,0.0017360044050110446,0.004277702832105622,0.0043222024144139405,-0.091188020128064,-0.0717909363482233,0.0458405932783839,0.07597107000237212
10_24_14_63_41_47_17,16.087758984565735,16.08705575466156,16.086768984794617,16.085547270774843,16.087858958244325,0.8957707831263542,0.8957677036523819,0.8959480677545071,0.896069369316101,0.8958243928849697,0.1486865483543399,0.30224901467473003,0.22685100603640668,0.2918693310744813,0.29283137934482545,-0.2859795282362273,1.1837867892660026,2.142758651680267,0.0038666284559167254,-0.009128616305952164,0.011412400509871077,-0.0022837842039189126,0.004309888904634889,0.008392062864517835,-0.0625664414752552,0.0034143375625814,-0.0740853508213543,0.08115890676488142
10_24_32_54_19_16_61,16.10185043811798,16.101872787475585,16.100291957855223,16.102085366249085,16.10109791278839,0.8959882645308972,0.8960318019986153,0.8962910227477551,0.8960224394500256,0.8961633230745792,0.24457013583591633,0.23465634891851164,0.19172602457786594,0.15566728155438514,0.21239889786457997,-0.27525242683704076,0.6594316142087066,0.6609756057181354,0.003387707708461676,0.006394851474269671,-0.005644118058980894,-0.0007507334152887779,0.006250535075107641,0.006030531226163013,-0.0623206934764899,0.141996214618665,-0.1110924393081318,0.07323907661663051
10_24_32_58_21_16_55,16.092824811935426,16.093617510795593,16.093566942214967,16.09380094051361,16.093227829933166,0.8961949101090432,0.8960081367194652,0.8961010830104351,0.8961457112431526,0.896093378663063,0.06171640177337554,0.1261020232215825,0.1567349464469323,0.07262560770300311,0.08896160350865742,0.5589769368006827,-0.22328346616122627,-0.6393805786666967,-0.0071096325111284385,-0.021353725207809475,-0.0013393963437192723,0.022693121551528746,0.005738229386283337,0.007214496182068857,0.0853743471102408,-0.0088718069515774,0.0826877559186375,0.07538012665835714
10_24_41_26_35_34_46,16.099577102661133,16.100152077674867,16.100219821929933,16.100626850128172,16.100270614624023,0.896034681648016,0.8961826086044311,0.896117811948061,0.8960353203117848,0.8961735470592975,0.07737248429438842,0.1340179316843341,0.10696145189206657,0.0991820261058621,0.1281658535566598,0.3858928884388418,0.845800352441438,0.2429464589274298,0.0008812467393909173,0.014391034580294218,-0.015933833653543842,0.0015427990732496254,0.00511315142239009,0.006304526733237611,-0.1003820723995362,0.0151879290079451,0.0837066997006709,0.07505880338726632
10_24_42_21_52_43_24,16.085076365470886,16.086920771598816,16.085107107162475,16.084672298431396,16.084835653305053,0.8958243073523044,0.8956780475378037,0.8958196884393692,0.8959281700849533,0.8958774372935295,0.2602538841327615,0.20147426711720662,0.14284506852881917,0.15416804558305094,0.18739036341643156,-1.1509096855148557,1.0934036809016463,1.214834177013216,0.0016856285239663293,-0.0003555265360955673,0.008092864113441465,-0.007737337577345897,0.0041019747742325,0.006499218943653163,0.0177044468594462,0.1471971062120427,-0.0620993823008063,0.07832736816340509
10_25_38_19_45_38_41,16.103303723335266,16.102647066116333,16.103581261634826,16.101882762908936,16.1036635017395,0.8959402661025524,0.8959215399622917,0.8959881602227688,0.8961174286901951,0.8959850493073463,0.12126802842998022,0.06670598410002672,0.1126456230559593,0.15795290134371429,0.2083323869827754,0.017422728681067205,0.9032332891435149,0.998960489241226,0.003998179494956276,0.0005833194077422377,-0.00211063985072542,0.0015273204429831822,0.005125726418164383,0.007338100165516331,-0.1875877792066709,0.0385195438147323,-0.0848671973263277,0.07552854250071646
10_26_23_22_57_62_16,16.101642417907716,16.101825613975524,16.10292755126953,16.101180324554445,16.10181043624878,0.896064779907465,0.8962660019099712,0.8958501105010509,0.8960636350512504,0.8958856365084649,0.10362426269221425,0.17347882135691606,0.1665165022030854,0.13534073207136962,0.07240848205161324,-0.19993808268685867,-1.4162066354185474,-2.3900993380368307,-0.009042016390085337,-0.0001319337547829491,-0.008823349956328457,0.008955283711111406,0.004773058681931341,0.00903401853426621,-0.0547939059833628,0.0025971038313097,-0.0285951850348003,0.07899935407749929
10_26_27_27_49_49_28,16.100593943595886,16.100047540664672,16.10072700023651,16.10207462787628,16.100395183563233,0.8960615925490856,0.8961258186399936,0.8959644444286823,0.8959134724736214,0.8960737195611,0.09890291236671857,0.07794679217205253,0.11585580447601146,0.07940828712973369,0.052441450261083496,0.6053971212206058,-0.5684793265511233,-0.5537778339759981,0.00028405367556842974,-0.0010862203693795891,-0.001252670020203368,0.002338890389582957,0.004555269635403527,0.00798366741317031,0.0051638649223702,0.0516148116142059,0.0588237830380434,0.07406933506489238
10_26_35_29_43_29_44,16.097714643478394,16.097865710258485,16.098952536582946,16.099383244514467,16.098356709480285,0.8960755459964276,0.8960719582438469,0.8959304617345333,0.8960047186911106,0.89603460252285,0.08417398929566484,0.0691532117626905,0.07707740261103084,0.130986129049715,0.12101284354096617,1.1780209080336859,-0.3870513411354663,-1.5848725173860956,9.243134340977121e-05,-0.004018913715190138,-0.0020276041681790958,0.006046517883369233,0.0033844401226602555,0.010041895808277012,-0.1237201945606231,-0.0355959133717668,0.1088289956498954,0.0779687029507908
10_27_20_36_44_65_14,16.09637881755829,16.095180344581603,16.096137108802797,16.095804314613343,16.096852622032166,0.8958977687358857,0.8961103768646717,0.8959353668987751,0.8959699210524559,0.895826091170311,0.15576305455518197,0.16771433204118918,0.17346788427621448,0.14380150006435607,0.179083765942229,0.7410303279114464,-0.9661162257124396,0.17585155981723066,0.0034696640260199274,0.00035096014938972074,0.016359174470399012,-0.016710134619788732,0.003999449878437019,0.008405420607990296,0.1164072631462935,-0.061287318839196,0.0316033566677072,0.073605968993549
10_27_22_48_36_47_26,16.090204920768738,16.09201627254486,16.091765775680543,16.09268880367279,16.091971611976625,0.8960294151306152,0.8958506684005261,0.8958713528513909,0.8958295531570911,0.8957325941324235,0.06950493857776209,0.1070570588657814,0.056765469484943036,0.08724466714567897,0.0949044963558421,1.685979813348855,-2.0024071359955364,0.2030716952746447,-0.0033850085717404,-0.006468123116130755,0.012096312039423083,-0.005628188923292327,0.006106657055782888,0.009977527916008784,-0.0242405105301114,-0.0762573227349896,-0.080071088517341,0.07466166195049946
10_27_26_46_39_39_29,16.08620693206787,16.087215776443482,16.08754554748535,16.087463722229003,16.084949598312377,0.8959914797544479,0.8960754399001598,0.8958146257698536,0.8957565796375274,0.8960278414189815,0.19152678706035073,0.11042848520743051,0.11744018399118944,0.14055886159390582,0.18385345494123853,-0.9296057176561161,-0.939247114589067,-0.7334960132745132,-0.006187047872008407,0.005629766140991706,0.002679257299641904,-0.00830902344063361,0.00560504919787013,0.008330470684647966,-0.0203759789649019,-0.1385684566307246,-0.0805803857789637,0.07458603968249149
10_27_39_26_50_31_33,16.085532088279724,16.08324529647827,16.08259798526764,16.084856662750244,16.083665370941162,0.895741131156683,0.895954410135746,0.8960564796626568,0.8958074121177196,0.8959258782863617,0.1434742763304266,0.22420942165698854,0.278618130360342,0.17633633982714106,0.15255566904212542,-0.6834017362607816,0.6916834086100536,-0.47892566644546947,0.005062874198192731,-0.0016400378321304743,0.013016873684118763,-0.011376835851988289,0.0047712354538209985,0.0067503263719827155,-0.0596057799597768,-0.1449886130823312,0.0959621013184865,0.07555511211902051
10_28_25_40_47_14_52,16.09904435634613,16.100434226989748,16.097688302993774,16.099559526443482,16.099983386993408,0.8962805014848709,0.895965226739645,0.8962485463917256,0.8960609704256057,0.8960207465291024,0.17833921815721665,0.2922207915301624,0.2821699517212203,0.1303738830095384,0.1106783977783422,0.4716109350568314,-1.125673039445753,-0.22353661643972358,-0.0040101619691995435,0.0021689857462843065,-0.0037984529682671565,0.00162946722198285,0.0038824584706691626,0.007164203873850982,0.1169186863252196,-0.0604646278087464,-0.1286519548933213,0.07303988162690281
10_28_31_31_44_45_27,16.087885155677796,16.089237728118896,16.087928252220152,16.09020956993103,16.088205461502074,0.8960383158922195,0.8958844980597496,0.8960448880493641,0.8956595864892006,0.8960390841960907,0.12315406970767002,0.09365721933030638,0.11294172161001459,0.1946943275641281,0.1741047095619409,0.9641210738579915,-0.8583252315232839,-1.09265734145484,0.004861320074924152,-0.006386743410366762,0.0029800457162309614,0.0034066976941358007,0.0051390221816128975,0.0065366268048969245,0.03339477524383,0.024162213926291,0.1304407572058943,0.07248905167652532
10_2_16_74_87_20_7,16.09098858356476,16.08994119644165,16.091272354125977,16.09077317237854,16.08932861328125,0.8955156065523624,0.8955835640430451,0.8955763073265552,0.8956273311376571,0.8957040256261826,0.13744918351057575,0.09448743940865324,0.05968208972180327,0.09628244258118336,0.16237810904942307,-0.8932275630813187,1.3022679415559477,0.8578024055470477,-0.004911276409402489,-0.009915477200083843,0.001742275631877419,0.008173201568206423,0.005831293416180184,0.008745152802377287,0.1422511929955064,0.0812647275385962,0.1402692400961672,0.07664253526538481
10_2_16_81_79_23_5,16.086449432373048,16.085005259513856,16.085621123313903,16.086979064941406,16.08769021511078,0.8955818928778172,0.8956188620626926,0.895794043391943,0.8955600839853287,0.8954448568820953,0.0791745142559583,0.05983595003470091,0.11061216557373904,0.07412970658913608,0.05486804025647331,1.558909056325664,-0.9414714064795174,0.7131097090093399,-0.0008411812135454966,0.0014047732009203173,-0.004411052014038432,0.003006278813118115,0.005750575243422473,0.006565641605136668,-0.0475673886608144,0.0066682149424198,0.0586900935499317,0.07802214777770838
10_2_19_74_81_24_6,16.087929582595827,16.08820686340332,16.08780770778656,16.088483490943908,16.08802201271057,0.895660310536623,0.8957238598167896,0.8956776376068593,0.8956398123502731,0.8956663005053997,0.13521719534902957,0.11767803781543136,0.14848117351696496,0.1559836695494278,0.15188296556074493,0.44901608559164724,-0.6185675934960786,0.6262948460675798,0.0023246197509433843,-0.0009198667963210027,0.004545443525057635,-0.0036255767287366324,0.005043456745790269,0.00867527087636277,-0.0220919092464964,0.0588620640166329,0.0406721550328615,0.0772111963001233
10_2_20_68_88_22_6,16.088692784309387,16.089433703422547,16.089269347190857,16.08925043582916,16.089206228256227,0.8956716924905777,0.8955359205603599,0.8957340422272683,0.8957448297739029,0.895649224370718,0.17801822573882226,0.0955570904313231,0.0750246032686389,0.10762775724013465,0.134707047343539,0.34928235149535714,0.6001617225143546,0.4541868553726452,-0.004834456015578326,0.0011136042950602133,0.008032592079725873,-0.009146196374786086,0.006077946954707615,0.00721887479662638,0.1892562532885156,0.0970863195095101,0.0179287732270033,0.07778494232299532
10_31_28_34_48_31_34,16.086158180236815,16.085666136741636,16.085244822502137,16.085665411949158,16.08533470630646,0.895756668150425,0.8960273455083371,0.895984074473381,0.8959788066148758,0.8959378187358379,0.08424595878657913,0.12774430663143202,0.11801576290310747,0.070300973215903,0.09735275935742436,-1.2273568859706614,1.3542842854482555,1.4058528568297068,0.005793884237064049,-0.0017472262423325446,-0.004507103591654413,0.006254329833986958,0.004123450477675635,0.006569647592752382,0.0265482696019533,0.0065324451389466,0.0190344914198363,0.07773930844363262
10_31_43_20_42_29_41,16.084472217559814,16.08338858127594,16.08263102054596,16.082457613945007,16.083195390701295,0.895897016376257,0.8958808299899101,0.8961202649772168,0.8960983489453792,0.8958833652734757,0.0938748820882297,0.08344842844349859,0.08305006139820525,0.06750356824055782,0.12067642386664491,-1.5309656291911196,0.13369072122892012,0.3678348061145582,-0.003138960918367957,-0.00038886669390194586,0.002989741350829718,-0.0026008746569277717,0.004168907897115805,0.009360407810826709,-0.1155569899287729,0.0445387225094804,-0.0102348929925435,0.07497759206584154
10_32_27_33_11_71_32,16.102705693244936,16.103745679855347,16.102230505943297,16.102769951820374,16.10074203491211,0.8962594796717167,0.8961176390945912,0.896194471269846,0.8961930830776691,0.8963186572492122,0.12649343539467867,0.10402892468330639,0.11348492232476652,0.1178224263449415,0.17327070717440735,-2.5600458592088984,1.2973890295520438,-0.8624438187188678,-0.002263652574183652,0.0020102296864206435,-0.0048991159469369445,0.0028888862605163015,0.004693433978560143,0.007745242453814563,0.0394644119163535,-0.0236938798357098,-0.0298010074040364,0.0736555860231634
10_33_26_22_21_83_21,16.103680601119994,16.103601932525635,16.103421878814697,16.102753043174744,16.104519691467285,0.8960321256518364,0.896054788082838,0.8960528434813022,0.8961413143575192,0.8959288559854031,0.324245493165477,0.3268647122232521,0.21616276255891406,0.26741728648807145,0.3934187518169616,0.29452746435091837,-0.4285741350525075,-1.162313026057699,-0.006799423298016336,-0.006313420929436688,0.004657159080707061,0.0016562618487296276,0.0034433110200908796,0.007417055441590054,-0.0187088735581601,-0.0335511295437843,0.0421384649094896,0.07603980926602794
10_34_21_39_46_37_29,16.084736328125,16.08622299671173,16.083179445266722,16.08284605026245,16.0856153011322,0.8958884362876415,0.8956263773143291,0.8959653787314892,0.8961229029297829,0.8957201035320759,0.10167204595545488,0.14338166962619664,0.09269251176898345,0.1280849464655419,0.16500733271119594,-0.6336656617194325,0.6392230288999579,0.053295456562322124,0.0025365665150457063,-0.0018122983984754626,0.00468894098074415,-0.002876642582268687,0.004547407352270585,0.00773542818701654,-0.1729662742428931,0.1278579913146663,-0.017703274184296,0.07855968638442162
10_35_24_26_58_17_46,16.094260053634642,16.09260479927063,16.090782432556153,16.091117849349974,16.09367742061615,0.8957744966447353,0.8960211491584777,0.896146765500307,0.8962700539827346,0.895991880595684,0.27042175204579033,0.22802072984505628,0.187819752464263,0.24172505217198711,0.18321561366060535,-0.7036551345357849,1.7470342294019172,1.1395787344092687,0.00706682533811545,-0.001757122095214072,-0.005215173245887854,0.006972295341101926,0.005393327208290295,0.007240843753616316,-0.015632587663814,-0.0246879431022275,-0.0346128216586701,0.07771825458290642
10_36_9_36_65_12_48,16.09983025074005,16.10047959804535,16.10133327484131,16.09995382785797,16.10068657875061,0.8961669842898846,0.8960620015859604,0.895945203602314,0.8960932061076164,0.8961837805807591,0.1827643254829718,0.08424841074913073,0.11462340327424052,0.167225620964823,0.2533109186703355,0.5966258012613174,0.07290565281833619,1.3942342865206774,0.0067105261342658195,0.0033652934495330554,-0.0007768047926219879,-0.0025884886569110675,0.004357738872225952,0.006376880514716406,0.0428663963036663,-0.0038643702680416,-0.1169633414143086,0.07146538895585629
10_37_18_19_53_58_21,16.094161615371704,16.09392515182495,16.094865984916687,16.09439245700836,16.094405965805052,0.8961982238292694,0.8961753462255001,0.8960435362160206,0.8960589769482613,0.8960833963751793,0.2785368651040891,0.25627167133414114,0.17996834343734275,0.1830538728225434,0.14283193771021913,0.5408067806443552,-1.2590355112952365,-0.4244039525161535,0.006805600167181183,0.002727246848444338,0.0099980983487103,-0.012725345197154639,0.005063549130624884,0.0075438319776286985,-0.0397899808718253,-0.1372263789947087,-0.0704553327847299,0.08161506662691131
10_38_10_30_56_46_26,16.095652561187745,16.0939155292511,16.094682083129882,16.095272288322448,16.094405598640442,0.8959482908248901,0.8961167532205582,0.896017744243145,0.8959835739433766,0.8960541874170304,0.11142079802746652,0.1241576215069939,0.1506535029590048,0.13891566184988619,0.10880679351893492,-0.9819419257743015,0.8398029029840632,0.602418947033423,-0.0011647156299477502,0.008066965546895517,-0.0046931985630362764,-0.003373766983859241,0.004930091341935425,0.00859303731762968,0.0246340540862237,0.0256752956472972,0.1042897498243319,0.07842974466760373
10_38_12_41_41_33_41,16.096541695594787,16.094342617988588,16.094680800437928,16.097568607330324,16.095062336921693,0.8960155548155307,0.8961476524174213,0.8961432787775994,0.8958808307349682,0.8961023274064064,0.09181831218031658,0.066868408858024,0.10955525612938771,0.17277717889024352,0.18756761746177258,-0.11631293395230553,0.061575271336802524,-0.4187901464701362,-0.003918947837980795,0.01457972818359849,0.003942639789747773,-0.018522367973346263,0.004561915786330214,0.007338060207671763,0.0869666277779827,0.0297773934324857,-0.106376498022768,0.07438530660078113
10_38_24_26_40_48_30,16.088236117362975,16.08802424430847,16.087926454544068,16.08887767791748,16.087177805900573,0.8958601398766041,0.8959767833352089,0.8960077184438705,0.8958044964075088,0.895994418412447,0.08475986524891191,0.09631179357832799,0.07888584897968132,0.08293308735804754,0.11833150774864837,-0.5954433907420038,0.5093459298642778,0.7355130832017466,0.0034434103086096,0.0011589483488023689,-0.004808566490537487,0.0036496181417351183,0.003421161038978294,0.0064276516679662886,-0.1140088179027433,0.0571046895469805,-0.1734703777527777,0.07548786251935918
10_38_7_51_19_63_28,16.098107151985168,16.097527623176575,16.09756721973419,16.097795996665955,16.097418427467346,0.895941998809576,0.896042756587267,0.8960983675718307,0.8960266192257405,0.8961482483148575,0.13975581543896862,0.2839852146168796,0.30601259192119523,0.22759069540982424,0.26615194096473543,-0.40333639731070503,1.5944009483488704,-0.17097076452585144,-0.000339392965688603,0.008085196265383274,1.6841106553329155e-05,-0.008102037371936604,0.0034074801864174805,0.009991804154549314,-0.0303770482344347,0.0578457434369178,0.1701321193255053,0.0784858306393394
10_39_28_18_27_53_41,16.098882880210876,16.10049608707428,16.099156937599183,16.098435230255127,16.09953945159912,0.8961269654333591,0.896040194183588,0.8961692278087139,0.896139929741621,0.8960993301868438,0.1834648019997268,0.28534939317029506,0.2257516446145283,0.08476841625349801,0.16020013200718297,-0.4036237528110312,0.13103053267307258,0.8058807082451424,0.0009637543175631436,0.001686663668078836,9.391681200213498e-05,-0.001780580480080971,0.00520976837124412,0.009582908508945776,-0.0060895141751004,0.0287845413313757,0.086758772658027,0.07658717700832826
10_3_12_74_87_21_9,16.09531973361969,16.097381625175476,16.095665731430053,16.096130232810975,16.096564211845397,0.8956542664766312,0.8955881971120835,0.8955899733304977,0.8956078281998634,0.8955980524420738,0.20503871207418756,0.2672015298556649,0.3015859831883005,0.20763363683587677,0.12327915673528973,0.5642392964299838,-0.30878321684919463,0.5014242236416324,0.003166950204067689,-0.012270373871979245,0.0052506288697622945,0.0070197450022169506,0.004576289563821526,0.004793436097793082,-0.0318898081239029,-0.1582084693807187,0.0267470444651934,0.07425274101058504
10_3_12_76_85_23_7,16.092679352760314,16.09307198524475,16.09310697555542,16.093560285568238,16.093015575408934,0.8957873533666134,0.8958322244882584,0.8955930967628956,0.8956821604073048,0.8956972730159759,0.15398451511736497,0.2365512736776261,0.1764901587825477,0.22626563704602298,0.12859035270130426,0.8527352487046147,-1.9164271186379656,-0.0286708193303851,-6.459477284806781e-05,0.006763401078305833,0.004598697671162881,-0.011362098749468714,0.004598815757921759,0.01014276981394304,0.1424507832953021,-0.0240577865420287,-0.1406776118287713,0.07745912753020145
10_3_14_84_73_27_5,16.086890439987183,16.087448630332947,16.087240104675292,16.087185673713684,16.08757776260376,0.8957179093360901,0.8956361097097397,0.8956744423508645,0.8956128437817097,0.8956218042969704,0.1390569422863169,0.06406433808276545,0.08400031536475935,0.11157194910410792,0.11918567836346265,0.2977324025682393,-0.5303741444354326,-0.4767428196537007,0.003853389859359595,-2.6968095407937654e-05,0.009254419395438163,-0.009227451300030226,0.005442770584840232,0.006266733141271804,-0.0973706197098392,0.0092890562088722,0.0457258013970691,0.0745383997281569
10_3_15_72_85_27_4,16.09177655696869,16.091521282196044,16.091714959144593,16.091012592315675,16.093123664855955,0.8956802396476269,0.8955558915436268,0.8955238267779351,0.8956216610968113,0.8955189903080464,0.24075553168645134,0.31991107304361727,0.27541326989753245,0.25786889461051393,0.17028317613906632,1.2577100547886095,-0.8564770455020654,0.19416468241888113,-5.042198774390272e-05,-0.0024925143194195697,0.0012563075718935578,0.001236206747526012,0.0060340129278704,0.006780830169727599,0.0715916215587749,-0.0141112850284333,0.0810183380387311,0.07415410414927229
10_3_15_85_73_22_8,16.086382575035095,16.086477246284485,16.08716475009918,16.087233958244322,16.086969685554504,0.8955995173752308,0.8956362886726856,0.8955420032143593,0.8954300445318222,0.8956232158839703,0.07718800530230702,0.07590219095941356,0.08954906856046631,0.13707424825472722,0.18547999427333636,0.802861807636853,-0.6862925345546741,-0.9464015139722254,0.0009808452942525036,-0.005854075446695788,0.001200893470831943,0.004653181975863845,0.003961487584035454,0.010139511918035434,-0.102213507180327,-0.114038566739295,-0.1242732967592483,0.07617297926692326
10_3_21_63_87_24_8,16.093347902297975,16.09062093257904,16.092831687927244,16.091585955619813,16.093742547035216,0.8955131751298905,0.8958878144621849,0.89552305534482,0.8956798352301121,0.8955460798740387,0.1488927087214171,0.10884455282822848,0.18897251512906202,0.07813774036998403,0.15209425546263522,0.37246551755062934,-0.5147102889988391,-1.0159466382888849,0.005018278653903962,-0.0048435760515349105,0.005980174339456425,-0.0011365982879215154,0.004233536896570916,0.009483684822541198,-0.0651335912691309,0.022797185347782,-0.0736269752187341,0.07871840714028244
10_40_19_21_35_57_34,16.10091001033783,16.100628757476805,16.099955110549928,16.099442462921143,16.100914788246154,0.8961161679029465,0.896175566315651,0.8961461517214775,0.8961131606996059,0.8960491704940796,0.17839486029265758,0.1100599618612337,0.09788889820246299,0.07540906531909913,0.07879696642906613,-0.2751640682871103,-0.9837348371382095,-1.6150467024515098,-0.005841538157837931,-0.0034142701817472696,-0.011882919573472463,0.015297189755219733,0.004627420927047051,0.006531031427793524,0.0157448412116085,-0.0144089630477184,0.0029328967918965,0.07105501069585819
10_40_31_28_24_40_43,16.084724164009096,16.085054144859313,16.085888466835023,16.08430076122284,16.084980692863464,0.8961370925605298,0.8960589002072811,0.895999286621809,0.8961050044000148,0.8960921765863895,0.2082447223794449,0.37742353140268703,0.4663483631203402,0.3977031616618128,0.46371542541268207,0.17478767520694033,-0.3771102408399319,0.36155206083125146,0.011209189413275453,-0.00075652057195839,-0.006521444072859595,0.007277964644817985,0.0035864938720367467,0.007962132442870667,-0.0153922879747925,0.042450075090984,0.0915313792809951,0.07487744093312547
10_42_3_39_55_41_26,16.08904947280884,16.08997634410858,16.089763708114624,16.088788514137267,16.088738074302672,0.8959439919888973,0.8958200797438621,0.8957436850667,0.895982220619917,0.8958547648787498,0.1555884070760519,0.13060402981498057,0.06157006569263426,0.08251505201734669,0.0797621610446021,-0.7733222884214532,0.023871853425221436,-1.4106231549812622,-0.001766908591380343,4.1387834936301716e-06,-0.007731015818753803,0.007726877035260173,0.003699053056176794,0.008793013877154915,0.0214966504026036,0.0102638384546607,0.0955387081112344,0.0808024117621732
10_44_16_35_44_13_54,16.08916661262512,16.08902645587921,16.08769521713257,16.088659472465515,16.086980233192445,0.8959090313315392,0.8960274003446103,0.8961312681436538,0.895994214117527,0.896173787266016,0.14401507171727862,0.17146573173272825,0.12096207317828615,0.1641222388458361,0.18618648575140206,-2.295702228621903,2.3755215224830453,-0.550878282098761,-0.00397830394909306,-0.0009488122985931113,-0.0039023961989732925,0.004851208497566404,0.004000839473195519,0.007094843752454334,-0.0218699659349064,0.0109639615838576,0.0793298834988577,0.07332583754324222
10_48_16_27_23_55_37,16.091674070358277,16.090310173034666,16.09018427848816,16.08952576637268,16.092075204849245,0.8959515942633152,0.8961349155008793,0.8960608811676503,0.8960855792462826,0.8959791210293769,0.05414948131036262,0.05853765698128594,0.10404643536342903,0.1564662489997593,0.07000854387687784,0.042135178472673625,0.06611867378764316,0.08786262243254388,-0.0019992919798824003,-0.0015016497194301336,0.011293779146726593,-0.009792129427296459,0.004789399496841241,0.0063754671136357,0.0241710751888428,0.011497828401271,0.0925399664687798,0.07604947495510479
10_4_16_77_77_25_7,16.08961425304413,16.090404162406923,16.087946977615356,16.089633407592775,16.088863921165466,0.8954482547938823,0.895293187648058,0.8956374581158161,0.8955052115023137,0.8956913824379444,0.06455859137472707,0.09425274387397177,0.09930672565398947,0.1715385844139204,0.10746375963468757,-0.704124369386425,1.5686754675629029,2.4244963456661,0.004491977741927258,-0.002937251605062556,0.00314880274272582,-0.00021155113766326393,0.004408680244703948,0.006938452636080663,0.0318684045636669,0.0415824626617954,-0.164210071659268,0.07786573817136663
10_4_9_80_82_24_7,16.093532786369323,16.092882413864135,16.092493057250977,16.093508276939392,16.093101801872255,0.8955656887590885,0.8957772547006607,0.8958057837188244,0.8956474129855633,0.8957745189964771,0.1378891469762306,0.14418843839113094,0.1854000284601693,0.21592682231916002,0.2278277715582176,0.21310566111850987,0.7093053031286916,1.1218199811003993,0.0046340556267387,0.005309201562486123,-0.0002062648361606989,-0.005102936726325424,0.005578755545867477,0.008775929416779694,-0.157011387325724,0.051764171390369,0.0492675358928272,0.0747682521019343
10_5_10_79_78_28_6,16.09212862968445,16.093103380203246,16.092949671745302,16.09201509475708,16.09336336135864,0.8957405364513398,0.8955524559319019,0.8956212797760963,0.8956479535996914,0.8956628327071666,0.18905002311398586,0.14198296791702503,0.2563003116935376,0.2880803635756296,0.18635554954271163,0.6712218064348381,0.004775597612773062,-0.8395687935554421,-0.00501919148642628,-0.0012024152280719136,-0.0025182414341907134,0.003720656662262627,0.005262855299650733,0.007004595042276575,0.0710033094117609,5.8728218998020494e-05,-0.1227108324810734,0.07908699073242419
10_5_11_75_88_20_7,16.090112972259522,16.09053303718567,16.090111827850343,16.091206340789796,16.09076964378357,0.8956776860356331,0.8956249304115772,0.8958258384466171,0.8955146373808384,0.8956008626520634,0.12084293144453967,0.09841875677684672,0.0889137036645496,0.07800806591819288,0.10791910055236736,0.7215033443179779,-0.5853043344879526,-0.9532816493271249,-0.004147587781117182,-0.0027639226832701525,-5.022045368605177e-05,0.002814143136956204,0.0059903389194790645,0.0076824129176644995,-0.0123777627749823,-0.0730104639989564,0.1279125672185129,0.07438415660411443
10_5_17_69_84_24_7,16.09043852329254,16.088269968032836,16.089276337623595,16.089530720710755,16.089676899909975,0.8956872956454753,0.89577457472682,0.8957069507241249,0.8956691880524158,0.8956458440423012,0.1206735221062679,0.07086565135752264,0.08628002121519324,0.2693387589443058,0.1522706931122601,-0.055968191789153195,-0.6126817312791736,-0.6527967695581569,0.00638196951142163,-0.004427704085037476,-0.007826018914638553,0.01225372299967603,0.00398313636723518,0.008789191623458686,-0.0559977823929945,0.0009957125866105,0.0444968687542654,0.07560631063205014
10_5_27_58_46_63_7,16.10127579689026,16.104205737113954,16.103121089935303,16.103174748420717,16.103740954399107,0.8961538963019848,0.8958406661450863,0.8959190563857555,0.8959324032068252,0.895787944495678,0.07237670122410872,0.09823333671374225,0.18836596953934476,0.18113144151872462,0.1987403881614578,1.4663562517963526,-1.5754272044787607,-0.7751649698833355,0.0004131795349530876,0.014126563981262734,-0.009953945739689517,-0.004172618241573218,0.005836366415902059,0.008221842005953878,0.0354122818845633,-0.023523665989296,-0.0500255954463698,0.07636216361445429
10_6_17_76_75_24_8,16.086453070640562,16.085989933013916,16.085031147003175,16.085597624778746,16.085139923095703,0.8954114338755608,0.8955289041996002,0.8956289049983025,0.8956382876634598,0.8956698562204838,0.1446437136081972,0.17489607786117542,0.09585932587825483,0.10511111523481376,0.10888738441035606,-2.143888339417722,1.6228528839193697,1.8873008480461284,0.00809426314882046,-0.003752146275837731,-0.006086736720644695,0.009838882996482425,0.0057553824509385745,0.0073407056540472065,-0.1235379154310248,0.0244753452209815,0.0520344867220857,0.0742264361743347
10_6_22_64_54_46_14,16.10357850074768,16.10351408958435,16.102980537414552,16.10295796394348,16.101993975639342,0.895706320554018,0.8958069947361946,0.8957875360548496,0.8959332552552223,0.8958337430655956,0.06868484217103099,0.14830045313974088,0.16431166004620634,0.10696117115286809,0.16531737915521347,-1.728890975247055,1.591529919514139,0.3282540563232202,-0.00587913400871912,0.0010577712875965517,-2.4147139774868266e-05,-0.0010336241478216834,0.0037168094343865785,0.0087893882310466,-0.0589124218910057,-0.042258720156018,-0.0896278706745385,0.0763557455074747
11_0_10_80_89_22_4,16.09443355560303,16.094419074058532,16.09438485145569,16.093875179290773,16.092805547714235,0.8956383366882801,0.8956336975097656,0.895628008544445,0.8956346055865287,0.8958444522321224,0.2031791257459728,0.19570536490645285,0.23933375912998983,0.1966718021582154,0.14948242178989993,-1.9747670070600218,1.762450868448103,1.556913656079955,0.000933371451246785,-0.009039211119306856,0.013645335440669442,-0.0046061243213625855,0.004414917735143675,0.006134606100677657,0.0592539690405162,0.0366389028827842,-0.0794534101972669,0.07603661233688586
11_0_13_82_80_24_6,16.094182043075563,16.09303800582886,16.092647747993468,16.09423201560974,16.094697403907777,0.8955006770789623,0.8956320625543595,0.8957794454693794,0.8956016233563423,0.8955373540520668,0.06273388126538484,0.14445491672507896,0.08312390241861273,0.05975617605937873,0.13233372045133351,1.06101048040148,-0.09435616874344431,1.6270348735954445,-0.0016345424163591816,-0.004155717687644937,0.012278353189394693,-0.008122635501749756,0.005581607340975992,0.008587778936058896,0.1571482073221818,-0.0588083723225536,-0.0456296735974859,0.07312887099031956
11_0_49_25_87_41_3,16.08967742919922,16.090196928977967,16.089633593559267,16.090729074478148,16.09077877521515,0.8959012627601624,0.8958577731251717,0.8958110381662846,0.8956593526899814,0.8956271857023239,0.13064556422257556,0.0734962071662971,0.09919174522443502,0.0999677061817441,0.14340500570084302,0.4995407069634672,-1.563834389372505,-2.2533393108379403,-0.007539408462466781,-0.01138701907104405,0.010923233139292278,0.0004637859317517723,0.005058546011617773,0.006351866214235193,0.0285268046827203,-0.1277727641755709,0.048849258817419,0.07032940153729451
11_0_62_36_28_74_5,16.091476278305052,16.091888980865477,16.089721331596376,16.089948229789734,16.09198562145233,0.895746758133173,0.895682438313961,0.8958614975214004,0.8959683041274548,0.8956455433368683,0.12532887686262806,0.12803687362507177,0.07017694317008226,0.05881612361924964,0.0675112988171566,-0.21232398829125063,0.30135026926020264,1.1210328691989417,0.0034588578126204085,-0.006383168609336281,-0.00911222120774255,0.01549538981707883,0.00492314566547485,0.006597958786677588,-0.1477763296597535,-0.0206606580045466,-0.0586864066130105,0.08101921360172912
11_10_55_31_45_31_33,16.09135769367218,16.090334939956666,16.091332764625548,16.091308336257935,16.090098395347596,0.8958641962707042,0.8960109747946262,0.8958915109932423,0.8959843111038208,0.895959575921297,0.11157733826114029,0.07417566306077131,0.10872405701890683,0.0947885760424524,0.08115279305462436,-0.7818727560754102,0.7314932288843002,1.009820950236932,0.0015367782955581788,0.006061246196186403,-0.006001759282808053,-5.948691337835044e-05,0.004520131155989289,0.008572855990916386,-0.0712999051820664,-0.0885491674628585,-0.06860698197544,0.07662865769968791
11_11_43_46_20_51_34,16.104563941955565,16.10503225326538,16.104019269943237,16.103902072906493,16.10513111591339,0.8961970980465412,0.8960859036445618,0.8962468048930168,0.8961753523349762,0.8959679652750492,0.13754179393648133,0.09742134206528512,0.09928283632895908,0.08459680269010841,0.057943742499357,0.42981202354952575,-1.2984910093513486,-1.0139401769463297,-0.004358972329064272,-0.004792633912802558,0.007662046378538747,-0.0028694124657361896,0.005450711200299199,0.006250908248090572,-0.0052127531751752,-0.0910529664711562,-0.0696452105872933,0.07364210377308912
11_12_20_69_45_25_34,16.1018514251709,16.100395092964174,16.10239703655243,16.102379031181336,16.10145269870758,0.8959961567819118,0.8961477662622929,0.8958974115550518,0.8959413675963879,0.8958977045118809,0.2178545680072244,0.16006755676786405,0.17806915977890303,0.22135623859896916,0.19022542456272584,0.49591770686083714,-1.1408676824168626,-1.3793563171454915,-0.004010738570013927,0.0028900355526275236,1.932762243086472e-06,-0.00289196831487061,0.00487936224808094,0.007895072646947847,0.1072602970095222,0.0034099786245673,0.0266095563762882,0.0771062843418401
11_13_14_69_60_28_21,16.09643825531006,16.095203881263732,16.09601789474487,16.09572374343872,16.094708695411683,0.8956361265480518,0.8958193844556809,0.8958063158392906,0.8958961568772793,0.8959935161471367,0.22809168695762402,0.2031848687788874,0.2216040096791272,0.22735602320691684,0.27671541152738344,-1.2283229308400987,2.200382608701705,2.159765881522723,0.002881770292624424,-0.003039626953031984,0.007458289823171071,-0.004418662870139087,0.004514231629946653,0.007618172519742,-0.0619614733016232,-0.0095319851463904,0.0870121457555284,0.07440556877975336
11_14_28_62_22_42_37,16.105585412979124,16.106454367637635,16.105960149765014,16.106018543243408,16.10627547264099,0.8961212222278118,0.8959063641726971,0.8960787560045719,0.8958615238964558,0.8959316037595272,0.08134247402051394,0.09363452157360694,0.16219612120691188,0.13795878618896695,0.1676148656857887,0.6499197719884352,-1.8307177274979494,-1.3794847904453533,0.005693417887378018,-0.00015140684750804213,-0.0019374769681053295,0.0020888838156133717,0.00479245295021484,0.006965319792967045,0.1077303922950836,0.0465832867664043,0.0062151978265028,0.07692815950891707
11_15_28_64_27_39_32,16.095882182121276,16.096915936470033,16.096882705688476,16.09754554271698,16.097502994537354,0.8959770932793617,0.895951531380415,0.8958983026444912,0.8959194338321685,0.8959379549324512,0.10110077217001766,0.22353996224451805,0.15464834165443636,0.25831966323797795,0.3300333808680636,1.5664272916568232,-0.35690905143222773,0.8745829678470142,-0.004570456455548992,0.005145636191227823,-0.002494580107158981,-0.0026510560840688415,0.0046559581811924005,0.006390538868281664,0.0357455044704742,0.0541303776882954,0.0331916704576849,0.08024233400795842
11_15_43_40_46_25_36,16.090875225067137,16.090359573364257,16.09244863986969,16.09068147659302,16.09021889209747,0.8959721028804779,0.8959223712980747,0.8957394620776177,0.8959286919236183,0.8959659717977047,0.06366657774263558,0.14220295831568222,0.11727943936226858,0.06169985214844198,0.05128738500211998,-0.22708469182932273,-0.18559220062030288,-5.605885892394009,-0.007747007963807846,0.0035151230687188216,-0.008463823393467464,0.004948700324748642,0.0038391300586516773,0.00988716433349981,0.1340314604686057,0.1174824272217271,-0.053578294023502,0.07437927277168987
11_15_48_35_26_48_33,16.097781863212585,16.096281151771546,16.097465023994445,16.094658274650573,16.097700576782227,0.8958949653804302,0.8960899809002876,0.8959558737277985,0.8962302742898465,0.8959571214020252,0.14112750689345627,0.23373863181840412,0.28283546933309883,0.20683454557971598,0.16021795456189225,-0.7783694595339135,0.8068603164781362,1.6837305837837402,0.007013075362010568,0.004078556034769463,-0.012081276840294777,0.008002720805525314,0.005264326762748552,0.007298076543753303,-0.0472759164016863,-0.0592567500999934,0.0247556882263698,0.07765145824885368
11_15_50_30_35_43_32,16.09403642654419,16.094036145210268,16.09405921459198,16.094501008987425,16.094535331726075,0.8959657844901084,0.8958404767513275,0.8958206988871098,0.8960229887068272,0.8958742997050285,0.08488920614426654,0.1241047935786365,0.09451369451679328,0.1058017910539753,0.16179584629295685,0.7301742546027468,-0.12186100978204714,-0.09176576560784179,0.00022255279991441058,-0.006822884392277046,0.004918523478554562,0.0019043609137224847,0.0050719239956041615,0.006218468602005577,0.0214728247300825,0.0270347364252858,0.1003841347349765,0.07537397943007798
11_16_42_27_49_49_22,16.09655472278595,16.094585633277894,16.094694633483886,16.095054893493653,16.094450149536133,0.8958262658119202,0.8959954486787319,0.8959558163583279,0.895993555933237,0.8959743425250053,0.24912061070245778,0.13580552480442246,0.11483814613920768,0.061430632957479664,0.07565968818718899,-1.5116192272430211,0.9434777337684965,2.083290361936941,0.004702460066346248,-0.003052048358858883,-0.008796528677485184,0.011848577036344067,0.003966389724729082,0.006541131041909675,-0.059999001522692,0.0482263156823494,-0.1126056569191693,0.07385294942728883
11_16_52_21_41_47_28,16.09208198070526,16.093866639137268,16.092030344009398,16.09309540271759,16.092917323112488,0.8961128371953965,0.8957947197556496,0.8961012752354145,0.8958615590631962,0.8960023213922977,0.16300321195900033,0.14964723535803093,0.18530957550895252,0.1442196873311892,0.13429294504961575,0.07567310218448495,-0.09742267899461979,-0.74086725137948,-0.0009137039006873237,0.0046453213499626144,-0.004487576367282599,-0.0001577449826800148,0.005256723695501971,0.007318574475847078,0.0646794077212051,-0.069650001218034,0.0057378002835416,0.07429911783389016
11_17_45_35_36_34_38,16.095707635879517,16.095035357475282,16.09481152534485,16.0942524433136,16.096067452430724,0.895862904638052,0.895986979007721,0.8959809793531894,0.8960516120493413,0.8957675912976265,0.18126386337834474,0.20667034343039262,0.2816365966847258,0.3338158945271267,0.3012593134960237,0.16327067063385914,-0.4259545291444434,0.7014343530390676,-0.005271785106160678,0.002594485076760975,0.009112291334822657,-0.011706776411583632,0.005135425817413906,0.008735499686309045,0.0858544284060396,-0.0513459417878973,-0.0520741758849199,0.07327658844834958
11_18_36_28_36_64_23,16.10578920841217,16.104944410324098,16.10636399745941,16.104915294647217,16.10569745540619,0.8959675903618336,0.896097465455532,0.8959442184865475,0.8960782721638679,0.8959083800017834,0.11587144241510668,0.1894864588381199,0.15501714070857714,0.1424992592972004,0.18545498143887343,-0.06703164137663829,-0.5345283162056986,-0.9919329518489038,-0.010093542977410835,-0.005821767430279579,0.006900208225397364,-0.0010784407951177854,0.004180031185949031,0.007248322412978789,0.0912893612909108,0.0931988500182624,-0.0845616175960052,0.07735588987386778
11_19_44_24_41_29_48,16.105835151672363,16.10382246017456,16.10585045337677,16.103686151504515,16.10484920978546,0.8960731746256352,0.8963035327196122,0.8960344229638576,0.8962775284051895,0.8961032378673554,0.11862338698494934,0.15239448378414086,0.12225555170310003,0.10183733571771189,0.12156477595730884,-1.056427804192646,0.41609239222513084,-0.9964221913700043,-0.007376552081695991,0.014476238373972591,-0.009389587689438485,-0.005086650684534106,0.004417516688390974,0.007070051430246778,-0.0425728388150183,-0.0387064741897603,-0.0935868357380935,0.07638700283210895
11_19_52_33_30_28_43,16.08740484237671,16.08831070423126,16.087577261924743,16.087638878822325,16.087570872306824,0.8960076907277107,0.8958632071316243,0.8958124276995659,0.8960034134984016,0.8959436057507992,0.13705811456347752,0.20664414839342085,0.1602979640417864,0.15841222117715106,0.1449121462091638,0.16527157818925867,-0.3341758992433068,-0.7571163259803398,-0.00903278537436563,-0.0072931813237119055,0.00052668681842988,0.006766494505282026,0.0055036977921801705,0.007618243852679597,-0.1247887600468964,-0.1113963498714436,-0.0046546934643095,0.07410514422197112
11_1_14_80_83_21_6,16.089742441177368,16.088856167793274,16.089834780693053,16.090099143981934,16.08952036380768,0.8957431037724018,0.8958307366073132,0.8956950142979622,0.8956574940681458,0.895734877884388,0.29364627596009224,0.3091690946688756,0.29032690392638555,0.3389164770498685,0.24103569478507086,-0.17825720890618205,-0.23703083153783788,-0.9233569054285122,-0.00523670799593674,0.003121764206016451,-0.0005511564837161132,-0.0025706077223003375,0.004207093271296366,0.009064870201166262,0.0130870346919771,0.0437364743460907,-0.0789819387888193,0.08042024678376815
11_1_16_67_92_22_7,16.095547862052918,16.09620521068573,16.09633926868439,16.09569487094879,16.096702818870543,0.8956443251669407,0.8957228836417198,0.8957219989597798,0.8958364780247211,0.895633266121149,0.25798773439076333,0.20725979754072618,0.2151465597847222,0.3034798009705576,0.19958444229498487,0.9247541433864916,0.1880907449879195,1.2404671513649312,0.000342424210102763,-0.006348210320470571,0.01091155748017627,-0.0045633471597057,0.003177740927001184,0.00722346174113005,0.0589855634694309,-0.0503094368492518,0.1484624353638307,0.07171025053925704
11_20_28_65_21_25_46,16.09716212272644,16.096633372306822,16.095347123146055,16.09531044960022,16.095464963912963,0.8958878810703754,0.8959135378897191,0.8960609659552574,0.8960491748154163,0.8959480687975884,0.0883398488681998,0.11010902538088178,0.06433217057752239,0.09115966260314093,0.060221052486385755,-1.9770278906560306,0.5677204196970377,-0.22066487350251807,-0.0020481764389842284,0.008672159610578092,-0.013176398213327048,0.004504238602748956,0.005483216418412503,0.007321485161057579,0.0021372359279676,-0.0112405206271334,0.0147271663758032,0.07453315705634843
11_20_33_40_47_34_31,16.09392080783844,16.091695590019228,16.092355065345764,16.092680349349976,16.09197452545166,0.895802095234394,0.896085179746151,0.8960406154394149,0.895906550437212,0.8959717540442944,0.21946091506415072,0.19963407555157034,0.20103388767905753,0.17218637158768746,0.06736679103485722,-1.456793760242738,0.5529062910338174,-0.6684285814783039,-0.0026146586182585452,0.0037528022252172376,-0.0027623542686933435,-0.0009904479565238944,0.004478795245050353,0.009562934525567817,-0.0061635380653862,-0.0199931554088324,0.0467193016440235,0.0793321881214755
11_20_35_45_18_51_36,16.101190490722658,16.102101159095763,16.10239218711853,16.101860456466675,16.10102734565735,0.8961526852846146,0.8960613696277142,0.8960612450540065,0.8960311242938042,0.8960147932171821,0.10091596874901713,0.16802971255001709,0.19971799205808985,0.19285160423018646,0.1559692695794264,0.03814099809142595,-2.007753178441593,-1.9694196132756283,-0.005310927254759008,-0.0011607491066024523,0.00605172417977883,-0.004890975073176378,0.004885843714041681,0.008407436785411011,-0.1545878520761333,-0.1360246081077955,-0.1242032594645406,0.07892924128799914
11_20_43_25_43_41_33,16.09688516139984,16.09479257106781,16.095937032699585,16.096168022155762,16.096172065734862,0.8959848344326019,0.8960700798034668,0.895925736874342,0.8959193684160709,0.8959641981124878,0.09192170438783007,0.08297421077807082,0.133743802813485,0.10617846358658252,0.05089893584439679,0.09040004070480355,-0.5980186302775201,0.10655760800755174,-0.0010944743469008245,0.0064704496990088955,-0.005490820951276874,-0.000979628747732022,0.005668718383042101,0.006313149695957571,-0.2049315521488443,-0.1093431195331958,0.0611133211933798,0.07580820225945249
11_21_32_21_78_30_23,16.0920667552948,16.092412958145143,16.09244873046875,16.09274980545044,16.092563848495484,0.8959245651960372,0.8958638940751552,0.8958446052670479,0.8958250366151332,0.895804553180933,0.05213364524950771,0.09817694406177935,0.1932848311412532,0.16480076369868882,0.24305543611868477,0.5286014235591616,-0.746942504297058,-0.18049145214703333,-0.0014610786564298905,-0.004608482448129507,0.005606308350725158,-0.0009978259025956505,0.0052584155438334685,0.010866569299280404,0.1328171011210437,-0.0130545094688888,0.0478743624480355,0.07856938105083652
11_21_34_21_78_30_21,16.08751396179199,16.087923331260683,16.08798201560974,16.08778600215912,16.08919988155365,0.895973284393549,0.8959619827568531,0.8957962320744991,0.8959998019039631,0.8957096119225025,0.19515726428406815,0.22803487247789925,0.287152280801414,0.22655171287266032,0.1454986021110176,0.8282444681611595,-1.1075860475563541,0.4908573881295127,0.00033497569704195486,-0.010766597838082816,0.0029118696351724794,0.007854728202910338,0.0040221781935427265,0.0071006575685938845,0.0745675178852341,0.089109922985234,0.1276206292566657,0.0754678026743196
11_22_44_37_25_43_34,16.088681125640868,16.087211022377016,16.086893448829652,16.08775188446045,16.088251256942748,0.8957408964633942,0.8959278635680675,0.8959702138602733,0.8960124316811562,0.896057156175375,0.2297728041870881,0.2799624718485939,0.298248828490307,0.3175083752921857,0.24917506200735284,-0.25340987494776224,3.2391541045789873,4.4183448873208295,0.010906041921411997,-0.001856191908736946,0.00017953943322936538,0.0016766524755075806,0.006066676257595989,0.005069739996233416,0.0438161238250843,0.0819675533097892,0.0448570782260109,0.07149532948624429
11_24_46_22_39_30_44,16.09417631149292,16.092947239875794,16.094928159713746,16.093062748908995,16.093333535194397,0.8959303425252437,0.8960313801467419,0.895929798334837,0.8961935593187809,0.8959866605699063,0.07136524084668067,0.07967388860838027,0.1347160382281476,0.14798751251920844,0.11819957833295927,-0.7175261372528231,0.8434946458423265,-1.144698537552547,-0.004238210735359189,-0.006963610897157366,0.011579325648283146,-0.004615714751125779,0.003585452398026069,0.006728262955725223,-0.0053055128124493,0.026338763825556,-0.0717457504214541,0.07769884507069595
11_24_7_61_51_25_37,16.102915301322938,16.104036531448365,16.10246235847473,16.104235134124757,16.103456115722658,0.8960698057711124,0.8958455626666546,0.8961764442920684,0.8959448394179345,0.8960239307582378,0.07510452105334474,0.161231071376496,0.06246165265892868,0.08535634754805271,0.07652491980491025,0.2677402341947847,0.22409661382262425,0.3622643831171358,-0.0020197558678046335,-0.008557352273128345,-0.002131930095383723,0.010689282368512068,0.0071041054018336275,0.007796970485751726,-0.1428238957982161,-0.0361921161195847,0.04682135044286,0.07258230788435649
11_25_24_36_57_25_38,16.099839177131653,16.09838215827942,16.098772826194764,16.09790370464325,16.097633004188538,0.8958934764564037,0.8959788291156292,0.8959766241908074,0.8959831893444061,0.896281653046608,0.18908806456942986,0.17311673371988306,0.15838810124277902,0.10990669218763877,0.11795693708529019,-1.9785812551529791,2.275804882310715,1.2525347133973166,0.010731611308731317,-0.002844177259726166,-0.006810078798880567,0.009654256058606734,0.004962872876162994,0.007834421780041343,0.0419712425777076,-0.1099506655956156,0.0838921594411327,0.07726428995986581
11_25_34_42_25_57_22,16.084907712936403,16.08440202713013,16.086378202438354,16.085902552604676,16.085056128501893,0.8959325337409973,0.8960837870836258,0.8957838200032711,0.8957625009119511,0.8958658286929131,0.14303783332567213,0.14011302566477624,0.17537345689536601,0.13126929097728587,0.12108056520387678,0.5959906465549578,-1.1168003036725058,-2.273528450824583,-0.004825445156020578,-0.010449218383655534,0.009040992442751304,0.0014082259409042308,0.0057452878892399846,0.00921879924335976,-0.0251091379320922,0.046836271322657,-0.0719387279355237,0.07717139762295802
11_26_22_41_31_63_22,16.098899421691893,16.099908065795898,16.098266854286194,16.09898027420044,16.09974103450775,0.8960628019273281,0.8960265901684761,0.8962192945182323,0.8960834468901158,0.8960692244768143,0.12923530075768114,0.10589479659861245,0.1215974781347505,0.10402878089105082,0.09238080590094283,0.09236190620153564,0.3415468070620227,0.3711220432740993,0.0038219142455363907,0.00995366878392815,-0.006848548246052815,-0.0031051205378753366,0.0050249334111929275,0.009404263978087357,-0.114212099754284,0.0248685364873972,0.0787129755872353,0.0776287180695329
11_26_30_33_32_57_27,16.098587303161622,16.097183146476745,16.09761772632599,16.09802327156067,16.097113056182863,0.895872128456831,0.8961521472036839,0.8961422744393349,0.895931606888771,0.8960521426796914,0.1682376985797119,0.23203639106206544,0.18616648850627102,0.1534784130684855,0.0753312381235246,-1.6275288834296207,0.556979786068455,-0.7696085396154668,0.0015258250726037658,-0.004771058464739326,-0.010274412964590737,0.015045471429330064,0.006012967866860482,0.005442429288665955,0.0205329355565152,-0.0002405334514217,-0.0565201499999848,0.0748772588398255
11_26_31_23_58_21_46,16.10227224826813,16.10339211463928,16.10131917953491,16.102149844169617,16.104273524284363,0.8961281394958496,0.895970194041729,0.89625274553895,0.8961233453452587,0.8958510488271714,0.1285532910562992,0.07827428553686362,0.0855114892450188,0.2106307131473182,0.1596228951974566,1.1015416876985598,-1.035189760780367,-0.5628534164375456,-0.0029402622219640764,0.005709587045603257,0.0013658064852461393,-0.007075393530849397,0.0038307657823081556,0.009754097542442091,-0.1688706943458638,0.0990064430942129,0.008565259995208,0.08101630640437425
11_26_35_15_56_61_12,16.088459486961366,16.088424048423768,16.089653420448304,16.089419231414794,16.089025678634645,0.8959451293945313,0.8959361831843853,0.8959065270423889,0.8958546996116639,0.8959047889709473,0.1413131162165457,0.19585586133953403,0.3621213304248586,0.34257590668218235,0.20057690731343428,1.225253531049393,-0.881324366797792,-0.5381432828190681,0.0017018336223554797,-0.0040854611644681425,0.014824995241303896,-0.010739534076835753,0.0049118052821331476,0.0088148753623469,0.0320178349035328,-0.0579474317269155,0.0757407398325456,0.07558959628015642
11_26_35_22_21_78_23,16.1048655128479,16.1047367811203,16.1049214553833,16.10489653110504,16.102932934761046,0.8960672117769718,0.8958839128911495,0.8959988671541214,0.8960151019692421,0.896159006357193,0.15670618163351493,0.08549658046036988,0.10266322885676793,0.0656170315013851,0.14132277767781556,-1.083859023881191,0.9100567260641048,-0.01752228315708013,0.0029092836949712363,0.0045521414236282,-0.002880987986936816,-0.0016711534366913839,0.004951715816757336,0.0068097251108545625,0.0359836504198198,-0.10284172464378,0.0677586738521139,0.07534105226889369
11_27_22_28_27_97_4,16.103465270996093,16.103520016670227,16.10328604698181,16.1035884475708,16.103919072151186,0.8960489705204964,0.8961300937831402,0.8961522576212883,0.8959836035966873,0.8960436959564686,0.08390032455111326,0.12601465783234944,0.15272904977093327,0.10896610568632578,0.08423737882057353,0.5354298960179628,-0.5479822311841844,-0.6283281650700567,0.0005834818117000395,-0.0038255937694475508,-0.006694745531626722,0.010520339301074273,0.004090594999290451,0.008164313847536561,0.0735667435176589,-0.0339978141723792,-0.0387190293750329,0.07246922176092897
11_27_25_51_22_44_36,16.094110946655274,16.094777359962464,16.094341940879822,16.094850387573242,16.096999673843385,0.8960289987921715,0.8959965118765831,0.8961305226385593,0.8958467906713485,0.8958508804440498,0.1078614369963104,0.17286496989431513,0.1767474844211526,0.19683709984933326,0.1977747057902358,2.7297343472782014,-1.3740042520982731,0.15886086493324236,-0.0022283365453768054,-0.01389197675176547,0.015181496105506086,-0.0012895193537406158,0.006149201895695885,0.007161322511195845,-0.090528517642277,0.0685064606907586,-0.0410117354127863,0.07226366835529853
11_28_25_43_29_37_43,16.102140469551088,16.100713934898376,16.10004617214203,16.101139845848085,16.099821629524232,0.8959577184915543,0.8960434527695179,0.8961264489591122,0.8961084599792958,0.8960976938903332,0.12255862090303066,0.19647217074332635,0.17736366222645084,0.10728784606195539,0.1790872933673233,-1.5517025988399797,1.1243545288963055,0.1610692810432991,-0.0005552797393465881,-0.004067049158784357,0.0023507777488157443,0.0017162714099686128,0.004817855721555258,0.00893846416415707,0.0689628182727266,-0.0537379861490588,0.1682967706390808,0.0745106799774446
11_2_16_75_83_23_6,16.08958168029785,16.090759854316712,16.09002694129944,16.091008830070496,16.090103282928467,0.8957909654080868,0.8956708677113057,0.8957539938390255,0.895644815415144,0.8956443896889686,0.1093329363223745,0.08863009601057259,0.16220008136584474,0.12111169925149606,0.10216279665073508,0.39079500224216124,-0.751234108927943,-0.11766001099094396,0.000829348695333465,0.0013203469948348356,-0.0027230626488744746,0.001402715654039639,0.004480794435617288,0.006620269728955291,0.0463869858112673,-0.0597833420978156,0.00047306924037,0.07707095414899129
11_2_9_77_89_21_7,16.096018619537354,16.096984453201294,16.096757035255433,16.095855236053467,16.096029887199403,0.8957123474776745,0.8956308124959469,0.8956882992386818,0.8956827262043953,0.8958490353822708,0.05582626330410192,0.11873221505540296,0.09933437886395495,0.10882168353041033,0.046684512860575025,-1.0180177720871975,1.5771312221797837,1.293776768553955,0.005400755342707271,-0.004323040609087911,0.003555358642115607,0.0007676819669723045,0.004348022302085839,0.009827220317001622,-0.0499529303610805,0.0614516380241301,-0.052214660132128,0.07484693522148318
11_30_32_26_49_28_40,16.092773370742798,16.09163121700287,16.09078929424286,16.092869062423706,16.093715415000915,0.8959042616188526,0.8960587975382804,0.8962021625041962,0.8958521358668804,0.8957980167865753,0.05758035595243666,0.09742057332679276,0.19483022304017156,0.24042482719054675,0.16167434891695948,1.2305920272053552,-1.2064183316983323,-1.1362326421127782,-0.0027667268456571035,-0.0018776891992456513,0.004538582694731303,-0.002660893495485652,0.004103086040639084,0.006815154469262288,-0.0026336665267371,-0.191253521088187,-0.0285518055690078,0.07497387806562505
11_30_41_17_32_41_44,16.097019305229185,16.0980185508728,16.09711772441864,16.096974534988405,16.098644099235536,0.8960933856666088,0.8960577790439129,0.8960775575041771,0.89614542350173,0.8960191147029399,0.07890105559683824,0.18546191948199278,0.14233166433008454,0.24428288348744676,0.19881065309121543,0.8118636043826691,0.1566295520231357,-0.45513105944940546,0.0009816159804177005,0.001431617795897182,-0.0050013064037193545,0.0035696886078221725,0.004131271965436765,0.007339535824959151,-0.0036557791500827,0.0781397884777848,0.0073299900784933,0.07764541818874279
11_31_30_41_26_18_59,16.097649693489075,16.09772413253784,16.097407245635985,16.09909356594086,16.097158937454225,0.8961460727453232,0.8962016685307026,0.8960770797729493,0.8961034652590751,0.8962248867750168,0.16952813335286307,0.19071312957046466,0.08644694267780234,0.07721395189892433,0.08263154636024204,-0.10286234328379265,0.4386881244578693,0.01802635949070644,-0.0009811471340071876,-0.011237207253643647,0.002907647878746502,0.008329559374897145,0.004503882322453637,0.008176092827922376,-0.0105384057783156,-0.0399348786853418,-0.017383676698485,0.07816168712586521
11_31_30_46_19_13_66,16.09989592075348,16.099179530143736,16.099709639549257,16.0997722864151,16.100855107307435,0.8962373994290829,0.8963229891657829,0.8962129011750222,0.8961420863866806,0.8960248567163944,0.15102013948708812,0.1774227190589837,0.24792385064313638,0.2225865540717851,0.21331077833485262,1.57011951619364,-2.064585450759504,-2.885386912156262,-0.014453610654600197,-0.003911876024430967,0.0068001349932819725,-0.0028882589688510054,0.005267983156560933,0.006393258808749811,-0.054457362144268,0.0957008126143237,1.1648585753732582e-06,0.07906107803084222
11_31_40_19_36_22_57,16.098839559555053,16.1004519701004,16.09839247226715,16.10024248600006,16.099656715393067,0.8962098447978497,0.8960792799293995,0.8962076288461686,0.896027855873108,0.896077743023634,0.16881133608090892,0.19957876711013064,0.17795869778557305,0.17754024557898787,0.22416779855335317,0.7618410958490206,-1.1304900241876448,-0.3526378854055979,0.0024968244093179237,0.005605480447120499,-0.0016738958088717481,-0.003931584638248751,0.005014855352585717,0.007974507643271324,0.1435150865918179,0.0330339082091141,0.0535770184233484,0.0711175981719002
11_33_21_49_27_22_53,16.09641194820404,16.09679530620575,16.097204594612123,16.096313157081603,16.094261956214904,0.8961647371947765,0.8960843978822232,0.8959958218038082,0.8961082176864147,0.8963133898377419,0.1340337499215598,0.22840260584138433,0.23548811544713794,0.2922777172560148,0.31320496315536894,-1.813142028487295,1.1339361171211901,-0.3564347565980626,0.0034431064093541864,0.0014145334264867415,0.006171570946080464,-0.007586104372567206,0.003393633775523628,0.007746665855016545,-0.0924003662038648,-0.0062261296055436,-0.0810452538935163,0.0752357832868687
11_33_36_24_31_31_50,16.097368569374083,16.095252165794374,16.096802463531493,16.094102897644042,16.094224328994752,0.8958544689416885,0.8961568753421306,0.8959549929201603,0.8961602821946144,0.8963175922632217,0.09050302343825865,0.07062178968897921,0.09679859637783984,0.1315823334959261,0.1684866364154781,-2.958879036858545,3.0134431438825935,-0.05348297243876429,0.0059418008175998694,-0.008156269737819457,0.011478492664573424,-0.003322222926753966,0.003444219784191331,0.0072612522025035505,0.0068056888144807,0.0983800210667384,-0.0018398794625354,0.07110312365291888
11_34_10_53_42_19_47,16.095559072494506,16.094942932128905,16.096495003700255,16.0941660118103,16.09674382686615,0.8960535228252411,0.8962400244176387,0.8960758662223816,0.8962612141668796,0.8960813492536545,0.1963733934619294,0.22661674338265073,0.1872913002194565,0.19458125340938998,0.2005526337168889,0.42536857368827585,0.15741725756867211,2.1179698830946445,0.014578357558275457,-0.0008247380598180598,-0.008220436139018262,0.00904517419883632,0.0045952467932203435,0.006554486806241379,-0.0427473609159388,-0.1549307101400617,-0.0165312463215427,0.0782346593605834
11_35_31_27_37_30_45,16.09117067337036,16.091844205856322,16.090566039085388,16.091701717376708,16.089650263786314,0.8959342588484287,0.8959035676717758,0.8960230648517609,0.8959639140963555,0.896182385534048,0.27152072864092297,0.27927539097203374,0.30528312679488484,0.348055918263451,0.3832269351094345,-1.3276955148523555,1.7316228533328364,1.0621975072981766,-0.0011738912282453385,0.010186251863087819,-0.000595693169743754,-0.009590558693344065,0.004029504035120738,0.007116804397509161,-0.1498944907840948,0.0715853168209457,0.0046181074879354,0.07586416742190913
11_36_15_44_39_32_39,16.09164560317993,16.090766983032225,16.093422727584837,16.09155406475067,16.091789240837098,0.8961130110919475,0.8961009125411511,0.8957735826075077,0.896061794757843,0.896075714379549,0.19204683625517435,0.25619468920612953,0.24147647666137043,0.20653967790695532,0.14349665284028734,0.56698142372124,-0.2937283472736839,0.2147965170558651,0.004735225073454785,-0.014877292743467479,0.0026950493595995794,0.012182243383867898,0.006045312416247199,0.0083511905137435,-0.026827047982756,-0.1307706954175199,-0.0400738937659662,0.07527497362964598
11_37_28_32_31_33_44,16.08790554046631,16.0876127243042,16.088687138557432,16.088265810012818,16.087758159637453,0.8959951567649841,0.8960391134023666,0.8959907485544681,0.8959321123361588,0.8960367003083229,0.18149704667710864,0.19354183904438252,0.07802663176803526,0.06878843562143513,0.09318849873111396,0.14802157093839,-0.05810075269124358,-1.712411360734999,-0.005223250474509769,0.003606246442159318,0.007977430449682289,-0.011583676891841605,0.005629308398933686,0.007374460742412181,-0.1360231096095863,-0.0967573184688529,-0.02459152557961,0.08014011349889069
11_38_20_27_31_43_46,16.102792234420775,16.103326950073242,16.10459844112396,16.10368362903595,16.1040029668808,0.8963535486161709,0.8963457699120044,0.8962047937512397,0.8962239646911621,0.8961456060409546,0.13090062604995517,0.0887740242887162,0.08892995830251832,0.06198375193181262,0.0729440929713577,1.2111683035887413,-1.7742999677544065,-0.6991660609664305,-0.002393696052758969,0.0035603271456238874,0.012514504041755572,-0.01607483118737946,0.005104405348873563,0.008847997626725662,0.0475763605863903,0.0232246211920188,0.1290534315172826,0.08083503376778683
11_38_21_33_21_43_49,16.10351456165314,16.103380770683287,16.10273443222046,16.102838411331177,16.10167845249176,0.8960550437867641,0.8961693684756756,0.8961750194430351,0.8961759641766548,0.8963287264108658,0.0699924705151676,0.09105407470713615,0.09393065587351984,0.08558498512886104,0.06850099643500385,-1.2162016840339782,1.7090156472964881,-0.04522209351842768,0.0018130785135144834,-0.008704401014349515,0.003944162371626589,0.004760238642722925,0.0055315945141425835,0.006884174671700407,-0.0498417443905888,0.0056002122053634,-0.0258706135771403,0.07555056949015164
11_39_27_30_31_25_53,16.093634285926818,16.093209195137025,16.093311142921447,16.093203673362733,16.093210973739623,0.8960274623334408,0.895900993347168,0.8959111252427101,0.8959934255480766,0.8960153578221798,0.0879053936841244,0.08568204339263673,0.1256133456780718,0.13402747493670744,0.11441633614702497,-0.8307432202009875,0.15984873231790922,-0.9240305147738854,-0.004338415791389707,-0.002830195751419069,0.0011246692215604525,0.0017055265298586164,0.0038459965707944373,0.008757443902912039,0.0223753964659823,0.1173530194536917,0.0936925781992118,0.0753061886160886
11_3_10_77_85_22_8,16.095156598091126,16.093937196731567,16.095949087142944,16.093589601516722,16.095141248703,0.8958088551461697,0.8958811150491237,0.8956977273523807,0.8960011941194534,0.8957091405987739,0.2531023800718632,0.2233985781193571,0.18555164960807868,0.21496057589829135,0.16704825152012354,-0.20589845591057776,-0.022005792407118367,-0.05085834489794119,0.0010701530714868567,-0.0042725311809681445,-0.0035927199947855116,0.007865251175753657,0.005328918443918736,0.00794315332461803,0.1485191018692363,0.0516193851170271,-0.027055054083687,0.07219112815204105
11_3_17_73_82_24_6,16.090345849990843,16.090451579093934,16.09020079135895,16.089098987579344,16.090290937423706,0.8955617007613182,0.8954551661014557,0.8954766377806663,0.8955776005983352,0.8955376695096493,0.14226089684765592,0.11124320971219294,0.12837996393448145,0.11020112526312151,0.17977898222178917,-0.5302941365247502,0.021422396004180506,-1.315596477608954,-0.00371557468220999,0.001281746009553899,0.0029596391467930517,-0.0042413851563469504,0.0031359886141968884,0.007963502352554457,0.0589864135180694,0.1088470708474983,-0.1608745365929193,0.07432928101303833
11_40_27_27_28_47_36,16.086854796409607,16.087204790115358,16.087833952903747,16.085977277755738,16.08667662143707,0.895880761295557,0.8959515926241874,0.8958470499515534,0.8959901438653469,0.8958810825645923,0.11868860685839222,0.14942119202208318,0.14130557110337374,0.17372773810139674,0.17571239191012425,-0.46796581054364883,-0.01656932951123227,-1.1296301476036597,-0.010942235802325513,0.004292171113979748,-0.0010890891623057542,-0.003203081951673994,0.005248331685636016,0.008407843370610037,-0.127597657878624,-0.0792315028494136,-0.1026472343177172,0.07753946328433642
11_41_15_31_12_82_24,16.101211228370666,16.10137351989746,16.100490679740904,16.099491205215454,16.101196632385253,0.8959798204898834,0.8959968528151512,0.8960435545444488,0.8962329815328122,0.8959914687275886,0.17930720010749263,0.15017167745236745,0.1690205777926436,0.1411685081175073,0.16463920185183556,-0.7019597403689611,0.8366545324532827,0.2590520673316022,0.0014462702194941812,0.011027626463819615,-0.012178031981366076,0.00115040551754646,0.0039034094091439883,0.007414487036114313,0.0680907112604459,0.0326052929650675,0.0797564668591178,0.0767510838406269
11_43_21_18_54_33_36,16.084819898605346,16.08405472278595,16.085494079589843,16.086020917892455,16.08552453994751,0.8960019798576832,0.8961032710969448,0.8958668315410614,0.8958676294982433,0.8959869176149369,0.12983410275496748,0.1262076391074901,0.12168141389569657,0.10245833171439298,0.1464705732166992,1.1132430089229366,-0.5683011167998483,-1.0068182582834775,-0.005416239634395197,-0.0056723964299453655,0.0013268721768690738,0.004345524253076292,0.006172384089058292,0.007257769358157052,-0.0718664448759533,0.0542628485894453,-0.0707296143531352,0.07949919975750055
11_44_3_42_55_14_47,16.091280617713927,16.089781551361085,16.09129170894623,16.091642298698424,16.090992493629457,0.8960773147642612,0.8962384411692619,0.8959700344502926,0.8960535147786141,0.8959848949313164,0.20790939432731875,0.2026327312383922,0.13604750498459922,0.1483741358180815,0.11818432051014166,0.6191031810005305,-1.226050104316803,-1.505825557485239,-0.00028492664539953694,0.00024584113562013953,-0.007025697710041641,0.006779856574421501,0.0036827637048331505,0.006500322444240849,-0.0363033104443224,-0.0538394108259356,0.0945367801749657,0.07547955647063563
11_46_7_47_21_43_41,16.090996537208557,16.091283249855042,16.090664286613464,16.0884956073761,16.089802083969115,0.8959433226287365,0.895992596745491,0.8959097903966904,0.89623100861907,0.8961071187257766,0.09615422273442441,0.10967820335756327,0.15564550895101598,0.15511101505844638,0.22860936335940454,-1.9123293394833383,1.327904424808697,0.3674017051110551,0.0016057631451985798,-0.0008201599850622187,0.009225692193333544,-0.008405532208271324,0.005504528389648878,0.00841419612085052,-0.0247392060731939,0.0528357032301717,-0.1044312457511051,0.07810964245903393
11_4_15_69_83_29_5,16.093367629051208,16.094802346229553,16.091999468803404,16.09297724723816,16.092175331115723,0.8956874218583107,0.8955518515408039,0.895861924290657,0.89549521073699,0.8958167624473572,0.19774781543021716,0.26002637005416723,0.20808827584697462,0.2126496951303503,0.3126078582029966,-1.3222256224474203,0.6297365927595544,-0.49828301401953484,0.000477322075603297,-0.00657338358607376,0.004904200692108134,0.001669182893965626,0.004352439760138077,0.009226533601600955,-0.0326151897834527,0.0734304785916048,0.102556151270379,0.0784066301992584
11_5_11_79_79_26_5,16.09123968601227,16.08807909488678,16.089714431762694,16.08881856441498,16.089446439743043,0.8953551992774009,0.8957693535089493,0.8955141107738018,0.8956937074661255,0.8956922730803489,0.16664401748729177,0.15632493463557207,0.0953939501126263,0.08521594584247191,0.2100498410211486,-0.674836838612727,1.7915251464999038,0.6574100358924094,-0.0006251032117870636,0.009557892691154847,0.0003677506103849737,-0.009925643301539822,0.0045417862566961625,0.008128466834605882,0.0036725582434259,0.1121887802632316,-0.029614635689317,0.07410211666999839
11_5_20_66_82_25_7,16.089000964164732,16.088265199661254,16.0872292137146,16.088709354400635,16.08785071849823,0.8955223754048347,0.8955573716759682,0.8957537432014943,0.895605044066906,0.8957311892509461,0.08649836945392408,0.11964133195303557,0.10091020984016412,0.09938505182398892,0.11634060364776584,-0.6110179356960163,1.5949514912119809,-0.5769462791412426,-0.0011227682422031648,-0.015587011443567462,0.0005804041791998316,0.01500660726436763,0.004686329294927045,0.006113578231625109,0.1009472090451958,-0.0279411312698159,-0.0752514410685399,0.07542339555613299
11_5_38_46_48_63_5,16.09606018066406,16.096565899848937,16.095351181030274,16.09619376182556,16.096576890945435,0.8958398458361626,0.895680736452341,0.896033104211092,0.8958645184338093,0.8957485261559487,0.16925382188236185,0.14891598593733377,0.09672104397178906,0.10863203138292166,0.1429436597836542,-0.007381772203357847,0.21475661170872606,-0.1812912907290831,-0.0005702141233996372,-0.0073887451295740906,0.014515968095897733,-0.007127222966323643,0.003511503386821986,0.006317016296324765,-0.0326031895000076,0.1214710120973257,-0.0590879313350468,0.07832549290445852
11_5_45_45_58_38_14,16.085862712860106,16.086102690696716,16.08680588722229,16.086623358726502,16.087124519348144,0.89573396012187,0.8958347709476948,0.8957737432420254,0.8958150677382946,0.8956386724114418,0.08141617996502867,0.08846020319978556,0.0693641826308492,0.06835871307050441,0.1456988617918907,1.1530238636009058,-0.728438251622981,0.965131656798513,-0.0020346063341276023,0.0006824553951082635,0.0033125512723790962,-0.003995006667487359,0.0037863806749546232,0.00704418597255915,0.0868818515879051,-0.1168685045179464,0.0551699543386052,0.08163486384142365
11_6_60_40_22_48_29,16.092969284057617,16.09178482055664,16.092552881240845,16.092325325012208,16.092583594322203,0.8958425489068031,0.89600082218647,0.8958357937633992,0.8958770431578159,0.8959183751046658,0.0971529484740445,0.21982646524382496,0.14236770065021492,0.10369683249770759,0.18983590136959627,-0.32076653450767806,0.42085223031037783,0.5994760964717567,0.006582341492758132,0.0013896866269851671,-0.0017041202943755707,0.00031443366739040355,0.005755792276545697,0.0068979949136580045,0.0711506459719964,-0.1079704318683718,-0.0900184183704275,0.07616722963394985
12_10_13_70_66_26_19,16.096446709632872,16.09583411216736,16.097912888526917,16.09740632534027,16.097844305038453,0.8959950439631938,0.8959796632826328,0.8958327198028564,0.8959387542307377,0.8958222708106041,0.23756847509206788,0.2062277762169895,0.15466824067931373,0.2699949061812497,0.23711513103676457,1.369385995829887,-1.0531938662723235,0.8499449606625665,-0.0032562448349381158,-0.007821979662257944,0.005092124704242451,0.002729854958015494,0.004872330328776801,0.009562487555057952,0.0331136080449337,0.1105822721169078,-0.0338769635888497,0.0778956430091216
12_11_34_30_58_55_16,16.105271525382996,16.105868773460386,16.104661178588866,16.105938501358033,16.10562849521637,0.8960651794075966,0.8959749501943588,0.8961341623961926,0.8960262766480446,0.8960782617330552,0.1162501152091144,0.136884981239422,0.11061441686596131,0.06445616003304991,0.0614700136478299,0.42127308232966687,0.016679278855403684,1.7539102194481566,0.006253943885240005,-0.0041096841463149755,-0.0005767898672820593,0.004686474013597035,0.0036768770339051576,0.00850935666068664,-0.0439392071521664,0.0645318096007948,-0.1366005760376777,0.07253517785359127
12_12_31_60_32_26_43,16.10527856826782,16.10565484046936,16.104066686630247,16.104388918876648,16.105059747695922,0.8959336772561073,0.8959556762874127,0.8960443332791328,0.8959597183763981,0.8960572150349617,0.17167697958360253,0.21463575597957563,0.18233207938366292,0.056919738233015306,0.04905598369719492,-1.0773429811584938,0.8631517398732059,-0.523519829942541,0.0033513073975882436,0.003489303957867378,0.006349702549050562,-0.00983900650691794,0.003893756121795756,0.0062922129391127825,-0.1270164694150964,-0.0941730416039197,0.116091302703411,0.07630353119664858
12_14_24_10_105_46_5,16.10409731388092,16.106981315612792,16.105427713394164,16.106551756858824,16.10663353919983,0.8960569663345814,0.8958144943416119,0.8960385589301586,0.8958540397882462,0.8959210501611232,0.15045795728118794,0.15205524578115293,0.22479533377401295,0.23721293749504122,0.28643673303124084,1.7171780833965158,-0.6874884790838263,0.9617475344586077,0.002357355929452751,0.002903000204314594,0.00033393109843018467,-0.0032369313027447786,0.0037954263129515607,0.006065899364130847,0.0143691139997876,0.0494569997788272,0.0108815436736015,0.07150783323028095
12_14_37_37_48_37_31,16.101761770248412,16.101731925010682,16.10112359523773,16.100916051864623,16.100217576026917,0.8958249093592167,0.8957142886519432,0.8960035325586796,0.8960780391097068,0.8961467151343823,0.07444693486892344,0.11159415430498879,0.14085775064558098,0.10470333174619206,0.06080560104944375,-1.970166015142777,2.8296527420010875,1.6611042789574937,-0.0009414415578430635,0.0019886439433321355,0.0006202179621323012,-0.002608861905464437,0.004615153092081081,0.00518027702770409,0.0734270266737926,-0.0354782975362665,-0.068876950590007,0.0752880539784478
12_14_44_34_36_40_36,16.10260640621185,16.10125086784363,16.10098933696747,16.100167088508606,16.102875871658327,0.8959632496535778,0.8960599359869957,0.8961470298469066,0.896259986013174,0.8959803070127964,0.21291739263125803,0.09239908613873232,0.1267597805995695,0.10579667040996442,0.07313193759110587,-0.23825851660360917,0.993324935421461,0.7744550131962229,0.0034114031089666243,-0.009913311570089718,0.004824922268671799,0.00508838930141792,0.00398179443412536,0.006163898793716516,0.0065273347291101,0.0141184389049689,0.0320932134776933,0.074116713977133
12_14_51_29_38_29_43,16.09806411743164,16.098028802871703,16.098774366378784,16.099296660423278,16.09869435787201,0.8961683101952076,0.8961418727040291,0.8958981783688068,0.8958800159394741,0.8959470564126968,0.12894936655844574,0.07732378304155453,0.06870032485776047,0.07934436950549265,0.04333257450698632,0.8752281838232961,-2.5963729993195663,-0.9067454626405472,0.0027907215876621194,-0.003778218769311934,0.004601163255338179,-0.0008229444860262447,0.005183475642051544,0.006391209585467252,0.1126299693854863,0.0437345281318846,-0.0754483665591929,0.0777545942463122
12_15_27_56_32_57_17,16.094599890708924,16.096909193992616,16.098323774337768,16.09630540370941,16.095554208755495,0.8960421703755855,0.8958167685568332,0.895564907938242,0.8959465731680393,0.8959812411665916,0.07323072657043875,0.047186459752638236,0.0657174821536433,0.07950835645029115,0.060340392984786016,0.4339733427684001,-0.037664192602124405,0.6055976999184998,-0.0017780647198742373,0.002705137541270233,-0.006589041352272034,0.003883903811001801,0.005664495823256473,0.008597680780869877,0.1734408626109131,-0.0457631030524648,0.0649454294218066,0.07411486966019976
12_17_17_66_52_27_25,16.090308275222778,16.08982654094696,16.090557675361634,16.09163380622864,16.09147954940796,0.8959342181682587,0.8959336383640766,0.8960354660451412,0.8957780635356903,0.8958701066672802,0.18391475069561936,0.11066413379227422,0.09372025864361205,0.14893454167332798,0.17634374196921485,1.490218216826822,-1.020050700965171,0.12605892340475566,0.0049506444121198,-0.013842197200981446,0.016870379508152383,-0.003028182307170937,0.0053394914609535375,0.009254607134927314,0.0071400389164871,0.0400520598614473,-0.1077768284192707,0.07778666819207142
12_17_31_52_27_29_48,16.106159949302672,16.107209758758543,16.105815877914427,16.106333003044128,16.107650365829468,0.8962588419020175,0.8962270721793175,0.8963107833266258,0.8962841852009297,0.8959589877724647,0.1651430024440591,0.20462302450225414,0.29356703658266076,0.10268521765042726,0.0648017647180303,0.592893917882992,-1.42233703668798,-1.217017820553249,-0.012209118252867484,0.004689628106079908,-0.009142821547720814,0.0044531934416409055,0.0038447321918364135,0.006755072267728418,0.1844692602096518,-0.0179697187159955,-0.0840133765996164,0.07423316892144048
12_17_48_40_27_23_49,16.09604866027832,16.09399127483368,16.094063987731932,16.09546356678009,16.094020733833315,0.8959847208857536,0.8960595664381981,0.8960707673430442,0.895854511409998,0.8958818140625954,0.17708210622807377,0.1905469898027378,0.15392597518551832,0.09190500139331757,0.1513302279022484,-0.8995320805285362,-1.0037908999821854,-1.8447059067482725,-0.007309365145301854,-0.014982715907199235,0.016112916956872142,-0.0011302010496729053,0.005389801915791743,0.006164270526138272,-0.0801993103350476,-0.1483816473527767,0.1314933915479328,0.07863623621084938
12_19_36_33_58_26_32,16.092013239860535,16.09273292541504,16.093108305931093,16.092217111587523,16.09218674659729,0.8958302421867848,0.895848192423582,0.8957552820444107,0.8958892330527306,0.8959414954483509,0.13879188740366344,0.26063973180767275,0.25724883902394824,0.29921442493685924,0.2999109210660814,0.042562270442532156,0.7139309028737274,0.7267040598403792,0.0032668538620055187,-0.011853257073671557,0.0003610101996218873,0.01149224687404967,0.006503602013208167,0.006999577817593983,0.0726811732947442,-0.0972965024338507,-0.1536469534226006,0.07671628255449868
12_1_18_69_89_20_7,16.09186547756195,16.09231276512146,16.09239607810974,16.092464270591737,16.092831420898438,0.895608891248703,0.8955870255827904,0.8955720725655556,0.8955700287222862,0.8956023201346397,0.22414965893192973,0.15559914283974188,0.07251209376317796,0.0489573669421026,0.133722351440789,0.5883786744880193,0.1034158127702177,0.31304992697016926,-0.00032377261286455907,0.0005919776207110772,0.0035822159230156103,-0.0041741935437266875,0.003769315908144439,0.006695056863574022,0.0283427883845838,0.1095567590747494,0.0363643867067,0.07266284301007826
12_20_29_37_56_33_29,16.095713119506836,16.095595154762268,16.09594186306,16.095926108360292,16.097241353988647,0.896011800467968,0.8959353575110436,0.8959483961760998,0.8959290811419487,0.8957984678447246,0.05687028823855708,0.0950642544744402,0.12050637321077559,0.08975397326183338,0.1331905449855997,1.1324161359762193,-1.3975693484507006,0.45637864135937756,0.0015831426174554508,0.0028182357757395946,0.003299803587797214,-0.006118039363536809,0.005213955840325197,0.0048647500807264266,-0.0481737712836611,-0.0478683524857468,-0.1113574651686647,0.07445087034754296
12_21_27_29_60_48_19,16.096002411842345,16.097187662124632,16.098056344985963,16.097935800552367,16.098842964172363,0.8960492442548275,0.8959808340668678,0.8959948243200779,0.8959151156246662,0.89577372610569,0.10477751869196075,0.08949826299540721,0.11468592422309266,0.21171347530965798,0.21147680320291498,3.832545607298503,-3.783433378304152,-0.5417825691545317,-0.006260805901601998,0.0011370593054743949,-0.01118085154790606,0.010043792242431664,0.004565385271152112,0.007355041728519314,-0.074086721906252,0.061151081983488,-0.0944578704877461,0.07462063229787647
12_21_42_26_45_33_37,16.094331789016724,16.093516516685487,16.093742604255677,16.093432931900026,16.094110684394835,0.896001437753439,0.8961823752522469,0.8960677342116833,0.8960876552760602,0.896070749014616,0.46595445142080394,0.39308409606432737,0.22013256052407013,0.1682709377014319,0.1360265557907273,0.06576878023516242,-0.27839790644009693,-1.861623678253589,-0.0014176382086589002,0.014282794196706163,-0.015948243075190476,0.0016654488784843123,0.0033024249438814066,0.005922317666840373,0.0399597022935246,0.017528775396073,0.1139820549359749,0.07735760756313886
12_24_27_55_28_33_37,16.091604952812194,16.091053657531738,16.09102553367615,16.091152300834654,16.09185360431671,0.8958080963790417,0.8959066981077194,0.8957848121225834,0.8958112554252148,0.8959143809974194,0.1419699831173152,0.11675314129286246,0.13976967418068745,0.10329303091252971,0.08101142432583217,0.1871457722390972,0.5090751787266856,0.8768404742070492,0.005928516071944614,0.013502444198493321,0.0043005705477389715,-0.017803014746232294,0.004722755302571024,0.006101451807978585,0.0228686849941306,0.0044030637793405,-0.062803118133812,0.08156674391423661
12_25_23_43_32_38_43,16.106379361152648,16.105596642494202,16.107753963470458,16.105355000495912,16.106941165924074,0.8962477143108845,0.8962135283648968,0.8961493267118931,0.8961846926808357,0.8962576501071453,0.10506722674797045,0.11277147392569203,0.08415728961346891,0.12671119335354106,0.05595310750091542,0.13164000386697547,0.1473116177408765,0.6036728417558499,0.008826510370636243,0.002975697861475055,-0.004356172777952452,0.0013804749164773966,0.004016691534965829,0.008251552654900185,0.0605695541528508,0.0138588555612491,-0.0283745575146708,0.07884125900945621
12_25_42_41_22_22_52,16.09228781223297,16.0908087348938,16.091991052627563,16.08899697303772,16.090911569595338,0.8957751503586769,0.8958899377286434,0.8958115500211715,0.8961310569941997,0.8959860211610794,0.17914640237712118,0.16742187391568067,0.20796649625992053,0.23813573789159115,0.1851039942674023,-1.9469321891673061,2.215371474987972,1.6606528098494664,0.00891865265994511,0.006500166331265973,0.004664005065765195,-0.011164171397031169,0.0047904380412108595,0.006510510531267726,0.1075778719088793,-0.1398875200799899,0.0354284336020379,0.07521563015914547
12_26_49_23_24_29_53,16.094049191474916,16.094505815505983,16.09461553096771,16.096168289184572,16.095834007263182,0.8961636696755886,0.8962323081493377,0.8962485501170159,0.896040694117546,0.8962654110789299,0.16374587287616835,0.2159875138428788,0.12340202633701323,0.1299348490664142,0.11237920426149267,2.681598353611944,0.00017600017023122118,1.580990729719653,0.01189677813597882,-0.011204531465591572,0.013722476855000422,-0.0025179453894088513,0.005772699985706935,0.007151802484382604,-0.0167128453568312,0.0343358306914764,-0.1099095563686331,0.07895871810915021
12_27_16_63_35_8_55,16.09896990299225,16.098154430389403,16.098696751594545,16.098988199234007,16.097921390533447,0.8960638618469239,0.8960337461531163,0.8961491772532463,0.896060386300087,0.8960714229941368,0.09404155284592638,0.07530861342316132,0.0999129131373965,0.11137027003327789,0.16328073101834595,-0.5529584521247599,0.18775936882246494,-0.39896197417616935,-0.002770956530075637,-0.0064859805379091995,0.0077609822991871625,-0.001275001761277963,0.00523696560362347,0.005314244226210155,0.0934754251670434,-0.0342076994738233,-0.0692799876746248,0.07148792969229568
12_28_12_29_80_43_12,16.09298659324646,16.09301426410675,16.09318166732788,16.09218927383423,16.092342805862426,0.8958132058382035,0.8958053557574749,0.8957539130747318,0.8960750240087509,0.8959273456037045,0.14971102063101097,0.16387890688304518,0.07845195333146668,0.09745830944300306,0.10343218979033278,-0.7774184580547021,1.3577650534296948,-0.5753204992076484,1.6651319310767575e-05,-0.011838288208600715,0.005356927196662582,0.006481361011938133,0.004241044953471794,0.006431433127267435,-0.074464602831772,0.006182075792525,-0.0439245574790302,0.07513317616228067
12_28_39_38_22_30_47,16.089995799064635,16.088917145729067,16.08948618412018,16.08833815097809,16.09071469783783,0.895915088057518,0.8960720106959343,0.8960720062255859,0.8961220604181289,0.8958257181942463,0.07999775085848668,0.133135065875986,0.09158244176922922,0.11731850106298587,0.1482712347519664,0.7199733482585712,-0.5976493474052688,-0.07011919538532904,-0.00038011578839359573,0.012073300115807796,0.004078967625027872,-0.01615226774083567,0.004020251264632126,0.0068709193322115825,-0.0578017881414262,0.0713242862142511,0.0970014218981245,0.07055171902641415
12_29_23_39_37_46_30,16.09562222480774,16.095424613952638,16.09545207977295,16.093296194076537,16.093708448410034,0.8957813103497029,0.8959323912858963,0.8959473536908626,0.8960622109472751,0.8961503471434117,0.07369315164309934,0.053936535657340606,0.07449125951487291,0.07179444663914868,0.14940053155665203,-1.613881567066113,2.1630520357442196,0.38324752971713544,0.003032203987968387,0.0032164678545086645,0.001595483380224323,-0.0048119512347329875,0.0058071443128597505,0.007829125769413966,0.0072666223324319,0.0567588353465704,-0.0478415463512227,0.07322788055375169
12_29_30_40_29_45_31,16.08725121498108,16.08536371707916,16.086500639915467,16.088372106552125,16.087843956947328,0.8958619631826877,0.8961094631254674,0.8960666491091251,0.8958527764678001,0.8959998391568661,0.1273811456126853,0.18170536934108278,0.21382672931498384,0.17833069271945334,0.16228159244537238,1.3521369315991227,0.21733818175888328,2.7311918126903145,0.005360162108700024,0.0023590517828415616,0.0026924740163667593,-0.0050515257992083205,0.00450301650021855,0.007407675161168886,0.0094555577584027,0.0097010526500732,-0.1535844009522063,0.07675974565424881
12_30_33_41_18_43_39,16.088629512786866,16.089387092590332,16.089219336509704,16.089885382652284,16.090731058120728,0.8961174720525742,0.8960327935218811,0.8960141146183014,0.8959161679446698,0.8957499685883522,0.10693640172334906,0.09537000988111419,0.10225706144852388,0.07837826953293622,0.11601537078652546,1.6569672559526405,-2.127238680713264,0.9196413606515175,0.005818437963462202,0.0037257476629383745,-0.0019662379283181507,-0.0017595097346202238,0.004699464980743404,0.008056972806787417,0.0590234897226675,-0.1165457069634283,0.0350326999032944,0.07553563855579884
12_31_21_34_40_49_29,16.09674518585205,16.09591194629669,16.09587872505188,16.09642535686493,16.096029424667357,0.8959294785559178,0.8960514324903488,0.8961301413178444,0.8960675957798958,0.8960158026218414,0.159564663943487,0.1547052252909065,0.1742542171726344,0.11290096323881692,0.11814137540964044,-0.23534371229491138,0.5073300242518051,1.1372482955893999,0.00031667144430684856,0.007102533581928583,-0.0049076473062268635,-0.0021948862757017198,0.007875175440240809,0.00783166239620718,0.0520047663890189,0.1061751389894195,0.0222468417127419,0.07561393914614474
12_31_35_36_12_57_33,16.087946219444277,16.089667439460754,16.090483899116517,16.09041991710663,16.088007068634035,0.8961281470954419,0.8959999841451645,0.8958408588171005,0.8958589041233063,0.8961181887984275,0.09750506693041125,0.12014531205790714,0.0866861386884297,0.06396792736612758,0.05106554098216688,0.21660137727609738,-0.4591714817424845,1.4053269406116253,0.0018899039403368078,-0.007908122059961897,-0.0070497515764691345,0.014957873636431031,0.004868322628997961,0.006368977410935144,0.0105576267095046,0.1221183328781958,-0.0625685550357365,0.07701699064642906
12_32_28_41_17_57_29,16.08906430721283,16.088758602142335,16.089159989356993,16.08863308429718,16.088703322410584,0.8959388050436974,0.8960070490837098,0.8958405128121376,0.8959310899674893,0.8958226007223129,0.1767557868558582,0.24307170561162786,0.17192425465814523,0.22386416836481715,0.16554697121742265,0.14738241759369608,-1.0989640054352883,-1.7811263517356926,-0.009321727381757228,0.0076245193023169126,-0.002160551218803448,-0.005463968083513464,0.005426326638405065,0.006621386133986017,-0.1173979850983248,0.0086215530378769,0.0014546699271513,0.07804089851775504
12_32_37_21_37_37_40,16.090000867843628,16.089623126983643,16.091115989685058,16.089506497383116,16.089828090667723,0.8961377839744091,0.8961033207178116,0.8958879202604294,0.8962067365646362,0.8959430564939975,0.08219969200278117,0.09257419764088418,0.06412167054318121,0.10745356799961105,0.07898000758433399,-0.14348753779864365,-0.8957714274681281,-0.7365260294233473,-0.0018993682177438132,-0.002833185286472144,0.0018849755704741255,0.0009482097159980185,0.004963519300958479,0.005826413881048305,-0.1259797711966419,0.0210856769086964,0.1822893249358758,0.07427557129909745
12_33_13_43_47_20_48,16.10107672214508,16.101786513328552,16.101936554908754,16.10041015148163,16.100774493217468,0.8961645247042179,0.8961300583183766,0.8961427648365498,0.8961420929431916,0.8961325787007809,0.13184398552927198,0.09520680240912503,0.04890746180644705,0.07528045629443446,0.09316940827886508,-1.0848752221829996,0.08583359935959639,-0.03716484932507411,0.0014603878880734555,-0.004202726843086566,0.007664981543457543,-0.003462254700370977,0.005747379893985044,0.007922335113222578,0.015464768229152,-0.0950162518978005,0.0932718892472667,0.07008527025013689
12_33_1_50_62_41_17,16.08943133354187,16.090561952590942,16.090574474334716,16.08954028606415,16.09076518058777,0.8958192518353463,0.8957811932265759,0.8958044697344303,0.895863583534956,0.8958153827488422,0.322495629411687,0.17421026183929683,0.24417460977165986,0.18973227137097304,0.12570513019936777,0.5971023720105104,0.47056361849292,1.4585967324508222,0.007331607099404209,0.008579841928149107,0.0029875435309804745,-0.011567385459129583,0.005443013459778554,0.007889608160889648,-0.0180223241092405,0.060573254954936,0.0048154794672976,0.07647601079291451
12_33_32_39_21_32_47,16.08960539340973,16.08912700176239,16.088755002021788,16.090038557052612,16.08840207576752,0.8959855780005455,0.8961133466660977,0.8960746459662914,0.8960494965314865,0.8961047844588756,0.13797053933333941,0.20829696458959476,0.12724271390155217,0.08428438266532437,0.12222861945944295,-0.8215824755867457,0.5456195982913065,-2.0820256181542995,0.00016461425620946103,-0.0026474458899974707,0.009737249921854527,-0.007089804031857057,0.005071771391780849,0.008396599667070632,0.0540326902932866,0.0690322020161423,0.0170600494076691,0.08056540120198434
12_35_31_26_18_51_43,16.100206871032714,16.099128665924074,16.09963291168213,16.100973834991454,16.099450278282166,0.8959382076561451,0.8960912905633449,0.8959914778172969,0.8959889429807663,0.8961216852068901,0.10186829645425438,0.18653460827209323,0.23134346443899653,0.12992641655430479,0.16583359558941613,-0.018931639689339728,1.3615581279181304,0.8516582541237923,0.00403521186184662,-0.006669372526703228,-0.0009015637376160158,0.007570936264319244,0.0038180762860122,0.008002157267200443,0.0407892503036147,-0.1143019653798743,-0.054335167559627,0.07631933620476641
12_36_21_30_41_32_44,16.097102179527283,16.098566584587097,16.097287049293517,16.0977428483963,16.098343319892884,0.8961083240807056,0.8960582756996155,0.8961047752201557,0.8959788693487645,0.8960007494688034,0.061180191739820054,0.10211095445192556,0.10141277056931745,0.06891916975187659,0.09005781801992413,0.3357107849681367,-0.6632607997712134,-0.8161345216736607,0.00047447744262171907,0.002623611152957892,0.0020030772176687604,-0.004626688370626653,0.004741161545649574,0.006569571846597425,0.014139848381078,-0.0409547869412292,-0.0636232026965397,0.07710031345528053
12_36_25_33_26_31_53,16.10175515174866,16.10066807746887,16.099039568901063,16.099358444213866,16.09807068347931,0.8958999675512314,0.8960889962315559,0.896423849761486,0.896231388002634,0.8963209788501263,0.061120717050093976,0.09426754228410474,0.1506010389517192,0.0936689024148784,0.08513820376371121,-3.8073690825760327,2.4010918031197894,-0.2765235311790678,-0.008419115593278547,0.005269197007291951,7.487050828785868e-05,-0.005344067515579809,0.00583998967498245,0.0071500647292683335,0.0810251745961667,0.0087361681514224,0.0218127027016709,0.07574856883601759
12_36_31_28_27_40_42,16.090555009841918,16.090231513977052,16.09024914264679,16.0903324842453,16.09003299713135,0.896016721278429,0.8960193480551243,0.8961044953763485,0.8959113891422749,0.8960987555980683,0.11936052809024922,0.10451978273764619,0.055438792880574225,0.07440292134942911,0.08124615283307313,-0.34231338199478656,0.32834985691038954,0.8237453051986975,0.005345039379271839,0.0006072160265466664,0.009814904061349806,-0.010422120087896473,0.004499530253863773,0.005201505377819767,-0.0695028731530282,-0.1333720937745814,0.012995339014713,0.0771315984401578
12_40_10_50_27_32_45,16.094095273017885,16.092217893600463,16.093381638526917,16.092579321861265,16.09475191116333,0.8959376312792301,0.8961406581103801,0.8960304279625416,0.8961072744429112,0.8958935986459255,0.2130343179312235,0.15359982857770718,0.12493368880383464,0.06924609122829577,0.1367563866831781,0.780754989214715,-0.40814198766714976,-1.042750935585687,-0.00966435858848854,-0.0043682213881766074,0.007916269245088188,-0.0035480478569115802,0.00442470883454763,0.00606577429035133,-0.1342826232655323,-0.0634065274070843,0.0414821610193102,0.07342901445030386
12_40_24_23_27_35_55,16.102440943717955,16.10323323726654,16.10273404121399,16.10213568687439,16.104749236106873,0.8962428312003613,0.8962922902405261,0.896263222694397,0.8964477200806141,0.8960537244379521,0.18866488618424015,0.2656529676395133,0.23996268108505878,0.3115036666079285,0.323164738607247,1.4349758108112254,-0.6860844566620252,0.693008204339949,-0.00035918783061788417,0.007734457249462139,0.0005040258817643917,-0.008238483131226531,0.004650268660343419,0.00810411535564566,-0.0171619812159649,0.1150142713208481,-0.0756597022923887,0.07822354096619627
12_42_23_26_8_86_19,16.08973460674286,16.08934238433838,16.09147334575653,16.0890061712265,16.09265881061554,0.8961038219928742,0.8960245560109615,0.895910302400589,0.8961415007710457,0.8958020134270192,0.16736815650111644,0.12212006886677623,0.15913932302903458,0.2327645549940479,0.3189294840279279,1.9297066788954769,-1.6278900335133026,0.1443158626444397,0.006264032621620572,-0.0006047566042434483,0.003954419645997405,-0.0033496630417539563,0.005043626803162927,0.007517923441360291,0.0342167209323686,-0.0732456323130361,0.0145234134219781,0.07711613238580191
12_44_15_29_15_69_32,16.098489184379577,16.09809473991394,16.098092465400697,16.097803907394407,16.097897009849547,0.8959572578966618,0.8961560140550137,0.8962434972822666,0.8962074275314807,0.8962119328975677,0.14341712793659178,0.13018502850080005,0.16544187822943676,0.08452872433206567,0.08828727644319238,-0.4947124081584662,1.7276433822007795,-0.024511564455206022,0.00023117879703931976,-0.002143576266244054,-0.0037534533868165453,0.005897029653060599,0.005978055725316348,0.006576419811762095,-0.0241915197134234,-0.0163860531966962,-0.1028054976854841,0.07213446831832944
12_45_10_39_22_46_42,16.09581398487091,16.095492053031922,16.094046034812926,16.094707889556886,16.09434027194977,0.8960842648148537,0.8960704620182515,0.8961271868646145,0.8962259742617608,0.8961177518963814,0.09063647371639648,0.08519492900034172,0.12381893342056326,0.20545174040622363,0.23548489655173835,-1.5083022437668883,1.0894516879069038,-0.43280361823620445,-0.0031254267226540834,-0.01239058296749363,0.009875805509511792,0.002514777457981836,0.004885203876887098,0.010938602294741145,-0.0370271283508822,-0.1797278142937262,-0.0415857351328895,0.07477103809529467
12_4_10_70_87_22_11,16.10017590045929,16.100730180740356,16.100089845657347,16.09866735458374,16.09940610408783,0.895804600417614,0.8958397813141346,0.8958226275444031,0.8958958239853382,0.8956555573642254,0.08582537767686273,0.1612886023942206,0.1547518766865724,0.21687474180858946,0.20582946039903915,-1.8819272813118921,-0.8626671998324476,-0.8291137692048214,0.0014140738836658784,0.00724354017751466,-0.005741923370151198,-0.0015016168073634618,0.005005061211067974,0.008180960205259583,0.1619940830837686,0.0002132649818327,0.0746031216573474,0.0787529753971493
12_4_18_68_82_24_8,16.09087278842926,16.090717678070067,16.09149691581726,16.091920857429503,16.09088590145111,0.8956041926145554,0.8956032672524452,0.8955259896814823,0.8955986684560776,0.8956776161491871,0.16078077471053745,0.09193581222381407,0.05748079442144841,0.15017276018020154,0.2096283941351502,0.7758985333046698,0.20178125119594453,1.6897658044244335,-0.002090446335496381,0.0006787116365205748,-0.009869987112484751,0.009191275475964177,0.005579406771161667,0.008399908974186535,-0.0772462046553677,-0.0786411313825348,-0.0352613070899298,0.07348837663683296
12_4_36_51_41_55_17,16.10578818798065,16.103892035484314,16.10499306678772,16.104803009033205,16.10619092464447,0.8958048313856125,0.8959902232885361,0.8960375159978866,0.8958946879208088,0.8959456361830235,0.07869823032303666,0.10775607658013968,0.17931407360287774,0.08843173955234972,0.15249621551277984,0.6726650837257709,0.45673833232063754,0.8536000063910475,0.00546300100031658,0.004275644211338659,-0.0038384379024500957,-0.0004372063088885625,0.004075687806397203,0.006339913235459137,0.0319397559742535,0.0215537603524179,-0.0130768223517128,0.07750202305789988
12_4_46_49_49_39_17,16.089892578125,16.089672660827638,16.088640837669374,16.089044823646546,16.088015913963318,0.895578362941742,0.8956134347617626,0.8957955183088779,0.8956837928295136,0.895789639800787,0.12330989231119989,0.20735078197406764,0.19676805797724028,0.1615467841287369,0.26566474672061774,-1.94494952069585,2.189344015604661,-0.41221535400775045,0.00037188812452768614,-0.003687447632673866,0.007822737216429232,-0.004135289583755366,0.0051649175820670185,0.008988942519086645,0.1749155907770045,-0.0686375121042413,-0.0768390459697219,0.07937901055181998
12_5_15_75_78_22_9,16.0900674200058,16.089892649650572,16.090625195503236,16.088869242668153,16.08900933265686,0.8954260455071926,0.8955537045001983,0.895517572015524,0.89552030518651,0.8955632689595222,0.10480494134992727,0.10777013631136687,0.07593890454224318,0.13500327507922924,0.21408802428309914,-1.7883138124277527,0.986675883935204,-0.6954419494118624,-0.005507153144990297,-0.017052347460621606,0.006784663299758904,0.0102676841608627,0.00407676841259579,0.007556074313254263,-0.0409795030541206,0.0282551243742591,-0.0267162620073711,0.07576268319513034
13_0_62_29_47_39_26,16.096106729507447,16.09799321651459,16.09628945350647,16.097764472961426,16.09633137702942,0.8959842705726624,0.8957955840229989,0.8960264848172664,0.895843452513218,0.8958889777958393,0.06826328918547953,0.14834780070492198,0.13361229408509942,0.2017461476197969,0.16551217275957122,-0.031558830354086666,-0.3651521565007614,0.8832039226152671,-0.0007905847064103,0.006411335046159365,0.0017376895228572663,-0.008149024569016632,0.004392233616229026,0.0059715612120954265,0.0806214906225764,-0.0746458239006685,0.04518839402165,0.075574774776555
13_10_30_36_71_42_14,16.09920817375183,16.10095504760742,16.09980924606323,16.099056749343873,16.099681601524352,0.8959205909073353,0.8958418720960617,0.895893657207489,0.8960023592412472,0.8959268766641617,0.1493444413478897,0.19030758246710744,0.07133940349398693,0.07981957171970133,0.1691305343063928,-0.4678004801667178,0.7885984377922056,0.028119175607232243,0.0015669367328155204,0.0036019033950697122,0.0010483127509360202,-0.004650216146005732,0.005460229586326905,0.00912961553057627,-0.1690492516644149,0.0783666135510673,-0.0391546307748016,0.07629117945579252
13_10_54_30_17_66_26,16.102377319335936,16.10254093647003,16.101483483314514,16.103015599250792,16.102577881813048,0.8960366700589657,0.8959315301477909,0.8961005456745624,0.8959802415966988,0.8960343015193939,0.07333610629356975,0.1548553847737351,0.23758753268124186,0.19944878174908648,0.14242089122309984,0.5589480014807736,-0.16301171295144326,1.0648999648973008,0.007933793960692128,0.0030225438082561594,-0.005948969707096694,0.0029264258988405344,0.004217605085133833,0.007358708202258316,-0.0382066714889053,0.0940317909357104,-0.0643367992122012,0.07846822135633044
13_12_53_23_54_25_36,16.09441300868988,16.093639087677,16.093466992378236,16.09392946720123,16.093109669685365,0.8958235804736614,0.8959358990192413,0.8961236110329628,0.8959618021547794,0.896017119884491,0.13160412972277757,0.07258295579288855,0.06591756541466792,0.08044076634851632,0.12798088642425878,-0.6154856219633327,1.3157131151446848,0.9153248376495073,0.004181571498775156,0.005597573569903033,0.00691516610688268,-0.012512739676785713,0.0056524764209128124,0.007376399217289994,-0.0320721892376973,-0.0561412620023288,0.112779960888757,0.08032094389474637
13_13_23_43_67_48_9,16.09726044178009,16.097727546691896,16.095880250930787,16.097124614715575,16.098440985679627,0.8958087365329266,0.8957607766985893,0.8959701962769031,0.8959225000441075,0.895678344219923,0.08821827029302715,0.1527959484963293,0.1395097815696087,0.14107561307584834,0.1520381418967786,0.4585503453039685,-0.137463989997053,0.11839067591614062,-0.00369582997278485,0.011493837067764617,0.008609198665144504,-0.02010303573290912,0.006120992905507758,0.007406640825302938,-0.0334929523151796,0.101631537447496,-0.0036122905315523,0.07685441479958086
13_17_23_52_44_31_36,16.103575925827027,16.105117440223694,16.10348285198212,16.10348560810089,16.10446171760559,0.8961856020987033,0.8958897320926189,0.8961390528082848,0.896045016348362,0.8960084341466427,0.13989119397736666,0.15724126820533452,0.1181908508776923,0.1668838836825635,0.22906813450491043,-0.11620067894539668,-0.39557092036885233,-0.5722295820299608,0.00020998089570639422,-0.004173841546580661,-0.0011329003147693584,0.005306741861350019,0.005560894947509286,0.008232682790998593,0.1153124066984069,-0.0996832089228619,0.0477673234148142,0.07595306253116346
13_18_2_86_37_14_46,16.10783945560455,16.107545728683473,16.107787208557127,16.106653261184693,16.107004766464232,0.8961015674471855,0.8961585380136967,0.8960766838490963,0.8962187144160271,0.8962284702062607,0.16985755329665367,0.11368631612627979,0.2087242059969999,0.16906376901604017,0.13118405065205108,-0.8737297809831323,1.1396136978612292,-0.860607583131188,-0.0039916377766348885,0.0038214803403025144,-0.006904086705580994,0.0030826063652784797,0.005536080073872049,0.007271934253327973,0.0635507420374607,-0.0395623385838878,-0.0005189825678724,0.07640044470050439
13_19_41_19_63_36_25,16.09182777404785,16.091754870414732,16.0909828710556,16.092591853141784,16.092497487068176,0.8959107257425785,0.8959377637505531,0.8960115246474742,0.8958724883198738,0.8958518062531948,0.06573954170058885,0.07782488557684575,0.04830764866925486,0.09069790298518225,0.15345801420673427,1.0594306727573866,-0.7135904413219692,-0.31310361467147163,-0.0021729418328322934,-0.02255467914568726,0.021911722778031616,0.0006429563676556427,0.004855156590747725,0.008327614383196751,0.0397518888073276,0.1225453415542478,0.0157311157790712,0.0773657390457685
13_1_7_76_84_25_10,16.105903778076172,16.104051008224488,16.104822010993956,16.10426416873932,16.10620289325714,0.8956845849752426,0.8958639185130596,0.895740938782692,0.8958079105615616,0.895774015635252,0.06055740596695824,0.09382955215673885,0.10214838038054111,0.18539965369583775,0.08482371787505714,-0.04111696304714007,0.6361906823108897,0.9680238028630865,0.0069501430796117345,-0.0032149307018062246,-0.003473338937956214,0.0066882696397624385,0.004306980299648843,0.010360470775328933,0.0666694738482103,-0.0263120572751973,0.0176754309129002,0.07429402491084157
13_20_22_31_49_65_16,16.108630118370055,16.106841187477112,16.1072048330307,16.10789828300476,16.106870741844176,0.8959474344551563,0.8961826661229133,0.8960719791054725,0.8960929523408413,0.8962261052429676,0.10028429503503769,0.1325812656132675,0.0986017901611464,0.0937000289879186,0.08096786276149924,-1.2047277522094273,1.3121575067154638,0.1277668668633818,-0.0018271613791148412,-0.005373498954249953,0.0033419331624463667,0.0020315657918035866,0.004729286228993152,0.009839675052261474,0.0806298010374976,0.0833604094145368,0.0067851967629403,0.0772554454648176
13_21_13_47_61_32_29,16.104162316322327,16.104406089782714,16.104169754981996,16.103630313873293,16.104606094360353,0.8959470401704311,0.8959762986004353,0.8960414892435073,0.8960982047021389,0.8959778770804405,0.0744943173149215,0.07620108390981317,0.1563182662618715,0.20677751691669907,0.1755405449501178,-0.11587956173757963,0.6861061824715291,1.1925764247239394,0.0008890340924699558,0.010756003214846715,-0.013598076439593569,0.002842073224746855,0.0039470728678699775,0.006735795672657391,0.024349408511874,-0.0497552044448127,-0.1194999651893549,0.07278090287200373
13_22_31_22_44_58_26,16.107030930519105,16.105543470382692,16.105717329978944,16.106180996894835,16.10468201160431,0.8959856224060059,0.8961691851913929,0.8962682537734509,0.8961933128535747,0.8963151831924915,0.12644191488121298,0.23737325130509274,0.23365203605288706,0.2127759475761564,0.20324690848077417,-1.7724527055761972,2.1467854196716023,0.9788917079452814,0.0033252846241157387,0.002149210396091803,-0.005809570966393948,0.003660360570302146,0.004928587775420037,0.005957652315510244,-0.0077532426365015,0.0435926933138946,0.1429755966002041,0.07416359409410063
13_23_33_30_42_21_54,16.108654441833497,16.10815715312958,16.10749484539032,16.108591966629028,16.108447480201722,0.8961147958040238,0.8962872596085072,0.8963171368837357,0.8961350825428963,0.8962503799796104,0.14191197314485193,0.1650040168587054,0.2880187562412424,0.3781028977641266,0.34514773584388875,0.3061937880805125,0.2683097273281925,0.3694777758751566,0.00402948074050073,-0.006760727979708463,-0.0014372491786343745,0.008197977158342837,0.006373565033241635,0.007407823637804385,0.04622650257446,-0.0178790176309853,0.0990588756810608,0.07544412224687487
13_24_29_51_22_45_32,16.091090621948243,16.093045544624328,16.09231072425842,16.09095025062561,16.091516852378845,0.8959766544401646,0.8958084055781365,0.8957850164175034,0.8960510471463203,0.8960102947056293,0.0886449534833882,0.12072936009895045,0.12533912573325234,0.14895620733850845,0.15497177054260006,-0.39254055845135627,0.6431221524487044,1.627070736009836,0.0035653549444600685,-0.005797678337949037,0.006937415245265584,-0.0011397369073165465,0.004891760512808378,0.008580659747073439,0.0601830624432155,0.0711840360741875,-0.0409470644259892,0.07736926146633731
13_25_20_35_37_78_8,16.100244641304016,16.100776576995848,16.09952531814575,16.098526935577393,16.09810356616974,0.8959071326255799,0.8959192208945751,0.8960584448277951,0.8960065466165542,0.8961084693670273,0.055600653705659225,0.09405608090163907,0.11726819583110558,0.11853021021080398,0.08000374990343136,-2.95401808803422,1.6998026392065653,-3.6164293681925184,-0.007592537366765555,0.01497447504192678,-0.009371569494308006,-0.005602905547618775,0.0033941228231821516,0.006721223132460093,0.1324809860199145,0.0274744014241285,-0.0326016136064968,0.07519565445793279
13_25_23_38_61_23_33,16.093208570480346,16.092457780838014,16.09265993118286,16.09306936264038,16.092800645828248,0.895869878679514,0.8959933812916279,0.895879333615303,0.8959466379880905,0.8958708903193474,0.10958727188492233,0.10757424028008687,0.12007421243681174,0.16702829572622568,0.112793237526923,0.006550091075702752,-0.09471726288245501,0.7373343916886228,0.0012835253694265703,0.008211627759228577,-0.016646635360193614,0.008435007600965036,0.004492762107017377,0.00848918279361155,-0.0331187371800353,0.0438156986606923,-0.0189382468012243,0.07731978334518638
13_26_41_28_23_48_37,16.094074687957765,16.093952379226685,16.094214515686033,16.093332514762878,16.094838166236876,0.8961256077885628,0.8961758768558502,0.895980031043291,0.8961592625081539,0.8959725107252597,0.14149809518213208,0.10279574781797308,0.10433134665146479,0.08093740767979807,0.06736206904236101,0.2786402797508879,-1.0158498350014025,-3.1154876987171094,-0.006810457261017291,0.0032304657470376696,-0.013327422436559573,0.010096956689521904,0.005145862285989642,0.0069363805146688716,-0.1290047558299665,-0.0527401131486146,0.0220845122958388,0.0758467629038729
13_27_43_20_37_35_41,16.09302320957184,16.091686758995056,16.092311639785766,16.093120913505555,16.092538871765136,0.8959041434526444,0.8961640992760658,0.8959647220373154,0.8959394907951355,0.89596863925457,0.14311474862748302,0.12486840505266615,0.12963717865398092,0.15121670213119653,0.26261750109377985,0.2723439904427176,-0.3047675685929863,0.40889152430356435,-0.0012317583215190097,0.004078968228350277,0.0014723891368339536,-0.005551357365184231,0.005014122043735305,0.008072100636833645,0.1602531922087564,0.0886297334480208,0.0838787588918263,0.07705731330858138
13_29_39_24_37_31_43,16.08971203327179,16.090984950065614,16.091129302978516,16.09141151428223,16.091899485588073,0.89617960780859,0.8959912373125554,0.8961363165080547,0.8958825448155403,0.8958617185056209,0.20391233451837273,0.17484290140238237,0.12123658055783064,0.1614039614638694,0.18926787673451279,2.6704435313037673,-2.292526615116965,-1.6134693819649368,-0.002513348473585211,0.008265400056716317,-0.0058474648951232664,-0.00241793516159305,0.005794152331071835,0.006064682203000323,-0.0186109705529813,-0.056794963972944,0.0041947081040431,0.07232314530277739
13_2_6_78_81_28_8,16.102152733802797,16.10324333190918,16.10240952014923,16.102294993400573,16.10091338157654,0.8958704115450382,0.8956813430786132,0.8958317586779594,0.8957748925685882,0.8959605063498021,0.1423277534974812,0.12549438160202403,0.13760521454942906,0.22085713538312424,0.19875770442065183,-1.6832343184249485,1.096395832899784,0.949770549290071,0.002280686338963278,0.006914922033392941,0.0034938382729160365,-0.010408760306308978,0.006324429696026757,0.006857785431567235,-0.0674831730797631,0.1759538141960494,-0.0173082445408515,0.07662413846365167
13_30_19_37_40_37_40,16.103219842910768,16.10321922779083,16.103271536827087,16.10207030773163,16.103527183532716,0.8961422596871853,0.8961579243838788,0.8961670225858689,0.8962016439437867,0.8961215323209762,0.10006617614833976,0.08309367654377653,0.08741636249214922,0.051717861548451066,0.0926482499541744,-0.36116942814215447,-0.009909841101420382,-0.1645736469772346,0.004314109792459817,-0.0037620032345876096,0.0018633651568961795,0.0018986380776914301,0.004099765871455316,0.007220137092640358,-0.0773933158621978,0.0471175984292021,0.0498077576264432,0.07877408099920517
13_31_25_14_73_9_51,16.103566846847535,16.103490862846375,16.10466432094574,16.10460799217224,16.102890276908873,0.8961406508088112,0.8961827181279659,0.8960473474860191,0.8959703519940376,0.8962048164010048,0.12451491997120452,0.12119494822862802,0.08403341269650998,0.15774606207804778,0.16429319802519068,-0.5300183307593817,0.17683067531781907,-0.4087159638350622,-0.0009376638684625505,-0.004104429094757052,-0.0007395215638393893,0.004843950658596441,0.004600167890922029,0.006204496632933316,0.0310606368364062,0.0692949835509719,-0.0127623689775364,0.07589900654908419
13_31_31_22_40_41_38,16.097832641601563,16.097263531684874,16.097722325325012,16.0963281583786,16.09772609233856,0.8960264366865158,0.8959691922366619,0.8959460034966469,0.8961470092833043,0.896015892624855,0.12252815432868136,0.0943358534330094,0.05362198535987738,0.12801909841733497,0.17232260345403147,-0.8989343364523762,0.8531931499516867,0.21574950605601068,-0.0003613463009241968,0.00904990494210324,-0.008122044715637457,-0.0009278602264657821,0.0038104650792262235,0.00809566091125625,-0.0019470019007201,-0.1272794764277791,-0.0145897862449211,0.07626526004270447
13_33_24_38_22_47_39,16.098061904907226,16.097028403282167,16.09772653579712,16.09647789955139,16.097343344688415,0.8959986263513565,0.8961158108711242,0.8959303483366966,0.8961316837370396,0.8961915016174317,0.09470811857901994,0.12682494304048686,0.14404561419554043,0.14416354205044846,0.09287708306992824,-1.0799428698359563,1.4847767172435165,-0.8314682749917028,-0.0018678640537837055,0.009096143560564087,0.00496595202905155,-0.014062095589615638,0.004814413282358698,0.00519656201459096,0.0133805660728169,0.1146864445065061,-0.1021663532767373,0.074238486831178
13_33_27_45_18_32_48,16.092318596839906,16.091652584075927,16.091374621391296,16.093162260055543,16.09192290306091,0.8959949950873852,0.8961611172556877,0.8961761637032032,0.8958982461690903,0.8960610970854759,0.15460016129351398,0.127996863013997,0.181070981216552,0.155156921121446,0.16740194904208827,0.08033132637507732,-0.05815433447355094,-0.8973552602289372,-0.008085550093383062,-0.008067404878929665,0.0024632090366139892,0.005604195842315676,0.0057330270142058855,0.008693503074616209,0.1516677320900454,-0.0617652055175427,0.1130432176122363,0.07608110847394843
13_33_9_49_24_56_32,16.103978781700135,16.10316526412964,16.102937788963317,16.103220925331115,16.10471330165863,0.8960437259078026,0.8962718117237091,0.8962813891470433,0.8961938624083996,0.8960103823244572,0.17982304082314207,0.13553517210313437,0.16233604057708903,0.167775432281786,0.13823893678559024,0.5267287665680122,-0.2401681668517464,-0.46435504868608724,-0.0056659664316975975,0.009291776622303587,-0.016728144108419656,0.0074363674861160686,0.004373778933994973,0.008584657321614278,-0.0365116163652061,-0.0698716414496724,0.0959546111516005,0.0783530538839514
13_34_13_38_38_46_34,16.09976330280304,16.101196546554565,16.100739464759826,16.10141839504242,16.101189646720886,0.8962376567721367,0.8960743772983552,0.8961699230968952,0.8959582039713859,0.8960712131857872,0.14748526975291273,0.19924849145327955,0.2166072671096459,0.15195895061302642,0.1728369956368756,1.656732861064722,-1.9413457625558568,-2.53827690192708,-0.007148397976707201,-0.009396753184100817,0.008705752724672493,0.0006910004594283237,0.004045096382490624,0.007710445556599598,-0.0444161777571604,0.0819703109199515,-0.1214868033766693,0.07887037728298871
13_34_17_36_36_36_44,16.10388925075531,16.100644912719726,16.101830339431764,16.102197313308714,16.102772793769837,0.8960269466042519,0.8964144706726074,0.8962821711599827,0.8961081525683403,0.8961831396818161,0.11442554502843773,0.12164521951160515,0.15094295364424964,0.12126082041788745,0.12108316835188453,-0.3490609849844918,0.1816020043142858,-0.06735275427437305,0.0033979883981328386,-0.003819134325167397,0.00706556413825183,-0.0032464298130844326,0.0043653609938864805,0.006834119272034142,-0.153627039360383,0.0293456223791373,0.078797224782373,0.07521949870605615
13_36_17_26_48_44_32,16.097971448898317,16.09828628540039,16.095890560150146,16.09743163585663,16.09676769256592,0.8960396000742912,0.8960077008605003,0.8962112346291542,0.8959945167601109,0.8960882692039013,0.11638275692132709,0.17913539420371394,0.09020950161603024,0.08667083707447101,0.1005289085289392,-0.8019353296581048,0.003728922623654567,0.7041809749296669,0.002257183443707618,-0.018163942257697272,0.0037736985039191497,0.014390243753778122,0.005353472686110789,0.006847275903192208,-0.0862827776133978,0.0626881483112841,0.0804661965486748,0.07975145238992731
13_36_23_33_32_21_58,16.10102630138397,16.10141866207123,16.100677394866942,16.100882406234742,16.103291420936586,0.8962157048285008,0.896266276538372,0.8963230614364147,0.8963784816861152,0.896073449999094,0.19574939029161478,0.07182381040725401,0.06383478718821331,0.053879090806039975,0.05822997460137553,1.7515062541263349,-0.6603358026339678,1.848999865720322,0.0035851744195679203,0.0051815883466042574,0.006652379733786802,-0.01183396808039106,0.0047128430159121965,0.007552019685800383,0.0630435792081602,-0.0633638677810247,0.0138100313955509,0.07548460214916039
13_36_24_31_34_39_39,16.09280056476593,16.090756516456604,16.0911172580719,16.09225293159485,16.091145038604736,0.8960611706972123,0.8962452231347561,0.8961809195578099,0.8959889958798886,0.8960831764340401,0.15175355135187985,0.13424321041792264,0.08809459680560269,0.08825077879662889,0.11118444139895506,-0.5666149227364418,-0.7498755815209215,-1.0325126349012888,0.004193169251084328,0.005180769948437956,-0.005432890424708603,0.0002521204762706475,0.004503191687396054,0.007095601319482197,0.0618283126704526,0.0096416514597695,-0.0906723837204397,0.07208091138307123
13_3_13_78_79_21_9,16.09197724342346,16.09179181098938,16.092400550842285,16.09071931362152,16.089862542152403,0.8955182845890522,0.8957791104912758,0.8955373595654964,0.8957613272964955,0.8959069301187992,0.19172354847484635,0.2211626359996905,0.17698376588200918,0.07646319330439214,0.12121370459275563,-1.8476680196095163,2.3154708692504906,1.03694773380208,0.0021673445586475283,0.009826325234680553,-0.018386690757179167,0.008560365522498614,0.0038246317440906734,0.006068298807722038,0.0526350522964157,-0.0787578254000865,0.0435279804056309,0.07602252646793951
13_3_18_61_91_22_8,16.09344367980957,16.095307087898256,16.09326397895813,16.0948779630661,16.095200662612914,0.8958876796066761,0.895656378120184,0.8959755603969097,0.895753588527441,0.8957325299084187,0.1614305273751432,0.16877336610945007,0.22220899302597139,0.20020734839804524,0.33359104554186075,0.8162791881249272,-0.25050386347597065,0.7624509029916502,0.007811272076978639,-0.0001337165691438713,-0.008081113653533976,0.008214830222677848,0.004318326332942127,0.00704607679046499,0.0225736822706333,0.0065307170535415,0.0560112657032219,0.08158349571826264
13_41_18_15_38_48_43,16.105909023284912,16.106723980903624,16.10603774547577,16.106669354438782,16.10640302181244,0.8962772676348686,0.8962039476633072,0.8963253024220467,0.8961821506917477,0.8962201987206936,0.15071612145899374,0.13386210888949843,0.0814434292275007,0.15562576593280528,0.166379935775555,0.21510824739848863,-0.19802638008209936,0.23460557301049353,-9.283273597247899e-05,0.010126399268347085,-0.016217143695184857,0.006090744426837773,0.004068305020652281,0.006608041386830034,0.0835065470019329,-0.0424022402099263,-0.1304469237371106,0.07396670683720565
13_4_13_70_84_26_6,16.093737993240357,16.09452790260315,16.09410931110382,16.093426208496094,16.09244676589966,0.8956207047402859,0.8956690062582493,0.8956070235371589,0.8956950342655182,0.8958308009803295,0.16715928516661496,0.09743694139284527,0.0840472884377316,0.13670729381714355,0.15114388629199688,-1.6841086970549317,1.5849316368390314,1.6352065238108104,-0.0002758794707187917,0.010947568070259877,-0.007156736842734972,-0.0037908312275249044,0.005360190974463253,0.005945731352989887,0.0006004990146662,-0.0957787754860347,0.033620427096581,0.07560673294547256
13_4_14_65_91_25_4,16.09328468799591,16.093796668052672,16.09286731719971,16.09227888584137,16.092568521499633,0.89552858710289,0.8955559206008911,0.895711038261652,0.8956571282446384,0.8956726925075054,0.11720071528093254,0.15715418000348813,0.17229823768213365,0.21540735584753365,0.19673893469314926,-1.1973633967520292,1.3267285787215555,-0.18276530500041524,-0.003840505547414068,-0.00028038503387506353,-0.004038500833848957,0.004318885867724021,0.004414577372811782,0.0060945211598048225,0.0057377364587411,0.0265043004741207,0.1451854972915701,0.07643825056458782
13_4_17_73_71_31_7,16.09213732242584,16.092201948165894,16.091627640724184,16.091550035476686,16.091775560379027,0.8956787244975567,0.8956104409694672,0.8955918182432652,0.8958108924329281,0.8957517102360726,0.1814051119917857,0.08969476092738414,0.062491702959596156,0.05962832688569577,0.09431550110821092,-0.524871986979552,0.9154091597348077,-0.6894219587810777,-0.008225233724733699,0.014256311953868134,-0.005547270623028453,-0.008709041330839683,0.0047375935762231655,0.007145340586436839,0.0322960465758117,-0.0751708210055298,-0.0215969085727484,0.08233342034975548
13_4_30_60_52_26_31,16.105814003944396,16.104177784919738,16.105515542030336,16.10557812690735,16.105107808113097,0.8959116367995739,0.8961220754683018,0.8959854799509048,0.8960413831472397,0.89608846783638,0.10329876697949754,0.04642118874722037,0.14790856933354074,0.18981888518789852,0.3039065799237825,-0.18449639780357335,0.8822287776025872,0.6880889465840202,-0.0007748954647195205,0.013299653872818453,-0.0165323424138478,0.0032326885410293472,0.004595538485621779,0.005582247824293124,0.0324128217264797,0.0300981879654813,0.0027276725611522,0.07962245114712327
13_6_12_78_72_26_9,16.090293588638307,16.089375190734863,16.091970481872558,16.08998469352722,16.09087239742279,0.8958599475026131,0.8959101383388043,0.8955686627328396,0.8957577414810658,0.8957870183885097,0.18357231845019148,0.17853148174862285,0.12149950177254229,0.17651803895168242,0.09934632780419143,0.5551194486721164,-0.9313103666782103,-0.4326215948593512,0.0075626502046645784,-0.006245333706921201,-0.0014789393020134866,0.0077242730089346874,0.004005073098449899,0.007383152330662103,0.0377366333075172,0.0377982582603899,-0.0042001958744652,0.07709599760127525
13_6_52_41_29_29_46,16.10531589984894,16.10527126312256,16.105910778045654,16.10614013195038,16.106936812400818,0.8960535235702991,0.8961746056377887,0.8961180563271046,0.8961089265346527,0.895959811359644,0.10081964777675838,0.1409435263978096,0.16638843644993898,0.23211887807512305,0.13844975592693753,1.850736923018894,-1.1406676972928314,0.6262854099400693,-0.003626007702187053,-0.001535264928243123,-0.009326455928967334,0.010861720857210457,0.005333855483639863,0.008032509569353368,-0.1581904020307394,-0.0256500066434014,0.0463100544386606,0.07574888559220472
13_8_36_60_35_24_40,16.10276405334473,16.102361011505128,16.10202353477478,16.101535954475402,16.1006555891037,0.8959648084640502,0.8959875160455704,0.8960161572694778,0.8960203005373478,0.8962270557880402,0.1753322735860609,0.23224909885061293,0.2555573399113799,0.1498746236354118,0.11936750406032376,-1.780299805931244,1.7054241612595031,-0.006927677743312364,0.010469355498516962,0.0016579284776571512,0.009429669812775501,-0.011087598290432652,0.0034863097159223925,0.007897237411375999,-0.0760586026557474,0.0341345015331132,0.0326470604442686,0.0779786997305248
14_0_14_69_86_23_10,16.101576457023622,16.100259799957275,16.100381007194517,16.101529288291932,16.10260410785675,0.8956841012835502,0.8959235879778862,0.8958530655503273,0.8957106371223926,0.8956312337517738,0.2531853074580519,0.27579257096368587,0.32044314327880863,0.347055272806417,0.3551808752511492,0.9485755239920509,-0.5295006445359685,-0.7037384149740717,-0.007486371666800551,0.003143014223978753,-0.010272125878482257,0.007129111654503504,0.0029917583026935865,0.006505978172923805,0.0475369444116446,0.0381512522445251,-0.121424222590482,0.07392450880579643
14_10_31_54_46_26_35,16.101327853202818,16.102053294181825,16.101601629257203,16.102052664756776,16.101679701805114,0.8961673384904861,0.8960938616096974,0.8960698667168617,0.8960463553667068,0.8961468084156513,0.20042994792244748,0.1675440595150619,0.26648984971704776,0.25489910540107297,0.3045792562051654,0.6650383061235176,-0.5092547818216265,0.7553954979061243,0.005514459234836977,0.002422237377977581,-0.001353437286325061,-0.0010688000916525197,0.005017120595598718,0.007475448636968829,0.0494442260850105,-0.0907817434746998,0.0382950265087391,0.07411718174012995
14_10_32_59_25_31_45,16.110222425460815,16.11064470767975,16.109344573020934,16.11065447330475,16.11012643814087,0.8960626417398453,0.8961627079546451,0.8962107042968274,0.8961970394849778,0.8960961210727691,0.15956923022228367,0.07214232874583969,0.06611322959847278,0.15376787729473637,0.18343363330976709,0.1305767389013207,0.2586880477767722,0.0007412361573871874,-0.004125330199167365,-0.00505792777374154,-0.004899479415544192,0.009957407189285733,0.004485261946451143,0.007694154632987504,-0.0705271374334268,0.1022011545102844,0.0145087254404655,0.07323338092131686
14_13_29_20_87_25_28,16.107659792900087,16.1079527425766,16.109721841812135,16.109299883842468,16.108688373565673,0.8961246921122075,0.8961959916353226,0.8959585084021091,0.8958825692534447,0.8960955268144608,0.0549018726923652,0.05651414531653411,0.13321862109750887,0.058306827257990114,0.1048319177413985,1.463509726868506,-0.9233572176160575,-2.231013334284588,-0.006390223801827233,-0.0027811640022991926,-0.008926682487435755,0.011707846489734948,0.00541819255675692,0.009626695227371468,0.0081475415526045,-0.0878076416324222,0.0764721800851888,0.07530275428744035
14_14_22_40_73_32_21,16.1011958360672,16.10173372745514,16.103335695266722,16.102812738418578,16.101129813194277,0.8961268371343613,0.89603575989604,0.8959920771420002,0.8957542605698109,0.8960871358215808,0.061291983839111296,0.07858225269685618,0.08908586195858101,0.11281716608315331,0.1568770567118368,0.3949219306237191,-1.1106064099429158,-0.7274116637153941,0.0037357525465631625,-0.006305392224167008,0.02103495570798259,-0.014729563483815582,0.003597773668067603,0.008584247513812248,-0.1436569882648864,-0.1328421137760562,-0.1023005436640793,0.08075977978609615
14_15_47_38_31_25_46,16.09767288208008,16.097100915908815,16.096013026237486,16.096809725761414,16.097733778953554,0.8960216701030731,0.896017773002386,0.8962095257639885,0.8960149344801903,0.8959633840620518,0.10900629988950912,0.09030318958798464,0.11109522425596023,0.09063321418705708,0.13193557581083107,0.2025792204373727,-0.5946205001171047,-1.4658698115336266,-0.005695246870745904,0.001509907943327562,-0.009310837178054499,0.0078009292347269365,0.005415675624095753,0.007852219500912885,0.0789404285939011,0.1136728250664116,0.0398323673465584,0.07702799236260557
14_16_25_60_20_50_31,16.103257818222048,16.10459072113037,16.10492518901825,16.10444794654846,16.10422917842865,0.8961094860732556,0.8960143218934536,0.8960736651718616,0.8960536214709282,0.8959933717548847,0.07986529699602894,0.1486328474958476,0.185071122158149,0.1734296015715755,0.14204903714674372,1.2148988863109067,-1.1441934838465262,-1.8740897890776664,-0.008751061411458068,0.001450280782428308,-0.0015085960503802198,5.831526795191166e-05,0.004161898166034736,0.007010081657265186,0.100368336896037,0.0267054755008892,0.006240522174686,0.07864008331003228
14_16_32_54_26_32_42,16.10294759750366,16.101858887672424,16.101653895378114,16.102374849319457,16.099872121810915,0.896084150224924,0.8961819027364254,0.896156122982502,0.8960347019135952,0.8962889739871025,0.15508698851431205,0.1934630894740064,0.22088227040400704,0.2295156322405073,0.21357121177584318,-2.387490253735049,0.8752654051980302,-0.07149174110898192,0.00763183884191676,-0.012739805202481875,0.020533994558181803,-0.007794189355699928,0.005431537310442173,0.008543792382485005,-0.0919272667345803,0.0408819715098735,0.0126947205307386,0.08123181577485684
14_17_20_61_33_30_41,16.108113484382628,16.10711332321167,16.106047472953797,16.106131134033202,16.106892042160034,0.8960160145163536,0.8961152978241443,0.8962424665689468,0.8962045617401599,0.8961073486506939,0.15916092758413877,0.17246562689757222,0.20754814523153967,0.10450782934494068,0.051882652413592995,-1.8277053624782031,1.4750849177529677,0.8566501678619373,-0.0016610634527498291,0.0008232139857136645,0.0009304176706791623,-0.0017536316563928267,0.005084273775790661,0.010376772667144981,0.0212796754577156,-0.0563694957853362,-0.0278358762709531,0.07562819912278033
14_17_23_70_31_23_38,16.09336260795593,16.095211353302002,16.09437541484833,16.093064794540407,16.09338649749756,0.895959462672472,0.89572783395648,0.8959352420270443,0.8959895619750022,0.8959932562708854,0.2573642033438596,0.145597002510132,0.1745279314937948,0.17213650936588215,0.178081663230556,-0.5005364592257652,0.5278654349211557,-0.1540784268926511,-0.00048815813588589665,-0.005666267159049312,0.0005597296150699548,0.005106537543979357,0.00616127869253559,0.008155744403647065,-0.0161425497798722,-0.0860343302997095,-0.0104023981345101,0.0801228793417133
14_18_23_57_34_29_41,16.103780508041382,16.103968415260315,16.10369281768799,16.103512892723085,16.10418296813965,0.8961952808499336,0.8961267520487308,0.8961354026198387,0.8961472588777543,0.8961644674837589,0.33963691790472617,0.17552822540149834,0.1577421751781574,0.17382417820475504,0.11311712303187069,-0.21751390484905844,0.1464655434762478,-0.10969305206122702,0.002991391180839855,0.004039463373082981,-0.003374209630783298,-0.000665253742299683,0.003815835901257206,0.00729148725071787,0.0874606464918234,-0.0203340279145206,-0.1368059114444653,0.0757796939521358
14_18_33_43_14_63_31,16.107851209640504,16.10643657684326,16.106436290740966,16.106261568069456,16.10808738708496,0.8960451899468899,0.8961700397729874,0.8961916370689869,0.8963243414461612,0.8961087293922901,0.05854227452773861,0.09558827510295856,0.10934576742842057,0.1011528194117744,0.1281404605296889,0.1463744509963369,1.1111086539067372,-0.7431886794411676,-0.007189737066364614,0.010805328985916275,-0.011312143989089236,0.0005068150031729601,0.004787453265597383,0.00605497332842471,0.0239642704587635,0.0407168042719149,-0.0604736282288575,0.07297150660218817
14_19_23_45_46_34_35,16.10590225696564,16.105994334220885,16.104493823051452,16.105917673110962,16.10471957683563,0.8960088087618351,0.8958739101886749,0.8961296656727791,0.896018632799387,0.896114476621151,0.13623794943045855,0.2172955238806329,0.2668526800577514,0.22683361743434802,0.2657739896882857,-1.1483577414616333,1.3823086104260356,0.37705003219965577,0.0014071402333502192,-0.0018602560543513392,0.008091779643626751,-0.0062315235892754115,0.006484769761720274,0.008821285631554918,0.0282830893014301,-0.029912910343058,-0.0019413065684085,0.07515790490277216
14_1_18_78_48_39_18,16.107097697257995,16.10514919757843,16.106504602432253,16.107740330696107,16.105781993865968,0.8958659742772579,0.8961263008415699,0.8960385929048061,0.8958166410028935,0.8959468726813793,0.04841752891466646,0.07381001209156395,0.09737834094269188,0.14858066299701383,0.2074298075504079,-0.10128682959023641,-0.3361563642388975,-1.2098602966349612,-0.008137512616303865,0.0045555242181580975,0.0027672677727241537,-0.007322791990882252,0.005641361667636942,0.007134675566244733,-0.0682583125639582,0.0893931747833806,0.0040748919296283,0.0712728009133821
14_20_23_45_42_33_39,16.108675174713134,16.107062191963195,16.106381158828736,16.10810718536377,16.106169319152833,0.8959254941344261,0.8960645173490047,0.8960933084785938,0.8960002325475216,0.8962414695322514,0.19384502509475088,0.24773720137989083,0.14463813166976994,0.19192294452681466,0.15105339233172416,-1.5857232413077686,1.5960985451680678,-0.9172032082796249,-0.00566028110915795,-0.004322970920311491,-0.009400734480295795,0.013723705400607286,0.003252771044108306,0.006386977699389379,-0.1391499108219926,-0.1017391879725376,0.0373827612365511,0.07482512614333214
14_20_44_29_18_51_40,16.10380485534668,16.102701830863953,16.10410420894623,16.10366639137268,16.1039901304245,0.8961108130216598,0.8962486091256142,0.8960271418094635,0.8961110545694828,0.896089096069336,0.27093132398670045,0.11118391927074214,0.14561880146888767,0.1964087246968942,0.1153504553253308,0.5307527809023989,-0.48404334994257275,-0.7148824955678766,0.0010498998093680712,0.0004953504943841835,-0.0071339169530983786,0.0066385664587141945,0.005006766222421849,0.006581655007041341,0.0290750619228965,-0.0758961429812517,-0.0784803681583389,0.07467663433951176
14_21_17_64_35_25_40,16.099682922363282,16.1006996011734,16.098599824905396,16.100111451148987,16.099818539619445,0.8960011617839336,0.8958375158905983,0.8961918504536152,0.8959425076842308,0.8960501804947854,0.1665982349619307,0.14440925253474043,0.05932638529334906,0.14234308598517265,0.10576140791833442,-0.09674181410792791,0.6172332533835309,0.49189292068696405,0.0023816181112124466,3.075245491345413e-05,0.012555535739302286,-0.01258628819421574,0.004260654958151913,0.008000097784471786,-0.0099215979363478,-0.0764114480992396,0.0939101914019448,0.0729708053925283
14_21_25_31_54_40_31,16.107388381958007,16.106678385734558,16.108061990737916,16.107042002677918,16.10757237434387,0.895967485755682,0.895937847495079,0.8958260320127011,0.8959715187549591,0.8959133782982827,0.09027248846597968,0.16380772845377023,0.09330618747740575,0.112783359904802,0.08415142328084571,0.4535883601411766,-0.2962424797841838,-1.395716388980182,-0.006496241719323734,-0.009174323428487697,0.007219821088765457,0.0019545023397222394,0.006604642583814879,0.007862205503597968,-0.0579257656170927,-0.0939419344704748,-0.0583389643068496,0.07444368323125779
14_23_19_47_55_34_24,16.09205629825592,16.09169548034668,16.0926393699646,16.090418934822083,16.091754260063173,0.8958093023300171,0.8959144455194473,0.8958420473337173,0.8959613403677941,0.8958988463878632,0.18230293468093542,0.19239002969985985,0.11356351843779378,0.04902415658353353,0.09093893513291976,-0.7533231127969795,0.5505227010735755,0.7637426200426565,0.0033733147078987714,-0.0065634345407306685,0.00596055924979737,0.000602875290933298,0.004386285400778947,0.007246061909809798,-0.0259421575723443,-0.110344381109662,0.0560863930517415,0.07941513484004399
14_23_23_20_75_41_20,16.101719784736634,16.100644540786742,16.10034163951874,16.100150089263916,16.099758324623107,0.8957634790241719,0.8959591762721538,0.8960879364609718,0.8960192881524562,0.8959672731161118,0.19408014313686395,0.21297483204229922,0.11064929398099918,0.07906991440208393,0.0976060108415509,-2.013350793987974,1.540276033633687,-0.3177715152520697,-0.0003470458563242573,0.006882267059827427,-0.0038574907404654367,-0.0030247763193619903,0.005147473479289403,0.008355903289473256,0.0621477700487736,-0.0171110485340099,-0.0066004191375249,0.07734077835249108
14_25_11_63_30_30_43,16.103798999786378,16.103089413642884,16.103537092208864,16.104742226600646,16.104767627716065,0.8963034735620021,0.896293389648199,0.8962657371163368,0.896147990077734,0.8962741521000862,0.09594168435313404,0.07357990651863344,0.13945642234196592,0.1112275411099207,0.14506843414686268,1.9506606565303408,-0.8381424956028224,-0.8520340339630434,0.0019839330405375223,0.002735966495638422,-0.0022351177854579873,-0.0005008487101804349,0.004692704363765417,0.008600619374416404,0.0231652429122207,-0.0123368675931054,-0.0392697719261419,0.07228671563539624
14_25_17_33_67_12_48,16.10966154098511,16.109778966903686,16.10928708076477,16.10962544441223,16.10935327529907,0.8960887025296688,0.8962510067224503,0.8962359422445297,0.8961066816747189,0.8962178766727448,0.09822471566420213,0.0490343084923822,0.04905303406294035,0.12428270276563967,0.0767975424121104,-0.29144070899665503,0.251718164880871,0.3488194346930098,0.0030428932783252093,-0.0036651076755515534,0.007545782203233102,-0.0038806745276815493,0.0051587108053117985,0.008189017481643517,0.0451352012490028,-0.0273338036227422,-0.1309358092224769,0.07239136052888845
14_25_20_29_59_28_41,16.108523268699646,16.111329193115235,16.10922410964966,16.10982975959778,16.108625073432922,0.8962754458189011,0.8959142552316188,0.8961710074543953,0.8961552919447422,0.8962560300529003,0.08696586374479764,0.10727071465776858,0.1258322701286183,0.10137865072358872,0.09311252973301595,-0.6895979424128044,0.7914567205289446,0.9811888921396585,0.0026965544952690834,-0.0033438983297673984,0.0027506009773060214,0.0005932973524613772,0.004265074900130085,0.006359294890863933,-0.0231602554541954,-0.0413249823825974,-0.0824885638589983,0.07146883406159403
14_25_39_29_35_38_36,16.090251965522768,16.092110877037047,16.0901447725296,16.089267873764037,16.091271953582762,0.8960700696706771,0.8960022942721844,0.8959618589282036,0.8963674160838128,0.8959491400420666,0.2126512130644967,0.20141566823220203,0.10177027951752368,0.13074275099431223,0.13801072598034853,-0.6885297314936321,0.5998847389467337,-0.7372959973281734,-0.0095773567530523,0.002763540081032261,-0.0025146304108784536,-0.0002489096701538074,0.003964699020893827,0.008458083816453403,0.0492315792320264,0.0255988617151446,-0.1546252806245235,0.07930308943027134
14_26_43_19_49_11_54,16.09461604595184,16.093681864738464,16.093281784057616,16.09439549446106,16.093448300361633,0.8961443004012107,0.8963399729132653,0.8962840647995471,0.8961990179121494,0.8961088789999485,0.23777910807882516,0.19038984229982983,0.19013138292188345,0.17390434914396674,0.11468974346977419,-0.696272901513998,-0.5035038225145864,-1.6799814829114241,-0.0043956847247005725,0.006308060239935003,-0.012419361223255692,0.006111300983320689,0.003158550330949127,0.006555459735045787,-0.0093638876930131,0.0576653130634467,-0.0524692881055118,0.07559300322819158
14_27_14_47_50_28_36,16.098807821273805,16.100306701660156,16.10003436088562,16.099012894630434,16.098211059570314,0.8959722332656384,0.8958593001961708,0.8959507700800896,0.8959665676951408,0.8961622887849807,0.10395441235101557,0.11330969325574641,0.14565169577429984,0.15296952683356466,0.07228994499929389,-0.9270649745468887,1.6922624926970542,0.7458774859166777,0.0033629124649814913,-0.013230399970675535,0.0022662069303623867,0.010964193040313147,0.0046289600316466945,0.00886060354940517,-0.0889447409211252,0.0078896568369223,0.0479545363460066,0.07709452352559563
14_27_1_4_143_23_4,16.098934602737426,16.100519080162048,16.099524068832398,16.09961813926697,16.09900936603546,0.8959860162436962,0.8959533877670764,0.8958764195442199,0.8958770316839219,0.89584787607193,0.17472223731508607,0.15486758678871768,0.11002016880322177,0.09411783016340976,0.1289436587237678,-0.29471060822724143,-1.5643986734845952,-2.0362023838711014,-0.006944988368886697,-0.0033963185775792225,0.0007828604168025777,0.002613458160776645,0.0048970101293907276,0.006724275514117284,0.0525376333427507,0.0786857219949345,0.0034342847769482,0.07659942123157158
14_28_19_30_68_32_25,16.093843631744384,16.09162048816681,16.092825989723206,16.09104269504547,16.09166009426117,0.8957180725038052,0.896063388735056,0.8959370671212673,0.8961168387532235,0.89604077860713,0.07895778203529087,0.07127672931185522,0.10954276292554466,0.09188408002623653,0.1116303761107298,-1.972559160734884,1.874106138362322,-0.02436095996244832,-0.001177199802668838,-0.013130886859216843,0.013126598209382792,4.288649834052194e-06,0.0043832137780775065,0.006490854380738186,0.0177459711224939,0.0402173471177337,0.1652497300398634,0.07891683961765376
14_28_21_32_42_40_39,16.10484357357025,16.10683669090271,16.10675733566284,16.105606651306154,16.106364941596986,0.8963666276633739,0.8961361858248711,0.8961628971993923,0.8962115526199341,0.89615532964468,0.06739318016985937,0.10179885327101681,0.1346674451542047,0.12883453384160218,0.15080341838106517,0.2705765320875521,-0.5620076763855086,0.008145147817186933,0.002385062798348372,0.008878320541116409,-0.00797629464766942,-0.0009020258934469893,0.004118353200806874,0.007699936688123511,-0.1183429206237677,-0.0818959558211239,0.0530236755528163,0.07287726628235146
14_28_22_46_20_58_28,16.095891880989075,16.097843322753906,16.097633776664733,16.09731523513794,16.096898050308226,0.896192574352026,0.895834126919508,0.8959181073307991,0.8960246831178665,0.8961059458553791,0.07637784327415101,0.13426827123387888,0.11477118092472281,0.11113888212796937,0.3009681728681024,0.3629417598185983,0.23128769150449088,-1.2982353235577488,-0.004353985259876935,-0.0003257610876244144,-0.0010708614774921443,0.0013966225651165587,0.0049613250872813045,0.006034457531604476,0.0114910881879643,-0.1195967814226667,0.0313425648159453,0.07152730928873795
14_28_25_44_29_24_52,16.1013113117218,16.10205994129181,16.102160105705263,16.100666999816895,16.101303658485413,0.896135515421629,0.8960741083323955,0.8961279775202274,0.896234680712223,0.8962737706303596,0.20636904977623904,0.18009443919255183,0.12993409427182043,0.2325628301564909,0.26011966422322075,-0.5258445725892137,1.1605665778355525,1.1803101563532896,0.000430070801085094,-0.0046534134578541855,-0.00466346045704995,0.009316873914904135,0.00546049412226507,0.006884112813130024,-0.0648221980553777,0.0099044984459964,0.0316277101761993,0.07506142090582368
14_29_22_35_32_38_46,16.108329553604126,16.107133831977844,16.107571783065797,16.10773919582367,16.107998480796812,0.8962254586815834,0.8963375723361969,0.8962702263891696,0.8963312737643718,0.8962726126611232,0.2339328878484258,0.2109711769793324,0.13158512308827286,0.21528495674864762,0.2983498017819215,-0.4217200434163102,0.5691811216263504,-0.6621849361093448,0.0012654064974776701,0.0023659831321856473,0.004197038553393213,-0.006563021685578861,0.004254770772742731,0.006854071937132327,-0.2006359221448383,0.0217543385123922,0.0699404233110445,0.07183196567345575
14_29_31_25_38_30_49,16.103323125839232,16.10346878528595,16.102804245948793,16.103837304115295,16.1022514629364,0.8962684343755245,0.8960539992153644,0.8963280069828033,0.8961181129515171,0.8963738207519054,0.11290729493683481,0.12925844603206238,0.15379195100883028,0.10076235768235697,0.13213889254910993,-0.7685111742775229,0.8909289656256179,-0.14390237752662613,0.004497746234119404,0.0013108311979340215,-0.0029887052553840476,0.001677874057450026,0.004612397175993771,0.007161075718928462,0.0287009201128712,0.0551025737955561,0.0503995688954154,0.077437320687469
14_29_33_26_25_43_46,16.103963980674745,16.104522104263307,16.10561933517456,16.103407278060914,16.10364412307739,0.8963809350132942,0.8961372517049313,0.8960268467664718,0.8962795247137546,0.8962595994770527,0.1611546712538619,0.15872466696898152,0.1649779512532397,0.22028151610382288,0.20472507388947198,-0.6447292641841319,-0.33016182354761736,-2.9968460944675854,-0.009214645344909513,0.003272674212275888,0.005797602053135052,-0.009070276265410938,0.004530200482998514,0.008137680369888779,-0.0391457062407433,-0.0046375324594712,-0.0341587501121014,0.07592490485390889
14_29_34_26_24_39_50,16.104180331230165,16.104149441719056,16.105255393981935,16.105853724479676,16.105219893455505,0.8962933863699436,0.8963248768448829,0.8962017342448234,0.8962809114158153,0.8961596766114235,0.25930498034204696,0.30483922012675563,0.32017713994713665,0.2017927906131941,0.16197780621458066,1.6255375355724713,-0.8749842266440271,0.2855929146618865,0.002947314351258683,0.0004400075118337554,-0.00144985313793768,0.0010098456261039247,0.0054032773569519235,0.006669261551387912,0.0093958144458656,0.0524263821416863,-0.0471277473318399,0.07649859393867427
14_29_35_19_25_74_20,16.096043548583985,16.09677450180054,16.09666319847107,16.09551821231842,16.09568941116333,0.8960935321450233,0.8959198950231075,0.8960416887700557,0.8961108826100826,0.896076762676239,0.12210008887750069,0.2132945911810727,0.1762705523139953,0.1508004579889618,0.18413917444212075,-1.1071030749812008,0.9043562903206729,-0.17064292525725502,-0.004008569609432015,0.0027000123134348544,0.0014004522602408542,-0.004100464573675708,0.0039452642606514245,0.008673365314962864,0.0761491504921576,-0.0241439317191785,0.0810748118706772,0.0757383358850859
14_2_14_75_77_27_7,16.094331970214842,16.094871501922608,16.095152158737182,16.094204907417296,16.094525666236876,0.8957548075914383,0.8956406858563423,0.8955388404428959,0.8957965920865536,0.8957323279976844,0.1512120578191584,0.10130793689852143,0.0966443551837153,0.13448566472280624,0.17789462736203399,-0.17396528504515557,0.3642066900001464,1.338004448495208,-0.0015439068867999595,-0.0062479054743198505,0.006571013673110428,-0.0003231081987905782,0.006361286399854075,0.007427008012516624,-0.0282522356860029,-0.1586252853011457,0.0852676163976852,0.07744780163752213
14_2_16_67_88_21_8,16.09428099155426,16.09519169330597,16.094918427467345,16.093779764175416,16.095835866928102,0.895792873352766,0.8957159490883351,0.895682343095541,0.8957300674915314,0.895491169989109,0.26661394557411083,0.12933431396169726,0.13861093691573342,0.11641965364778396,0.0716907160191225,0.573193452000383,-1.4368206470209282,-0.554783021783387,-0.004844151185898227,0.004982984506423236,-0.0049654037442087426,-1.7580762214493007e-05,0.004574038457303345,0.006687086274058501,0.1067865283271984,0.0050218253965095,0.0628868515906894,0.0742434229212614
14_30_25_31_30_35_51,16.109149355888366,16.108557453155516,16.108682250976564,16.109370317459106,16.109172706604003,0.896366476714611,0.8962155321240425,0.8962547044456005,0.896268624663353,0.896257885247469,0.24829657639426428,0.18534141015475675,0.1539142034989035,0.08058249773563557,0.19834646738659933,0.4114545184071586,-0.7880101856805415,-0.8017852964936656,-0.005435961486437008,-0.003458239995907206,0.010056801153550622,-0.006598561157643417,0.004389159269330684,0.007220839895306215,-0.0030323926529569,-0.1036476642581394,0.0307115501748098,0.07464974329389737
14_31_28_25_39_36_43,16.10151321411133,16.10093617916107,16.101738452911377,16.101436862945558,16.100588908195494,0.8960004088282585,0.8962009991705417,0.8961055269837379,0.8961929090321064,0.8961233226954937,0.12673759421906367,0.2192239547755251,0.19916761158451574,0.24886815175684432,0.26767088365090835,-1.0487658884549247,1.3728875414089647,0.5372723281310784,-0.0008207765393308363,-0.013095846401411109,0.0067355808408319714,0.006360265560579137,0.005551061605309766,0.007770801075858071,-0.0402076876823424,-0.0508263261791176,0.0699911104209873,0.0765440423782987
14_31_33_29_20_34_55,16.103966064453125,16.103865523338317,16.104813404083252,16.103111329078676,16.10412362575531,0.8962373280525208,0.8963455952703953,0.8962172451615333,0.8963405695557595,0.8961532585322857,0.22648557446974146,0.24187545545331318,0.2853598758377181,0.29507191245796704,0.13525095016612707,-0.43386330184094374,-0.4959074284166509,-0.8903297026037387,-0.0013145127600182605,0.0037018702343743826,0.0037746155759668908,-0.007476485810341274,0.004142409516241635,0.008317108251347962,-0.0636936615541977,0.1977577805119821,0.074589845499744,0.07277776042014544
14_31_34_25_41_14_57,16.097072830200194,16.09678270816803,16.099565806388856,16.09906112194061,16.098214740753175,0.8962059518694878,0.896332615017891,0.8959267197549343,0.8960355457663536,0.8960043679177762,0.08043298501556835,0.08802467480253434,0.06013345020912433,0.06542662180747817,0.10837212422009714,1.21402932472419,-1.5735540880486993,-1.2311053215803982,-0.006366469522772604,0.01162570632128336,-0.012015918236211292,0.0003902119149279315,0.0038676054635361436,0.009032688258085177,-0.0615505959801147,0.0034628502914414,-0.0140949209070276,0.08032301488649166
14_31_37_29_36_12_57,16.0941739988327,16.090704679489136,16.091984767913818,16.09175362586975,16.09326853752136,0.8957471151649952,0.8960949160158634,0.8959782990813255,0.8961350463330746,0.8958905410766601,0.19179234399125136,0.15134788148146003,0.17089377097981828,0.2367700989535242,0.2051721061501853,-0.33314600181905907,0.9963469759185415,-0.2943831191209357,0.005416440990884439,-0.010178362924270913,0.005573284249549033,0.004605078674721881,0.006715137054028612,0.00837104069730409,0.1077849733612379,-0.0040597755558889,-0.1348308003836779,0.07644268244641024
14_32_18_37_42_47_26,16.09257201194763,16.09280429840088,16.092759480476378,16.092884397506715,16.092586698532106,0.8958917313814163,0.8957801496982575,0.8958817790448665,0.8959768307209015,0.8960165922343731,0.10748270726463562,0.18425045544387897,0.14297621453843626,0.07256323827132105,0.08980926259428773,-0.17540777324169537,1.4397598783666934,2.879707013464315,0.004987728258984134,0.0029611037991708142,-0.007245074104157538,0.004283970304986724,0.004526374733737577,0.00707571185930291,0.0582239776373533,-0.1187358680500434,-0.0573572904448692,0.07458618661292167
14_32_28_27_25_59_31,16.09798553943634,16.09829985141754,16.098284940719605,16.09788712978363,16.096740016937257,0.8960955277085304,0.8961215983331203,0.8959772297739983,0.8960320952534676,0.8964026311039924,0.2684962515710536,0.29258870532302544,0.2217587384994012,0.29701184003834646,0.42078824811474136,-0.9370824373889207,1.4177438120014367,-0.10677118488838626,0.011161218273045961,-0.003543097091423988,0.0020322133190347814,0.0015108837723892066,0.006233424224789683,0.006375668709714842,0.0856829738772319,-0.0490876292399593,0.0229781671979378,0.07870010027710753
14_32_31_18_41_40_40,16.09845221042633,16.099776954650878,16.099381895065306,16.09934284210205,16.099234042167662,0.8961039413511753,0.8959967163205147,0.8961457420885562,0.8961221243441105,0.8961500769853592,0.18495866689756077,0.2621258315533293,0.2822529240441231,0.2357768430862227,0.2815103768611009,0.31572700069707166,0.8930091614515187,2.082438391069481,0.011346784158085939,0.010541676093780553,-0.009927517661417369,-0.0006141584323631832,0.005262629791572284,0.0072538592423461775,-0.0247936618169337,0.0446910770916876,0.0233085543248587,0.07764120551472604
14_33_11_35_55_22_46,16.106100125312807,16.10582078933716,16.10519021987915,16.105473232269286,16.105087327957154,0.8959633614122867,0.8960939761996269,0.8963402855396271,0.896152658611536,0.8961496970057488,0.2732516609765944,0.21879518730176797,0.28280103906444554,0.21445504569358007,0.2734295321383016,-1.4312885951455636,1.6353751318398722,-0.11034280475625743,-0.005255802118899738,-0.001726636564526416,-0.001883237140827987,0.003609873705354403,0.003980302070898246,0.006930723827030583,0.0860068301824942,-0.0224387103955562,0.0808228457548441,0.0754650441392649
14_33_20_47_27_18_57,16.100104808807373,16.101013789176942,16.098959784507752,16.09986529350281,16.09919677734375,0.8961350840330123,0.8960597744584083,0.8963621859252453,0.8961910349130631,0.8961601540446281,0.35890244446313035,0.25566782592960224,0.3381988416062201,0.3686231243910153,0.2597382359434373,-1.1805084029933886,0.444472416911976,0.8224740749915729,0.007917013735568617,0.0006401690561324358,-0.005291294336684587,0.004651125280552151,0.004580799242496007,0.007309369172278519,0.0604290975456271,0.0198776996024009,0.0741850064440783,0.07715852201251192
14_33_21_34_50_23_41,16.092306985855103,16.092452664375305,16.092564401626586,16.094038853645326,16.09480152130127,0.89592299208045,0.8959721249341964,0.8958262485265732,0.8958333839476108,0.8956230327486991,0.11633298441700138,0.18657860363284065,0.18346907673687277,0.158261951818407,0.06724479527356225,3.0256218341475623,-2.2166812326433245,-0.16320789208314826,-0.008875519923662978,0.002119728662946727,0.0009443956474569859,-0.003064124310403713,0.0051760159006656835,0.007964847391701772,0.0364622103679531,-0.0018576552934574,0.0476691613208539,0.07954282780739576
14_33_38_23_21_42_45,16.09470916748047,16.09410912513733,16.093848156929017,16.092649359703064,16.09453392982483,0.8959705376625061,0.8959327228367329,0.8959540946781636,0.8962597878277302,0.8960570612549782,0.09401763168168456,0.13886096032504244,0.08091023606734003,0.13075561040652173,0.11469545611712416,-0.3990985227461587,1.300456372555155,-0.270463045623108,-0.004026926640799502,0.013690552131010917,-0.00042019208471174354,-0.013270360046299175,0.00483262035044,0.009999449408302755,-0.0067561213580255,0.1930573088597983,0.0467060527682431,0.07949017914764556
14_33_38_27_23_28_53,16.09257719039917,16.093212299346924,16.09490207672119,16.092852067947387,16.093424587249757,0.8960818441212177,0.8960931219160557,0.8959344336390496,0.8960102778673172,0.8960110400617123,0.17908002831622702,0.14851760915760853,0.16798449327858095,0.1627653350343901,0.15431258194457315,0.6417771464738299,-0.8703387345771585,0.28914467089901963,0.005866074849473079,-0.00493991686951631,0.0001526608829590259,0.004787255986557284,0.005248155497952694,0.007608191655946849,-0.1323154191000323,0.0516231044848939,0.0888587256548665,0.07863303451716087
14_34_0_48_42_44_34,16.108255081176758,16.106587600708007,16.106793298721314,16.107575435638427,16.107205271720886,0.896060265302658,0.8962897484004497,0.8962220507860184,0.8960312777757644,0.8962076324224472,0.07860056811259439,0.10115477924747149,0.08823227122077239,0.12596662738146958,0.16688078588088376,-0.31618024387429355,0.13107988163795367,-0.03396273144160911,0.00445708680061216,0.0072788263354414086,-0.012385484622354852,0.0051066582869134436,0.00445257658472223,0.006733296183202483,0.2063293618794267,-0.051814951520899,-0.0810511874173589,0.07256941437890832
14_34_29_37_20_35_47,16.092362093925477,16.092939620018004,16.09284324645996,16.09271173000336,16.09331841945648,0.8960700114071369,0.8961285881698131,0.8961481395363807,0.8960439945757389,0.8959924028813839,0.210694923924474,0.2610169967044334,0.22893094729857158,0.2000997381249173,0.13249445123802564,1.28038285244162,-1.263437416443681,-0.23080312519079707,0.0007839209172016126,-0.008353052874608692,-0.0005569069737066456,0.008909959848315338,0.0055424824973421966,0.00878781593564087,-0.0242372326827847,-0.1901352567855749,0.1194405998638437,0.07016144475716539
14_34_30_23_31_55_29,16.090697979927064,16.09126573085785,16.090504145622255,16.090453028678894,16.089740238189698,0.895956846177578,0.8960264086723327,0.8961085365712642,0.8960424390435219,0.8961785759031773,0.2304184385722795,0.18885199026918748,0.3506338190768304,0.3509559854550642,0.21087900763203646,-1.217424094298755,2.051104410300331,1.2183835108592147,0.004693788296808634,0.01174787272913818,-0.014260334412647353,0.002512461683509173,0.006282519430795727,0.00611576442501855,-0.1092358694369955,0.1406348507568231,-0.0098359344641403,0.07667276037552033
14_34_36_19_25_51_37,16.09304654121399,16.09320620059967,16.092695412635802,16.091214756965638,16.09172665119171,0.8959264063835144,0.8959823422133922,0.8960979436337948,0.896248630285263,0.8960740937292576,0.06260103720168912,0.09197514350198134,0.1459410963641157,0.15479448229127482,0.096763868236303,-1.9316950300653608,1.7944500346037626,1.6263432461298688,0.0021992873273609347,-0.013173013818977779,0.0005737474764737271,0.012599266342504052,0.004900433514414165,0.006618714488706207,-0.048491361350803,0.0253853932014304,0.0359078641613203,0.06937058799295663
14_34_6_58_40_26_38,16.093088121414183,16.092566556930542,16.09167959690094,16.091676197052003,16.09206153869629,0.8959273724257946,0.8959528063237667,0.8960598883032799,0.8960372065007687,0.8960142008960247,0.1633273212945859,0.1985197434506101,0.1483066279983883,0.0990495233805833,0.1185061409490837,-1.3468501609739354,1.1282635592360126,0.9038258720174679,0.00457168026267027,0.008826507108606165,0.009037462884225533,-0.0178639699928317,0.005601979581026267,0.00493382077884857,-0.112685580080454,0.0105905562107534,0.0358528361601087,0.0789252714163759
14_35_17_2_90_25_33,16.10164976596832,16.101609625816344,16.101051063537597,16.10136245727539,16.103424429893494,0.8960905073583126,0.8961560706794262,0.8963444557785988,0.8960727600753308,0.8958789531886577,0.21746640068356765,0.21798831419106166,0.24378262906482942,0.31112574118968794,0.2664713528401842,0.9716544760780296,-1.1961275192691214,-1.3838887290751087,-0.008910809740664263,0.006641966230563412,-0.00913051789502788,0.002488551664464467,0.005987126127971753,0.005517033834037732,-0.0265765628065171,-0.0741418023151643,0.0578977701140131,0.07518546587561727
14_35_9_6_65_77_10,16.110584235191347,16.11088532924652,16.111694269180298,16.111132102012633,16.109700789451598,0.8961028671264648,0.8960831189155578,0.8958542707562447,0.8961895145475864,0.8961689049005508,0.09460800266349048,0.21774506255654663,0.18256289814713006,0.13044969736379639,0.13288561368657054,-0.3935539393562829,0.562042509067655,0.4679429443676883,0.007440993284435535,-0.00010416625093057519,0.009016892439722141,-0.008912726188791567,0.003857651227486974,0.006551233504285125,-0.0129442365391428,-0.0386410677065142,-0.0320049987380916,0.07613131197116386
14_36_22_23_13_79_29,16.107650480270387,16.10716513156891,16.107921376228333,16.10751748561859,16.10715495586395,0.8960993380844593,0.896165504604578,0.8962018764019013,0.8960721792280674,0.8962158761918545,0.05346115268647131,0.08740286768412847,0.1773591135303325,0.16662347745691913,0.14058393950964773,-0.14646726945325242,0.2666785199845105,0.37227558510535047,-0.004393067903220071,-0.012568813557809335,0.014924547670489119,-0.002355734112679784,0.005364537267362154,0.007124180259253535,-0.1101321242712486,-0.011634599236265,0.019212350164702,0.07725976965105523
14_39_21_37_23_32_50,16.094615931510926,16.0958744430542,16.094744067192078,16.094423599243164,16.094839267730713,0.896178081035614,0.8960649083554745,0.8960371540486812,0.8961349636316299,0.8961684563755989,0.36207489559832723,0.3943056585553127,0.4558059438704754,0.3992212978174558,0.31610502191889767,-0.37971801221750856,0.2646579656333081,-0.7456204700890099,-0.0024265403382014482,0.009757539432725934,-0.005340220579932975,-0.0044173188527929595,0.004353345467186303,0.006859634358454787,-0.0435904809000447,-0.0649688948570392,-0.0251004999560079,0.07732295692143491
14_3_11_74_83_27_4,16.09322829723358,16.094522075653074,16.092243399620056,16.093295612335204,16.093885350227357,0.8958081457018853,0.8956244158744812,0.8958633506298065,0.8957061463594437,0.8955945844948292,0.22475767896849327,0.09035492069316849,0.10513626446019449,0.1090106248489917,0.09286022489157768,0.07190185912966424,-1.2441679091610771,-0.8091251882671217,0.001959544050760087,0.00252841102770617,-0.0005401853688090341,-0.001988225658897136,0.004682287090232925,0.009324018041368122,0.0262115618047956,0.0293255291111846,0.0269234992584814,0.07101932316876422
14_42_13_30_31_52_34,16.096948623657227,16.095630283355714,16.096442346572875,16.094635739326478,16.095728368759154,0.8959448102116585,0.8960283148288727,0.8959839451313019,0.8962192437052727,0.8960685956478119,0.0812149539991573,0.1657778121093997,0.18844361870605258,0.23881325128210648,0.19689950726141067,-1.3466779737666077,1.004433668402453,0.11634697726571984,-0.007641690944656148,-0.009044939945233636,0.007419263497286011,0.001625676447947626,0.00462355856249157,0.006273204043026027,-0.0500163421161492,-0.106924953125975,0.0919701934737225,0.07904301249241912
14_43_15_28_34_33_49,16.0976167345047,16.098459448814392,16.099149646759034,16.09768098831177,16.097393589019774,0.8962214356660843,0.8961534525454045,0.8961625823378563,0.8962839224934578,0.8961874549090862,0.12780795252288993,0.20139365836574896,0.20468613524986562,0.08541276795647651,0.051245266724204035,-0.23621334027611526,0.0031453475552901396,0.017582592501990492,-0.006692253546098073,0.001083473127509933,0.00286178371461574,-0.003945256842125672,0.004907100894583628,0.007822244285601911,0.0916539194767869,-0.0037736879903576,0.1045080425894485,0.07573012999014211
14_44_2_40_31_52_33,16.097530989646913,16.098065943717955,16.09840875148773,16.096710667610168,16.09720311641693,0.8960649169981479,0.8961220820248127,0.8959145088493824,0.8962737043201924,0.8961422845721245,0.25656556685966914,0.18449107397695833,0.2147526032677613,0.06425823008024205,0.18923085176764917,-1.0423599858079515,1.0650760002239883,1.040413382594514,-0.004197136461757509,0.00308958751422324,-0.006287061099642415,0.003197473585419175,0.005517280990099158,0.008005975795865372,0.1669372715680449,0.0706788141150289,0.0216777178180317,0.07833927138299975
14_6_54_29_28_55_30,16.107483515739442,16.105484552383423,16.10758544445038,16.10767114639282,16.10659628868103,0.8960578198730945,0.8962214209139348,0.8960355363786221,0.8960121643543243,0.8961329710483551,0.2672801940913257,0.2781519805066131,0.2679642876048517,0.14168596263824665,0.20803008922207517,0.20696402447732792,-0.26714142743323,-0.22117557814105154,0.00044154749150038697,0.003750079983547039,0.0011978640816232655,-0.004947944065170304,0.004450942217590586,0.008603712873957399,0.0327285947759419,-0.1498811024352277,-0.0080877410947821,0.07442867905371318
14_7_32_59_26_60_18,16.104110407829285,16.10354630470276,16.103115568161012,16.104757871627807,16.10331814289093,0.8959206186234951,0.8959238189458847,0.8959759004414082,0.8959211209416389,0.8959952946007251,0.14992447136860892,0.1799875324559845,0.1768762649170365,0.08300684450767823,0.1475660818714538,-0.14683652347158496,0.3248499275318897,-1.5812634165082966,-0.00132951926662372,0.006302130375734123,-0.014934127150663699,0.008631996774929575,0.005476987250701037,0.008428588551674263,0.1255752759846551,0.0087790694966617,0.0105510675686756,0.0772752684110261
14_7_52_31_38_30_44,16.10817758560181,16.10744664669037,16.108589119911194,16.106898832321168,16.10961256980896,0.8960200527310371,0.8961772538721562,0.8959697787463665,0.8961941276490688,0.8960202085971832,0.12053786751680672,0.1876842860990221,0.17557226652199545,0.19662899043966756,0.18998611755616107,1.3454475245943787,0.029705786140582103,-0.029403507680683217,0.00023951561057401706,0.0012108908870141022,-0.005196291958200163,0.003985401071186061,0.0054551277379675245,0.009277729887671194,0.0478444679864505,0.1531462838009975,-0.2058591870758444,0.07685113656961307
14_7_8_69_89_24_5,16.09161118507385,16.092191729545593,16.09373258113861,16.092321043014525,16.093630270957945,0.8958747439086437,0.8956804947555065,0.8954677446186543,0.8955976746976375,0.8956085142493247,0.07445836024725351,0.05742520795146886,0.10517781833588583,0.15817132187280616,0.18091289425905413,2.0103475820767045,-1.7728008602721468,0.03630485107672604,0.0009219478222257749,-0.006992834115008009,-0.00812446948948491,0.015117303604492918,0.00544927810589618,0.007132234857407481,-0.0724663006740674,0.0188334630614357,-0.0937016199113753,0.07595377002846995
15_0_14_77_77_23_10,16.097658762931825,16.09779224872589,16.097599840164186,16.096201257705687,16.097755193710327,0.8956882390379906,0.8956574860215187,0.8957807354629039,0.8957839727401733,0.8958180181682109,0.07799842133374088,0.07668180362647693,0.08636369458575288,0.12518543738594798,0.0943272927642515,-0.32175076074270614,1.139022414259861,-0.40901585421304215,0.0014965180214494467,0.0011015748429599626,0.005802401170603844,-0.006903976013563806,0.004624060943859496,0.006834256650462619,0.0410297454961263,0.0942615927529848,-0.0728768957230683,0.07412999643011207
15_10_42_35_43_31_40,16.108582539558412,16.108066868782043,16.108002533912657,16.106927132606508,16.10759781360626,0.8959985618293286,0.8959218062460422,0.896024970561266,0.896271407455206,0.8961418649554252,0.14540416029621606,0.14299356994318876,0.14713668984075046,0.08700980202096073,0.06639492628341676,-1.5553060367302745,1.8473983330748358,2.2574660018759,0.0072123158528665954,-0.00937381949115661,0.012053369231107353,-0.002679549739950744,0.004316466497714658,0.008440260568398123,0.0223946637838792,0.0230996666530954,0.0044857950640701,0.08002452890324933
15_12_33_55_17_75_9,16.096520237922668,16.094873485565184,16.097016367912293,16.09489010810852,16.096216716766357,0.8958206249773503,0.8960450629889966,0.8957941262423992,0.8959385973215103,0.8959175103902817,0.07106024854800688,0.09701914688726983,0.13816978468946728,0.1271472570518223,0.14838533568153583,-0.16729428200871713,0.1642490229823913,0.29813483692932896,0.0068784874716948255,-0.003852783012407599,-0.004629881524415395,0.008482664536822995,0.004423497178950313,0.008937108364995708,0.0323508622125106,0.0454496805476625,-0.0027217991228465,0.07848301106003486
15_13_23_52_33_51_29,16.112250990867615,16.112575602531432,16.111257853507997,16.113467736244203,16.11288070201874,0.8960503655672073,0.8961031039059162,0.8961927926540375,0.8961625453829766,0.896066452562809,0.18571486681727578,0.15532219838167557,0.11439053765536183,0.157534610828937,0.1806815472657492,1.052794386856173,0.16731101608708684,-1.3810978197081718,-0.006083875720651122,0.007209843401406033,0.008064719578715084,-0.015274562980121118,0.0036077143960457562,0.008181422816871724,0.0522814765867701,-0.0721419016039823,-0.0711702316107849,0.07635276268103759
15_13_24_59_32_50_23,16.10244303703308,16.102831721305847,16.102541007995605,16.101729702949523,16.102430982589723,0.8958699931204319,0.8959803004562855,0.8960277645289898,0.8960388316214085,0.8960004024207592,0.26865088827824574,0.31517965299908857,0.19609447638147132,0.18533587748544314,0.18106181985338868,-0.5722265763219836,1.2322059244325843,0.376035064693994,0.0019936095435787136,-0.0011389411074924282,0.012747285551122332,-0.011608344443629903,0.004625577255631027,0.0062104219563664,0.0296157885741684,0.0651338909080874,-0.0144012133650596,0.0736542923232985
15_13_37_32_39_53_27,16.10763125896454,16.108751397132874,16.10817045211792,16.107528257369996,16.108366708755494,0.8960731495916844,0.895992385149002,0.8960381193459034,0.8961012314260006,0.8960854656994343,0.16060658884604506,0.127932399260176,0.12476533250136036,0.13884153134599786,0.21160733170206375,0.06159536035728271,0.24701289522414205,1.1969162791283292,0.01096939147086232,0.01159090951703547,0.006666125725951133,-0.018257035242986604,0.003999695294056317,0.006247931752177095,0.0328231250475812,-0.0523588980566598,0.1536341984891083,0.07151164975330958
15_15_44_39_12_74_17,16.09597375869751,16.095621366500854,16.09569341182709,16.094949378967286,16.095751543045044,0.8959878867864609,0.8959777180850506,0.895975112169981,0.8959876349568368,0.8958548879623414,0.05967599453781851,0.05766982260914034,0.08183777829743644,0.06789031697914101,0.059492914894361155,-0.22087691668324516,-0.9940075205587691,-2.4027930212132724,-0.0016374805828672833,-0.0013993770448814757,-0.0001553366751613794,0.001554713720042855,0.004382869924404385,0.008232515988044543,-0.1187310294093086,0.1074095279210111,-0.1377176836228739,0.0812910664926747
15_16_27_50_27_52_29,16.107106494903565,16.105277953147887,16.106053047180175,16.1064044713974,16.10637798309326,0.895857397466898,0.8961357048153877,0.8961750899255275,0.8960390156507492,0.8960244651138782,0.23020923603086782,0.24307666788155102,0.2430861672026631,0.3026392371084639,0.3836833588179529,-0.2146413830476524,1.014891312690045,0.8844973334256145,-0.0025187267502769827,-0.0002983511286220164,0.0015637912502279505,-0.0012654401216059341,0.004432116551824159,0.005819928348716551,-0.0500637803927024,0.051456858047673,0.0963211056698326,0.07492997369221767
15_17_35_35_40_46_28,16.101799001693724,16.10037281036377,16.10038510799408,16.100144848823547,16.099255948066713,0.895840066075325,0.8960071393847465,0.8960264649987221,0.8960898476839065,0.8961564864218236,0.17470010376929823,0.07034973857232463,0.062479953782804624,0.05528704712008887,0.08704390381302175,-2.134575238530941,2.2871100722877102,1.2456687331392295,0.008813200405347743,0.0014463431011972716,0.0006526858769211686,-0.00209902897811844,0.005061356794479645,0.005847204950978913,0.0065937719356854,-0.005575634713705,-0.0541743344334155,0.0786601584759939
15_18_23_31_74_39_16,16.096886463165283,16.097995896339416,16.097415537834166,16.097637853622437,16.098179416656492,0.8960469587147236,0.8958269028365612,0.895934030264616,0.895905879586935,0.8957461428642273,0.12265386546538239,0.09677269305961707,0.05491049976084234,0.10339400652761345,0.09490546559085387,1.0214461920355145,-1.5122684277473852,0.31759963847414174,0.0001527086884561868,-0.004256994611059781,-0.0021220603432448113,0.006379054954304592,0.003936346585108687,0.006202180791235457,0.0506041518270239,0.0461134141003659,-0.0599346279959623,0.07586172210392773
15_18_27_45_50_35_26,16.09533788204193,16.092941131591797,16.095621938705445,16.093683576583864,16.093572425842286,0.8958108647167683,0.8960595785081387,0.8958385936915875,0.8959262090921402,0.8960278704762459,0.13172245306328106,0.16474896789336604,0.31683052570661707,0.2142594639635239,0.2853719424696815,-0.8078988887073912,0.8731727148572773,-2.2200967145568407,-0.006686646086454857,-0.0035153364149300616,0.0006993243439501384,0.002816012070979923,0.005739029724529319,0.005915307131523556,0.0672821253278237,0.0564738091801355,-0.0363047037618783,0.07260191064207328
15_18_7_86_23_22_45,16.10622474193573,16.105419211387634,16.10452730178833,16.106103644371032,16.105179948806764,0.8960388472676277,0.8959891310334206,0.8961742521822452,0.8960681414604187,0.8961675830185414,0.19701312346545297,0.15850201484533588,0.10405215073337519,0.15031382895152656,0.19994874063710744,-0.8349138316258539,1.41884223731885,-0.11516213879529673,-0.0018816732174036588,0.006295713659565081,-0.004280218602361856,-0.0020154950572032248,0.004798292217473522,0.00809266343941136,-0.0329108365683773,-0.1076614098866941,0.0934425527946854,0.07685726883520122
15_19_34_33_30_56_29,16.103170590400694,16.10528643608093,16.102671041488648,16.10453227519989,16.10398621082306,0.8962105971574783,0.8960022132098675,0.8963944792747498,0.8961879670619964,0.8961728246510029,0.25692770425961925,0.19650232217016309,0.10710463296817188,0.1505596746139849,0.1357585092830915,0.2525315829802959,0.45533330385014187,-0.3967861794505024,-0.008970558233168049,-0.009668842696364664,0.005816035332209139,0.0038528073641555236,0.0044160763741511655,0.009280309614321807,-0.058503674523124,0.0450268126873855,0.0239476061021685,0.07629582523578601
15_22_26_46_47_12_48,16.09974214553833,16.098798985481263,16.09891182422638,16.098996987342833,16.09943856239319,0.8961321879923344,0.896072826385498,0.8960050970315934,0.8961018316447735,0.8960092084109783,0.0963396656328169,0.06307190265133857,0.1331219857074464,0.05763006916369031,0.11328329928988158,-0.11447397864266998,-0.6410077583126427,0.437362311771892,0.005492503905261401,-0.014493107211819733,0.006153657006798312,0.008339450205021422,0.004467106612661374,0.004930661714683911,0.0714938177471817,0.0312035968359642,-0.0269324396238482,0.07721962544128037
15_22_44_31_27_23_54,16.098216934204103,16.10074863433838,16.099883332252503,16.100858836174012,16.101101961135864,0.8962823586165904,0.8960486689209938,0.8960473746061325,0.8960586489737034,0.8959920063614846,0.17609016439499192,0.16379469582332157,0.1832331432484767,0.14391325182929648,0.24519172671700232,2.4685656474188855,-1.6251400980589088,-0.3303098309287814,-0.0013801514622900869,-0.013396790654442157,0.007156844644414378,0.0062399460100277795,0.004248457028236758,0.007559545270799221,0.0769715349930078,-0.0044036045862773,-0.053568186729081,0.08251795301873714
15_23_35_31_40_40_32,16.095122294425963,16.0936105966568,16.09383460044861,16.094401516914367,16.093104815483095,0.8959402957558632,0.8959440386295319,0.8959335052967071,0.8958544211089611,0.8961324763298034,0.1681832881286098,0.24045184613316906,0.2590180988130794,0.23399196854780066,0.17602163999205106,-1.056418598064856,0.7010940499094773,-0.7815061631180906,-0.005476874638497975,0.0009431536685588071,0.0006602736853528767,-0.001603427353911684,0.006019464060878928,0.008267915054751286,-0.0602805069469217,0.1200452852666211,0.0049718583451472,0.0766998888880339
15_25_21_44_30_39_42,16.106685161590576,16.106442828178405,16.10794737815857,16.10665771484375,16.107720031738282,0.8962137109041214,0.896239265948534,0.8960313312709332,0.8962305320799351,0.8960004961490631,0.12783181272012845,0.20393645037254393,0.3756318536673248,0.40823721489391174,0.27841697904200746,0.6314075428017429,-0.9317219423470545,-1.1193215538195112,-0.015567717527010244,-0.006564555413206108,-0.0014631277573789704,0.008027683170585078,0.00641672844308654,0.010353672300301618,-0.045107579177659,0.0313790351049857,-0.0480285170296729,0.07467677354403109
15_26_2_80_21_16_56,16.11054190158844,16.107711791992188,16.10788477897644,16.1097035074234,16.108470559120178,0.8961027838289738,0.8964382173120975,0.8964227066934108,0.8962401337921619,0.8962974575161934,0.11897073227044962,0.0854912900436365,0.1545169825210932,0.11138735561571639,0.11662092549192347,-0.9060343101333533,0.5508179104813293,0.5722592828748198,0.0032274534313182814,0.00028115163870097605,-0.00551255320016935,0.005231401561468374,0.0037204609115221664,0.0075756010746419935,0.1323201394943989,0.0967070942690828,-0.086805322365333,0.08008909435758628
15_27_11_55_42_26_40,16.10042026042938,16.1009276342392,16.100823402404785,16.099387464523314,16.101856260299684,0.8961684755980969,0.896203855574131,0.8960889978706836,0.89612533852458,0.895944002866745,0.17385210086494418,0.07942153606567498,0.08633774603349126,0.08079170618703065,0.06462888001127684,0.5285977771234278,-1.3971619833717572,-2.5855996367939773,-0.004671003672556253,0.0053696716130980345,-0.00025116415934462567,-0.005118507453753409,0.004770782122532141,0.008238898947065604,0.0120951878711,0.0699218124337995,-0.0862609911216734,0.08171261885190381
15_28_27_29_30_71_16,16.0950909948349,16.09571043968201,16.095593252182006,16.094283332824705,16.09567626953125,0.8960020866990089,0.8959087553620338,0.8959242935478687,0.8960101486742497,0.8959539866447449,0.14815701711054388,0.1546268512048045,0.20475892292496856,0.2531757544184033,0.362971718642995,-0.08251712022090778,0.1002506281612948,-1.223302368107091,-0.007691570447095728,-0.011777398809826992,0.0021992433846162386,0.009578155425210753,0.003574172735268876,0.007047353795051032,-0.020675500739843,0.047788287028906,0.1378380916047057,0.07752812539169748
15_28_42_25_29_25_52,16.095460901260378,16.094337096214293,16.093532638549803,16.094777402877806,16.095326251983643,0.8958502127230168,0.896277544349432,0.8961507895588875,0.896065811663866,0.8959976863861084,0.12229192273038078,0.08881431399983089,0.05376877922040755,0.13145382320190563,0.2248167286580339,0.2265512145990912,0.16821789396880762,-0.1880465165767959,-0.002974908596406749,0.0009264430075563723,-0.0016104473403174779,0.0006840043327611057,0.0037331133321298685,0.007267570865914624,0.2069318399259921,-0.0490151852910605,-0.0081822619532765,0.07827640401065947
15_29_38_37_21_18_58,16.094320197105407,16.092675428390503,16.093979444503784,16.09395617008209,16.09519045829773,0.8960425773262978,0.8961839720606803,0.8961289796233177,0.8961060267686843,0.8959127849340439,0.1932439707513069,0.07746002124211132,0.180949610784511,0.16525630032305053,0.15533248566507232,1.6304749780973873,-1.4550104227423648,0.13584974286287127,0.0009334393479184655,0.0005086805647806613,-0.003756128151417215,0.0032474475866365537,0.004463348697629544,0.006340982013394836,-0.0829696730977065,0.1059109651168818,-0.0297820772555573,0.07868139937159205
15_29_45_16_37_23_51,16.093318467140197,16.09178168296814,16.09322096824646,16.09292984485626,16.092003350257873,0.8959693978726864,0.8961851142346859,0.896008445173502,0.8961450244486332,0.8961655062437057,0.23918345547030806,0.14159556733449805,0.07129854052705097,0.10909184177582659,0.1715371642070326,-1.0220884581743002,2.0251226657505152,1.0523922919098858,0.0015346798332393518,-0.0013626976555678994,-0.00044381617597537114,0.0018065138315432705,0.005194321652111882,0.008062990609159958,-0.0687163374489384,-0.0606617710251274,-0.0396866223920736,0.080938110423059
15_2_33_45_64_53_4,16.100667700767517,16.098506326675416,16.101198568344117,16.100345344543456,16.100777506828308,0.8958003422617913,0.8960391984879971,0.8957048718631268,0.895725264698267,0.8957167626917362,0.08806956484365525,0.08849363742617904,0.17965097551319112,0.18352190815759534,0.09385276070331379,1.1228935664868671,-1.6602976409451602,-1.5933146531538123,-0.0062250159466930195,-0.006512066082359524,-0.00713754999957473,0.013649616081934254,0.0050813345975027615,0.010903909937154694,0.0178168377034432,0.0173371165455648,-0.0695527929167302,0.08021028860838636
15_2_6_81_86_21_5,16.093930420875548,16.09530335903168,16.096004314422608,16.09477791786194,16.093773255348207,0.895697639733553,0.895567714124918,0.8955887866020202,0.8957074612379075,0.8957266074419021,0.2378962252075169,0.25134970271115104,0.21479066659801055,0.3071359061121703,0.368689531117848,-0.2579450951114958,0.3854719500879423,2.1906953699868112,0.004659253865095252,-0.008742431449427386,0.013524315330432728,-0.004781883881005342,0.004195927282030661,0.0058850339943638435,-0.0099015501855357,-0.0363355233105063,0.0392616964353006,0.07237135799940345
15_30_10_43_42_47_29,16.10258557319641,16.101729288101197,16.1022732257843,16.103074259757996,16.101780133247374,0.8960910679399967,0.896189201772213,0.8961245501041413,0.896045518219471,0.8962424349784851,0.16784111670490162,0.19830824702207497,0.08848806695994998,0.052306300280846936,0.10620172314286819,-0.36852014800431165,0.7091620092975929,0.34329449186687294,-0.005469482312910259,0.0018092240299120022,-0.008379622141364961,0.00657039811145296,0.006322960706298604,0.007297282476614216,-0.0349549055500243,0.0209932188800593,-0.1382491215145681,0.07471773022003415
15_32_25_23_47_45_29,16.09414228439331,16.094059777259826,16.09405058860779,16.093642444610595,16.093382782936096,0.8960546098649502,0.8960061150789261,0.8959630389511585,0.895933776050806,0.8960932432115079,0.16531105149176858,0.1575922988456549,0.21895646460620782,0.18249083153366763,0.16675087497820562,-0.5084243571358253,0.1927254184319865,-1.1476720648742376,-0.00034792202088283373,-0.0013730588401813294,-0.0016110142661636929,0.002984073106345022,0.0048435826391187405,0.0071396848751065336,0.0937196103431473,-0.0378202889797148,0.0353772751244388,0.07898060953534822
15_34_11_33_51_49_23,16.095551915168762,16.095982012748717,16.096238293647765,16.095723185539246,16.09641040325165,0.8960037840902806,0.8961164739727974,0.8960213108360767,0.8959851329028606,0.8960335963964462,0.19043413467785078,0.13459543743657038,0.15642586779703863,0.08514799054905804,0.08021839563598002,1.1590938360468541,-0.45245126196871854,-0.3124527004272074,0.0016042647313770431,0.001137610797279649,-0.004343109800804541,0.003205499003524892,0.004589038957769872,0.011064959823678115,-0.0233358062799819,-0.1820800850551069,0.1392361285750936,0.08153619016523891
15_34_24_15_56_25_47,16.10439477443695,16.102412467002868,16.103039197921753,16.104003882408144,16.102982540130615,0.8960842359066009,0.8963871642947197,0.8963023380935192,0.8961433781683446,0.8961391998827457,0.0856370653317414,0.10068903441725029,0.09028570440801087,0.14105290439596987,0.08075761652965575,-0.6356824981880412,-0.5442013829091723,-0.6816968833221491,-0.003944879085297543,-0.0036118196355710095,0.0031268999811618413,0.0004849196544091683,0.004493205162105001,0.0070072370087701065,-0.1155597868283165,0.0228944576432411,-0.0175313701765564,0.07899777072986036
15_37_16_44_24_41_39,16.09253575325012,16.0931742477417,16.093211154937745,16.09191162109375,16.092421894073485,0.8960803641378879,0.8960069596767426,0.8959402005374432,0.8961057960987091,0.8960123255848884,0.06561573355352039,0.09157142344096048,0.06263248225596986,0.08584478175319057,0.09140556604173103,-0.7882350159050888,0.08181543603071335,-0.499020127348651,-0.0016455283460174996,-0.0019670141920869353,0.012408824085177912,-0.010441809893090976,0.004400194088397805,0.006443236690475158,0.0215718019497904,-0.1132875375854583,0.039347814425096,0.07722725788473918
15_40_26_21_26_45_43,16.095596070289613,16.09705936431885,16.095771856307984,16.096124234199525,16.09529764652252,0.8960146671533584,0.8960289283096791,0.8960802914202213,0.8960639560222625,0.8960975734889507,0.07271018896399267,0.09965659779717168,0.0847102437098974,0.0698628425442124,0.06480763529240999,-0.42647941274722406,0.7373290065856396,-0.7653178651139044,-0.002940830105144414,-0.010038020753254386,0.0032760195477703744,0.006762001205484012,0.005541328830252283,0.006815255219903323,0.0821589181432786,0.0246203957132312,-0.0823136192572704,0.0755283322406698
15_4_0_106_42_48_1,16.09441725730896,16.094481592178344,16.095265922546385,16.093589091300963,16.093746380805968,0.8958205787837505,0.8956975117325783,0.8957172119617463,0.8958600297570228,0.8958130066096782,0.0882302031981472,0.17175432421121567,0.10748455868894803,0.26459469857688483,0.30175590703410893,-0.9543204737243953,0.4157495183867555,0.3086864741542823,0.005264224300954083,-0.0033224205051010356,0.007192887451965362,-0.003870466946864326,0.004562023511564331,0.0052052939939327475,0.1871435387724327,0.0583960339299429,-0.0926106579525318,0.07463360451440534
15_8_29_55_35_41_33,16.112735042572023,16.111201820373534,16.111450204849245,16.11248306274414,16.111659712791443,0.8960368846356869,0.8961189721524715,0.8960587656497956,0.8960037040710449,0.8961565536260605,0.11770439677626014,0.11601730578306213,0.1845162079871094,0.2894017134908001,0.24745374509276843,-0.3744593701394357,0.13265057390786295,1.0020246015271739,0.0020585660806682424,0.0003056239181023557,0.003925694956924417,-0.004231318875026773,0.005480110984210189,0.0062289433185896345,-0.0095112614197886,-0.0380146923772213,-0.0087331644149835,0.07519637114264117
15_8_45_29_47_29_43,16.111955089569094,16.111656284332277,16.111833629608153,16.112520813941956,16.11319640159607,0.8961541837453842,0.8962181685864925,0.8962249366939068,0.8960387089848518,0.8961404754221439,0.19156055547670117,0.10475902904083548,0.25452375362549956,0.27942424069698135,0.31194079558455995,1.149911565777982,-0.46413587098347725,0.8226856850816882,0.004577341177355265,-0.006997318863723194,0.006012929448479554,0.0009843894152436405,0.004307510072004505,0.006909768677267387,0.0050226410697069,-0.0120091011508677,-0.113153528062339,0.07471872340614893
