folder_name,axis,eq_Qaa,eq_Lrel,first_Qaa,uts,toughness,scaf_n_along,scaf_plane_min,scaf_plane_cv,core_n_along,core_plane_min,L0,pull_L0_rel
10_0_26_75_43_53_9,x,-0.0174097274989186,1.045871811916813,-0.0238339877134429,4.2799875,19.023896478937502,119,17,0.128271743886334,119,17,24.853071,1.053293043768261
10_0_26_75_43_53_9,y,-0.0038806782761914,1.042794629914653,0.0168593544815942,4.211215,21.6473750118625,131,18,0.0968593705377826,131,18,23.713196,1.0049842288026842
10_0_26_75_43_53_9,z,0.0212904057751097,0.916901653316497,0.0069746332318486,4.4233775,19.412038180125,134,18,0.1175225055822658,134,18,22.290632,0.9446948277256441
10_13_50_46_13_69_15,x,0.0298007462459966,1.0110510268791932,0.026566921209754,3.597425,18.992678154838124,131,20,0.1103574984335951,122,16,23.038374,0.9893228244846067
10_13_50_46_13_69_15,y,-0.0090605973705078,1.0326202017727844,-0.0092274110836936,4.012595,16.1020955071875,120,15,0.1384437310486345,115,14,23.507403,1.009464050382111
10_13_50_46_13_69_15,z,-0.0207401488754888,0.957825308628094,-0.0173395101260603,3.60319,18.476817829906253,118,18,0.0812852800561477,113,15,23.317657,1.0013159037874488
10_14_31_40_49_48_24,x,0.0074970465015034,1.100845883082875,-0.0290050667744795,4.0826925,18.55082653401875,127,19,0.0634823444747917,125,17,24.557264,1.0385047978166275
10_14_31_40_49_48_24,y,0.0491812054144726,0.96155705587216,0.0236534449891061,3.600895,15.015192418865626,134,18,0.1309696177222704,129,17,22.266335,0.9416234531376255
10_14_31_40_49_48_24,z,-0.0566782519159755,0.94470979520327,0.005351621785374,3.82246,16.72940517270625,127,19,0.0837019355333437,119,18,24.181637,1.0226198669184026
10_14_38_49_33_37_35,x,0.0412586062229242,1.1342985027266126,0.0263097881684329,3.8136175,20.958687220625,129,17,0.1280830359833977,127,17,25.429942,1.0809258460447997
10_14_38_49_33_37_35,y,-0.018891043149101,0.968026223857546,0.0258084681106971,3.529915,13.2637052014925,129,18,0.1099026889826187,125,18,23.353053,0.9926455424772123
10_14_38_49_33_37_35,z,-0.0223675630738226,0.910721351734425,-0.0521182562791298,4.206375,22.28702147538875,124,18,0.1300364152951378,115,16,21.925998,0.9319871016035579
10_15_23_72_21_73_2,x,-0.0296845194776049,0.9212512533545922,-0.0200964394137115,3.77311,22.940255509221878,118,17,0.1301889109808238,113,16,22.303754,0.9580088237632584
10_15_23_72_21_73_2,y,0.0141760445389095,1.0881866330820298,-0.0170250325736713,3.696765,15.787364332562126,127,17,0.1838207485028149,122,16,25.894416,1.1122378328866296
10_15_23_72_21_73_2,z,0.0155084749386951,0.9975129014712598,0.0371214719873836,3.6840824999999997,17.26578895625125,124,17,0.1140494808365399,118,16,21.849489,0.938496867241194
10_15_33_29_78_22_29,x,-0.0145479836860265,1.0273246272390406,0.0307947095192703,3.5987125,13.18608711549375,126,15,0.1454785934906615,123,15,24.601906,1.0455669605968172
10_15_33_29_78_22_29,y,0.0500923681780255,1.077831070662118,-0.0146126516290663,4.017225,14.303357670337501,124,15,0.154704242687507,119,15,24.711713,1.050233695411683
10_15_33_29_78_22_29,z,-0.0355443844920003,0.9031119770221562,-0.0161820578902036,3.3575175,17.14127555640625,132,19,0.0909090909090909,125,17,21.427875,0.9106724550446834
10_16_39_60_18_32_41,x,-0.016371701983082,1.0389893483327182,-0.0382641765945724,3.92359,25.4060765715625,111,14,0.1238533971609686,107,13,23.909308,1.0219884468839662
10_16_39_60_18_32_41,y,0.0070208764696608,1.0593204891956212,0.0311645187236991,2.0526999999999997,9.338964532237501,135,16,0.2173540852017957,126,15,24.369633,1.0416647516859228
10_16_39_60_18_32_41,z,0.0093508255134204,0.908576568236269,0.0070996578708732,2.5709575,10.48325180214625,130,18,0.1151279195930443,124,17,21.97592,0.9393469835951039
10_16_39_63_27_21_40,x,-0.0133586503805551,1.18859446214423,-0.0163664293886248,3.871495,16.0991456686625,119,14,0.1378253736710649,117,14,29.873596,1.2867158427747063
10_16_39_63_27_21_40,y,0.0267764101586626,0.9002217513807317,0.0160416579751928,2.561705,9.36634709679375,121,12,0.1971381891219266,116,11,20.326481,0.8755024045501271
10_16_39_63_27_21_40,z,-0.0134177597781073,0.9345806722062586,0.0003247714134324,3.9388775000000003,31.7242160473875,128,19,0.1000488162098882,118,17,20.609377,0.8876873040532732
10_17_39_36_48_31_35,x,-0.0152273252061112,0.9354710649413673,0.0078158981647998,3.8414875000000004,24.075781145,121,16,0.1194779528495947,116,15,23.989195,1.0211103803433563
10_17_39_36_48_31_35,y,-0.0143417404881561,1.0087733441453577,-0.0146221919480239,2.9523975,10.477888400025,128,15,0.2142392062625326,122,15,24.092608,1.0255121990689302
10_17_39_36_48_31_35,z,0.0295690656942675,1.0596831854540707,0.0068062937832233,3.876505,17.0800780296875,131,17,0.1384607415818095,124,16,22.435175,0.9549628521223726
10_18_20_64_29_56_19,x,-0.0124852660060588,0.9688260429613533,-0.0021742150760291,4.219485,24.64284759535625,129,18,0.0794337268679038,126,18,22.999233,0.9797619595067246
10_18_20_64_29_56_19,y,0.0165942939508072,1.0282071527257222,-0.01636543275645,3.4681224999999998,15.868347381843751,118,16,0.1161975356000177,112,16,25.028865,1.0662238091430822
10_18_20_64_29_56_19,z,-0.0041090279447482,1.0038609827328175,0.018539647832479,4.1548425,27.972500191575,133,18,0.0988943341200444,122,17,22.471074,0.9572625093393599
10_18_31_51_18_63_25,x,-0.0020972469804453,1.0832469579639257,0.0322313733693337,3.97506,12.47756417309375,128,18,0.1000488162098882,125,17,25.487891,1.080153944139529
10_18_31_51_18_63_25,y,0.0341913598050271,0.9731298721616372,-0.0095413725757693,3.718085,22.938697409262502,133,19,0.0799259083664259,126,18,23.706439,1.0046576073066678
10_18_31_51_18_63_25,z,-0.0320941128245824,0.9486406216702794,-0.0226900007935648,4.0478000000000005,23.42462914476875,124,18,0.1032761973779491,116,16,21.744254,0.9215019681491784
10_1_12_87_77_24_5,x,0.0144290696747884,1.0210018136138082,-0.0054149090479451,4.7569575,21.399248997109375,122,16,0.1010559672617865,122,16,23.106091,0.9912611894323935
10_1_12_87_77_24_5,y,-0.0092912471650734,0.9123799168698769,0.0120761528511377,4.3622875,29.364105983543748,130,20,0.0634323942402717,130,20,22.264502,0.9551566612734238
10_1_12_87_77_24_5,z,-0.0051378225097144,1.0734894221128521,-0.0066612438031926,4.5595825,32.11035631590625,120,17,0.0912870929175276,119,17,24.619298,1.056178417131247
10_1_17_90_68_19_11,x,-0.0228645747247107,0.9561792068516991,0.0001732126726621,4.2187275,20.11254166384375,125,17,0.12211470017979,124,17,23.412542,1.0069632633288021
10_1_17_90_68_19_11,y,-0.0235707642188239,0.9933449892069764,0.0125739677784246,4.2383775,20.02776407331875,116,15,0.1390044439361819,116,15,23.626302,1.0161569880926131
10_1_17_90_68_19_11,z,0.0464353389435345,1.0528356917485064,-0.0127471804510868,4.12028,24.1268370168875,128,18,0.1423505246741296,128,18,22.72273,0.977294748794867
10_20_30_45_45_47_19,x,-0.0011850806223782,0.9224287576864123,-0.0179765816297333,3.8154525,21.82837626076875,127,18,0.0961146111475094,123,18,22.419707,0.9623939568772182
10_20_30_45_45_47_19,y,-0.0260612946816732,1.0113937041386312,-0.0121304523851725,3.656675,14.90035212103125,119,15,0.1578848254458482,109,13,24.623023,1.056974051233085
10_20_30_45_45_47_19,z,0.0272463753040516,1.0718818572038133,0.0301070340149059,4.2328,22.49412166075,126,17,0.1259881576697424,119,15,22.901284,0.9830662517725557
10_20_37_40_27_48_34,x,0.0159009517542632,1.0218439381092959,-0.0001513535461366,3.1141199999999998,12.032747697424998,123,15,0.1483600617145907,115,12,22.954315,0.9765465096569297
10_20_37_40_27_48_34,y,-0.0290373478706935,0.8482593923505306,-0.0020500471635511,3.713765,21.929622139712503,128,17,0.1397542485937368,123,17,22.528343,0.9584243626962566
10_20_37_40_27_48_34,z,0.0131363961164302,1.153683682324556,0.0022014007096878,4.1268025,16.87925243230625,132,18,0.1049727762162955,123,17,25.114274,1.068437747642122
10_20_42_30_46_44_24,x,-0.0340797899462928,0.9763514071684883,0.0071297216964255,3.6866849999999998,14.91961519977125,124,17,0.1270001270001904,118,15,24.732292,1.0609061567140385
10_20_42_30_46_44_24,y,0.0493391136096523,1.057477038788236,0.0141646192359257,3.7859975,20.086901212500003,126,18,0.1133560068022674,116,17,23.577676,1.0113782268707172
10_20_42_30_46_44_24,z,-0.0152593236633595,0.9685518996299245,-0.0212943409323513,2.4937,14.217586993306252,121,16,0.1552751589095531,114,15,21.726853,0.9319860898343298
10_23_20_33_76_38_16,x,0.0098257258280598,1.031632930127367,-0.002768855389235,4.149795,20.081639375520936,122,19,0.0366568520901604,119,19,22.758622,0.972639467523094
10_23_20_33_76_38_16,y,-0.0024141909622265,1.0371949156629132,-0.0166004015984527,3.6217924999999997,22.410447745884376,126,18,0.0911835340720322,112,15,23.629798,1.0098710785037106
10_23_20_33_76_38_16,z,-0.0074115348658327,0.9345755699710044,0.0193692569876874,3.691295,24.335862005406877,128,19,0.0841432001114766,120,18,23.821892,1.018080635561883
10_24_14_63_41_47_17,x,0.0354620855006376,0.9781589244346756,0.0059750911019942,3.7192725,20.545239240325003,116,17,0.1182009413862249,111,15,24.516273,1.0516806714340752
10_24_14_63_41_47_17,y,0.011442481995269,1.1228711341762223,-0.0045173330853587,3.709205,21.245356733068753,125,17,0.1553319027115808,116,15,24.763037,1.0622661682265835
10_24_14_63_41_47_17,z,-0.0469045674959067,0.9104595608320427,-0.0014577580166348,3.793425,18.14747392448125,130,18,0.1240347345892084,120,16,20.866678,0.8951230853742999
10_24_32_54_19_16_61,x,-0.0096906753007919,0.9283958055913791,-0.0184934630639868,3.29561,16.628109891393752,128,19,0.110485434560398,123,18,22.211936,0.9403595527136974
10_24_32_54_19_16_61,y,-0.0012383338512403,1.0979488536162818,-0.0118157880317119,3.3452875,18.73153839119375,125,18,0.0894427190999916,112,15,25.369747,1.074047932669159
10_24_32_54_19_16_61,z,0.0109290091520317,0.9810354944992689,0.0303092510956984,3.3678125000000003,17.754766821115624,133,17,0.1412653701357589,124,15,23.387019,0.9901076036841967
10_24_32_58_21_16_55,x,-0.0228846916239121,0.9697101283193826,-0.0470102040636253,4.6008925000000005,20.47711901295625,125,16,0.1477294825009551,117,15,23.810762,1.015879212873275
10_24_32_58_21_16_55,y,0.0032413963326261,1.047547263629026,0.0204961361146622,2.98061,10.83933113673125,125,15,0.206300751331642,116,13,23.495756,1.0024395738003902
10_24_32_58_21_16_55,z,0.0196432952912862,0.9844290965267221,0.0265140679489628,2.975315,8.839345996025,128,16,0.134411332297541,120,14,23.016058,0.9819733986037761
10_24_41_26_35_34_46,x,0.0242080832858918,1.0523796278427673,6.507699461255623e-05,3.626185,17.595836773437497,127,15,0.1668474023654889,122,15,23.979702,1.0164855901519112
10_24_41_26_35_34_46,y,0.0034770117773781,0.9271702833085548,0.0297849696018733,2.8529074999999997,10.87565325830625,135,18,0.1445868244143935,123,14,21.408059,0.9074751423775799
10_24_41_26_35_34_46,z,-0.0276850950632702,1.0248683088932875,-0.029850046596486,3.1707575,12.8938199819775,123,15,0.1372515692368628,115,13,25.574467,1.0840867489227173
10_24_42_21_52_43_24,x,0.009250037719928,0.9923859527728184,0.0080662435225264,3.9599375,19.0947383681875,119,16,0.152423169304345,113,15,24.523138,1.0541138012514142
10_24_42_21_52_43_24,y,0.0006300894121126,0.91780665245126,-0.0111613012552812,2.8684700000000003,14.386658296384375,126,17,0.1963383631246505,112,14,19.457046,0.8363505812422383
10_24_42_21_52_43_24,z,-0.0098801271320397,1.097913665206535,0.0030950577327547,3.8647625,12.099836896225,124,17,0.0868574968892662,117,15,26.388377,1.1342900891527579
10_25_38_19_45_38_41,x,-0.0124563207684466,1.0483046073401165,-0.0040921393550456,3.7712225,16.401311823731252,125,17,0.1015086203235961,118,15,24.740932,1.0469517206124588
10_25_38_19_45_38_41,y,-0.0150544247121984,0.9291962845425077,0.0012440072122827,3.6519575,18.3543154188125,129,18,0.1280830359833977,120,17,21.856069,0.9248741739144921
10_25_38_19_45_38_41,z,0.0275107454806444,1.026608937597463,0.0028481321427633,3.7825275,21.1065178056125,133,18,0.1338683745471041,124,18,24.405072,1.0327392727998663
10_26_23_22_57_62_16,x,-0.0086361980315854,0.9580062117257788,0.0055568009682658,3.9113775,19.7185066784125,127,16,0.1623269931345535,116,15,23.407446,0.9922765443910606
10_26_23_22_57_62_16,y,-0.014480617263522,1.0142582469627024,-0.0121547392765701,4.1173025,22.0305684601875,127,19,0.0742833160004457,119,17,23.475921,0.9951793017605394
10_26_23_22_57_62_16,z,0.0231168152951073,1.0291605426535524,0.0065979383083042,4.22447,16.0374766364375,132,18,0.128564869306645,124,17,23.88841,1.012665325631718
10_26_27_27_49_49_28,x,-0.0052237145048086,0.9664999824077979,0.0154386008512255,3.521125,16.136501312540627,127,18,0.1201916340352263,118,17,25.607635,1.0858139508067135
10_26_27_27_49_49_28,y,0.0088303312710386,1.0350131999011902,0.0199083959752418,3.5918674999999998,22.80039705364625,134,20,0.0667482978358146,122,18,23.800768,1.009199246018385
10_26_27_27_49_49_28,z,-0.0036066167662299,0.9996598762272028,-0.035346996826467,3.8223325000000004,24.431962932187503,124,18,0.095420641662897,119,18,21.521955,0.9125731051553297
10_26_35_29_43_29_44,x,-0.0021789683679322,0.9554458782443179,-0.0321726699208217,3.4888399999999997,13.077668801606249,122,16,0.1351837910038577,110,13,23.309422,0.9909022663050393
10_26_35_29_43_29_44,y,0.0284679642702523,1.1316629700656917,-0.0133036662943093,3.619375,11.61488716781375,126,17,0.10647942749999,115,15,26.412813,1.1228299123500876
10_26_35_29_43_29_44,z,-0.0262889959023198,0.9248617181093063,0.0454763362151307,3.79901,17.537587229318753,134,18,0.1203322051984858,125,18,21.142478,0.8987837349851246
10_27_20_36_44_65_14,x,0.0375902576717066,1.0663097250350269,0.0056060608990761,4.181525000000001,21.461492603125002,127,18,0.113833325155913,121,18,22.122688,0.941565486172583
10_27_20_36_44_65_14,y,-0.0281678272685631,1.0111647156819412,-0.0147932376698958,3.5996375,13.98677974545625,120,16,0.1258305739211791,112,15,25.146721,1.0702715955679212
10_27_20_36_44_65_14,z,-0.0094224304031429,0.9274590071252703,0.0091871767708198,3.5686299999999997,19.57290454784375,133,17,0.1313101443351352,119,17,23.315398,0.9923285114890771
10_27_22_48_36_47_26,x,0.0369769038828237,1.0138215761594553,0.0101299983208696,4.6356375,19.4873320866965,129,17,0.1131358102273366,120,17,24.363649,1.0427288532604084
10_27_22_48_36_47_26,y,-0.0392693334727698,0.9877072925964848,0.0129822837734241,3.2155750000000003,10.402954132468748,122,17,0.1546554283943705,112,14,23.894185,1.0226364747186292
10_27_22_48_36_47_26,z,0.0022924295899457,0.9986428801129374,-0.0231122820942938,2.840035,12.732511520925,124,14,0.2139757929261548,115,13,21.911811,0.9377937416882343
10_27_26_46_39_39_29,x,0.0106935829590876,0.9487372373577249,0.0066856257989857,3.72027,19.92690930609375,128,16,0.1660960283239789,117,15,23.453783,1.0070689488297373
10_27_26_46_39_39_29,y,0.0248992671313494,1.1320204786437948,-0.0336304073239789,3.1140475,13.9583329257125,115,18,0.0358530923966753,112,17,25.65612,1.1016338728575086
10_27_26_46_39_39_29,z,-0.0355928500904367,0.9311073819937059,0.0269447815249939,3.1058275,14.326825315301251,128,19,0.0841432001114766,114,15,20.992164,0.9013708591548514
10_27_39_26_50_31_33,x,0.0074000755025745,1.0784862750653268,0.0036796935582111,3.577595,20.630722600093748,121,18,0.1048642771937976,113,16,25.577376,1.1003073316719534
10_27_39_26_50_31_33,y,0.0104886395790423,1.035529297138411,0.010228562374565,3.7077225,16.97640305055625,122,19,0.0675918955019288,112,14,22.775967,0.9797941538654499
10_27_39_26_50_31_33,z,-0.0178887150816166,0.8954121579649875,-0.0139082559327765,3.6082325,19.0569931027125,125,17,0.1312097557348538,111,15,21.562203,0.9275795158932247
10_28_25_40_47_14_52,x,-0.004315587587664,1.1141037632227662,-0.0008598074394081,3.7284275,20.246806377631252,132,18,0.117363131703255,120,16,25.334008,1.0751436560994703
10_28_25_40_47_14_52,y,-0.0146210453477212,0.9337789620825192,0.0076301441746087,3.64044,23.590583138125,125,17,0.1015086203235961,119,16,22.540153,0.9565759395616139
10_28_25_40_47_14_52,z,0.0189366329353853,0.9612365448348132,-0.0067703367352001,3.2677575,18.06360599010625,127,17,0.1428217098206067,117,16,22.911391,0.9723308165871147
10_28_31_31_44_45_27,x,-0.024747722045713,0.9595177407827689,0.0175449289741389,4.3071025,27.19164031030625,127,20,0.0791328789064636,119,18,23.007801,0.9853334120223539
10_28_31_31_44_45_27,y,0.0146302587875157,1.012665715371835,0.004577166467282,3.4416599999999997,19.092911848679375,125,16,0.1341044369139217,115,14,24.545138,1.0511714950116067
10_28_31_31_44_45_27,z,0.0101174632581972,1.029155227231995,-0.0221220954414211,3.3890275,20.00105634941875,121,18,0.1087020366774041,110,14,22.544215,0.965479851260689
10_2_16_74_87_20_7,x,-0.0345580969152192,0.9329371005002485,-0.0015394954191266,3.8086200000000003,16.51389943944375,125,16,0.1451068571777364,123,15,23.879542,1.022987977388707
10_2_16_74_87_20_7,y,-0.0074112771927501,0.934368760903792,0.0146627303017918,4.24109,18.9401692296875,134,17,0.1230777798691839,134,17,21.964802,0.9409614460664036
10_2_16_74_87_20_7,z,0.0419693741079695,1.1471740800677988,-0.0131232348826645,2.7959324999999997,13.07526817126875,114,13,0.1921833535105846,114,13,24.250076,1.0388614739245177
10_2_16_81_79_23_5,x,0.0326505310196502,0.960719802415058,0.023229526285065,4.231815,26.58965841909375,134,19,0.1334965956716292,134,19,23.111372,0.9936980756181337
10_2_16_81_79_23_5,y,-0.0148273275935329,1.0200799044893858,-0.0075955444138193,4.2924475,24.9809562214875,116,15,0.1452784443651096,114,15,25.398873,1.0920516195650078
10_2_16_81_79_23_5,z,-0.0178232034261176,1.0203967470158832,-0.0156339818712451,4.2582375,21.8301999009125,119,15,0.1142980715019785,119,15,21.432541,0.9215149471570425
10_2_19_74_81_24_6,x,0.0002889727167684,0.9898676374028366,0.0069848503430116,3.9127175000000003,19.28051046381875,128,17,0.1316585902058806,128,17,24.078589,1.0333014249132457
10_2_19_74_81_24_6,y,0.0171805203857918,1.0858972353234118,-0.0087587240856674,4.9969225,24.408155316905624,120,17,0.1154700538379251,120,17,22.966148,0.9855624618688614
10_2_19_74_81_24_6,z,-0.0174694931025605,0.9303238330399881,0.0017738737426556,4.4583975,20.389848083268753,123,16,0.168392806318764,121,15,22.881939,0.9819487418252775
10_2_20_68_88_22_6,x,-0.0307466756395864,0.9298718733070008,-0.0260673359268009,4.343675,26.010371474375,126,19,0.0777615791359739,125,19,22.958158,0.9842947332925002
10_2_20_68_88_22_6,y,-0.0472940402177521,1.014993291723423,0.0195776696665904,3.7602124999999997,16.49606507343125,120,16,0.1581138830084189,120,16,24.920381,1.0684219426463781
10_2_20_68_88_22_6,z,0.0780407158573381,1.0595311189309184,0.0064896662602106,3.870655,20.36352669379375,126,17,0.1802828046285801,125,17,22.1791,0.9508938530333177
10_31_28_34_48_31_34,x,0.0193798523105306,1.008258806485623,0.0273033225454902,3.7980375,22.145601227506248,132,18,0.1363636363636363,120,15,22.072526,0.9481104599819744
10_31_28_34_48_31_34,y,0.0077481548925603,1.0461237848796694,-0.0415950058420174,3.1639999999999997,13.634264247525,118,14,0.139766292393819,107,12,23.970619,1.0296417639803732
10_31_28_34_48_31_34,z,-0.0271280072030905,0.9480798133382614,0.0142916832965275,3.6469325,18.545916786791874,120,19,0.0408248290463863,108,14,23.847783,1.0243654264890347
10_31_43_20_42_29_41,x,0.018703027367157,1.0685760521473835,0.0063452828360562,2.4824475,11.9544960465125,120,14,0.1384437310486345,108,12,24.075648,1.0358096643945194
10_31_43_20_42_29_41,y,-0.0188379392062635,0.9148577670147052,0.0033489971551629,1.9161525,9.43615264373125,125,16,0.167236359682935,112,13,19.804001,0.8520300525027914
10_31_43_20_42_29_41,z,0.0001349118391066,1.0229183831068873,-0.0096942799912191,4.0447175,14.4640980910875,123,18,0.1081636967126022,109,16,26.336809,1.1330918815357558
10_32_27_33_11_71_32,x,-0.0310294214177356,1.0265231447351217,0.0014188446960844,3.9633525,18.0291458815625,127,20,0.042402872497122,113,17,26.445005,1.1199873232983133
10_32_27_33_11_71_32,y,-0.0001446508189627,0.9060027175142689,0.0114699743791206,4.1202925,22.034941895936125,130,19,0.098509603652813,122,18,20.297067,0.8596125332604977
10_32_27_33_11_71_32,z,0.0311740722366983,1.075230942805589,-0.0128888190752051,3.5264325,12.733953591381875,131,16,0.1333148793631525,121,15,24.525321,1.038685703399259
10_33_26_22_21_83_21,x,0.006631300032205,1.135019107087953,-0.003862941680326,4.3126675,20.412235297733748,129,17,0.1223235181244922,115,16,25.765876,1.0902013481117663
10_33_26_22_21_83_21,y,0.0025385513831522,1.1206867350196725,0.0026391438787175,3.9922400000000002,24.460505835455624,127,18,0.0961146111475094,116,16,24.748953,1.047173475683681
10_33_26_22_21_83_21,z,-0.0091698514153575,0.7861629921514899,0.0012237978016084,3.4358125,14.4479751016125,132,15,0.18741389207353,121,14,20.702026,0.8759405911075888
10_34_21_39_46_37_29,x,-0.0100771966468259,0.9349299877661006,0.0218309282877132,3.8583375,23.72856408095,134,19,0.0667482978358146,120,17,21.768477,0.937061841837001
10_34_21_39_46_37_29,y,-0.0136896652772217,1.0292972976751487,-0.0318664924814824,3.2279975,11.913568619325002,119,17,0.124924947456458,103,15,25.330655,1.090401971127224
10_34_21_39_46_37_29,z,0.0237668619240486,1.0391543919376167,0.0100355641937693,4.345695,22.5616726852,115,17,0.0763040381512358,111,17,22.735521,0.978689927797145
10_35_24_26_58_17_46,x,0.0176646714795402,0.9496084375277313,0.0091817080571012,4.24985,28.61303875343125,127,17,0.1070981929821688,114,16,22.909441,0.9782639046632666
10_35_24_26_58_17_46,y,-0.0218493170945375,1.0366598523622141,0.00297257111967,3.773655,18.397231281812502,125,18,0.0754718490564528,113,17,23.203605,0.9908251026100592
10_35_24_26_58_17_46,z,0.0041846456149969,1.0158256053641659,-0.0121542791767718,3.2487325,15.28127881634375,125,20,0.0512249938994628,113,15,24.160473,1.0316846515587799
10_36_9_36_65_12_48,x,0.0189944443478158,1.0377979621922273,0.018748186186104,3.3455575,13.3525830073125,127,18,0.1201916340352263,115,15,22.707069,0.9625232187030984
10_36_9_36_65_12_48,y,-0.0411195355037999,0.8862551015167255,0.0236067754240946,3.1915725,14.13822584321875,129,19,0.0838500296619532,113,15,21.831925,0.9254269990320917
10_36_9_36_65_12_48,z,0.0221250911559842,1.0872475515115725,-0.0423549616101981,2.7708225,9.12384630679375,129,18,0.1031328270980625,121,16,26.484787,1.122655787495338
10_37_18_19_53_58_21,x,-0.0167530229155954,0.966045401929542,-0.013488983247155,3.1638225,15.57510662902125,122,18,0.1049692497939811,111,16,23.414474,0.9982811466472413
10_37_18_19_53_58_21,y,0.0254831433784484,1.0054509138717216,0.0095306149716146,3.7801025,22.444681042731254,131,18,0.1103574984335951,117,17,23.115127,0.9855184227694634
10_37_18_19_53_58_21,z,-0.0087301204628529,1.0295361227554682,0.0039583682755406,3.8731925,19.275417159527873,126,19,0.0991269523555301,113,14,23.840421,1.0164414888172577
10_38_10_30_56_46_26,x,0.0098574831233599,1.0897024848881158,-0.0354169824536514,3.0206600000000003,11.894943330762501,116,14,0.1483159528800453,105,12,24.746949,1.055556354575413
10_38_10_30_56_46_26,y,-0.0297697389370799,0.9472645412962095,0.033195717795818,4.2726975,23.996340932625,133,20,0.0709321889628316,119,16,23.238335,0.9912079335114089
10_38_10_30_56_46_26,z,0.0199122558137199,0.9687702152250497,0.0022212646578327,3.8695375,29.0425069189375,130,17,0.1401605166022199,117,17,22.407533,0.9557709052743538
10_38_12_41_41_33_41,x,-0.0225916532810192,0.9732831169230121,0.0180615820780321,4.0197475,21.347736359081253,132,15,0.1530228020963951,116,14,20.915761,0.8919780857241205
10_38_12_41_41_33_41,y,0.0332787114382138,1.1166618241496864,-0.0153878596871866,3.8884125000000003,14.14605233748125,121,16,0.152613101757185,109,14,25.982114,1.1080388759838034
10_38_12_41_41_33_41,z,-0.0106870581571949,0.920108708362585,-0.0026737223908451,3.9446499999999998,21.799320512028125,127,20,0.042402872497122,116,17,23.725223,1.011791012285801
10_38_24_26_40_48_30,x,-0.0059189237788162,1.0862885428280633,-0.0181008359469322,3.4781250000000004,15.072351979653124,126,16,0.1530738216030628,107,14,25.540343,1.093826623358772
10_38_24_26_40_48_30,y,0.027808277932377,0.9660107999387499,-0.0034234603270139,2.82318,11.28692713099375,125,16,0.18676188047886,114,14,20.897659,0.8949925136116242
10_38_24_26_40_48_30,z,-0.0218893541535606,0.9529559349333184,0.0215242962739463,2.50774,9.93763851009375,121,14,0.1929358269409711,110,13,23.851206,1.0214852683072613
10_38_7_51_19_63_28,x,0.0095429524604313,0.9908197843239256,-0.0046595152878293,3.702585,19.884684271418752,126,20,0.0476190476190476,115,16,24.328667,1.0342875302634795
10_38_7_51_19_63_28,y,-0.0195211783876815,1.1040831861333096,0.0059139878474082,3.8327725,17.330282439125,129,19,0.0920491634654102,115,17,23.334294,0.9920136319717775
10_38_7_51_19_63_28,z,0.0099782259272496,0.9141206799951616,-0.0012544725595793,4.22443,17.1043634461825,127,15,0.137513773201362,113,12,22.925462,0.974632908253019
10_39_28_18_27_53_41,x,-0.0056902408189717,1.0442061095646382,0.0126822681425124,3.5169325000000002,17.20592381605,130,18,0.1426710537768569,112,14,22.849087,0.9699118226052231
10_39_28_18_27_53_41,y,0.0061007156062381,0.9189951738909334,-0.0120214612535713,3.1927849999999998,14.734036426800001,125,16,0.1553319027115808,110,13,22.528916,0.956321010939298
10_39_28_18_27_53_41,z,-0.0004104747872656,1.0420787488517884,-0.0006608068889408,3.8194375000000003,18.01745850155625,129,18,0.1439858575271838,118,16,25.398066,1.0781124201902574
10_3_12_74_87_21_9,x,0.0161367174136829,0.9711161072652176,0.008262332836786,4.766954999999999,20.72494358604125,134,19,0.1175225055822658,133,18,22.395591,0.9545531352829146
10_3_12_74_87_21_9,y,0.0081762245902222,1.0758804099839099,0.019186620273774,3.8858725,15.1716396833125,124,15,0.1691627174467986,123,15,26.416916,1.1259515318129087
10_3_12_74_87_21_9,z,-0.0243129420039061,0.9571165869318062,-0.0274489531105607,4.05631,21.799419546225,120,17,0.135400640077266,119,17,21.829441,0.9304224812831866
10_3_12_76_85_23_7,x,-0.0178607034927056,1.0037002582188779,-0.0131695840940041,4.0517650000000005,16.972497579248753,122,14,0.2099384995879622,121,14,24.922189,1.0649680376669926
10_3_12_76_85_23_7,y,0.0333269371767145,0.9702472054025195,0.0234186795369136,3.9198575,21.23006106916875,130,18,0.1323434656468096,128,18,20.703445,0.8846938442925903
10_3_12_76_85_23_7,z,-0.0154662336840084,1.0268655015624053,-0.01024909544291,4.665345,24.71613485066875,124,18,0.0721312250806383,124,18,24.838195,1.0613788294575612
10_3_14_84_73_27_5,x,0.0101044563339219,1.051624990192214,-0.0154661377373043,4.306495,23.47197286614875,125,16,0.167236359682935,124,15,23.589164,1.0127905145439622
10_3_14_84_73_27_5,y,-0.0281763161717172,0.9375750668946368,-0.0289598575840689,3.7908475,14.819013602170001,114,14,0.1992599419579043,114,14,22.414485,0.9623561816937609
10_3_14_84_73_27_5,z,0.0180718598377958,1.0142220601523149,0.0444259953213734,4.64957,24.185351912281252,131,19,0.0968593705377826,129,18,23.896674,1.0259933228811893
10_3_15_72_85_27_4,x,-0.0163742717328508,0.9823905291699842,0.0207241494573746,3.76911,19.0622023822375,132,17,0.165976532577323,131,17,25.313929,1.0841478336574069
10_3_15_72_85_27_4,y,0.0217475364009873,1.0653235339314455,-0.0029814080695788,3.8352875,18.3071086385375,126,20,0.0549857399228215,124,18,22.754813,0.9745457222080932
10_3_15_72_85_27_4,z,-0.0053732646681372,0.95550796573487,-0.0177427413877956,4.0962325,19.762849443325,116,15,0.2061769093638172,116,15,22.099392,0.9464752769886423
10_3_15_85_73_22_8,x,0.007119490195439,0.9281961446327419,0.017606954175977,3.4948799999999998,16.664622061175002,124,16,0.1359056415028444,124,16,21.454677,0.9232080087977763
10_3_15_85_73_22_8,y,-0.0179423518459038,1.1293490880051789,-0.0187972216968927,3.0930725,13.214105017198126,118,14,0.1872095087658858,115,13,25.937403,1.11610247858849
10_3_15_85_73_22_8,z,0.0108228616504646,0.9539641063019489,0.0011902675209155,4.1951849999999995,23.117202567843748,127,18,0.1070981929821688,127,18,22.553751,0.970501842168533
10_3_21_63_87_24_8,x,-0.0492680058794712,0.8862351076206015,0.0342788092779353,4.8219425000000005,29.7490618645125,135,20,0.0985491458937042,134,20,21.507506,0.9197254204528982
10_3_21_63_87_24_8,y,0.0371367820232725,1.040524367300586,0.0087564513668317,4.1525,17.355265435662503,127,17,0.1401928646831878,126,16,23.291112,0.9959977589691498
10_3_21_63_87_24_8,z,0.0121312238561985,1.0844231858397928,-0.0430352606447667,4.3962900000000005,19.879470583,113,15,0.1545508778457786,112,15,25.527913,1.0916500740350839
10_40_19_21_35_57_34,x,0.0247036101174898,0.9954689932179951,-0.0004899946859145,4.356355000000001,16.838480009976877,130,19,0.0784464540552736,119,17,21.754471,0.9224959576466117
10_40_19_21_35_57_34,y,-0.0100178975100715,1.0546270694922186,-0.0234279662742938,3.0099125,12.508431484445,125,18,0.1156546583584076,112,16,24.437936,1.0362879967629004
10_40_19_21_35_57_34,z,-0.0146857126074177,0.9525183444544112,0.0239179609602085,3.3937675,9.168156711313125,130,16,0.1820332240953728,112,15,24.668294,1.046056302496998
10_40_31_28_24_40_43,x,0.0056586799279024,0.8216256093673556,0.0512573668436847,2.848855,13.880641780937502,126,16,0.1346870059402947,109,13,20.689449,0.8893870717013944
10_40_31_28_24_40_43,y,-0.0136858842284184,1.1760806576867477,-0.0198439394561301,3.2943575,15.032059437256251,123,16,0.1510095578943635,109,14,25.674075,1.1036635331802203
10_40_31_28_24_40_43,z,0.0080272043005156,1.0348774533478093,-0.0314134273875544,1.894215,5.39607645691875,121,11,0.2368024592048661,103,9,23.699032,1.0187614311351472
10_42_3_39_55_41_26,x,-0.0064772737669221,0.9890589684777178,-0.0088814280732753,2.679005,9.08711931833125,123,15,0.1797832877032193,109,13,23.889681,1.023693819843007
10_42_3_39_55_41_26,y,0.0258159786344651,1.0373280306075123,0.0017814842621399,3.202635,12.0245196781375,126,18,0.131851172427271,110,14,23.44853,1.0047901119066156
10_42_3_39_55_41_26,z,-0.0193387048675429,0.9746792066324426,0.0070999438111362,4.2347125,18.088363063062502,124,19,0.0721312250806383,112,16,22.687928,0.9721976479570034
10_44_16_35_44_13_54,x,-0.0410297909390982,0.8957297740835348,0.0060219158163942,3.0997025000000002,13.633955658825002,127,17,0.1347814391230211,107,14,21.490106,0.9216138865682725
10_44_16_35_44_13_54,y,0.0136823568030676,1.055220537526968,-0.009993506095275,3.44549,14.48512952531875,121,16,0.1578923402854777,110,15,24.821671,1.0644897089585774
10_44_16_35_44_13_54,z,0.0273474341360314,1.057985594466874,0.003971590278881,3.15785,20.63727791239375,125,18,0.1015086203235961,111,16,23.768352,1.0193175996452866
10_48_16_27_23_55_37,x,0.0147409252674927,0.993337304004053,0.0152286982184006,3.9643325000000003,21.927795181621875,128,19,0.0963189687963902,108,15,24.249735,1.036258875518684
10_48_16_27_23_55_37,y,-0.0102722952237657,1.0223225329062884,-0.0127236328484917,3.4479625,14.4209582944375,122,16,0.115919144456811,110,14,22.763804,0.9727608955548471
10_48_16_27_23_55_37,z,-0.0044686300437266,0.9847258109463733,-0.0025050653699091,2.2918675,10.2990759400125,125,11,0.253108672312902,104,11,23.214769,0.9920318889821271
10_4_16_77_77_25_7,x,-0.0139419005842714,1.0144093633272249,-0.0222391284888506,3.7303724999999996,19.34690364826875,113,14,0.2110948750774613,111,14,24.661456,1.0601221767681845
10_4_16_77_77_25_7,y,0.0090734514856346,0.9399027750070863,-0.0156915701602521,4.96608,21.84848822903125,123,18,0.0923399731024434,122,18,22.607508,0.971829100125481
10_4_16_77_77_25_7,z,0.0048684490986373,1.0488269035082491,0.0379306986491027,3.8953125,16.17574918599375,135,17,0.1555555555555555,134,16,22.579638,0.9706310522459669
10_4_9_80_82_24_7,x,-0.0373389735951548,1.1030933724733731,-0.0078850894589381,4.7915600000000005,25.505231732231252,122,18,0.0882813902808935,122,18,25.299412,1.0819430509691932
10_4_9_80_82_24_7,y,0.0404428161841585,0.9925228753762136,0.0037487958216696,3.4775575,20.7121791881875,126,16,0.1626500121580888,125,16,23.509093,1.0053790896775983
10_4_9_80_82_24_7,z,-0.0031038425890038,0.913370960549826,0.0041362936372688,3.77155,17.87378791760625,128,16,0.2055147880932173,125,16,21.496699,0.9193179707823409
10_5_10_79_78_28_6,x,0.0314977399185217,0.9530038561011102,0.0241414744135703,4.9181574999999995,26.11770856150625,132,18,0.0981930408849676,130,18,21.355006,0.913072050982459
10_5_10_79_78_28_6,y,-0.0308306455854672,0.9363661279864626,0.0194707182158865,4.3594625,29.90408963160625,132,18,0.128564869306645,130,18,23.641058,1.0108163545098172
10_5_10_79_78_28_6,z,-0.0006670943330542,1.120623296979278,-0.0436121926294566,3.9976325,14.830470575115626,111,14,0.1277247466554759,110,14,25.340626,1.0834844698708785
10_5_11_75_88_20_7,x,-0.015983176833773,1.0252350808403528,0.0177692679374223,4.652165,29.894856430043752,129,19,0.0643924330458765,127,19,22.872419,0.9800908284228916
10_5_11_75_88_20_7,y,-0.0005860849262593,0.9647533928263121,0.0014148663566184,2.8218825,9.5654580431375,121,13,0.2453028442918318,119,12,24.591854,1.0537691950866588
10_5_11_75_88_20_7,z,0.0165692617600329,1.0110211182750106,-0.0191841342940415,3.6586274999999997,17.889525312237502,123,16,0.1819758478504015,122,16,22.596124,0.9682514949689573
10_5_17_69_84_24_7,x,0.0146617822106964,1.0396622388083303,-0.0002344417689178,5.0774425,34.31370811763125,125,17,0.0850411665018772,123,16,23.53988,1.0093563525964915
10_5_17_69_84_24_7,y,-0.0339892495484432,0.909223879558411,-0.009023670566417,4.11771,24.097239635962502,119,17,0.1214859856705963,118,17,21.809888,0.9351767724482024
10_5_17_69_84_24_7,z,0.0193274673377462,1.0578811927661538,0.0092581123353343,4.4017175,27.262577005975004,128,18,0.1036445246986062,126,18,24.707084,1.0594043890425582
10_5_27_58_46_63_7,x,0.002436208026348,1.0600442246943684,-0.0102836920910174,3.863945,17.4589636911375,119,15,0.146758396609857,119,15,26.022982,1.102050465253407
10_5_27_58_46_63_7,y,0.0222381595753078,0.896585919493014,-0.004872938202929,4.227805,18.046613522562502,133,19,0.0709321889628316,131,19,22.312723,0.9449242505420938
10_5_27_58_46_63_7,z,-0.0246743676016557,1.052165607028558,0.015156630293946,4.291535,30.304498518415002,135,20,0.1168869173189592,132,20,22.675512,0.9602880465220788
10_6_17_76_75_24_8,x,-0.0571708453371441,0.9308463583639833,0.0029150176488741,4.118095,26.32340106175,120,15,0.1527525231651946,117,15,22.164627,0.9532447069133174
10_6_17_76_75_24_8,y,0.0253799971128757,1.0782643396137335,0.018739650580682,4.47823,23.108308592600004,132,18,0.1338145585807249,130,18,24.261424,1.0434226576508474
10_6_17_76_75_24_8,z,0.0317908482242687,0.9963151941277024,-0.0216546682295554,3.124445,11.182779355228124,116,13,0.1973366059010275,115,13,23.377139,1.0053917900141915
10_6_22_64_54_46_14,x,0.0117154084751621,0.917878129715578,0.000554956295048,4.2657175,20.53552547976875,131,15,0.163900080561709,129,15,21.1829,0.8978592426440295
10_6_22_64_54_46_14,y,-0.0121314642343945,1.0815098693621834,-0.0170888415033144,4.6592649999999995,19.2111373561875,122,16,0.1049692497939811,119,15,27.404966,1.161587979806607
10_6_22_64_54_46_14,z,0.0004160557592324,1.0073595105396977,0.0165338852082661,4.513915,25.621793336810004,133,20,0.0988943341200444,132,20,22.62126,0.9588256268619347
11_0_10_80_89_22_4,x,0.0010742359319413,1.0173328410241054,-0.0033305513692519,5.122805,21.799775086331252,127,18,0.0921629914229891,127,18,21.427885,0.9169959083478489
11_0_10_80_89_22_4,y,0.0351313525490488,1.1245208303777667,-0.0220783914631935,4.200325,16.38913466425,119,14,0.1657401926329077,119,14,27.193903,1.163749841993659
11_0_10_80_89_22_4,z,-0.0362055884809904,0.8741167271063601,0.0254089428324448,4.656815,23.94813338501875,129,19,0.0697674418604651,129,19,21.897013,0.937072012755326
11_0_13_82_80_24_6,x,0.0018396523940126,1.0474627133142445,0.0264072576715019,4.522575,25.559352931025003,126,18,0.0727392967453307,126,18,23.67582,1.0136876054738326
11_0_13_82_80_24_6,y,-0.0180646422977384,1.0726525052268956,-0.049707350604605,4.626645,18.610041055131248,111,16,0.1421597643068423,111,16,25.639502,1.097763261754885
11_0_13_82_80_24_6,z,0.0162249899037252,0.8900253495455628,0.023300092933103,4.4600875,21.64092105816875,137,21,0.0775923052024427,137,21,20.988822,0.8986429494267356
11_0_49_25_87_41_3,x,-0.0273429174848549,0.924692819143869,-0.0142803724634774,3.64608,19.11037557694,124,18,0.095420641662897,124,18,22.498858,0.9649237296468779
11_0_49_25_87_41_3,y,-0.0121461507711974,0.9678131418766158,-0.0027268913677839,4.0967225,20.47718995338125,121,15,0.1228600722918884,121,15,21.671324,0.9294327196725228
11_0_49_25_87_41_3,z,0.0394890682560522,1.1174060022226988,0.0170072638312617,4.1929549999999995,24.72211328224375,127,16,0.1201916340352263,127,16,25.998994,1.1150364279621128
11_0_62_36_28_74_5,x,0.0251186929363199,1.0048799264427186,-0.0195653408734953,4.6333225,26.48961516333125,125,19,0.12211470017979,125,19,24.055844,1.0305454905950717
11_0_62_36_28_74_5,y,-0.0171372907984359,0.9814787507169094,0.0333851552295428,3.7167725000000003,14.7746878813125,129,15,0.14646855525342,129,15,22.86233,0.9794156915050009
11_0_62_36_28_74_5,z,-0.0079814021378845,1.0139228901978754,-0.0138198143560472,2.4700800000000003,10.83782269775625,118,14,0.1962006254710207,118,14,23.126995,0.9907538645605105
11_10_55_31_45_31_33,x,0.0073600187369889,1.0034014820174655,-0.0126480158668083,3.1560675,18.97387348860625,130,18,0.0870285269152673,124,16,20.732457,0.8875152025990292
11_10_55_31_45_31_33,y,-0.017278886680907,0.9769996712202182,-0.0037726689880701,3.5642175,19.37682165598125,114,16,0.1664356663246515,111,15,25.470939,1.0903601819587767
11_10_55_31_45_31_33,z,0.0099188679439177,1.0200720411663329,0.0164206848548786,3.8038075,16.18541793025625,129,17,0.1131358102273366,127,17,24.139551,1.033366112680933
11_11_43_46_20_51_34,x,0.0303841141037949,1.0163722454607937,0.0318051102368259,3.74301,22.274745972375,131,18,0.0893488542803025,126,18,22.847314,0.9675939722446419
11_11_43_46_20_51_34,y,-0.0028507747671897,1.0053645239155875,0.0164119716492325,2.9374975,16.2422895101625,128,18,0.134411332297541,125,16,25.617799,1.084925251807491
11_11_43_46_20_51_34,z,-0.0275333393366059,0.978641541114857,-0.048217081886059,3.80077,27.2336828639375,128,18,0.0841432001114766,124,18,22.493085,0.9525922155745035
11_12_20_69_45_25_34,x,0.030331668759524,1.0170462514672296,-4.835985429912926e-05,3.74683,22.3486454462,130,16,0.1591396989659784,128,16,21.785086,0.9251570074540401
11_12_20_69_45_25_34,y,-0.0441438815495997,0.9451885551240679,0.0056347832169524,2.8184775,11.39081213960625,129,14,0.21774530085563,124,13,23.562963,1.0006589065487403
11_12_20_69_45_25_34,z,0.0138122127900753,1.0402574678891112,-0.0055864233626537,3.605945,17.97930659052125,125,17,0.1341044369139217,119,16,25.43562,1.0801858703673757
11_13_14_69_60_28_21,x,-0.0194152335356882,1.1046936515797228,-0.0324824977610883,3.70177,17.34986479335625,119,17,0.1214859856705963,116,16,25.120915,1.0719740891559706
11_13_14_69_60_28_21,y,0.0444212186768996,1.0113724706468459,0.0336467146294318,4.758545,24.69185738394375,135,21,0.0841319754933373,131,20,24.473621,1.0443523884310517
11_13_14_69_60_28_21,z,-0.0250059851412107,0.8950494163970647,-0.0011642168683438,4.091889999999999,21.3863179938875,123,18,0.1081636967126022,117,16,20.932438,0.893240996948711
11_14_28_62_22_42_37,x,-0.0339910555001247,0.9257586773817812,-0.0107191244347829,3.9354625,20.49442209316875,128,19,0.0841432001114766,125,18,22.306019,0.9431008279858476
11_14_28_62_22_42_37,y,0.0120287473101968,1.147649981386604,0.0234443807122471,3.8471825,14.944667561175,132,19,0.0870388279778489,125,19,24.227211,1.0243290276892454
11_14_28_62_22_42_37,z,0.0219623081899279,0.9412234840451197,-0.0127252562774641,3.214665,14.853706243375001,128,16,0.1371088185530019,122,14,24.483096,1.0351478723862377
11_15_28_64_27_39_32,x,0.0286567734298743,1.1076162510764906,-0.0085249454902871,3.97215,17.7959047062375,117,17,0.1668309512473772,113,16,25.519596,1.0888348218616506
11_15_28_64_27_39_32,y,-0.0204323984054612,0.8527518361168837,0.0292332454341083,3.8496675,26.314115723923752,134,17,0.1858193969849064,127,17,20.814331,0.8880770834520434
11_15_28_64_27_39_32,z,-0.0082243750244133,1.058736821809922,-0.0207082999438204,3.80814,16.4128322034625,128,17,0.1288470508005519,123,17,24.238131,1.0341590458424323
11_15_43_40_46_25_36,x,0.0112623864150152,1.047607541766082,0.0031099033796995,3.702905,17.6397363572,127,17,0.1319925560176394,119,16,23.803958,1.0204397000363703
11_15_43_40_46_25_36,y,0.0018555283992048,1.0118411121776745,-0.0090421198334709,3.014785,22.57387315031875,124,15,0.1691627174467986,119,14,23.186514,0.993970809016261
11_15_43_40_46_25_36,z,-0.0131179148142201,0.9433852082220366,0.0059322164537717,4.2704225000000005,24.657958704306253,122,18,0.0927353155654488,118,18,22.998571,0.9859139766800614
11_15_48_35_26_48_33,x,0.0352508195445746,1.003856470492246,-0.0306267051952111,3.69409,19.4629508356875,119,15,0.124924947456458,113,14,23.287355,0.9926619251069104
11_15_48_35_26_48_33,y,-0.0469283116323234,0.9068586076031312,0.0407784323387647,3.9212024999999997,26.656335104474998,137,20,0.0816083203467076,131,19,20.571042,0.8768746022541034
11_15_48_35_26_48_33,z,0.0116774920877484,1.098471510758228,-0.0101517271435534,3.353825,15.025110422275,123,19,0.0372567129671206,117,16,26.951314,1.1488442220853687
11_15_50_30_35_43_32,x,-0.0033041840503589,1.0946484568770878,0.0061438019037406,4.0036375,20.300257268325,122,15,0.1493513701499065,118,15,24.364933,1.042153235637936
11_15_50_30_35_43_32,y,-0.0140306055146233,0.9896331977152631,0.0108160094475523,4.47728,22.244768453487502,132,19,0.0829882662886615,124,19,22.411609,0.9586043530348425
11_15_50_30_35_43_32,z,0.0173347895649823,0.9231049405161503,-0.0169598113512935,4.18932,23.23669167415625,122,18,0.0927353155654488,117,18,23.402522,1.0009883476547208
11_16_42_27_49_49_22,x,0.017111804589676,1.003277622839229,-0.0030748682940146,3.4723525,17.26323439875,125,16,0.1424359505181188,120,15,23.832049,1.0183696521827463
11_16_42_27_49_49_22,y,-0.0426056807502694,0.9669032696750551,0.008743473548143,3.5563875,17.73082754173125,124,15,0.1596692731711558,119,14,23.021574,0.9837371644829764
11_16_42_27_49_49_22,z,0.0254938761605934,1.0308508784041701,-0.0056686052541284,4.2787925,21.89933189206875,128,19,0.0584633966683428,120,19,23.359923,0.9981951891977786
11_16_52_21_41_47_28,x,0.000629669286526,0.9116239285401853,-0.0064734954840408,1.9454,9.369533350175,124,15,0.2065523947558983,114,13,21.964961,0.9397304450031906
11_16_52_21_41_47_28,y,0.0187194992851936,1.0668242401542518,0.0258507442829464,3.0446375,13.229590277731251,125,18,0.1088117640698835,120,15,23.437801,1.0027431946556258
11_16_52_21_41_47_28,z,-0.0193491685717203,1.0282326941919282,-0.0193772487989049,3.7748299999999997,23.404292477998126,126,19,0.0476190476190476,120,18,24.804708,1.0612237957997834
11_17_45_35_36_34_38,x,0.0042119683296227,1.104930839270561,0.0261373366378355,3.478035,18.015913677365628,119,17,0.0844527363119402,113,16,26.971707,1.1507917041343476
11_17_45_35_36_34_38,y,-0.0121429036057201,0.9135353173982884,-0.0021691537603032,3.7071275,21.895021983299998,130,18,0.1240347345892084,123,18,21.439418,0.9147476048093139
11_17_45_35_36_34_38,z,0.0079309352760976,0.9906940688651,-0.0239681828775317,4.1465075,29.266271118457,128,17,0.1169267933366856,123,17,22.264539,0.9499527329722083
11_18_36_28_36_64_23,x,0.0642079147884548,1.1481833786804478,-0.0138702107415825,2.8755475,8.472595091875,125,13,0.1967739820199815,120,13,25.873851,1.0943956322014459
11_18_36_28_36_64_23,y,-0.0143407192058814,0.9523485680582314,0.0227995544060849,3.796255,16.899563855531248,138,20,0.0869565217391304,131,17,22.750788,0.9622983071341435
11_18_36_28_36_64_23,z,-0.0498671955825738,0.9145191651673708,-0.0089293436645018,3.1275775,12.168761693250001,125,17,0.1397139935725838,117,16,22.449292,0.9495458217957141
11_19_44_24_41_29_48,x,-0.0107981531500818,1.011708297271187,0.0117355004105097,3.41462,20.30182940824375,132,16,0.1312159702703695,123,15,23.607379,0.9986240325909986
11_19_44_24_41_29_48,y,-0.0247124919483971,0.9630352472286146,-0.0189336325742808,3.58858,18.33329526622125,122,17,0.1438518752031495,116,16,22.790159,0.9640545222733129
11_19_44_24_41_29_48,z,0.0355106450984784,1.026366587671647,0.0071981321637711,3.8432125,18.361184585443752,134,18,0.1309696177222704,129,17,24.555125,1.0387149690897937
11_19_52_33_30_28_43,x,-0.0464001913254337,0.9123332945098037,-0.0022455257010696,3.686855,23.692593896400002,131,16,0.1505578849108093,126,16,21.272107,0.9138506407186323
11_19_52_33_30_28_43,y,-0.0110332236781285,1.080280604069531,-0.0131703595441289,2.7942375,12.48043420965625,117,15,0.1412197576227205,108,12,28.403174,1.2202015887915005
11_19_52_33_30_28_43,z,0.0574334150035619,1.0146351352335454,0.0154158852451982,3.207265,20.34081030234375,122,14,0.1980827208785995,115,14,20.875096,0.896795030913626
11_1_14_80_83_21_6,x,-0.035424658808932,1.1116407142471425,-0.0380361675476344,4.930325,20.61939715830625,114,17,0.0744322927564787,114,17,26.734486,1.1460189741154776
11_1_14_80_83_21_6,y,-0.0015209411690736,0.9789263985182332,0.0035357074891451,3.1477775,14.781461352925,122,14,0.2099384995879622,122,14,22.771197,0.9761258856939101
11_1_14_80_83_21_6,z,0.0369455999780051,0.9189365280102717,0.0345004600584897,4.10431,23.055732346925,135,16,0.191592846761149,134,16,20.853665,0.8939276322667223
11_1_16_67_92_22_7,x,0.0116674390417441,1.1082387302080734,-0.0111138034402848,4.3507125,19.804195975875,119,17,0.0893289564095348,118,17,25.13828,1.073186860964209
11_1_16_67_92_22_7,y,0.0057928081418001,0.9505923524193309,-0.0047770398220564,4.568355,22.605886118968748,126,17,0.10647942749999,126,17,22.105316,0.9437055633345599
11_1_16_67_92_22_7,z,-0.0174602471835442,0.949231977819992,0.015890843262342,4.1429575,20.2314332370875,132,17,0.1837023583785173,132,17,23.128547,0.9873886659545987
11_20_28_65_21_25_46,x,0.0193200638284963,0.9842569482228242,-0.0254203052932138,3.4962225,18.774088262218754,123,19,0.0833085428126796,110,14,23.207784,0.9895097351907771
11_20_28_65_21_25_46,y,-0.0253392697280108,1.0094867480992906,0.0123556091571945,3.4467875,20.12894659740625,129,20,0.0958861773399455,121,18,24.461433,1.0429615378278656
11_20_28_65_21_25_46,z,0.0060192058995134,1.0064469509820422,0.0130646961360193,4.411865000000001,23.3682292829875,126,16,0.1649572197684645,125,16,22.726117,0.9689729107520397
11_20_33_40_47_34_31,x,-0.0120699387352002,0.9709566898919201,0.0273786763986134,4.2835575,23.429636448503125,134,18,0.1146439663860986,126,18,23.292285,0.9960351385641932
11_20_33_40_47_34_31,y,-0.0100196866213904,1.0409594979033683,0.0083856519571138,4.093897500000001,19.6809984117875,114,17,0.0803960648237866,109,16,24.95533,1.0671510147873071
11_20_33_40_47_34_31,z,0.0220896253565906,0.9893872502030107,-0.0357643283557274,3.7563500000000003,18.996165208375,127,18,0.0742833160004457,119,16,22.00072,0.9408046567226882
11_20_35_45_18_51_36,x,-0.0166967424463164,0.9158729767898938,0.0026036699221079,2.3759575,11.590456956775,126,17,0.1346870059402947,112,14,21.295322,0.9028269892069992
11_20_35_45_18_51_36,y,0.0377340823918196,1.034349195315137,-0.0007008033976532,3.84818,19.34910146838125,135,18,0.1597322863173912,129,16,23.909777,1.013668259231805
11_20_35_45_18_51_36,z,-0.0210373399455033,1.0555956063473142,-0.001902866524455,3.4576275,11.504853228750001,123,14,0.1707317073170731,122,14,25.77385,1.0926966681120303
11_20_43_25_43_41_33,x,-0.0143726568569281,0.9488622253400683,0.0099480969638526,4.3469750000000005,19.963310481956253,129,17,0.1162790697674418,121,17,23.463356,1.0013941047601629
11_20_43_25_43_41_33,y,-0.00780416524071,1.0784495820677693,0.0119948189819222,3.4365475,15.408072856516874,123,16,0.1081636967126022,119,16,24.074477,1.0274761778743047
11_20_43_25_43_41_33,z,0.0221768220976386,0.9772304614913782,-0.0219429159457748,3.0851525,13.70740672134375,126,16,0.1289529905497771,117,15,22.772374,0.9719036388057023
11_21_32_21_78_30_23,x,0.0013447542513428,0.8914794840441368,-0.0067411898127232,3.0103925,12.66083812183125,118,16,0.1728481191048401,111,14,23.324366,0.9989038646376812
11_21_32_21_78_30_23,y,0.0139521155294981,1.0256675007984533,-0.0077226330825923,3.508785,20.9127455185625,126,18,0.1229518522605529,120,16,21.967873,0.9408098482749658
11_21_32_21_78_30_23,z,-0.0152968697808408,1.093659304732638,0.0144638228953151,4.00514,18.640037181156252,130,19,0.0688020916153781,120,19,24.846236,1.0640804196821418
11_21_34_21_78_30_21,x,0.0063779956290576,1.0538205351006045,0.0168789028470526,3.7237475,19.16556084924375,123,17,0.1510095578943635,116,15,23.106434,0.9926131602576052
11_21_34_21_78_30_21,y,-0.0232603596930513,0.8881785334431241,-0.000465685508324,4.14581,16.482949805987502,130,17,0.1475640468711606,118,13,20.888256,0.8973240007709489
11_21_34_21_78_30_21,z,0.0168823640639934,1.0683980100546975,-0.0164132173387278,4.3928825,24.101240517406254,117,17,0.0645284994467585,113,16,26.135065,1.122718004136334
11_22_44_37_25_43_34,x,-0.00991034698293,1.0998247243821009,-0.0022904545529993,3.68032,17.774253766909375,121,17,0.1261515497725103,111,15,26.467925,1.136467065090155
11_22_44_37_25_43_34,y,0.0201404992305263,0.863150399846317,0.0145136491043992,2.9393175,17.867261245875,129,14,0.181633713393178,120,14,20.299343,0.8716034506848717
11_22_44_37_25_43_34,z,-0.0102301522475962,1.0533920719037924,-0.0122231945513999,3.9393849999999997,17.9209354105625,120,17,0.1080123449734643,115,17,23.511874,1.0095415654815978
11_24_46_22_39_30_44,x,-0.0248181932663241,0.9668553875628922,0.0259115262364517,3.9034125,25.2442251835,126,18,0.1198386418296944,117,16,22.875385,0.9761295907434616
11_24_46_22_39_30_44,y,0.0191081875759355,1.1060615849864457,-0.0079484469283563,3.5380425,15.70408684026875,123,18,0.1152637957622587,118,17,24.783328,1.0575445972997164
11_24_46_22_39_30_44,z,0.0057100056903887,0.9351023953364086,-0.0179630793080946,2.967225,15.043575838812501,127,17,0.1576770424763841,115,16,22.701511,0.9687101065922252
11_24_7_61_51_25_37,x,-0.0403409860865382,0.9040460813866027,-0.014481674107108,3.0069025,11.30413044905375,121,14,0.2350654984021138,117,14,21.767955,0.9222381057229038
11_24_7_61_51_25_37,y,0.0179670279150018,1.0494334252616273,0.0134441928887867,4.75382,25.70880844584375,136,20,0.1070604395482429,125,19,24.8019,1.0507765784304903
11_24_7_61_51_25_37,z,0.0223739581715369,1.0540338036269667,0.0010374812183214,3.9631875,19.89199066609187,129,18,0.1131358102273366,120,16,24.35685,1.0319212441121322
11_25_24_36_57_25_38,x,-0.0008571881946687,1.0036519078310047,0.0211583554461325,3.9065149999999997,21.094791872625628,127,20,0.0573236999155946,118,17,23.308998,0.992129499008695
11_25_24_36_57_25_38,y,-0.0189148975539737,0.9359407837606932,-0.0448770490970107,4.0419075,17.2438264671,125,17,0.093637599285757,120,16,23.873101,1.0161401075633527
11_25_24_36_57_25_38,z,0.0197720857486424,1.064556003287014,0.0237186936508784,3.6183375,19.6707111981375,129,18,0.1223235181244922,118,17,23.304151,0.9919231901968922
11_25_34_42_25_57_22,x,0.0551998676537527,1.0935045464065976,0.0094953579472659,3.3412075,16.46670099803125,122,13,0.1876315269222885,112,13,25.219418,1.0856401315978452
11_25_34_42_25_57_22,y,-0.000664475937439,0.9907735032609583,-0.0271960746938506,3.152375,13.9906141524625,119,14,0.1682771797857209,112,13,22.706656,0.9774712885121694
11_25_34_42_25_57_22,z,-0.0545353917163131,0.9230070611481267,0.0177007167465841,4.13723,21.514631700325,127,19,0.0690942077747411,117,16,21.890681,0.9423453706031776
11_26_22_41_31_63_22,x,-0.0069666510774993,0.9614113876656868,0.0176400587461654,3.691225,16.351839071531252,132,17,0.1437398936440172,120,14,21.280382,0.9034135669218586
11_26_22_41_31_63_22,y,-0.0273619178226302,0.9465249403927296,-0.0103359464937984,3.86809,9.527168901303314,123,16,0.1456623810338936,115,14,25.592679,1.0864830068593763
11_26_22_41_31_63_22,z,0.0343285689001294,1.098901272306325,-0.0073041122523674,4.0361125,19.988449591134376,127,17,0.1070981929821688,120,16,23.998454,1.0188035594826326
11_26_30_33_32_57_27,x,0.0896927243827698,1.0999544527549887,0.0044429507463817,3.7073525000000003,18.9189659881375,122,18,0.1123877803344433,116,18,24.831337,1.056462865056579
11_26_30_33_32_57_27,y,-0.0542069795998678,0.9608423280538876,-0.0112457039041557,3.8111325,14.27998092375,127,17,0.1232478412795159,120,15,23.798303,1.0125118663914303
11_26_30_33_32_57_27,z,-0.0354857447829032,0.94617870846951,0.0068027531577739,4.086180000000001,17.866334539758125,131,19,0.0669844609724589,117,15,21.973109,0.9348579856308382
11_26_31_23_58_21_46,x,0.0400196942586477,1.0816860438967038,-0.0122839529325828,4.1725525,20.086500504150003,132,19,0.0829882662886615,122,16,23.775607,1.0078653588836752
11_26_31_23_58_21_46,y,-0.003302738820601,0.9534640536072219,0.0401440037856768,3.4252375,16.7350508707925,135,18,0.1445868244143935,121,16,22.364566,0.9480502995304239
11_26_31_23_58_21_46,z,-0.0367169554380465,0.969604113219926,-0.0278600508530941,3.159415,17.1119917460375,118,16,0.1085275294480143,113,15,24.688528,1.0465647473492334
11_26_35_15_56_61_12,x,-0.0006751519697941,0.9772926348250027,-0.0032123355808284,3.88409,24.1419017782755,121,17,0.1261515497725103,113,16,23.042231,0.9896838253276801
11_26_35_15_56_61_12,y,0.0175769659520416,1.0881081948399294,-0.0185324749072037,3.0449225,9.364281178181248,122,16,0.1438518752031495,114,13,26.23367,1.126758900992877
11_26_35_15_56_61_12,z,-0.0169018139822473,0.9403798032023989,0.021744810488032,3.0767275,9.357273242347874,128,15,0.174692810742171,116,12,20.878562,0.8967523634105194
11_26_35_22_21_78_23,x,0.0090423976687048,1.0743456870941017,0.0054989745714818,3.645745,21.0092198336625,125,18,0.1088117640698835,118,17,25.697,1.0881375861461953
11_26_35_22_21_78_23,y,0.0023570617260988,0.9765755093824694,0.0094148390555067,2.7393625,8.882886209025,132,16,0.1363636363636363,118,14,22.398787,0.948474997812304
11_26_35_22_21_78_23,z,-0.0113994593948047,0.9531255825349626,-0.0149138136269887,3.025535,11.268698897875002,130,16,0.1475640468711605,123,16,22.881733,0.9689253108713757
11_27_22_28_27_97_4,x,0.0133023857815244,0.9452842692828032,-0.0440264859448466,2.236045,8.27880761049375,117,11,0.2307692307692307,110,11,23.77226,1.0078274090383184
11_27_22_28_27_97_4,y,-0.0233024216136535,1.0215457309380456,0.0248316041810784,4.003085,26.8542713120375,135,20,0.0714344500814293,123,19,22.901515,0.9709120851573297
11_27_22_28_27_97_4,z,0.010000035832129,1.0355707044111062,0.0191948817637681,4.6151725,20.661176588512504,134,19,0.111691265276834,124,18,24.105616,1.0219600709630734
11_27_25_51_22_44_36,x,-0.0208063398019492,0.9433399860262026,0.0038935873637804,3.8797924999999998,19.099872477775,128,19,0.0796721798998872,117,17,23.238847,0.992873116958606
11_27_25_51_22_44_36,y,0.0179183026687352,1.0807408376210754,-0.0053716692065757,3.96525,25.105721218959378,124,19,0.0868574968892662,116,17,24.388362,1.0419858178185357
11_27_25_51_22_44_36,z,0.002888037133214,0.9808671594216376,0.0014780818427955,3.4037800000000002,16.28180261938125,125,17,0.1312097557348538,117,14,22.623785,0.966594768249533
11_28_25_43_29_37_43,x,0.0005332520858568,1.0083336439217072,0.0171400314953892,3.790705,18.059325054287502,127,17,0.1347814391230211,118,16,24.213392,1.030003331416109
11_28_25_43_29_37_43,y,-0.0273437302621485,0.908120249007873,-0.0324512605059391,2.97172,11.724308022625,128,19,0.0584633966683428,116,13,23.602349,1.0040104294039294
11_28_25_43_29_37_43,z,0.0268104781762916,1.0920747916344324,0.0153112290105499,3.5967525,15.420119370350001,128,18,0.120017902310447,116,15,22.732131,0.9669925907195243
11_2_16_75_83_23_6,x,0.0203179255027532,0.9838743368517706,-0.0171906730304643,4.3889175,27.382300457118752,127,19,0.0791328789064637,126,18,21.245197,0.9116056013920194
11_2_16_75_83_23_6,y,-0.0667378472867868,0.9305187636568434,0.0122568819389917,4.3740825,18.71039756335625,122,18,0.1226772913696374,121,18,25.332604,1.086991271685825
11_2_16_75_83_23_6,z,0.0464199217840339,1.092283145546337,0.0049337910914728,4.5365775,32.21749115604375,122,18,0.1010559672617865,122,18,23.519102,1.009176103328684
11_2_9_77_89_21_7,x,0.0144206164101126,0.9923931935700074,-0.024574084024686,4.29204,26.1662934975125,116,16,0.1927644808189474,114,16,22.628593,0.9664774670328726
11_2_9_77_89_21_7,y,0.0077183777573019,0.9986095168637404,0.0231890472188008,4.6473775,20.20496457178125,131,19,0.0853461060114423,131,19,23.677995,1.0112979022609592
11_2_9_77_89_21_7,z,-0.022138994167415,1.0090682057878642,0.0013850368058851,4.3148,23.15060465590625,130,19,0.1020499935493969,130,19,23.954934,1.023126092517535
11_30_32_26_49_28_40,x,-0.0015043265171995,1.0532981262373224,0.0069085533437962,3.2047025,15.606652461350002,126,18,0.1530738216030628,112,15,24.313093,1.039791290965023
11_30_32_26_49_28_40,y,0.0031587065661408,0.9819446092134543,-0.0043963360325932,2.8624475,11.351067203301875,123,15,0.2006335395000498,115,12,22.470808,0.961002800398418
11_30_32_26_49_28_40,z,-0.0016543800489406,0.9668557807037005,-0.0025122173112029,3.4048375,17.161996443375,125,17,0.12211470017979,114,14,23.400396,1.000758232032953
11_30_41_17_32_41_44,x,0.0220262648617545,1.0529673470722207,0.0141472808042227,3.153085,16.39414100371125,125,15,0.1649242250247064,115,14,23.697246,1.0095099897930033
11_30_41_17_32_41_44,y,-0.0197338064669809,1.0375955658985454,-0.0207080388807039,3.5419475,17.59239173175,128,18,0.0924387466109315,115,15,21.982939,0.936479982758765
11_30_41_17_32_41_44,z,-0.0022924583947736,0.9152863573339675,0.0065607580764822,2.5061525,11.63818398559375,127,15,0.1817857697734676,117,13,24.830081,1.057769110253126
11_31_30_41_26_18_59,x,0.0186733712884159,1.0239903925586051,-0.0144847460109451,2.9714825,9.27107449985,119,13,0.1732397321688092,107,11,23.933456,1.0167011279556175
11_31_30_41_26_18_59,y,-0.0284339295356721,0.9889120579111849,0.0120446594523841,3.0519075,14.14860674784375,132,18,0.1202614232302086,119,17,24.496236,1.0406082085206165
11_31_30_41_26_18_59,z,0.0097605582472563,0.9875212407853727,0.0024400865585612,2.6972424999999998,11.62849122295,130,17,0.1376041832307563,120,16,22.250079,0.9451907161423573
11_31_30_46_19_13_66,x,0.0282908088225105,1.0297309871635145,-0.0184057165705939,2.5593825,10.529885473087502,122,15,0.1351837910038577,111,12,24.309101,1.0331939469069134
11_31_30_46_19_13_66,y,-0.000729115097271,1.0554651250992797,-0.0025055132408381,3.0315175,15.79898967213,129,18,0.1099026889826187,121,15,24.593614,1.0452864183404036
11_31_30_46_19_13_66,z,-0.0275616937252393,0.9200942787757046,0.0209112298114316,2.7805975,15.17768456089375,132,18,0.1230914909793327,119,15,21.785618,0.9259399863132042
11_31_40_19_36_22_57,x,0.0220004522889125,0.9682647886347748,0.0232787995746649,3.4415075,15.411953822468753,129,18,0.0995754463462413,118,16,23.009149,0.9780231580553523
11_31_40_19_36_22_57,y,0.0201570259329915,1.0701087088364056,-0.010696101980433,3.261135,17.36719424640625,126,20,0.0869400884928835,115,17,26.200079,1.1136563114472298
11_31_40_19_36_22_57,z,-0.0421574782219043,0.9651125491280353,-0.012582697594232,2.279465,10.8021740782125,127,18,0.1528857310153354,116,15,21.599868,0.9181204882865831
11_33_21_49_27_22_53,x,-0.0065927983881136,0.9741652688001464,0.0017358199733469,3.46693,15.653819564068751,124,18,0.1069878964630774,115,16,25.365098,1.0811589485495898
11_33_21_49_27_22_53,y,0.0309666402452499,1.0988464103840745,0.0333515777300069,3.7253374999999997,18.261963589243752,123,16,0.1510095578943635,113,14,24.839618,1.0587609509434368
11_33_21_49_27_22_53,z,-0.0243738418571365,0.934179567842472,-0.0350873977033538,3.705945,20.26667711934375,132,20,0.0694329650750884,116,16,20.495548,0.8735998230965892
11_33_36_24_31_31_50,x,-0.0332713796788041,0.9656609170035971,0.001111453416093,2.9799675,12.196960261025001,131,18,0.1165216604768988,119,14,23.620238,1.0070359424421087
11_33_36_24_31_31_50,y,-0.0066147166642008,0.8912231521689091,0.0019980065368797,3.7262975000000003,25.187961007593753,127,16,0.1201916340352263,117,15,21.277607,0.9071591496308297
11_33_36_24_31_31_50,z,0.0398860963430042,1.1619538660956346,-0.0031094599529721,3.19251,14.2111393583875,120,17,0.0912870929175276,107,14,25.675023,1.0946405783052575
11_34_10_53_42_19_47,x,0.0317296158262236,1.1107814985797109,-0.0025057541749508,3.747795,17.40496384414375,125,18,0.1052235715037272,115,15,25.375543,1.0823850129206531
11_34_10_53_42_19_47,y,-0.0422228128164934,0.9796864323546803,-0.0089443542930523,3.63239,24.1982049674375,125,17,0.1341044369139217,114,16,23.677717,1.0099648319240526
11_34_10_53_42_19_47,z,0.0104931969902698,0.9189338911348647,0.0114501084680032,3.5097175,17.418764276989375,129,17,0.1099026889826187,116,16,21.445963,0.9147701366962215
11_35_31_27_37_30_45,x,-0.0395837107022487,0.9499597172342578,0.0063801140310636,3.2916875,17.80814827191875,126,16,0.173880176985767,113,15,22.510693,0.9635954343852137
11_35_31_27_37_30_45,y,-0.00872297173152,0.8866469761008019,-0.0059688664869898,2.7925525,10.53260542660625,127,15,0.1897948156408495,115,13,22.505986,0.9633939459765871
11_35_31_27_37_30_45,z,0.0483066824337687,1.1872551803119125,-0.0004112475440737,3.72271,19.3387960053125,120,19,0.0577350269189625,106,15,25.164916,1.077212423637398
11_36_15_44_39_32_39,x,0.0178417383914408,1.0644786902894177,0.0421085058993536,4.0153,19.368803237918748,129,18,0.0995754463462413,114,15,23.091031,0.9888059189296586
11_36_15_44_39_32_39,y,0.0160388447148374,1.0208528796862304,-0.0005318338828974,3.8789724999999997,18.865327591225004,125,19,0.0582408791142441,116,17,24.934523,1.0677480762157268
11_36_15_44_39_32_39,z,-0.0338805831062777,0.9202373794293628,-0.041576672016456,3.22189,17.1883204789625,120,15,0.1802775637731994,107,13,22.118334,0.9471530126161587
11_37_28_32_31_33_44,x,-0.0220445331105225,0.9366139984304233,0.0037420235654636,3.7559725,18.408210620187504,132,15,0.1530228020963951,113,14,22.36203,0.9589096075318819
11_37_28_32_31_33_44,y,0.0077768345876647,1.042455203636566,0.0095712019146453,3.25775,13.832606335168752,123,16,0.1219512195121951,111,12,24.450676,1.0484731541389223
11_37_28_32_31_33_44,z,0.014267698522858,1.0241933556838299,-0.0133132254801081,3.3021875,13.71182626611875,116,13,0.1653735008038868,108,12,23.195224,0.9946379260941018
11_38_20_27_31_43_46,x,0.00090786875363,0.9726929476875072,0.0447812774837501,3.3431925,15.158321856442502,133,20,0.0799259083664259,115,16,21.694739,0.9193132383364401
11_38_20_27_31_43_46,y,-0.010982389073537,1.0148810068081553,-0.0353584523811261,3.2048975,14.3106690361875,122,19,0.0543708982025475,114,17,25.054288,1.0616739217509743
11_38_20_27_31_43_46,z,0.0100745203199068,1.0129992130625778,-0.0094228251026239,3.4047775000000002,18.9531118504375,132,20,0.0742269619025205,118,16,24.178884,1.0245787307881944
11_38_21_33_21_43_49,x,-0.0185819085460491,0.9860486517763258,-0.0344474935799179,2.0895075,6.40660936436875,124,14,0.2121442973865468,112,13,22.999316,0.9744618549341849
11_38_21_33_21_43_49,y,0.0163676662967423,1.0197223846592058,0.0081045169577107,2.6335625,10.970840581575,129,16,0.1671616949833164,115,14,22.30037,0.9448480953050364
11_38_21_33_21_43_49,z,0.0022142422493071,0.9945341570516915,0.0263429766222074,4.031135,23.752491658563127,133,20,0.0755629745948939,119,16,25.634405,1.0861083801985305
11_39_27_30_31_25_53,x,-0.0290615063166878,0.9915933499751236,-0.009182366530243,3.03559,15.261070367432502,124,16,0.154704242687507,112,14,22.906016,0.9796040612795092
11_39_27_30_31_25_53,y,0.0111911832776466,1.004809466108229,0.0028981354614209,2.5162075,10.1567393128375,126,16,0.173880176985767,109,13,23.04653,0.9856133160127036
11_39_27_30_31_25_53,z,0.0178703230390409,1.0036508959704875,0.006284231068822,2.8392975,16.82492040280625,125,18,0.1397139935725838,109,14,24.218199,1.03572118771223
11_3_10_77_85_22_8,x,0.0211339176215593,0.9384213173255657,0.0033238615840374,4.9210225,22.974421162106253,120,17,0.0912870929175276,119,16,21.821693,0.9321211337604833
11_3_10_77_85_22_8,y,-0.0140993618624314,1.1035875876668397,-0.0280830574712988,4.6492775,25.024915556481254,120,18,0.05,119,18,26.617804,1.1369886673180825
11_3_10_77_85_22_8,z,-0.0070345557591277,0.9655957110651985,0.0247591958872618,3.7342525,14.848484875675002,136,17,0.1433352109530729,135,17,22.089587,0.9435643182561883
11_3_17_73_82_24_6,x,-0.0104498088504845,0.9845033044916405,0.0163455227529099,4.365304999999999,20.3639837203625,130,17,0.1296330734334824,129,17,23.44403,1.00654812358097
11_3_17_73_82_24_6,y,0.0497510934677233,1.0769287624593613,-0.0230494118922161,3.428555,13.75265715735125,118,15,0.1777642115542629,116,14,24.485806,1.0512758294400601
11_3_17_73_82_24_6,z,-0.0393012846172395,0.9431827420347084,0.0067038891393065,4.1800875,20.13814939801875,122,16,0.2080094678762216,122,16,22.011341,0.9450369233041789
11_40_27_27_28_47_36,x,0.0185417971862665,1.0777719723067514,-0.0026700535156601,3.307785,18.044451338081252,116,16,0.1483159528800453,102,12,25.661239,1.1035531595823866
11_40_27_27_28_47_36,y,-0.0292444404622521,0.9033000891184316,-0.0155852726654951,3.874225,29.139759401899997,122,16,0.1466274083606419,109,15,21.036105,0.9046507901686603
11_40_27_27_28_47_36,z,0.0107026432759856,1.027167007456445,0.0182553261811547,3.7448375,15.971693491125624,131,20,0.0811461512422492,117,15,23.29218,1.001672554959707
11_41_15_31_12_82_24,x,0.0051940268722846,0.9406708995440787,0.003740076660176,1.9461625,5.577899774078125,137,12,0.2443893290917256,116,11,20.523897,0.8720407175860292
11_41_15_31_12_82_24,y,-0.0269906023708997,0.970264910049097,0.0245853469558564,3.754245,20.1443290713625,127,20,0.0634823444747917,110,17,24.128358,1.0251908116910062
11_41_15_31_12_82_24,z,0.0217965754986148,1.0956503095713954,-0.0283254236160321,3.952285,19.6597368646625,119,17,0.1179467970388084,111,16,26.325801,1.1185580591769195
11_43_21_18_54_33_36,x,-0.0321217577443928,0.9004553099863574,0.0002838185679902,3.54033,15.107752113475,123,17,0.1313454831008415,111,15,21.953285,0.9439536342925504
11_43_21_18_54_33_36,y,0.0401535980623491,1.1040167387865887,-0.0014836742795139,3.036285,9.4486290261875,125,17,0.1088117640698835,110,14,25.798313,1.1092832491796443
11_43_21_18_54_33_36,z,-0.0080318403179563,1.0059170710270549,0.0011998557115237,3.73746,20.0798086861875,120,17,0.1471960144387974,104,16,22.210367,0.9550077197385872
11_44_3_42_55_14_47,x,-0.011667338327816,1.0034391971473908,-0.03071307410096,2.97766,13.5522680670125,120,14,0.1848422751068236,105,12,24.207122,1.036923876474384
11_44_3_42_55_14_47,y,0.0151051407514537,0.9758177168996968,0.0041162449842373,2.7679,7.73841134228125,125,13,0.2025438224187546,112,11,23.642284,1.0127287652777686
11_44_3_42_55_14_47,z,-0.0034378024236377,1.0212692115861635,0.0265968291167226,2.6315275,12.181464326993751,129,16,0.1874943662395011,112,13,22.23086,0.9522697298984706
11_46_7_47_21_43_41,x,0.0595204549020904,1.0606504753443815,0.0061210247598449,3.1493775,11.874664978675002,124,16,0.162094768082595,107,12,21.740529,0.9307824756843842
11_46_7_47_21_43_41,y,0.0449033600945596,1.098549900046441,-0.0012881709317552,3.7518575,14.43576366925625,123,17,0.1186546302384262,108,14,26.260448,1.1242948505080552
11_46_7_47_21_43_41,z,-0.1044238149966498,0.8582383564685827,-0.0048328538280892,3.90295,27.98639751423125,126,17,0.1166423687039608,109,15,22.319964,0.9555899651340743
11_4_15_69_83_29_5,x,-0.0152804297645699,1.041981917198413,0.0062103027080011,3.1831625,8.5941299192875,126,12,0.1982539047110602,124,12,25.081813,1.0725975491340913
11_4_15_69_83_29_5,y,-0.0233489796309752,0.8886815819514728,0.0361412620843812,4.4741725,21.761054362218747,137,20,0.0854357657716761,136,20,21.221307,0.9075070401658021
11_4_15_69_83_29_5,z,0.0386294093955451,1.0799251075998713,-0.042351564792382,2.9788875,12.113505077562499,111,13,0.2350988892017997,110,13,24.023447,1.0273376320106022
11_5_11_79_79_26_5,x,0.035232027118609,0.9284139342440432,0.0261531587314005,4.159482499999999,17.89117724895625,132,16,0.1530228020963951,129,16,20.113708,0.8624590347172931
11_5_11_79_79_26_5,y,-0.0223975639502304,1.1156438488941154,-0.0042592827042552,3.644305,11.42026477190625,107,16,0.1093897187917722,107,16,28.885132,1.2385703850529
11_5_11_79_79_26_5,z,-0.0128344631683785,0.9654566420271089,-0.0218938760271457,4.5319625,21.285377130995624,131,16,0.163900080561709,129,16,21.832049,0.9361400645987625
11_5_20_66_82_25_7,x,0.0129992222692135,1.0838446929711778,-0.0006768743096589,4.9062975,35.36287228190625,126,20,0.0549857399228215,122,19,23.520728,1.011346948690877
11_5_20_66_82_25_7,y,-0.0229239428387538,0.9724290387696007,0.0043307006773729,4.6208675,24.31549181528125,118,17,0.1002725386966036,118,17,24.538404,1.0551050975609264
11_5_20_66_82_25_7,z,0.0099247205695404,0.9488007629782604,-0.0036538263677143,3.7524325000000003,17.92909445095,125,17,0.1397139935725838,124,17,21.794891,0.9371392122684409
11_5_38_46_48_63_5,x,-0.0385067994270176,1.019516226547362,-0.0123128019257742,4.03963,15.796529322031251,121,18,0.100880624923419,119,18,24.381242,1.0390783237575512
11_5_38_46_48_63_5,y,0.0064192701121225,0.9586252823106476,-0.0063707903854699,3.122,12.81475585009375,125,15,0.1503063538244475,124,15,23.234723,0.9902160450977444
11_5_38_46_48_63_5,z,0.0320875293148952,1.0231916302907074,0.0186835923112439,4.7350449999999995,30.823639665433127,132,20,0.0524863881081477,130,20,22.804959,0.9719003884658411
11_5_45_45_58_38_14,x,0.0394185217956932,1.019673771750853,0.0087301805710803,4.173205,19.2705905007025,130,19,0.1181714730441324,128,18,23.995617,1.0326176267835003
11_5_45_45_58_38_14,y,-0.0524362174797818,0.9264185690456448,-0.0110976462041681,3.44802,12.987707544875,120,16,0.1581138830084189,119,15,21.031685,0.905068982054437
11_5_45_45_58_38_14,z,0.0130176956840885,1.0585990505353111,0.0023674656330882,4.669722500000001,19.488933189975,118,16,0.1366484364118398,116,16,24.86401,1.069987698108418
11_6_60_40_22_48_29,x,-0.036733475956365,0.923414215418338,0.0064077630291695,2.42084,10.259590603756251,132,16,0.1818181818181818,128,15,23.037404,0.9867079355255078
11_6_60_40_22_48_29,y,0.0314865854271522,1.0171739106126023,-0.0098634205021819,2.7148025000000002,14.3472048294875,120,16,0.1607275126832159,119,16,23.956458,1.0260716535458396
11_6_60_40_22_48_29,z,0.0052468905292127,1.06465336614103,0.003455657473012,4.16976,19.34364143564375,122,18,0.0927353155654488,120,17,23.061025,0.9877196392810633
12_10_13_70_66_26_19,x,-0.0136985800004054,1.0462688195476761,-0.0205673198486619,4.0529975,21.8932032014375,123,18,0.0833085428126796,120,18,24.882133,1.0622993233908036
12_10_13_70_66_26_19,y,0.0228061023307676,1.0664034385820238,0.0037473942338188,3.837605,19.000630561146874,118,16,0.1161975356000177,115,16,23.354332,0.9970725211477727
12_10_13_70_66_26_19,z,-0.0091075223303622,0.8962624063676665,0.0168199256148421,3.50929,15.883934280587502,136,18,0.1542365953191399,132,18,22.113987,0.9441181520721326
12_11_34_30_58_55_16,x,-0.0334042196915438,0.9858831142906631,0.0119479149455883,4.284555,25.58397732091875,123,17,0.1152637957622587,120,17,25.30629,1.0721963101010055
12_11_34_30_58_55_16,y,0.0180451958911166,0.9824766042022861,-0.0179787134954029,4.59594,17.61568754231875,133,20,0.0954028386499963,129,18,22.795348,0.965810793011079
12_11_34_30_58_55_16,z,0.0153590238004273,1.0324103611434297,0.0060307985498149,3.7598374999999997,15.624079732281249,130,18,0.1151279195930443,125,18,22.792282,0.9656808903707959
12_12_31_60_32_26_43,x,-0.0297439357196166,0.9992792846931373,-0.0085785221974569,3.6892375,14.175875238225,127,17,0.1070981929821688,121,15,25.09121,1.0639988692242908
12_12_31_60_32_26_43,y,0.0360271645689672,1.0169792174984007,-0.0110633767064068,2.39142,7.6241511578,130,13,0.185893014978378,125,11,22.106735,0.9374414801933048
12_12_31_60_32_26_43,z,-0.0062832288493505,0.9840134566108988,0.019641898903864,3.6584675,14.746438959625001,128,18,0.0796721798998872,125,17,23.642593,1.0025699126319587
12_14_24_10_105_46_5,x,0.0275447697802505,1.12870167205153,-0.0189309722728174,3.6060925,15.605885021118752,121,17,0.1048642771937976,116,16,24.208028,1.025824629545008
12_14_24_10_105_46_5,y,-0.0372166200641867,0.8643292102586506,0.0317252554724386,4.1688225,21.400345644581254,140,19,0.1370237578089348,135,19,22.960561,0.9729627288092428
12_14_24_10_105_46_5,z,0.0096718502839362,1.025041954513653,-0.0127942831996214,4.2639775,19.932984305,125,17,0.093637599285757,120,16,23.643783,1.001914527569844
12_14_37_37_48_37_31,x,-0.029283617172943,0.975195770760482,-0.0015626979655496,4.001245,21.762772558375,123,17,0.1044327851923994,116,15,24.531046,1.0422909254246504
12_14_37_37_48_37_31,y,0.0256581629302362,0.9815263785734463,0.0071047278263682,3.4369075,17.481152751206253,132,16,0.1530228020963951,131,16,22.256807,0.9456615900124209
12_14_37_37_48_37_31,z,0.0036254542427061,1.0447351700064962,-0.0055420298608184,3.2112075,17.847170227519374,126,15,0.1944039478399347,120,15,23.878245,1.0145542949357533
12_14_44_34_36_40_36,x,0.026562803589311,1.0390554816255664,0.0093535850939501,4.0042025,13.148008068637502,130,20,0.0784464540552736,125,18,24.822886,1.055777009147015
12_14_44_34_36_40_36,y,-0.0500965050214083,0.9887175791320456,-0.0393534367374763,3.156225,16.96451497290625,119,17,0.0677500651117525,115,16,23.719227,1.0088357389764884
12_14_44_34_36_40_36,z,0.0235337014320975,0.9733947650881213,0.0299998516435265,3.5448675,16.56047562814375,133,19,0.145988630368027,124,18,22.074324,0.9388740604804041
12_14_51_29_38_29_43,x,-0.0142033845089556,0.9879914581527914,-0.0108279023930623,4.2567975,23.871702594519377,123,17,0.1044327851923994,119,17,23.249878,0.9906368859042861
12_14_51_29_38_29_43,y,0.0039177894428586,1.0287783869163427,0.0344889654192557,3.886155,24.91258202964375,131,20,0.0811461512422492,125,19,25.106725,1.069753908784179
12_14_51_29_38_29_43,z,0.0102855950660971,0.9838411387110279,-0.0236610630261927,4.296505,21.13365258138125,125,17,0.1252198067399882,119,17,22.146638,0.9436297472859655
12_15_27_56_32_57_17,x,0.0185863584639006,0.9950037076131754,0.0504024727450391,3.8946875,15.163949590031251,140,22,0.0473803541479342,135,21,23.677892,1.0111044627669161
12_15_27_56_32_57_17,y,-0.0066588033565794,1.0045569492110302,-0.0150550036004975,2.627875,10.025526832931249,121,12,0.192935826940971,113,11,24.551579,1.0484130553038462
12_15_27_56_32_57_17,z,-0.0119275551073212,1.0004623246717739,-0.0353474691445415,2.12813,9.66464140780625,115,14,0.1715050688984001,111,14,22.091162,0.9433471732157116
12_17_17_66_52_27_25,x,-0.0328500538681845,0.9252173074714154,0.0510055222500412,4.64399,27.36139045859,132,19,0.0742269619025205,126,18,20.727481,0.8895504114779536
12_17_17_66_52_27_25,y,-0.0048278930334606,1.0184269617112798,-0.0248903718171539,3.891845,21.17837914833125,117,16,0.1211747596475027,110,16,24.342342,1.04468750170062
12_17_17_66_52_27_25,z,0.0376779469016452,1.0612711625246105,-0.0261151504328875,4.1782725,22.807406122637502,122,17,0.1466274083606419,118,17,25.073733,1.0760762249613613
12_17_31_52_27_29_48,x,-0.0243408278077182,0.9850602432939023,0.018859085227955,3.9581475000000004,20.045636053546872,131,17,0.1660195661903171,124,16,23.409273,0.9901353344105887
12_17_31_52_27_29_48,y,0.0163569227742124,1.0266878389802743,0.0098763177693613,3.305835,13.1783541950875,136,17,0.175856775633844,129,17,22.443346,0.9492797959595989
12_17_31_52_27_29_48,z,0.0079839050335061,0.9887779903147874,-0.0287354029973164,3.159585,13.97097461359375,121,15,0.149903778076174,116,15,25.153856,1.0639254633100221
12_17_48_40_27_23_49,x,-0.0201746509269841,0.9059287938172101,-0.0021344573731838,3.5483624999999996,21.25355678671875,124,17,0.1032761973779491,117,16,22.015449,0.942362982652002
12_17_48_40_27_23_49,y,0.0485150952203526,1.0786150134792445,-0.0067731445414753,3.3492825,16.31841280057,125,19,0.0754718490564528,118,18,23.206619,0.9933505647833311
12_17_48_40_27_23_49,z,-0.0283404442933687,1.023386009626354,0.0089076019146591,3.5293425,15.151886793525001,126,17,0.1454785934906615,122,17,24.956781,1.0682655884307792
12_19_36_33_58_26_32,x,-0.0064757944352755,1.1270007803315027,-0.0231809421514929,2.9639675,10.732591327375001,121,16,0.1228600722918884,116,15,27.01018,1.1584320080025732
12_19_36_33_58_26_32,y,-0.0196051008616433,0.8723556394067676,0.0309666464657156,4.1683525,20.13077979571875,131,19,0.0811461512422492,124,18,20.326536,0.8717790815987377
12_19_36_33_58_26_32,z,0.0260808952969183,1.0171434583143597,-0.0077857043142237,3.5545875,13.700779410356251,120,16,0.1607275126832159,113,14,23.087661,0.9902001946048749
12_1_18_69_89_20_7,x,8.978485739463693e-05,1.0244043360732058,-0.0074816104030508,4.4868075,24.659825181993753,125,18,0.1015086203235961,125,18,25.840665,1.1103763802328903
12_1_18_69_89_20_7,y,-0.0072433894106928,0.9057124607670516,-0.0119740115660401,4.616095,26.7564412096875,124,17,0.0912395846692319,123,17,21.434908,0.9210604895680905
12_1_18_69_89_20_7,z,0.0071536045532983,1.0778001734068123,0.0194556219690905,4.1826675,21.546293128306253,122,17,0.1087417964050951,122,17,22.754909,0.9777810860497907
12_20_29_37_56_33_29,x,-0.0025611733570501,0.9677627018804236,-0.032189235245952,4.1785125,23.157350733174624,122,18,0.0675918955019288,116,17,24.582423,1.0502139069224736
12_20_29_37_56_33_29,y,-0.0246620124350988,0.9144015011395337,0.0114861074773475,4.6135649999999995,26.82568107786875,131,19,0.0893488542803025,122,19,22.474058,0.9601400259275611
12_20_29_37_56_33_29,z,0.0272231857921493,1.130040970650925,0.0207031277686047,4.5627,24.786192154756876,123,17,0.1044327851923994,118,17,23.213177,0.9917167770342618
12_21_27_29_60_48_19,x,-0.0266021429338093,0.9429037633048126,0.0043609015715194,3.9220525,17.18816065639125,127,18,0.1070981929821688,117,17,22.606667,0.9649917761569335
12_21_27_29_60_48_19,y,0.0134697531577568,1.0960805055797362,0.0012339918971663,4.308005,18.003681580687502,129,19,0.0794337268679038,122,18,24.637603,1.0516846326448472
12_21_27_29_60_48_19,z,0.013132389776053,0.9675873397508565,-0.0055948934686855,3.735875,18.55703482695,122,16,0.1410217256892234,118,14,23.083613,0.9853507688236076
12_21_42_26_45_33_37,x,-0.0287300720437431,0.9607932841622003,-0.0078922059749057,2.577665,13.2389809011875,117,14,0.1890029434828716,109,11,23.193919,0.9925113297487678
12_21_42_26_45_33_37,y,-0.0024293357648864,0.9576632607099604,0.0045180715341518,3.5494725000000003,20.35732758353698,123,17,0.1282905190086138,117,16,23.477753,1.004657119374398
12_21_42_26_45_33_37,z,0.0311594078086296,1.086818980805408,0.0033741344407542,4.1084325,20.05127116394375,135,20,0.1196703290474334,126,18,23.436099,1.0028746665284882
12_24_27_55_28_33_37,x,-0.0022516365919347,0.9985226382085166,-0.0222079228171775,4.0324425,23.981641382,128,18,0.1036445246986062,123,18,22.736673,0.9764223452986601
12_24_27_55_28_33_37,y,0.0305069673431562,1.0315044780872962,0.01797164537284,3.6079925,19.891705123255623,119,16,0.110528961663579,112,16,23.001683,0.9878031522323569
12_24_27_55_28_33_37,z,-0.0282553307512213,0.9708920987678439,0.0042362774443382,3.64151,26.245003567515628,124,17,0.1206986253798045,111,16,24.142436,1.0367925852803004
12_25_23_43_32_38_43,x,0.0494000858356228,1.013684163928581,0.0105834114044066,4.0141124999999995,28.51149289775,133,20,0.1022666955544018,124,18,23.546376,0.9968020274701646
12_25_23_43_32_38_43,y,0.0079350868907512,0.9768749708884495,0.0048814624684165,3.4026575,13.533393875,132,18,0.1363636363636363,124,17,23.00764,0.9739954122580756
12_25_23_43_32_38_43,z,-0.0573351727263745,1.00985345510668,-0.0154648738728231,3.507,20.987282325656253,123,18,0.0675335273407973,115,17,24.330405,1.02999276972262
12_25_42_41_22_22_52,x,0.0045803736648277,1.0510012291122177,-0.0168120406012221,3.3877349999999997,18.60448494373125,120,17,0.1040832999733066,109,16,25.166264,1.0793895149424673
12_25_42_41_22_22_52,y,-0.0090905397764036,0.9144886438793273,0.0220480333950051,2.1414075,8.99949884475625,121,13,0.3035432673092059,113,11,22.137969,0.9495049253525026
12_25_42_41_22_22_52,z,0.0045101661115758,1.0404433992342625,-0.0052359927937837,3.99546,18.783174349966437,130,19,0.0870285269152673,118,17,22.749148,0.9757185979243641
12_26_49_23_24_29_53,x,0.0216843624926484,1.0301705961912024,-0.0012012810753116,3.09444,10.926846857531249,120,17,0.1258305739211791,110,15,24.567917,1.049230823443945
12_26_49_23_24_29_53,y,-0.0040657290977457,1.028222350087756,0.0066324083010796,2.4709225,8.08664569200625,129,18,0.1280830359833977,121,17,24.359774,1.0403415858547715
12_26_49_23_24_29_53,z,-0.0176186333949024,0.9440691594400675,-0.0054311272257678,2.656925,9.162626094275,127,16,0.1576770424763841,114,14,21.451136,0.9161213418739592
12_27_16_63_35_8_55,x,-0.0302941671663213,0.9333841265127494,0.0133833883555534,3.907755,25.02852058636625,130,18,0.0828486893405308,120,16,24.248676,1.032566599444836
12_27_16_63_35_8_55,y,0.0374167367605863,1.0196210046376486,-0.0103322780143775,3.635825,27.24859561879375,126,18,0.0727392967453307,117,14,21.439589,0.9129489588307798
12_27_16_63_35_8_55,z,-0.0071225695942653,1.0507534282167763,-0.0030511103411762,3.003845,11.003729831500001,123,15,0.1456623810338936,114,15,24.911816,1.0608046861245317
12_28_12_29_80_43_12,x,0.0126226871589893,0.9756545471195051,-0.0113748524277714,3.823695,17.7137929179125,129,19,0.0920491634654102,120,17,22.282988,0.9546139241919525
12_28_12_29_80_43_12,y,-0.0218182123748419,0.9987549995940266,0.0235293340146345,4.3411475,21.8310799820625,124,18,0.095420641662897,114,16,22.971683,0.9841179492590295
12_28_12_29_80_43_12,z,0.0091955252158524,1.0262306011079696,-0.0121544815868627,4.1134525,27.51557685409375,120,17,0.1080123449734643,111,15,24.846816,1.0644495489310228
12_28_39_38_22_30_47,x,-0.012833751481066,0.9462427974345977,-0.0015813871782296,2.47887,14.244154126621563,120,16,0.1554563175514802,111,16,21.511597,0.9247360670296002
12_28_39_38_22_30_47,y,0.0011368387846372,1.0669587746153884,-0.0200517516144034,3.43757,22.265310568786873,122,18,0.0927353155654488,113,16,23.16354,0.9957494498471141
12_28_39_38_22_30_47,z,0.0116969126964291,0.9904892669484777,0.0216331387926331,3.3493125,15.090384327168751,128,17,0.1169267933366856,113,13,25.26312,1.0860057591120194
12_29_23_39_37_46_30,x,-0.0071541419080498,0.9321360254976729,-0.00066657443008,3.5329725,22.75793836434375,124,18,0.1032761973779491,114,17,21.419143,0.9164381462487832
12_29_23_39_37_46_30,y,-0.006652008458807,1.09757015122793,-0.0240024222380458,4.0902975,20.600102476831253,125,16,0.1282497563350511,114,15,24.962517,1.0680447301362028
12_29_23_39_37_46_30,z,0.0138061503668565,0.9774361996066704,0.0246689966681261,3.96258,20.492935433493752,126,16,0.1346870059402947,116,16,23.878461,1.0216623762264376
12_29_30_40_29_45_31,x,0.0156867526166625,1.062291209191523,-0.036641746915435,3.75676,20.32397368551875,123,16,0.1081636967126022,114,15,27.317688,1.176322458904327
12_29_30_40_29_45_31,y,-0.0506625955484515,0.8839526576115347,0.0279438527075066,2.7258775,13.687899242124999,123,16,0.1251610107182167,111,14,19.858297,0.8551148529367647
12_29_30_40_29_45_31,z,0.0349758429317894,1.0649455584269958,0.0086978942079286,3.5851699999999997,21.427489306725,122,18,0.0733137041803209,113,16,23.086958,0.9941436919252069
12_30_33_41_18_43_39,x,-0.0384243771565401,0.8857344314831666,0.0114549875300961,3.2124125,13.22410876925,130,16,0.1268647884805434,117,13,22.391155,0.9622207604332064
12_30_33_41_18_43_39,y,0.0409318798648287,1.1243206593321478,0.0021083782761378,3.9497875000000002,27.503302924687503,117,16,0.1137105529542741,106,14,24.148739,1.0377498616789989
12_30_33_41_18_43_39,z,-0.0025075027082884,1.0041677782820728,-0.0135633658062339,3.4840325,20.36576041109375,123,17,0.0923399731024434,114,15,23.304209,1.001457660637621
12_31_21_34_40_49_29,x,0.0078306930957686,1.008022270346818,-0.0117443726920478,3.9412975,17.144141192293752,128,17,0.1071196031312663,114,15,23.80789,1.0177018895798506
12_31_21_34_40_49_29,y,-0.0030928958474863,0.9385987201098267,0.012967840495785,3.7187225,22.33551433153125,131,18,0.1103574984335951,122,18,22.190986,0.9485850440270016
12_31_21_34_40_49_29,z,-0.0047377972482821,1.0569389804618925,-0.0012234678037375,3.57457,16.8596627559625,118,17,0.1002725386966036,109,16,24.232793,1.0358649685418313
12_31_35_36_12_57_33,x,0.0081252679498495,1.0124602038919592,0.007072956748589,3.7124550000000003,18.49872528433125,121,15,0.1355472683211299,110,14,23.858456,1.0255634764919201
12_31_35_36_12_57_33,y,-0.0038027627871324,1.0088074759758954,0.012603772341088,2.26442,9.1143007089,125,15,0.1846943420898431,112,13,22.538433,0.9688218593089267
12_31_35_36_12_57_33,z,-0.0043225051627165,0.9790700065061314,-0.0196767290896769,3.917235,26.167959407375,124,18,0.0822422502192384,112,17,23.413876,1.006453060864908
12_32_28_41_17_57_29,x,-0.0209328372932257,0.9336965301098884,-0.0335153721520857,3.8563599999999996,19.9507582902,122,17,0.0835904838293899,115,17,24.455003,1.051522578250526
12_32_28_41_17_57_29,y,0.0139330473733707,1.12938339644707,0.0177928412732067,3.984135,29.717408172093748,121,19,0.0529183821275442,108,17,25.382792,1.0914158909339255
12_32_28_41_17_57_29,z,0.0069997899198552,0.9483155161528832,0.0157225308788794,2.622095,14.71067057150625,126,17,0.1505846504842085,111,14,20.264703,0.8713469692087615
12_32_37_21_37_37_40,x,-0.0103346197461811,1.0093524691804556,0.0547996689973241,3.64835,19.488012259693754,127,19,0.0921629914229891,116,17,24.956555,1.0693895025497446
12_32_37_21_37_37_40,y,0.0277678989447668,1.0783490139282952,-0.0177780904329517,3.2158525,20.137620626874998,122,17,0.1049692497939811,111,16,23.013286,0.9861203386274668
12_32_37_21_37_37_40,z,-0.0174332791985858,0.9187509574677856,-0.0370215785643729,2.461055,14.9490813547275,122,17,0.1647520593626375,109,14,22.130075,0.9482747076124305
12_33_13_43_47_20_48,x,-0.0136965896482238,0.9527623234868434,0.0080583352318405,3.6172475,18.647102427975,125,18,0.1015086203235961,118,17,24.063597,1.024311591153335
12_33_13_43_47_20_48,y,-0.0244764150630601,0.9665865009488513,0.0009324553696338,3.5875225,19.75737414708125,136,20,0.0705269341663635,117,18,24.501395,1.0429472741721182
12_33_13_43_47_20_48,z,0.0381730047112832,1.0858621609421995,-0.0089907906014741,2.101415,8.806683428303124,121,17,0.152613101757185,112,12,21.990445,0.9360640351531776
12_33_1_50_62_41_17,x,-0.0257685063009514,0.9633693058735413,-0.0168446107384548,3.3836575,17.49507735816875,119,14,0.1827610350498449,113,13,23.536957,1.0090023448179468
12_33_1_50_62_41_17,y,-0.0075009029101635,0.9937548504385244,0.0142587590586591,3.450135,13.3286835898125,128,16,0.1570293065800139,117,14,23.085355,0.9896426851591185
12_33_1_50_62_41_17,z,0.0332694092111145,1.0445468735849217,0.0025858516797954,3.0463625,13.3549545154375,123,18,0.0833085428126796,106,13,23.360791,1.0014503104968915
12_33_32_39_21_32_47,x,0.0018524460817247,1.011275617914038,-0.0215843897524329,3.620425,18.989922055562502,122,18,0.0733137041803209,115,17,23.174891,0.9974207037482864
12_33_32_39_21_32_47,y,-0.0041844014369665,0.960482334532748,-0.0067757075268629,3.0897775000000003,18.4070971381875,120,17,0.1118033988749895,105,13,22.079002,0.9502548992743838
12_33_32_39_21_32_47,z,0.0023319553552421,1.0295349206328714,0.0283600972792955,3.4799175,18.879207872125626,128,15,0.1660960283239789,112,13,24.514375,1.055070557373901
12_35_31_26_18_51_43,x,-0.0361836722931117,0.8548174573879784,0.0286913328112681,3.0565025,13.67256780975,127,17,0.1291434603689505,116,13,22.369236,0.952766592000538
12_35_31_26_18_51_43,y,0.0217400749294707,1.0741818164566088,-0.0002673024729644,4.5056775,22.059038479,127,19,0.0634823444747917,115,18,23.758787,1.0119513478268407
12_35_31_26_18_51_43,z,0.0144435973636409,1.089052510880695,-0.0284240303383028,4.2225275,19.0532054378875,126,18,0.1028688999747279,109,17,24.351094,1.0371793136727938
12_36_21_30_41_32_44,x,0.0178633382164103,1.0431483053924981,0.004872146838621,3.5049875000000004,15.919319369062501,131,19,0.1038280191506522,112,15,22.99455,0.98022183972797
12_36_21_30_41_32_44,y,0.013918864586094,1.0189792265673958,-0.0005503447623419,3.7752974999999998,18.710070310762504,121,16,0.1443326379882064,116,15,23.690983,1.0099096934370997
12_36_21_30_41_32_44,z,-0.0317822028025053,0.9407811623801223,-0.0043218020762789,3.8049875,20.92005128714375,126,19,0.0777615791359739,113,17,23.697014,1.0101667855704703
12_36_25_33_26_31_53,x,0.0120918900212914,0.9943611310963664,0.0201088742738163,2.2721999999999998,9.430266381212501,127,18,0.1070981929821688,109,14,23.111208,0.9832613420995668
12_36_25_33_26_31_53,y,-0.0019945207034024,0.9933773560702243,0.0001765178788132,3.539075,12.7736524885875,129,16,0.1513117929918072,118,14,22.765703,0.968561906656724
12_36_25_33_26_31_53,z,-0.0100973693178886,1.0123754481776734,-0.0202853921526293,3.7517325,18.609377680758126,125,19,0.0754718490564528,114,17,24.680692,1.0500346991756573
12_36_31_28_27_40_42,x,0.0149456945424192,0.9887234571989253,0.0252787998157849,2.4576425,8.885530847937499,125,16,0.1528397853963424,111,11,22.702357,0.9743145289920955
12_36_31_28_27_40_42,y,-0.0176468170428734,0.9547570583696645,-0.0247372668223948,2.6663975,12.947855042516874,119,15,0.1682771797857209,107,13,23.884521,1.0250493298258332
12_36_31_28_27_40_42,z,0.0027011225004545,1.0593324706389378,-0.0005415329933904,3.4558425,13.65557387375,127,18,0.0837019355333437,114,15,23.330703,1.0012811843501304
12_40_10_50_27_32_45,x,-0.0020190412893864,0.9154619839563796,0.0064028045659154,3.6290525000000002,19.03038663743,125,16,0.1649242250247064,109,16,24.31735,1.0415947827276533
12_40_10_50_27_32_45,y,0.0253170428371205,1.0046852425478598,-0.0005514235992149,2.5953975,9.8981386907,124,17,0.1887854824309617,112,15,22.178643,0.9499866900291022
12_40_10_50_27_32_45,z,-0.0232980015477337,1.0872506166556768,-0.0058513809666999,3.593845,20.9857171783125,125,18,0.1015086203235961,111,15,23.593976,1.010610214739742
12_40_24_23_27_35_55,x,0.0184514093000814,1.106467205312105,-0.008025782120076,3.206265,12.607591675081249,132,20,0.0694329650750884,118,16,25.404439,1.0760433372305043
12_40_24_23_27_35_55,y,-0.0199866147098572,0.8535043259954698,0.0063699405076281,2.6236175,16.125587013106248,128,17,0.2176310668310019,109,13,19.190121,0.812826523848733
12_40_24_23_27_35_55,z,0.0015352054097755,1.058901898522768,0.0016558416124479,4.09448,22.36149883670625,125,18,0.12211470017979,116,16,26.993066,1.1433320303086896
12_42_23_26_8_86_19,x,-0.0163784538312016,0.9085962284128352,0.0289947560132235,2.1897925000000003,8.40680434771875,129,13,0.2515500889858597,111,10,22.167693,0.9521067851788111
12_42_23_26_8_86_19,y,0.0224150479927666,1.1225395121254074,0.0117988130637266,3.5990525,17.365518212318747,126,19,0.0614759261302764,109,16,25.209492,1.0827526519837205
12_42_23_26_8_86_19,z,-0.0060365941615645,0.9804544763164532,-0.0407935690769499,1.7763425000000002,8.977773203275,116,16,0.1542115846551578,102,12,22.584991,0.9700298165579242
12_44_15_29_15_69_32,x,-0.0157680519353542,0.947633547081391,-0.0039636704428694,3.6028000000000002,19.50435575543875,124,18,0.1359056415028444,110,15,22.682241,0.9668304181678516
12_44_15_29_15_69_32,y,-0.019844299147897,1.0581063582636174,-0.0056389347035456,3.5368825,13.9572816187625,129,16,0.1649906717348276,110,15,24.93332,1.062782650176094
12_44_15_29_15_69_32,z,0.035612351083252,0.997310173211267,0.0096026051464147,3.847715,18.855701051700002,126,17,0.109971479845643,111,15,22.831839,0.973207032228917
12_45_10_39_22_46_42,x,0.0493223852629428,1.163393030180386,-0.0051298452477933,3.5320675,13.509339435568751,124,16,0.1206986253798045,111,14,24.264791,1.0377406186748646
12_45_10_39_22_46_42,y,-0.0444757367368829,0.8908476873037567,0.0010029438554394,2.801465,12.133943814599998,130,17,0.1678263402251648,113,13,21.604012,0.9239461728204954
12_45_10_39_22_46_42,z,-0.0048466485260595,0.9648728483817356,0.0041269013923542,3.81001,19.45118983928125,122,19,0.0366568520901604,105,16,24.386656,1.0429524608248675
12_4_10_70_87_22_11,x,0.0159005569730981,1.1417529635385075,-0.0253788510374106,4.63214,21.8060979484375,116,13,0.1758282590894063,114,13,25.206516,1.0735427920028446
12_4_10_70_87_22_11,y,-0.0335248033191032,0.9075314792281096,0.0215829708931726,4.68122,22.67438255054375,136,19,0.1387350166478912,135,19,22.151453,0.9434279890382228
12_4_10_70_87_22_11,z,0.0176242463460051,0.9650863081933386,0.003795880144238,3.827185,19.03844213340625,127,19,0.0742833160004457,126,18,23.182771,0.9873517111885901
12_4_18_68_82_24_8,x,-0.0045438304595645,1.0281319951269512,-0.0021373403800919,3.63485,14.465062560375,115,16,0.1426192997117976,115,16,24.77232,1.06385933007524
12_4_18_68_82_24_8,y,0.0101633151448546,0.9114803429926077,-0.0066636638078116,4.364135,20.386104134262503,129,17,0.1439858575271838,127,17,20.87797,0.896614575361975
12_4_18_68_82_24_8,z,-0.0056194846852904,1.067096802221556,0.0088010041879034,4.45715,24.91703864220625,126,19,0.0824786098842322,124,19,24.411388,1.0483589298009532
12_4_36_51_41_55_17,x,-0.0139614928180596,1.0786526791930684,0.0213276691476238,3.28341,9.0869823828025,130,19,0.1211385826771047,128,19,24.963792,1.0578805326017324
12_4_36_51_41_55_17,y,-0.0681391014170096,0.8855626080997028,-0.0126066628340243,3.4581524999999997,15.61573333068125,123,14,0.1586928560645783,122,13,21.331409,0.9039525050547365
12_4_36_51_41_55_17,z,0.0821005942350687,1.0468853028573193,-0.0087210063135995,4.1827575,26.683712919825002,132,17,0.117363131703255,130,17,24.676962,1.0457256535206154
12_4_46_49_49_39_17,x,0.0390516201039149,1.1055495702723825,-0.0106574726385366,3.995795,19.276100549343752,126,18,0.0991269523555301,124,17,24.835525,1.068880805306057
12_4_46_49_49_39_17,y,-0.05694284003765,0.9837774985564215,-0.0015074511414198,3.68811,12.468721849756252,118,14,0.1571799744999271,118,14,23.602841,1.015828080766999
12_4_46_49_49_39_17,z,0.0178912199337346,0.9194431783053953,0.0121649237799559,4.3474474999999995,24.255291747961877,124,14,0.1521609860009129,122,14,21.399054,0.9209806546190508
12_5_15_75_78_22_9,x,-0.0033579917997655,1.0126265260672418,-0.0143191620802295,3.5895475,18.689638698493752,120,17,0.1040832999733066,117,16,23.30995,1.002813327552196
12_5_15_75_78_22_9,y,-0.0063738724751966,1.0626133035467515,0.0215745490190876,3.8970725,21.713979514481252,127,16,0.1319925560176394,125,16,24.353048,1.0476882662089946
12_5_15_75_78_22_9,z,0.009731864274962,0.9293417575908494,-0.0072553869388579,3.7631275000000004,23.2634142378125,121,15,0.2206781805424576,121,15,22.124276,0.9518046514575614
13_0_62_29_47_39_26,x,0.0300790918514883,1.017491770100019,0.0081271012076455,3.4490825000000003,16.56071044778125,128,16,0.15229366163764,128,16,22.795954,0.9742748890571548
13_0_62_29_47_39_26,y,-0.0087585418734637,0.896614980440594,0.0065550180993925,3.7176375000000004,16.82998016510625,132,18,0.1202614232302086,132,18,22.459577,0.959898492949478
13_0_62_29_47_39_26,z,-0.0213205499780245,1.0961326249806627,-0.0146821193070383,3.3678425,14.10281376328125,115,16,0.1426192997117976,115,16,25.018971,1.0692842771725708
13_10_30_36_71_42_14,x,-0.0172139551468723,0.9404046718000986,-0.0323541241659874,3.519575,21.0232157313235,121,17,0.1293593044834589,117,16,19.787487,0.8432222456816199
13_10_30_36_71_42_14,y,0.0178060654409074,1.04136724729079,0.0135910279833869,3.9596175,17.38971137500625,132,18,0.1552568297872666,127,17,26.306437,1.1210202125728272
13_10_30_36_71_42_14,z,-0.0005921102940353,1.0211306398550717,0.0187630961826005,3.8840675,17.1838379602725,125,17,0.1088117640698835,124,17,24.825219,1.0578997178731195
13_10_54_30_17_66_26,x,0.0068644448828477,1.081585658141207,0.0036610551427017,3.76139,14.396761408343751,125,18,0.118928549978548,122,17,26.409641,1.123738075958604
13_10_54_30_17_66_26,y,-0.0008415158358689,0.9501776216014924,0.0016364221883983,2.7142375,11.679200399856251,127,16,0.1528857310153354,125,14,21.438539,0.9122162079834213
13_10_54_30_17_66_26,z,-0.0060229290469791,0.9730480403263839,-0.0052974773310998,3.1850875,14.92132336465,129,18,0.0838500296619532,124,18,22.926329,0.9755221147933796
13_12_53_23_54_25_36,x,-0.010793256898773,0.9740282256533848,-0.0142535910305501,3.6661825,14.490064706031252,128,19,0.110485434560398,118,16,23.625743,1.014245530199282
13_12_53_23_54_25_36,y,-0.0154367353892992,1.003680530810898,-0.0123367811324192,2.4824875,9.86945917854375,117,16,0.1211747596475027,115,14,25.033937,1.0746988446264072
13_12_53_23_54_25_36,z,0.0262299922880719,1.0228994803030833,0.0265903721629696,3.359165,14.63053670638125,127,17,0.1576770424763841,125,17,21.370392,0.9174240388802373
13_13_23_43_67_48_9,x,-0.0155419584389169,0.9530639231852934,-0.0025174638384616,4.1552425,18.820252819625,123,16,0.1707317073170731,119,16,23.49673,1.0046038862367563
13_13_23_43_67_48_9,y,-0.0181839152352368,1.0533012243691657,-0.0205605856363628,4.2417625,23.79359382825,121,17,0.1048642771937976,117,17,24.502645,1.047611833224437
13_13_23_43_67_48_9,z,0.0337258736741531,0.9961514712022056,0.0230780494748249,4.2436875,26.2197793658125,131,20,0.0893488542803025,126,19,22.223749,0.9501775188356095
13_17_23_52_44_31_36,x,0.0266696765914485,1.0368652973308896,0.0074863248125653,3.3812375,12.261866835587501,126,18,0.1289529905497771,119,17,21.87994,0.9299055947869659
13_17_23_52_44_31_36,y,-0.0381669336117422,0.8799826362168295,0.0064139304521062,4.230705,23.641416214256253,129,19,0.0880450906325623,123,17,25.105064,1.0669745653363236
13_17_23_52_44_31_36,z,0.0114972570202941,1.0959823440634322,-0.0139002552646714,4.1189475,19.075383715331252,128,17,0.1169267933366856,123,15,23.71452,1.0078759277076352
13_18_2_86_37_14_46,x,-0.0627537075483817,0.9775353146226501,-0.0209488413284719,2.6807475,13.0958979847,123,18,0.0675335273407973,115,18,22.836346,0.9677174289118896
13_18_2_86_37_14_46,y,0.0193831296693542,1.0807455039354286,0.0080742355524908,4.3474924999999995,15.05474089635625,132,19,0.128564869306645,125,18,26.666845,1.1300393977474277
13_18_2_86_37_14_46,z,0.0433705778790272,0.9465511920735472,0.0128746057759809,4.0764425,24.91715226135625,132,16,0.1574591643244433,129,16,21.579228,0.9144455526319079
13_19_41_19_63_36_25,x,0.0231537627842219,1.1032399692470118,0.0094609722873211,4.410105,14.861120092375002,124,15,0.1867070468191971,116,14,22.355924,0.9605651992987546
13_19_41_19_63_36_25,y,-0.0073250677577841,0.940982959515795,0.0186210392297128,4.6178175,19.836434878543752,126,17,0.1229518522605529,117,15,23.266834,0.9997041964474846
13_19_41_19_63_36_25,z,-0.0158286950264379,0.9632704854859638,-0.0280820115170332,3.9884275000000002,25.4817235495,120,18,0.0707106781186547,117,17,24.236361,1.0413617855491708
13_1_7_76_84_25_10,x,0.0309038877750621,1.0759516572079322,0.0093700126270155,4.3751275,21.69685952693125,131,20,0.1103574984335951,130,20,25.76958,1.0946151464546834
13_1_7_76_84_25_10,y,0.0043273474615559,0.9827601183276886,0.0298144424076585,4.223985,22.3349523356875,134,18,0.128392914433472,134,18,22.253253,0.9452520293962152
13_1_7_76_84_25_10,z,-0.0352312352366188,0.94571378015653,-0.0391844550346742,3.9901925,19.5167503613125,117,14,0.1694378427487095,117,14,22.752903,0.966475675956465
13_20_22_31_49_65_16,x,0.0171219838642827,1.0574239994403556,-0.0043710223678881,3.7211925,15.647692019876875,125,15,0.2044309174268902,118,14,21.905426,0.9267196479318132
13_20_22_31_49_65_16,y,0.0215540951935392,0.9941781726162109,0.0157930690888775,4.4186975,16.036657971288747,134,18,0.1146439663860986,127,17,23.749458,1.004732314100232
13_20_22_31_49_65_16,z,-0.038676079057822,0.9512323534068231,-0.0114220467209893,4.1160475000000005,28.509920773781253,128,18,0.0924387466109315,122,17,25.386603,1.0739925256119063
13_21_13_47_61_32_29,x,0.0025137078235014,1.0458353417975625,-0.0052714270705149,4.2670775,24.085972532875,129,18,0.1031328270980625,119,17,25.206213,1.0704512701786097
13_21_13_47_61_32_29,y,0.0100857011955335,1.0228476393274883,-0.0005966074564745,3.9013975,14.215442407575,126,18,0.1028688999747279,120,16,21.722627,0.9225111945124862
13_21_13_47_61_32_29,z,-0.0125994090190349,0.9348151432954152,0.0058680345269896,2.8040025,11.19457899783125,128,16,0.1593443597997745,123,14,23.845265,1.0126548643779034
13_22_31_22_44_58_26,x,0.0186773079955521,0.942344171972544,0.021129005608189,4.07325,16.987873364975002,128,19,0.1071196031312663,122,17,24.103566,1.021801832502394
13_22_31_22_44_58_26,y,-0.0117159011291927,0.9688554526205497,-0.0169241147184325,3.055995,11.001867127,131,17,0.1333148793631525,120,15,22.517826,0.9545789146207684
13_22_31_22_44_58_26,z,-0.0069614068663593,1.095295903234777,-0.0042048908897565,3.713635,16.99423446420625,127,18,0.1105170775403007,119,17,24.184444,1.0252304242970327
13_23_33_30_42_21_54,x,-0.0248926123643191,1.1648247748350458,-0.0023472559001225,3.080095,15.24099600198125,125,17,0.1088117640698835,115,17,28.427028,1.2024614288687607
13_23_33_30_42_21_54,y,0.0029821339148546,0.926002585398447,0.0231514789903145,4.201185000000001,30.33457334554375,135,20,0.0759033390071081,127,19,22.534696,0.9532161698818162
13_23_33_30_42_21_54,z,0.0219104784494642,0.9271013247005206,-0.0208042230901927,3.8909775,26.099462506165622,128,20,0.0841432001114766,121,18,20.62518,0.8724437677225838
13_24_29_51_22_45_32,x,0.0065022355726613,1.0411657998663852,0.0037181956961568,3.2124475,11.78480589155625,124,16,0.1495744918628339,115,13,24.273907,1.0431364830494658
13_24_29_51_22_45_32,y,-0.0016082059583609,0.9866768118547256,0.0119149009801236,3.907485,21.8944505056875,121,19,0.0529183821275442,113,16,23.451444,1.0077923103434274
13_24_29_51_22_45_32,z,-0.0048940296142999,0.97343102560201,-0.0156330966762801,3.1834474999999998,12.010245581300001,125,18,0.0754718490564528,117,16,22.135349,0.9512350074890091
13_25_20_35_37_78_8,x,0.0491895800420472,1.090790938595398,0.0129884428469371,3.917255,18.987802982337502,127,18,0.0880341723425114,121,18,24.218155,1.0346675823493248
13_25_20_35_37_78_8,y,-0.0200881138377652,0.9358858739118181,-0.0195441211084292,3.4411050000000003,13.9545103251625,133,19,0.0954028386499963,123,16,22.872496,0.9771772514716586
13_25_20_35_37_78_8,z,-0.029101466204282,0.9795702486161604,0.0065556782614918,3.0500525,11.6657060534375,118,16,0.139766292393819,109,15,23.150801,0.9890672225080867
13_25_23_38_61_23_33,x,-0.0168396675268781,1.025565010953798,0.0272432826165003,3.5541025,14.695119157306248,123,16,0.1251610107182167,111,16,24.430319,1.0491437684327307
13_25_23_38_61_23_33,y,0.0137866167091703,1.0429018356454771,-7.0963007089419605e-06,3.5759525,14.8046389984375,129,16,0.1489098659868104,121,15,24.398788,1.047789690650838
13_25_23_38_61_23_33,z,0.0030530508177073,0.9349607350288694,-0.0272361863157911,3.8469725,34.577288180875,119,17,0.1179467970388084,111,16,21.18288,0.9096846647585045
13_26_41_28_23_48_37,x,0.0091828364861852,1.0248076154297239,0.0022873442072555,2.8238399999999997,12.98269069560625,124,19,0.0534939482315387,113,16,25.379567,1.0868951395784314
13_26_41_28_23_48_37,y,0.0041055286175573,1.034401283955529,-0.0032778077562476,2.8013625,14.431956855003751,118,15,0.1801719629277059,110,15,21.431842,0.9178314548082277
13_26_41_28_23_48_37,z,-0.0132883651037417,0.943340771141885,0.0009904635489917,3.9439,16.91199640225,131,21,0.0411081282987366,122,20,23.407012,1.0024192916630146
13_27_43_20_37_35_41,x,-0.0858911490178436,0.8494799697788543,-0.0052477252301742,2.31202,12.74542440975625,123,16,0.1456623810338936,107,13,21.254554,0.9114273482181022
13_27_43_20_37_35_41,y,0.0627090055170526,1.0755144020897578,-0.0186074972787465,2.8733575,15.43645465245,120,15,0.1632993161855452,113,15,22.727374,0.9745840922741096
13_27_43_20_37_35_41,z,0.023182143500791,1.0945374525733331,0.0238552225089199,3.2403075,13.27166490658125,128,18,0.120017902310447,120,16,26.253582,1.1257932122916576
13_29_39_24_37_31_43,x,0.0187028508127236,0.9341923513661224,-0.0098749334889252,2.808515,11.5722367975625,126,15,0.1760402620064986,115,13,21.579866,0.9266949997462198
13_29_39_24_37_31_43,y,-0.0411791965218444,0.9609202984084027,0.0225748004904202,3.480555,18.9284606248875,125,19,0.0803990049689671,111,17,23.501231,1.0092033590746512
13_29_39_24_37_31_43,z,0.0224763457091211,1.1139772594322281,-0.0126998670014948,3.38076,18.04204406435625,119,15,0.1873403093244366,110,15,24.899832,1.0692628864757974
13_2_6_78_81_28_8,x,0.0189652993499978,1.0703696616924772,-0.0008064621065868,4.7708425,27.773641836703128,121,18,0.1087020366774041,120,18,23.97621,1.0212467894928892
13_2_6_78_81_28_8,y,-0.0324271784893774,0.878260625528887,0.0175890630309537,4.2175775,21.32774912684375,135,19,0.1018350154434631,134,19,22.505086,0.9585854822243117
13_2_6_78_81_28_8,z,0.0134618791393796,1.063757894599398,-0.0167826009243671,4.61573,26.08133645026875,124,16,0.1521609860009129,124,16,23.982159,1.0215001822163718
13_30_19_37_40_37_40,x,-0.0374445597269867,0.9376926377903745,0.0164201622290167,4.0261675,23.183909972312502,130,20,0.094837138507215,120,19,24.520491,1.0444214812534103
13_30_19_37_40_37_40,y,-0.001697225502357,1.0124106395377845,0.0208218816385872,3.49981,17.907471675575,127,17,0.1170556594277047,117,17,21.403344,0.9116502701457444
13_30_19_37_40_37_40,z,0.0391417852293431,1.053374481706574,-0.0372420438676036,3.7500875,9.3557205330875,125,14,0.213616478765099,115,14,24.657515,1.050257857411101
13_31_25_14_73_9_51,x,-0.0139053661065453,0.9905405403612884,0.0145481396076461,4.0954875,24.18913253666875,131,19,0.0893488542803025,119,17,23.799857,1.01164299131101
13_31_25_14_73_9_51,y,0.0246483875444815,1.0506010370731613,0.0095625321338256,3.570255,14.82209450678125,131,18,0.0853461060114423,122,15,24.0956,1.0242139211774917
13_31_25_14_73_9_51,z,-0.0107430214379363,0.9609259461200379,-0.0241106717414716,3.2331175,19.58847429393125,121,17,0.1443326379882064,110,15,22.705398,0.9651216287403334
13_31_31_22_40_41_38,x,0.0109759823274694,1.0635300021413412,0.0040418748223792,2.52767,9.846391648787499,126,16,0.1289529905497771,114,15,24.882093,1.0636903946642309
13_31_31_22_40_41_38,y,-0.0212033242823092,1.0467443681596502,-0.0248600520326043,3.6140675,19.3131659344375,117,16,0.1380811489008847,107,16,25.370499,1.0845693766251285
13_31_31_22_40_41_38,z,0.0102273419548393,0.8982756376588802,0.0208181772102248,2.04571,8.03354475529375,133,12,0.2154368237878857,121,11,20.276785,0.8668170092914513
13_33_24_38_22_47_39,x,-0.0098060353410433,1.012087418826031,0.0193393290152018,3.5028275,10.926933687625,128,19,0.1137517170200081,118,16,23.716812,1.0128101889332413
13_33_24_38_22_47_39,y,-0.0038947402266102,0.9689790923227086,-0.0187556443635192,3.761605,20.971356828625,122,16,0.1321681598081729,109,16,23.354283,0.9973286366494106
13_33_24_38_22_47_39,z,0.0137007755676541,1.0196886080902097,-0.000583684651682,3.8052349999999997,19.54906927236875,126,17,0.1259881576697424,112,15,23.182587,0.9899964767368945
13_33_27_45_18_32_48,x,0.0094253888695116,1.1248146825742262,-0.0073376595072058,4.045315,17.16629108939,120,18,0.0866025403784438,112,17,25.982872,1.1144173897458824
13_33_27_45_18_32_48,y,-0.0003348323841488,0.994026596168721,0.0211072577769524,4.0010200000000005,21.0825066923375,125,19,0.0582408791142441,116,18,24.220785,1.0388406638533347
13_33_27_45_18_32_48,z,-0.0090905564853627,0.8943778165336819,-0.0137695982697467,2.914545,14.094440270180375,126,15,0.1672325992516307,109,14,20.139211,0.863780068429755
13_33_9_49_24_56_32,x,0.0516576914156903,1.081650637664273,-0.0250122511797463,3.4615525,13.906787181887502,125,18,0.0754718490564528,115,15,27.22063,1.1562472080987343
13_33_9_49_24_56_32,y,-0.0492386059795443,0.9645137209218058,0.0275655436302864,3.96425,20.167548631625003,130,20,0.0737820234355803,117,17,21.421775,0.9099299882577759
13_33_9_49_24_56_32,z,-0.0024190854361464,0.9585275042774295,-0.0025532924505397,2.3573199999999996,10.04212440748125,128,15,0.1682864002229532,117,12,22.376327,0.9504763710925987
13_34_13_38_38_46_34,x,0.0449585331190943,1.1106749109190597,-0.0067955834065559,2.953855,10.250601481075,122,15,0.1671809676587798,110,14,25.871145,1.1013992002738309
13_34_13_38_38_46_34,y,-0.0318772730693164,0.9617862653495958,0.0019224689414498,4.12539,13.158975763975,125,15,0.1553319027115808,119,15,22.768507,0.9693121584386436
13_34_13_38_38_46_34,z,-0.0130812600497781,0.9361263446510587,0.004873114465106,3.6634675,17.382362308362502,133,17,0.1313101443351352,115,14,22.002016,0.9366807239034853
13_34_17_36_36_36_44,x,0.0513435931296195,1.0374185718974602,-0.008925822462728,3.5802325,21.32819737021,128,18,0.1137517170200081,113,16,23.723575,1.0081628445633695
13_34_17_36_36_36_44,y,-0.0408313279510406,1.020860469352085,-0.0053254506937123,4.13607,23.98296828514375,128,20,0.0518222623493031,118,19,25.038957,1.0640616396989024
13_34_17_36_36_36_44,z,-0.0105122651785795,0.9442339131321976,0.0142512731564401,3.4310375,15.140020439775,126,14,0.1626500121580888,117,13,21.935724,0.9321858912662603
13_36_17_26_48_44_32,x,-0.0010012540516035,1.0261969697026176,-0.0257575761231295,4.1044275,26.224154912437502,125,17,0.1369379421489895,112,17,24.12278,1.0313328806204562
13_36_17_26_48_44_32,y,0.0330329156868409,1.039328280522827,0.0224708927183308,3.648355,18.72481080778125,123,18,0.0675335273407973,118,18,25.516146,1.0909041311371297
13_36_17_26_48_44_32,z,-0.0320316616352373,0.9375976871321181,0.003286683404798,2.052215,9.5177990245775,128,15,0.2037250751625827,110,11,20.789452,0.8888214964312035
13_36_23_33_32_21_58,x,-0.0017503285226644,1.0500649065139924,0.010155043674265,3.4071225,18.5300732721375,125,19,0.093637599285757,113,16,24.60769,1.0472032626313028
13_36_23_33_32_21_58,y,-0.0296424154574218,0.9824192486641299,-0.0228714270086313,2.9581025,12.07662004570625,123,16,0.188400491483845,112,13,23.799216,1.012797895424849
13_36_23_33_32_21_58,z,0.0313927439800862,0.969364235476209,0.0127163833343662,3.49883,19.33089022865625,133,18,0.1755280831568233,118,16,22.155731,0.9428578541578464
13_36_24_31_34_39_39,x,-0.0023076316492753,1.064484902515442,0.0152021906506371,2.7647275000000002,11.15092353135625,125,17,0.1122853507809456,104,13,23.684641,1.016363536365865
13_36_24_31_34_39_39,y,-0.0129996697443919,0.9431592693273055,-0.0133558134730675,3.824025,23.546087596796873,121,18,0.0779667862153438,111,14,22.553865,0.9678392841216512
13_36_24_31_34_39_39,z,0.0153073013936669,0.9960369652675416,-0.0018463771775694,4.116065,16.556198146875,125,19,0.1052235715037272,117,16,23.690019,1.0165943189687585
13_3_13_78_79_21_9,x,0.0247644706097729,1.0455977604017008,0.01981081808439,4.57324,35.10572477519375,129,20,0.0747569826433562,128,19,23.403051,1.0062159736336782
13_3_13_78_79_21_9,y,-0.0031221344109997,0.9900788548189904,0.0056122483810759,3.350005,14.94582594790625,118,12,0.2732968728236796,117,12,22.920153,0.9854537370673536
13_3_13_78_79_21_9,z,-0.0216423361987732,0.965974296109491,-0.0254230664654656,2.984725,9.999697601770624,122,13,0.2156220727535394,121,13,23.455993,1.0084922189863081
13_3_18_61_91_22_8,x,0.0188545643352974,1.0809190705429712,-0.0042505226597169,3.488785,11.19388256721,121,13,0.1907999401754577,121,13,23.703928,1.0143301641806264
13_3_18_61_91_22_8,y,0.0095716113187884,1.082664926346912,-0.0026237302527082,4.7797374999999995,19.59675601792625,127,18,0.0961146111475094,125,18,25.332627,1.0840248799286163
13_3_18_61_91_22_8,z,-0.028426175654086,0.8545013498912828,0.0068742529124251,3.597605,22.9821118919375,124,18,0.1359056415028444,122,18,21.253105,0.9094554068843819
13_41_18_15_38_48_43,x,-0.0077092608960196,1.1050751230994489,-0.0074381810415818,4.006955,26.050467666558752,122,19,0.0613386456848187,112,17,25.89372,1.0964603130315307
13_41_18_15_38_48_43,y,0.0187038885603048,0.984611190215149,-0.0116170504653056,3.3177125,17.320488240325002,129,16,0.1362666343507515,114,15,23.277314,0.9856695366665444
13_41_18_15_38_48_43,z,-0.0109946276642848,0.9190590804986369,0.0190552315068879,2.3606175,9.80481623859375,135,17,0.1617802197617893,118,11,21.8513,0.9252854838217871
13_4_13_70_84_26_6,x,-0.0071537838759705,0.9946517941130962,0.0041102295009912,4.3782375,23.79415306848125,122,19,0.0675918955019288,121,19,26.635986,1.1437218547909767
13_4_13_70_84_26_6,y,0.0117769875450174,0.9646336812019424,0.0432344586762898,4.1565924999999995,18.20674393823125,128,16,0.2019194997393763,127,16,21.684057,0.9310911145332957
13_4_13_70_84_26_6,z,-0.004623203669047,1.0422370507935435,-0.0473446881772811,3.924535,17.4446070378625,121,15,0.1194779528495947,119,13,21.869344,0.9390471478225706
13_4_14_65_91_25_4,x,-0.0125111575897917,0.9216787698926397,0.0172322875126006,4.2141625000000005,25.707172390528125,127,17,0.1576770424763841,126,17,22.065676,0.9488113210719687
13_4_14_65_91_25_4,y,-0.0110622405310128,1.0528863431412943,-0.0447251536346626,3.807685,13.37596170630625,117,12,0.2490393552877515,116,12,24.221045,1.0414909429556385
13_4_14_65_91_25_4,z,0.0235733981208047,1.0304784725158618,0.0274928661220625,3.190035,12.3492203683025,126,16,0.131851172427271,124,16,23.53434,1.0119630246522642
13_4_17_73_71_31_7,x,-0.0452185889221375,0.883259621770044,0.000734916963943,4.4647575,23.700921592625626,121,17,0.1261515497725103,121,17,23.146003,0.9948387989288878
13_4_17_73_71_31_7,y,0.0607430173026305,1.099741787347011,-0.0125974171239403,3.54356,15.67073674296875,124,15,0.162094768082595,121,14,22.940994,0.9860273031674117
13_4_17_73_71_31_7,z,-0.0155244283804938,1.0294870677549992,0.0118625001599982,4.2724575,20.14954931651875,124,18,0.0912395846692319,123,18,23.718195,1.0194321942566564
13_4_30_60_52_26_31,x,-0.0155888878421121,0.9477858838182168,0.0067288184503476,3.2287675,15.545412258493752,137,17,0.1323967674979347,135,17,23.423633,0.9939886858770383
13_4_30_60_52_26_31,y,-0.012324691302483,0.9085572874008827,0.007735941675248,1.7726925,6.7910277472625005,131,11,0.2371331994963216,131,11,20.673539,0.8772876463287186
13_4_30_60_52_26_31,z,0.0279135791445948,1.1612813402944606,-0.0144647601255956,3.82625,13.875146375,116,14,0.1758282590894063,114,14,27.023983,1.1467705863276385
13_6_12_78_72_26_9,x,-0.0208483124330564,0.9747980161686328,-0.0007108048365069,3.7055175,21.48353204425625,117,15,0.1412197576227205,115,15,22.219836,0.9568523006035726
13_6_12_78_72_26_9,y,-0.0062818798452232,0.9714742460578428,0.0265569033760543,4.06255,14.683874450375,127,16,0.1201916340352263,125,16,23.73021,1.021893502378051
13_6_12_78_72_26_9,z,0.02713019227828,1.0559760576290727,-0.0258460985395476,5.033525,18.00225426649375,124,15,0.1644845004384769,122,15,23.749004,1.0227028279796235
13_6_52_41_29_29_46,x,-0.0515302653270687,0.943895410054493,0.0081867548332039,4.1247050000000005,16.547237354781252,132,17,0.128564869306645,131,17,21.537075,0.9129516047207447
13_6_52_41_29_29_46,y,0.0174590469614606,0.9951281302009398,0.0038615933100897,4.434324999999999,27.966743796206252,131,21,0.0314740887451729,128,21,22.64381,0.9598658442008324
13_6_52_41_29_29_46,z,0.034071218365608,1.0646261337968477,-0.0120483481432945,4.5835925,23.6210028329625,122,18,0.0927353155654488,120,18,26.920348,1.1411472962898113
13_8_36_60_35_24_40,x,-0.0584914164996352,1.0287591937536935,0.0351494480482074,3.69108,21.030200160378122,129,17,0.1627906976744186,125,17,25.2743,1.076664992882781
13_8_36_60_35_24_40,y,0.0429502559539929,1.0635085597626042,-0.0397726557476485,3.619345,14.693916876531251,120,17,0.0816496580927726,118,16,25.632928,1.0919422592390229
13_8_36_60_35_24_40,z,0.0155411605456428,0.9139980746070675,0.0046232076994415,4.31156,26.4944672124625,131,20,0.0720151231454702,129,20,19.967251,0.8505889443349054
14_0_14_69_86_23_10,x,0.0108437364521102,0.998838850088947,-0.0292181489700222,4.220905,21.161177837416872,117,16,0.1720052290384453,117,16,23.103153,0.9869451149711754
14_0_14_69_86_23_10,y,-0.0368023924646464,0.8671116581051523,0.0496610546135091,3.8938825,15.797419881068752,143,16,0.1851496824457863,143,16,19.051679,0.8138699302666147
14_0_14_69_86_23_10,z,0.0259586560125368,1.154594671158398,-0.0204429056434868,4.5772075,20.096269963635628,117,17,0.0645284994467585,117,17,29.142731,1.2449502454218713
14_10_31_54_46_26_35,x,-0.0479751442678965,0.8617123450496722,0.0248245346248962,4.092245,27.11117879615,132,20,0.0694329650750884,129,20,21.110421,0.8996437531924736
14_10_31_54_46_26_35,y,0.0207790979173986,1.1441921851684418,-0.0217691662009056,3.8471675,17.742725660656248,120,18,0.0816496580927726,117,17,26.343192,1.1226440307348653
14_10_31_54_46_26_35,z,0.0271960463504973,1.0142352675869342,-0.0030553684239902,3.6723125,16.6587931891375,127,18,0.0837019355333437,123,18,23.233449,0.9901189207911071
14_10_32_59_25_31_45,x,0.0295754915592506,1.082350329589789,0.0262467622137098,4.09503,21.54812820234375,139,20,0.091284730506831,135,20,22.767017,0.9631632635241341
14_10_32_59_25_31_45,y,0.0110126999446934,0.9134017061667059,-0.0140737568819017,3.284015,16.946333647787498,125,16,0.1369379421489895,123,15,22.044349,0.9325906474750285
14_10_32_59_25_31_45,z,-0.0405881915039441,1.0115103426415053,-0.0121730053318079,4.3148075,30.28378580615,124,19,0.0456197923346159,120,19,26.31572,1.1132918623984567
14_13_29_20_87_25_28,x,-0.0103456577965762,1.018766112611968,-0.0353209711393912,4.4025425,22.194198886375002,132,18,0.0981930408849676,128,18,24.245361,1.0285081848831932
14_13_29_20_87_25_28,y,0.0065035222364989,0.9441099000484106,0.0258403059622015,4.508235,24.0268850558875,132,20,0.0524863881081477,127,18,22.411619,0.9507193387627302
14_13_29_20_87_25_28,z,0.0038421355600773,1.0396878236866967,0.0094806651771902,3.8483125,15.747568973954374,122,16,0.1226772913696374,117,15,24.10798,1.0226803697004274
14_14_22_40_73_32_21,x,-0.0208541077193428,1.054734151648418,0.0038836892799559,3.9424624999999995,20.461906239793123,125,19,0.1015086203235961,120,17,24.621718,1.049915946238251
14_14_22_40_73_32_21,y,0.0344898189390302,0.9521196511698253,-0.012359673261312,4.077685,18.446988243375,124,18,0.0721312250806383,122,17,23.143611,0.986886708816785
14_14_22_40_73_32_21,z,-0.0136357112196878,0.9957847311629988,0.0084759839813566,4.6222625,22.332303594182502,129,19,0.0585258483354321,122,18,22.632993,0.9651130055911903
14_15_47_38_31_25_46,x,-0.0489507430125937,1.033546241627606,0.0217728685309849,3.78253,18.05172251171875,128,15,0.1828859361049941,123,15,23.175248,0.9927892743847346
14_15_47_38_31_25_46,y,0.0426789916042236,0.9153128447542397,-0.0290550281958884,2.114045,12.348599420006252,117,14,0.2230425359093998,110,13,21.810382,0.9343206734975987
14_15_47_38_31_25_46,z,0.0062717514083702,1.0570621709065733,0.0072821596649037,3.888555,17.1308423058375,129,20,0.0520015808720881,124,19,25.166005,1.0780700100000051
14_16_25_60_20_50_31,x,0.0205526096717306,1.1181051921906784,-6.789953862884612e-05,4.0520225,16.359638544479374,126,18,0.0869400884928835,121,18,23.820201,1.0126599285476834
14_16_25_60_20_50_31,y,0.027764566080339,0.9803632915168071,0.0065678582323349,4.3094525,18.0635774272775,129,19,0.1099026889826187,123,18,22.180795,0.9429644308975735
14_16_25_60_20_50_31,z,-0.0483171757520696,0.9122844965880408,-0.0064999586937055,3.3353225,14.651224065942499,126,15,0.1454785934906615,121,15,24.633315,1.0472275615051518
14_16_32_54_26_32_42,x,-0.0188949559089134,0.9384499329654595,-0.0014060637359425,4.5016375,26.59151546989375,127,19,0.0504183010821484,123,19,20.84649,0.8894585795610078
14_16_32_54_26_32_42,y,0.0056767455911386,0.9539275686569726,0.0045217714567087,3.62735,20.0123586044975,128,17,0.1288470508005519,121,17,22.585118,0.9636407364260243
14_16_32_54_26_32_42,z,0.0132182103177743,1.1170522617205052,-0.0031157077207669,3.84224,17.803338464875,124,18,0.0665017036389945,118,18,27.34427,1.166699792307131
14_17_20_61_33_30_41,x,-0.0233010406797143,0.9836628286223082,0.0058538166262857,4.1842875,18.728973996612503,131,20,0.0488788109727698,123,18,22.692864,0.9633360094599241
14_17_20_61_33_30_41,y,0.0163754478939108,0.9815471278034655,-0.0061535031019628,4.1521,31.9814221453625,122,18,0.1010559672617865,117,17,23.093214,0.9803312891825401
14_17_20_61_33_30_41,z,0.0069255927858031,1.0357205259054303,0.0002996864756771,3.5719775,17.519591069475002,131,20,0.0811461512422492,125,18,24.943699,1.0588863290164476
14_17_23_70_31_23_38,x,0.0376032536092995,1.1016502816633624,-0.0002905440894622,3.72335,21.999396531440624,124,18,0.1105750742000168,116,17,25.693583,1.104667638941964
14_17_23_70_31_23_38,y,-0.0287048304674163,0.9662854290586718,-0.0005747341039699,3.4207175,22.2018639667125,120,17,0.1,116,16,24.026939,1.0330120939587364
14_17_23_70_31_23_38,z,-0.008898423141882,0.9394005702018174,0.0008652781934321,3.7927675,25.430879769815622,126,17,0.1259881576697424,121,17,20.382432,0.8763204817846983
14_18_23_57_34_29_41,x,-0.019454950974882,1.0674785662911221,-0.0043534808485581,3.0052175,11.567090166710937,121,16,0.1355472683211299,113,13,27.368789,1.1644517861122845
14_18_23_57_34_29_41,y,0.0116513517835437,0.9071770203835915,0.0019311442898087,2.5797925,11.97299684875625,135,17,0.1933035311214798,128,15,18.422915,0.7838343259230358
14_18_23_57_34_29_41,z,0.0078035991913385,1.0326396480864157,0.0024223365587495,3.978325,19.20436642125,125,19,0.0582408791142441,121,17,25.750655,1.0956055164995144
14_18_33_43_14_63_31,x,-0.0234630628974972,1.025209433363587,0.0156198392889765,4.0832975000000005,23.14243988841375,130,19,0.0870285269152673,124,17,24.656191,1.0463285392586539
14_18_33_43_14_63_31,y,0.0113963122995855,0.9745240295960887,0.0001862215936153,3.73718,20.885499064362502,122,17,0.1546554283943705,115,16,21.957224,0.9317931595393245
14_18_33_43_14_63_31,z,0.0120667505979115,1.00090959843602,-0.0158060608825911,4.286025,25.772432774656252,133,19,0.1287010734482984,127,19,24.169648,1.025681237066822
14_19_23_45_46_34_35,x,-0.0357916128332176,1.012269507900508,-0.0158666508437457,3.99788,19.983257780375,126,19,0.0614759261302764,117,17,24.71018,1.0505551241933937
14_19_23_45_46_34_35,y,-0.0145183893186063,0.9181198107680552,0.0140852940950381,2.95195,15.736841202234999,130,19,0.1349994521137249,123,16,20.760132,0.8826185422984067
14_19_23_45_46_34_35,z,0.0503100021518239,1.075980712607891,0.0017813567487076,3.13649,11.746983256715627,126,17,0.1198386418296944,121,17,25.36677,1.0784700964434597
14_1_18_78_48_39_18,x,-0.0391020614272384,0.9010260920854635,0.0159586726388825,4.36664,27.4162699089775,135,16,0.1302103394907181,134,16,22.060467,0.936695404338598
14_1_18_78_48_39_18,y,0.0529945021336757,1.0690043379717993,0.0015731598772791,3.20812,14.40160243254375,121,12,0.2052849974937887,121,12,23.899083,1.014763704413271
14_1_18_78_48_39_18,z,-0.0138924407064379,1.038205116621756,-0.0175318325161608,4.31086,20.43478236054375,127,19,0.0999100593736182,127,19,24.777244,1.0520507379547361
14_20_23_45_42_33_39,x,-0.0100343068135672,0.9301238180911332,0.006496608582339,4.356975,23.05059517348,128,20,0.0584633966683428,124,20,21.726418,0.9220036381973838
14_20_23_45_42_33_39,y,-0.0202524132679403,1.027432609877502,-0.0142939518242727,3.8233425,16.96256275799375,125,18,0.0894427190999916,115,18,25.44031,1.0796100110413638
14_20_23_45_42_33_39,z,0.0302867200815073,1.0464196552392366,0.0077973432419345,4.7177,25.537673583093753,131,20,0.0488788109727698,123,19,23.673145,1.0046168594185294
14_20_44_29_18_51_40,x,-0.0331841401792817,0.9855729033754907,0.0234530738884162,3.2078,15.3024647873375,134,17,0.1359766205842432,124,17,23.487921,1.0005307804727075
14_20_44_29_18_51_40,y,0.0163296386375642,1.0701100035913043,-0.0019561628329606,3.0169699999999997,15.854735564981251,119,16,0.1408660051616824,115,16,23.548227,1.0030996757464605
14_20_44_29_18_51_40,z,0.016854501541717,0.9481626011954692,-0.0214969110554554,1.718435,8.16372223669875,128,16,0.2037250751625827,118,13,23.390504,0.9963810429526728
14_21_17_64_35_25_40,x,0.0276981684749824,1.0386057698916393,0.0117605088221567,3.5907999999999998,24.62490351909375,126,18,0.0991269523555301,115,15,24.026687,1.0282041105203663
14_21_17_64_35_25_40,y,0.0043137937699854,1.0687638426311064,-0.0091412978945847,4.4743175,30.0850284873,126,18,0.0869400884928835,123,18,23.880915,1.0219659067430926
14_21_17_64_35_25_40,z,-0.0320119622449677,0.9008811840950043,-0.0026192109275717,2.9753499999999997,11.45195620130625,124,15,0.1495744918628339,117,14,22.238158,0.9516653488681718
14_21_25_31_54_40_31,x,-0.0364544324403173,0.9501667862707918,0.0263257076343164,3.56203,17.25854310441875,124,18,0.1032761973779491,119,16,25.318266,1.0755495799982686
14_21_25_31_54_40_31,y,0.052275084957142,1.0685543549377605,-0.0216540295081383,3.6430925,22.354872857943754,121,17,0.0967330571133853,117,17,22.054613,0.9369057797707929
14_21_25_31_54_40_31,z,-0.0158206525168245,0.9849258503241468,-0.0046716781261784,4.40965,21.91950787965,138,21,0.103498962732505,125,16,23.360233,0.9923700458716918
14_23_19_47_55_34_24,x,0.0144754515153506,0.9696774373679726,0.0136142139436117,2.5185225,8.833702697505625,126,13,0.1944039478399347,115,11,22.107981,0.9522283592513885
14_23_19_47_55_34_24,y,-0.0246226466854053,1.0120043853560414,0.0084330569244384,3.5650424999999997,18.4866057994625,124,16,0.154704242687507,116,14,24.421494,1.051875300692887
14_23_19_47_55_34_24,z,0.0101471951700549,1.0190378495540773,-0.0220472708680509,3.8945075000000005,14.618997845300001,118,14,0.1428160978504467,112,13,23.179422,0.9983771462195277
14_23_23_20_75_41_20,x,0.0049865555491617,0.9804352988949627,-0.016569922385526,3.5213324999999998,11.28203908234375,123,13,0.2102848318110173,111,12,24.29177,1.0368285125644476
14_23_23_20_75_41_20,y,-0.0241211044452926,0.9531320137005587,0.0010787609190764,3.9868525000000004,17.4368972890625,124,18,0.1032761973779491,120,17,21.643238,0.9237830863135265
14_23_23_20_75_41_20,z,0.019134548896131,1.0701089695274748,0.0154911614664497,3.89749,18.10477565831875,130,18,0.1426710537768569,121,16,24.461061,1.0440542411021603
14_25_11_63_30_30_43,x,-0.0231388910768052,0.972542755951406,-0.01439689612662,3.49945,13.913875932658124,128,19,0.0749348675517612,118,17,25.995124,1.1041123818570027
14_25_11_63_30_30_43,y,0.009905101544187,0.9331177174860058,-0.0189607724073103,4.2709150000000005,21.48073051279375,125,17,0.12211470017979,117,17,22.356686,0.9495739981809321
14_25_11_63_30_30_43,z,0.0132337895326181,1.1019321672561226,0.0333576685339298,3.8746575,14.8155710561625,129,18,0.1223235181244922,122,18,22.456213,0.9538012906927541
14_25_17_33_67_12_48,x,-0.0237494623660654,1.0401206896895236,0.0278275939195609,3.75842,19.31146606533125,129,17,0.1193395683592298,120,16,24.742546,1.0474003203681495
14_25_17_33_67_12_48,y,0.0081280805257701,1.0310493829201348,-0.0188194720169407,3.656955,16.683223129175,130,19,0.1120016906043156,122,18,22.076236,0.934530207963355
14_25_17_33_67_12_48,z,0.0156213818402961,0.9324741433439734,-0.00900812190262,3.3781274999999997,13.264467630662502,128,17,0.1137517170200081,120,16,24.133796,1.021630743339815
14_25_20_29_59_28_41,x,-0.010325775337286,1.0016583768729832,-0.002067515765369,3.3259875,12.850047432037499,127,15,0.1479393246303617,119,14,24.318637,1.0312001370165103
14_25_20_29_59_28_41,y,0.003861333246069,0.9590789693875968,-0.0019083174472006,3.8959075,18.019470701656253,135,21,0.0615305471327264,122,16,24.677593,1.0464211988047551
14_25_20_29_59_28_41,z,0.0064644420912168,1.04094073653289,0.0039758332125705,3.3626875,16.0419954525,125,16,0.1156546583584076,119,15,21.854797,0.9267242099492672
14_25_39_29_35_38_36,x,-0.0093177016400471,0.9919824487207024,0.0019967672384213,3.8868975,22.527700116562503,122,18,0.0786201889067658,111,16,24.191971,1.0409866947653876
14_25_39_29_35_38_36,y,0.0044380730059814,1.090764643521345,-0.004281484707199,4.106075,17.9596290211625,123,16,0.1753159240068929,115,14,25.27033,1.087388758126844
14_25_39_29_35_38_36,z,0.0048796286340657,0.9241978624243807,0.002284717468778,3.00808,16.9964441005,123,17,0.156173761888606,114,15,20.530336,0.8834256049274716
14_26_43_19_49_11_54,x,0.0116915084987108,0.9328416465209876,-0.0006394196123348,3.001655,12.418710470725,125,15,0.1451068571777364,112,12,21.935303,0.9420405635553002
14_26_43_19_49_11_54,y,0.0088537198219011,1.0594096722073478,-0.0060565072530532,3.5137675,11.39493621739375,122,18,0.1087417964050951,114,15,25.096509,1.0778027311330354
14_26_43_19_49_11_54,z,-0.0205452283206122,1.0118779669933242,0.0066959268653878,3.879035,23.0805875349625,125,18,0.0976524449258696,117,18,22.933226,0.9848976850322543
14_27_14_47_50_28_36,x,-0.0110711397986098,1.0374577695324032,0.0098860328805366,3.7473725,17.093253255787502,129,16,0.160560582769054,117,14,24.331646,1.0397664911760418
14_27_14_47_50_28_36,y,-0.0134308329035552,0.9969178005588423,0.0328822029767563,3.6992875,17.651798436712504,129,18,0.1131358102273366,119,15,22.391491,0.9568576671413812
14_27_14_47_50_28_36,z,0.0245019727021652,0.9668747569531818,-0.0427682358572932,3.5583575,15.110218332675,118,16,0.1301889109808238,112,15,23.520823,1.005117516516669
14_27_1_4_143_23_4,x,-0.0314792746666844,0.8964844549656589,-0.0045729412859953,4.02463,13.25603187990625,125,16,0.12211470017979,115,14,22.090771,0.9435040147894315
14_27_1_4_143_23_4,y,0.0369321452933663,0.9983023045347058,0.0168568807217146,5.0808275,20.08041247120625,127,16,0.1479393246303617,121,16,22.354119,0.9547516935276145
14_27_1_4_143_23_4,z,-0.0054528706266812,1.1173652560154288,-0.0122839394357188,4.0900275,17.625752539523123,124,19,0.0534939482315387,113,17,25.991595,1.1101094766353294
14_28_19_30_68_32_25,x,-0.0083762982262891,0.9777429081468406,-0.0298916816015097,2.62153,10.756795065433625,115,16,0.0924360505455186,110,13,23.817754,1.0240145658198998
14_28_19_30_68_32_25,y,0.045381362135179,1.094790755205802,-0.0013466685268634,3.83648,16.217156727437498,121,16,0.1703762655213909,116,15,23.424864,1.0071227513035108
14_28_19_30_68_32_25,z,-0.0370050639088897,0.9342093379853974,0.0312383501283727,3.8195825,20.882176171009377,133,19,0.1086979871789545,115,14,22.553094,0.9696420896909669
14_28_21_32_42_40_39,x,0.036271172670298,1.104802869536625,0.0002524654752346,3.0058325,11.199850660325,126,17,0.1626500121580888,114,15,25.961301,1.1016105613862792
14_28_21_32_42_40_39,y,0.0077053237032662,1.0742417387735834,-0.0189944398162171,3.6090025,16.13322337093125,128,18,0.0924387466109315,118,16,23.126416,0.9813184675379955
14_28_21_32_42_40_39,z,-0.0439764963735641,0.8425839533206992,0.0187419743409826,3.8346025,16.5736501594375,130,17,0.1296330734334824,123,16,21.800191,0.9250430340851606
14_28_22_46_20_58_28,x,0.0463526211029382,1.0600757021390708,0.0141131201379764,3.575015,17.977265614187502,130,19,0.0828486893405308,121,16,24.201434,1.036086480972209
14_28_22_46_20_58_28,y,0.0102302687536453,1.1477566031485995,0.0109289443977155,2.917885,11.345107311187501,130,17,0.18779316331898,115,13,26.662963,1.1414668860928743
14_28_22_46_20_58_28,z,-0.0565828898565842,0.8218892873318074,-0.0250420645356915,2.96039,11.121528441296249,114,12,0.24118819447136,108,11,19.750849,0.8455526906638455
14_28_25_44_29_24_52,x,0.0521946104668122,1.134045485550827,0.0067148683846208,3.3826975,19.59577895203125,130,19,0.094837138507215,116,15,26.049824,1.1106807879711666
14_28_25_44_29_24_52,y,-0.0159791543509787,0.9518143809816614,-0.0008961803797692,3.184355,13.1923237080625,122,16,0.1087417964050951,114,13,22.564483,0.9620770473766729
14_28_25_44_29_24_52,z,-0.0362154561158339,0.9264399269486796,-0.0058186880048521,2.6406675,13.74282604496875,127,18,0.0961146111475094,113,15,21.949085,0.9358384541502511
14_29_22_35_32_38_46,x,0.0077246500000046,1.1440507578079926,-0.0117623137867265,3.8238825,18.22465937509375,131,19,0.1103574984335951,119,16,25.569676,1.0831003587554262
14_29_22_35_32_38_46,y,-0.0209780644061045,0.9569741901812223,0.0219671628593417,1.9042075,8.283780832899376,123,15,0.2230963046180852,111,12,22.383197,0.9481249860496228
14_29_22_35_32_38_46,z,0.0132534144061,0.9133862762179423,-0.0102048490726157,3.223205,15.58359033273125,132,19,0.1258579373169405,125,17,22.989114,0.9737908928087078
14_29_31_25_38_30_49,x,0.0062611431461858,1.047654742062334,-0.0036873997085831,3.6640575,19.631170451437498,128,20,0.0518222623493031,118,19,23.007834,0.9783953932853838
14_29_31_25_38_30_49,y,-0.0316034991188396,0.921278430330919,-0.0068447147377928,3.0292025,13.19546229170625,128,15,0.2176310668310019,115,12,22.671836,0.9641072644961591
14_29_31_25_38_30_49,z,0.0253423559726537,1.0360743299590165,0.0105321144463756,3.58074,20.71712797120625,125,17,0.1052235715037272,117,15,24.92996,1.0601327364752757
14_29_33_26_25_43_46,x,0.0377126174108822,1.0065612390601444,-0.0149138297204146,3.39048,12.4495551425,130,17,0.1181714730441324,116,14,21.043186,0.8940141130872915
14_29_33_26_25_43_46,y,-0.0300033815741206,0.9497364960793462,0.0117422421924435,3.7573475,15.48095597514375,126,16,0.1259881576697424,116,15,21.824806,0.9272210291441704
14_29_33_26_25_43_46,z,-0.0077092358367617,1.0460601801445981,0.0031715875279706,3.47266,12.9660232618,126,17,0.0952380952380952,117,15,28.394843,1.2063472888990237
14_29_34_26_24_39_50,x,-0.0087658947692988,1.034330459111389,0.0304927532176607,3.9631125000000003,22.2707758756875,133,18,0.1022666955544018,123,16,25.114597,1.0669876433884364
14_29_34_26_24_39_50,y,0.0596459706016475,1.0653228737144909,0.0004616169487563,2.9104725,13.57918623891875,126,19,0.0869400884928835,117,14,23.295031,0.9896838173174975
14_29_34_26_24_39_50,z,-0.0508800758323493,0.9075267479061953,-0.030954370166417,1.76737,5.61654531425,124,14,0.1867070468191971,112,11,22.290046,0.9469872700947518
14_29_35_19_25_74_20,x,-0.0160393635674867,0.9512751526002203,-0.0246511456743019,3.7228849999999998,15.990268354062499,125,18,0.0850411665018772,111,16,23.977678,1.0270962650836652
14_29_35_19_25_74_20,y,-0.0289013142255553,0.9775059320259359,0.0143665119389302,3.301895,14.32256706875,123,15,0.1372515692368628,108,12,24.93019,1.067897610303472
14_29_35_19_25_74_20,z,0.0449406777930418,1.0754109279530866,0.0102846337353719,4.2522375,20.7563911765125,125,19,0.1122853507809456,118,18,21.284096,0.911715283993812
14_2_14_75_77_27_7,x,-0.0272116668745995,0.9313097011110619,0.0012661130663795,3.755565,13.222355967075,124,15,0.1781509841481816,123,14,22.727471,0.975549686649903
14_2_14_75_77_27_7,y,0.0243200308641972,0.9711555286282304,0.0262339766311159,4.4396525,28.140351279937498,125,16,0.1503063538244475,125,16,21.426905,0.9197244365036146
14_2_14_75_77_27_7,z,0.0028916360104024,1.1056485132324174,-0.0275000896974959,4.5339675,26.260591400625,121,17,0.100880624923419,120,17,25.965375,1.114532868395134
14_2_16_67_88_21_8,x,0.016156186440894,1.0551234014200606,-0.0520369206722746,4.0798,27.699243234905627,114,15,0.1136972052352256,114,15,22.602182,0.9698471464511103
14_2_16_67_88_21_8,y,0.0033092799153054,1.0136494159792202,0.0278528644693977,4.57514,30.34824412560625,127,19,0.1035665073855583,126,19,23.682899,1.0162201160418871
14_2_16_67_88_21_8,z,-0.0194654663561991,0.9349943148987643,0.024184056202877,3.4527875,14.345093080825002,129,15,0.1536761829581318,128,15,23.645908,1.0146328526619899
14_30_25_31_30_35_51,x,-0.0324724910934487,1.0574048135001726,0.0141313391359418,3.6961425,10.030610445501624,129,18,0.1414595937278655,116,14,25.100487,1.0626895266349246
14_30_25_31_30_35_51,y,0.0400820373983693,1.0062641914430208,-0.0239731788871375,3.9514324999999997,18.168594656083123,132,17,0.1363636363636363,123,16,23.479742,0.9940713864033855
14_30_25_31_30_35_51,z,-0.00760954630492,0.9398243621424444,0.009841839751196,3.6172925,13.931292461818751,126,17,0.1401866804179023,118,16,22.358969,0.9466207640774041
14_31_28_25_39_36_43,x,0.0209075263669492,1.0697847531400697,0.0204932923180557,3.5962075000000002,15.15967372653125,127,17,0.1319925560176394,116,16,24.320359,1.037656343239988
14_31_28_25_39_36_43,y,0.003894327761002,0.8803041654454596,-0.0377778646352652,3.8484000000000003,22.365607587675,126,18,0.0911835340720322,117,14,20.833509,0.8888858411093922
14_31_28_25_39_36_43,z,-0.024801854127951,1.0618687480032516,0.0172845723172103,3.31259,13.9182740979375,125,16,0.12211470017979,112,15,25.410716,1.0841776901266076
14_31_33_29_20_34_55,x,0.0100472511342243,1.1356211648241328,-0.00658234737673,3.4262550000000003,14.374341931750001,128,19,0.0644235254002759,118,18,25.670471,1.0916610107185383
14_31_33_29_20_34_55,y,-0.0116289990767897,0.9252012615774231,-0.0032916567749552,1.5862924999999999,6.33843209481875,128,14,0.2291074734158622,113,10,21.760976,0.9254060455058208
14_31_33_29_20_34_55,z,0.0015817479425659,0.9517662615109712,0.0098740041516858,3.7078375,19.36695237865625,126,19,0.0869400884928835,115,16,23.276941,0.9898738881143156
14_31_34_25_41_14_57,x,0.0386092606933733,1.0422343847148794,-0.0267230935466054,3.45742,16.954873285529377,122,17,0.1351837910038577,115,15,24.976425,1.0679460550324114
14_31_34_25_41_14_57,y,-0.0104725474057142,0.973349748513433,0.0361351928243481,3.2671025,14.845656791625,127,19,0.0504183010821484,113,15,21.722042,0.9287946157686038
14_31_34_25_41_14_57,z,-0.0281367132876584,0.9857474946806941,-0.0094120992777426,3.7534075000000002,16.9787341688125,126,16,0.1555231582719478,114,16,23.578271,1.0081635581927801
14_31_37_29_36_12_57,x,0.0215924608690791,1.0650286973349576,0.0217161401701737,3.6444125,21.648673386062498,124,18,0.0912395846692319,109,16,24.083316,1.0350505018632934
14_31_37_29_36_12_57,y,-0.0252125100921164,0.8788766815950885,-0.0153197261420036,1.82788,10.6245024973125,123,13,0.2499256284380389,114,13,20.519795,0.8818978297208696
14_31_37_29_36_12_57,z,0.0036200492230381,1.068343096617518,-0.0063964140281695,3.3151025,24.3255864725,122,18,0.0786201889067658,111,16,25.490299,1.0955196856029046
14_32_18_37_42_47_26,x,0.0162003355891212,1.0288935161335309,-0.0091929335647643,4.4904075,21.683320580225,122,16,0.1087417964050951,111,16,25.596307,1.1007910229144886
14_32_18_37_42_47_26,y,-0.0066229187709337,0.9749421608471188,0.0149185828547674,3.4572125,19.40052972046875,125,15,0.209990475974507,114,15,21.217858,0.9124920877013377
14_32_18_37_42_47_26,z,-0.0095774168181881,0.9968979845411172,-0.0057256492900037,4.1027625,17.46761224698125,122,18,0.0733137041803209,111,16,23.149331,0.9955567321206173
14_32_28_27_25_59_31,x,0.0429780454883621,1.159478306889763,0.0128494313207386,3.9269675,20.905129319875,125,18,0.0850411665018772,116,17,26.39032,1.129666396149741
14_32_28_27_25_59_31,y,-0.0314233057161085,1.0308347847577473,-0.0217131511164522,3.4280749999999998,12.309005664375,125,18,0.118928549978548,112,16,22.950294,0.9824123357942239
14_32_28_27_25_59_31,z,-0.0115547397722531,0.8366586534306147,0.0088637197957136,3.6663725,25.5716267083125,125,18,0.1451068571777364,112,14,21.049919,0.9010647137273804
14_32_31_18_41_40_40,x,-0.0155692032965857,1.075898070680813,-0.0115196486120065,3.8975375000000003,20.219351466375,124,19,0.0665017036389945,114,17,24.7513,1.0577086255475179
14_32_31_18_41_40_40,y,-0.0070162845657684,0.8764990786384443,0.0145435188884368,3.4084075,22.2960714768,125,15,0.1695169608033367,116,14,21.980377,0.9392975054112823
14_32_31_18_41_40_40,z,0.0225854878623541,1.0604187723948975,-0.0030238702764301,2.4589425,10.11944332175625,127,18,0.1232478412795159,109,13,23.553896,1.0065394126550598
14_33_11_35_55_22_46,x,0.0030134243586582,0.9121366206919271,-0.014546907221216,3.5260675,20.32701137055,135,18,0.1223904566063578,116,16,20.315416,0.8617960935880484
14_33_11_35_55_22_46,y,-0.019720249716688,0.9849949984429818,0.0097532532994293,4.030685,20.318219975106253,122,19,0.0366568520901604,116,18,24.674193,1.0466988783216435
14_33_11_35_55_22_46,z,0.0167068253580301,1.1130279811598525,0.0047936539217873,3.1935475,10.464220571256249,126,16,0.1555231582719478,118,15,26.13334,1.108597053804278
14_33_20_47_27_18_57,x,0.0276457144797277,1.097698881174758,-0.0117487656568628,3.4865775,17.84719077631875,125,18,0.0850411665018772,113,15,25.015393,1.0675018430188485
14_33_20_47_27_18_57,y,-0.0470358203852834,0.8558369985283579,0.0212664615332311,1.819135,7.583310232875,132,13,0.2862794489044118,115,11,21.350261,0.9110967381737095
14_33_20_47_27_18_57,z,0.0193901059055553,1.0644511144241222,-0.0095176958763679,3.88804,23.39282616153125,120,18,0.0707106781186547,111,17,24.093815,1.0281746090439265
14_33_21_34_50_23_41,x,0.0031800944750703,1.0272263614709851,0.0004587948449742,2.36022,10.612515473024999,121,15,0.1842437752860161,115,13,22.461463,0.9652301018865651
14_33_21_34_50_23_41,y,-0.0064718092704121,1.00526074650619,0.0051844926614728,4.080255,22.19680996075625,128,19,0.1071196031312663,111,16,24.107509,1.0359651714717464
14_33_21_34_50_23_41,z,0.0032917147953421,0.9684007551086259,-0.0056432875064467,2.2531175,10.194379114431248,120,11,0.270801280154532,107,11,23.271864,1.0000552350401346
14_33_38_23_21_42_45,x,0.0202116569957724,0.9249931941932512,-0.0058785688459577,2.39723,10.88341715500625,122,16,0.1520265327130443,110,14,22.911022,0.9849724364564553
14_33_38_23_21_42_45,y,0.0176016448384193,1.0484349306080567,0.0209372471378573,2.7203175,10.591444598593752,122,15,0.1788313461415691,111,13,21.963447,0.9442350456724375
14_33_38_23_21_42_45,z,-0.0378133018341914,1.0311455711476873,-0.0150586782919001,3.3595474999999997,21.3691018469,127,19,0.0742833160004457,113,16,25.010144,1.0752162200274957
14_33_38_27_23_28_53,x,-0.0132221497810123,0.9481829127115473,0.020718359460046,2.2765625,6.453049099846875,123,13,0.2712329645140208,110,12,22.752521,0.976808105039347
14_33_38_27_23_28_53,y,0.0360892029702896,1.1117160245216862,-0.0189923876453437,3.3965975,16.11002837080625,119,17,0.1066267020205842,108,16,24.842908,1.0665523124732785
14_33_38_27_23_28_53,z,-0.0228670531892768,0.9486674719498793,-0.0017259718147017,2.89619,8.30265607330625,128,17,0.1474059551883844,113,13,22.357789,0.9598615250573576
14_34_0_48_42_44_34,x,0.005937647095579,0.9695153535474119,0.004253312859846,3.784695,21.6737617951625,127,16,0.18583344442844,112,16,22.652042,0.9603949333269369
14_34_0_48_42_44_34,y,0.021721214904692,1.1229312170747912,0.0048254324043444,3.4718375,13.1074025499375,130,18,0.1151279195930443,116,15,28.287841,1.199339961101873
14_34_0_48_42_44_34,z,-0.0276588620002707,0.9185274797030262,-0.0090787452641902,3.43491,14.94688598786875,128,17,0.134411332297541,122,17,20.476953,0.8681761190083359
14_34_29_37_20_35_47,x,-0.0251234961931827,0.976386656992657,0.0147758265980699,2.6264425,11.134720385209375,126,18,0.1198386418296944,110,15,24.186837,1.0387281080394521
14_34_29_37_20_35_47,y,-0.0146268367183043,1.0655729248068304,-0.0110512106865237,3.3652075,20.97206888518625,121,18,0.0725203668379514,113,17,24.049311,1.032821915270789
14_34_29_37_20_35_47,z,0.0397503329114873,0.9611584473674859,-0.0037246159115459,2.6354275,11.798730791656249,123,16,0.1456623810338936,109,14,21.704504,0.932121813854979
14_34_30_23_31_55_29,x,0.0012449081006139,1.0805951573563362,-0.0058308786434285,3.770095,13.650666208000002,123,17,0.1401112840619031,108,14,26.373329,1.1351829993764817
14_34_30_23_31_55_29,y,0.0178178622634223,0.9445402942240746,0.0006930105822028,3.81166,17.991650992625,121,15,0.1443326379882064,110,13,20.862416,0.8979776489012784
14_34_30_23_31_55_29,z,-0.0190627703640369,0.9797527549744458,0.0051378680612256,3.6561775,17.78306584293125,124,17,0.1387471817264939,112,15,22.791225,0.98099906746563
14_34_36_19_25_51_37,x,0.0034420315545755,0.9839803713669498,0.0046675909439019,3.702685,23.4387422829375,128,18,0.0841432001114766,106,16,23.301019,1.0009419280102616
14_34_36_19_25_51_37,y,0.0274826268428165,1.0634295859875982,0.0228219827118308,3.2245150000000002,9.747838052125,126,18,0.1401866804179023,116,16,24.100613,1.035290089349705
14_34_36_19_25_51_37,z,-0.0309246583973925,0.9556631191659574,-0.0274895736557324,2.365845,8.4525146856875,116,13,0.2125660001023785,108,11,22.464414,0.9650038850567314
14_34_6_58_40_26_38,x,0.009390692310812,0.981915097605306,0.0206092176524226,3.211725,10.381457247587502,133,16,0.1388434985911232,114,14,23.100936,0.9937662489054092
14_34_6_58_40_26_38,y,-0.0130679822864814,1.072852130030173,-0.0113414003301798,3.95002,20.3963862664375,115,17,0.0972203468478169,108,16,24.616541,1.0589652129505147
14_34_6_58_40_26_38,z,0.0036772899756694,0.9492622155827914,-0.0092678173222424,4.22994,16.402168908874998,121,14,0.149903778076174,113,13,22.08917,0.95024165307994
14_35_17_2_90_25_33,x,0.0517893238450154,1.1400844240870793,0.0265746277918241,4.0202675,19.93046298560625,130,19,0.098509603652813,114,17,25.317219,1.0781555266487761
14_35_17_2_90_25_33,y,-0.0638057271646985,0.8800440083215108,-0.002018839096443,4.130845,19.8161917446625,127,20,0.0690942077747411,118,17,23.10766,0.9840595579206727
14_35_17_2_90_25_33,z,0.0120164033196835,0.9966865490578063,-0.0245557886953812,3.8285025,25.625797915475,122,17,0.1351837910038577,111,16,22.132567,0.9425343846010229
14_35_9_6_65_77_10,x,-0.0291027447016501,0.8854941097030329,0.0159345275509251,4.410114999999999,21.335743986426877,137,20,0.0816083203467076,120,17,22.395256,0.9484173892971782
14_35_9_6_65_77_10,y,-0.0036492235194394,1.011091854713565,-0.0153339984565148,3.9740225000000002,11.11241971178125,125,16,0.1341044369139217,115,15,25.15705,1.0653766888585054
14_35_9_6_65_77_10,z,0.0327519682210895,1.1169242279960427,-0.0006005290944106,4.1837125,17.53062209195,126,17,0.1884816204291733,118,16,23.369737,0.9896857153185331
14_36_22_23_13_79_29,x,0.0203822737443311,1.084428212017748,0.0151576524910195,4.2651375,16.7630360370625,129,18,0.0880450906325623,121,18,26.221836,1.111892317086243
14_36_22_23_13_79_29,y,0.0098375825195164,0.9706628096081251,-0.017402042688193,3.9538175,31.38293060323125,129,19,0.0880450906325623,116,16,21.856968,0.9268075200378747
14_36_22_23_13_79_29,z,-0.0302198562638477,0.9500157433372385,0.0022443901971732,2.0147500000000003,6.59135363226875,127,15,0.2030519206020098,111,11,22.884851,0.9703931488460009
14_39_21_37_23_32_50,x,-0.0009850254197595,1.1453175357109036,-0.0192573052699091,3.1848199999999998,14.840889378525624,120,16,0.1554563175514802,106,13,27.860704,1.1956113173722012
14_39_21_37_23_32_50,y,0.005001379112649,0.9320266274268667,-0.0009963664614852,2.5296675,12.000195482695625,128,15,0.1808724516060972,113,13,20.939102,0.8985784180762586
14_39_21_37_23_32_50,z,-0.0040163536928894,0.9367976007446747,0.0202536717313945,1.8706,7.409302940683062,124,14,0.2446088852919855,111,11,21.689826,0.9307949087515456
14_3_11_74_83_27_4,x,0.0243218179843421,1.0252722250325812,-0.0063230698530455,3.0875749999999997,10.684335735790626,122,12,0.1980827208785996,120,12,23.815475,1.0231532518171862
14_3_11_74_83_27_4,y,-0.010902046302097,0.9394628769265184,0.0427573761899758,4.5689025,26.6670950746,134,19,0.1384122163506821,134,19,22.917521,0.9845756229820591
14_3_11_74_83_27_4,z,-0.0134197716822454,1.0382003814566767,-0.0364343063369307,3.911885,20.823011468731252,113,15,0.1483456160552231,112,14,23.106214,0.9926821947193493
14_42_13_30_31_52_34,x,0.0053489634344284,1.031359805221506,-0.0078934209693558,3.607885,17.6301407110875,129,16,0.1362666343507515,109,15,23.188404,0.9942273347237225
14_42_13_30_31_52_34,y,-0.0234811571953024,0.9092588415676891,-0.0020101303773089,4.044715,25.030259922568753,125,19,0.0754718490564528,110,17,23.744019,1.018049915207594
14_42_13_30_31_52_34,z,0.018132193760874,1.0663561190421924,0.009903551346665,3.6610774999999998,16.259388229725,119,17,0.1066267020205842,112,15,23.042542,0.9879733472782102
14_43_15_28_34_33_49,x,0.0037323905021031,0.9868959511247373,-0.0231462511653508,3.4002575,18.6534574746815,123,16,0.1611725821268212,108,13,23.65101,1.0111629777822086
14_43_15_28_34_33_49,y,-0.0175124575849797,0.986313107314892,-0.0106751226449308,2.93886,13.7381577158125,125,16,0.1601998751560063,110,14,23.71335,1.0138282297116163
14_43_15_28_34_33_49,z,0.0137800670828772,1.027339125386635,0.0338213738102817,3.74113,21.89350636141875,128,20,0.1000488162098882,113,16,22.816183,0.9754712185189471
14_44_2_40_31_52_33,x,-0.0002265664586582,0.9347888117886656,0.0042735066645768,3.5779325,13.7318780505625,123,16,0.1429137872459101,110,14,20.457351,0.8748740983824823
14_44_2_40_31_52_33,y,0.0020234485222383,1.044259882631048,0.0019956263692828,3.38952,11.949800524487499,127,18,0.1201916340352263,108,15,25.486135,1.0899338521091624
14_44_2_40_31_52_33,z,-0.0017968820635795,1.0244196496162135,-0.0062691330338592,4.143885,18.073941974262503,125,17,0.1015086203235961,113,15,24.522127,1.0487073203928372
14_6_54_29_28_55_30,x,-0.0393686248551703,0.891566151163773,0.0166630372506551,2.4690675,11.408176475312501,131,13,0.2203186212162108,129,13,22.344628,0.9485609358912329
14_6_54_29_28_55_30,y,0.0094812205284737,1.1409387145778218,-1.345774631533736e-05,4.4949775,20.391734950525,127,19,0.0573236999155946,126,19,25.397024,1.0781394460580012
14_6_54_29_28_55_30,z,0.0298874043266965,0.9830692486602323,-0.0166495795043394,4.1742225,22.1795189932,126,18,0.1374643498070537,123,17,23.033913,0.9778220551497762
14_7_32_59_26_60_18,x,0.014960211596388,1.0371769774776576,-0.0214227227194091,3.51933,18.401009850737502,121,14,0.149903778076174,119,14,22.53754,0.9602450132501977
14_7_32_59_26_60_18,y,0.003606531108159,0.9022162055828865,0.0478641673061994,4.26224,25.064610626637503,133,20,0.0880052624866137,131,20,22.971938,0.9787531784388501
14_7_32_59_26_60_18,z,-0.0185667427045464,1.0686525055591063,-0.0264414445867903,4.12557,19.480892330133123,126,19,0.0727392967453307,123,19,24.972913,1.0640076589805734
14_7_52_31_38_30_44,x,0.0199350734891456,1.0940848073807763,-0.0070113695242308,4.094745,25.109778689493748,125,18,0.1015086203235961,122,17,26.233683,1.1134504921348263
14_7_52_31_38_30_44,y,-0.0016725603803666,1.0012562206628184,-0.0019407638670166,4.02561,27.944661265709378,125,19,0.0512249938994627,121,18,23.039848,0.9778928141470489
14_7_52_31_38_30_44,z,-0.0182625131087795,0.9128591757329817,0.0089521333912474,3.822985,12.113030610771876,135,16,0.1617802197617893,134,16,21.638452,0.9184126006415424
14_7_8_69_89_24_5,x,-0.0013385070056788,1.0693607798260005,-0.0323459129394036,4.481595,22.6869202095625,119,18,0.0737391965327069,116,16,24.672895,1.060534636832429
14_7_8_69_89_24_5,y,0.0296749492855631,1.0651103398058885,-0.0075873884601067,3.9661150000000003,20.119210314760625,118,17,0.1124279589950982,116,17,22.299966,0.9585371454458634
14_7_8_69_89_24_5,z,-0.0283364422798842,0.8779729739731006,0.0399333013995102,4.7433475000000005,16.35754332622,131,17,0.1071425102871618,129,16,22.885555,0.9837079824087761
15_0_14_77_77_23_10,x,-0.0196707875927676,1.0395446632888865,-0.0214735426495827,4.939455,16.244641452750624,115,15,0.1792654619833765,115,15,25.98741,1.115064809805648
15_0_14_77_77_23_10,y,0.0312302507476289,1.0274621357928424,-0.0236609604192163,3.0880875,13.7926804399375,118,14,0.2068907731480288,118,14,22.867768,0.9812075684186952
15_0_14_77_77_23_10,z,-0.0115594631548611,0.9362482536440527,0.0451345030687987,4.6179625,21.22125688153125,138,17,0.1844626385704036,138,17,21.301093,0.9139848570787708
15_10_42_35_43_31_40,x,-0.0199456741439082,1.0086385110856553,-0.0159726598070273,4.3566625000000005,26.3885547685,128,16,0.1169267933366856,123,16,24.40065,1.036433009913703
15_10_42_35_43_31_40,y,-0.0097515376397052,1.022124575876326,0.0040681432147894,3.320955,15.622365037125,126,16,0.1694774325719255,125,16,24.956343,1.0600364208301323
15_10_42_35_43_31_40,z,0.029697211783614,0.9699751841109743,0.0119045165922385,2.5978125,10.11923591798125,129,16,0.1855613830013306,125,15,21.428814,0.9102024000549532
15_12_33_55_17_75_9,x,0.0537270433935781,1.1065923602078949,0.0214673319810783,4.824975,16.2292992996875,125,16,0.1282497563350511,122,16,25.00336,1.0748425150982948
15_12_33_55_17_75_9,y,-0.0517787442998546,0.9232645689363242,-0.0370693184653741,2.571095,11.1588552760875,119,15,0.1780640344572865,118,15,23.457369,1.008383572989741
15_12_33_55_17_75_9,z,-0.0019482990937234,0.9787824259177547,0.015601986484296,4.1956625,28.3178589389125,126,18,0.0869400884928835,118,17,21.46263,0.9226338863986326
15_13_23_52_33_51_29,x,0.0032766989709552,0.9147125956250859,0.0198198037764666,3.7755725,18.920831036718752,137,19,0.0854357657716761,130,19,22.31654,0.9449963078030811
15_13_23_52_33_51_29,y,0.0224101366725176,1.099172027476656,-0.004209216887923,3.8795624999999996,19.0057426997125,124,19,0.0665017036389945,122,18,24.314608,1.0296047140676492
15_13_23_52_33_51_29,z,-0.0256868356434732,0.9946027896610243,-0.015610586888543,3.8692474999999997,19.64979978155,127,17,0.1668474023654889,123,16,24.271472,1.0277781154670869
15_13_24_59_32_50_23,x,0.0019327057751806,0.9259706578530983,-0.0028120724024788,4.0054925,19.073047298281253,131,19,0.1279622489636657,125,17,22.618559,0.9650827372466125
15_13_24_59_32_50_23,y,0.0244137462312844,1.0554715581938532,0.0042329273740592,3.64351,12.6662968250125,118,15,0.1198486069807707,115,15,24.559663,1.0479052531107023
15_13_24_59_32_50_23,z,-0.0263464520064656,1.0231898896912686,-0.0014208549715807,4.0629025,22.333577170562503,128,19,0.110485434560398,124,18,23.174684,0.9888113327442865
15_13_37_32_39_53_27,x,-0.0219451749696975,0.9707825902293677,0.0275551622084674,3.164605,17.2255376927625,130,17,0.1499506822278302,128,17,23.802505,1.0110843932931812
15_13_37_32_39_53_27,y,-0.0323850673277946,0.8832646708639499,-0.0096699944703202,3.88597,19.84600681174,125,19,0.0644980619863884,122,19,20.802608,0.8836545686513196
15_13_37_32_39_53_27,z,0.0543302422974921,1.166237927423132,-0.0178851677381461,4.16418,25.347590575250003,128,19,0.1071196031312663,120,17,26.349072,1.1192576359907644
15_15_44_39_12_74_17,x,0.0237450646483402,1.0241679892322457,-0.0074687944878885,3.8816275,21.739453357543752,128,17,0.1397542485937368,122,16,25.32557,1.0871152225865257
15_15_44_39_12_74_17,y,-0.0283237698565374,0.9411430948292993,-0.0170873469000559,3.9513774999999995,21.428967312785627,116,16,0.0826867504019434,111,16,22.543463,0.9676916174884161
15_15_44_39_12_74_17,z,0.0045787052081972,1.0374642545072694,0.0245561413879437,3.73116,15.3335078879075,126,16,0.1454785934906615,120,15,22.144766,0.9505773105685885
15_16_27_50_27_52_29,x,0.0521872482644905,1.1647653110316554,-0.0287438153044907,3.618425,18.752924938205002,115,17,0.1061439618759452,111,16,24.464736,1.0417838180014318
15_16_27_50_27_52_29,y,-0.0567438234905175,0.8288514485870038,0.0071696715494961,3.0236425000000002,13.86183020644375,132,15,0.1720881316909173,128,15,21.912039,0.9330821166276341
15_16_27_50_27_52_29,z,0.0045565752260277,1.0358213806163086,0.0215741437549948,4.017195,25.287816262668752,134,18,0.1309696177222704,123,16,24.158249,1.0287326574645757
15_17_35_35_40_46_28,x,0.0283109077227163,1.065604489071185,-0.0187028590895805,3.1636625,12.7713603289375,116,15,0.1542115846551578,112,15,24.501491,1.048860832171643
15_17_35_35_40_46_28,y,-0.0367421384597645,0.9594036141202148,-0.0013256658279158,2.5549775,9.99546727385625,128,15,0.184877493221863,121,15,24.065417,1.0301933584849021
15_17_35_35_40_46_28,z,0.0084312307370492,0.9781435792694307,0.0200285249174966,3.6327925,21.505500879675,131,20,0.0893488542803025,123,19,21.619121,0.9254722189306538
15_18_23_31_74_39_16,x,-0.0339822004690029,0.9895909391512884,0.0117149647629053,3.8316,12.964536465980625,128,18,0.1071196031312663,122,17,24.338636,1.0435345901076978
15_18_23_31_74_39_16,y,0.0042920493391964,0.9811835339570141,-0.0062327555191553,3.1998825,14.61508259034375,126,16,0.1555231582719478,119,15,21.565419,0.9246311369571308
15_18_23_31_74_39_16,z,0.0296901511298064,1.0298975819443899,-0.00548220924375,4.085157499999999,19.31907277521875,118,16,0.1487282099557987,112,14,24.17208,1.0363933950468909
15_18_27_45_50_35_26,x,0.0409014513936804,1.1447844491946442,-0.0208973658908664,3.5816475000000003,17.14477398445,116,16,0.132433547377045,112,15,25.437817,1.0933174487684951
15_18_27_45_50_35_26,y,-0.0389404929182961,0.940483911279295,-0.0050668918408331,2.69436,9.861763005693751,125,13,0.1717672844286711,119,13,23.313932,1.0020328652809392
15_18_27_45_50_35_26,z,-0.0019609584753845,0.92880577737799,0.0259642577316999,3.6378775,23.691005970084376,128,15,0.1397542485937368,120,14,21.237594,0.9127918519919025
15_18_7_86_23_22_45,x,0.0568604322682605,1.0845471424895698,-0.0007043256248049,3.937935,19.868168491875,124,17,0.1442624501612767,118,16,24.026454,1.0221228370314148
15_18_7_86_23_22_45,y,-0.0480233859748089,0.9084543046456365,-0.0157317243299394,3.450065,17.6642134114375,130,18,0.1087856586440842,121,16,21.676051,0.9221330265280776
15_18_7_86_23_22_45,z,-0.0088370462934514,1.014958952026714,0.0164360499547445,4.1306575,22.69379469511875,127,20,0.0690942077747411,124,19,24.939625,1.0609705560171134
15_19_34_33_30_56_29,x,-0.0027008986969625,0.8786789259768888,0.0179223105840078,4.0425925,25.42922858218125,137,20,0.0733567563585466,127,20,21.214655,0.9035058223004919
15_19_34_33_30_56_29,y,0.011560168509334,1.0622328588893166,0.0099875862889643,3.5519350000000003,11.151564057462501,123,17,0.1586928560645783,117,15,27.410864,1.1673946721399404
15_19_34_33_30_56_29,z,-0.0088592698123712,1.07139609176575,-0.027909896872972,3.70576,24.137150921425,120,17,0.1,115,17,22.261599,0.9480938676692507
15_22_26_46_47_12_48,x,-0.0454447965751129,0.928861035221014,0.0097793823965701,2.68256,7.4037910509375005,121,11,0.2131206108797954,114,11,22.362723,0.9563455133769438
15_22_26_46_47_12_48,y,0.0356572731871285,1.130149035200869,-0.0018027278007436,3.43033,17.05460232644375,123,15,0.1401112840619031,115,15,25.123802,1.074423509233231
15_22_26_46_47_12_48,z,0.009787523387984,0.9526064907763425,-0.0079766545958265,3.6815875,21.994633023775002,130,17,0.1376041832307562,122,15,22.757237,0.9732169692307051
15_22_44_31_27_23_54,x,-0.0327488589839505,0.9312986207240709,0.0101166087627698,3.7606525,19.9229148024125,131,20,0.0488788109727698,123,17,21.24912,0.9090647330979191
15_22_44_31_27_23_54,y,0.0405929585916372,0.9624713267241805,0.010032650268818,2.957595,12.928242475236875,125,17,0.1695169608033367,116,14,23.122488,0.9892098299731865
15_22_44_31_27_23_54,z,-0.007844099607687,1.1156378500349575,-0.0201492590315879,2.6150824999999998,10.643761061225,119,15,0.1873403093244366,111,13,25.993389,1.1120306739100436
15_23_35_31_40_40_32,x,-0.0141948263372302,0.8800580202145558,0.0031568269219626,3.6516075,22.728386054875,123,13,0.202600582022392,117,13,22.141747,0.951905685389001
15_23_35_31_40_40_32,y,0.0271055879875407,1.136692027737419,0.0035099630606206,3.8300575,22.436772730980625,122,17,0.1410217256892234,114,16,23.687951,1.0183792287083795
15_23_35_31_40_40_32,z,-0.0129107616503097,0.9996451904102664,-0.0066667899825835,3.46271,15.700732971756251,124,19,0.0456197923346159,114,18,23.994655,1.0315648766760646
15_25_21_44_30_39_42,x,-0.0277761387750527,1.018269708534233,-0.0002996083445876,3.882465,21.6776976409375,125,18,0.0754718490564528,116,18,24.005142,1.0194197941679302
15_25_21_44_30_39_42,y,0.0187093947713289,1.1599081608636497,-0.0041303386469813,4.29084,19.83293842595,127,19,0.0921629914229891,115,16,26.289353,1.1164227574270569
15_25_21_44_30_39_42,z,0.0090667440037235,0.8466688296181304,0.0044299469915686,3.6737375,21.94932487075,131,18,0.1660195661903171,124,16,20.690428,0.8786547420967716
15_26_2_80_21_16_56,x,-0.0215209528485602,0.965576557070438,-0.0266285009727507,2.9547675,16.90374991851,119,15,0.1732397321688092,111,14,22.106115,0.9390536936271007
15_26_2_80_21_16_56,y,-0.0128004067166621,0.985606398905118,0.005825324784448,3.8772375,18.172197693653125,135,19,0.1250514297491417,123,16,24.654514,1.0473080609723175
15_26_2_80_21_16_56,z,0.0343213595652222,1.0507750990552456,0.0208031761883026,3.5208125,21.963197935425,131,20,0.0968593705377826,124,19,23.936306,1.0167990423051962
15_27_11_55_42_26_40,x,0.0046979887981628,0.9772775206517617,0.0101234231856566,3.8914625000000003,16.392052631630627,124,16,0.1887854824309617,114,15,22.844848,0.9754698860776849
15_27_11_55_42_26_40,y,-0.0184938913149436,0.9824243756957648,-0.0234498503559653,3.2308925,13.321986145169376,122,16,0.1520265327130443,110,12,23.060097,0.9846609701027716
15_27_11_55_42_26_40,z,0.0137959025167814,1.041556806175655,0.0133264271703088,3.6147025,17.159701617318753,130,18,0.1451381712624092,124,16,24.382252,1.0411166920768047
15_28_27_29_30_71_16,x,0.009845223694457,0.8508573888038845,-0.0154316860639687,3.677995,27.14255282944375,122,19,0.0675918955019288,114,17,20.341962,0.8734385946740597
15_28_27_29_30_71_16,y,-0.0143055148184779,1.0637401812990208,0.0109942460041851,2.8470174999999998,9.40388398734375,128,15,0.1593443597997745,116,13,23.993011,1.0302065164529979
15_28_27_29_30_71_16,z,0.0044602911240215,1.104861043511926,0.0044374400597839,4.2086375,19.4199190793875,120,19,0.0763762615825973,111,17,25.882355,1.111330744696855
15_28_42_25_29_25_52,x,0.0390573954371697,1.0573789096148172,-0.0082857214460065,4.286875,25.703313919637502,117,15,0.1531322467279394,111,15,23.017471,0.9897432592020452
15_28_42_25_29_25_52,y,-0.0495240507457448,0.8986639086765245,0.008123911736753,3.24883,14.89355583556875,125,19,0.0701997150991369,116,15,22.939377,0.9863852443235156
15_28_42_25_29_25_52,z,0.0104666553085752,1.0523787157528877,0.0001618097092542,3.675175,15.044123286225,128,19,0.0644235254002759,112,16,23.821326,1.024308745029131
15_29_38_37_21_18_58,x,0.0016302102577679,0.9551204569660773,-0.0145704276162247,2.810625,15.32080239101875,117,13,0.1935854983402756,107,13,24.334671,1.0474539827522014
15_29_38_37_21_18_58,y,-0.0177161777479852,0.9934101943776905,0.0055872795516058,3.5302325,23.39003704401875,129,17,0.1649906717348276,116,16,22.283391,0.959159326714323
15_29_38_37_21_18_58,z,0.0160859674902165,1.053933576527242,0.008983148064618,3.4083324999999998,13.187311272368126,123,17,0.1429137872459101,115,15,23.124099,0.9953464994495385
15_29_45_16_37_23_51,x,0.0201979383065125,1.0375595797222767,-0.0095818721389422,3.470715,21.4874868315625,117,17,0.0709967851531459,107,16,21.722862,0.9338501252672087
15_29_45_16_37_23_51,y,-0.0229637787321784,0.9133492541228013,-0.00509885253032,2.5712325,10.637187165625,123,16,0.2451189175883144,109,13,22.894963,0.9842378994783518
15_29_45_16_37_23_51,z,0.0027658404256655,1.0552371613853493,0.0146807246692624,4.016665,17.536201372424188,128,19,0.0698771242968684,116,16,25.308278,1.0879845657813112
15_2_33_45_64_53_4,x,0.0266974364763173,1.0037203994639656,0.0078924092999963,4.1298575,25.15089743601875,121,18,0.0666302293247814,121,18,22.933488,0.9813952137247954
15_2_33_45_64_53_4,y,-0.0218745499686053,1.0161972502620311,-0.0095804900914875,3.5809699999999998,17.020138378312502,124,16,0.1359056415028444,124,16,23.727863,1.0153889883700928
15_2_33_45_64_53_4,z,-0.0048228865077125,0.9804133895724944,0.0016880807914911,4.028305,27.575211148225,129,18,0.0747569826433562,127,18,23.450375,1.0035144145998027
15_2_6_81_86_21_5,x,-0.0339010464873251,0.8694762437256285,0.0046474173471203,3.9082600000000003,15.922032689525,130,16,0.1401605166022199,129,16,18.71565,0.8054640743036894
15_2_6_81_86_21_5,y,0.0160370468861925,0.983291006167988,0.0410957380540073,4.3990025,16.407572433062498,133,16,0.1774499807700142,132,16,22.518237,0.9691157357695879
15_2_6_81_86_21_5,z,0.0178639996011323,1.1696615472930734,-0.0457431554011274,4.4219550000000005,23.27628222265625,105,16,0.0638876564999939,105,16,29.767127,1.2810856899832685
15_30_10_43_42_47_29,x,-0.0150784967068338,0.9839356962735197,-0.0176336534190221,3.9801275,23.2399825344875,118,17,0.1085275294480143,112,16,23.501417,1.0024221245994966
15_30_10_43_42_47_29,y,0.0210225313362595,0.982243457152214,0.0147431694648807,3.9625025,19.885383271784374,134,17,0.1821873972497567,120,16,23.116399,0.985999686685687
15_30_10_43_42_47_29,z,-0.0059440346294251,1.0346992606033845,0.0028904839541414,4.1140375,20.753100973975002,126,18,0.0911835340720322,115,16,23.720071,1.0117485242473212
15_32_25_23_47_45_29,x,0.0048799128449087,1.0244738278017476,-0.0307186619029737,3.8036925,26.802971489100003,124,17,0.1032761973779491,114,16,24.576212,1.0572657225056723
15_32_25_23_47_45_29,y,0.0082286052667388,1.0958283632112027,-0.0153930059198756,2.9264574999999997,11.617991251749999,117,15,0.1315795240883816,103,13,23.750081,1.0217256649655055
15_32_25_23_47_45_29,z,-0.0131085181116472,0.890751566907621,0.0461116678228499,3.2765174999999997,19.444424869375002,128,16,0.1570293065800139,115,15,21.518517,0.9257240466210004
15_34_11_33_51_49_23,x,0.0061699894689042,0.9469188920523613,-0.020141206391589,4.012020000000001,22.16077035849375,123,16,0.1372515692368628,114,15,21.841044,0.9372236633876655
15_34_11_33_51_49_23,y,0.0309207250938047,1.0807026935645512,0.0175218161129113,3.982875,24.4164070985125,122,15,0.1259204220962066,108,13,25.390137,1.0895192195508012
15_34_11_33_51_49_23,z,-0.0370907145627089,0.9771944344366443,0.0026193902786771,4.31926,21.88371713128125,126,15,0.1530738216030628,114,14,22.821911,0.9793137650804266
15_34_24_15_56_25_47,x,0.0154530062834543,1.0433513102401781,0.0023634327696516,3.876465,17.4492235790625,124,17,0.0912395846692319,113,16,24.754796,1.05333210171138
15_34_24_15_56_25_47,y,0.0154242041288932,1.0056005251513267,0.00802929314719,3.2185799999999998,12.8210535063,127,18,0.0961146111475094,113,14,23.663111,1.0068802200050315
15_34_24_15_56_25_47,z,-0.0308772104123467,0.9531120115377593,-0.0103927259168414,3.5872374999999996,19.52535309435,128,18,0.1288470508005519,116,16,22.159038,0.9428809701539181
15_37_16_44_24_41_39,x,0.0132147941091337,1.0070311538016186,0.0270886331193294,3.8215575,16.733461289501875,127,18,0.0880341723425114,112,16,21.76924,0.9369348263913715
15_37_16_44_24_41_39,y,-0.0113001301707477,1.0086199411419408,-0.0123445876784837,2.6245475000000003,6.846411623245,118,14,0.1962006254710207,107,12,25.467897,1.0961227702137664
15_37_16_44_24_41_39,z,-0.001914663938386,0.9845313359805593,-0.014744045440846,1.8887375,8.064738190128125,123,14,0.168392806318764,110,11,22.623787,0.9737140086268683
15_40_26_21_26_45_43,x,0.0208288846515657,1.012716316042621,-0.0163895809594026,3.0474075,13.9462713796875,116,16,0.1324335473770449,107,14,25.37373,1.08863230806007
15_40_26_21_26_45_43,y,0.0077875978308257,0.9946663052558116,0.0097024342830899,2.30139,6.19162262435,134,17,0.1408056885381582,110,11,21.622581,0.9276933371737548
15_40_26_21_26_45_43,z,-0.0286164824823917,0.9927383213500958,0.0066871466763128,2.8070775,10.45801180085625,121,16,0.1552751589095531,111,13,23.079024,0.9901804411449854
15_4_0_106_42_48_1,x,0.001893892966097,1.0565128136703936,-0.0282965979426328,4.5207500000000005,19.860116153065626,117,16,0.1412197576227205,115,16,24.850529,1.068527601702713
15_4_0_106_42_48_1,y,-0.0013617395278196,0.8833318290589917,0.0287099868434446,4.20171,22.5445401883125,130,19,0.094837138507215,129,19,19.374978,0.8330888559910665
15_4_0_106_42_48_1,z,-0.0005321534382773,1.07152264025911,-0.0004133889008128,4.083405,18.39416339536875,121,17,0.1261515497725103,120,17,26.125994,1.123370279599258
15_8_29_55_35_41_33,x,0.0127021986365466,1.0666484141978947,0.0378005873489951,4.1800975000000005,23.7417295732875,133,22,0.0168125411842089,130,21,23.079703,0.9772632688146874
15_8_29_55_35_41_33,y,0.0124991256290348,1.0495942985041018,-0.0394602063090467,3.9662550000000003,22.50751427969125,124,18,0.1032761973779491,120,17,26.160247,1.1077026639476089
15_8_29_55_35_41_33,z,-0.0252013242655811,0.8932175449309876,0.0016596189600517,4.3669525,22.699219725389376,130,19,0.0870285269152673,129,18,21.816439,0.9237729138471249
15_8_45_29_47_29_43,x,-0.0530464448102721,0.8237018952251541,0.022625306844406,2.6744250000000003,14.567316467125,130,17,0.1760849714193784,129,17,20.326566,0.8606378319818382
15_8_45_29_47_29_43,y,0.0145730891159162,1.031070692541241,0.0268670883288815,3.8166975,18.78967086531875,140,21,0.0534522483824848,134,19,23.925132,1.013003068711129
15_8_45_29_47_29_43,z,0.0384733556943556,1.177447338210056,-0.0494923951732872,3.8199425,20.04061620565625,118,18,0.08642405955242,117,18,27.090211,1.1470142306856232
