folder_name,Quadrant,uts_mean,toughness_mean,n_strands,n_bonds,gen_str_C4,gen_str_S,gen_str_P2mem,gen_str_zC4_iid,gen_str_zS_iid,gen_Sq100,gen_R_mean,min2_str_C4,min2_str_S,min2_str_P2mem,min2_str_zC4_iid,min2_str_zS_iid,min2_Sq100,min2_R_mean,min3_str_C4,min3_str_S,min3_str_P2mem,min3_str_zC4_iid,min3_str_zS_iid,min3_Sq100,min3_R_mean,minsoft_str_C4,minsoft_str_S,minsoft_str_P2mem,minsoft_str_zC4_iid,minsoft_str_zS_iid,minsoft_Sq100,minsoft_R_mean,minfin_str_C4,minfin_str_S,minfin_str_P2mem,minfin_str_zC4_iid,minfin_str_zS_iid,minfin_Sq100,minfin_R_mean,minreal_str_C4,minreal_str_S,minreal_str_P2mem,minreal_str_zC4_iid,minreal_str_zS_iid,minreal_Sq100,minreal_R_mean,nvt_str_C4,nvt_str_S,nvt_str_P2mem,nvt_str_zC4_iid,nvt_str_zS_iid,nvt_Sq100,nvt_R_mean,first_str_C4,first_str_S,first_str_P2mem,first_str_zC4_iid,first_str_zS_iid,first_Sq100,first_R_mean,eq_str_C4,eq_str_S,eq_str_P2mem,eq_str_zC4_iid,eq_str_zS_iid,eq_Sq100,eq_R_mean,first_str_zC4_rot,eq_str_zC4_rot,first_str_zP2mem_perm,eq_str_zP2mem_perm,eq_str_P4mem,first_bond_C4,first_bond_zC4_iid,eq_bond_C4,eq_bond_S,eq_bond_zC4_iid,eq_bond_zS_iid,eq_bond_zC4_rot,eq_core_str_C4,eq_core_str_P2mem,eq_Sq110,eq_Sq111,first_Sq110,first_Sq111,eq_Lx,eq_Ly,eq_Lz,uts_axis_cv,T_axis_cv
10_0_26_75_43_53_9,Q4: Strong/Tough,4.30486,20.02776989030833,384,11904,1.0,0.03515625,1.0,44.982742523580626,-0.7001458363555473,205.36372647918552,3.904039270720684,1.0,0.03515625,1.0,44.982742523580626,-0.7001458363555473,205.36372647918552,7.808078541441368,0.9735733237793468,0.0343068521493302,0.9797715004505568,42.01052218230217,-0.7568672687830255,175.88840954022592,8.371687316436793,0.973565732658319,0.0343139353223789,0.9797656030078478,42.00966840545397,-0.7563942657949239,175.87966543378556,8.371836882956142,0.8089108407125148,0.0231617506943515,0.8175062053895331,23.49085752488423,-1.5011193510992964,14.721891445968538,10.26394286760504,0.8089982803556334,0.023151238318863,0.8176121490503494,23.500691901471775,-1.5018213507517009,14.742666226059796,10.26291700649778,0.7818590390616652,0.0364095789380498,0.7814194603495146,20.44832904103171,-0.6164505307776772,22.312100772238296,9.320387650281326,0.7053129269246196,0.0320565554435019,0.6672631464734406,11.839152857092914,-0.9071384902615882,8.189316112720517,9.00896253309522,0.6116357152679012,0.0308370212126106,0.2071552937703503,1.3032340879082494,-0.988577039247732,0.3218783260357452,5.30865016333416,2.8738391713840983,1.4585932317451547,22.783352135830633,8.86353178996119,0.0227006869752,0.6000812701947965,0.05389182793650243,0.6030107812262839,0.0034650639220006,1.8480577353150005,-1.7185643497321614,1.4590741948180919,0.6116357152679012,0.2071552937703503,1.0483471355124838,0.869681455539652,1.1472923810733178,0.6352386230981512,24.63471380134747,24.56223312343443,21.59691996291301,0.020530876578452987,0.057727055443587035
10_13_50_46_13_69_15,Q3: Strong/Brittle,3.737736666666666,17.85719716397729,369,11439,1.0,0.0325203252032519,1.0,44.095197579514426,-0.9250050263110352,205.36448667545335,3.851430361257469,1.0,0.0325203252032519,1.0,44.095197579514426,-0.9250050263110352,205.36448667545335,7.702860722514937,0.9824527387811792,0.0311220354836977,0.9866469463845184,42.16096340120215,-1.0174564258655516,180.06961270926385,8.151049832178568,0.9825275102301646,0.0311358442615338,0.9867051547021448,42.169205456209255,-1.016543424204142,180.11705412336903,8.150449904391625,0.8059786255973828,0.0247102376977439,0.8221793685728176,22.7082261876402,-1.441388369784132,13.54674410838937,10.054295798526663,0.8060425131457541,0.0246859374083717,0.8222595760752813,22.71526851054675,-1.4429950438021288,13.568743509474492,10.05348632765628,0.7759600354060903,0.0251689704992229,0.7779769823092596,19.39927771934758,-1.4110581106645705,20.615276898914427,9.102961379601943,0.710529533800507,0.0272725554428614,0.6565036695511242,12.186875115236797,-1.2719743647129866,4.625797653537605,8.863191853537836,0.6161997528039936,0.0319508074050834,0.1982612832518805,1.7889056451938183,-0.9626601107871412,1.210799206423763,5.687471987487644,3.1757312889294393,1.2257712569876302,23.969748803695996,8.330486385471303,0.0219955002910652,0.5978579640318513,-1.3772449520190153,0.5999771962749834,0.0101696385984753,-0.027922412167600535,0.7047981852595787,-0.16164616492951936,0.6176670215023421,0.2100275271695118,0.4426063067372148,1.8810031503518745,1.977258294909839,1.1727694785100156,23.535375688344548,24.0374657124012,22.29638058125459,0.052001641222851384,0.07049181715150762
10_14_31_40_49_48_24,Q3: Strong/Brittle,3.8353491666666666,16.765141375196876,388,12028,1.0,0.0180412371134021,1.0,44.81865812132556,-1.8512999003890684,205.35868367989755,3.913401879487528,1.0,0.0180412371134021,1.0,44.81865812132556,-1.8512999003890684,205.35868367989755,7.826803758975055,0.9854188116942294,0.017180765317086,0.9889313684888772,43.18450385990229,-1.9097268446901556,190.49769328921423,8.21009436948655,0.977638931625434,0.0169849333974477,0.9829152983978414,42.31259109798065,-1.9230240389852709,174.85657818996455,8.339675530816775,0.7913122098907069,0.0264332273018591,0.8008454813581215,21.430438014522434,-1.281474898087509,16.020737245257823,9.918947023264248,0.791363852617367,0.0264074114071279,0.8009148052243553,21.436225758297034,-1.283227824621534,16.04703878116077,9.918170670843836,0.7720429103041271,0.0357717901171214,0.7656436517209637,19.270874104248456,-0.6473766141048259,18.82200469164269,9.270972868041072,0.7267452665340597,0.040119018686747,0.6742856298981539,14.194241387695872,-0.35219520015374794,14.074464782941186,9.030237374265962,0.6178376716417173,0.058680191257213,0.2904041654858371,1.9886648213300748,0.9081280324965166,0.8582043869282158,5.66643435872982,2.881556139691959,1.806529208501449,24.87962172227381,12.59714076237021,0.0535981373458962,0.6024608912740879,1.6058562955887625,0.5947341574048705,0.0094905913134962,-3.3394414539958412,0.5363801079350065,-1.7582021886236443,0.6168354842931285,0.2993046549579811,0.7226008285780142,1.4584245024764677,2.8488446120987603,0.5315741847079952,26.05325093819411,22.75676155309976,22.358044605911328,0.05133927542412578,0.08610948895541977
10_14_38_49_33_37_35,Q4: Strong/Tough,3.8499691666666656,18.83647129916875,382,11842,1.0,0.013089005235602,1.0,44.71457616936401,-2.19438611166807,205.36566627111597,3.918137436985619,1.0,0.013089005235602,1.0,44.71457616936401,-2.19438611166807,205.36566627111597,7.836274873971241,0.9939142936925032,0.0101969750510193,0.9953863106031856,44.034338276130015,-2.3904355628332232,196.0121343188232,8.046533245708618,0.991491512644709,0.009711767219999,0.9935367349407196,43.76352871148038,-2.423327587778077,192.7609471378925,8.097056629915118,0.8123652927003598,0.0338266440165707,0.8226700792912062,23.74145792442794,-0.788590721584081,19.18285588941375,10.026330450866096,0.812444252529379,0.0337963777993668,0.8227690568307302,23.75028376403114,-0.7906424551044647,19.21940192944998,10.025470099897872,0.7910760012435133,0.0433425960843366,0.7952378293319018,21.36181913850592,-0.14350852633424085,24.79361724349619,9.25186188033213,0.7336606928456643,0.0563161598548137,0.6987324359586179,14.944146899571114,0.7359636418392574,12.14813353962708,8.858981327637027,0.6062661908160443,0.0604281154702046,0.2010247833337188,0.7044574877653081,1.0147113001141927,1.3479513598015604,5.716962291912793,2.9236313715641518,0.6271643738698158,25.27016396536014,8.50291641237072,0.0016987355179096,0.5986880751291744,-0.8086148517491689,0.6022716219895863,0.0062653380752936,1.3960862846614488,-0.7691810102307123,1.2810873056862895,0.6044287811547292,0.2066456220129393,0.80594464900655,1.71600589766177,2.041980303914038,0.6572812882795659,26.72612011432902,22.808445105452694,21.45823888388288,0.07204143655077895,0.21116907301003604
10_15_23_72_21_73_2,Q4: Strong/Tough,3.717985833333333,18.66446959934509,369,11439,1.0,0.0203252032520325,1.0,44.095197579514426,-1.7313158189611395,205.35077412932165,3.8501286026854737,1.0,0.0203252032520325,1.0,44.095197579514426,-1.7313158189611395,205.35077412932165,7.7002572053709475,0.9967996878498236,0.0202816013911744,0.9975933822393096,43.74242724886592,-1.7341986643422795,202.57232492593343,7.8671385655357,0.9808399499026628,0.0194385505569523,0.985399239640186,41.983185722262576,-1.7899390652259284,178.88594578086858,8.1939264054711,0.7934945418489064,0.0478465067626055,0.8061909446754024,21.3321059390104,0.0883235530055628,17.03655113996637,10.09274972377002,0.7935752429875739,0.0478554581599473,0.8063165502402089,21.341001623567248,0.08891539688501457,17.05536550830239,10.092058801683123,0.7755011003505369,0.0407021100458257,0.7755094414872293,19.348689319311404,-0.38404598973095044,25.64471072073854,9.081604137394192,0.6969499104672827,0.0454571285171811,0.6436952298688216,10.689993564766873,-0.06965612728918144,5.776134519249559,8.92933513697822,0.609433054723043,0.0410237289846371,0.2184731387296906,1.0430126799453998,-0.3627813543692368,0.4917170074811883,5.397668753114502,2.806696620939676,1.2335316154805105,23.846839206450255,9.286980545907259,0.0219956785119955,0.5980969686082994,-1.2250699069411612,0.6008892750462151,0.0089120807545401,0.5528013136682131,0.2421429789700752,0.30086833091720844,0.610554062421729,0.2329101105545317,0.9791257206152002,0.3945588350169811,1.6747132355208798,0.5870176663285211,21.410536165074177,25.290233448383034,23.182911257172535,0.010575899390256488,0.1651851389124985
10_15_33_29_78_22_29,Q3: Strong/Brittle,3.6578183333333327,14.876906780745834,382,11842,1.0,0.0183246073298429,1.0,44.71457616936401,-1.8394669539888213,205.35515337896217,3.894730653253998,1.0,0.0183246073298429,1.0,44.71457616936401,-1.8394669539888213,205.35515337896217,7.789461306507996,0.9822816410083298,0.018684010819039,0.986522099860914,42.73408309541959,-1.8151031499112011,181.6322372689136,8.214209146124265,0.9822857616090208,0.0186878106736474,0.986525434321496,42.734543681026466,-1.81484555944259,181.6364822170285,8.21415671278674,0.7660477586814007,0.0372477338180874,0.7536301961620672,18.564254134288095,-0.5566765522405027,10.472563497614804,9.687260983354072,0.7661700493502586,0.0372558490931411,0.7538386468027074,18.577923335978547,-0.5561264213225015,10.495330789771636,9.686346825008195,0.7595912750217885,0.0138597958201451,0.7456644066938944,17.842572110805623,-2.1421345577705626,12.567249506959016,9.113953574199064,0.7226853302955131,0.0314558368836793,0.6732387620815535,13.717361195272977,-0.9493066918736014,11.923201164467043,8.86796213049443,0.619904751607613,0.0658360370141085,0.2619055073792377,2.2289257073656876,1.3813119173133352,0.4789015537173752,5.601132294787417,2.9912806486322823,2.4221666922318303,24.372035965365097,11.123906985191425,0.055047548009255,0.6011537294229363,0.7083266130061731,0.5977636492075846,0.0071010931872259,-1.3773482768291072,-0.4515464369556778,-1.270239296082555,0.6204513587273293,0.2682221186077727,1.128186296923998,0.7875673999065712,1.2456782118627612,0.8683176961926133,24.201337296263542,25.39114959172225,21.275181177101267,0.07451108237828191,0.1119084724623318
10_16_39_60_18_32_41,Q1: Weak/Brittle,2.8490825,15.07609763531542,376,11656,1.0,0.0571808510638298,1.0,44.41013672625182,0.7456854570950995,205.36639150271904,3.876844818497335,1.0,0.0571808510638298,1.0,44.41013672625182,0.7456854570950995,205.36639150271904,7.75368963699467,0.9855313583428952,0.0563203321837411,0.9890002043413592,42.80376964433663,0.6885445185616951,178.84318450062776,8.189741302588196,0.9855528322442498,0.0563221121831002,0.9890168004326708,42.806153763666835,0.6886627156591922,178.85858855795777,8.189570494488603,0.8063042008356505,0.0440892480094954,0.8199500445337313,22.905246145864943,-0.12363478995670485,16.39224160892566,9.99644489988744,0.8064056772499186,0.0440981516058042,0.8200857136053118,22.916512467564957,-0.12304356545114274,16.407705789782426,9.995576917860417,0.7923960178412481,0.0399019971450236,0.7990728614004151,21.361103450168997,-0.4016803387610088,28.68409446909321,9.040069360962432,0.7425505127579182,0.0398578567261395,0.6876156185736063,15.827053990316692,-0.4046113900379256,15.624790363868286,8.858819733012886,0.6129897752071087,0.0491252087543296,0.2258296281742284,1.442697197011555,0.2107675456986695,0.4430285912958462,5.725042014309739,3.1710964495435117,1.5403906247054435,23.698301292428567,9.696765278015757,0.0206216770549042,0.6013948266221599,0.8740075857915327,0.597572221738898,0.0058510807296183,-1.5782849251635305,-0.9066958965479928,-1.1366023744427383,0.6167069785731425,0.2338253679221301,1.047229717884479,0.82589108327634,2.9204962984349745,1.802880712186539,24.294152755866367,24.769545350234168,21.24477789358841,0.27682610152432685,0.485491769861232
10_16_39_63_27_21_40,Q2: Weak/Tough,3.457359166666667,19.063236270947915,368,11408,1.0,0.0217391304347825,1.0,44.19242311122426,-1.6365673086734929,205.35869248444388,3.847306253307002,1.0,0.0217391304347825,1.0,44.19242311122426,-1.6365673086734929,205.35869248444388,7.694612506614004,0.9829781847968811,0.0211772895347555,0.9870578305111865,42.311274513109055,-1.6738152043211603,177.5086202393645,8.163197478991679,0.982976288292342,0.021179786819626,0.9870563232646614,42.31106492283841,-1.6736496439173973,177.50625193682967,8.163169025015844,0.7818989879254398,0.0415148055125059,0.7945366996729539,20.08921154325984,-0.3255159387539637,9.497818799728444,10.184540629090234,0.7820287417448276,0.0414836108391542,0.7946923056612085,20.10355115466608,-0.32758402588986163,9.529914343933507,10.183284670451757,0.782157386815678,0.0190706360379543,0.7760405302272153,20.117768233855163,-1.81347824702751,20.644822153586265,9.181931185832916,0.7270181419858319,0.0272120190230684,0.6733905000973944,14.024110661201512,-1.2737357970872292,8.66070591658945,8.75013845721032,0.6097175804821106,0.0493912497833331,0.233389398595485,1.060758386620279,0.19666209111239338,0.4846371744256781,5.621352120459272,2.825154227908242,1.0931382171044925,23.7664090222393,9.137873207166342,0.0268137733447412,0.6016319848912823,1.0221976146340899,0.5957144519536423,0.0050517417849626,-2.6524176047988752,-1.2577679661754326,-2.375222055331241,0.6094374085517158,0.2423427208187371,1.6880750679690355,0.4904911941115789,0.7884085203053145,0.7983452511732703,27.64271225468492,20.93613223969948,21.73520525577945,0.18335389920833423,0.49126552703362686
10_17_39_36_48_31_35,Q1: Weak/Brittle,3.5567966666666666,17.211249191570836,380,11780,1.0,0.0223684210526315,1.0,44.55753400619793,-1.577476085186282,205.35922100263528,3.891448413290215,1.0,0.0223684210526315,1.0,44.55753400619793,-1.577476085186282,205.35922100263528,7.782896826580431,0.9837036129874204,0.0214931423005965,0.9876213520225527,42.74254622996052,-1.6365218625990872,179.11312697061643,8.2242836370807,0.9837014004254376,0.0214923505655636,0.9876196093866672,42.742299808901066,-1.6365752725675273,179.11534240177062,8.224299726856808,0.7939683987593309,0.0332340533900945,0.8090659135176904,21.611046696969304,-0.8444870723082846,13.030375108898255,10.111010874239128,0.7940904807063093,0.0332132718482991,0.8092299549247353,21.624643406552476,-0.8458889826006264,13.081079843239824,10.109768116559692,0.7877367087887212,0.0414487296138705,0.7878075519230128,20.917000764381477,-0.29032996213094686,17.01727707318192,9.32282134807304,0.7169688631917852,0.0229467905131819,0.6658159425856007,13.035328918349144,-1.5384596297420878,4.606184575516388,8.937427198954339,0.595934346340364,0.0444955177791574,0.2506219772524952,-0.4447245694918932,-0.08479546764763288,0.1622375149225288,5.66397002764443,3.0402584452965344,-0.8961166632885914,25.536696033944054,10.658585077564235,0.0020880788006671,0.5974980953662041,-1.5484764115434992,0.602651230752634,0.0128093966382075,1.610959262229613,1.7364342399729422,1.328027500552276,0.5958340857174369,0.2632629547687421,0.6003310493649845,0.8906106398674789,2.460632303492831,0.5772322735752083,21.959366811234855,23.680073840522677,24.875137933360072,0.1202244105717953,0.32258502603378086
10_18_20_64_29_56_19,Q4: Strong/Tough,3.947483333333333,22.827898389591667,380,11780,1.0,0.0342105263157894,1.0,44.55753400619793,-0.7786147968918393,205.3587054440842,3.886977564914046,1.0,0.0342105263157894,1.0,44.55753400619793,-0.7786147968918393,205.3587054440842,7.773955129828095,0.9785387961775192,0.0323446737410154,0.9836107233298812,42.167321833949295,-0.9044840877424071,174.68852163528513,8.275999825408409,0.97853519260565,0.0323429170302533,0.9836084182484066,42.16692049106954,-0.9046025943923132,174.69337566278455,8.275979266499531,0.7748239541106332,0.0185537769810628,0.7839500411147109,19.478860403564635,-1.8348096766110125,15.704349272599115,9.946962196716273,0.7749268961398474,0.0185390471072337,0.7840917297843912,19.490325431029966,-1.8358033450273994,15.70517057911713,9.946046769993153,0.7705142869368553,0.0270812491930171,0.7640445088621771,18.99887712665666,-1.2595515374750104,22.927349019809583,9.167471279377937,0.7275453912146054,0.0237857647185587,0.6841332868485546,14.213275236243595,-1.4818629351798247,12.303250813439613,8.818626580171145,0.6120602657595008,0.0446291146160612,0.2517739098139915,1.3512776120793852,-0.07578310549838996,0.5948439841895907,5.580658400857457,3.01513755140809,1.4128269303838057,24.512807205185112,11.262145077973114,0.0296969642561737,0.602125445526761,1.2885954051221855,0.6019743497157443,0.0084819937652427,1.1959571451725413,0.10983492181906508,1.9432063340915067,0.6126704122650393,0.259441345518707,0.7478784752621178,1.1539263386904548,1.3817464504889891,0.9977149313622792,22.755783803965887,24.150527169562476,23.57868438639398,0.08612704328313234,0.22364881192367658
10_18_31_51_18_63_25,Q4: Strong/Tough,3.913648333333333,19.61363024237501,385,11935,1.0,0.0181818181818181,1.0,44.77920145452574,-1.829253708928555,205.3607545578201,3.906145747179771,1.0,0.0181818181818181,1.0,44.77920145452574,-1.829253708928555,205.3607545578201,7.812291494359544,0.9199613895184292,0.0182519194207972,0.9355506935194684,35.819025174579,-1.8245573080333275,122.08111390525274,8.888760804155487,0.9216482919281398,0.0168165881181921,0.9369012457846064,36.0078708187891,-1.920716681429173,119.15090823245838,8.889169860938255,0.8055842724042548,0.0148978813564283,0.8187233966489023,23.01471578478656,-2.04925957574682,20.99941497578231,9.76184294229723,0.8056667609897794,0.0148592419520516,0.8188383752860326,23.023950231298528,-2.051848205219687,21.0309341803025,9.761170286274488,0.7852533912099443,0.0340467096845882,0.7918738870846703,20.73871076256518,-0.7663924565260033,25.806495065290537,9.098028314005932,0.7291639427081109,0.0354386559195946,0.6860879754772096,14.459599431201664,-0.6731396461706598,14.481774423691364,8.744264944910421,0.603268011338063,0.0519067242262464,0.2590122384698682,0.3657798206845059,0.4301311642223724,0.3488771473767627,5.562138246567082,3.0290298613221505,0.3239964437399426,23.983368077400836,11.385044069423174,0.0037314871808801,0.5984711470208306,-0.9878362531591066,0.6015568640741569,0.0075520647319095,0.9432229056839294,-0.2990709089286563,1.1156204448398865,0.6054806468019722,0.2750311404265292,1.0386901310357788,1.530179866768035,2.4862461923969605,1.1506577948884684,25.54547060429785,22.948654838776925,22.37114162819369,0.03613936615214893,0.25746681203555477
10_1_12_87_77_24_5,Q4: Strong/Tough,4.559609166666666,27.62457043218646,372,11532,1.0,0.0241935483870967,1.0,43.92333013321453,-1.4657165930396459,205.35853252918653,3.863104104045461,1.0,0.0241935483870967,1.0,43.92333013321453,-1.4657165930396459,205.35853252918653,7.72620820809092,0.953210308854054,0.0247387526239317,0.963423982774418,38.78482374204093,-1.4294351470859097,155.51946413386804,8.548254562657831,0.953210308854054,0.0247387526239317,0.963423982774418,38.78482374204093,-1.4294351470859097,155.51946413386804,8.548254562657831,0.7948024801239699,0.0327033314631621,0.8090555915966279,21.388264363127483,-0.8994201230330764,17.840991747633538,9.972674932971549,0.7949138316800917,0.032628193026906,0.809218479715903,21.400493139782878,-0.9044203246637529,17.864918427250046,9.971813008282984,0.7892593665239088,0.0339551500562727,0.7932951929157731,20.77951222214689,-0.816115948998256,32.091120997337015,9.119985802949785,0.717442745346044,0.0184260295689216,0.6727411035349098,12.8925149396926,-1.8495249132088543,15.367716236001703,8.563590196004387,0.6103890970146129,0.0407421327543776,0.2131803403133848,1.1357402596961896,-0.36446585291736605,0.7287942923648245,5.324244047383297,3.077826312464833,1.1700083547098412,24.526142043542823,9.445622341255598,0.0134034467273265,0.5999094329244967,-0.03965982299839252,0.5997401163623445,0.0072310299436932,-0.14007981081675747,-0.387008939192587,-0.3123341976462953,0.6108307165508233,0.214586797131153,0.8460052196962321,0.7430987004907836,2.083290850918322,0.9908852358542288,23.802597200606588,21.270296845320804,25.026239888080248,0.03533709754744786,0.1644369024970885
10_1_17_90_68_19_11,Q4: Strong/Tough,4.192461666666666,21.422380918016668,369,11439,1.0,0.0284552845528455,1.0,44.095197579514426,-1.1937752905277321,205.371399937966,3.8524074281539455,1.0,0.0284552845528455,1.0,44.095197579514426,-1.1937752905277321,205.371399937966,7.704814856307891,0.9889136807572392,0.0274877875442204,0.9916115220841496,42.873152878428584,-1.2577437594804435,194.45022596436672,8.061730333904228,0.9797389297180508,0.0269452156404398,0.98456728305623,41.86182029403244,-1.2936172491886189,182.6554296453264,8.212791545105219,0.7899473099410151,0.023635141517292,0.8030382039218275,20.94109465188805,-1.512471025365825,18.235241375524787,10.132373032852412,0.7900793125254877,0.0236355030665806,0.8032007544652496,20.95564529357101,-1.51244712063616,18.27192510231234,10.131625962894187,0.7761189162524692,0.0254859440310855,0.7804949640789769,19.4167911511882,-1.3901006179271012,26.19689923748749,9.11401412256212,0.7020309264400011,0.0215468034754255,0.6425794501488757,11.250073832133117,-1.6505466845182433,11.616793970608828,8.63518832459639,0.6093506518288447,0.0713344512805703,0.1925700831531785,1.0339294109176864,1.6412873722897305,0.647739229236393,5.482706867412293,2.841197054454567,1.914067395315945,22.48878132398692,8.00834095550492,0.0195230303674902,0.6026522680774771,1.6753051083287556,0.6011083115287654,0.0085973675693242,0.6922626039126791,0.12636007933624227,0.7650182206028905,0.6083316932671459,0.1944244561304579,0.9942344572900512,2.1341699396192646,2.68425118442642,0.4287202508997167,22.28007802446356,23.146083606662167,24.532285570538395,0.012323719802535906,0.08928290578100061
10_20_30_45_45_47_19,Q4: Strong/Tough,3.9016425,19.74095001418333,372,11532,1.0,0.0201612903225806,1.0,43.92333013321453,-1.734049344612765,205.3535957077468,3.861160456975063,1.0,0.0201612903225806,1.0,43.92333013321453,-1.734049344612765,205.3535957077468,7.722320913950124,0.954514819176895,0.015573463725362,0.9644285975867034,38.92808680847925,-2.0393532499866245,146.04275751904706,8.545860124186465,0.954514819176895,0.015573463725362,0.9644285975867034,38.92808680847925,-2.0393532499866245,146.04275751904706,8.545860124186465,0.7939972676426863,0.0293549839062695,0.8049642750850752,21.299834852694882,-1.1222410086977803,10.86312514372665,10.056044229185312,0.7940639529122259,0.0293105572854455,0.8050521929358901,21.307158318085097,-1.1251974458151626,10.883685397535167,10.055678358754596,0.7826923684021194,0.0229437063103343,0.7800073325932377,20.058315715113235,-1.5488892367850464,16.774082653491092,9.29335587592091,0.7101521156486249,0.0353792564775321,0.6488412367283867,12.091848246274726,-0.7213466191499835,8.454524407741781,8.829387271795312,0.6121561356365446,0.0294879982103353,0.2388664755581942,1.3297988018636235,-1.1133893693340575,2.431939807553522,5.562339588803241,3.2150242598554035,1.2431160322411123,23.335753170049518,9.867092406490622,0.0231016352103484,0.6053449118297969,3.184069258899857,0.6018154599055737,0.0130481778583998,1.0907860340886641,1.7683307998813007,1.1534053153649355,0.6102463330246344,0.2543556396890331,0.9164662303173122,0.6171111380246693,2.3392394364062894,1.5021247634977777,21.491726286859137,23.564526231942995,24.973843556930905,0.06227374138508141,0.1739325297646616
10_20_37_40_27_48_34,Q3: Strong/Brittle,3.6515625,16.947207423147916,383,11873,1.0,0.0182767624020887,1.0,45.040309241436596,-1.830158044750468,205.3550745383175,3.8974843396217143,1.0,0.0182767624020887,1.0,45.040309241436596,-1.830158044750468,205.3550745383175,7.794968679243429,0.99879651354966,0.0183107007561589,0.9990964129830574,44.9048172929708,-1.8278891328207234,204.22613929460863,7.889778350454601,0.9963498368721364,0.0182816554290641,0.9972536702684413,44.629363431226146,-1.8298309267277706,201.67101401153784,7.967712450708683,0.7954547954772374,0.0319685998674167,0.8080052738564752,22.012024791457314,-0.9148050697372834,18.165011368140544,9.957563029394706,0.7954941702774355,0.0320159823789465,0.8080690931372779,22.016457719138206,-0.9116373632112437,18.166568316101632,9.957109482164723,0.7849821184197961,0.0352115213205049,0.7864332940601941,20.832980839807536,-0.6980030658181364,22.986578949833056,9.292511732357784,0.7209411043493782,0.027751444555376,0.6708379847780163,13.623060216542113,-1.196738423879436,10.388841131093828,9.018188601255376,0.5966675342707862,0.0400987928410408,0.2365807319565452,-0.3680139230903194,-0.3712698178265327,2.413310876530025,5.4575070944370925,2.979366877133432,-0.5472479956230183,26.639131276634913,10.204930275217212,-0.0080897852019748,0.599287999177669,-0.446454148218583,0.6010677976750772,0.0113131907336005,0.6421356851856209,1.1276303006133828,0.7028446522753259,0.5974726189760601,0.2512150966196378,1.399384934411951,1.7489602109634803,0.8907760092530069,1.1287211671458188,24.080290595749005,19.98967934983185,27.18716360675581,0.1138578360571821,0.23842676223484766
10_20_42_30_46_44_24,Q1: Weak/Brittle,3.3221275,16.408034468525834,371,11501,1.0,0.0107816711590296,1.0,44.231396870145275,-2.3820003019389424,205.35792510004555,3.8573817969835815,1.0,0.0107816711590296,1.0,44.231396870145275,-2.3820003019389424,205.35792510004555,7.714763593967165,0.999695686832009,0.0108791076349844,0.9997717062369208,44.197752278336566,-2.3754748167293553,205.06512583111652,7.766462028260956,0.9831440429083728,0.0144417966199259,0.9871881395929896,42.36781732267782,-2.136875523705041,176.21553128154815,8.169534082116915,0.7995973398025792,0.0446257578239267,0.8189837605079175,22.07505791105452,-0.11540470927576467,17.60398322333449,9.843563621556676,0.7996926636661863,0.0446657729579893,0.8190841094153852,22.085596832199027,-0.11272482822581499,17.608006892650113,9.84319609532429,0.7812055380683499,0.0223047837837321,0.7786676576147519,20.041676752887536,-1.6102780052931946,19.84566857481225,9.138912593541248,0.7072446182358819,0.032211533411435,0.6606136157925319,11.86462357445179,-0.9468062660171356,5.696473648098614,8.997831960102502,0.6030003315574776,0.0535623146678424,0.2845989640291189,0.33946842970445873,0.4830915821609381,0.6096758792572642,5.527616702983088,2.75232476321849,0.4654307554585296,23.670470470989585,12.558910987087012,0.029366428174153,0.5988517183891655,-0.7111316259210522,0.5992745592018628,0.0109863831628952,-0.45348457331644065,0.9880791771732805,-0.257494020146991,0.6063647363941953,0.2983156812002022,0.9918687593809024,0.9996954794545376,1.620139428212015,0.84816815511232,22.72446361184288,24.61265309996699,22.542930995666907,0.17675062790489976,0.15950064384065224
10_23_20_33_76_38_16,Q4: Strong/Tough,3.820960833333333,22.275983042270727,376,11656,1.0,0.0132978723404255,1.0,44.41013672625182,-2.1682710497490834,205.3536038373572,3.8752376392028345,1.0,0.0132978723404255,1.0,44.41013672625182,-2.1682710497490834,205.3536038373572,7.750475278405668,0.9986726951879216,0.0133095283222371,0.999003480726422,44.26277398078336,-2.1674970588981513,204.19148206093556,7.850251961610888,0.9986544829994594,0.0133096321349653,0.9989897926154454,44.26075199000297,-2.1674901654332217,204.1759342525652,7.850955336479441,0.8001339409455166,0.0313240402897027,0.8108713157348463,22.22019895143771,-0.9712814442725609,18.80648290476604,9.766998596072732,0.8002036022024246,0.0312924338711048,0.8109922528926498,22.22793302576437,-0.9733802017364033,18.85314612018497,9.766097143430336,0.7980529870662252,0.0238908902201713,0.7967790506721404,21.98916304012699,-1.4648640733822014,28.031152882657228,9.064937629869004,0.7265159617779646,0.0223784984349339,0.693651574023231,14.046833325660161,-1.5652912552120386,14.235162962045283,8.803871497026893,0.6117609063957798,0.0237569653505208,0.2879328107116307,1.3062632142443038,-1.4737570714579722,0.450435180071133,5.479180362011023,3.082703074703825,1.2656687155935753,23.890022660995246,11.546227796150324,0.0224890000761301,0.5956807081784482,-2.791736139797788,0.6034588600205929,0.0118942586189128,2.1981344050455074,1.3434169084205778,1.215422755308052,0.6182083710563822,0.3039735080250743,1.3758848879333634,0.560546443398512,1.6877872684570625,2.107281250963511,24.160793072010897,24.29105450286427,21.88771441547364,0.06130544736013128,0.07808318909997077
10_24_14_63_41_47_17,Q4: Strong/Tough,3.740634166666666,19.979356632625,371,11501,1.0,0.0309973045822102,1.0,44.231396870145275,-1.0281252196073363,205.3599324443853,3.859328107551954,1.0,0.0309973045822102,1.0,44.231396870145275,-1.0281252196073363,205.3599324443853,7.718656215103907,0.9967632159356252,0.0308117992308888,0.9975657840183432,43.87354091754952,-1.0405488260081739,202.37569897014723,7.876168898247412,0.9810036274231496,0.0297406174773619,0.9855207883940724,42.131174900081376,-1.1122876755603919,172.9874699310127,8.21136689477005,0.7857143248923215,0.0233840381240833,0.7952351203674504,20.540164193462353,-1.5379985209796219,17.254140701392465,9.851449698541384,0.7857837218561211,0.0233412164709489,0.7953276380451108,20.547836659741794,-1.5408663593475473,17.284571907441116,9.851085422217938,0.7811884090187267,0.0197768048050582,0.7813708730621539,20.039782980473905,-1.7795810232218912,21.94375992770924,9.089826057921677,0.7040210799075308,0.0171678118446692,0.6475819051850652,11.508232058589632,-1.9543096842095267,8.358135497446009,8.731559146154485,0.6059376817588878,0.0656126723340674,0.2642070056410704,0.664219242093312,1.2901243689138957,1.2244344643608922,5.541983560952739,2.8152316716711527,0.7008076720337545,23.30789480282493,11.357576900701606,0.0174589572507179,0.6003898353075252,0.22607991723331874,0.6006139061826966,0.0057221481187593,0.36261167771827046,-0.9520637986235547,0.24946217915132432,0.6069826424822926,0.2832026929577342,0.7015234096462107,1.7423849968216776,1.3637967555480908,1.1594369810259335,22.81952773917216,26.1955274892155,21.2401652582262,0.010039565092275342,0.06639332105954071
10_24_32_54_19_16_61,Q1: Weak/Brittle,3.3362366666666667,17.70480503456771,386,11966,1.0,0.0168393782383419,1.0,44.87472679987692,-1.9268645706936038,205.3606844723472,3.909515403934728,1.0,0.0168393782383419,1.0,44.87472679987692,-1.9268645706936038,205.36068447234723,7.819030807869456,0.986314497078734,0.0174072085260869,0.98960252185256,43.33930387919943,-1.8886783470779243,174.33806987547624,8.227163693431779,0.98637373816733,0.0174122714718369,0.9896485153881464,43.345950337557554,-1.888337867214951,174.38186338301645,8.226601081976638,0.8074697468431862,0.0303649301506503,0.8224652003604126,23.2741056665861,-1.017279856746757,11.305851013014587,9.832052364309176,0.807645567257397,0.0303428814939377,0.8226755989959063,23.293831554297746,-1.0187626148063813,11.336964000038927,9.8307694121015,0.7941758586642127,0.0249029058217496,0.7998442445214294,21.782619330106535,-1.384597498864767,21.881675709199037,9.2932130011462,0.7320768118800897,0.031097650674218,0.6898214397870174,14.815516963966676,-0.968004870250582,11.211915553119288,8.994914961181573,0.6150336724939042,0.0311724826538674,0.2708868354474993,1.6840507726624654,-0.9629724674884045,2.11053756441762,5.721251357021687,2.8677395528382954,1.4042593149112963,26.027297661012945,11.561194000139778,0.0366311691772592,0.6011784761646037,0.7294180718446143,0.6002044864391313,0.0077965878302627,0.11431537328028904,-0.17816788192026123,0.13206006993100405,0.6206952600932925,0.297146865786823,1.3819084398491004,1.169224172862959,1.369663611427968,0.9499308613599208,21.94948264884337,25.95811955054769,23.194009962910943,0.009041119956038537,0.04854317766806998
10_24_32_58_21_16_55,Q1: Weak/Brittle,3.518939166666667,13.385265381904167,378,11718,1.0,0.0079365079365079,1.0,44.79242860437828,-2.5429742722464663,205.3745761814811,3.883359109289117,1.0,0.0079365079365079,1.0,44.79242860437828,-2.5429742722464663,205.3745761814811,7.766718218578233,0.9996795061703906,0.0079273448866068,0.9997595467307204,44.75652623412826,-2.5435886423169127,204.9782205222427,7.818714370615704,0.9956691369397304,0.0076659381412681,0.9967336911810176,44.30727652116514,-2.5611156101149994,200.8465925114956,7.952254156804456,0.7848178270549565,0.0157082092167251,0.7904869966476037,20.687284197406864,-2.021892240112119,5.010412165037118,10.038111103678563,0.784930111254657,0.0157231874822436,0.7906311932737496,20.699862501693676,-2.020887967720166,5.026812336331386,10.036679352469486,0.7746563916154299,0.040844701322729,0.768262699640552,19.548979544658216,-0.3365245303846755,12.754067595422065,9.242202458469158,0.7363582774930759,0.0530607312792819,0.6875243460011904,15.258746953365492,0.48254371282973074,12.033682310776667,8.941124970003175,0.6125919616736425,0.0400464432963567,0.238246051278049,1.3941926795864008,-0.39004664858657434,0.822957485279385,5.695840763291979,3.2672526458948226,1.2690889296159193,23.490731181789325,10.302995654197284,0.0468801106829018,0.6017054497689363,1.077546736674418,0.6006410494419852,0.0102873942622941,0.4087045639017559,0.7985139972626538,0.3900280277719096,0.6127079437861187,0.2601393268448642,1.6514064230918255,0.925450743028406,1.2014505784829306,0.4335721641381478,22.72126547502379,24.545066385766948,23.06614542872398,0.21741199736693695,0.379576582231035
10_24_41_26_35_34_46,Q1: Weak/Brittle,3.216616666666667,13.788436671240415,385,11935,1.0,0.0259740259740259,1.0,44.77920145452574,-1.3072182615660053,205.3581368827407,3.904246549949697,1.0,0.0259740259740259,1.0,44.77920145452574,-1.3072182615660053,205.3581368827407,7.808493099899391,0.920375290376646,0.0270933718064075,0.9353278245705948,35.86536061980637,-1.2322281922630443,108.67852238577022,8.957796351078754,0.920376286136665,0.027093082019123,0.9353286282453066,35.865472093322076,-1.2322476064314982,108.6781017212228,8.957794340023291,0.8088888886313259,0.0327220413340564,0.8207711484609035,23.384661536642756,-0.855138015348036,23.29695211776078,9.628555548609937,0.8090145611352558,0.0327045606175321,0.8209226995371584,23.398730343959365,-0.856309128069145,23.3383400765032,9.62741690879682,0.7762726924915598,0.0265061714410812,0.7711544950328618,19.733337941252334,-1.2715674159566304,21.12524510697916,9.23780535502235,0.706613484357024,0.0363060225397053,0.6309886502251288,11.93511679958651,-0.6150308105708664,6.071342607075022,9.146640838602844,0.6157064119377512,0.0375109914804039,0.2704563861622246,1.7582360532856944,-0.5343044597355351,0.4080287373645877,5.672877287507899,3.1720204749804113,1.5706029291226333,22.314437926888747,11.827948854763662,0.0512049235726093,0.5977420940708543,-1.4440817066479856,0.5993862102247577,0.0088809145190487,-0.41518453223775226,0.19486263606105383,-0.35565012810119145,0.6173358374353941,0.2936882679394051,1.9784250617261956,0.8968411024981361,1.658338208064252,1.37448028283391,24.83082081041562,21.87651542891394,24.181693239889533,0.09865965825258866,0.20419206848205318
10_24_42_21_52_43_24,Q1: Weak/Brittle,3.5643899999999995,15.193744520265623,369,11439,1.0,0.0162601626016259,1.0,44.095197579514426,-2.0000860831778495,205.35226391588927,3.8501282287017338,1.0,0.0162601626016259,1.0,44.095197579514426,-2.0000860831778495,205.35226391588927,7.7002564574034675,0.9833160704929712,0.0178348282708112,0.9873115187692796,42.256128434841585,-1.8959731494197127,171.0471549716962,8.19733693532942,0.9834258110204952,0.0178285413717244,0.987396365143312,42.26822513052736,-1.8963888233757638,171.1018400582669,8.19637033169278,0.8018333804856439,0.0377694770108203,0.8147702730059213,22.251295919570367,-0.5779443104255332,18.27275572417048,9.634216162030167,0.8018859192004881,0.0377748481456577,0.8148477174079893,22.25708726083263,-0.5775891844985027,18.3169143417621,9.633729834342686,0.7860783341200129,0.0372093712313898,0.7892437402451468,20.514617541031594,-0.6149770958939352,21.905563169182884,9.086858679691105,0.7231724174550613,0.0425202559912613,0.6705013136783955,13.580499873659807,-0.2638347524606934,11.069084662882624,8.816788259177699,0.6126487907854247,0.0340337798532447,0.2896412535118274,1.3974831880619918,-0.8249392111960284,2.029224139813968,5.625497436820008,2.869419526691021,1.405949897041426,24.058392669565364,11.313743367033698,0.044838343700645,0.5994341184189892,-0.37370197189349214,0.6009883679974711,0.0052948552102848,0.6158941403762901,-1.08863336538974,0.6343720400822864,0.6101600500865879,0.3011802708777921,1.044865631726271,0.7131391832529028,1.674174999835593,0.4578495145334169,23.1341623292163,21.395595156618207,25.59418831290869,0.13848690784530343,0.191666010702893
10_25_38_19_45_38_41,Q4: Strong/Tough,3.7352358333333338,18.620715016052085,387,11997,1.0,0.0155038759689922,1.0,45.36668422832275,-2.0323713900020546,205.3672514406206,3.91287844119068,1.0,0.0155038759689922,1.0,45.36668422832275,-2.0323713900020546,205.3672514406206,7.82575688238136,0.97494856903673,0.0172478938479765,0.9807995675305432,42.52550778281892,-1.9143878039736917,178.70763795507506,8.307629471243022,0.9705428183666184,0.0174293206102841,0.9773133909766252,42.02583512751085,-1.9021142027242408,171.85749912790402,8.363656949646066,0.7997293810765128,0.0235587124985522,0.813410387976828,22.6532445830526,-1.4874581124023942,20.309426722782685,9.764192358209351,0.7998095366266801,0.0235411062374625,0.8135217038159186,22.662335323675187,-1.4886491838042104,20.333354605664574,9.763501109890171,0.7875008225087259,0.0378937924821848,0.7816598832578755,21.26635803688282,-0.5176835688883215,22.132031786867163,9.197496429235755,0.6953893787398775,0.0350668531893466,0.6303291766292636,10.819654821361528,-0.7089272707291427,7.22177781720285,9.131689892380477,0.6198933870916356,0.0452458343342262,0.3107591144664414,2.2573721511447515,-0.02031466413854393,1.8419055528693289,5.556722009498982,3.1209262747622915,1.9369932954560636,23.55127416098306,13.160068648259193,0.0388303732404408,0.6012159836390891,0.746977417556389,0.6010211735233576,0.0031931800016681,0.6206771666189606,-1.8310110749699384,0.8343507744795463,0.6258243411927837,0.3291256753540102,1.3861526993352749,1.2591391905526346,0.743175574185991,1.1461366121044507,24.77993932534022,21.964443722819997,24.26709470357548,0.01581352827774736,0.10365373328254138
10_26_23_22_57_62_16,Q4: Strong/Tough,4.084383333333333,19.262183925012497,386,11966,1.0,0.0129533678756477,1.0,44.87472679987692,-2.1881962817440868,205.3617017465509,3.908250953143503,1.0,0.0129533678756477,1.0,44.87472679987692,-2.1881962817440868,205.36170174655092,7.816501906287005,0.9816679506331888,0.0118480238407056,0.9860447311120452,42.81799209727021,-2.2625299610167775,176.8206162107543,8.26793048619705,0.9816183322722324,0.0118427857887032,0.9860066678950804,42.81242524531474,-2.262882216663211,176.7849233180965,8.268417562760627,0.7597263227640025,0.0204436539426514,0.7522985104092258,17.917609229111896,-1.6844793351967402,12.147284461686525,9.758523128911568,0.7597786542245618,0.020501330088294,0.7524097444282014,17.92348047290012,-1.6806006512971101,12.17396293702452,9.758102940450089,0.751347231936016,0.0315350458148089,0.7334979953968588,16.977530652113657,-0.9385903268429988,17.236667805441908,9.282346968627488,0.7072739465910103,0.0171878667662669,0.6474223136494001,12.032799508684025,-1.9034289401151605,7.9074611983792495,8.891434461834855,0.6035361248984439,0.0445476944717171,0.302708408278018,0.39410196981518114,-0.06349802872289889,1.352048122045624,5.557633205087688,2.919760465486684,0.5708417357306247,23.155717452143396,13.294364527082106,0.0114417548422512,0.6015223916932704,0.9466106809949922,0.6017626831127684,0.0063421849574881,1.0983616663592084,-0.7235268082691277,1.0521045957603878,0.6053035467917561,0.3273676766184125,1.1283212495328117,0.9124436897935416,0.6348330413534846,0.9457147469148142,22.57234523497492,23.8977441144357,24.24886893910837,0.03180938581204999,0.1281191536410297
10_26_27_27_49_49_28,Q2: Weak/Tough,3.645108333333333,21.122953766124795,385,11935,1.0,0.022077922077922,1.0,44.77920145452574,-1.5682359852472803,205.3600838636111,3.903930390238191,1.0,0.022077922077922,1.0,44.77920145452574,-1.5682359852472803,205.3600838636111,7.807860780476381,0.9581085884161872,0.0201533544746431,0.9671801282326544,40.08953442821982,-1.6971715239994503,149.91653354285756,8.55746131894483,0.9581085884161872,0.0201533544746431,0.9671801282326544,40.08953442821982,-1.6971715239994503,149.91653354285756,8.55746131894483,0.8088601168900085,0.0212035500147407,0.8218704110229932,23.381440592744127,-1.6268141473466813,15.905738793135257,9.959618491389486,0.8089615344799348,0.0211891305603584,0.8220102445750777,23.392794106731436,-1.6277801721909773,15.940966270282445,9.95901002362056,0.7693531604095553,0.0388556217095625,0.7733123904926568,18.958708960858132,-0.44422156385614614,15.585018808735448,9.42789381541436,0.7152808243069995,0.0424156441885831,0.6816161536844625,12.905409679019828,-0.205719463165927,11.00438927219195,9.005170325692822,0.6318224937811605,0.0364483454860949,0.3000273150056991,3.562401985079896,-0.6054959489540153,1.0951060833103694,5.6983512244588255,2.9957393004205852,2.695119908459426,25.748625467064848,12.596988252575635,0.0697008741851053,0.6013266062998996,0.799126290151756,0.596942836319711,0.0093306011427564,-1.944261721195283,0.3620111808642828,-1.4976873872802672,0.6329574039619008,0.3294620203193035,1.362692915711616,2.063577273848853,1.516550389939055,0.5408975822158493,22.81479647651036,24.43209098402656,23.597555133978403,0.03528050648032781,0.16987763451710194
10_26_35_29_43_29_44,Q1: Weak/Brittle,3.635741666666666,14.076714399579584,382,11842,1.0,0.0261780104712041,1.0,44.71457616936401,-1.3070882174699578,205.35513564049143,3.894731496185935,1.0,0.0261780104712041,1.0,44.71457616936401,-1.3070882174699578,205.35513564049143,7.78946299237187,0.9828747913042628,0.0265486822077809,0.9869715457896816,42.80038325636879,-1.2819605438703818,174.80237356058282,8.22232061430118,0.9828939720613064,0.0265419324970876,0.9869864512577337,42.802527210924374,-1.2824181037824463,174.82027335875514,8.22210067053365,0.8103686956082683,0.0455886897479559,0.8218752911638716,23.518285636621613,0.008753172857405447,19.66280936165417,9.681055248095142,0.8103996970740897,0.0455608969636883,0.8219330735950733,23.521750866577175,0.006869112265278229,19.689438856482077,9.680551480440878,0.7759759869446106,0.0491888787542426,0.7713887930288952,19.67399501497971,0.2528083983304996,24.353997232170386,9.134298820254532,0.7152103965501596,0.0657492880504544,0.6520390862775337,12.88184056281341,1.3754312433133893,7.263004263279484,8.932090726185843,0.6005657655609389,0.039872894369552,0.2862246571433474,0.06728489511259234,-0.37871807584607076,0.7024376177504473,5.564561276498454,3.093884268236747,0.04334805123300834,24.38626141313215,12.60706632677498,0.0357896634448152,0.5980788367373839,-1.1834358397384612,0.5978710681226203,0.0094062917576738,-1.3112610695799662,0.42456039599630596,-0.9644395382941022,0.6039967872307775,0.3160266992038738,1.1729155924179235,0.9858312061708256,1.123503257123976,0.8472001274851503,22.47026373179281,26.614553447660207,21.75098265067922,0.03497336685580845,0.1789491508791734
10_27_20_36_44_65_14,Q4: Strong/Tough,3.783264166666666,18.34039229880833,380,11780,1.0,0.0263157894736842,1.0,44.55753400619793,-1.3111889890881299,205.35288716239825,3.889531589174113,1.0,0.0263157894736842,1.0,44.55753400619793,-1.3111889890881299,205.35288716239825,7.779063178348227,0.9786881511824438,0.0250436510419624,0.983710116407402,42.18395604299507,-1.397006681455369,186.0636070799772,8.222755907174893,0.9785301628681404,0.0250543074318902,0.9835856001912372,42.16636031094553,-1.3962878078094156,184.93964194744757,8.235699584288092,0.7982241491583338,0.0253505046672465,0.813361084698789,22.0850250669568,-1.3763065207183323,13.9464584345263,10.014516015931138,0.7982415203862454,0.0253394980966589,0.8134090231131824,22.086959763665547,-1.3770490173406742,13.951667057911996,10.014197778763457,0.7791883756384134,0.0246251565679503,0.773709902164898,19.964941871631986,-1.4252380666038793,22.19456300960132,9.218733869129125,0.7061081684055387,0.0222297747473127,0.6472709557304749,11.825733916508144,-1.5868290814333956,9.468857670359396,8.97832910144502,0.6189545266167438,0.0397811247035432,0.2538142165842914,2.119116469393525,-0.402825584946831,0.9917842592859016,5.660782284967684,3.268915619467767,1.9517040081582828,24.0574054329699,10.59462037329923,0.0485626296966453,0.5978020726376381,-1.3621050932362642,0.5996543965281611,0.0059666470139474,-0.2264279296764044,-0.8356424073518961,-0.12825858458377024,0.622076985114949,0.268165286388948,0.5010944832961498,0.3955529946273749,1.425573209447686,0.8162436917112773,25.02991037243746,23.735469733673128,21.77061249412575,0.07451166276744145,0.17303620838683775
10_27_22_48_36_47_26,Q1: Weak/Brittle,3.563749166666666,14.20759924669675,375,11625,1.0,0.016,1.0,44.239406385010234,-2.0062367896706936,205.35731578583707,3.871164259811193,1.0,0.016,1.0,44.239406385010234,-2.0062367896706936,205.35731578583716,7.742328519622387,0.9888190800927802,0.0155302698644213,0.9915375864964338,43.00254182310848,-2.0377159111640584,195.3942775476432,8.045843670966294,0.988819214210048,0.0155299953842007,0.991537687676759,43.002556659534925,-2.0377343055474655,195.39318493786743,8.04585559802057,0.8083533894269296,0.0236657276775597,0.8190068575741233,23.038923509414886,-1.492515496060993,17.466187804050566,9.752201676407804,0.808498619881102,0.023656953669737,0.8191552724269332,23.05498930753932,-1.4931034891176749,17.504147582188665,9.7513700831597,0.7715729797917041,0.0139950391452438,0.7726015083418274,18.970171955201128,-2.140599909163878,21.61671206886108,9.323965323732942,0.7163354648777029,0.0274226835568432,0.6655885991741873,12.859643908172472,-1.2407418464451885,9.685713641564597,9.04450649147181,0.6040783926231087,0.0421318770854123,0.2584779595807112,0.44145330787175474,-0.25500034279481887,1.7387216236420526,5.792023738059194,2.8867748678219636,0.5385205788937574,22.628843566961645,11.544129147123206,0.0228244753047099,0.5989672214916499,-0.6497740109559444,0.6008563900420164,0.0092987017764168,0.5326177018529855,0.3937298931216985,0.4872791712507512,0.6056963558215085,0.2803273118305758,1.2322770508065208,0.6885987818668273,2.308300427409698,2.030849549367508,23.72547111342268,23.114344170683857,23.370258990244864,0.21698776056862895,0.27116232796095874
10_27_26_46_39_39_29,Q1: Weak/Brittle,3.3133816666666664,16.070689182369165,371,11501,1.0,0.0350404312668463,1.0,44.231396870145275,-0.7573502031410164,205.36073096899744,3.858355320192296,1.0,0.0350404312668463,1.0,44.231396870145275,-0.7573502031410164,205.36073096899744,7.716710640384591,0.997521004055961,0.0348443998371315,0.9981366523888368,43.957321294700165,-0.7704787587736277,202.87624348999307,7.864377678501327,0.9837628423214012,0.0335032940900974,0.9876487671023608,42.43623123259917,-0.8602948736423904,174.963411829655,8.177296908756698,0.8017920536179368,0.0149072912689732,0.8118219684670266,22.317703508490006,-2.1057005615798783,15.790877647904674,9.84491148609579,0.8018699802658646,0.0148907696443938,0.81191276722854,22.326319009021454,-2.106807042656649,15.828067947662118,9.844182613338583,0.7983872083573407,0.0431005003010395,0.7967773835630295,21.94126686028032,-0.21755377931222142,21.81418400768201,9.223545514013203,0.7203212223031528,0.0456852572069784,0.6650442152404638,13.31036123014388,-0.04444824778717273,11.596885577591795,8.865658216762922,0.6173913036075136,0.0720898961940767,0.2386483864728611,1.930521434576213,1.7239149805251457,1.7828270143279354,5.808121097983908,3.046894251538559,1.7754806816366466,24.107517226183475,10.064325456119608,0.0540429381717243,0.5982101864961549,-1.10203240092354,0.5993724937293615,0.0062240202138159,-0.393810715920044,-0.7670979656375898,-0.145750891898244,0.6159137030843402,0.2513852712132139,1.390582332187181,1.8350274810336888,1.0459961156908844,1.2157441195643302,22.11565213152828,26.38809791125825,21.704689292707197,0.08683969988276984,0.16993086186931036
10_27_39_26_50_31_33,Q2: Weak/Tough,3.631183333333334,18.88803958445417,368,11408,1.0,0.0095108695652174,1.0,44.19242311122426,-2.4472540792523665,205.35505903861477,3.848611710754936,1.0,0.0095108695652174,1.0,44.19242311122426,-2.4472540792523665,205.35505903861477,7.697223421509875,0.999934985025628,0.0095242484133791,0.9999512358744608,44.18523804744365,-2.446367112959615,205.2680041115333,7.721207324486152,0.996727643647674,0.0099160834907021,0.9975385649057746,43.83078197652415,-2.4203899509720816,202.03491289599404,7.860084815465712,0.7972942245210985,0.0268400258044503,0.8053810490537395,21.790600460598636,-1.2983975199843356,13.084520834009192,9.768686608398298,0.7973900160683413,0.0268502185252285,0.8055198898714416,21.80118676603414,-1.2977217817105753,13.11028819816439,9.767841440685038,0.7878700993455103,0.0191405447240705,0.7893091288127042,20.749102849975316,-1.8088435694075706,19.066937106501484,9.046571777588694,0.7142601751976814,0.0299593023203287,0.658714406170215,12.614176934865883,-1.091601456981313,4.528404220056913,9.059934600879416,0.6261076909286826,0.0276600787253688,0.2756177043502775,2.8720947759304556,-1.2440311582216563,1.10057589658364,5.674631525221179,2.9083010103419986,2.1718942728707242,23.280219929966517,11.738091170060702,0.0534800507554284,0.5980610229168576,-1.1952655338635003,0.5982892670395682,0.0111843262995453,-1.0535325961854205,1.0680481054078537,-0.9293138997368754,0.6277232388127644,0.2893933299112016,1.0537142710557137,0.2036868134120877,2.1353701213884086,1.58276237400117,25.10101674890712,24.10122301267192,20.840094207868155,0.015297454000014114,0.07923773845607647
10_28_25_40_47_14_52,Q2: Weak/Tough,3.5455416666666664,20.633665168620837,384,11904,1.0,0.015625,1.0,44.982742523580626,-2.0044115302533916,205.36145144102588,3.90086836231143,1.0,0.015625,1.0,44.982742523580626,-2.0044115302533916,205.36145144102588,7.801736724622862,0.9843162584861226,0.014925688031003,0.9880739653709032,43.21878495412781,-2.0511104671107327,173.2091495220626,8.260516884846076,0.9843466508075118,0.0149320054936232,0.9880976960051376,43.222203192391966,-2.0506885970426105,173.23063253720082,8.260244650103717,0.8149773383939861,0.0202383945460999,0.8323196893052621,24.17315928915589,-1.6963364076220433,15.696623483623258,9.87240331323335,0.8150546525991736,0.0202168587609994,0.8324104349311002,24.181854853115937,-1.6977745329697678,15.726207717766188,9.87171070600749,0.7714186053976028,0.0244988527528467,0.7728624344242402,19.274088699605684,-1.4118298102795601,17.659891262728845,9.21018522058011,0.7116849679175058,0.0368605793016521,0.6526918597525272,12.555819217114204,-0.5863334465059626,5.386760632140444,8.931129505003295,0.622112730985384,0.0316359239450796,0.2959861543933935,2.4815888295862742,-0.9352275901996389,0.1785876041207802,5.601058432394677,2.934537070578343,1.8224842360580016,24.620245240912194,11.865074434135698,0.0513371845477978,0.6000389004455479,0.02794266482053161,0.5987675583821125,0.0052351526944991,-0.7506850864714096,-1.0760151369514774,-1.1290213313492767,0.6251739009903916,0.3157387303652024,1.0590154129593492,0.922665849869377,1.7838202087515402,0.9897814425055282,26.292744403024685,22.037095995382824,22.68509237512992,0.05631877094645956,0.11015494897932827
10_28_31_31_44_45_27,Q4: Strong/Tough,3.7125966666666663,22.095202836134792,373,11563,1.0,0.0134048257372654,1.0,44.29201478100146,-2.149799548293997,205.35358103181977,3.8649322297546815,1.0,0.0134048257372654,1.0,44.29201478100146,-2.149799548293997,205.35358103181977,7.729864459509365,0.9970551214545502,0.0131873438893562,0.9977853433825934,43.96595990859652,-2.1641088505746926,202.76095110832355,7.875281283310456,0.9970252224066092,0.0131823418340858,0.997762833581595,43.962649507128006,-2.1644379627354406,202.74720626947223,7.87616322400229,0.7808980357802529,0.0384267269416381,0.7889755280539829,20.033200067665877,-0.503473882896177,14.888604581767543,9.985167932947611,0.7810019899050795,0.0384762176314169,0.7891103745669327,20.04470979493755,-0.5002176238247507,14.91197826030604,9.984223730619409,0.7829070538222369,0.0223638860264833,0.777736704043026,20.255637126182428,-1.5603347122083886,26.913999090352373,9.1228812023362,0.7178993044045467,0.035897995460976,0.664403265358852,13.058025029592367,-0.6698527484951636,10.770778024796464,8.7165783526618,0.6019141777573014,0.0322808051962828,0.2652744635330039,0.216233734575312,-0.9078471806828696,1.1477323473310106,5.485006550830255,2.9947761195317986,0.205342484134042,23.785284584044692,11.321150496353532,0.0248208189086907,0.6015328799534148,0.9263487901669121,0.6026388482955678,0.008440567130657,1.606015624441328,0.0028267405212503405,1.6337314226261963,0.6002645106473078,0.2805368844933632,0.5625530384856208,1.4875479148577953,1.503360524304533,1.069179649543495,22.376006709403494,23.615420412193373,23.999956739491218,0.11337829799897466,0.1639607692602053
10_2_16_74_87_20_7,Q1: Weak/Brittle,3.6152141666666666,16.176445613466665,373,11563,1.0,0.0415549597855228,1.0,44.29201478100146,-0.29765059328428334,205.3536215455557,3.864608382908045,1.0,0.0415549597855228,1.0,44.29201478100146,-0.29765059328428334,205.3536215455557,7.729216765816093,0.9995340860989136,0.0415611661291887,0.9996504453098518,44.24042912297657,-0.2972422445028703,204.91620967937465,7.798209100394638,0.9824748413393584,0.0419497469305056,0.9866764214356452,42.3516415931832,-0.2716754204208909,186.3030045193764,8.185323726670067,0.7938102832708788,0.0294934750715741,0.8109388193722997,21.462834989120385,-1.0912406440637623,17.826795749058743,10.174799542995444,0.7938978954592788,0.0295022257288786,0.8110478894573203,21.472535348734205,-1.0906648911826429,17.861076888263273,10.174168004489184,0.787225212805556,0.0335883861227555,0.7927603824723197,20.733740638636576,-0.8218143880004146,28.578596007720563,9.037020724872932,0.7020796205574256,0.0346625020332502,0.6325141610029953,11.306480808446254,-0.7511425163222327,7.973796353147413,8.808581070780003,0.6108181565792764,0.0523038612860309,0.2007827698973201,1.202075980321316,0.4095775374073655,0.8514767487609829,5.420392950425039,2.8090502408576064,1.6091777482648044,23.586980051050826,8.791577424454339,0.0084837676093978,0.5954533302966855,-2.8098054120042115,0.6011148515161623,0.0080522471640447,0.6694516858330227,-0.1399852169315922,0.9721863396563751,0.6101442467045752,0.2034133272610771,0.7130811153302893,0.8792869558361419,0.9208339288226876,0.770853517575028,21.79093789035212,21.82437768272072,26.79494589160952,0.1675214927968286,0.14874692258961097
10_2_16_81_79_23_5,Q4: Strong/Tough,4.260833333333333,24.46693818049792,369,11439,1.0,0.0447154471544715,1.0,44.095197579514426,-0.11869423366091766,205.36295692281436,3.8504539176672257,1.0,0.0447154471544715,1.0,44.095197579514426,-0.11869423366091766,205.36295692281436,7.700907835334451,0.980668675969717,0.0435028895812082,0.9852835584029346,41.964306200790446,-0.19886549081952712,184.53446652989277,8.195009495719038,0.9807132377042695,0.0435126644168594,0.985318035195198,41.96921823970875,-0.19821920327000786,184.5641836894025,8.194570035485064,0.7998378095872946,0.042535284676448,0.812528376875765,22.03132418787399,-0.26284109359333246,18.13825205283133,9.946019890915588,0.7999239738387448,0.0425269003187215,0.8126158797470399,22.040822071220312,-0.2633954462395265,18.19373122416094,9.945274820817994,0.7465482540891172,0.0352931001914761,0.7405123478161014,16.157217778545107,-0.7416761176262074,18.149739814857508,9.28336661000152,0.70381355252979,0.0450542733085806,0.654658364919043,11.44657266274964,-0.09629190049991322,12.129279611796685,8.753968796296572,0.5996457918950511,0.039915427727742,0.1649583693585265,-0.03583706406607007,-0.4360594460944976,1.4835054440086146,5.665344953320577,3.1396631534919957,-0.03662295569023296,24.10875271067844,6.887949430478072,-0.0015730105388408,0.6002114638263746,0.1212365525812567,0.5997501743257344,0.0061170508480428,-0.17246807683240895,-0.7861478024140316,-0.1829198040964964,0.6001498387907863,0.1652977735191887,0.7992141431450291,0.4265572188196074,1.331160938265414,1.732649824130161,22.346235358239586,23.72694470607187,23.73431442786881,0.005825404284899273,0.080792434204162
10_2_19_74_81_24_6,Q4: Strong/Tough,4.456012500000001,21.35950462133104,371,11501,1.0,0.0175202156334232,1.0,44.231396870145275,-1.9307086078284024,205.36789971171547,3.857382009921587,1.0,0.0175202156334232,1.0,44.231396870145275,-1.9307086078284024,205.36789971171547,7.714764019843174,0.9802691381457712,0.0175820817723625,0.9849845225974858,42.049970422179825,-1.9265653281103434,184.05313842699056,8.187972000073904,0.980277490105628,0.0175718409620985,0.984991161331843,42.05089380739526,-1.9272511724541281,184.07937303233072,8.187589789808836,0.7958677040958313,0.0208845602033738,0.8120966390835634,21.662712721468573,-1.705392774963586,18.457314087332996,10.07886826061716,0.795947611354719,0.0208352642047505,0.8122081981579967,21.67154719657716,-1.7086942111737524,18.50155267403889,10.078109945779266,0.7800466266987175,0.0162239403375404,0.7799273585263476,19.913548547883543,-2.01752235173639,23.813176824266037,9.11325241594072,0.7040706237642502,0.0283769910137028,0.6374706314165037,11.51370958309821,-1.2036120408231232,10.063956179846352,8.75511273964678,0.619346373658392,0.0301390902391137,0.2197185838149005,2.146672231643253,-1.0856012823205434,0.5272046095483803,5.192294525151379,2.8274073720781954,2.423959885789173,23.78689812639815,9.303867596066539,0.0310878122630896,0.5999629470257253,-0.0340333554084613,0.6003025243883839,0.004911166991054,0.172879279306599,-1.2509523028847667,0.10616683700419531,0.6178926661255385,0.2199056773088488,0.9410211238802436,0.714070027135812,2.27236240507746,0.7854285060618708,23.060192685528317,25.297321113499216,21.673046010605866,0.09933276680232973,0.10312880470180662
10_2_20_68_88_22_6,Q4: Strong/Tough,3.991514166666666,20.956654413866666,372,11532,1.0,0.0161290322580645,1.0,43.92333013321453,-2.002382096185884,205.3687078777872,3.864399560515332,1.0,0.0161290322580645,1.0,43.92333013321453,-2.002382096185884,205.3687078777872,7.728799121030664,0.9734952225921456,0.0210032771757302,0.9796799552196408,41.012540068751925,-1.6780180476374467,174.24055954291353,8.332051149476998,0.973437836124289,0.0210228444755439,0.9796342806888284,41.00623781018544,-1.6767159118822796,174.1800519901566,8.332721581070956,0.815335517469965,0.0329609772556165,0.8283665223596363,23.64322995594362,-0.8822746915367858,18.18443744747809,9.95106484246583,0.8154160292538684,0.0328860701656047,0.8284778845728438,23.652071867613042,-0.887259497879436,18.188024435899333,9.95054481879447,0.7862505002860878,0.0206720823582647,0.7901306965795195,20.44907451216065,-1.7000579109734109,27.98884877992764,9.02107221392678,0.7020211174537606,0.0293456117959414,0.6482805670815126,11.198891161762079,-1.122864690047572,9.233568358083524,8.863901025205283,0.6152086138354508,0.0896974083547331,0.2367110006617614,1.6650260356804163,2.893337490936871,0.604088477780873,5.515427051462805,3.158787314987595,1.5370389825937187,23.26937073089417,9.770204004812824,0.0326390244491752,0.600812941363924,0.4962021466032586,0.6002843805299959,0.0082694777393869,0.1827179142893252,-0.0022486006504302404,0.071249409399922,0.6148758764453331,0.2399311743258538,0.5593761107004238,0.9670763098734886,1.620467884270617,0.4836514227155088,21.68462322508581,23.669655722284045,24.70827838631171,0.0634005819453089,0.18642177705055563
10_31_28_34_48_31_34,Q2: Weak/Tough,3.5363233333333333,18.108594087274373,370,11470,1.0,0.0351351351351351,1.0,43.988225518259135,-0.7316602132506957,205.3644586882643,3.857171881559804,1.0,0.0351351351351351,1.0,43.988225518259135,-0.7316602132506957,205.3644586882643,7.714343763119608,0.9922452150432316,0.0344350639679357,0.9941377370075984,43.13516050819161,-0.7777509846010314,196.38519376143577,7.9678231296675985,0.9730272236804683,0.032558655110239,0.9790491209344648,41.02108563870807,-0.9012886128764855,165.37567964948516,8.258680656468076,0.7992682666559198,0.0268938556843398,0.8096520926559464,21.906734015831105,-1.2742435170601971,24.00207483883092,9.667749150063855,0.7993944979374362,0.0269056292872111,0.8098098050354541,21.92062008617838,-1.2734683752412854,24.032062506868765,9.66726232936494,0.7719417767372527,0.051109011953251,0.7625748866655092,18.900683876783543,0.32001615694967794,15.642593836118415,9.029229048612958,0.7053946084806162,0.0441578793286855,0.647465896306786,11.58016356896195,-0.13762740764159395,9.065045878096386,8.89098684800748,0.6184942902092709,0.0420085625789413,0.2285025624326598,2.0206952801200617,-0.2791325452809649,1.083692377903248,5.745589861207134,2.875008351420597,1.664797087155142,25.02028874799843,9.653400839074239,0.0358842873703866,0.6004563648953879,0.24796089974508453,0.6016120145583403,0.0058070664035526,0.9614169838575028,-0.9216141092070603,1.1470085547633997,0.6117567122467468,0.2503742359705288,1.1149749945866023,1.7068693987738166,1.6464262332662865,1.4076146100815352,23.472939399649206,24.35446142305754,22.07193218781677,0.07646444647122529,0.19264177695719634
10_31_43_20_42_29_41,Q1: Weak/Brittle,2.814439166666667,11.95158226044375,368,11408,1.0,0.0108695652173912,1.0,44.19242311122426,-2.3571777714102757,205.35785118815363,3.846654055833034,1.0,0.0108695652173912,1.0,44.19242311122426,-2.3571777714102757,205.35785118815363,7.693308111666068,0.9987325645797523,0.0107925284590899,0.9990481294039704,44.05235377457892,-2.362285012862622,204.2018135296816,7.792349278841063,0.9981361166449912,0.0108341333828204,0.998599680506281,43.98643793758176,-2.359526766075198,203.3819306379389,7.829903916664566,0.7823947676372114,0.0488070471277308,0.7607724926971228,20.14400213396031,0.1579316968817153,14.021031727960205,9.727404631521214,0.7824761374905428,0.0488307021289738,0.7609005082354016,20.152994640558262,0.15949993268975718,14.040630420296516,9.726113024016048,0.7525168639302457,0.0355350421525448,0.732849643968492,16.84207598787682,-0.7219513026067427,12.641750570427789,9.19171108983339,0.7011136069447115,0.010966879005271,0.6494312132086758,11.161297312804843,-2.3507262407085205,10.647609357414476,8.848491853590907,0.6175946976833953,0.0342115168693075,0.2292486152370424,1.9312899840771027,-0.8096959499521093,0.5398811289126905,5.764486958482904,2.9435125864466536,2.0614483727321296,24.05844707657959,9.548340282712294,0.0376646600489374,0.5993891804305598,-0.3705184872335164,0.600946718854416,0.0064013390491483,0.596667408893679,-0.745925854624602,0.44041620967683054,0.613104579077493,0.2442162352860885,1.7439338284905308,1.3737447860465115,1.2970470249434096,0.38336027450775,24.86813845893852,21.290772495450888,23.805583076820668,0.3198270325791765,0.17174723168408096
10_32_27_33_11_71_32,Q3: Strong/Brittle,3.8700258333333335,17.599347122960168,388,12028,1.0,0.009020618556701,1.0,44.81865812132556,-2.463809433217633,205.3515716326214,3.913402394951445,1.0,0.009020618556701,1.0,44.81865812132556,-2.463809433217633,205.35157163262144,7.826804789902891,0.959175765646946,0.0190358206764694,0.9683282199520143,40.24337281957938,-1.783766625398655,159.08448526941115,8.517069381562377,0.95604227747503,0.0175112756655007,0.9657387273251162,39.89219409930804,-1.8872848427553652,144.72036080849304,8.598690802459656,0.8129078847283402,0.0444197451145209,0.8314969023858958,23.85072525889354,-0.06017133077703281,22.201884553250117,9.680267641808456,0.8129829161791748,0.0444697166359019,0.83161139030801,23.85913424193052,-0.05677821166625195,22.2289407679071,9.679546058051868,0.79687041466133,0.0357013602792839,0.7976080844656174,22.053361456789634,-0.6521588745229867,26.34643043664863,9.26585911894938,0.7330094422834041,0.0213493783352131,0.6907058358802945,14.896284957837844,-1.6266736154435502,12.831100294102464,9.151610794748123,0.611497767986745,0.0447852377960931,0.2801205571218176,1.278134214528588,-0.03535399145214341,1.4838561513123008,5.718770889552679,2.9197102767901812,1.2544116359999762,24.704116848714204,11.691290408647749,0.0258926065666831,0.5994552338292249,-0.3178376286085098,0.597436649435796,0.0070677968081975,-1.609780773944488,-0.3997321794364051,-1.074785770158686,0.6101399564927833,0.2901423045594525,1.152407678886053,0.8945130927762556,1.6374754870459052,2.2471493063723207,24.285963684847047,21.434635165095905,25.438315505821787,0.06492546884859295,0.21644300007703854
10_33_26_22_21_83_21,Q4: Strong/Tough,3.913573333333334,19.773572078267293,388,12028,1.0,0.0103092783505154,1.0,44.81865812132556,-2.3763080713849836,205.36077356684928,3.916551326581073,1.0,0.0103092783505154,1.0,44.81865812132556,-2.3763080713849836,205.36077356684928,7.833102653162146,0.9785700779959318,0.0127939624368286,0.9836201876967452,42.41694725726264,-2.2075953961545576,184.04999220295815,8.274945030270773,0.9784466015254356,0.0128371513575834,0.9835260539224072,42.40310890635355,-2.204662822794027,183.96788292231872,8.2752042698924,0.7618842046915648,0.0422689615390858,0.7614218455159142,18.132359758285087,-0.2062118084587406,11.627450372796892,9.936536024134348,0.7619456628919501,0.0421804642513097,0.7615408400950389,18.13924754945498,-0.21222086782109034,11.646787992981544,9.935903212557804,0.7820310305279718,0.0215517678852336,0.7811289672501179,20.39027047202901,-1.6129311511154967,21.4007952570236,9.300401694701073,0.733940747733971,0.015307905107066,0.68959778494328,15.000658945664902,-2.0368960321557297,11.50649871196484,9.005905469752506,0.6255025261595328,0.0314649985869707,0.3010070934441967,2.8476863503587184,-0.9398123103424173,0.968443083532366,5.707817201300846,3.0848404050629084,1.7628409148310902,24.76727537687027,12.957770331176752,0.0659400493809272,0.5978976398947198,-1.3147356594520623,0.6017688994281163,0.0090613224540013,1.1629646706749717,0.37052045575226966,1.6603895413418583,0.6244125639799429,0.3405698388495281,1.1479616699039097,0.8502022884076224,2.6456594804958984,0.582880445407733,26.84208049860016,26.50313405938144,18.591978045630768,0.09256773588429484,0.20797808896317685
10_34_21_39_46_37_29,Q4: Strong/Tough,3.810676666666667,19.401268461825,368,11408,1.0,0.046195652173913,1.0,44.19242311122426,-0.01519376751572603,205.364321611665,3.845022312148114,1.0,0.046195652173913,1.0,44.19242311122426,-0.01519376751572603,205.364321611665,7.690044624296231,0.9611936607560364,0.0436028876251938,0.9696991721200594,39.903779990871875,-0.18708410754797242,150.60682181968275,8.398199219854837,0.9611936607560364,0.0436028876251938,0.9696991721200594,39.903779990871875,-0.18708410754797242,150.60682181968275,8.398199219854837,0.8141661986467164,0.027439071826271,0.8302048973995462,23.655189524403454,-1.2586830675337302,20.78325818077882,9.676811374926078,0.8142476483132042,0.0274489586654675,0.8302904306946156,23.66419085147123,-1.2580276080350379,20.814558204804342,9.676183163196528,0.7694886405180811,0.0360846274598247,0.7554253054472606,18.717694619306982,-0.6855159057282504,19.469037371203964,9.198433854760909,0.6908637692809736,0.0352118058264507,0.6037978677499821,10.028546926200004,-0.7433806306305834,8.956438262904198,9.147592682188115,0.5952283836643979,0.0250627160884294,0.23175647837076,-0.5405004659879554,-1.4162263338580685,0.8116960258539866,5.747319780732339,3.023053406414182,-0.8694416667137345,22.502884280921684,10.206525262276545,0.0155640775244699,0.5972813401115773,-1.679425796730702,0.5985346399221819,0.0083413355433756,-0.9011631986019548,-0.010171620115513216,-0.6963538494731489,0.5965147474312921,0.2509100528489559,0.6563743675432566,0.6782189975395629,2.861687173206428,0.6815874958012011,21.72414992035297,23.916880515018043,24.145921187944325,0.12006816570880259,0.27400225562834346
10_35_24_26_58_17_46,Q4: Strong/Tough,3.757412500000001,20.763849617195834,377,11687,1.0,0.0053050397877983,1.0,44.538595515138205,-2.714027283926631,205.35859973220624,3.878981426999951,1.0,0.0053050397877983,1.0,44.538595515138205,-2.714027283926631,205.35859973220624,7.757962853999901,0.9715632521521036,0.0106184124066965,0.9779958490794932,41.3736468695549,-2.3586605290272518,161.7324868311383,8.328436716608685,0.9715632521521036,0.0106184124066965,0.9779958490794932,41.3736468695549,-2.3586605290272518,161.7324868311383,8.328436716608685,0.7594071290595573,0.0399354163545951,0.7613091429772982,17.761128376740285,-0.39789298953980323,4.433999687295738,10.229469610928112,0.7594834524218725,0.0399477908725776,0.7614347026075059,17.769623002197388,-0.3970653622276806,4.438379630340898,10.228832565708812,0.7699753268617078,0.0416044902927289,0.7706421260486099,18.93734597725774,-0.28626268772883606,13.998424643295952,9.541818379955638,0.7198068724881614,0.025235643971819,0.6613137661377592,13.353705310263916,-1.3810369894254881,10.910106440173136,9.022873109924182,0.622396435427323,0.0408868512016665,0.2584135046864069,2.5121339572238077,-0.3342595238763201,0.8182737409119065,5.630093697704671,2.9894309256540335,1.7994337765483228,23.4341489065444,11.179131089990943,0.0451382729590207,0.6004465571612954,0.2970148422581567,0.600396097141772,0.0063652341414995,0.2660878447801134,-0.7448607310450164,0.19464265779464868,0.6208726786834919,0.2932392754496966,1.0167641945173196,1.3065439119377489,1.8798226255037285,1.1689195180029834,22.243239059754547,24.282295742627294,23.79428287511944,0.10881580106265165,0.27423270531137844
10_36_9_36_65_12_48,Q1: Weak/Brittle,3.102650833333333,12.204885052441668,385,11935,1.0,0.0051948051948051,1.0,44.77920145452574,-2.6993127878661385,205.37147017371944,3.919987113236156,1.0,0.0051948051948051,1.0,44.77920145452574,-2.6993127878661385,205.37147017371944,7.839974226472311,0.9987591077671844,0.0056250180306353,0.9990672177887758,44.64028583513221,-2.6704908729220427,203.41256594199857,7.924836288464337,0.9987147406417316,0.0056166188242739,0.9990339056394116,44.63531901645933,-2.6710535739648393,203.3790527366924,7.926986692917336,0.8132166458885056,0.0141061248160158,0.8246353832016671,23.869146058398385,-2.102302948151466,19.667812053800183,9.9168201723983,0.8133017405368854,0.0141321083130659,0.8247028270175836,23.878672248887895,-2.1005621954831204,19.697499190719757,9.916358184636705,0.7982742464411015,0.0249606440962826,0.7981945667509779,22.196371727502825,-1.375109323509431,24.333065016037533,9.352209526944796,0.7538238897931034,0.0433505615622909,0.7080385408464901,17.220235474309487,-0.1430850952890041,15.840716810362991,9.0489796728709,0.6065864311098167,0.0467868053289619,0.2270291055379734,0.7372708541604102,0.08712450638187406,0.6260862150344425,5.822143278422887,2.9536034009316103,0.7408530680736274,24.942262768998702,9.945405434417538,0.0244895934793175,0.5994210680595308,-0.39337030237392223,0.5993053349680244,0.0091015094273542,-0.4657967246519061,0.27685777661082744,-0.30657076402456146,0.606369823180054,0.2482856966689463,0.8047281411749746,0.2795460651951771,3.4402623703939152,1.8037028984519583,24.46905781303378,20.896001058144392,25.634973438200245,0.07829221183949428,0.18042827341211898
10_37_18_19_53_58_21,Q2: Weak/Tough,3.605705833333333,19.09840161042679,379,11749,1.0,0.0184696569920844,1.0,44.601299060790396,-1.8326693597696826,205.35728567491955,3.882609797084221,1.0,0.0184696569920844,1.0,44.601299060790396,-1.8326693597696826,205.35728567491955,7.765219594168445,0.9999917208587584,0.0184698413245846,0.9999937906017132,44.60037583645698,-1.8326569991116308,205.3871487803692,7.773423851314877,0.9990095823822984,0.0184545819431408,0.9992565294612914,44.49085552344481,-1.83368023698832,204.71145379801848,7.84298420665661,0.8007422907298133,0.0228604622587625,0.8065466308106717,22.38165568828232,-1.5382381421886533,19.47830183158163,9.736118408209526,0.8008054480159889,0.0228369341594428,0.8066561305492471,22.38869848918742,-1.539815849809312,19.500699967638457,9.735730081946318,0.7902328844794609,0.0365735657066433,0.7925548621286455,21.209729845137158,-0.6186879686441062,20.42911755667837,9.22496481917682,0.7102833764755224,0.02629766243919,0.6570647595821939,12.294393208168254,-1.3077521668999668,7.758387629734471,9.035600967735398,0.6152507292733367,0.0312248701439979,0.2686818066758493,1.6971042133685694,-0.9773517788866818,0.5965595150054477,5.655114789288321,2.9630811722015085,2.0130562307724875,23.761603316885807,11.27088460687633,0.0550198424435332,0.5990281052076432,-0.5963433379962955,0.6011156101602587,0.0101663041490295,0.6830084365538471,0.7415474411854478,1.024425436541615,0.6193659986459076,0.3062424918289663,1.317979375910081,0.4836722932324234,1.4324520057746304,0.3330498687773394,22.67132192818051,23.59609735302237,24.16133323450397,0.087295359834953,0.14699051369309424
10_38_10_30_56_46_26,Q4: Strong/Tough,3.720965,21.644597060775,379,11749,1.0,0.0408970976253298,1.0,44.601299060790396,-0.32876785382371104,205.3608650276769,3.8848487756871455,1.0,0.0408970976253298,1.0,44.601299060790396,-0.32876785382371104,205.36086502767685,7.769697551374291,0.9824777632083852,0.0390237141375072,0.9866711431403242,42.64735783550816,-0.45439004561203156,166.60323748353798,8.291611172582334,0.9824860090313012,0.0390225608853159,0.9866775092611814,42.648277344445496,-0.4544673784533304,166.6188996171994,8.291505053752745,0.7791231264545276,0.0345907516811186,0.7832687852996743,19.9708575215868,-0.7516481689523427,15.994764144309508,9.807408546400255,0.7791770961909364,0.0346043689909727,0.7833415329536675,19.976875799626352,-0.7507350423441216,15.998735441506687,9.80738853245352,0.7715718244801892,0.049456747806402,0.7649131411930744,19.128796065182115,0.24521073821425174,16.26697112277629,9.311352918558264,0.7201831768501246,0.0550710845007851,0.661882413559936,13.39834062675676,0.6216874636527464,8.205227467243601,8.947719486729017,0.6234079371673541,0.0741799754073866,0.2729862886302706,2.6067315044999027,1.9030592564196647,2.258931988237032,5.747735099168259,2.917193470930123,1.6763962410996813,24.5920025859493,11.525417019542266,0.0642489763239861,0.6012218382098784,0.7481115366052561,0.6020467810830471,0.0074558681946326,1.2536874047575708,-0.28013634148262967,1.2017300787743421,0.6251759778796409,0.2972349131579569,0.7159158309909239,0.9122912001683487,1.7116038235451387,1.642902883953389,25.54633513013534,22.207104934088058,22.711271127158614,0.14023964254294247,0.3324277660842373
10_38_12_41_41_33_41,Q4: Strong/Tough,3.950936666666667,19.09770306953021,380,11780,1.0,0.0223684210526315,1.0,44.55753400619793,-1.577476085186282,205.35788637453769,3.88825445204408,1.0,0.0223684210526315,1.0,44.55753400619793,-1.577476085186282,205.35788637453769,7.77650890408816,0.9984307464870064,0.0224239494188601,0.998821489462576,44.382760546184834,-1.573730175046446,203.88810206494824,7.886187156939814,0.997165968834503,0.0224034761099205,0.9978691529993574,44.241897667978776,-1.5751112921359913,202.8432339588592,7.920249023588938,0.7572774128363591,0.0302104073394231,0.7448134774539357,17.524638409237333,-1.0484604136786373,8.329491120861649,9.816127026254753,0.7573467270446015,0.0301867213400115,0.7449452048932445,17.532358184214598,-1.0500582569323498,8.339407099102713,9.815493813988802,0.7575467603108053,0.0318196626365511,0.731709792270824,17.554636615177266,-0.9399010206239337,12.261656461836976,9.243861702592149,0.714274602318127,0.022060793817023,0.6412520658851001,12.735259304887606,-1.5982284332098402,5.288562595991142,9.060831052806378,0.6222943303912526,0.0422646146962204,0.2834384555408137,2.491082538994468,-0.2352908459009962,1.1858555463379112,5.718641423797329,2.8678851250476476,2.182894108224284,24.877017199110703,12.516043633892446,0.0564054452996536,0.5992116119822032,-0.4979032908669571,0.5983466442017802,0.0077988969806808,-1.0282231558037978,-0.14692988529958312,-0.9685656424923306,0.6210934689020043,0.3276048953877292,0.9283911419943008,0.9859105159245704,1.3518983923107024,1.04609126093289,22.85888670355681,26.22633196918371,21.6100129075598,0.013617341215031779,0.183592550724816
10_38_24_26_40_48_30,Q1: Weak/Brittle,2.9363483333333336,12.098972540246876,372,11532,1.0,0.0120967741935483,1.0,43.92333013321453,-2.2707148477590096,205.352254173372,3.860836782373724,1.0,0.0120967741935483,1.0,43.92333013321453,-2.2707148477590096,205.352254173372,7.721673564747448,0.9777115188020914,0.0134704265453848,0.9829707109209292,41.4755793513646,-2.179303060771262,160.5943036266721,8.316715935979326,0.977772641783428,0.0134714198118586,0.9830185725743844,41.482291958833336,-2.1792369623416237,160.63283780007575,8.316036651240859,0.797042899082481,0.0300652573817277,0.8042358803359011,21.634310166279004,-1.074974778960083,13.950902909287224,9.825820447807512,0.7971285643351211,0.0300420704406238,0.8043710752830443,21.64371803876997,-1.0765177892554125,13.971071530494322,9.824968070167822,0.7861887575343715,0.033952590689472,0.7827976801439177,20.44229384068083,-0.8162862659583634,23.274557991386853,9.117164682136568,0.716843562835164,0.0337613093301569,0.6624823164523516,12.826711915859155,-0.8290153752188409,10.541745416723629,8.813129064801554,0.620243243088927,0.0564239598916497,0.2807413478605584,2.2179357464002853,0.6791052077913226,1.746948058013336,5.555635966283256,2.9815823139062867,2.237263592355738,24.30049480122248,11.343691703082436,0.0588973775650204,0.5997828613189563,-0.11472819743828154,0.5990648259232242,0.0058662861209229,-0.5405879289141643,-0.8926668041810171,-0.8849089686293516,0.6163925866686398,0.3100523775238456,1.0963302007908335,0.5478878797909201,1.6323047433196691,0.7062918555222607,25.35256026472255,22.545434344782905,22.240750792716383,0.1376400950940009,0.17963993778117507
10_38_7_51_19_63_28,Q4: Strong/Tough,3.919929166666666,18.106443385575417,382,11842,1.0,0.006544502617801,1.0,44.71457616936401,-2.638035058767123,205.36006615735883,3.8944124608678328,1.0,0.006544502617801,1.0,44.71457616936401,-2.638035058767123,205.36006615735883,7.788824921735665,0.9996395212954968,0.0065503151807095,0.9997295602608376,44.6742831841102,-2.6376410276902176,204.99649090989035,7.843464392809633,0.9951189273311986,0.0063829119352642,0.9963244865198272,44.1689877986506,-2.6489892198936653,200.5876113950635,7.987423363484527,0.7881660777289876,0.0150144039517077,0.791512181270872,21.03655857860105,-2.0638641815793357,12.847270012135176,9.955186930173094,0.788260814077675,0.0149819783655474,0.7916193103707958,21.047147859612593,-2.0660622977692444,12.860529570217617,9.954471516842554,0.7684656664739039,0.0088604426233383,0.7614644624236321,18.834518984364788,-2.481038506850939,12.844052618642706,9.377785479954486,0.7112065907130045,0.0199191790202496,0.6495777030029943,12.434309855616895,-1.7313716421161232,8.30914968029552,9.012097059944953,0.6099350548327575,0.0215639331946548,0.2810054465791377,1.1145496287903507,-1.619874481777784,0.839728302487711,5.698129834537276,2.5794369044560153,1.2867959277171017,23.47288523741854,12.244146069883696,0.0415790110522081,0.5963969198334045,-2.2181995121536624,0.6042443519403841,0.0077069500191222,2.6097665109206583,-0.22128631228804166,1.772892158339998,0.6135029409230652,0.3009716221172133,0.5833552628056883,2.158294396758695,1.380798323243413,0.8949242485584445,23.300033904988943,25.963526443295244,21.49638428109504,0.05657686731768235,0.06963179951817859
10_39_28_18_27_53_41,Q1: Weak/Brittle,3.5097183333333337,16.652472914802082,384,11904,1.0,0.01171875,1.0,44.982742523580626,-2.2652646690329603,205.36659590430045,3.904672932090034,1.0,0.01171875,1.0,44.982742523580626,-2.2652646690329603,205.36659590430045,7.809345864180069,0.981124209673367,0.0107470625408201,0.985595762536286,42.859773766628905,-2.3301524062847547,157.6360236602095,8.368249400197463,0.9811098838780764,0.0107451633817359,0.985584515303978,42.85816253789124,-2.3302792290964423,157.6203701587655,8.3682708744173,0.7982585454305888,0.0228520374603058,0.8082744913581567,22.2927890105585,-1.5218015064202288,17.738722885476996,9.71841199695079,0.7983450400573542,0.0228004957240843,0.8083851999226086,22.3025171007253,-1.5252433812801398,17.75062637052763,9.717993449251496,0.796439036765305,0.018792983405664,0.7972362928404042,22.08814804016426,-1.7928586560213164,17.621071543356454,9.137503087185651,0.7410719552897351,0.0159289284299663,0.6920062480015012,15.860987105324488,-1.9841156749136013,12.080304763974745,8.96451020548138,0.6132638903098759,0.0201135556522883,0.2630861948083852,1.4863556783236669,-1.70467294964893,1.5496070290241073,5.725146759823784,2.78456064517937,1.7225701245492653,23.125115390991205,11.590188263083016,0.0207861435134647,0.5997333385567616,-0.15919734508622813,0.5973786441649305,0.0071859407766295,-1.601319376616415,-0.3678713613681025,-1.853790395034987,0.6158701680415917,0.2997997209883587,0.953149673160814,0.6105217388637468,2.045383920115891,1.7292364216678509,24.61747792403203,21.665591877243852,24.56732474554999,0.07290632486961356,0.0838560815921392
10_3_12_74_87_21_9,Q4: Strong/Tough,4.236379166666667,19.232000938526248,378,11718,1.0,0.0317460317460317,1.0,44.79242860437828,-0.94657798738166,205.35641918305376,3.88175699300565,1.0,0.0317460317460317,1.0,44.79242860437828,-0.94657798738166,205.35641918305373,7.763513986011301,0.9897792615839812,0.0314032711367196,0.9922596676186516,43.647480711659796,-0.9695596214404214,194.0815508738488,8.084441654930865,0.9841707403162752,0.0311402378245881,0.9879831310494394,43.01920275899616,-0.9871956483362825,185.28970452126876,8.212623690892302,0.8075149396382519,0.041821923320826,0.8218760866570206,23.229860884655743,-0.2710031205601664,20.944768893349284,9.911148489532293,0.8076009746578132,0.041814947534702,0.8219638080429669,23.23949870242753,-0.27147083756036566,20.998054349912724,9.910416880344886,0.7625798840492833,0.0282987202688697,0.7647951830304031,18.196144619582004,-1.1777155472480156,25.455876517808843,9.15236279945187,0.7080998861271206,0.0339185264332455,0.6642757888859806,12.093184512656077,-0.8009151645842814,11.023997921462884,8.86397323526868,0.6078027078321212,0.027568269707152,0.2354414054816783,0.8576907293017106,-1.2266912668941647,0.94009766311653,5.529450837199427,2.8725800488566797,1.3025126861508514,24.774818712815883,10.101688281838868,0.012198077084394,0.5989489373956148,-0.6545757348848459,0.6019276706500531,0.0078504651035677,1.2171847029529734,-0.12791508558651968,0.7972504573353175,0.6081507896176132,0.2398339266211742,0.623340309843519,2.170983328956361,1.3370136301552646,1.7468037995721892,22.75415405954954,25.208879160048127,22.426132270967216,0.09007020733703378,0.15102041490062684
10_3_12_76_85_23_7,Q4: Strong/Tough,4.2123225,20.97289783302875,376,11656,1.0,0.0186170212765957,1.0,44.41013672625182,-1.8150642004346385,205.3733023259509,3.8752373732453873,1.0,0.0186170212765957,1.0,44.41013672625182,-1.8150642004346385,205.3733023259509,7.750474746490775,0.9994085568594936,0.0186043640623365,0.999556217303476,44.344472318061335,-1.8159046760113213,204.7181043997768,7.833978066706778,0.9988172173801924,0.0185716938598204,0.9991120819994724,44.27881941875687,-1.8180740717991903,204.12720178865183,7.864971983279678,0.8117350667731003,0.0263094575005041,0.8300663610476622,23.50820283488695,-1.3042642219412262,21.556671299161696,10.00425054828048,0.8118042152391133,0.02626769872664,0.8301497757918468,23.515879977095647,-1.3070371251114075,21.585368695802924,10.00353123705596,0.7918337259265326,0.039967798617991,0.793283861478066,21.29867552890089,-0.39731093094296066,32.97015463259091,9.089306790781183,0.7044351487167154,0.0406125440305411,0.6543322231326169,11.595332204537558,-0.3544979737369291,9.92336652392812,8.684857073055328,0.6153475448194322,0.0390310810574033,0.2088681175562661,1.7044663099480517,-0.4595116818982272,1.480829631589087,5.55861233597861,2.829260280425734,2.361672159351932,23.808475531992613,9.257893794780879,0.0341586079819691,0.5994578884479752,-0.3685846056051715,0.6021641666139537,0.0077668170113393,1.367557601519053,-0.19339193339979974,1.052907195320639,0.6154032209919766,0.2105241312344483,1.016392015284474,0.9139903094767344,1.512601572074594,0.6200216908238518,23.52114416629449,22.737190917649777,24.064008456573056,0.07711426336896444,0.15098305557990316
10_3_14_84_73_27_5,Q4: Strong/Tough,4.248970833333334,20.82544612686667,370,11470,1.0,0.0378378378378378,1.0,43.988225518259135,-0.5537216576656424,205.35609491222155,3.8565217565396224,1.0,0.0378378378378378,1.0,43.988225518259135,-0.5537216576656424,205.35609491222155,7.713043513079245,0.9951647829937842,0.0377249826069019,0.9963599995838212,43.456327539516856,-0.5611517374753344,200.6650291380148,7.944136278658606,0.969703123871766,0.0370601704265118,0.976635914955667,40.655418086018415,-0.6049211535475012,173.3231043193633,8.319894729659756,0.8039606239127499,0.0322789447662322,0.8198618678269619,22.422916709852103,-0.9197039770765498,16.3087609930484,10.143971751644306,0.8039896572741856,0.0322513479734505,0.819917310933418,22.426110524368365,-0.9215208744517014,16.32695641796322,10.143512968879408,0.779334040245665,0.0525021600463612,0.7820232064493113,19.713869720024945,0.4117372179291951,24.60209480911834,9.196426305071324,0.7021599170249107,0.0542442019685109,0.6503891919069086,11.22433138088582,0.5264284945856889,9.04045445326211,8.594970016632864,0.6014249606173852,0.0455136359642557,0.2144877227665842,0.1429839185124486,-0.04836809798205493,1.0711501013963451,5.290045426030826,3.0108188659145885,0.10472220485929903,23.302240926841485,9.202221713430765,-0.0029520374545462,0.5990878545467335,-0.596907632404906,0.6004221159079061,0.0076538010098821,0.2268168201187582,-0.23655798457944338,0.1791627454976702,0.6019026570990534,0.2187427599107186,0.93997733429802,0.8324878881719988,1.7808192156904064,0.5086318806492437,24.46628603914,21.812889560200794,23.59609866855379,0.08306101733680145,0.20442119979586512
10_3_15_72_85_27_4,Q4: Strong/Tough,3.90021,19.04405348803333,374,11594,1.0,0.03475935828877,1.0,44.228901369510815,-0.7544906854375425,205.36641745124328,3.866436088749043,1.0,0.03475935828877,1.0,44.228901369510815,-0.7544906854375425,205.3664174512433,7.732872177498087,0.999996273384136,0.034759158963654,0.9999972050302532,44.22848923661624,-0.7545040143326969,205.36619193999263,7.739405115391428,0.9813042108603096,0.0331505961102286,0.9856826900982356,42.161301709237144,-0.8620688112498733,186.1660367750951,8.177369291962727,0.8081125919396148,0.031936790214242,0.8240778449408774,23.007740992056053,-0.9432361616090089,19.82580372868272,9.866340063760024,0.8082179115445072,0.0318875900225406,0.8242070053301896,23.01938846933923,-0.9465261845119856,19.87713814358364,9.865365208145212,0.7957572973032314,0.0284849294120718,0.8012006603001072,21.641347586466413,-1.1740625202937982,34.60830016957166,8.960619174645686,0.7140526612598335,0.0215402499212901,0.6738330431047859,12.605490556635218,-1.6384540965943988,13.613450226018784,8.625284817244909,0.6058237743062852,0.030372371854691,0.1887012843511941,0.6362707379386967,-1.047849010762068,0.8424329710112223,5.509111516096011,2.8857477589037215,1.4618715927955472,25.43469378518224,7.831900388302861,0.0061139147547467,0.6014595039428573,0.9677190093426271,0.5990765691971552,0.0061375197408679,-0.53056213325052,-0.7843642822538613,-0.49568782974861353,0.6069860309046702,0.1909603273742074,0.6038567470399924,0.5679346953527209,1.5954506751564324,0.6896041712458078,22.958540298679637,24.896690835936237,22.33029277630344,0.03620760963667245,0.03121406045395391
10_3_15_85_73_22_8,Q1: Weak/Brittle,3.5943791666666662,17.665309882072293,369,11439,1.0,0.0203252032520325,1.0,44.095197579514426,-1.7313158189611395,205.36490256027463,3.8530586190930594,1.0,0.0203252032520325,1.0,44.095197579514426,-1.7313158189611395,205.36490256027463,7.706117238186119,0.9819885720261612,0.020072740400707,0.9863113389491048,42.109798311060956,-1.748008027746031,183.82599761074744,8.201048014942623,0.9820050655091996,0.0200674164260248,0.9863239940338976,42.11161638729602,-1.7483600355622075,183.8448213025193,8.200851672180956,0.7909746102207619,0.0447747643149465,0.8033114455085872,21.054333936793928,-0.11477233219312857,11.036021522724582,10.226396101870863,0.7910541897233471,0.0448032624784645,0.8034062232142244,21.063105983432653,-0.11288810529427637,11.05228287551373,10.225644103252533,0.7840053196909595,0.0506072942732522,0.7913838165163012,20.286109210825117,0.27085987982150495,28.38049422284051,9.146545139625584,0.7205624848679503,0.0240652190041141,0.6750561178215242,13.292807067920608,-1.4840353835831843,9.546676546064196,8.57767794031643,0.619741854072668,0.0362920272916628,0.227298135258866,2.1793513820797976,-0.6756295700662075,0.9858216785740952,5.184087410347153,2.9007119811336457,2.0306292027444734,23.458912446792546,9.079773853084937,0.0404318593844298,0.599901906357942,-0.07585976420469544,0.5994428843304568,0.0093298396299493,-0.3681206855744052,0.3958363614366029,-0.41559718712255284,0.6198246562174646,0.2290192351830889,0.2129679637472928,0.9363141410309904,1.3828466678736917,0.7258959092801023,21.57896644491784,26.25542695429406,22.17802730444528,0.1266986971552473,0.23234107701020332
10_3_21_63_87_24_8,Q4: Strong/Tough,4.456910833333333,22.327932627725,375,11625,1.0,0.0479999999999999,1.0,44.239406385010234,0.1382538688787068,205.365201266614,3.871163683811192,1.0,0.0479999999999999,1.0,44.239406385010234,0.1382538688787068,205.36520126661404,7.742327367622386,0.9792586639594392,0.0464106542221396,0.984207002192746,41.944941910893064,0.031743332196633486,182.8177435962058,8.230204867434843,0.979289175979751,0.0464047693797188,0.9842307727112476,41.94831723572759,0.03134895752168191,182.8458888107648,8.22988989074157,0.7836397322265751,0.0462875545945292,0.7973859599385843,20.30502978333888,0.023493769650339134,16.690160107034668,10.053432062641525,0.7837296592053017,0.0462482871336472,0.7974814388453897,20.314977756678175,0.020862247680139376,16.706981638891843,10.052720310357715,0.7785096735034085,0.0459757734919857,0.7807954092544575,19.737528371307256,0.0025996552154401494,23.69428750435381,9.21391878209089,0.7293345935659032,0.0461946938318152,0.7044778790853328,14.297643799366872,0.017270674707028567,12.627722514096154,8.666782490857019,0.6174421253525203,0.0493232031800943,0.2012014433795004,1.919786715578443,0.2269287707248102,1.5277330058766834,5.531272358902916,2.894520113422034,2.234252238231488,25.827647728030524,8.680120446798744,0.0398563366974164,0.5997061930202924,-0.18726694068999455,0.5993062413498726,0.0054756431950464,-0.4375884594007738,-0.9994142654620009,-0.3795350057776962,0.6169035880660277,0.2037595412420153,1.3817281666919616,1.7382027303011236,2.43864025351063,0.7744670522779871,20.737145643402968,24.347382725735272,25.37457763800292,0.0620698829133941,0.23950976636030852
10_40_19_21_35_57_34,Q1: Weak/Brittle,3.5866783333333334,12.838356068578332,385,11935,1.0,0.0129870129870129,1.0,44.77920145452574,-2.177277340503588,205.36153758889125,3.906145710816135,1.0,0.0129870129870129,1.0,44.77920145452574,-2.177277340503588,205.36153758889125,7.81229142163227,0.9417709819040434,0.0121417498969169,0.9539219526214816,38.260569214300716,-2.2339053600770105,131.85831920760472,8.686228306737739,0.9417709819040434,0.0121417498969169,0.9539219526214816,38.260569214300716,-2.2339053600770105,131.85831920760472,8.686228306737739,0.8017229729605329,0.0194004409992114,0.8099711550732688,22.58245036342002,-1.7476126227808928,21.621792578167454,9.474357402733547,0.8017911010030877,0.0193626152731602,0.8100335152113611,22.590077173371196,-1.7501467402412483,21.634965565997764,9.474150762347154,0.7810996594171646,0.020711945581319,0.7760067812671054,20.273708073750452,-1.6597489646886092,20.345130732893335,9.164800016623792,0.7295950058825985,0.0270338001419727,0.6845719413446938,14.507856166394383,-1.2362191690596913,12.369094856747347,8.943996916375276,0.6142441194794187,0.0393904757374797,0.2558692622676677,1.5945350829582188,-0.4083892594331778,0.5928452782213552,5.680853250600176,2.7701531038670324,1.629808839554022,24.342036173220944,11.345171474460765,0.0294595827847647,0.6001694884031611,0.0749953754427995,0.6018931362595544,0.0086317725357938,1.15366393843388,0.10225654605310223,1.0425644043176299,0.6116834445576025,0.2976979936272064,1.048464655285237,1.655164680999898,2.123809165512078,1.7796210083985495,23.4995698035082,24.89608677422106,22.48565397528835,0.1579052891898307,0.24458540976833112
10_40_31_28_24_40_43,Q1: Weak/Brittle,2.6791425,11.4362592250375,370,11470,1.0,0.0108108108108108,1.0,43.988225518259135,-2.3331072135161786,205.3651209245651,3.854571186884486,1.0,0.0108108108108108,1.0,43.988225518259135,-2.3331072135161786,205.3651209245651,7.709142373768972,0.984304980811629,0.0116055334055516,0.9880592679748385,42.26169515325504,-2.280784850994554,169.72921668037833,8.186430077549968,0.984339055074348,0.0116090722489229,0.9880857113136168,42.26544349204606,-2.2805518632237196,169.74919619517254,8.18617728638436,0.8263803786109234,0.0271184360301291,0.840322600551257,24.889201510001953,-1.2594577611934574,21.729600562656294,9.43802752111344,0.8265108023344352,0.0271022851039228,0.8404925501207855,24.903548769871943,-1.2605210940112461,21.769462939437005,9.43725903669305,0.7881967451814875,0.0315872277150068,0.7922679773000445,20.688811451801026,-0.9652447362749319,20.07946425249674,9.088240638719745,0.7409075897987071,0.0561763754288094,0.6955325593874551,15.486768579227684,0.6536375118118459,10.345826792507388,8.86621564089475,0.6091179640566393,0.0389945157755311,0.2635261725144231,0.9892526536150149,-0.4775691451068519,1.121414106963162,5.84500886646052,3.2067522217935087,1.35732689339545,24.75335076238097,11.816069684462303,0.0306275716799942,0.5985678492594907,-0.9179399900886271,0.6010848427376976,0.005737562044072,0.6359602690177227,-0.9473971247997236,1.295915167802955,0.6166551612984719,0.3033129347756644,1.275258958081129,0.6228460245992054,1.8683904958186477,1.0537951190378747,19.119817433158577,27.368240723355797,24.082340847357173,0.21800522554026175,0.3757210685266829
10_42_3_39_55_41_26,Q1: Weak/Brittle,3.3721175000000003,13.066667353177085,373,11563,1.0,0.0067024128686327,1.0,44.29201478100146,-2.5907873947248805,205.36284533739223,3.864931623856559,1.0,0.0067024128686327,1.0,44.29201478100146,-2.5907873947248805,205.36284533739223,7.729863247713118,0.9987817484226328,0.006759246532526,0.9990853194911335,44.157130826880724,-2.587048001832154,204.25825666259945,7.821421615388843,0.9864117236875564,0.0079375975368821,0.9896918853941477,42.78753042591567,-2.509517941846955,164.96961457808837,8.235838681357047,0.7504202540754941,0.0136950597419961,0.7311148801668942,16.658721605630273,-2.1307034897228827,5.716203359280073,9.708119481430291,0.7505364593572189,0.0137424257092937,0.7312522163741104,16.671587772339972,-2.12758702758871,5.731939412035387,9.70720470034786,0.7399158603443724,0.03759565562679,0.7152154360959966,15.49568255161417,-0.5581545414214869,9.753199738163085,9.211665659744574,0.7260916789352734,0.0509948623462881,0.663294896537501,13.965078950860843,0.32345144599347614,9.146683484693616,8.773636668560249,0.601175480450797,0.0544496376631737,0.269414017008953,0.13444569058609437,0.5507597238863527,1.4228684595385666,5.597455346965296,3.033189570050934,0.22698279356672194,23.27345721438501,11.50536609549779,0.0037417795335681,0.5991366896662191,-0.5462169287096851,0.5972815581023143,0.0078523373680829,-1.686277949576827,-0.21350579720040666,-1.710702648167588,0.603078613292864,0.2959239890583714,0.7130302896714552,1.0759919208679176,1.5027211113590857,1.697174603055245,23.072691499271077,24.198708465877235,22.73724152160223,0.1916667421189371,0.2868291989871019
10_44_16_35_44_13_54,Q1: Weak/Brittle,3.2343475000000006,16.25212103217917,373,11563,1.0,0.0134048257372654,1.0,44.29201478100146,-2.149799548293997,205.36728126697335,3.86266863426791,1.0,0.0134048257372654,1.0,44.29201478100146,-2.149799548293997,205.36728126697335,7.725337268535819,0.9872796986327368,0.0132078885086768,0.9903540143058148,42.88363199874242,-2.162757109402146,165.9009733710401,8.19391383478838,0.9873171986561334,0.0132148259025924,0.9903829576398168,42.887783974844346,-2.1623006608868662,165.9282365767547,8.193567014022028,0.7873464204771886,0.0433953199632404,0.7917307354414619,20.74716066642337,-0.17656338374710018,15.502844528738356,9.775260192005767,0.7874180783069156,0.043422912248816,0.791815307291786,20.755094570714444,-0.17474793864806215,15.516507847459591,9.774271451772083,0.7850663256095728,0.0341714350990554,0.7802233998416982,20.494710173250954,-0.7834524551470184,19.18791886865944,9.124847181881416,0.7274002372703625,0.0215600455250719,0.659305529614838,14.109961605407385,-1.613223708833816,8.968156513555668,8.8583152347081,0.6048620485402779,0.0487890837208686,0.2423878753332291,0.542619905405624,0.17832138838700476,1.3052537235451445,5.8595656078837735,3.1483839125068247,0.5479733687745229,22.78039623930789,10.655046371214619,0.0262464354912518,0.6006472806755786,0.38210856677060884,0.5972026198524739,0.0106931385837753,-1.734789022025556,0.8312521787717602,-1.969036299691786,0.6088987793482751,0.2728896676399415,0.7721480860788303,0.5148922295671259,1.269920265886413,0.951539834707653,20.90940570134841,24.632467248418884,24.69701316284154,0.046740717960279225,0.19198628111697932
10_48_16_27_23_55_37,Q1: Weak/Brittle,3.2347208333333337,15.549276472023957,375,11625,1.0,0.012,1.0,44.239406385010234,-2.2742981219893696,205.3602337409941,3.871164067811193,1.0,0.012,1.0,44.239406385010234,-2.2742981219893696,205.3602337409941,7.742328135622387,0.9855917246565998,0.0131805019528967,0.9890434317683616,42.64552275841642,-2.195186390414797,166.33182968134287,8.22627124029571,0.9856229001591084,0.0131771542317378,0.9890675516872036,42.64897147950308,-2.195410739063319,166.36452970880464,8.225875748228116,0.8018346503159077,0.0306464007523338,0.8131036079115229,22.317802397591205,-1.0247033648347297,18.395805946005225,9.666590535296212,0.80188709080292,0.0306381022380275,0.8131683384847745,22.323603510606283,-1.0252594925350327,18.4222638581394,9.665992614381352,0.7799460849521462,0.0422449792969563,0.7722374051659178,19.89642821425367,-0.24742076041615046,14.917078513423272,9.253131962526236,0.7083357050259832,0.0503815692588709,0.6364991316663433,11.974688149037899,0.2978555260142473,6.204814548651583,9.067901973202405,0.6156227083696387,0.016566995156738,0.2987402796084004,1.7185177316198599,-1.9682394203873375,1.4157833638735229,5.763005988029322,3.0577911856559306,1.2224073579052308,23.764248426065713,12.156069382893783,0.0494565518917864,0.5985584582086542,-0.9056105366174667,0.6007628303781879,0.0100945122356299,0.47406063390763803,0.683727723130133,0.8199951040491346,0.6163820655607253,0.3461964146943676,0.7532577265567434,0.726488955817048,1.3723312202872255,1.1873442559798535,23.238258879263604,23.91634300052813,23.036800518438245,0.21616466371417728,0.30959510845365884
10_4_16_77_77_25_7,Q4: Strong/Tough,4.197255,19.12371368776458,371,11501,1.0,0.045822102425876,1.0,44.231396870145275,-0.03528349256415669,205.3514392269426,3.8603025498981336,1.0,0.045822102425876,1.0,44.231396870145275,-0.03528349256415669,205.3514392269426,7.720605099796267,0.9892250390402804,0.0447380851915476,0.9918518099034006,43.04012681884288,-0.10788195592431844,194.5236491357222,8.0715111974971,0.9789586148310384,0.0441559539935713,0.983972023854078,41.90508013606083,-0.1468682645444696,180.81076729536255,8.239285139734502,0.7870979563764922,0.0298407204557247,0.7955037317523698,20.693137253438476,-1.1055836101850687,16.3174403992205,10.16975330062748,0.7872358712082548,0.0298593427496581,0.7956915812434115,20.70838499394755,-1.1043364437369783,16.358506052527456,10.168684086985833,0.7724402599136604,0.0317876690454301,0.7730225369178771,19.07259543592948,-0.9751931778397592,22.20849651912198,9.182847932226494,0.7092839404479158,0.0394178225134494,0.6408315005717559,12.09008921513796,-0.46418892491973784,10.215619532140964,8.68278872728495,0.6118035744674206,0.054373841276308,0.2276933713695803,1.3127470960643028,0.5374408885047507,0.5438888595049017,5.435648297750596,2.804990374392483,1.4829071186671041,23.35885156397984,9.420349801099015,0.0359151949158654,0.6021857001872487,1.3203434775206067,0.5978202808409053,0.0023264342887399,-1.3396112718657718,-2.203560033098724,-1.2305552742696455,0.6114583921768026,0.2269906912134276,1.1938928917785303,0.6932950499072565,1.839476643615372,0.8794163213194436,23.6078693679014,21.8739127743418,24.40885250344056,0.13051284969087323,0.12138108859722585
10_4_9_80_82_24_7,Q4: Strong/Tough,4.013555833333333,21.36373294600833,376,11656,1.0,0.0132978723404255,1.0,44.41013672625182,-2.1682710497490834,205.348782324489,3.872343197323796,1.0,0.0132978723404255,1.0,44.41013672625182,-2.1682710497490834,205.348782324489,7.744686394647593,0.9826541830795108,0.0172382992538082,0.9868231664647328,42.48433401647783,-1.9066153240434904,185.6354649222711,8.218112916998777,0.9826513507476328,0.0172240364934016,0.9868209216757922,42.48401955954388,-1.9075624125206498,185.64361680870505,8.217942561480047,0.7956591767707717,0.0336649203335982,0.8126700459525287,21.72339254486575,-0.815840249666211,16.404617964983895,10.085950275289404,0.7957951197918108,0.0336552257410188,0.8128413643346327,21.738485488570397,-0.8164839986082782,16.438215774265732,10.084741086430526,0.790237652135593,0.0197374955907533,0.7991606625393877,21.121472964981297,-1.7406614704132606,27.15308791000811,9.202181641669206,0.7106189360472384,0.0254725858232806,0.6760820298103392,12.281881270077406,-1.3598349179190365,12.84379822243023,8.712553678848666,0.6090450878752992,0.0585535755504375,0.2234965481360372,1.0047420642189,0.8368383269827007,1.218461561486378,5.548770941045061,2.910515514160275,0.7229338948130045,25.2979170335622,9.168252177035177,0.0113390872323567,0.5998883415514693,-0.09243863858720959,0.5967537865872344,0.0067599120346315,-2.1033306608384943,-0.5683022575672222,-2.0781980407447587,0.6088061225518033,0.224067295808914,0.4890423072289097,0.8199870331326028,1.1538196817510673,1.5211632693855304,25.862810265861235,23.270406160473662,21.41463310769532,0.14029264940431058,0.14741827918300832
10_5_10_79_78_28_6,Q4: Strong/Tough,4.425084166666666,23.61742292274271,375,11625,1.0,0.0559999999999999,1.0,44.239406385010234,0.6743765335160586,205.35647243345093,3.871808215753694,1.0,0.0559999999999999,1.0,44.239406385010234,0.6743765335160586,205.35647243345105,7.74361643150739,0.9970438748735776,0.055713489256504,0.9977781345434336,43.91239157408594,0.6551759206097773,202.65242440165036,7.920964590947979,0.9787198751954624,0.0538525294083327,0.9837708695979112,41.88533959426406,0.5304630765366875,181.32105576174595,8.264036556694215,0.7847023462185749,0.0435359884158199,0.7968094230616092,20.42257910849207,-0.16090335430661665,14.016271500894026,10.103567075953748,0.7848099828580533,0.0435660502333091,0.7969439539905554,20.43448617392476,-0.15888875159459728,14.035108240419897,10.102395562881885,0.766747364221674,0.0443516071068076,0.7715791413607633,18.43634889435642,-0.10624439606407222,19.06694033771273,9.330763371155602,0.7029743238569076,0.0437577448583926,0.6510927038993598,11.381597202505406,-0.1460422724450444,10.039631630740676,8.778533468234222,0.6053664713105997,0.0681650124167068,0.2029127245855106,0.5839441668278078,1.489618892539981,2.0068629514064606,5.468259907970921,2.9497831608434804,0.4650465217693273,23.802063168693174,9.10284211060754,0.0440569629132573,0.60129878615345,0.8095043226028964,0.5975995529515777,0.0077689686813235,-1.5057696008344426,-0.1637134942243237,-0.9688534871427847,0.6058926408078681,0.2058785474866327,1.140402703722078,0.4535396130143075,1.8120702348977615,2.0016574888728984,22.271681313539816,21.882857935776443,26.188944339594357,0.08557048342754363,0.27110118565539304
10_5_11_75_88_20_7,Q4: Strong/Tough,3.7108916666666665,19.11661326180625,373,11563,1.0,0.0187667560321715,1.0,44.29201478100146,-1.7970092711492947,205.36210785991116,3.862345235142453,1.0,0.0187667560321715,1.0,44.29201478100146,-1.7970092711492947,205.36210785991116,7.724690470284907,0.9825890753952446,0.0180564530921347,0.9867679149697656,42.36428950716045,-1.8437439277542755,185.22758494604452,8.179532104085267,0.9826425593987088,0.0180649626525801,0.9868094208644967,42.37021121824499,-1.8431840379342297,185.29290502682247,8.178552124381081,0.7980301691066322,0.044066353844308,0.8165646000628448,21.930057768092368,-0.13241245006185157,16.967656207598875,9.940893373708745,0.7980925813842225,0.0440872874497446,0.8166464509498979,21.93696801138157,-0.13103511539738733,17.00103413610661,9.9404310439116,0.769073157914456,0.0264205104154148,0.7726831305068648,18.723957942996982,-1.2934275418927463,19.718103717369484,9.152851440999797,0.6939839750787744,0.0287380290587133,0.641786047072149,10.410136659497947,-1.1409455066014595,7.291421445591989,8.881876046259183,0.5992449009767638,0.0586182725571632,0.2334398048816932,-0.07930670509289289,0.8250366686953468,0.4880010657006395,5.52861926850948,2.7673236391506104,-0.13227810534634823,24.3673662145081,10.42475953487199,0.0124800912778704,0.5987386005581132,-0.7908604266770298,0.6014207507652111,0.0099136691297414,0.8574404069234999,0.5445876544713152,1.3601921805530441,0.5996115706933801,0.2390583506250157,0.6340849632080194,0.5331208189967382,0.6246230309670114,1.945297367182593,23.931550045082176,22.51975623255222,23.59976062153593,0.20160196663395305,0.436514332652381
10_5_17_69_84_24_7,Q4: Strong/Tough,4.53229,28.55784158652292,372,11532,1.0,0.0201612903225806,1.0,43.92333013321453,-1.734049344612765,205.3578847827721,3.859864344591213,1.0,0.0201612903225806,1.0,43.92333013321453,-1.734049344612765,205.3578847827721,7.719728689182425,0.9625962962784164,0.0223573067602358,0.9710885121818942,39.81560542036239,-1.587912087575241,166.07287016399627,8.465530586690814,0.9725428526678808,0.0214134865547308,0.9789604991528,40.90794953133351,-1.6507200400131403,171.96764270112865,8.3528608214537,0.7978715550922765,0.0268214223751164,0.8150246228367808,21.725314276332576,-1.2908407178574421,17.365064011326094,10.07635395402584,0.7979725135722138,0.0268283146031254,0.8151468178710355,21.736401671476578,-1.2903820640519235,17.373484985226163,10.07561926769003,0.7821314179118362,0.0343863374846385,0.7874578435252152,19.99671138285847,-0.787421925142167,24.77484655861849,9.178185772386202,0.7067307750014051,0.0327278156673005,0.6509927153821828,11.716112045595741,-0.8977907843941759,7.276839897901315,8.851384383511567,0.6082288577448136,0.0389527880766158,0.2280184613335844,0.8984998970764976,-0.483540518579709,1.759681108291538,5.4859514976946295,2.8208825859161943,0.7278848926194045,23.207630532533017,9.538944613168274,0.0226224363817405,0.6001768004013264,0.1189131980042344,0.599993755031812,0.0086252200960773,0.010350789559410427,0.12955922845911885,-0.005878495266280646,0.6073976538022724,0.2311767930726906,0.3209343154405584,2.1625616649316366,1.135833140279038,2.105892996626598,24.291642800005505,21.24395874258541,24.717327512995052,0.0888161794970819,0.14952927647581998
10_5_27_58_46_63_7,Q4: Strong/Tough,4.127761666666667,21.936691910705004,387,11997,1.0,0.0387596899224806,1.0,45.36668422832275,-0.4591052215158871,205.3552157900269,3.911301116630128,1.0,0.0387596899224806,1.0,45.36668422832275,-0.4591052215158871,205.35521579002685,7.8226022332602545,0.9720583599006368,0.0384985764319853,0.9785857886630784,42.197718359049574,-0.4767696654073453,175.91629171798658,8.364489699859876,0.9719097210614648,0.0384928677763778,0.978469128069548,42.18086067258201,-0.4771558585009424,175.80634133406295,8.365816999492491,0.783556033703676,0.0523824746014041,0.7932330778733807,20.81896479009274,0.46248222748875945,17.149430027091885,10.187732874495454,0.7836868806685401,0.0523348398216136,0.7934107898792926,20.833804633576435,0.45925971342678906,17.201450930211507,10.18624490983681,0.7857436595334704,0.0279954228452524,0.78435710682339,21.06707161434164,-1.1873126820254483,26.735537295798423,9.16195204342436,0.7250858353581315,0.0202601856038588,0.6818822682897867,14.187640992786855,-1.7106049254806968,13.398823528788496,8.82729777156325,0.6138382952667945,0.0616272113818667,0.2261177549792112,1.5706415490755554,1.087892786859005,1.095318749583812,5.5867947731218655,2.9442110616562625,1.7414070469354206,23.32972330821775,9.929379369490551,0.0374616985263442,0.5986507314793609,-0.9161394605114994,0.6002222608179835,0.007158391942645,0.10272215803557286,-0.37380142466446437,0.07999001238190159,0.6148725430794457,0.2290753164813815,0.8900943943915772,1.5228612216165662,2.437125584105668,0.9446041944787232,25.04691347159337,21.18469156498184,24.86075609216119,0.04563057989737942,0.2699492904218315
10_6_17_76_75_24_8,Q4: Strong/Tough,3.9069233333333337,20.20482966985937,368,11408,1.0,0.0380434782608695,1.0,44.19242311122426,-0.555651614568315,205.3514342759313,3.849264783228905,1.0,0.0380434782608695,1.0,44.19242311122426,-0.555651614568315,205.3514342759313,7.69852956645781,0.9434705053948214,0.0377849539595676,0.955407080626374,37.945123498359905,-0.5727907836761824,143.9173386472203,8.634999787645725,0.9434705053948214,0.0377849539595676,0.955407080626374,37.945123498359905,-0.5727907836761824,143.9173386472203,8.634999787645725,0.7975974939990426,0.0368366732163724,0.8123021813671356,21.824115978566482,-0.6356581579907438,19.11852682507224,10.119143122034458,0.797689078435629,0.036864752270509,0.8124282639694174,21.83423733944591,-0.6337966244528419,19.162312034813997,10.117922271581504,0.7683925119239174,0.039938124319155,0.7695015830130617,18.5965570823487,-0.43004385147222957,24.226843649187355,9.230109008193626,0.7045111750013997,0.0410441020692229,0.6262581234249425,11.536776091687896,-0.35672177075295225,12.22041925942351,8.92497275844207,0.5987221233233887,0.0638278201541732,0.2012806412257462,-0.15439338027092564,1.1537513073966095,1.5852979007064392,5.280732289392567,2.826377104116286,-0.25868759196103225,23.006996090566467,8.23734186771849,0.0028331418119662,0.5996645831316962,-0.19950144892826285,0.599848934631221,0.0037254989033091,-0.08502454900766704,-1.7607528009767737,-0.09052458136151784,0.5977742360775066,0.2024805037693403,1.0017746403985708,1.0717499389296354,0.9644389730624626,1.1049627360614194,21.627992865247727,25.05321445851102,23.14914563129864,0.14653387488945063,0.3223575250400988
10_6_22_64_54_46_14,Q4: Strong/Tough,4.479632499999999,21.78948539092208,386,11966,1.0,0.0259067357512953,1.0,44.87472679987692,-1.317090578242459,205.36563232308697,3.908567371540791,1.0,0.0259067357512953,1.0,44.87472679987692,-1.317090578242459,205.365632323087,7.817134743081581,0.9928180913004298,0.0257150939402607,0.9945830558698115,44.06896414029662,-1.3299783674432482,198.7640175680513,8.065785205711418,0.9810222863974905,0.0254372268255029,0.9855572629519675,42.745552840031635,-1.3486647531619862,184.0987678043585,8.251027528994722,0.7885593894760897,0.0224964753961966,0.8017234148040104,21.15248863090347,-1.5464284056145117,14.611882526924,10.176274443403392,0.7887139342228867,0.0224467518044313,0.8019150749096374,21.169827529434826,-1.54977228535306,14.65379072712488,10.174873707024648,0.8027116477625323,0.0171568645668472,0.8097930232816489,22.74027841673487,-1.9055138181943485,30.415409431263036,9.061993715965546,0.7240101947329287,0.0288839100355813,0.6730173838188752,13.910495867457698,-1.1168775120918726,11.256984046825716,8.775754956763555,0.6036246251380949,0.0332372307739883,0.2378614942527923,0.4040311114205264,-0.8241194772083259,2.0769418908048136,5.422869681486711,2.878751735737146,0.6058276736929312,24.916403809572994,9.940368588080524,0.0180596836706835,0.602087685190825,1.3036098841005983,0.6010323673626521,0.0100676499615338,0.6371461350735514,0.6734145982619832,0.49079113941910524,0.604910674645225,0.2409700265129535,1.901907463860976,0.592518907197478,2.120545933480737,0.4732522739270305,21.66673712323384,25.52930424751976,23.77896694217608,0.03627163412537592,0.12681638023814956
11_0_10_80_89_22_4,Q4: Strong/Tough,4.659981666666666,20.712347711866663,375,11625,1.0,0.024,1.0,44.239406385010234,-1.4701141250333416,204.3609430260592,3.870729663998465,1.0,0.024,1.0,44.239406385010234,-1.4701141250333416,204.3609430260592,7.741459327996932,0.9764045138356348,0.0270277023023163,0.9819903451410946,41.62920785933245,-1.2672116467775343,179.29336519680683,8.282548841546761,0.976429854749772,0.0270198737084976,0.9820102389672856,41.632011141971326,-1.2677362825998397,179.33006926739293,8.282019632040766,0.7819050463256902,0.0462136536494802,0.7974675731690798,20.11313398812353,0.01854127320297814,12.774045700805916,10.391504496657635,0.7820393143452593,0.0461970136296908,0.7976258381983434,20.127987091140078,0.01742613673433938,12.80604960957389,10.39040946747543,0.770616247346452,0.0236830817719912,0.7717878115805664,18.864335542224953,-1.49135250564237,24.348959242763215,9.29908124998487,0.717832497709784,0.0317104333850895,0.6779482129760427,13.025249857715925,-0.9533968635429695,11.024699713617975,8.703028691992422,0.593783803009506,0.0641238535937859,0.2319099039422643,-0.6973629235337726,1.2187992879940936,1.805519607971906,5.402558888613128,2.9835048398633717,-0.8435574586421386,23.14592388334191,9.965630088886606,-0.0098273762331879,0.6007667387522216,0.4765068047732083,0.5980679825373505,0.0065178462171463,-1.2125891643165976,-0.6196295926944972,-1.0736377649345679,0.593783803009506,0.2319099039422643,0.9582725220739636,0.9692184611155128,3.2309290008136937,0.6610377796742827,23.78848225389289,26.294878862502536,20.43963333540697,0.08081738655529261,0.1535462263519183
11_0_13_82_80_24_6,Q4: Strong/Tough,4.536435833333333,21.93677168144167,374,11594,1.0,0.0548128342245989,1.0,44.228901369510815,0.5864877301260976,204.35396354154136,3.866001150184347,1.0,0.0548128342245989,1.0,44.228901369510815,0.5864877301260976,204.35396354154136,7.732002300368693,0.9789163842521258,0.0515639603718762,0.9839284864347672,41.89722783426002,0.36923513385143875,183.31126618718795,8.233012773042672,0.978964440874442,0.0515841686319452,0.9839660443073912,41.90254249924862,0.3705864627011272,183.3529111368472,8.232545005879388,0.7920327119374494,0.0514337426874361,0.806908697136689,21.229439248208447,0.36052746119071716,15.196077722808807,10.289509349718465,0.7921033312377771,0.0514113514487276,0.8069898389395931,21.237249158786458,0.3590301562894663,15.224800243970533,10.289053930669755,0.7899001001795193,0.0519128254148387,0.7924908502610445,20.99359002498251,0.39256378241363404,28.64130523924013,9.220002824990924,0.7395289607403281,0.0520239300226609,0.7050910025605858,15.42295858418558,0.39999336127746754,19.93279782876075,8.617818477636787,0.6140706920607149,0.041680380142844,0.2049070103783349,1.5483116376279402,-0.29168109822899685,0.5514790050291548,5.499645541898447,2.9974545007686766,1.4683917392143222,24.15188253784539,8.344754336549874,0.0302043959593246,0.5988651123590545,-0.6635165893346251,0.6026142958051565,0.0091598137701557,1.6937996852921104,0.3458131477584142,1.4195588208069199,0.6140706920607149,0.2049070103783349,2.2044866197122004,1.2693802320361067,2.0197177666535686,0.4677874444854547,24.50093161256745,25.09013957304357,20.81835462540729,0.015143948330157099,0.1296793893957567
11_0_49_25_87_41_3,Q4: Strong/Tough,3.978585833333333,21.43655960418833,372,11532,1.0,0.0120967741935483,1.0,43.92333013321453,-2.2707148477590096,204.3559588248212,3.858455972746846,1.0,0.0120967741935483,1.0,43.92333013321453,-2.2707148477590096,204.3559588248212,7.716911945493689,0.9754242045323022,0.0118630057291422,0.9812311896179684,41.22438344247789,-2.286271326109717,176.41734702007648,8.29146479191326,0.9754085288649722,0.0118539327491963,0.9812188405524468,41.22266191974952,-2.2868751013728326,176.39555052817855,8.291755628762537,0.7917600256982734,0.0115500819719817,0.8104605370992684,21.05413795347602,-2.3070953139220034,11.213619862108912,10.164861083833763,0.7918767587763155,0.0114509328622405,0.8106145249087356,21.066957736058242,-2.3136933423733583,11.24865233805725,10.163638218261289,0.7845730154163331,0.0264125589922698,0.7890213207943748,20.264850882698234,-1.3180491541185495,24.15489360781245,9.16150673662459,0.7148712754328994,0.0180164506965302,0.6936260573285731,12.610112678429779,-1.8767809628109744,10.389241061684189,8.707638391746979,0.6093444886029836,0.0455763678662489,0.1959180411899926,1.0210199683677526,-0.04276431780605093,0.7956113235935739,5.527323234849113,3.157584572583869,1.731218796858492,24.76868148441832,8.517475896054934,0.0104002029416952,0.5996028847174105,-0.22147054978162425,0.6012714231540363,0.0040107457252099,0.7681231872431681,-1.5801720921635094,0.4563601068805147,0.6093444886029836,0.1959180411899926,1.0067841051591149,1.8552782704582416,1.708402097206268,0.933696549744207,21.57361487268198,22.579636782404734,26.06972418223689,0.0599149650391243,0.11145951296791991
11_0_62_36_28_74_5,Q1: Weak/Brittle,3.606725,17.36737524746667,372,11532,1.0,0.0241935483870967,1.0,43.92333013321453,-1.4657165930396459,204.35616323802316,3.859427414314224,1.0,0.0241935483870967,1.0,43.92333013321453,-1.4657165930396459,204.35616323802316,7.718854828628448,0.9759227410394378,0.0234840845377678,0.981605718879391,41.27913338772029,-1.5129289449740022,180.97762055191836,8.230654287068903,0.975959284686076,0.0234930559066241,0.9816344436635644,41.28314665981524,-1.5123319315755364,180.9979890612504,8.230392568521937,0.8015606468718146,0.0248138976999155,0.8210459764570418,22.13045526406968,-1.4244345036044455,13.458401630446357,10.132407582346987,0.801643485449861,0.024871211024792,0.8211367886781483,22.139552707380414,-1.4206205011472985,13.487184628744696,10.131823743782697,0.7756290117246104,0.0223600842899361,0.774517600695767,19.28260844837135,-1.5877272526328505,15.422121205121476,9.256759390432745,0.696359082413254,0.0525886711987484,0.6287864141391567,10.577078909316526,0.42388008291653856,6.0299617951411575,8.951294450189275,0.5986041067925036,0.049157662676845,0.2015001025731251,-0.15850311086458116,0.1955583974929533,2.010677845358586,5.522459505165553,3.0768295282591054,-0.16531237316254677,23.779872937900787,8.71123955604759,-0.0147721384926992,0.5993330580862626,-0.38150207102514416,0.5995562463084664,0.0111134145091285,-0.24913133144708047,1.051472230436028,-0.29658181693230096,0.5986041067925036,0.2015001025731251,0.7466751155202971,1.0403603909803625,1.24806118796472,1.0635159199004396,23.44461200229498,22.89864479680877,23.6555912158424,0.24580794510704118,0.38276450237566234
11_10_55_31_45_31_33,Q2: Weak/Tough,3.5080308333333328,18.178704358281248,373,11563,1.0,0.0415549597855228,1.0,44.29201478100146,-0.29765059328428334,204.3661893691407,3.8641723603113753,1.0,0.0415549597855228,1.0,44.29201478100146,-0.29765059328428334,204.3661893691407,7.728344720622748,0.9845695532848864,0.0401678839840996,0.988282941618164,42.583566620169314,-0.38891378200377996,182.0572931428009,8.140405667548576,0.9845277785142632,0.0401684848906703,0.9882507302060912,42.57894134707398,-0.3888742451235979,182.03711450463788,8.140568831557028,0.7958437819337085,0.0339615534749887,0.8126682570130337,21.687982524684816,-0.7972616977610852,12.387044721208737,10.11114049456608,0.7959414086312918,0.0339452047163187,0.8127881578815833,21.698791683681552,-0.7983373706596383,12.422454158064836,10.10995093093998,0.7816370930962477,0.0294094381363354,0.7880836648072205,20.115027971651593,-1.0967698867138238,23.628578353742984,9.081985219613705,0.7027480108286208,0.0300525151305555,0.6392034447524381,11.380484507148195,-1.054458387209285,9.37811953867165,8.738055418295048,0.6019644675265288,0.056344791914663,0.2189816308617161,0.22180178230143818,0.6754521306955281,0.9072835898382996,5.541326041576899,2.973039506653574,0.3458060802269776,23.105573876367515,9.46074666111112,0.0057702629364507,0.6016055835392552,0.971028383736808,0.5992784701905766,0.0092366708984305,-0.4590864779734701,0.2956088459668564,-0.5084919164288543,0.6037401898401172,0.2272064469531335,2.0052458394125967,1.3349253157988623,1.2452609710250433,0.7178239657706449,23.44148871414553,22.82468899745356,23.830946703943347,0.07622699830671702,0.07806022123672948
11_11_43_46_20_51_34,Q2: Weak/Tough,3.493759166666667,21.916906115491667,387,11997,1.0,0.0077519379844961,1.0,45.36668422832275,-2.5567934461641078,204.36166740922565,3.927454705233488,1.0,0.0077519379844961,1.0,45.36668422832275,-2.5567934461641078,204.36166740922565,7.854909410466976,0.9959619556338164,0.0067249319287425,0.9969511449313246,44.908714519689276,-2.6262708631050526,198.8977383352695,8.00731113872657,0.9801766368519224,0.0074676603753831,0.9848784487852336,43.11844249995343,-2.5760249529937593,176.95027300755683,8.285240840852667,0.7919107020485376,0.0226431893952131,0.8009706729467579,21.76649896274021,-1.5493936579752816,13.61955602310026,10.10075256673481,0.7919756728826682,0.0226021563852261,0.8010636960895093,21.773867547945873,-1.5521695593706406,13.635599038565845,10.100197102540928,0.7846344890457666,0.0420373079561096,0.7849348361458051,20.941276442467732,-0.23737290219815496,22.76948527445141,9.343483487496435,0.7108397425557698,0.051994916866596,0.6582302825590949,12.57193834610465,0.43626377417088463,10.187179494989008,8.94974311741744,0.6176274340897856,0.0348759609147288,0.2856921321239722,2.0003819494706825,-0.72184121810085,1.592265491736943,5.454319212877214,3.069631551309677,1.9880756736089034,24.621974307297716,12.584838204460969,0.0483070205955817,0.5996256396995685,-0.2840821754428098,0.5993055808969828,0.0055656208911608,-0.4915842701338931,-0.9591424812078767,-0.5221163327373006,0.6190458884427638,0.2951054377993914,0.5681554206692042,1.1716272198208564,1.8384477823766696,1.940810199911911,24.00094893603668,23.741008974188517,23.10996365739306,0.11278470098826178,0.20506297644953095
11_12_20_69_45_25_34,Q1: Weak/Brittle,3.3904175000000003,17.239588058775833,384,11904,1.0,0.01171875,1.0,44.982742523580626,-2.2652646690329603,204.36039803107727,3.89853790891819,1.0,0.01171875,1.0,44.982742523580626,-2.2652646690329603,204.36039803107727,7.797075817836382,0.998824626193144,0.0117678777115288,0.9991176589891616,44.85054769483357,-2.2619839988881036,203.22048583208948,7.906494975453024,0.9852680005383548,0.0124123721152166,0.9888101563538424,43.325827817319364,-2.21894569152738,179.8208502996829,8.239153399049647,0.801597273698552,0.0316593998268682,0.8184302175365978,22.668297303360237,-0.9336599082923945,13.66945279375151,10.065927663545772,0.8016805337790583,0.031646531488669,0.8185317578352089,22.677661602632345,-0.9345192353733898,13.68870278553354,10.065828912905312,0.7925623665283198,0.0380054907657905,0.804426670993665,21.652137168475775,-0.5098780867503875,23.70338997630679,9.267259559457248,0.7206253664002351,0.0314413974766137,0.667433480484648,13.561349916761394,-0.9482177572076477,13.993725546372458,8.804063690046515,0.622604355571142,0.0467171274213536,0.2828921279766972,2.536882071228241,0.07187110122037216,1.301833408304496,5.407717064166804,2.7854409935637494,1.5194664636008546,23.80160719414843,11.597003161146507,0.0415802197707222,0.6011045376012963,0.6805873669327995,0.5984781229926763,0.0121849402353185,-0.9279484940959586,1.446785178336267,-0.8508867428215315,0.6213751438438909,0.2911877555199881,0.807046112262598,1.3184828980784735,3.321827377838114,1.0437447449139712,23.950489824889456,22.258308154071564,24.497092304308257,0.12048430008625102,0.2612586763483033
11_13_14_69_60_28_21,Q4: Strong/Tough,4.184068333333332,21.142680057062503,377,11687,1.0,0.0371352785145888,1.0,44.538595515138205,-0.5851706319800837,204.3582909487083,3.8766224363723234,1.0,0.0371352785145888,1.0,44.538595515138205,-0.5851706319800837,204.35829094870823,7.7532448727446495,0.9640085989974044,0.0355126226515353,0.9720785039451312,40.532830282591156,-0.6936964195976945,172.95499235475083,8.340945460872732,0.9507998299543718,0.0337054969172482,0.9611474771237442,39.0627228034878,-0.8145598436317367,151.6047087562623,8.502092567260764,0.7961964889848125,0.043262087081031,0.809325463592201,21.85570471472778,-0.17539999583039,20.78533666798455,9.932951805341606,0.7963512225521513,0.0432730967708439,0.8095182036494277,21.872926226730293,-0.1746636503824266,20.832472679770024,9.931532052233225,0.7844820598766543,0.0399827497131203,0.7867866888206381,20.55191404436145,-0.39472725974367295,25.216864256121507,9.26896948785311,0.7010601836539518,0.0379981812653776,0.6540269258069605,11.267239313787723,-0.5274583327803429,13.57958045048698,8.85523859639025,0.6248317918516737,0.0661565687162588,0.2389243212156357,2.7831838697520936,1.3558191049864894,1.8895065645070848,5.560175988773085,3.0323047803041465,2.260574069386428,23.86706723343767,9.506705975713627,0.0411400382998645,0.5993273282706549,-0.3889616873816504,0.6004263606879788,0.007414733834767,0.28463640314486205,-0.35573706144469924,0.16012146960343993,0.6252145329849863,0.2404575237591038,0.7529915454388147,0.8938490252179978,2.458340365367318,0.6553327119280796,25.87327233694063,23.6875764875724,20.963148717606067,0.10428187680282847,0.14200199867346489
11_14_28_62_22_42_37,Q3: Strong/Brittle,3.66577,16.764265299239586,388,12028,1.0,0.0103092783505154,1.0,44.81865812132556,-2.3763080713849836,204.36516353241427,3.913291835326253,1.0,0.0103092783505154,1.0,44.81865812132556,-2.3763080713849836,204.36516353241427,7.826583670652506,0.9954453880255834,0.0106999193296932,0.996570631720621,44.308210110433556,-2.349783136076402,199.7848093601816,8.024582275805166,0.9816269258655343,0.0110443906940795,0.9859915347664348,42.759536686044434,-2.3263931664033874,177.0660862573475,8.276258459680896,0.8025406996653471,0.0173749402942806,0.8153263525153635,22.68884604202964,-1.8965421585379951,17.82754930764926,9.936602413776004,0.8026844762566295,0.0173803315685285,0.8155030399865153,22.70495948384316,-1.8961760853191603,17.875145448868178,9.935892521804863,0.794106431147084,0.0268427470842047,0.7947761961579431,21.743594149517342,-1.253668072093052,25.93862954790593,9.29230331807608,0.7278212559104038,0.0270013674631811,0.6907075900846175,14.314830504832715,-1.2428975807333713,9.941494142219192,8.922544041732202,0.6062056482255839,0.0768220530319085,0.2701515132300193,0.6850316581175113,2.1399796189938054,1.808719235881534,5.531976429990556,2.851228836374739,0.820451498958824,25.503657858223477,11.930827283200447,0.0329190239993625,0.5999672380105191,0.009857509905216832,0.5996314795277788,0.0084081240303479,-0.20503609160917097,0.11813955050574827,-0.31589768742357405,0.6066723322052278,0.2879717563386169,0.7300625628356415,1.0498558971953982,1.1955091380311729,0.2512037391065885,21.889515516775383,27.136123796794813,22.255180061641944,0.08756931336014485,0.15735139671239962
11_15_28_64_27_39_32,Q4: Strong/Tough,3.8766525,20.174284211207915,379,11749,1.0,0.0369393139841688,1.0,44.601299060790396,-0.5941622372259444,204.37170479287363,3.886016346384399,1.0,0.0369393139841688,1.0,44.601299060790396,-0.5941622372259444,204.37170479287371,7.772032692768797,0.998691544135188,0.0368069471842485,0.999017531464798,44.45539041418759,-0.6030382669518823,203.09094339162627,7.874913728004649,0.9984698110898416,0.0367843687477169,0.9988508169365607,44.43066449914247,-0.6045522936862321,202.88315876847287,7.883651333639782,0.7893508911174327,0.0274403101535718,0.8026207240574604,21.111376923019538,-1.231130422737274,13.370479917022374,10.00747767432457,0.7894416250024874,0.0274307319867519,0.8027307453268854,21.12149484806796,-1.2317726993010696,13.37376162217574,10.0067020356769,0.7808042804272822,0.0235666855394538,0.7716851286701013,20.158326512702374,-1.4908814119788156,18.202266938720488,9.16558553311754,0.7089724523378071,0.0355345388938657,0.649382301276487,12.148209319298243,-0.6883612770704881,7.449228564195432,8.901326138160087,0.603261253773409,0.0415550417427025,0.2798167949815547,0.36013275661763294,-0.28464854635898296,0.5266065563082944,5.498846044679077,3.0277473141773203,0.31499387639064685,23.797339230456785,13.310585451574568,0.0177638344164098,0.5982744442693507,-1.058233240391712,0.6035225441577536,0.0036097864509675,2.1581260294783267,-1.7298954984713601,1.9051192190796278,0.6041697189351489,0.2901705540212053,0.8010164110009801,1.2371305902875145,0.8794904792244065,1.93546566820006,25.99102903174184,20.01044830088401,24.844037315172464,0.017959467502205572,0.21701288088100049
11_15_43_40_46_25_36,Q4: Strong/Tough,3.6627041666666655,21.62385607060833,373,11563,1.0,0.0107238605898123,1.0,44.29201478100146,-2.326194686866352,204.363271767241,3.864171580150516,1.0,0.0107238605898123,1.0,44.29201478100146,-2.326194686866352,204.363271767241,7.728343160301033,0.9869203494829544,0.0115798985890451,0.9900776197665692,42.84384511470873,-2.2698713356876463,179.1181169754976,8.135162286608187,0.986932413727566,0.0115798394598679,0.990086886169717,42.84518085935042,-2.2698752261147246,179.142554435154,8.134942586864616,0.8145918810042267,0.033232425718637,0.8295940951708226,23.76375881084725,-0.8452349404348257,16.056430673931448,9.715371579008298,0.814744308611823,0.033257175657189,0.8297708198017639,23.780635487891395,-0.8436065086573055,16.08029874263261,9.714775650412422,0.7951801718255381,0.0439540464829248,0.7965677667390388,21.614508082256467,-0.13980175633191066,23.830049622596764,9.11182271971285,0.7233411005811524,0.0606908530410447,0.6609098129946551,13.66053685839375,0.9614029030732708,8.931252634983936,8.974030103909927,0.6245542725400175,0.0143707598976667,0.2901448353142304,2.722929036838448,-2.0862455366957398,0.6713373485546302,5.562771716476732,2.9825556812613874,2.5041186728191587,23.33537195253114,11.958570932705872,0.0603302414484113,0.5991391732992869,-0.5446906255052197,0.601793445018627,0.0081871384851315,1.086477634949692,-0.09037640135647389,1.0369197534488623,0.6245465631890623,0.3003360102927063,0.6324445153885218,2.1519078509097347,2.0386667112124357,1.3808209785434742,24.457303296979152,23.62230509257614,22.02414286219603,0.14016950517918156,0.13609385548332448
11_15_48_35_26_48_33,Q4: Strong/Tough,3.6563725,20.381465454145832,379,11749,1.0,0.0422163588390501,1.0,44.601299060790396,-0.24030305935630208,204.36321375424384,3.885696727149109,1.0,0.0422163588390501,1.0,44.601299060790396,-0.24030305935630208,204.3632137542439,7.771393454298218,0.9796923199431776,0.0407918720346673,0.9844848450387952,42.33674723873901,-0.33582389409371916,185.85742350559107,8.162883135308698,0.9647216889540432,0.0391688914482743,0.9725658259655756,40.667340906314834,-0.44465499024560795,163.33065826472543,8.35494194798434,0.8073832834455499,0.0343423124438667,0.8187894528302744,23.122206657795893,-0.7683075885066789,21.62725148450455,9.85551900777356,0.8074729648062506,0.0343464214476259,0.8188938616168072,23.13220721365509,-0.7680320538595274,21.65473926187476,9.855027984071972,0.7759348181736587,0.0267176931398411,0.7747189571338062,19.61532260541219,-1.2795864562608155,19.114201472228416,9.343670401720246,0.7180239994539751,0.0486387530552654,0.6563086640761786,13.157566245197613,0.19035902516293435,7.715617725017755,8.964496695826242,0.613006773130171,0.0513731231167446,0.2397716224431216,1.4468759766428285,0.37371580316177444,1.363246506374714,5.66994176082567,2.8989998338135843,1.373706232339323,24.2408161164343,10.031782345027858,0.026305234357473,0.6028357837500578,1.7372368980893689,0.601514862449876,0.011163628648184,0.9276948621237726,1.117483373259682,0.6554812789116873,0.615659714731084,0.2447616443622774,0.8658190893811271,0.1531388871301952,2.104932531044599,1.4124008097139806,23.548599395413063,21.273210549966947,25.76809166895686,0.06376846626281638,0.23514698260660782
11_15_50_30_35_43_32,Q4: Strong/Tough,4.2234125,21.92723913198959,376,11656,1.0,0.026595744680851,1.0,44.41013672625182,-1.2852539264629703,204.35827445882137,3.874803056617061,1.0,0.026595744680851,1.0,44.41013672625182,-1.2852539264629703,204.35827445882137,7.749606113234121,0.9835062360258738,0.0256287058977794,0.9874428662722176,42.57893237875148,-1.3494680941488864,177.0853062825029,8.178488885160453,0.9833791945639476,0.0256064712912971,0.9873444346648262,42.564827722121436,-1.3509445362255421,176.99024456360522,8.179463723184462,0.7959097569719714,0.0218932081881219,0.8082518176679705,21.751212971698234,-1.597515928958984,17.16821033495513,9.999919682381956,0.7959767535958197,0.0218607719680626,0.808343270975748,21.758651207691617,-1.5996697876360573,17.208028975282634,9.998830952659036,0.778781259364613,0.0166813347866683,0.7839556723129127,19.849537930516146,-1.943599372991784,23.339172584739316,9.215748194817255,0.7079644541476443,0.0179822818683306,0.6617014513447422,11.98716995963772,-1.8572127300620962,6.906049349042374,8.983323032188638,0.6287284486916859,0.0348657980189714,0.2632565178670235,3.1900683461353827,-0.736098503617625,2.409783109581096,5.585950255859044,2.8467238859724264,2.184856699261007,22.820173544809354,10.620945136749791,0.0631104047155731,0.6014319342566289,0.897813021322142,0.6012991199212394,0.0106242101499178,0.8126094468043497,0.8705279127021346,0.5047866310291026,0.632502925482124,0.277807219504987,1.1033434875744963,1.062605198017407,1.30046115756461,1.1780259343661423,25.62533319546237,23.166963122656657,21.60956015284449,0.04613820754819935,0.05562211434615233
11_16_42_27_49_49_22,Q4: Strong/Tough,3.7691775,18.96446461085,377,11687,1.0,0.0092838196286472,1.0,44.538595515138205,-2.4479202024333064,204.36040158716173,3.877906009512612,1.0,0.0092838196286472,1.0,44.538595515138205,-2.4479202024333064,204.36040158716165,7.755812019025225,0.988586886503257,0.0104041540575935,0.9913565820129292,43.268340621835506,-2.372990465903883,194.2634866379019,8.065554979500861,0.9840424387560616,0.0106470546249278,0.9878786695551024,42.76255339822814,-2.3567448922225274,178.01957459360096,8.20467716120694,0.7798220694549576,0.0244711249958348,0.7873102150490525,20.033267170518197,-1.4321692263381025,9.0080957824405,10.318711573752836,0.779948958874861,0.0244858620895088,0.7874730953646308,20.047389689021735,-1.431183586231299,9.03974931976493,10.317301980744244,0.7889269606980978,0.0315203343645178,0.7932037902319096,21.04662191003675,-0.9607069673116246,18.15964929754082,9.380883629214136,0.7160825980045978,0.0201352544134993,0.6821557165133597,12.939201600290376,-1.7221591007594748,9.103670706565142,8.927168685737914,0.602584002787731,0.0442867431434446,0.2111121568233556,0.3070529759601305,-0.10686937960882266,2.500086897926533,5.6028338688130885,3.0215968380418508,0.4730996033432322,25.70044526562844,9.355613984202895,0.0097903488755541,0.6008333083917077,0.5340550661933716,0.6003694273994111,0.0095202954261707,0.24974193246129187,0.4249433506339525,0.20423776795592705,0.6062578042499035,0.2245889859098672,0.3818943034587059,1.25340397390151,1.677730866743312,0.9229890666543822,23.50086923536378,22.64883297164939,24.14674776257657,0.0960373013291814,0.10989109596537154
11_16_52_21_41_47_28,Q1: Weak/Brittle,2.9216225,15.33447203530146,375,11625,1.0,0.004,1.0,44.239406385010234,-2.810420786626721,204.35668377336128,3.872661885998609,1.0,0.004,1.0,44.239406385010234,-2.810420786626721,204.35668377336128,7.745323771997219,0.974520176079294,0.0094226549742152,0.9804336126675236,41.42075715824422,-2.447019757353566,175.05893994688242,8.278955963688889,0.9797121449640394,0.0099553521888032,0.9845232875385076,41.995107245117794,-2.4113208760873395,166.6516930960016,8.277154017912299,0.7320849009304639,0.0256236870989348,0.6950221785570709,14.601890475113635,-1.3613021932810647,6.293530502427466,9.474975448635137,0.7321830475373327,0.0255825778428933,0.6951968363806472,14.612747726655929,-1.3640571437673432,6.303647373067482,9.47406071295418,0.742493142223697,0.0430668158086702,0.7072926897862662,15.753279172479202,-0.19234511284661018,10.463620662960118,9.158175496650063,0.7008263527627341,0.0384122020140865,0.6297824030834821,11.143982645884082,-0.5042756066478588,6.457107715069708,9.050235160361982,0.6015985640447105,0.0362660884948408,0.2309253302000227,0.16712775025539048,-0.6480981189668898,0.0782836521652054,5.62082187326237,2.9552627556319946,0.3857162598820361,23.070740160645187,9.833896722621004,0.0060242511665181,0.6019147786026905,1.1950413182264685,0.599270792169886,0.0086154928359714,-0.4597753715394313,0.1447646930821832,-0.40457993489753485,0.6000592671931235,0.239999235059258,0.9051558387799788,1.357075017851787,1.3306085452687402,0.6787022487737879,21.29434455385477,24.91962116947388,24.018173049410176,0.25736043380747875,0.38604694531188855
11_17_45_35_36_34_38,Q4: Strong/Tough,3.7772233333333336,23.05906892637421,377,11687,1.0,0.026525198938992,1.0,44.538595515138205,-1.294789515962264,204.36164702454852,3.888702082843138,1.0,0.026525198938992,1.0,44.538595515138205,-1.294789515962264,204.36164702454855,7.777404165686276,0.9603194992748144,0.03790663551262,0.968670714436977,40.12224144757791,-0.5335810573501538,151.88325476040083,8.44464682075616,0.9531486028918128,0.0378546794022922,0.9629535999773856,39.324136160841405,-0.5370559640899363,138.28923564058283,8.570358675685487,0.7829599566649584,0.0305178211039549,0.790905469776998,20.38250724285017,-1.0277566379638796,11.423160892106791,10.221551545802024,0.7830216018266501,0.0304973580698872,0.7909828290365463,20.389368216265503,-1.0291252380101423,11.435468137104433,10.221093840663444,0.7771749833980166,0.0416961192594267,0.7805561837028833,19.73865220696928,-0.2801343976792417,18.62680031345825,9.347414154717558,0.7094776903874672,0.046179726640442,0.6542286640399447,12.204089641326096,0.019736347234693773,7.980901844048252,8.920919592858487,0.6077805353772439,0.0285669305014078,0.2454376420320388,0.8854158347820723,-1.1582352835090923,1.305190774078044,5.70158478682621,2.7464595974872776,1.0183919329736164,23.41612841331492,10.676438118503103,0.0238335697069403,0.600912764596932,0.5827538554883266,0.5965630468726398,0.0129487424500304,-2.083192578145424,1.696110836925475,-1.7520186721759317,0.6075383913830734,0.2408466729359419,1.5761064063828485,2.0585545346375604,1.0038272373264605,0.5344551698554183,25.89655238353974,21.410765597633446,23.21915538837177,0.07343153671072351,0.20235470668411631
11_18_36_28_36_64_23,Q1: Weak/Brittle,3.26646,12.51364021355208,388,12028,1.0,0.0335051546391752,1.0,44.81865812132556,-0.8012835583972582,204.3670311515756,3.914866387898608,1.0,0.0335051546391752,1.0,44.81865812132556,-0.8012835583972582,204.3670311515756,7.829732775797215,0.9957976635520396,0.0333889284681599,0.9968371414393242,44.347690606856865,-0.8091754382349388,200.2039183815314,8.0184661894321,0.9956595782529892,0.0333799111168415,0.9967328382761274,44.33221500396696,-0.8097877259188337,200.12476060684767,8.020344799361926,0.7790236188130755,0.0382172195140737,0.7848068281139184,20.0532214903759,-0.48132937376565993,15.752859060915675,10.053486853750387,0.7791236815135864,0.0382124774758704,0.7849433418563855,20.06443579506907,-0.481651363170965,15.785822903491082,10.052913448204231,0.7799102584344667,0.0312765693432765,0.7825082138903957,20.152589654702386,-0.9526068551179124,23.71612943520466,9.368767174442167,0.7140083145584418,0.0326596872853041,0.6707439038800853,12.766775812735691,-0.8586916851999034,9.953651794175224,8.93999976592988,0.6208089561299168,0.0654166453937963,0.281758619163512,2.3216649243717775,1.3655403873349239,1.2833952597542695,5.5253041118157,3.2078012124350788,1.6914904586464896,24.87598231489156,12.49386920578576,0.0319522680532517,0.5988893906525329,-0.679991034649977,0.5986523071930779,0.0058813200636795,-0.8317302194531705,-0.8581596097424673,-0.8963420063251554,0.6269475587730795,0.2959003183995264,1.1666035014698093,0.9087281780167124,2.139724268014485,0.8591058690267386,27.127199365477665,22.50036880069909,21.606604117154617,0.11893437854130308,0.27561348591320783
11_19_44_24_41_29_48,Q2: Weak/Tough,3.615470833333333,18.99876975330292,388,12028,1.0,0.0283505154639175,1.0,44.81865812132556,-1.1512890057278615,204.36607801042257,3.914551277899601,1.0,0.0283505154639175,1.0,44.81865812132556,-1.1512890057278615,204.36607801042257,7.829102555799201,0.984985446291998,0.0285943204897796,0.9885899462529716,43.13593539593632,-1.1347343868230289,174.54062357073565,8.257798842347464,0.9849662793764103,0.0285900797916163,0.9885751832556616,43.1337873064851,-1.1350223347098107,174.52816222043734,8.257989078294209,0.8042795246071077,0.0522758126833566,0.815100552788734,22.883720981496857,0.47326395929878845,18.54493691453803,9.8818004943513,0.8044135115037282,0.0523373120980787,0.8152473557288553,22.898737265046297,0.47743983454990224,18.583638412074663,9.881069487776887,0.7850962611004593,0.0467476747913598,0.7878208109478615,20.73379937359959,0.09789755439482807,25.26563012135813,9.225954094311708,0.7321940326320365,0.0263033177584835,0.6890556828827298,14.80489973403817,-1.2902958933687971,13.156666788192794,8.845821496074636,0.6228312777167871,0.0470962437302463,0.281974836354512,2.548312120049548,0.1215657537066495,0.4810408894329736,5.613225575544254,2.9607173670935785,2.070529816326446,26.15636535603354,11.641118232630133,0.052356730244581,0.6015669255788072,1.0336964909538622,0.5959794013098335,0.0115597741089418,-2.5424550448442265,1.335864932338364,-2.276257489614948,0.6243653088827337,0.294408578231438,1.26986506466079,0.2576433371078092,1.1521089645251916,0.9396109728098068,23.940678740337997,22.788898274046858,24.28754692586789,0.04868032949524109,0.048501701664394756
11_19_52_33_30_28_43,Q2: Weak/Tough,3.2294525000000003,18.837946136133333,370,11470,1.0,0.031081081081081,1.0,43.988225518259135,-0.9985680466282796,204.3573848302516,3.850557101745769,1.0,0.031081081081081,1.0,43.988225518259135,-0.9985680466282796,204.3573848302515,7.701114203491538,0.9820145944540718,0.0310432351330752,0.9863085160666456,42.00974123421532,-1.0010597203577523,168.03516204235976,8.21910173131175,0.9820524595347828,0.031045528473726,0.986338070827661,42.01390658188622,-1.0009087330802913,168.07419434589949,8.218608486132307,0.8241886104794436,0.0276243937562523,0.8427518503177932,24.648096087534427,-1.226146888013277,19.04943541671551,9.707684561561674,0.8243105166810021,0.0276309878180567,0.8428922545794394,24.661506377521775,-1.225712753015099,19.09719914798194,9.70651757287444,0.7800055318797007,0.014739086233404,0.7749685955477695,19.787737147779847,-2.0744803013006727,19.69587227422652,9.098411592940986,0.7134182302558788,0.030197894365928,0.6478144802228982,12.46280196946567,-1.056714644938586,9.532389726979345,8.901202494969446,0.615937876586361,0.0787728040156172,0.2582496985613131,1.7394770354979463,2.1413245815352835,0.8495876590234864,5.687625483024227,2.916762705426166,1.369983215531287,22.472522484002763,11.038981923140758,0.0595310542900913,0.5999798808497352,-0.046203025751951954,0.5982291502077489,0.0089921530684868,-1.1270404700134145,0.2599109024564789,-0.5962142352063705,0.618882356366182,0.2742346167262502,1.4668355257996006,0.4218124704142015,1.252320433868986,0.5556836596596312,21.243098697389836,25.15364465072513,23.62513179044577,0.11294395566667878,0.24944777354433015
11_1_14_80_83_21_6,Q4: Strong/Tough,4.060804166666666,19.48553028605208,371,11501,1.0,0.045822102425876,1.0,44.231396870145275,-0.03528349256415669,204.36240360872048,3.858890142765276,1.0,0.045822102425876,1.0,44.231396870145275,-0.03528349256415669,204.36240360872048,7.717780285530551,0.9854334770106477,0.0451464000121468,0.9889482351443956,42.62093511035855,-0.08053642339591047,185.53720634827133,8.144762350980074,0.9854573215985152,0.0451594303495967,0.9889664913892404,42.62357134667704,-0.07966375970942112,185.56470816258707,8.14439401431301,0.8073079840512947,0.0369660269346532,0.8258858250061479,22.927539846170585,-0.6283898120062981,14.687300627558578,10.201140718700804,0.8074830432423996,0.0370007756319496,0.8260849570440645,22.946894233842904,-0.6260626331131977,14.738842479520278,10.199450879165518,0.7938771725799485,0.03690215940811,0.8031873069225252,21.44264133653184,-0.6326671280293439,31.50392426990582,9.0550805221243,0.7076463017660476,0.0544124450508477,0.6638733998295222,11.909033346457148,0.540026248425915,10.058745473862908,8.552629580614688,0.6162816118794908,0.0427083539262307,0.1804548853564498,1.8078349091481027,-0.2438164837433137,1.5940232168342223,5.589698263171288,3.3443816935980077,1.2565837241918554,22.917909385090056,7.695996033780529,0.0271046675157829,0.600141069872641,0.07450116900662722,0.6016816116688555,0.0090779317548535,1.013190248419178,0.2847160934739167,1.303838551006725,0.6168830943903033,0.1816685275147195,1.5778499353456417,0.8053607055357945,1.6435557707093753,1.087873959525822,25.90950713312174,22.8162752408603,21.41806450791343,0.17936642181201107,0.17817342307507567
11_1_16_67_92_22_7,Q4: Strong/Tough,4.354008333333334,20.88050511064375,377,11687,1.0,0.026525198938992,1.0,44.538595515138205,-1.294789515962264,204.3552412446547,3.877906558584229,1.0,0.026525198938992,1.0,44.538595515138205,-1.294789515962264,204.3552412446547,7.755813117168461,0.9926964627246294,0.0260080757419513,0.9944901849272292,43.725727583429155,-1.3293755323394951,197.84679850788984,8.020726695945829,0.9818924437108804,0.0259553276484654,0.9862400762447148,42.52326359115688,-1.3329034081640785,186.33151766446213,8.198744231051739,0.7977120221387337,0.0274726696799581,0.8091352302369997,22.02438028299232,-1.2314211759776588,18.64680083565007,10.197578620711008,0.7977763525522534,0.0274251254221693,0.8092277782918396,22.031540119139127,-1.2346010110497205,18.67978257585837,10.196642176792322,0.7902959496849414,0.025856663144458,0.7933516233350635,21.198987428868396,-1.3395022460637884,29.55625377659187,9.120867740160746,0.7030455323349121,0.0314700778654234,0.6613349458152311,11.48820433596344,-0.9640682013670456,12.356144920973568,8.835819429089316,0.6029077280728762,0.0452864399495457,0.191686210449345,0.34308290133139374,-0.04000807788045109,0.8312742626294117,5.498516797381601,2.854594892018116,0.6198818648581645,23.572403888659707,8.522007084157636,0.0009264662715076,0.6014684433940253,0.9233299574922348,0.5970151081927237,0.0102699513131321,-1.806123733578601,0.7028937412278721,-1.2656720766684562,0.6031998283026654,0.1913834874601178,0.7421473402840707,0.808115749623042,1.917912507171497,0.6598075031387771,25.98190420519309,22.285991966831084,22.25409890844955,0.0398904698982612,0.05902315392746952
11_20_28_65_21_25_46,Q4: Strong/Tough,3.784958333333333,20.7570880475375,378,11718,1.0,0.0119047619047619,1.0,44.79242860437828,-2.2769082247689965,204.35877909449692,3.881965599769445,1.0,0.0119047619047619,1.0,44.79242860437828,-2.2769082247689965,204.35877909449692,7.76393119953889,0.9848356525499506,0.0110300647452764,0.9884808445900506,43.093687578957535,-2.3355554831919436,176.18749232807292,8.181043360836698,0.9848226382651112,0.0110375721840486,0.9884708783362962,43.09222969231611,-2.3350521196026226,176.18297610819153,8.181116884335474,0.7967752160663161,0.0209352661602277,0.8079063416255011,22.026775219847504,-1.6714251601259764,12.743523569016686,9.92838233178873,0.7968674861810572,0.0209323642101217,0.8080316260631284,22.037111505655208,-1.6716197319454358,12.764188505038222,9.927596786442717,0.7849571078434047,0.0175994260970313,0.7898140971941241,20.702886714440265,-1.8950887128451528,18.678449506613877,9.240453392317177,0.7312505608807169,0.0266360524044617,0.6829491957199322,14.686570156162848,-1.2891951729196272,14.862404954245042,8.937389694399434,0.6103172242577555,0.0682540285694888,0.2897718646672101,1.1393719704754206,1.5012336934849095,1.279345524136959,5.607497431844304,3.0641145889611754,1.0309458331257528,23.341438227765515,12.33478943551226,0.0424740569221093,0.6000344852011344,0.027554977130326497,0.6023509430640894,0.0062997707906677,1.4831583539473157,-0.7174309132974016,1.0839386677763025,0.6105835823345872,0.3055873963206419,0.3884609207313232,1.2400992705841516,3.439188590254288,0.9735706313893386,23.05857112363627,23.649639478233148,23.578424966457483,0.11724016164695705,0.09285626191782341
11_20_33_40_47_34_31,Q4: Strong/Tough,4.044601666666667,20.70226668955521,375,11625,1.0,0.0439999999999999,1.0,44.239406385010234,-0.12980746343996888,204.3530997414708,3.86976269166506,1.0,0.0439999999999999,1.0,44.239406385010234,-0.12980746343996888,204.3530997414708,7.739525383330121,0.9781969740655684,0.0433334390767785,0.9833283875032544,41.82749481205372,-0.17447726572754257,168.0686451018421,8.297845630700998,0.9782345797499068,0.0433359601243306,0.9833580381094946,41.83165485779863,-0.17430831688612894,168.11638346788604,8.29713841568732,0.7933269453824924,0.0359595333944736,0.8067497636532278,21.376656336034745,-0.6686420111252692,13.510315789795609,10.029263607625028,0.7934650228555196,0.0360069218509515,0.8069408435453533,21.391930851423588,-0.6654662579302714,13.553363078499029,10.02791551434118,0.7861397427452311,0.0224839482409771,0.7821984453250377,20.581587923506806,-1.5717128386302794,18.56025162343026,9.255505256258328,0.7228721113682277,0.0451381068515497,0.6883957300810315,13.582745984289563,-0.05353685370310548,13.251173931225871,8.93356681496648,0.6138824875630653,0.0387375389126093,0.2841856221896349,1.5260096496913869,-0.48247304603024677,0.4200407071385656,5.4954180314277,2.8540072297697585,1.75692404300338,25.348739675279116,12.211622866978985,0.0238813014728692,0.5965044980646309,-2.191141916155744,0.6009561622419156,0.0133424367860077,0.595063068258568,1.8672897896202227,0.5706364046812265,0.612698407403688,0.2957593595302336,1.697182517125529,1.387726217109316,1.3808517407299643,0.5703805706135237,22.674641256421214,24.309408878011425,23.105048037237907,0.05390788567815155,0.09412987966580208
11_20_35_45_18_51_36,Q1: Weak/Brittle,3.227255,14.148137217968753,384,11904,1.0,0.02734375,1.0,44.982742523580626,-1.221852113914685,204.35808976888111,3.899489431960651,1.0,0.02734375,1.0,44.982742523580626,-1.221852113914685,204.35808976888111,7.798978863921302,0.9999978334374204,0.0273436872396064,0.999998375075057,44.982498849298025,-1.2218563049535744,204.36002978637637,7.803295990631459,0.9610582930466438,0.0244971812251327,0.9696383785957442,40.6029509612799,-1.411941432231753,156.0474285269963,8.462555988775335,0.7949592487270044,0.0341040518715948,0.8063420484155958,21.92171560380738,-0.7704099475651432,9.44959750843991,9.855509675647404,0.7950206330593176,0.0340857144484027,0.8064181245045668,21.928619527691477,-0.771634491410721,9.45933546629274,9.854932885881372,0.7861966247975216,0.0252397987712498,0.790514336585114,20.93617928933785,-1.3623506180704916,21.85169048150894,9.337623161942116,0.7305563072524043,0.0296763220739844,0.6721424519521269,14.67828736899317,-1.0660866747010147,10.99751193227764,8.901316310546292,0.6132710660539176,0.0512000364265118,0.2729135710411262,1.4871627375325611,0.3712326077442022,0.6983707608504249,5.74090630978004,3.016408154339305,2.1052616205754693,23.573397330196816,11.489048281294753,0.0368836667390048,0.5986797375121532,-0.8044705848510736,0.5973949954224403,0.0102359808974631,-1.5913051222061545,0.7393052441446547,-1.5590708648386111,0.6147617066076979,0.2818331428647044,0.9905349629768204,1.0431827900741335,1.4421904092495428,1.1661708630590564,21.590750233832885,24.38370352282849,24.88456550433264,0.19295540695781918,0.25994963707055746
11_20_43_25_43_41_33,Q1: Weak/Brittle,3.6228916666666655,16.359596686605627,378,11718,1.0,0.0119047619047619,1.0,44.79242860437828,-2.2769082247689965,204.36319476945607,3.883887785896728,1.0,0.0119047619047619,1.0,44.79242860437828,-2.2769082247689965,204.36319476945607,7.767775571793456,0.9833791710416032,0.0128090240299093,0.987372738868779,42.93052955985079,-2.2162786754895674,177.5074744814316,8.178825441464866,0.98342653057111,0.0128024139206512,0.987409350039846,42.935834870612275,-2.216721874351779,177.54965904765618,8.178397865263705,0.8007434568753061,0.0375415650370529,0.8108560620545336,22.47130562138208,-0.5579953391686049,17.024389053816176,9.86086874047206,0.8008489168054898,0.0375402289043163,0.8109788225098891,22.483119457126154,-0.5580849250567506,17.059872598418327,9.859953561879216,0.7977719403731448,0.0432375039776349,0.7967372280155623,22.138430302706908,-0.17609035709900564,24.72344350082717,9.08527975396693,0.753091778176159,0.0479685624648539,0.708263556788229,17.133267713516428,0.14112069898492427,14.15419533739081,8.594624765467112,0.6133651121402519,0.0259237242294541,0.2774076750496349,1.4808025664133042,-1.336955811111467,0.6116339547460489,5.691536701016648,2.8209284273866726,1.3348623397293944,24.350786708673365,12.58787561207312,0.0484434687010498,0.5977178317402928,-1.4281713084383743,0.5994815318668992,0.0042366472971311,-0.31990687547089186,-1.5017530997168906,-0.2635051368601448,0.6125708793247633,0.2963181922899262,0.6417937659702958,0.2694154630356534,3.0343196807593227,0.9677291812986564,22.25958798503772,25.29960906691282,22.92508528456832,0.14676723839016076,0.1614405440628627
11_21_32_21_78_30_23,Q1: Weak/Brittle,3.508105833333333,17.40454027385,374,11594,1.0,0.0267379679144385,1.0,44.228901369510815,-1.2908820516629944,204.35664636346849,3.866323837186197,1.0,0.0267379679144385,1.0,44.228901369510815,-1.2908820516629944,204.35664636346849,7.732647674372394,0.9999982239960706,0.0267379973363483,0.9999986679952192,44.228704958164194,-1.2908800842162478,204.35770996010623,7.7364201194155795,0.989419666050446,0.0267508954388395,0.9919949824418556,43.0588039365419,-1.2900175865077321,193.77455480867405,8.035530461948733,0.7903347744631252,0.0316946012569076,0.7845031820360504,21.041661405890697,-0.9594313671341036,16.92656926710075,9.716609431116956,0.7904264987225983,0.0316971365386994,0.7846230894202509,21.05180535040721,-0.9592618325271831,16.944245598768017,9.715581850825632,0.7720872679006453,0.0261743081703129,0.7628412026293696,19.023638091254103,-1.3285740484526427,22.686050046701293,9.153103050874936,0.7007909915354753,0.0179642057534798,0.6401599596133489,11.138859562250854,-1.877584612295573,9.781108610003043,8.910931718152128,0.6043429555961819,0.033795347381599,0.308290568183065,0.4725044353205028,-0.8189542140059028,0.5181570548108064,5.376102448758346,3.166559502224914,0.6122455431349028,24.320042803923418,12.457152242631087,0.0208045624866661,0.6009159402466588,0.625950844149989,0.5983337358160145,0.0074159915600415,-0.9976220261239361,-0.3062837312105775,-1.159566510386067,0.6051347043097788,0.3150924807941114,0.7522478756309675,0.9087643628975536,1.2254362391762517,1.0219713026975223,20.840167089263,23.97708806230732,25.56653636711953,0.11576168723825005,0.19996286906261887
11_21_34_21_78_30_21,Q4: Strong/Tough,4.08748,19.9165837242125,370,11470,1.0,0.0270270270270269,1.0,43.988225518259135,-1.2654758800058632,204.36103037646,3.8528321067616313,1.0,0.0270270270270269,1.0,43.988225518259135,-1.2654758800058632,204.3610303764599,7.705664213523264,0.9722722880643851,0.027134928184983,0.9787108131254288,40.938038956882,-1.258371962814578,173.89147422638075,8.324263226457925,0.9797979595082582,0.0277605500492183,0.9846043314396526,41.76590033818685,-1.2171827299947284,167.0947602598511,8.31514989522951,0.7840878424041531,0.0313809225453714,0.7966461104141241,20.236811659588355,-0.9788273045159533,9.522264124666298,10.005195010130988,0.7842028773227536,0.0314540782205986,0.7967736334577926,20.249466074190586,-0.9740109348983258,9.527192893165166,10.004576545455595,0.7661924104901234,0.020469550190031,0.7660216604063078,18.26822492365571,-1.6972022239691373,15.733132501540174,9.387366676262412,0.716839809499005,0.0206734416616279,0.6657926463294435,12.839192745967697,-1.6837785670068741,8.97910683436637,8.954205259093715,0.6204374539131319,0.0320552977966806,0.2418174697257979,2.234452976024984,-0.9344282820040547,1.8387534632015492,5.532863129278636,2.8161717076895614,2.195332289847247,24.21130329703765,9.660784051047303,0.0572520437127557,0.5995366530590801,-0.3198357485640627,0.5994107004035698,0.0099166654185987,-0.3975943386149253,0.6028637260876107,-0.4673613131524436,0.6197474363067261,0.247711572967438,0.7792654095674433,1.3320910737149347,1.8016612212877987,2.1847099229627838,24.52655575110758,20.6714137671934,24.86583102641601,0.06758918409570744,0.15841906881022763
11_22_44_37_25_43_34,Q1: Weak/Brittle,3.5196741666666664,17.854150141115625,370,11470,1.0,0.0229729729729729,1.0,43.988225518259135,-1.5323837133834404,204.34960730963172,3.853157407478183,1.0,0.0229729729729729,1.0,43.988225518259135,-1.5323837133834404,204.34960730963172,7.706314814956366,0.9791402242788522,0.0227851684789357,0.984091275834146,41.6935461835297,-1.5447482477319439,169.040850263986,8.244164992779782,0.9791677893247688,0.0227857278324761,0.9841128812382476,41.69657847601794,-1.5447114214243591,169.06667007470227,8.243895243573597,0.7820764168201345,0.0248324063576027,0.792773608094961,20.015544816517068,-1.4099637038364083,8.300184018919635,10.010448711856258,0.7821300911037531,0.0248173490081653,0.7928831099778004,20.021449255331387,-1.4109550385500456,8.317536804823842,10.009631894131385,0.7809008632828165,0.0252509644421137,0.7808662384128894,19.886228066183218,-1.3824069840714646,18.390106697089035,9.262888584320354,0.7180892203494733,0.0204496357330649,0.6567410471282089,12.976634168995542,-1.6985133373610264,7.636742038476733,8.963643070606638,0.6262714986818348,0.0375553720587513,0.2901237579544971,2.876226988727189,-0.5723184321768001,1.366334237441161,5.660089836171689,3.2987788118480035,2.104339936775315,22.3129993595543,12.16427496343352,0.048226626323325,0.5969163604427149,-1.9375091397581554,0.6001823917917292,0.0034427067592358,0.07881986682243972,-1.7986860228486692,0.10193987103070781,0.6238216975109955,0.3019095072177122,0.4888092013346024,1.2723130341814444,1.5414205532245238,0.2719252526448587,25.58996779361558,20.08319184270298,24.509604663790856,0.12040427043242895,0.0033939414471549933
11_24_46_22_39_30_44,Q2: Weak/Tough,3.4695599999999995,18.663962620860417,376,11656,1.0,0.0093085106382978,1.0,44.41013672625182,-2.4331761867349204,204.36452575182764,3.875446805648631,1.0,0.0093085106382978,1.0,44.41013672625182,-2.4331761867349204,204.36452575182764,7.750893611297262,0.9743961296496912,0.011314458219505,0.9802112284809542,41.56749154399563,-2.2999754748258727,167.71386845351188,8.243987727825077,0.9743961296496912,0.011314458219505,0.9802112284809542,41.56749154399563,-2.2999754748258727,167.71386845351188,8.243987727825077,0.798134892489229,0.0122399920234246,0.8108495196325047,21.998256511266973,-2.2385173576083788,16.87715777550956,9.833764819253252,0.7982002541440382,0.0122629528773588,0.8109325239706184,22.00551322638877,-2.2369926906037527,16.895855433585627,9.833453075177566,0.786441159063804,0.0158900907600164,0.7826693652270124,20.69997095796695,-1.9961402612139916,23.61527247972285,9.086095960080698,0.7128928035301528,0.0273177869242088,0.6583576730449507,12.534335229457726,-1.237308236483482,8.245760204108121,9.004630880704136,0.6174921301817804,0.0279680392999579,0.2643618451617679,1.9425668457189145,-1.1941296010187383,0.6731647120276422,5.662409502526761,2.929857636365719,1.9462825532002506,24.392131997966136,11.023949914602719,0.0377810810824935,0.5997090243580852,-0.20747490936343577,0.5968342914413246,0.0109410893420597,-2.051684870386726,0.9885144987216671,-2.212166783740704,0.621679899294143,0.2760541877135913,1.1847391986064857,0.9815642376165046,1.6220573084782888,1.318420263576714,22.604808051881434,25.85940994257737,21.86243199069839,0.11103783381165717,0.249719495023147
11_24_7_61_51_25_37,Q4: Strong/Tough,3.9079700000000006,18.96830985366313,386,11966,1.0,0.0297927461139896,1.0,44.87472679987692,-1.055758867191969,204.35240856906623,3.90972094449219,1.0,0.0297927461139896,1.0,44.87472679987692,-1.055758867191969,204.35240856906623,7.819441888984381,0.9843853935994954,0.0298851578154508,0.988137396762806,43.12287122667491,-1.0495442393835146,174.2387390538498,8.24345704509716,0.9844326447327104,0.0298848451997185,0.9881738901657936,43.12817249133312,-1.0495652625915348,174.28314654571125,8.242764895789525,0.806577863553689,0.0404198961707986,0.8179976660229077,23.174042259845287,-0.34108982394971876,15.920279755974102,9.838286286354757,0.8067208289982867,0.0404091714083333,0.8181946477366281,23.190082037247915,-0.34181105736499057,15.97246090503368,9.837024587440087,0.7929119002008475,0.0332529896415974,0.7992140667557277,21.64081154952292,-0.8230597034423988,24.2992302768787,9.159738364481274,0.7346124031086846,0.0250637530683351,0.6884393102627785,15.099993531050211,-1.3737806244242148,15.1345231501481,8.931114966245229,0.6024695933446939,0.0433361895750127,0.2547732723655393,0.2744441828361637,-0.14497095803909743,0.3145966936107957,5.49194164094989,2.9530755856270026,0.3306060026931336,24.72038699578833,11.486310167603236,0.0219318552231896,0.6012774918665241,0.7919493530877805,0.6000110786764428,0.0105761035608047,-0.007827226011790585,0.8640699621829867,0.1328089317489053,0.6060757818062711,0.277299657564014,0.5197308525959553,0.7913354844449972,2.8338840782393926,1.087044987030502,21.32814551134589,24.75810609578713,24.86663766425842,0.18276600996108322,0.3119331527893685
11_25_24_36_57_25_38,Q4: Strong/Tough,3.855586666666666,19.33644317928771,381,11811,1.0,0.0078740157480314,1.0,44.90707726716092,-2.537130569323788,204.3638669818841,3.891543655341865,1.0,0.0078740157480314,1.0,44.90707726716092,-2.537130569323788,204.36386698188397,7.783087310683729,0.9833478429611454,0.0116962685331177,0.987345896455756,43.0371407175561,-2.2804913376860205,171.8818975937928,8.24050238322451,0.9834202296846344,0.0116941385934774,0.987401895115006,43.045269308923714,-2.2806343491777916,171.93382931365431,8.239772217551002,0.7953798294207984,0.0328568765623908,0.8040635495862152,21.929469329664542,-0.8596951499482669,17.936141820098502,9.83378064369028,0.7954861568936105,0.0328581187083833,0.8042051308534616,21.941409261961265,-0.8596117479832422,17.95592963642255,9.832971780020053,0.7820881581027241,0.034103354142033,0.7830792189744472,20.43689500761078,-0.7760023472269902,22.516911628319377,9.272642998864368,0.7228465735161029,0.0531374761855735,0.6789110981951738,13.784423257761835,0.5020142390159934,10.973878961956714,8.948356789847267,0.6228001329589643,0.020844871947491,0.2666074864113819,2.5498129055328045,-1.666222558817066,0.776674586218863,5.598245557136125,2.947091738169913,2.570163036501912,25.479271966061752,11.08286039161926,0.0368381503697759,0.5991513790290803,-0.5748907293472961,0.6036304575977343,0.0093863241175019,2.2766572498059463,0.462411618124555,2.02637213303739,0.621345835869541,0.2828828022786802,1.020375470535637,1.1949386742829724,0.8266091131734431,1.1490161014242095,23.587660836570016,21.996325218143287,25.019018796401973,0.04581189729978242,0.08221877347860625
11_25_34_42_25_57_22,Q1: Weak/Brittle,3.543604166666667,17.323982283606252,368,11408,1.0,0.0176630434782608,1.0,44.19242311122426,-1.906796232199784,204.35310373278452,3.848824089903551,1.0,0.0176630434782608,1.0,44.19242311122426,-1.906796232199784,204.3531037327847,7.697648179807101,0.9801277265083423,0.0183565197196797,0.9848482011878588,41.996259013910816,-1.8608214185590068,169.1807031859624,8.228194997109656,0.9801971348641988,0.0183578161835209,0.9849022815097505,42.00392960777867,-1.8607354679814223,169.22304579636514,8.227677042822583,0.769089747485068,0.0310836317621109,0.7722232362555796,18.673611361387874,-1.0170627295246772,9.00119901797443,10.113174860912768,0.7692158461527099,0.0310443811033865,0.7723924147578064,18.687547027415743,-1.0196648975765197,9.024991864050888,10.11226844157411,0.7719060112896909,0.0172978235622819,0.7608901434543784,18.984847891967668,-1.9310089111239745,16.16128875386549,9.355857911090183,0.7163117885928021,0.0335741167594736,0.6479513243938255,12.840908902993384,-0.8519531312569302,6.748025218038674,8.928595953752072,0.6114845442567743,0.0755309182752395,0.2252928976317837,1.2560325913960488,1.929621803024362,0.9346726849822614,5.6333646050577,3.1237243895671676,1.2963530303625799,22.811686591104092,9.758432856097626,0.0280811381746981,0.6018984510564965,1.1876653249922033,0.6015139885679275,0.0132951408330172,0.948925342184384,1.868586011474459,1.001519140181353,0.6112132387319418,0.246944518277902,0.5934695821763918,1.2320313432221754,1.5257488908571144,0.9622455372729616,25.44027700428465,23.05024926900681,21.473669578862363,0.12043590839478961,0.18072699773061082
11_26_22_41_31_63_22,Q3: Strong/Brittle,3.8651425,15.28915252132298,382,11842,1.0,0.0183246073298429,1.0,44.71457616936401,-1.8394669539888213,204.36266260993355,3.8955737038449656,1.0,0.0183246073298429,1.0,44.71457616936401,-1.8394669539888213,204.36266260993355,7.791147407689932,0.9944379393458606,0.0182019616290725,0.9958088844238489,44.09286946347998,-1.8477810519716098,198.8229354357676,8.00599150088637,0.9827388049865442,0.0172356810295466,0.9868662372353452,42.78518320536409,-1.9132847877965256,173.4535909219293,8.263583451425646,0.7975696001400071,0.0219965428138609,0.8074378661260819,22.087649766812138,-1.5905480664221434,15.091793365309991,10.011241261105084,0.7976844188651578,0.021960399263236,0.8075861969652203,22.10048378208562,-1.5929982217839187,15.121693347941005,10.010438048157027,0.7727157638191701,0.0277784470379557,0.7720852321190637,19.309579251506136,-1.198595328215565,21.42090638828664,9.255854251447168,0.7116324552949581,0.0320540733623627,0.6670587484939083,12.481911434035858,-0.9087525047361051,8.768834740217313,8.898286301236702,0.610873812764612,0.0406297562072585,0.2456184057766157,1.2194805415809915,-0.3274107455556648,0.9950547203487567,5.712681234936483,2.7830595034389716,1.457301874472796,24.206790536798405,10.940129149262996,0.0292674553126565,0.5992054482579392,-0.49031201677385033,0.5994846062958299,0.0148271691922612,-0.31856595976678936,2.4848027637999874,-0.2961508881049295,0.6119601562449207,0.2540183122333792,0.6039204290961495,0.572169712228602,1.7294986719581598,1.2904125710247258,22.63929740372175,22.288751621321996,25.87690663980579,0.036432073892577556,0.2836260640820094
11_26_30_33_32_57_27,Q3: Strong/Brittle,3.8682216666666656,17.021760483881877,380,11780,1.0,0.0184210526315789,1.0,44.55753400619793,-1.843763181284427,204.36412453615824,3.888782078047965,1.0,0.0184210526315789,1.0,44.55753400619793,-1.843763181284427,204.3641245361583,7.77756415609593,0.999920428424857,0.0184184835389673,0.9999403173366336,44.548671831035485,-1.843936490724585,204.2763525828357,7.80231692111213,0.9548081785074978,0.0153481401503825,0.9645546191935044,39.52435680370026,-2.051060006383751,155.58294976665948,8.45734094241653,0.7769216732733267,0.022416298241247,0.7842664843264653,19.71249100127496,-1.5742463188797549,10.042286519834294,10.232517301686556,0.7769981777589252,0.0224050144047416,0.7843523138849683,19.72101158354153,-1.5750075196939084,10.051808196842542,10.232155544995738,0.78802989764023,0.0368460502097031,0.7923954052594577,20.949654271027267,-0.6008239424419238,18.8055304018691,9.406595706386849,0.7168498844040616,0.0181649336681771,0.6574753121291188,13.02207781887641,-1.8610408122894766,8.099876806178775,8.998636166896716,0.599184897911513,0.1054287419557984,0.2454104989969405,-0.08269884175785398,4.025723133899142,1.7688001810472114,5.700979627653135,2.9886257092049884,-0.12053487668794945,23.678391093179485,10.896042186776333,0.0031567272568005,0.6013844790244814,0.8343018877157624,0.5979580268830971,0.009394593560833,-1.2664880815278072,0.4528661229416754,-0.7275491619248949,0.6047933417994634,0.2673398834599199,1.0128999149379607,0.7557593606837838,2.0590385114949563,0.6950579910783813,25.80993572302676,22.54573238457374,22.201657156738825,0.04132061799065694,0.11666166574569013
11_26_31_23_58_21_46,Q1: Weak/Brittle,3.585735,17.977847706993334,385,11935,1.0,0.0402597402597402,1.0,44.77920145452574,-0.350153274734664,204.3602011213945,3.902237273341516,1.0,0.0402597402597402,1.0,44.77920145452574,-0.350153274734664,204.3602011213945,7.804474546683032,0.9628483320875558,0.0404615320936066,0.9710931950035984,40.620140076689985,-0.3366343218171223,144.68469512789923,8.554875172939362,0.9628483320875558,0.0404615320936066,0.9710931950035984,40.620140076689985,-0.3366343218171223,144.68469512789923,8.554875172939362,0.8204584596611656,0.0348782814116418,0.8341342201119141,24.6798538855229,-0.7106816836458725,20.591680092545204,9.609996683409268,0.820512600481991,0.0348949818748745,0.8341987460957835,24.6859148515444,-0.7095628436422009,20.627812735059877,9.609396277576511,0.7827867675228498,0.0351804980343001,0.7785334242843942,20.462576745249276,-0.6904348172869449,18.672976276854985,9.208051354528267,0.7037196242635635,0.0478919081474675,0.641022174667639,11.611154446780803,0.16116037139269784,7.55321143876198,9.05692345118301,0.6168676007330541,0.0675346605843238,0.3142304670006386,1.8882290184010593,1.4771177135544784,0.3063163816221162,5.703370393218052,2.7724637608939933,1.763847145589865,22.7301727530956,13.225997422316206,0.0439613902123156,0.5991585401658583,-0.5576617408846019,0.5993388103633787,0.0085439788458248,-0.4448476331838332,0.06962362626502615,-0.3780211260112821,0.6198692417764955,0.3408715450736684,1.3458508061278478,1.0977880886958404,0.97856424499465,0.4822593100087147,25.50017105904733,22.477406085456217,22.857899374936505,0.11961256636426522,0.08337831543069353
11_26_35_15_56_61_12,Q1: Weak/Brittle,3.335246666666667,14.287818732934875,371,11501,1.0,0.0175202156334232,1.0,44.231396870145275,-1.9307086078284024,204.35812250818265,3.858242484150712,1.0,0.0175202156334232,1.0,44.231396870145275,-1.9307086078284024,204.35812250818265,7.716484968301425,0.9935778771939104,0.0176692590445532,0.9951570281916264,43.521372713836904,-1.9207269190882796,198.35719944243988,7.947600026091492,0.978488643680982,0.0180229476708454,0.9835661116278064,41.853120545846885,-1.8970397949691797,167.83995275963477,8.253133023387926,0.7780241707821977,0.0331161695410743,0.78248941631399,19.689947629751575,-0.8862212579267555,15.004199059702367,9.986378689516965,0.7781159594719494,0.0330921327918902,0.782651245568169,19.700095705234947,-0.8878310395793693,15.022746908494025,9.985507349928236,0.7744181879660532,0.0335750551685537,0.776519075533385,19.291273393209774,-0.8554889131280974,19.890060854468384,9.065700581997593,0.7201137459247052,0.0354744642665827,0.6688285634757393,13.28742282721869,-0.7282822807587803,7.326368816939236,8.863853367809163,0.6003156612800703,0.0421206819431361,0.2546440556734101,0.042653683827162836,-0.28317386809239165,0.2999581283393223,5.723839713101096,2.697205724583417,0.08923928888200876,23.923363409327457,10.936541035127403,0.0067072357088582,0.6000872990641365,0.04173732523527747,0.6015802593925192,0.0094181182847229,0.9514338746523605,0.4100924303686826,0.8531490486699002,0.5991377085332248,0.2730321440884319,0.9283304185326032,1.168618196881473,1.3441956963815327,0.4195704406390511,22.761659547100614,25.34261223179236,21.901940281474914,0.11642556879248495,0.48768042633583375
11_26_35_22_21_78_23,Q1: Weak/Brittle,3.136880833333333,13.720268313520831,387,11997,1.0,0.0155038759689922,1.0,45.36668422832275,-2.0323713900020546,204.362722513792,3.910245009226641,1.0,0.0155038759689922,1.0,45.36668422832275,-2.0323713900020546,204.362722513792,7.820490018453279,0.9664961791760878,0.0161200185466886,0.9741225820386952,41.56689064771466,-1.9906890702865494,168.31625357834426,8.438116760979856,0.9497751888542656,0.0161818177524367,0.9605331200396328,39.67050062043386,-1.9865083265019088,145.7017432724666,8.616823383338929,0.7833222035297672,0.0393404369903267,0.7724169168027111,20.792445235847246,-0.4198174238014251,8.165151425383861,9.737213433539592,0.783409198071774,0.0392874817085306,0.7725501561115659,20.802311612103335,-0.42339987219300074,8.193082598203873,9.736694849217477,0.7617480706348321,0.0176429532634861,0.7534115028872498,18.345642164871773,-1.887661858616275,12.134788471616078,9.22887806548828,0.7148787669327263,0.0230646013882,0.6529989585075736,13.030019201423858,-1.5208849490181748,8.287247362706049,9.061618235272508,0.6165894372165254,0.0115445123687114,0.2397710427419531,1.8826588433081026,-2.300224100447521,1.4155202032630096,5.704846835996173,2.991298652520929,2.141836775212588,22.44355563645311,9.73409340570403,0.0429665965000442,0.59913127917132,-0.6045884209059026,0.5990074433187037,0.0085982286479531,-0.6848742890281068,0.1553364809684152,-0.705563626660704,0.6171498278955653,0.2656681846353288,0.4202110426529288,0.5910600513100779,0.9702398650296974,0.8626450628637516,25.38366791465746,23.073642610137632,22.51958895415829,0.12060154779489583,0.38230245459317463
11_27_22_28_27_97_4,Q2: Weak/Tough,3.618100833333333,18.59808517034792,386,11966,1.0,0.0453367875647668,1.0,44.87472679987692,-0.010432022990010151,204.36240079029048,3.909404600879912,1.0,0.0453367875647668,1.0,44.87472679987692,-0.010432022990010151,204.36240079029048,7.818809201759826,0.9927963434876472,0.0451509042464828,0.9945646705263868,44.06652417952843,-0.02293255723696996,197.501198037646,8.053869262182257,0.9898197926126838,0.0450001535045917,0.9922982928209712,43.73257485634501,-0.033070448195453184,194.6570885317161,8.098963567431493,0.7824504143582298,0.0484869875564022,0.7933824244646892,20.467102023500455,0.20141691129706482,20.439024793218767,9.930622064409974,0.7825542505685684,0.0484397834017044,0.793491933722964,20.47875175959473,0.1982424620896482,20.458528798379337,9.929864921363569,0.7793201814229853,0.0475151731636472,0.7689127954607472,20.115910589507514,0.13606301504392335,20.84372833650384,9.330344250485822,0.720922019850034,0.0448603468023459,0.6721913649160735,13.564023068793576,-0.04247235948857962,11.656340818197068,8.980903509539157,0.6203006464812737,0.0512862045924424,0.269338494474381,2.2749704216768096,0.3896624663405355,0.9442672202220987,5.714377922230607,3.016942430849286,1.5771578667467525,23.971980155713144,11.629772067528418,0.0360881169557392,0.6013061637314365,0.8100564655338935,0.5999398221996324,0.0083321066266444,-0.052827753255540406,0.022636146524216545,-0.0046572853315895195,0.6215236142822623,0.2781566360283552,1.461636469812312,1.577819216241001,0.5577878736689746,0.6233512961858713,22.34043244629492,24.142762272070268,24.474222323419383,0.2787934017737469,0.41522793266226254
11_27_25_51_22_44_36,Q4: Strong/Tough,3.7496075,20.16246543870521,377,11687,1.0,0.0092838196286472,1.0,44.538595515138205,-2.4479202024333064,204.3626613413494,3.8795110250095903,1.0,0.0092838196286472,1.0,44.538595515138205,-2.4479202024333064,204.3626613413494,7.759022050019181,0.983269824203762,0.010250983685246,0.9872739880131634,42.67656306649478,-2.3832347423873843,171.5239601613605,8.227578171864808,0.9832776880746664,0.0102563578820178,0.9872799328993092,42.67743829834974,-2.382875307617048,171.53458911425116,8.227425064871134,0.782816798919442,0.0332941717171228,0.7898049867783337,20.366574094826337,-0.8420699228339763,9.59502672633684,9.962767601085844,0.78289502866773,0.0332622998814783,0.789902184450559,20.375280896926657,-0.8442015615534948,9.60170251149984,9.962273416348474,0.7745472787108375,0.0282233975788214,0.7646738569114648,19.446194348033924,-1.1812113080902449,16.93204310915517,9.253431061028875,0.7176063065534298,0.0199504821051327,0.6678698972043596,13.108787072359267,-1.7345169646491565,9.527535028538972,8.99412580056142,0.6249253008419752,0.0229262056828631,0.285703181263667,2.793591218503347,-1.5354958706768493,0.2684242043775989,5.551426519490418,2.8419121373677854,2.7385942632734506,24.539010188976654,11.346397807617404,0.0571760402804795,0.5946204390294503,-3.2738189083500884,0.6005781049381443,0.0098026752653299,0.37764060897962065,0.5296415034201382,0.1155414720842884,0.62838176648035,0.3105087754935287,1.8908151826974404,1.2721945209307497,1.7143711135758666,0.7766178595851182,22.09103679404121,25.30867551717132,22.969844202330048,0.06587706720124904,0.1825111293571066
11_28_25_43_29_37_43,Q1: Weak/Brittle,3.4530591666666663,15.067917482420832,383,11873,1.0,0.0026109660574412,1.0,45.040309241436596,-2.8774779042168426,204.3645157917581,3.8999142068103927,1.0,0.0026109660574412,1.0,45.040309241436596,-2.8774779042168426,204.3645157917581,7.799828413620784,0.9991762649786948,0.002646817940129,0.9993817158361444,44.947570795544976,-2.875081065402388,203.56297351143303,7.873493704400184,0.997120855841029,0.0028544886498063,0.9978352750666428,44.71616695308536,-2.8611974648697647,201.2207775450237,7.957155666031143,0.8016745399048487,0.0232400229194957,0.8075144876409454,22.712261417485216,-1.4983446346162468,14.61883543227866,9.84360664232949,0.8017830135975355,0.0232174628042713,0.8076722072190573,22.72447369621528,-1.4998528667026698,14.628009151618803,9.84303851512293,0.7826826484922744,0.0160179102810859,0.7741588473594937,20.57409993522368,-1.981171158535282,16.43544263354732,9.32783323049805,0.7158297406460095,0.035698631596077,0.6670787379875994,13.047608264182232,-0.6654378355461941,12.054761121196629,9.03407246464086,0.6205269862810987,0.0490105113428776,0.2791430851400765,2.3181514602343323,0.22451347742462366,1.0974149761825107,5.6544939403738566,2.8715603140471955,1.8281288455258986,23.840817835492825,11.531994701749186,0.0498783981476687,0.5993148073104195,-0.4300573140784682,0.6034292666774441,0.0099476800706856,2.0864964662623224,0.6073171980111017,1.8834883525475743,0.6248767768388646,0.3237786424753233,0.6440757023616992,0.5530211600106013,2.0359752024956106,1.226998702495662,23.72699698375609,21.36888572446628,25.69750146029856,0.10119928635558681,0.17243411980335693
11_2_16_75_83_23_6,Q4: Strong/Tough,4.4331925,26.103396392172915,371,11501,1.0,0.013477088948787,1.0,44.231396870145275,-2.2014836242947293,204.36318275397625,3.8588907681022016,1.0,0.013477088948787,1.0,44.231396870145275,-2.2014836242947293,204.36318275397625,7.717781536204406,0.9983292839148205,0.0134669114044725,0.9987453416264578,44.046683993324294,-2.2021652316111204,202.82906125394456,7.843220243294226,0.9983160581640568,0.0134668659108521,0.9987353973958238,44.04522176614318,-2.202168278395645,202.8174254635664,7.843766630542676,0.8028798659354183,0.0121519633731882,0.8177917874239683,22.437971065848025,-2.290229520117432,21.9100336119732,9.887012568804831,0.8029753470174873,0.01221184175618,0.8179157587061198,22.44852736892513,-2.2862193637693284,21.924611855999,9.886716840367196,0.7626047915977624,0.0257561499693974,0.7630130651783389,17.985194851457404,-1.3791341879831678,22.32259901288243,9.361583293553222,0.7082641227464508,0.0223388858251419,0.6644397537947369,11.977339081742128,-1.6079941340359913,12.077530536864758,8.825962432160056,0.6204598403000541,0.0673432435357822,0.2003680213038111,2.2697761081487005,1.4060236424689707,1.437888725116869,5.506708986925805,2.968942294159824,1.586175401693557,25.695308572503198,8.119747027758786,0.0516218990408388,0.601439513335885,0.8656739253555438,0.5971522134798345,0.0062046308669822,-1.7466807442359091,-0.7742439431156656,-1.1486337844650962,0.620418335481291,0.2037346784829037,0.5900065237318488,0.8859095988371612,0.9530236980153428,0.5118305613575316,22.931614506701845,21.688031469252905,25.45834878261489,0.016546693400598462,0.21406827482167867
11_2_9_77_89_21_7,Q4: Strong/Tough,4.4180725,23.173954241733338,377,11687,1.0,0.0384615384615384,1.0,44.538595515138205,-0.4964682714823112,204.3632646905596,3.875980344762392,1.0,0.0384615384615384,1.0,44.538595515138205,-0.4964682714823112,204.3632646905596,7.751960689524785,0.9889359588338368,0.0373515057468974,0.9916245972534098,43.30719161864388,-0.5707090130841904,193.71752748329985,8.10210487895455,0.983496209511996,0.036830000849619,0.9874582622832532,42.70175926257556,-0.6055880844955961,186.1817036233638,8.192437805660267,0.7981459740977749,0.0338492677681239,0.810472007134464,22.0726781992084,-0.8049442219937771,14.02524552613984,10.21594254669228,0.7982915467084939,0.0337918200670535,0.8106599786082032,22.08888011651602,-0.8087864149981236,14.07844668021142,10.214768013641224,0.7802329481376177,0.0272148538367638,0.7887485527008562,20.078997080884175,-1.2486643068719123,25.656861819924384,9.165484230246452,0.7042170621244274,0.0440995891774676,0.6603608482223384,11.618593072411766,-0.11938653252206732,8.253720003507937,8.687224524176035,0.6019735168661037,0.0233559762304961,0.224408327177502,0.23910721081367112,-1.506752137493059,1.556109941249647,5.384988520517457,2.792151657040679,0.1560203903066385,24.24076128697665,10.041454687781057,-0.001728572455639,0.600297305627724,0.20553842496863833,0.5974615314280604,0.0045317698061498,-1.5325104769090412,-1.4246554702234069,-1.4504338534274532,0.6014291916634531,0.2217533477400665,0.482770354508752,0.5264426602076437,2.0657271521759486,0.590766682658597,23.235325755299552,23.380871187962736,23.62574493931441,0.03676017923972386,0.10502128045654262
11_30_32_26_49_28_40,Q1: Weak/Brittle,3.157329166666667,14.70657203600896,374,11594,1.0,0.0066844919786096,1.0,44.228901369510815,-2.631860467226634,204.3525942780996,3.8656790781557593,1.0,0.0066844919786096,1.0,44.228901369510815,-2.631860467226634,204.35259427809956,7.731358156311516,0.9931006411254528,0.0068255620387955,0.9947955977592576,43.465889337307495,-2.6224270948578283,196.947943751611,7.985437954919655,0.9824324433097336,0.0072700492761793,0.986631030080128,42.28607488739556,-2.5927041783304126,167.55599696877513,8.245699128606121,0.7998733941613161,0.011014252048393,0.80657811978799,22.09655385788087,-2.3423288759589447,16.924393361400295,9.850407321415847,0.7999718430967312,0.0110043125014417,0.8067188753248621,22.107441495941917,-2.342993534692664,16.946289333957726,9.84947561896652,0.779755456795461,0.0217500895541116,0.7799683820780787,19.871676365293908,-1.6244220943996732,20.714702853741883,9.228022363776612,0.726800899018211,0.0173275833030114,0.6757927694590706,14.015340221785312,-1.9201556342806487,14.69555406985077,8.699425356677526,0.609009550628373,0.0280593206322776,0.2759616024629209,0.9885912520416799,-1.202523032027761,1.277028093672336,5.706082295008957,3.004370870874416,0.9186024208862736,25.192397404549403,11.672655451736592,0.0156688684337475,0.6005657838424481,0.4057884001999564,0.6000556976905929,0.0058802796599433,0.08506939444413124,-0.8805584085493838,0.038116642158747154,0.6106126827743587,0.3019860252845416,0.8017444275581346,1.1683473866420082,2.4389414442268875,0.906150450124212,24.601559019379277,22.93497696005882,22.582551852798765,0.0709299671303335,0.167013357384457
11_30_41_17_32_41_44,Q1: Weak/Brittle,3.067061666666667,15.208238907018334,380,11780,1.0,0.006578947368421,1.0,44.55753400619793,-2.642624469578869,204.35890095813693,3.885270527324949,1.0,0.006578947368421,1.0,44.55753400619793,-2.642624469578869,204.35890095813693,7.770541054649898,0.9833908138290816,0.0069909197636356,0.9873608342406334,42.70770865225915,-2.6148330599376486,163.78806419398938,8.284965339182234,0.9832974203313634,0.0069920611784892,0.987288790273987,42.697307079406976,-2.6147560607791234,163.7278259625231,8.28594849654081,0.8052436233041047,0.0255350881634361,0.811914432873887,22.86680938272901,-1.363854629244046,11.723753908614473,9.568395239317637,0.8053151547608431,0.0255251476114634,0.8120161460913125,22.87477610071972,-1.3645252128927134,11.741232398930038,9.56774206279037,0.7552071808781307,0.0179658022145766,0.7376976322258605,17.29406916126475,-1.8744741002081504,7.833948911056844,9.320758249595732,0.7131842075213793,0.0322759551875463,0.6509149742526418,12.61381807832357,-0.9091197999687495,5.668236874437177,9.230617381145477,0.6173807280807412,0.0397930664247123,0.2871878345128806,1.94383681366983,-0.4020200036295222,1.6238215390350998,5.63564035381092,2.9846977364818406,1.882684160235104,24.573925754057093,12.191968529387733,0.0377264514765378,0.5971143584268801,-1.7837491308742432,0.6022059045598132,0.0048469764665408,1.3379255934909677,-1.2565080864747578,1.1352460861477098,0.6209317711743338,0.3107609829692662,1.756759049838571,0.3025310521837988,0.7132549314206867,0.7537301922108071,24.718987677936376,24.358126659333536,21.486850709692344,0.13929100437953856,0.1690774741930219
11_31_30_41_26_18_59,Q1: Weak/Brittle,2.9068775,11.68272415688125,381,11811,1.0,0.0314960629921259,1.0,44.90707726716092,-0.9510648653259866,204.36173910860356,3.8925000750787415,1.0,0.0314960629921259,1.0,44.90707726716092,-0.9510648653259866,204.36173910860344,7.785000150157482,0.9999945707498552,0.0314961972514328,0.9999959280429012,44.906467595197164,-0.9510558506931769,204.34978795544197,7.792248144671001,0.9999797290109838,0.0314964856462663,0.9999847964846056,44.904800957661216,-0.951036486869631,204.3271885669859,7.798669903060986,0.8102861186529595,0.0297807167462228,0.8221819181546927,23.60335548081965,-1.066239127022904,16.806971029825885,9.665875710273465,0.8104691570075785,0.0297938381550575,0.8223764728187285,23.623909581317434,-1.0653581103893413,16.84453242084648,9.664740699914663,0.7839868426093131,0.0292561050566232,0.7814304086425224,20.6501057974655,-1.1014633647950252,15.281465019062708,9.246968448061637,0.7252507096603015,0.017904961277389,0.6979612177690002,14.054393210349556,-1.8636182984192589,11.499394942487514,8.961515575796502,0.6107683386110522,0.0326172481979264,0.2899412698116567,1.1987151494887556,-0.8757846246095747,0.7418161516949443,5.777618750362502,2.9652360439447842,1.3868414993612066,25.943996346375666,12.091729998542926,0.0415260990777654,0.5996179403133614,-0.2778604658789535,0.5975950440612828,0.0043768359320492,-1.5657114448772333,-1.401699910983136,-1.315720654218931,0.6120765680800555,0.3117972628481427,1.0316905077201524,0.8862759583670476,2.3989646127921067,1.0432144140417443,24.055541836540044,23.23148298520773,23.19880996424964,0.052230281097065005,0.1704750885971978
11_31_30_46_19_13_66,Q1: Weak/Brittle,2.7904991666666668,13.835519902037085,383,11873,1.0,0.0221932114882506,1.0,45.040309241436596,-1.5683280798838728,204.36236003536047,3.8992791539795992,1.0,0.0221932114882506,1.0,45.040309241436596,-1.5683280798838728,204.36236003536047,7.7985583079591985,0.9999064603914448,0.022189681916332,0.9999298387133546,45.029778284633316,-1.5685640455944208,204.2093668667184,7.826963909752285,0.9899454578414352,0.021923875220484,0.9923577731168728,43.90834011323358,-1.5863342645616718,190.63651997086936,8.08714400800378,0.8155542301089492,0.0262433164413392,0.8306740867287847,24.27487665866555,-1.2975626966901808,21.285775615555327,9.597877144335191,0.8156718859956804,0.0262376632213563,0.8308084320407789,24.288122695076826,-1.2979406365936348,21.2836614599428,9.597600244509438,0.7848217068807403,0.0166213653855892,0.7927065472185189,20.81492124970834,-1.9408278206456253,13.736754056731206,9.233752554341669,0.7073133952332294,0.039003311577028,0.6460540321322444,12.088813727310312,-0.4445070320882854,7.620271072576505,8.996144905777461,0.6399163246452266,0.0413649332365095,0.3121228376685916,4.501058657632575,-0.2866233720363672,0.4977712512973237,5.5152166126128215,2.9673726093620245,2.676654984387113,23.147259968697067,13.022877829728955,0.0875953947997793,0.5986352109505957,-0.8457232949184504,0.5974140316268578,0.0058181168430075,-1.5926412176609892,-0.9662083069445403,-1.1468324382739603,0.6435851300314251,0.3434608211794716,0.4655661790965673,0.8237263133989138,1.4519782779615742,0.2282368199711404,24.233126772665315,24.838739922853662,21.652996344020025,0.06911861201990427,0.16993640203443233
11_31_40_19_36_22_57,Q1: Weak/Brittle,2.9940358333333337,14.527107382362502,382,11842,1.0,0.006544502617801,1.0,44.71457616936401,-2.638035058767123,204.361189799066,3.8933469646415264,1.0,0.006544502617801,1.0,44.71457616936401,-2.638035058767123,204.361189799066,7.786693929283051,0.9994934892694192,0.0066591706086938,0.9996199290117296,44.6579602607313,-2.630261766219698,203.82394381216628,7.851536265228601,0.9880387897643408,0.0085131249609394,0.9909285089842796,43.377596032611336,-2.5045830180584154,174.08317326001392,8.198446506613502,0.8017635829708821,0.0360998247847077,0.8132583049300066,22.556437759689732,-0.6344927995194312,14.401774529199573,9.882381094437822,0.8019236354699979,0.0361019213516575,0.8134714778409177,22.574327840036073,-0.6343506741702455,14.42463197221886,9.881524600655458,0.786968473519356,0.0240526955207109,0.781164467157572,20.90269477983632,-1.4511623809480991,18.957501100468665,9.283992965764693,0.7331681782177013,0.0257407814327921,0.6815633124552912,14.889095423869808,-1.3367277812169418,13.121230940807983,9.02431201586604,0.6342491529268642,0.0572270919646115,0.3349195952441434,3.8322901880160596,0.7977153279477287,1.6551257918522095,5.641794446510498,3.151426288125479,2.734285206642259,24.805060415853564,14.520052604000929,0.0888441548124333,0.6009860905944566,0.6051903823240211,0.6004346834622154,0.0035632133123444,0.2659488491639312,-1.796142417658871,0.3049613824537474,0.6370386073842842,0.358831451624255,0.7079382989510091,0.7456388621637318,2.1480283030579663,1.8204276278707805,22.754470173907297,25.147828345992927,22.68039173929,0.1705441926056887,0.18945422109379312
11_33_21_49_27_22_53,Q1: Weak/Brittle,3.6327374999999993,18.060820090885414,379,11749,1.0,0.0224274406332454,1.0,44.601299060790396,-1.5672749763674492,204.35894053264155,3.8840973249040593,1.0,0.0224274406332454,1.0,44.601299060790396,-1.5672749763674492,204.3589405326416,7.768194649808118,0.9999908813180334,0.0224282853212888,0.9999931609320224,44.60028221751709,-1.5672183347006048,204.3579904714944,7.777081819424104,0.9993746566116932,0.0224487973555165,0.9995306876990734,44.531565713335866,-1.5658428732884218,203.82185103399505,7.832319361285564,0.7948714270710341,0.0240111442197798,0.8043274401829978,21.726983418564473,-1.4610776510591594,19.30991811565728,9.67581333760783,0.7949654172617245,0.0240503757582807,0.8044604995249821,21.737464461056152,-1.4584469286866466,19.342866118470216,9.675177057665293,0.7941031598719939,0.0321735814092148,0.7965277716117132,21.641312338434155,-0.9137346981952439,21.0836902963123,9.144968993972226,0.7097685203864255,0.0444273764073733,0.6577335471214023,12.236980530235746,-0.09204037057917952,9.84034067009316,8.976339480144182,0.6119014915273073,0.0390967231703145,0.3118537892916673,1.3236237163826006,-0.44949432896820757,1.3825385107784631,5.565910452714373,2.814773333927313,1.155645573029801,23.627392073268275,12.871740069835194,0.0411340132037905,0.6020519468413218,1.2568533000084285,0.6006972842010255,0.0099383510232802,0.42663248994121483,0.6556217761983266,0.619415835186918,0.6184719953441737,0.3304100594307777,1.6862539586773744,1.8407098557264687,1.4795972846438616,1.6213775308957,22.845887077309698,25.769878901412447,21.908152138441217,0.032347672387035654,0.10456638149083823
11_33_36_24_31_31_50,Q1: Weak/Brittle,3.2995916666666667,17.198686875668752,378,11718,1.0,0.0238095238095238,1.0,44.79242860437828,-1.4787100823365933,204.36189871643467,3.8829267483886416,1.0,0.0238095238095238,1.0,44.79242860437828,-1.4787100823365933,204.36189871643467,7.765853496777283,0.9978709353072144,0.0242748132373091,0.9983996262803414,44.55392644981323,-1.447513057152654,202.0276611222885,7.891664519135631,0.9857150386767296,0.0256756137029344,0.9891448415362212,43.19219820037833,-1.3535912854678867,171.9317652962225,8.175098652477113,0.8160698580496382,0.0563911017886399,0.8296111599320347,24.18820023439821,0.7058405393809526,20.88509232703983,9.745336194703528,0.8161325216061437,0.056422331966316,0.8296993764996987,24.19521993337209,0.7079344804448997,20.91025573924236,9.744807849089486,0.7899691967764286,0.0425929878837699,0.7903676516102204,21.264351104624588,-0.21930428720583528,19.133198925724383,9.320478563396556,0.7119585300202708,0.0315070181490155,0.6449145481220848,12.52543764490425,-0.9626035249506314,8.180726352576245,8.969169817967837,0.6277164159604283,0.0546977287407829,0.2489505408554342,3.088464791768855,0.59230217279641,0.9873093913573384,5.881439128974206,2.922231776670389,2.2807274629080623,22.86370077176124,10.689218248416088,0.0740084318004878,0.5962876622624278,-2.3268535399145414,0.6025878652496933,0.0088251868397531,1.6320342471474467,0.2426375670639698,1.3877671230719362,0.6265202462330681,0.2832355759962581,0.7375387849756819,0.5218925909625184,1.534233025904299,1.5971084027383962,22.64931314032324,20.903395690916607,27.25331066464939,0.09514977034712689,0.3319323487071788
11_34_10_53_42_19_47,Q2: Weak/Tough,3.6299675000000007,19.67397769619021,379,11749,1.0,0.0105540897097625,1.0,44.601299060790396,-2.363458126574143,204.3661388013257,3.8850569794437018,1.0,0.0105540897097625,1.0,44.601299060790396,-2.363458126574143,204.36613880132572,7.770113958887403,0.9869199579180148,0.0103644172062871,0.9900753268066712,43.14271624648624,-2.376176865563484,168.4604196521681,8.222098358884672,0.986935916721044,0.0103615654622116,0.9900875906369794,43.14449584594695,-2.376368093010247,168.47028792734122,8.22197855717127,0.8017778676366694,0.0305118271691315,0.8125921830922874,22.497135032290764,-1.0251658126519156,18.224196285344917,9.761523886358452,0.8019039456350111,0.0305058556852391,0.8127379222352483,22.511194253239022,-1.0255662383520823,18.240661499873184,9.76094880694898,0.7710207443637904,0.016137729237855,0.77374629334462,19.067343970300012,-1.9890398399636735,20.49647531941284,9.333923815651922,0.734923501639227,0.013477154920125,0.7112298908428943,15.042065033749138,-2.1674481473825797,9.455057015488087,8.966221025427904,0.6264279360964815,0.0446082774833212,0.3068735275551028,2.943497893295317,-0.07990981119016011,1.2100669873424743,5.61597250510325,2.938121973443838,2.3870637849080882,24.547287321128916,12.351999906082485,0.0534943868146205,0.5948752495987135,-3.1414693680340773,0.6019887501263561,0.0065313426222018,1.2181224556404733,-0.6286311223617618,1.341619222716061,0.6276204928172456,0.3406496598209987,0.7813305336471542,0.9075734793107476,1.8176342652923785,1.4025836960442033,26.072425917290676,22.995343334762275,21.569350795035863,0.026779806131507614,0.16260650457110482
11_35_31_27_37_30_45,Q1: Weak/Brittle,3.2689833333333334,15.8931832346125,373,11563,1.0,0.017426273458445,1.0,44.29201478100146,-1.8852068404354687,204.3597817015024,3.863202403129725,1.0,0.017426273458445,1.0,44.29201478100146,-1.8852068404354687,204.3597817015024,7.72640480625945,0.9852037493373104,0.0183816709199575,0.9887565836905708,42.65378435912236,-1.8223460950150094,167.15043943817432,8.197616649790625,0.9851570050881896,0.0183759494052853,0.988720394640882,42.64860886887802,-1.8227225442853048,167.11237877040045,8.197963546781526,0.8110738237953461,0.0369630427790591,0.8245903741910233,23.374242001698267,-0.5997775483614142,14.548539203909014,9.736444717905965,0.8110829310040443,0.036969895999535,0.8246168424519607,23.375250345412354,-0.599326638070148,14.558646369612276,9.736397673887048,0.8000118992304288,0.0203408084875993,0.803794928098073,22.149473527582334,-1.6934438811780328,22.30348785330742,9.222567964823336,0.7365336027601318,0.0256388863129089,0.6917036578060283,15.12120138098178,-1.3448548019613829,15.360224346685769,8.885422554124798,0.6205615902031355,0.0567933256842745,0.2707528820602952,2.2808620687738212,0.7049635835095129,1.0577162597198222,5.692853890909205,2.71654685956346,2.0915165859571867,24.785371415048154,11.76745707234673,0.0589656116059126,0.6022922677428325,1.3930264292532493,0.6024700513283832,0.010622729892921,1.5022823655867727,0.805358060963922,1.793869193257107,0.6270412793825109,0.3017818786688885,0.9455671725735868,1.2650069413426432,2.090732877558963,1.5669005929090158,22.154519208303952,20.677968872406257,27.688613759284664,0.11626685929256597,0.2417176809176704
11_36_15_44_39_32_39,Q4: Strong/Tough,3.7053875,18.474150436035416,374,11594,1.0,0.0187165775401069,1.0,44.228901369510815,-1.827273417888453,204.36668022499703,3.86890586528656,1.0,0.0187165775401069,1.0,44.228901369510815,-1.827273417888453,204.366680224997,7.737811730573118,0.9999985673892092,0.0187165635560859,0.9999989255406804,44.22874293460538,-1.8272743530016664,204.36308663201908,7.741334377908221,0.9836722897519266,0.0184392824609016,0.9875862400901588,42.42319165008024,-1.8458161741241412,170.19594777550986,8.206060220456633,0.7802440222693902,0.0364806314337612,0.7878116993934046,19.925707666159028,-0.639388937386045,10.281825031779894,9.85864980520376,0.7803157670487956,0.0364832754449978,0.787894402026184,19.933642045415056,-0.6392121320277055,10.29590260683595,9.858034899199716,0.7730614676858402,0.0484080978203847,0.7616006899156468,19.13137653063516,0.15820221479152552,13.06147465156966,9.324545814369989,0.717106896368522,0.0465223263768195,0.6581941084287909,12.943263700413029,0.03210044517316564,6.354868206940837,9.071904176009411,0.6193812755685696,0.0565780052453381,0.2643582121494924,2.1356182538212605,0.704524934557104,0.6388333673979146,5.579486549818068,3.1010044434678856,2.4782619838060422,23.769021053708144,11.389093181389866,0.0469710683248063,0.6029389672960256,1.897938373178627,0.6003496034334265,0.0092676040121451,0.26986397725075945,0.38612097270577295,0.31433985784591106,0.6196005475986504,0.3028422441662166,1.0728980958032135,0.779286265001356,1.3896553744254805,0.8873376754795179,24.854503633858105,23.835884963462632,21.48661452754921,0.09348140395077159,0.050457675997115356
11_37_28_32_31_33_44,Q1: Weak/Brittle,3.438636666666667,15.317547740491667,371,11501,1.0,0.0336927223719676,1.0,44.231396870145275,-0.8476085419631232,204.36686722550857,3.85661923384072,1.0,0.0336927223719676,1.0,44.231396870145275,-0.8476085419631232,204.36686722550857,7.713238467681442,0.9999981432050188,0.0336928367659879,0.9999986074014102,44.23119158455206,-0.8476008808025541,204.36687400590176,7.717354772918133,0.9864575215583328,0.0338391383169564,0.9896913614840116,42.73415256009385,-0.8378028190640782,165.2646381254283,8.194052840302191,0.7974252502033516,0.0235645660986201,0.804936849980936,21.834913626729197,-1.5259082579009042,10.932179453334468,9.724365615161751,0.7975421721308925,0.0236469186997157,0.8050876357610819,21.847840410514372,-1.5203929652432584,10.955768096726382,9.72342218728115,0.7664278414516711,0.0269944002543971,0.7638161388295738,18.407867825644768,-1.2962064769657735,13.746488012647248,9.221059001114709,0.7088912737748427,0.0254731724339649,0.6513633856706516,12.046676338792038,-1.3980856710290746,8.897892722908308,8.92959657669813,0.6148618819731552,0.0399105465350389,0.224249618509887,1.6508708398880294,-0.4311903657684169,1.5631150344402054,5.727581069517989,2.9158872627354775,1.4931206499776812,24.17699097526486,9.310268668640775,0.0408560427488284,0.6004798145127859,0.2809064059140873,0.5981005707311285,0.0137153335686687,-1.168823916619193,1.9938385926760618,-1.1815263892734278,0.6185578339382382,0.2557670204398043,0.8390873922996622,1.462482354521247,2.2939888261842056,0.5832099400880657,21.831051216990232,24.29804912177856,23.87239315396133,0.06546852760562305,0.14271115065126264
11_38_20_27_31_43_46,Q1: Weak/Brittle,3.3176225,16.140700914355833,387,11997,1.0,0.0271317829457364,1.0,45.36668422832275,-1.2457383057589708,204.3541174348335,3.91245285825404,1.0,0.0271317829457364,1.0,45.36668422832275,-1.2457383057589708,204.3541174348335,7.824905716508077,0.98027411271034,0.0279861239799465,0.9849528777738932,43.12949760149025,-1.1879417544036648,165.93739301330572,8.313049636094417,0.9802539375549532,0.0279848351899776,0.9849372503136402,43.12720946168883,-1.188028941618888,165.92626409363928,8.313189250505445,0.7984793251548222,0.0301268118712561,0.8057329975622489,22.511471067380892,-1.0431232654261933,21.3207390068672,9.814155565774763,0.7985441415406814,0.0300899127918319,0.8058334748687611,22.518822136030657,-1.0456195045783676,21.33314694016885,9.813520434480177,0.7810591670005448,0.0280395190260852,0.7780836139916488,20.5357858022377,-1.1843295557585094,16.306971250106315,9.31693361199324,0.7233937229055671,0.0524032644700264,0.667186247648655,13.99573219322892,0.46388867135764106,8.97291673777095,9.181137503687676,0.6249199018997832,0.0291164004154341,0.3216924170498614,2.827447988202689,-1.1114780502931043,1.2165975792435608,5.532820790999381,2.748953118041298,2.276301167007516,23.70624777612025,13.343562417480916,0.0726909666198457,0.5994662449926871,-0.3874217345905775,0.5984926410440238,0.004584855767146,-1.0186334279264155,-1.3195722450316252,-0.832323630572145,0.6276081390981451,0.3568802132052132,0.7235349502648997,0.9600096225131404,1.2271318658006485,0.7808754822958088,22.987598461239852,23.984626521564667,23.94015419438984,0.025192676779060653,0.12506017855052998
11_38_21_33_21_43_49,Q1: Weak/Brittle,2.918068333333333,13.709980534835628,386,11966,1.0,0.0181347150259067,1.0,44.87472679987692,-1.8397540003434385,204.36446605381684,3.9100367311096487,1.0,0.0181347150259067,1.0,44.87472679987692,-1.8397540003434385,204.36446605381684,7.8200734622193,0.9997759787425704,0.0181557006164682,0.9998319491848388,44.849593096325414,-1.838342732802443,204.0660424429844,7.861177094801958,0.983391388865891,0.0193997414306373,0.9873514710268736,43.011350469270624,-1.7546817838496338,168.11304540386217,8.27149633254331,0.7927909222987175,0.0420841578279249,0.7979267912233906,21.627238628973746,-0.22916929211897205,13.089950797752389,9.75286646012842,0.7928419469526132,0.0421056960466381,0.7980087745395831,21.6329632576967,-0.22772086068828531,13.109623158301964,9.752042763994332,0.7895540810521773,0.0278293251202635,0.7945428456516447,21.26408644749203,-1.187797673039914,18.94747872539341,9.247357109207762,0.7132649726192116,0.0418291454322769,0.6646459586041383,12.704953008266548,-0.24631871259750376,7.2616533482233985,9.074430483110916,0.6268579256487116,0.0417582060663009,0.2981621472979357,3.0106537786486656,-0.2510893395802098,0.96637680665645,5.673641263261863,3.141906745677742,2.3214243949585165,25.217965728881225,12.6252138766974,0.0636814353375976,0.601760693815762,1.0971053677301292,0.5997621790125144,0.0125585193047144,-0.16501456685343546,1.607418412542679,-0.06051765700456405,0.6286604031179512,0.3413654421264161,0.543211030868732,0.9578420574229048,1.504494306157682,0.3917384041615884,23.25653082054125,24.0507453912144,23.456666396619468,0.2802527376202531,0.5354879289464074
11_39_27_30_31_25_53,Q1: Weak/Brittle,2.797031666666667,14.080910027692084,375,11625,1.0,0.004,1.0,44.239406385010234,-2.810420786626721,204.3621007687453,3.870407477665108,1.0,0.004,1.0,44.239406385010234,-2.810420786626721,204.3621007687453,7.740814955330217,0.9826741720256592,0.0086092555231824,0.986804883131392,42.32277494458373,-2.501529992491349,159.7702616503212,8.310876215487452,0.9826927414825825,0.0085989957822365,0.9868193466206056,42.324829149728984,-2.50221755244815,159.77364079198395,8.310760216536616,0.8014423924710978,0.013825520554017,0.8114483411151935,22.27440974015342,-2.1519602540181384,10.166515416659854,9.83034751726031,0.801462634235649,0.0137993300366818,0.8114906615188611,22.276648940635262,-2.1537154202608857,10.174394811316583,9.829975513007811,0.7759469863862699,0.0220809522085495,0.7690820871973665,19.454036770908246,-1.5987197519732,17.805099896611782,9.241833198705244,0.7222420944647056,0.0187288024944798,0.6570440117764164,13.513051756280431,-1.8233651815944982,9.267150157321394,9.04266891029101,0.6026811926810451,0.0332948642180551,0.2597290777369244,0.2868911512182862,-0.8472157035300821,0.8567723488619325,5.78237218700871,3.083883480560538,0.307557022199329,24.4722341722194,11.310126648526005,0.0156266166282354,0.5963080909542169,-2.314069084112906,0.600094658203129,0.0070211195122088,0.055865421857406006,-0.4362339589984614,0.09419149087082698,0.6015849312573073,0.2870794191443181,1.1318142383658998,0.605784948850403,0.7224600404984681,0.3324662575653089,23.190294828666623,23.499378819220112,23.47228345490107,0.07655719408269174,0.20221050442852703
11_3_10_77_85_22_8,Q4: Strong/Tough,4.434850833333333,20.94927386475417,376,11656,1.0,0.0425531914893616,1.0,44.41013672625182,-0.22563337851963503,204.35981591229896,3.87319550318707,1.0,0.0425531914893616,1.0,44.41013672625182,-0.22563337851963503,204.35981591229896,7.74639100637414,0.9986156927867152,0.0424667473198721,0.998960706229686,44.256445343786325,-0.23137352099606898,203.18579337582383,7.862566439943618,0.969841264764332,0.0408263622063453,0.9765736953966524,41.06179203274817,-0.34029982942695974,174.11390174798848,8.334741062229119,0.8027637852411064,0.0366978538549307,0.8174174042750337,22.512174895490716,-0.6144447057352073,18.70929984591068,10.024476227230643,0.8028280858641123,0.0367434634525612,0.8174842108178285,22.519313810572807,-0.6114160967470242,18.737735782180504,10.024098526906256,0.7712286541838086,0.0201303050951214,0.776435589457651,19.01101717420253,-1.7145777850185588,26.601068519111696,9.234771305852004,0.7016824431573988,0.0303950878672087,0.6472218214690051,11.289715706355794,-1.0329665676352409,9.87839349272682,8.757220642298536,0.614918917793404,0.0506699599254011,0.2170493044368947,1.6568784049222338,0.3133434841911546,0.8245397147182209,5.520073340099226,2.949420564930732,1.3905179403654526,24.65884318877273,9.36707298917893,0.0299918375277564,0.5999061544722141,-0.0810112236503705,0.6000444383078269,0.0040036017929209,0.007701166150748161,-1.5945849655983568,-0.11513579096365471,0.6155424615529937,0.2197937003778624,0.9356318363294368,1.3455392775502493,1.2072102564431395,0.4738167694650187,21.96114312039041,25.826400691438764,22.59708428999928,0.11447234510092316,0.20976283616921126
11_3_17_73_82_24_6,Q4: Strong/Tough,3.9913158333333336,18.08493009191083,370,11470,1.0,0.0270270270270269,1.0,43.988225518259135,-1.2654758800058632,204.36385884346743,3.851857550557922,1.0,0.0270270270270269,1.0,43.988225518259135,-1.2654758800058632,204.3638588434674,7.703715101115845,0.9801751415041334,0.0266690522064968,0.9848871854428292,41.80739223833655,-1.2890439633312127,185.2026201103819,8.197299128974885,0.9799938971882556,0.0266959391293341,0.9847494023964496,41.78745445991833,-1.2872738018521084,184.9991064462482,8.19851173655783,0.7952856733830622,0.026895890535182,0.811409399012423,21.468628898881374,-1.2741095480449112,14.919855110971762,10.094591443634682,0.795385118623968,0.0269012674248659,0.811535271993584,21.47956837120812,-1.2737555483308707,14.957193775504194,10.093558652996844,0.7897679312056167,0.024516568984828,0.7938160150638407,20.8616497482804,-1.4307575728235924,27.106975937412567,9.12467994144142,0.7096580280358679,0.0293709964085415,0.6612003004687598,12.049160977155514,-1.1111553453554124,8.741706001683928,8.727503473841104,0.6213598041793692,0.0510947351077348,0.1677963260569477,2.3359161040859084,0.3190762084799765,1.632869681648253,5.5554934129750375,3.1924727384534246,2.2287650699376993,23.9271448761142,7.12208838847841,0.0334849033800651,0.59700566076368,-1.882378368428224,0.6021748320340327,0.0055038288521049,1.3088800300990475,-1.0341017081962915,0.747364498951477,0.6210924582782863,0.172770641001113,1.063494772169991,0.2805493878625684,3.0607720002263163,1.5471704086124936,22.924286148900062,25.076424832669368,21.96213153420801,0.1014834303328762,0.1694652192771184
11_40_27_27_28_47_36,Q2: Weak/Tough,3.6422825,21.051968077035628,369,11439,1.0,0.0325203252032519,1.0,44.095197579514426,-0.9250050263110352,204.36117323429963,3.851643139494315,1.0,0.0325203252032519,1.0,44.095197579514426,-0.9250050263110352,204.36117323429963,7.703286278988632,0.9999962906333776,0.0325202426570238,0.9999972179659932,44.094788696121654,-0.925010484060033,204.35385344979176,7.709375625430915,0.9834059429074454,0.0318989143617517,0.9873647495985018,42.266035068908046,-0.9660911483010899,165.7373316931804,8.212732561681841,0.7908381057010219,0.0408826976906815,0.8001674267909809,21.039287046895687,-0.3721059888314975,10.532973900349551,10.0153615176341,0.7909077181580378,0.0408682639969428,0.8002670639794623,21.0469604263432,-0.3730603083607217,10.536966720799924,10.014711473084084,0.7768587965497694,0.0458091763066655,0.7752831501014935,19.498348138404126,-0.046379612849611056,18.714067768407663,9.216106413730904,0.6917586207207101,0.0196214624080743,0.616920910854838,10.117757821984814,-1.7778453936535394,5.986959255544658,9.039783265706657,0.6162584673966117,0.0462194203400845,0.219973002435113,1.795377753313219,-0.019255309124794673,0.1396530584908102,5.737514792752279,2.911841094638549,2.0224975987304177,21.946638689665676,9.206291714903358,0.0391589556348338,0.6023204965854793,1.4640650454788395,0.5979363949722857,0.0098708049128656,-1.3273076994631465,0.5948573494333955,-1.320124342336539,0.6182138911835001,0.2671757097206353,0.962948399744236,0.4399777124320754,1.071434796511502,0.5609013227991351,25.06046705974368,21.00362851333556,23.88379510382308,0.06653848727114738,0.2746155110880776
11_41_15_31_12_82_24,Q1: Weak/Brittle,3.217564166666667,15.127321903367708,383,11873,1.0,0.0365535248041775,1.0,45.040309241436596,-0.6082848753730279,204.36624822423715,3.902455016044792,1.0,0.0365535248041775,1.0,45.040309241436596,-0.6082848753730279,204.36624822423715,7.804910032089584,0.9995926338876407,0.0365249177475976,0.999694372424141,44.99444679879181,-0.6101973691791436,203.7912675004389,7.861768988905353,0.9822728631866032,0.0348211253745977,0.9864988170140871,43.0445374511614,-0.7241025642546439,165.9720618344178,8.304612470710723,0.7870203921482616,0.0445838255812287,0.7951614799551769,21.062455528864835,-0.07142780815042826,18.519429870135387,9.855098905964269,0.7871443369074803,0.0445496371756489,0.79532733688576,21.07640958453694,-0.07371343700321528,18.5669888000718,9.854179798659152,0.7877187460866205,0.0557624169430315,0.7892959718747812,21.141078213648935,0.6759048187080486,24.91995763760961,9.237914690493083,0.7273785680519798,0.0309553119278353,0.6793312487068077,14.347808301572034,-0.982547338252344,8.864165322114008,8.86336658797687,0.6363197180934232,0.0331674397026755,0.3094470413493659,4.096142400012022,-0.834657930060281,0.960870066174799,5.672405253824754,2.9998749713968826,2.2563039504212465,24.09939898026509,12.136691546443277,0.0960758530293144,0.5971106451446141,-1.7782034825149537,0.5997886498091398,0.0057520580156833,-0.14023791739233651,-0.9913793102422749,-0.029092857941419845,0.6396215945822222,0.337244327528769,1.857560856333877,1.181991686542093,1.387975572278184,1.6059871051799373,22.12840633790558,22.82457785755256,25.77415253963832,0.2805367075896879,0.4465667247523243
11_43_21_18_54_33_36,Q1: Weak/Brittle,3.438025,14.87872994195,368,11408,1.0,0.0108695652173912,1.0,44.19242311122426,-2.3571777714102757,204.3638898837021,3.850454857188899,1.0,0.0108695652173912,1.0,44.19242311122426,-2.3571777714102757,204.3638898837022,7.700909714377798,0.9860098624804192,0.0125950369757643,0.9893771192376029,42.64631728946817,-2.2427856152041508,164.8544643265195,8.191763300835737,0.986046299644842,0.0125882784223374,0.9894052926092648,42.65034410564232,-2.2432336813608904,164.86410784770896,8.191352384974376,0.7826079088530441,0.0400987958687655,0.7900857305624335,20.1675572186901,-0.41939194429859156,13.367340784570416,9.83903019322257,0.7826257675043051,0.0400701092664482,0.7901393138469089,20.169530849374194,-0.42129375594945095,13.384477260888495,9.838795829759295,0.7833492244530251,0.0226683025440907,0.7779225331396182,20.24948295839674,-1.5749667634576288,21.102832866068937,9.176348028412338,0.729176474802062,0.0325926708614686,0.6550450275836737,14.26263661763261,-0.9170192280664804,9.911900045613791,8.994344017186826,0.6179622353175864,0.0444130605340294,0.2836486528792019,1.9719080319799271,-0.13337275267255216,1.1772566613172697,5.793078185776552,2.918335113177322,1.7829012217984679,22.36106707438339,11.459404486065841,0.0521308380314765,0.5971909308178643,-1.7355673290477664,0.5974722404638613,0.0078234488305689,-1.5608822504099344,-0.20658297605215814,-1.7436929407826414,0.6184401091564727,0.3260052373748516,0.5799314990268142,0.7096039716072606,1.5351862325349603,1.9400531210277947,20.917703739956405,25.646464416141413,23.36759531022968,0.08587860962187667,0.2919053679836417
11_44_3_42_55_14_47,Q1: Weak/Brittle,2.7923625,11.157381245429166,374,11594,1.0,0.0187165775401069,1.0,44.228901369510815,-1.827273417888453,204.3602335430762,3.868906143361427,1.0,0.0187165775401069,1.0,44.228901369510815,-1.827273417888453,204.3602335430761,7.737812286722852,0.9999987992369708,0.0187166201718583,0.9999990994266472,44.228768575050374,-1.827270567097965,204.3566828512099,7.74124184704669,0.9992936286812178,0.018738082776809,0.9994698547473037,44.15078254351055,-1.8258353600509298,203.41603575388376,7.820894272071922,0.8020806050239699,0.0159673124576611,0.8086181164507236,22.340653125137102,-2.01111711391502,19.062930123064277,9.469592094708258,0.8022111344346301,0.0159940796844152,0.8087920329330293,22.35508859844717,-2.0093271861520425,19.09804352559337,9.468658636940884,0.7960144718557172,0.0309636541352041,0.7960010141153759,21.669788965077263,-1.008309891548492,17.638127928344414,9.249662069186249,0.7189633780184769,0.0308569641808218,0.674284507289174,13.148575217357886,-1.015444261990901,6.384072305020655,9.174003008030567,0.6280856239851639,0.0406112961501803,0.282821233075648,3.098247201686684,-0.3631708770171828,1.0571135552654325,5.778101661190038,2.845444967521358,2.0044683966367876,24.284619661449273,11.509722439412856,0.0651845011432783,0.6004505979954716,0.33336477100502815,0.5986342410228634,0.0112018078912776,-0.8086780000716226,1.1094104832742961,-0.6108843966196331,0.6287276011051087,0.3435617181183625,0.8850020607294734,1.0034563032383512,0.8227923690907574,1.2071188977188323,23.458469788481494,22.812732944888275,23.875301078537927,0.05098291133606379,0.22240916636006416
11_46_7_47_21_43_41,Q2: Weak/Tough,3.601395,18.098942054054167,373,11563,1.0,0.0067024128686327,1.0,44.29201478100146,-2.5907873947248805,204.37041481015365,3.863848856264229,1.0,0.0067024128686327,1.0,44.29201478100146,-2.5907873947248805,204.37041481015365,7.727697712528458,0.9853962312179017,0.0069737436833384,0.9888896691555122,42.67509581697974,-2.572935078851088,160.60393656164754,8.252952246218518,0.9854205955523156,0.0069767746673814,0.9889084729011672,42.67779341887604,-2.5727356540839352,160.62478027125164,8.252654082879229,0.7948360725894987,0.0362770635080297,0.8008616539947977,21.576409657900452,-0.6449118197583947,15.150944244205856,9.883497263175686,0.7948889582216563,0.0362922348049816,0.8009485216497558,21.582265117736593,-0.6439136184088937,15.168649249401648,9.883115836631168,0.7786558463145294,0.0256320310393098,0.7769099336906381,19.784946433816096,-1.345305847338684,15.23019048469296,9.279441760663197,0.7306344089339306,0.0128118891269974,0.6845459663829783,14.468046807505027,-2.188812041847749,11.624996231829964,8.75889503017795,0.61295528583682,0.10580698550068,0.2356514585407301,1.4386974221318607,3.929836284098899,0.2421809070326726,5.7423825812029925,2.8148797095275917,1.079206175672366,24.989718711373758,10.062043145637608,0.0345092018224361,0.6019616733220259,1.1898614245651375,0.5982057520724384,0.0045348487426915,-1.118319567778194,-1.4335745166971454,-0.7663334353318125,0.6108754877033675,0.2760188798458011,0.6298361915005963,0.7731392339454537,2.097960712534752,1.0551302396596427,24.720800066200734,25.60412979872119,20.00313893463899,0.09038782144396597,0.3905883334029739
11_4_15_69_83_29_5,Q1: Weak/Brittle,3.5454075,14.15622978635625,374,11594,1.0,0.0548128342245989,1.0,44.228901369510815,0.5864877301260976,204.3667663356472,3.869228522876646,1.0,0.0548128342245989,1.0,44.228901369510815,0.5864877301260976,204.3667663356472,7.738457045753291,0.9999818706168954,0.0548121295382314,0.9999864027758064,44.22689640967371,0.5864406076615639,204.34142003341185,7.75201247814333,0.9794703983432542,0.0536297970640354,0.9843471772171484,41.95849721091191,0.507377888909447,180.2317645818912,8.235708095838286,0.8049635688403202,0.0417576533052372,0.8131829179990574,22.659485080436195,-0.2865138323044648,18.39908248454465,10.005430702080291,0.8050602159688017,0.0418288994423233,0.8132849527153085,22.670173453551758,-0.2817495943074976,18.404713531396222,10.005010777261647,0.7831293589019545,0.0338528249144317,0.7867883441109327,20.244802035307643,-0.8151106842779322,26.767558811231485,9.131309238207884,0.7143604774822092,0.0458898415051552,0.6582596297398948,12.639532485117373,-0.010193896405642847,10.54822286700623,8.766919875296562,0.606308877081068,0.0438858023499211,0.2153481207942454,0.6899190929155566,-0.14420424252782701,0.5435000371009139,5.5297460796287865,3.1477980469535334,0.8106108845622768,24.702868637682872,9.622681394626403,0.0240615915198611,0.6020528998391492,1.3408193987300896,0.5983411234194915,0.0120130891306299,-0.9929770365795872,1.4127865734968683,-0.9266802984908432,0.6063530133057436,0.2201343076341708,0.5052518200075488,0.3737366001219932,0.9544043605138548,0.6398357101761667,24.344822692396896,20.763119959679408,25.231325833632752,0.1867231798252412,0.3931879471305289
11_5_11_79_79_26_5,Q3: Strong/Brittle,4.111916666666667,16.86560638395271,370,11470,1.0,0.0662162162162162,1.0,43.988225518259135,1.3146331759774244,204.36310095954585,3.849690675341856,1.0,0.0662162162162162,1.0,43.988225518259135,1.3146331759774244,204.36310095954585,7.699381350683711,0.9999636886631184,0.0662291633613539,0.9999727647669818,43.98423109015633,1.3154855806101822,204.3347073709696,7.714620110637159,0.9815696363138968,0.0665420582395491,0.9859644544895046,41.96079362026548,1.336085723800308,180.4864260506132,8.187051242415063,0.7997595492684961,0.0388266561040849,0.8087493332882476,21.960777552715733,-0.48862056687375555,17.331184533735666,10.121881902775955,0.7998054918744482,0.03883874800935,0.8088168236681772,21.96583146843712,-0.4878244688956127,17.342648223364964,10.1211287829247,0.7761196111140146,0.0427008330510935,0.7722801846628213,19.36026648862143,-0.23355535036205496,23.69264377020125,9.318923991894096,0.7055573561576378,0.031907369147493,0.6438870556255136,11.598066624883023,-0.9441674997655077,10.407087108812332,8.811827888084327,0.5988256566495153,0.0519616102133165,0.206260261042219,-0.1429524779035651,0.3761488950191204,1.7189353127386326,5.345325929642664,2.894784145305628,-0.15531155990649953,24.879931358679286,8.63896039789342,-0.0041548069945292,0.601049253803287,0.6139889548761717,0.6016895061474213,0.0071210467268705,1.009257473471047,-0.43418604832385177,1.4054071452218453,0.5987599673938094,0.2099655348468361,1.126857007380403,0.6799288013915141,0.8238997847483004,0.2531942569149308,21.61437813214996,25.973272396476094,22.476768347904148,0.08850912767020232,0.24263486865197276
11_5_20_66_82_25_7,Q4: Strong/Tough,4.4265325,25.86915284937917,369,11439,1.0,0.0203252032520325,1.0,44.095197579514426,-1.7313158189611395,204.3653464320897,3.852945178679763,1.0,0.0203252032520325,1.0,44.095197579514426,-1.7313158189611395,204.3653464320897,7.705890357359527,0.980280997896664,0.0200775438009211,0.9849927088019016,41.92157245620602,-1.7476904390044392,182.5378639331719,8.17306530122979,0.9802954876092872,0.0200708240410176,0.9850039731975612,41.923169656876844,-1.7481347326290444,182.5493168446183,8.172812034183714,0.7852668461262421,0.0346034370480156,0.7977730852074426,20.42516723917149,-0.7872749101671541,14.002536779121732,10.079709847448523,0.7854405930969595,0.034565079401811,0.7980083944251906,20.444319363537158,-0.7898110212646189,14.064249733237952,10.07802877735803,0.7732736116634419,0.017001225742436,0.7757281759784085,19.1031532953898,-1.9510888520832792,19.97780521561157,9.064691491171846,0.701014603213266,0.0231658639804466,0.6384096957556179,11.138044547514324,-1.5434984758677748,10.164769563755137,8.834750230441317,0.602010555100594,0.0321039704469309,0.1824022780612786,0.2248307266926616,-0.9525333556656472,1.5806914681587598,5.4771128712992345,2.924527814016604,0.4065463334464344,23.74524553475891,7.656024090558108,-0.0013360044947411,0.5976264261726216,-1.5246659122748096,0.597334253670758,0.007499499313635,-1.7106931603817683,-0.27754536864310125,-1.2583060647287632,0.6023009773798463,0.1812131978463545,1.3118228861755172,0.5039027466578229,1.3390466877392118,0.6000318629892489,25.17932343437208,22.59097215951995,22.042052187678078,0.11085364098373841,0.27838558803701324
11_5_38_46_48_63_5,Q4: Strong/Tough,3.9655583333333335,19.811641612519377,378,11718,1.0,0.0238095238095238,1.0,44.79242860437828,-1.4787100823365933,204.35811744377963,3.881965266436111,1.0,0.0238095238095238,1.0,44.79242860437828,-1.4787100823365933,204.35811744377963,7.763930532872222,0.9882240093840304,0.0247421205297732,0.991079385415835,43.47325819891173,-1.416180736878297,193.5852513296452,8.083035205443178,0.9817499090039544,0.0262755233370638,0.9861093265329226,42.74801631464645,-1.313368157998378,181.81906846624824,8.217839805827525,0.803570214726105,0.0484237679938593,0.8182362864752669,22.78796478168552,0.1716416124297983,13.411183869528278,10.193684078859851,0.803674472363879,0.0484689244611446,0.8183809012623755,22.79964393419001,0.1746692923274968,13.444130253605955,10.192753685464096,0.7885456443844274,0.0332277803308605,0.7924190394717331,21.10488187206487,-0.8472287540728364,28.61126615871193,9.171504769924931,0.7089623578275432,0.0315801756102111,0.6693247159103121,12.189800345655048,-0.9576984163815939,12.898398246884428,8.740646835132502,0.6202671780063617,0.0509619062373277,0.225471546078281,2.2539860143353367,0.3418203398483404,0.4903191604829223,5.504910699009464,2.9960207797977114,2.1160608830312757,23.941191451467773,9.389019182181315,0.0463193524536995,0.6017965393539034,1.1347851218794651,0.5972876001498052,0.0040154742040885,-1.6985179294333426,-1.5858348158409068,-1.652947672147156,0.6200647887876637,0.2308846306399026,1.6086811541957662,0.7537234798889961,1.976133572160692,1.7434280614714155,23.88011674543162,22.45386886506524,23.966205684667948,0.16658499211961575,0.3978083219783582
11_5_45_45_58_38_14,Q3: Strong/Brittle,4.096982499999999,17.2490770785175,368,11408,1.0,0.029891304347826,1.0,44.19242311122426,-1.0961094616209037,204.36040648372276,3.8471925454442895,1.0,0.029891304347826,1.0,44.19242311122426,-1.0961094616209037,204.36040648372287,7.69438509088858,0.935316538665823,0.0205075133880301,0.9482884353548136,37.043996156869156,-1.7182187926311705,141.78803353360715,8.640799856565163,0.935316538665823,0.0205075133880301,0.9482884353548136,37.043996156869156,-1.7182187926311705,141.78803353360715,8.640799856565163,0.7804813547889964,0.028516242632357,0.7917368017200751,19.932543258741422,-1.187270776655873,8.909948475539231,10.283654032664543,0.7805941811133038,0.0285386139071061,0.7918868847299302,19.945012145241993,-1.1857876469881685,8.927439020457351,10.282801209711918,0.7933835172639133,0.029373401648154,0.8000924330257159,21.358412624771052,-1.1304444231947246,26.36192764724452,9.0377616043327,0.7056733166773664,0.0179094240654348,0.6415352724040327,11.665208997254602,-1.8904621447379648,9.4387201611929,8.57572080710238,0.5983400418523341,0.0547595275842348,0.2223699787188329,-0.19661872551544415,0.5525583089314722,0.6474764046850144,5.635567341615997,2.9921340129263987,-0.20362594556073477,22.63843484360633,9.744478960912408,0.0200964773016104,0.5989825839997441,-0.6230030020790096,0.6006297428896463,0.0060090829785298,0.39983458741021904,-0.8946911054012062,0.5273573316641246,0.5972197787332211,0.226127985922272,1.1470320929705788,0.721504143370618,1.2605793246649448,1.1004273213917664,23.670308062973657,21.505518266804728,24.573904257944125,0.12244662342244775,0.1747665360227457
11_6_60_40_22_48_29,Q1: Weak/Brittle,3.1018008333333333,14.6501456229625,374,11594,1.0,0.0294117647058823,1.0,44.228901369510815,-1.1120849295878459,204.3666762268231,3.8672922511329246,1.0,0.0294117647058823,1.0,44.228901369510815,-1.1120849295878459,204.36667622682307,7.734584502265847,0.9999982158255908,0.0294116394291312,0.9999986618672924,44.228704054576696,-1.1120933068596832,204.36570266260412,7.738730100525665,0.997655331406777,0.0291612392473276,0.9982376285664226,43.96960041406141,-1.1288375979804015,202.28093053302905,7.87001033348477,0.8035986419702675,0.0223635650080036,0.8162577566202348,22.508535456874814,-1.5833989149379288,12.62218779843266,10.11135965248193,0.8036773172682442,0.0223224221433872,0.8163455217364288,22.5172362941678,-1.5861501433823941,12.637409438805609,10.110906249796956,0.7840564517774755,0.0106353422181668,0.784725589390138,20.34733084006401,-2.367666623160685,22.97591404887349,9.113851428102194,0.6960487521789418,0.0297625188995259,0.644995138112403,10.614407108853776,-1.0886299532860004,8.795714875484189,8.988617645247311,0.6054863778001701,0.04036176891998,0.2763541672781316,0.5989574747108776,-0.37985679375624243,0.3445951703507748,5.606551358779236,3.0997529259725276,0.6820667022079847,23.83796961022788,11.661150161562796,0.0199458623581486,0.599416384764819,-0.3169015376725546,0.6001261749189558,0.0112320696128252,0.1293822747816635,1.1207267597037185,0.21354075944762943,0.6051396222310782,0.2846524676047747,0.7278484183070203,0.6135142092190178,1.551377824234215,1.188496259071433,21.57526558542612,23.765929635479125,24.875271300111365,0.24651409880404831,0.2535626443770763
12_10_13_70_66_26_19,Q4: Strong/Tough,3.799964166666667,18.92592268105729,377,11687,1.0,0.0411140583554376,1.0,44.538595515138205,-0.31906355048676643,203.35915717973785,3.879078259171412,1.0,0.0411140583554376,1.0,44.538595515138205,-0.31906355048676643,203.35915717973785,7.758156518342822,0.980130855595412,0.0414188755183977,0.9848698397242128,42.3272026368611,-0.29867689707317074,178.23609184188933,8.229536507922049,0.980152508030807,0.0414241047752263,0.9848867200038224,42.3296125061768,-0.29832715611521377,178.2488306144031,8.22937340746807,0.7947219336898331,0.0510835060947051,0.809550233970523,21.691589893699533,0.34770886420172026,19.26021697379824,9.971169980018528,0.7946046917128865,0.0510878537859344,0.8093950663690391,21.678541114769978,0.34799964465968536,19.22035903394786,9.972130572907828,0.7937618546312534,0.0418664730168556,0.803501235495915,21.58473516711976,-0.2687408692549208,30.11556976266157,9.139115965207472,0.7028720898859154,0.0209020240812413,0.6476136243180961,11.468900565821553,-1.6708763340264212,9.70773649028107,8.859352006492637,0.6002571910079841,0.0457071498881791,0.2436563835905152,0.048083848047633944,-0.011870332540642363,0.7702265572783847,5.370587310207817,2.987806736445407,0.1798564617505114,22.85630672515176,11.146424500903926,0.0096444202385655,0.6003771239998964,0.25445918675580115,0.5990492503157778,0.0092695377466032,-0.5593959498020785,0.33196976609675816,-0.3795508207102625,0.6000725255959111,0.2561904260215285,0.5959708394956293,0.5840976256820329,1.6463002304969088,0.9271453833871476,24.485005159568477,24.956199791130828,20.97452321452803,0.0588315354379028,0.12965510302452338
12_11_34_30_58_55_16,Q4: Strong/Tough,4.213444166666666,19.60791486517292,386,11966,1.0,0.022020725388601,1.0,44.87472679987692,-1.5784222892929487,203.3669518317581,3.9083458644329783,1.0,0.022020725388601,1.0,44.87472679987692,-1.5784222892929487,203.3669518317581,7.816691728865957,0.9754645204333172,0.021768748665531,0.9812533140569244,42.122008254330474,-1.5953675627324984,170.25891742495483,8.36427620738113,0.9754290245293196,0.0217601650112776,0.9812255561475144,42.11802584864895,-1.5959448079901646,170.24249650082368,8.364492789316241,0.7957259401256666,0.0178640119304697,0.8110532917948434,21.95652821884274,-1.8579586103456018,18.03282246679665,9.859879630737124,0.7958113651491191,0.0178139192492434,0.8111692594260953,21.966112341528117,-1.8613273111142994,18.060830029778977,9.858995716234467,0.78418197540604,0.0167456093239882,0.7873319869297138,20.661371721636915,-1.933170470200884,23.311467079716465,9.190152245471555,0.7033337717735989,0.030304699207822,0.6362904806581392,11.59073795194512,-1.0213303491228478,8.559770435255603,8.969079355931138,0.6052241270908887,0.0517675431332523,0.2824741375857436,0.5834846524498248,0.42203217530270665,1.1175104633628397,5.521365602054375,3.083811725498265,0.6732272825195353,22.99897404147828,12.045122165946385,0.013165224802738,0.5978248312226615,-1.3885057623258301,0.6004219315826572,0.0081361960464873,0.25163827420477175,-0.050824643230024835,0.2735871615421733,0.6056437042876398,0.2883218926187487,1.1169738426850289,0.5740635665562372,0.7403192961461179,1.7251911157197346,23.26001535548852,23.17964530368853,24.357736231885323,0.08188578164434658,0.21946366890584051
12_12_31_60_32_26_43,Q1: Weak/Brittle,3.246375,12.18215511855,385,11935,1.0,0.0064935064935064,1.0,44.77920145452574,-2.61230687997238,203.3655481670255,3.903076010196358,1.0,0.0064935064935064,1.0,44.77920145452574,-2.61230687997238,203.3655481670255,7.806152020392719,0.9573396795524752,0.0096105548488062,0.9668094813423924,40.003456485079376,-2.4034816309541442,155.83284917004514,8.541073657773957,0.9548017563508168,0.0091383044686709,0.9646790546634644,39.7193406173125,-2.435119832223314,148.64350705161823,8.566862587653864,0.8105976218766306,0.0343785433658502,0.821684512589763,23.575951103030985,-0.7441614086808984,16.97705582403371,9.942277751736553,0.8107146061544037,0.0344063054009613,0.8217989182587786,23.589047279295443,-0.7423015036571375,17.02131400080702,9.941386563195444,0.7874910675324337,0.0256113959011862,0.7865575791144601,20.989214540508506,-1.3315124997780934,26.231332769139367,9.118479370925506,0.7243545630107997,0.030104892499269,0.6863022608926403,13.921198156793887,-1.0304727214051383,9.100601520992374,8.896063364805395,0.6266550968359111,0.0515465858721187,0.258284241344015,2.983921333562918,0.40600385758182456,1.289538071686312,5.611284066846388,2.878338630305074,2.1256805170855424,25.398813310445583,10.461732038130474,0.0528347193840086,0.6026781090886679,1.6449043680995044,0.6000129163210218,0.0051534288006007,-0.02298831781521454,-1.1906440273935073,0.0727143382998672,0.6287023601282483,0.2687519390685523,1.1831260768522875,0.8645852879168541,2.7952157989273143,0.8194134944122475,23.572850960619185,23.990389765258342,23.212732327434917,0.1862615916322723,0.2652569853010508
12_14_24_10_105_46_5,Q4: Strong/Tough,4.012964166666667,18.979738323566668,386,11966,1.0,0.0440414507772021,1.0,44.87472679987692,-0.09754259334016906,203.3626261634453,3.90834616236044,1.0,0.0440414507772021,1.0,44.87472679987692,-0.09754259334016906,203.3626261634453,7.81669232472088,0.9809685269206692,0.042861569761413,0.9855077102410212,42.73952138226279,-0.17688883689428372,184.78608692372475,8.276865051550084,0.9809148338880314,0.0428656064544802,0.98546678772208,42.73349737909191,-0.1766173718677454,184.7519585592513,8.27702591308562,0.7957410948538398,0.024861987886486,0.8074357584984857,21.958228479120187,-1.3873492038364632,21.59104751418512,9.923127785351411,0.7958383731599233,0.0248703606446396,0.8075304211141526,21.96914246172679,-1.3867861412066007,21.618740548070797,9.922545761652216,0.7697320348353207,0.0496768312573012,0.765592996801873,19.04018395218829,0.28143313905179357,18.33190987821482,9.295902198800151,0.7272758138624156,0.0477997522183996,0.686182007243749,14.276876737087672,0.1552007744337393,10.676709964105372,8.69603372743635,0.6134028788200369,0.0455125136349081,0.2374678629272596,1.5010865074719764,0.0013854428168399964,0.9726107477909308,5.6866253478462,3.058498688734772,1.4889184386541043,25.310534046753894,9.734281148566852,0.0377343782943507,0.6001494108863581,0.0795335678364285,0.6003998474950152,0.0031910315378229,0.2376915337529058,-1.9051180151337908,0.2706226277778914,0.6124649879140361,0.2594659680174411,0.6709388875579011,1.3705500792530758,1.7644460835361275,1.4748076166521604,26.614005946537524,20.380285872864032,24.16978139430925,0.072343659593323,0.12959799415552292
12_14_37_37_48_37_31,Q2: Weak/Tough,3.5497866666666678,19.03036517903354,381,11811,1.0,0.0196850393700787,1.0,44.90707726716092,-1.744097717324884,203.36080831031595,3.8904761205310594,1.0,0.0196850393700787,1.0,44.90707726716092,-1.744097717324884,203.360808310316,7.78095224106212,0.9845313908636812,0.0197608280360555,0.9882444408680402,43.17004599078863,-1.7390090049615812,179.3125247470351,8.189148754993157,0.9845894690797498,0.0197639900863344,0.9882892520422876,43.1765678232881,-1.7387966940026767,179.34968767435657,8.188614534176136,0.7971205253357836,0.0172312796346273,0.8093959328995457,22.12493895594681,-1.9088516068601415,19.999317786173908,9.625716422883592,0.7972110045566165,0.0172340987623579,0.8095135646723414,22.135099225371395,-1.9086623209035738,20.042774010425408,9.62492312260933,0.7785207138540796,0.0372941716943314,0.7677728286748272,20.036292588737798,-0.5617598543931013,19.228546983785165,9.03405714408286,0.7261791178577143,0.0230303016524182,0.6827708807293642,14.158647837377403,-1.5194852727696162,9.93330996071564,8.80767084038311,0.6226106345979416,0.06995544701893,0.2585627563797674,2.528533385375765,1.6312307914166606,0.613028804023676,5.552187988980869,2.942758482350155,1.9145517850174483,24.807817607429076,11.18003803620129,0.0459188962074439,0.6023586298017146,1.466964379725161,0.6005447298855977,0.003476264174426,0.31216824009328653,-1.7368172191842488,0.3872609739970582,0.6241213273425676,0.2672651305353147,0.5735291775424304,0.1716384065234522,1.464417097452743,1.2283397809740222,22.92876496714438,23.07760997139356,24.56377261286549,0.09360028240612824,0.10183059263045052
12_14_44_34_36_40_36,Q1: Weak/Brittle,3.5684316666666667,15.557666223229168,382,11842,1.0,0.0327225130890052,1.0,44.71457616936401,-0.8634392703708985,203.36415495660208,3.891645205800303,1.0,0.0327225130890052,1.0,44.71457616936401,-0.8634392703708985,203.36415495660208,7.783290411600605,0.9853090363445842,0.0311653002685066,0.9888380241267384,43.07247422398642,-0.9690020409234273,177.26312949578605,8.208884242735449,0.9853004099673088,0.0311681563801733,0.9888313102183632,43.07150999922637,-0.9688084263727533,177.2631675698336,8.209029406812862,0.7793012531920939,0.0337459958538635,0.7759607749693868,20.0456810596782,-0.7940578249775766,12.991842737340354,9.852134945765064,0.7793964371387457,0.0337072230540659,0.7760856669229244,20.056320371545812,-0.7966862159815775,13.016498860393106,9.851224827924916,0.7559546157625011,0.0214864676874114,0.7470550649051436,17.436079699251007,-1.6251258343605681,16.557225658496563,9.268999668434592,0.7347449186200596,0.0395812375588558,0.6829215269058377,15.065337673377625,-0.3984893624565593,8.431474738614563,8.900093606730415,0.6079691505106841,0.0601181208525678,0.2519012271205773,0.8948080660568025,0.9936969016560327,0.6020509086681046,5.67608562746153,2.8497224118025515,1.1106045237047235,24.5980323243047,10.361182797016298,0.0109986183752347,0.5988653382059983,-0.6995575065712409,0.5982518256673561,0.0093797609965361,-1.0770080726819076,0.4144771947423508,-0.8152447368651103,0.6086865485240284,0.2532368973129585,1.0737983495235,0.3218939779306747,4.113571098216114,1.9815365451548292,24.44985982205285,23.265366133826237,22.90480727813624,0.09712561621438978,0.11003264062020975
12_14_51_29_38_29_43,Q4: Strong/Tough,4.146485833333333,23.30597906851479,379,11749,1.0,0.0184696569920844,1.0,44.601299060790396,-1.8326693597696826,203.3642351998189,3.885584563393763,1.0,0.0184696569920844,1.0,44.601299060790396,-1.8326693597696826,203.36423519981884,7.771169126787526,0.9866945941629892,0.0188700971058956,0.9899038866002828,43.11758546342094,-1.8058173216771536,178.24270968661054,8.175929590169204,0.9867102750466132,0.0188741937970678,0.9899159705089956,43.11933407150826,-1.8055426126667042,178.25755752904448,8.175725079368327,0.806978046045197,0.0282047445812709,0.8241428356942471,23.077017788818008,-1.1798702675633723,13.053611718945012,9.939998516541394,0.8070729784509194,0.0282419799318035,0.8242443373373738,23.087603899676015,-1.1773734021984767,13.057026360607807,9.93930813992982,0.7782546804591843,0.031589919899541,0.7728613622759762,19.87401529462611,-0.9528728877780519,20.350929185026725,9.252998237129669,0.7383647662645839,0.0521953815954671,0.6897518993901993,15.425807640275721,0.4288534260697819,8.835068828939947,8.907673307441252,0.6097736171354501,0.03492931316339,0.2505447157182673,1.0863399982181527,-0.7289454838190023,0.9467979043695732,5.673417338935987,3.033023230463501,1.101824520564795,23.82973943792277,10.76667634832565,0.0284103548531804,0.5990914213042099,-0.5575393292207733,0.6011840814671122,0.005770406662951,0.7249718761227145,-0.9154617069230219,1.1119774671188583,0.610148647322046,0.25108490545616,1.310901446337654,0.687233156555782,2.214488502892239,0.8352632106832283,23.1566257040536,24.1125931217895,23.05935017290188,0.044566432463551915,0.06838419425352989
12_15_27_56_32_57_17,Q1: Weak/Brittle,2.883564166666666,11.618039276922916,376,11656,1.0,0.0585106382978722,1.0,44.41013672625182,0.833987169423701,203.3591465394818,3.873082925870353,1.0,0.0585106382978722,1.0,44.41013672625182,0.833987169423701,203.3591465394818,7.746165851740707,0.994887629550726,0.0577191787460926,0.9961495293889908,43.842540693749555,0.7814319697106483,198.34611672873905,7.965967344807752,0.9805689287295224,0.0553337494780197,0.9851814607884966,42.25282064952697,0.6230325779754116,175.12848514972112,8.242388259706962,0.791093962415811,0.0263417003043546,0.7985982256048242,21.216543993668513,-1.3021232066589397,13.231863242290672,10.07871776013518,0.7911918590387609,0.0263344714499988,0.7987198154425406,21.22741287246614,-1.3026032234627185,13.261223797354994,10.077835702931283,0.7837970038543436,0.0459640881231131,0.7848787855361414,20.40640615840845,0.0008600075091534568,18.067314109027127,9.241497931916834,0.7086796321804606,0.0527943070587566,0.6485634579170896,12.066571915733634,0.45440626826181724,5.829237629722527,8.862510744498884,0.6285983308749787,0.0570225333303504,0.2678150393072141,3.1756221401623175,0.7351727024225212,0.7787825310306618,5.520736060694196,2.89920541959726,2.4154229257101587,24.714354255583448,10.857197370925936,0.062012969004274,0.6000799559950729,0.030486612488954453,0.600759582609737,0.0083073338110323,0.46648334986674816,0.007863729526223821,0.6184365925591441,0.627591844944439,0.2838888738516719,1.2635049226735626,0.4472848252064901,2.191839935607282,1.6318452956230307,23.262313317534,23.485659720715237,23.38993099305217,0.2578446233503463,0.2161863986299351
12_17_17_66_52_27_25,Q4: Strong/Tough,4.238035833333334,23.78239190985292,371,11501,1.0,0.0336927223719676,1.0,44.231396870145275,-0.8476085419631232,203.3591513682874,3.8581284513436302,1.0,0.0336927223719676,1.0,44.231396870145275,-0.8476085419631232,203.3591513682874,7.7162569026872605,0.9741911366825178,0.0342818501186045,0.980248358196976,41.377992013904056,-0.8081536626731535,162.8775921537614,8.346536730171158,0.974237127155286,0.0342805360918924,0.9802843565904148,41.38307667945958,-0.8082416652593594,162.90555700348287,8.346200967245053,0.784171535166474,0.0462721549828105,0.7933486674325682,20.36959474056783,-0.0051427134048664695,11.663629703012212,10.150965361669297,0.7842779306122349,0.0462043532758797,0.7935065238603168,20.38135772593769,-0.009683508127029788,11.688883981420028,10.149745947838976,0.792552808052814,0.0294312663458271,0.7970103407666415,21.296220778343237,-1.133005442840234,26.43839935856728,9.233432098809446,0.72521646493017,0.0600758105536483,0.6750457786151727,13.851574878826671,0.9193113925454204,14.128532442219091,8.889591343737225,0.6040562584358666,0.0422598558371571,0.2090692944336871,0.4562107614207914,-0.2738531575669408,0.6662961737541176,5.542251424325675,2.8529524560326758,0.8152074057557068,22.74649384649805,8.673368889474157,-0.0007288450176062,0.6019731619190373,1.190838811163887,0.6029403628163122,0.0030873759859839,1.7801775244016729,-1.9231136479124409,0.9633462785800292,0.6049872805567891,0.2265852363413445,0.7386084583510609,0.937498690822368,2.054961841893704,0.7865687009063351,21.545385264147733,23.71594335327851,24.713649303441187,0.07313675732219435,0.11002504894514087
12_17_31_52_27_29_48,Q1: Weak/Brittle,3.4745225000000004,15.731654954076042,388,12028,1.0,0.0322164948453608,1.0,44.81865812132556,-0.8887849202299074,203.36490854642636,3.916960357544912,1.0,0.0322164948453608,1.0,44.81865812132556,-0.8887849202299074,203.36490854642628,7.833920715089822,0.9810317289214124,0.0318080068944282,0.9855383770019096,42.692831311816605,-0.9165216837810011,171.28731578173156,8.308415529392404,0.9810438173676226,0.031810418136368,0.9855478726615616,42.694186097549704,-0.9163579579051311,171.2964491432917,8.308314894899288,0.7891853177525499,0.0224561114329066,0.8011822591400254,21.192071306797967,-1.5515252685343928,13.666621668082405,10.060474967439992,0.7892748994333765,0.0224671843082178,0.8012917956125595,21.202110974512177,-1.5507734085991456,13.685001806456512,10.059776254681127,0.7950823457739093,0.0339250238453594,0.7961715216783575,21.852967611595243,-0.772773995587074,23.19425004075821,9.25888732930276,0.7217887711541723,0.0467906274795757,0.674527636797379,13.638753187631803,0.10081408731632133,12.488821949471978,8.735223459703152,0.6215229807715673,0.031351360990855,0.2895140609314522,2.401687648613847,-0.9475284232088554,1.1678904864538309,5.594729138817998,3.147476547852847,2.4104584276016583,25.92153503612049,12.66046010422835,0.0531880662073729,0.5981818392801678,-1.1328411351837337,0.6007548529723494,0.004934860163062,0.51395025649197,-1.2238500306736204,0.4933123471933837,0.6205917108575862,0.3065804837212889,1.44885726247218,1.142410353897937,1.659394207939459,1.8391566199682163,23.294884505394897,24.27930148938436,23.38280246580532,0.09991230142543663,0.19499283471074905
12_17_48_40_27_23_49,Q1: Weak/Brittle,3.4756625,17.574618793604582,375,11625,1.0,0.004,1.0,44.239406385010234,-2.810420786626721,203.35915504667204,3.872549721089369,1.0,0.004,1.0,44.239406385010234,-2.810420786626721,203.35915504667204,7.745099442178738,0.9491974349573266,0.0156966882578466,0.9601340258270938,38.619484869034004,-2.0265633270980783,130.27773968199844,8.649885046306078,0.9491974349573266,0.0156966882578466,0.9601340258270938,38.619484869034004,-2.0265633270980783,130.27773968199844,8.649885046306078,0.8202269163019985,0.0361196597742253,0.8375420915596231,24.35240618690708,-0.6579110884513675,20.47034025502165,9.834381135532722,0.820338335984329,0.0361193783527517,0.8376791763734754,24.36473174309714,-0.6579299480051564,20.499293362050945,9.8335679555701,0.7830603941274048,0.0399551289897518,0.783432491328938,20.240941786092733,-0.40087584145604244,20.08526998907062,9.241786647052868,0.7112458845170972,0.0193473492599579,0.6605706876997565,12.296620325567305,-1.7819130640806315,7.238763554542501,8.989991918826485,0.6061828292974202,0.0611709761104634,0.2562388149172541,0.6742519654796582,1.0209112199057813,0.5397568290624231,5.607792473780309,2.9562255653531238,0.8116847172560535,23.021581421832863,10.923841754179128,0.022785362739196,0.6015141811798058,0.9443156363387568,0.601941617921435,0.0073061629030144,1.2118394954218012,-0.33236253605485405,1.0880128487581537,0.6092987230971149,0.2672312577778854,0.9455280209469712,1.034813677167854,1.5963594262898904,0.5269254739594471,21.156752124364765,25.189607211450596,23.89980788884848,0.02580827894865211,0.15048031100581202
12_19_36_33_58_26_32,Q1: Weak/Brittle,3.562302499999999,14.854716844483336,372,11532,1.0,0.0282258064516128,1.0,43.92333013321453,-1.197383841466527,203.3683668804656,3.861581996180907,1.0,0.0282258064516128,1.0,43.92333013321453,-1.197383841466527,203.3683668804656,7.7231639923618145,0.9813227143294584,0.0263770120382159,0.9857618530814596,41.87216566862138,-1.3204146802923984,176.32842260058,8.187756862913147,0.9813508055455404,0.0263832157071815,0.9857838281172966,41.875250683500475,-1.3200018476966782,176.34736225308583,8.187541649776923,0.8057294111127122,0.0258828039969186,0.8176844462194752,22.588274522340303,-1.3533025067779736,16.011373226558504,9.888565758352463,0.8058974726498873,0.0259068947094657,0.8178992297641547,22.606731264877688,-1.3516993536360635,16.056835897317367,9.886903256103734,0.7832875989275869,0.0309088402687658,0.7881518304809044,20.123684726628955,-1.0188372714798681,21.004590834730703,9.12740417226182,0.7119857969317337,0.046930369704061,0.6671982780841752,12.293225574525081,0.04733979581019442,8.80491997064835,8.8149407185277,0.6152057712689628,0.0369799273506079,0.2508319730167415,1.6647138612311299,-0.6148275390556097,0.4824485852316187,5.594777121741523,2.9593578965961234,1.7379992032092253,24.640669307081712,10.982974598577588,0.0392762748457255,0.6025472739570962,1.5248177508035003,0.6030013338581288,0.0087298885125942,1.7941162125187045,0.1683404320407695,1.984215986394817,0.6164807224381654,0.2591419096488628,0.3135168154466121,1.4723459060009132,1.5596119306981644,1.1665688166365666,26.28038429960841,20.342347449659197,23.71863572665079,0.1380338643583202,0.2640641536347937
12_1_18_69_89_20_7,Q4: Strong/Tough,4.428523333333334,24.32085317332917,371,11501,1.0,0.0067385444743935,1.0,44.231396870145275,-2.6527753184052623,203.3697917849004,3.85715522512375,1.0,0.0067385444743935,1.0,44.231396870145275,-2.6527753184052623,203.3697917849004,7.714310450247502,0.9751198040972264,0.0107087851890569,0.9809808963671592,41.480664653080986,-2.3868815983362373,175.80883920588087,8.306052443071902,0.975156054827822,0.010713907298942,0.9810092894868292,41.48467250144886,-2.3865385619941533,175.83865925756018,8.30569669816037,0.7927774009993759,0.027331303486873,0.8060194128284779,21.321051573737584,-1.2736434989943253,14.036170793770095,10.257446826243664,0.7928431337347295,0.0273019477435923,0.8061248553955143,21.32831892619572,-1.2756095026568914,14.067458355862856,10.256345789168142,0.7696864943664374,0.0312555724973558,0.7699436463374645,18.768141578789894,-1.0108285815272051,25.165228931257776,9.277179723155502,0.7018457429207964,0.0426027373095003,0.6476160349729215,11.267728746004584,-0.25088980678386164,10.704976275090695,8.70114141999378,0.595143759058928,0.0139301150124785,0.1628059017291242,-0.5291472022589662,-2.17114370437041,0.2430932205665545,5.448223263619233,2.971946462418084,-0.7297863684950249,23.369492688704582,7.626319057212611,-0.0224150260891189,0.5993934510952967,-0.38104089001530084,0.6005275460251004,0.0051096415096786,0.3099903616130396,-1.1778041740577447,0.33229708678026837,0.5946466264696836,0.1642060839367869,0.7605241424465891,1.9814420332438991,1.2839126833679853,1.407484321707447,23.908478418716843,21.13833967632145,25.154678946755823,0.041025458368495506,0.08801074482748794
12_20_29_37_56_33_29,Q4: Strong/Tough,4.4515925,24.92307465526675,376,11656,1.0,0.0226063829787234,1.0,44.41013672625182,-1.5501590634488012,203.3591465394818,3.874690810887967,1.0,0.0226063829787234,1.0,44.41013672625182,-1.5501590634488012,203.3591465394818,7.749381621775934,0.9986278212223764,0.0226539512883616,0.99896959003801,44.25779189173898,-1.5470003903271907,202.09857867576807,7.850302698956899,0.9985944216747596,0.0226550698799429,0.9989444781600818,44.254083738954925,-1.5469261126160678,202.0681359371107,7.851661569218327,0.8048543444325241,0.0356239176508353,0.8144292322057693,22.744277227380294,-0.6857571708616985,18.763046172808828,9.861415866474593,0.804950699132913,0.035651213266052,0.8145262819516491,22.754974915702434,-0.6839446631905499,18.805937421189583,9.860941108863916,0.7825060075488325,0.0244031808466063,0.7766345751024362,20.263074530105335,-1.4308464964600724,27.163926442608087,9.142116358533594,0.7210958546858037,0.0334281935843537,0.6870668526041763,13.44507112713153,-0.831559589405042,8.542117424538032,8.79636169922291,0.6001623585767993,0.0342760889583491,0.2770424149809238,0.018545551731009188,-0.7752568881287668,0.8750151972093833,5.546199147659912,2.870505140162759,0.027379610483993455,24.88917389420667,12.339347283814158,0.0161177095057417,0.5974744034729891,-1.6410376836224152,0.5978191549843785,0.0062946420237707,-1.419871338855076,-0.7415405815722715,-1.0294598268723707,0.6028085737806264,0.2913572444361423,0.7429497597508884,0.5072274709085856,0.9548883731996132,1.190929565870126,22.646069752238883,21.39739435723412,26.44345209267074,0.04362709971013049,0.060213845308941506
12_21_27_29_60_48_19,Q3: Strong/Brittle,3.9886441666666665,17.916292354676248,378,11718,1.0,0.0158730158730158,1.0,44.79242860437828,-2.0108421772915333,203.36909374652984,3.8805713467210063,1.0,0.0158730158730158,1.0,44.79242860437828,-2.0108421772915333,203.36909374652976,7.7611426934420145,0.999785901124444,0.01590538749664,0.9998393992148192,44.768444813146814,-2.0086717038246076,203.1744161858872,7.803647034681662,0.9938150708202472,0.0163864165451614,0.9953356553833618,44.09958026576192,-1.9764193584137995,197.94814901623783,7.982430595660382,0.7874313377254832,0.0260071220644502,0.7892030178132241,20.980054975115745,-1.331364099365418,14.723436028735309,9.871446567383412,0.7874838230427217,0.0260376649394477,0.7893275549398044,20.98593448703796,-1.329316241014064,14.747146709172592,9.87036995803026,0.7750402373111898,0.0336369016972677,0.7669977155841619,19.591978719727656,-0.819797721238403,26.159930725736007,9.154836476041272,0.7120952390239335,0.016051548653884,0.6663849159037543,12.540752065378403,-1.998871796431141,10.142752335902353,8.822974817320027,0.6002099076991037,0.0488051916448489,0.2570975272871829,0.007129824768026259,0.19721555100457183,0.793991268008449,5.581629523992522,3.035893833726948,-0.004907515925176357,24.498543900098568,11.22468530901805,0.0064271506172475,0.6000256212531421,0.021985096997400148,0.6000340635209678,0.0071251754217634,0.027290004007196337,-0.40364302470523167,0.05476879653422672,0.6004201748363192,0.270555550475649,1.431607675539859,0.3597370317591468,1.231210787374226,0.6471509798743567,22.107448013757523,25.6988504437263,22.68618245550152,0.05973713755995086,0.0313818586416345
12_21_42_26_45_33_37,Q1: Weak/Brittle,3.4118566666666665,17.882526549556076,375,11625,1.0,0.04,1.0,44.239406385010234,-0.39786879575863804,203.36427912217775,3.8715826783411176,1.0,0.04,1.0,44.239406385010234,-0.39786879575863804,203.36427912217775,7.743165356682235,0.9782892791140968,0.0385902331573078,0.9834139117866604,41.8377058541108,-0.49234479028632916,153.54008393123385,8.357692564262802,0.9783077325493778,0.0385833284248443,0.983428233263974,41.839747224618215,-0.49280751323219674,153.554245321766,8.357482851431037,0.806597775935028,0.0257330689407199,0.819060410916884,22.84471264568019,-1.3539719327209685,16.909090052985224,9.719378348020337,0.8065386593021087,0.0256821146990579,0.8189755168782422,22.83817299877424,-1.3573866481977694,16.88315508838766,9.71978327808883,0.7691758186386429,0.0159815368640317,0.7636368760130521,18.704991298869405,-2.007474102877304,16.307690881838074,9.142177282763802,0.708547442806815,0.0152910816780544,0.6479574179084886,11.99811117323446,-2.053745187142158,9.592666723983692,8.979394782632003,0.6116377758162951,0.0489488712338251,0.236098345705729,1.2776933721128432,0.20184279066321945,1.0969197372147812,5.789414206098857,2.869085309685046,1.0534227993342407,22.959163442376667,10.826799037424555,0.0267512714698673,0.6013558824539599,0.8452397219360193,0.6005758375829108,0.0119400503990088,0.35702569202923745,1.3562522625874849,0.2819673541888028,0.6136001384687971,0.2488302990078767,1.774274263356897,0.8159479503399982,1.8166352858885029,0.8266530995613164,22.441596849095284,22.368487757263285,25.385224706735254,0.1853723528123915,0.18374691429600604
12_24_27_55_28_33_37,Q4: Strong/Tough,3.7606483333333327,23.372783357590414,371,11501,1.0,0.0188679245283018,1.0,44.231396870145275,-1.8404502690063027,203.37334239330127,3.857479034582489,1.0,0.0188679245283018,1.0,44.231396870145275,-1.8404502690063027,203.37334239330127,7.714958069164976,0.9451260371055008,0.0200017640451525,0.95670765757714,38.164580587759716,-1.7645151233152034,139.1540137359179,8.634973364859526,0.945124484989806,0.0200010356695806,0.956705821538718,38.16440898723602,-1.764563903856319,139.13137596791907,8.634977716393912,0.8050936822750223,0.0368669825191087,0.8163675340548217,22.68272862128726,-0.6350229836434548,13.507837088747692,9.959321987945122,0.8051891586957468,0.0368774315660338,0.8165105113868615,22.693284409010282,-0.6343231933390964,13.521866644821136,9.9586244142373,0.7760509011950272,0.0409710925065125,0.770647667170486,19.471784708221772,-0.3601638124871908,16.63568663769681,9.39405947464015,0.6984882562716738,0.0340647068276185,0.6380336568913838,10.896528023542619,-0.8226961152793784,8.474211922979931,9.138314144686028,0.6249368973862722,0.0387911047730174,0.297409161114281,2.7647555372826713,-0.5061612695237465,1.0145847812729092,5.590605600452495,2.963844363830923,2.350297880944368,22.99765606669133,11.578678372055156,0.0406599793183508,0.6000979509183517,0.048227755583806695,0.599335504759497,0.0060036701138641,-0.4163489827530695,-0.8483083779868337,-0.2702434201858074,0.623013385461345,0.3193264818919143,0.6493718483548708,0.6422865802933807,0.8497939991634929,0.8024212608009983,23.23653309308108,24.0040506079458,22.59354522327697,0.051234251780844314,0.11249031290717812
12_25_23_43_32_38_43,Q2: Weak/Tough,3.6412566666666666,21.010723032802083,388,12028,1.0,0.0244845360824742,1.0,44.81865812132556,-1.413793091225816,203.37125643445995,3.9141262897454383,1.0,0.0244845360824742,1.0,44.81865812132556,-1.413793091225816,203.37125643445995,7.828252579490873,0.9836380348271446,0.0247562995450098,0.9875401947152452,42.984927251674904,-1.3953400649248757,171.19970475390127,8.287634894401078,0.983599523277443,0.024751764670596,0.9875103143048916,42.980611155363746,-1.395647987689947,171.1842182048907,8.287860703616717,0.7798928196127749,0.0306720875284096,0.7787452433058966,20.150635237532516,-0.9936518091529594,12.646657559657273,9.672617169544978,0.7800347434835928,0.0307224879071195,0.7789444304617307,20.166541039819084,-0.9902295701763373,12.664014701741351,9.671601726712463,0.7776389576363325,0.0347160559733023,0.7694235005712798,19.898038667470693,-0.7190620781511279,19.75063585378635,9.180529441875404,0.7271153924446608,0.0379707661874014,0.6669422568673516,14.235722426235967,-0.498063815094182,7.669131838501233,9.10640891937022,0.6162128820012832,0.0594917330356721,0.3003920706156749,1.8065701347275438,0.9632325768767449,1.0830284012229967,5.652232654807423,3.0060472067345003,2.282533029375569,26.454674487115376,12.45651702333399,0.0461436115486551,0.6007843959773808,0.5328584988062867,0.5961710027141531,0.0093560828216893,-2.419825482387841,0.4844091084710164,-1.566962935358856,0.6168056150007932,0.323394805137246,0.5521845171682926,1.375999503548097,0.6245910475402605,0.8966345456046485,23.97180119783881,23.10133020775134,23.881211847039907,0.07334499746043728,0.2910326206068446
12_25_42_41_22_22_52,Q1: Weak/Brittle,3.1748675,15.462386046151314,371,11501,1.0,0.0256064690026953,1.0,44.231396870145275,-1.3891585748957695,203.36764198110097,3.85845322306652,1.0,0.0256064690026953,1.0,44.231396870145275,-1.3891585748957695,203.36764198110097,7.716906446133039,0.9613111109972126,0.0246932728419272,0.969899387906758,39.95398788838851,-1.450316862715093,145.3386715437641,8.462711132568172,0.9613111109972126,0.0246932728419272,0.969899387906758,39.95398788838851,-1.450316862715093,145.3386715437641,8.462711132568172,0.8077913582258536,0.0131049975048684,0.8197604848728876,22.980981262791737,-2.226403216163294,14.727714064744122,9.75942844150871,0.8079282082222949,0.0131944824763964,0.8199335140520949,22.99611127605962,-2.2204102566225856,14.772913088668034,9.75849238431366,0.783355177022252,0.0202261543269063,0.7840572908005338,20.279338913935696,-1.749487327508643,16.166583885851235,9.202640574605493,0.7146335714739269,0.0248718910143815,0.6655308767816228,12.68153963900762,-1.4383545023044522,7.2650298087740195,9.032743900832786,0.6126443196211407,0.0485655459596907,0.2611929922186967,1.4056991286654932,0.14844955019850273,1.434966242418399,5.763094462475815,3.0614686229611867,1.1309587916883124,23.29930452560371,11.758362207485003,0.0131053970301406,0.6015798917103076,0.951209837058805,0.5988721135823676,0.0075515766523883,-0.6987043453511006,-0.2778247326463595,-0.8393817611238227,0.613200105122257,0.2795215929471932,0.9759193557748622,0.9627819486465528,1.0536071889984016,0.9381984244918932,24.475662832246837,21.296564734197105,24.22979263040956,0.2430762494370501,0.2955904450391665
12_26_49_23_24_29_53,Q1: Weak/Brittle,2.7407624999999998,9.3920395479375,376,11656,1.0,0.0212765957446808,1.0,44.41013672625182,-1.6384607757774157,203.36766949115557,3.8746907018454135,1.0,0.0212765957446808,1.0,44.41013672625182,-1.6384607757774157,203.36766949115557,7.74938140369083,0.9874520881021136,0.0211149763539065,0.9904773180049808,43.01701682617891,-1.6491927700284759,172.22182972572716,8.160468862684466,0.9874336064532072,0.0211088493656008,0.9904632324793844,43.014964918810804,-1.6495996197447014,172.20162436169358,8.160714856878318,0.8268726233396553,0.0359107359377273,0.8396530573881712,25.188835553937153,-0.6667116083751873,18.737568753540906,9.699232697527066,0.82702899622528,0.0358629005437809,0.8398138280186299,25.206196703789693,-0.6698880166661136,18.796938391904323,9.698003372880512,0.7872360998765106,0.018662474137375,0.790528622807577,20.788228500303394,-1.8120459992259796,19.910825978518297,9.081698367588562,0.7217696561428676,0.0189142862223758,0.6630565088774723,13.519879288535014,-1.7953249496314418,6.740450714069103,8.960224176103305,0.6210871920733378,0.0343123767880457,0.3015095578995618,2.3417051488788267,-0.772847271449595,1.641645403404177,5.799911385290885,3.084109755607933,1.8637402325007792,22.088286304431506,13.166692306887365,0.0684900008085752,0.6012360582135003,0.7721538521668565,0.598529412801019,0.003874617889722,-0.9642239523774985,-1.6426107456662928,-0.8185444113978505,0.621582737520952,0.3302892889600844,1.2112735683477922,0.6209517697875774,0.4896112678841475,1.1846997217023896,24.11737830740813,24.07176781484848,22.10165301820265,0.09536101669949068,0.1246587476001359
12_27_16_63_35_8_55,Q2: Weak/Tough,3.5158083333333336,21.09361534555333,379,11749,1.0,0.0145118733509235,1.0,44.601299060790396,-2.0980637431719096,203.365473945702,3.883665157200158,1.0,0.0145118733509235,1.0,44.601299060790396,-2.0980637431719096,203.36547394570195,7.767330314400316,0.9507735408129856,0.0130488704176265,0.9610891742031276,39.11195377205361,-2.196167327551807,124.77089189543432,8.688673351321203,0.9507736385015514,0.0130488677625757,0.9610892549930802,39.11196466550963,-2.196167505589728,124.7709911681887,8.688672325452117,0.8119270317637612,0.0253501988134479,0.8234000102241872,23.62888952379327,-1.3712855854867663,18.87292654199456,9.72338847496844,0.8119900048727052,0.0253799977836736,0.8235051709261749,23.635911786710565,-1.3692873763762876,18.89194500439492,9.723009730903277,0.7751327509244229,0.0191729956965844,0.7731278813948733,19.525882411082627,-1.785506058607281,19.814039667997296,9.173327235892716,0.7098885439129587,0.0291999183496804,0.6241876043073353,12.250364604385991,-1.1131375826590404,7.756513785339731,9.106892689904395,0.6158655018364253,0.0403800552502934,0.2763486504239916,1.7656587860225652,-0.3634388097821218,1.1458385276017058,5.661656594351682,3.2830019452499206,1.5457513055539864,23.85436198642812,11.744639193141456,0.057511545350031,0.5996716682856315,-0.20192819429679806,0.6020196250491275,0.0061923832991338,1.2370445124179839,-0.7563999570397916,1.2316016610542075,0.6161119957357646,0.2917035725151957,1.6183851695256422,1.2620374818683315,1.389922133630737,0.8255409386408087,21.91207767409334,23.93657018277144,24.667433355040423,0.10769992069758873,0.34095455774404715
12_28_12_29_80_43_12,Q4: Strong/Tough,4.092765000000001,22.35348325135625,373,11563,1.0,0.0187667560321715,1.0,44.29201478100146,-1.7970092711492947,203.37124717049167,3.863089271863951,1.0,0.0187667560321715,1.0,44.29201478100146,-1.7970092711492947,203.37124717049167,7.726178543727902,0.9828408683577295,0.0182667839828008,0.986950187347006,42.39216784611006,-1.8299051254705756,171.66917102991616,8.222699692874512,0.9828505641210724,0.0182745079940673,0.9869577719230056,42.39324135417867,-1.8293969211625178,171.67623949015697,8.222631932568886,0.7858871987636323,0.0192655761819799,0.7997351656878334,20.585596669035674,-1.7641892065051403,18.099421617631204,9.815802810673034,0.7859937518546259,0.0192416778941573,0.7998681568470631,20.597394152005542,-1.7657616035935972,18.14006956357471,9.81505679172698,0.763189042222336,0.0257618191779287,0.7661273942481371,18.072472809875094,-1.3367663865708044,16.437719089629564,9.354461645146184,0.7002084208169348,0.0371414547243954,0.6351181427423873,11.09930289492157,-0.5880388654283454,7.452506226053354,9.016690375049247,0.6072615607389352,0.059066893162491,0.2419676385656918,0.8082922011192093,0.8545538348988646,1.1542762581449395,5.577150717735334,2.994092599775427,1.003720434141417,23.714790597416144,10.55851202351748,0.0096074802689582,0.6021592938968934,1.311308074879017,0.5970231885415422,0.0085902084628582,-1.8450575590374099,0.05786014957806769,-1.608185748076481,0.6123185709234213,0.2546807414795549,1.4609913836899755,0.8677280502305226,0.9615261806660652,1.1615909878893016,22.7627766696362,23.30172812760616,23.94275520319585,0.05173885417269574,0.1797740083008307
12_28_39_38_22_30_47,Q1: Weak/Brittle,3.0885841666666667,17.1999496741924,370,11470,1.0,0.0189189189189189,1.0,43.988225518259135,-1.7992915467610175,203.362002973962,3.856944801887782,1.0,0.0189189189189189,1.0,43.988225518259135,-1.7992915467610175,203.362002973962,7.713889603775564,0.9991284156215378,0.0190121767244473,0.9993458040193154,43.89234689096868,-1.793151707852298,202.2791151306567,7.803547800065042,0.9989176855721432,0.0190027012232205,0.9991874294419488,43.86916553484979,-1.793775548942942,202.1234886562464,7.809382712214253,0.7844970194163068,0.0411657644868494,0.7895850582260464,20.281823171053627,-0.3346200670889332,11.822170384766975,9.970907532319815,0.7846520525157115,0.0412005409690425,0.7897866178506308,20.298877584972484,-0.3323304785953186,11.8344876286643,9.969669588389168,0.7774829345284133,0.030173606332434,0.7775075690818011,19.510238861641813,-1.0583137026498177,14.963982169059848,9.245044254752264,0.7294550575557102,0.0337354902387303,0.6825905309673288,14.226932930962072,-0.823809005994053,9.48034968653004,8.954929094279983,0.618306263585328,0.0395870587532643,0.2342510820872567,2.000011413998562,-0.43855773572228424,0.980976692128459,5.604496268240196,2.919467221276561,1.6924343146350074,24.28081678000652,9.590272370481628,0.0322092964265981,0.5998490702818023,-0.1269607143056426,0.6020062861313729,0.0073779591960651,1.204825917888571,-0.338882987498683,1.0329629021483269,0.6214952245003,0.2650840542042476,0.655993441285251,0.3403830550461971,1.7726360239216783,1.485000147876638,22.01354816729413,24.821904527243056,23.042905315921548,0.14007583491847145,0.20920837033037298
12_29_23_39_37_46_30,Q4: Strong/Tough,3.86195,21.28365875822292,375,11625,1.0,0.004,1.0,44.239406385010234,-2.810420786626721,203.3712563209993,3.870938432953395,1.0,0.004,1.0,44.239406385010234,-2.810420786626721,203.3712563209993,7.74187686590679,0.9374831567899764,0.0111408841338231,0.9500556296605686,37.323618727993235,-2.3318720579152425,143.39446802485736,8.60659470994561,0.9781394518629316,0.0072385234351215,0.9833003269355846,41.82113154547509,-2.5933900599357402,157.29059861167534,8.339019448777579,0.8216692184150637,0.0198307762661146,0.8333052006926686,24.511957671580035,-1.749516042243333,20.37103388440636,9.659134207092524,0.8215552901228096,0.0197971809398562,0.8331765095485724,24.49935460595964,-1.7517674442224598,20.33073817224572,9.659667728845244,0.7750480255870463,0.0191473179498063,0.7791405371129679,19.354591218634813,-1.7953182289568035,15.15082222596449,9.31715281273068,0.7130027911330092,0.0315660779754946,0.6649607577688293,12.490974238288663,-0.9630708893988236,9.638989723085611,9.03270799973394,0.6107206512190648,0.0236181034344756,0.2927964272836432,1.1762384898155434,-1.4957070505739412,0.2540807138005738,5.774540353275923,2.941327368851153,1.3178906821310632,25.81067969719603,12.265695064927257,0.0350877407643061,0.5977500788755096,-1.4115585231699428,0.5997616409364998,0.008878877573787,-0.15256323116476184,0.24074358044110342,-0.1148471051720033,0.6113153382746505,0.3044165862231378,0.51915333916148,0.5175950977437342,1.2363157930420243,1.81101940825796,21.800074054927613,25.66911901562022,22.859519375421478,0.06172893298772667,0.04902309260186163
12_29_30_40_29_45_31,Q2: Weak/Tough,3.355935833333333,18.47978741145625,368,11408,1.0,0.0027173913043478,1.0,44.19242311122426,-2.897635618462858,203.36772865835545,3.847731042012021,1.0,0.0027173913043478,1.0,44.19242311122426,-2.897635618462858,203.36772865835545,7.695462084024045,0.9832002540697768,0.0058104902213623,0.9872178657472164,42.33581627298644,-2.6925750298098556,168.82051666711325,8.174127364941112,0.9831526736299976,0.0058185170857436,0.9871809918177228,42.33055796906759,-2.6920428795038913,168.79405426768122,8.174422012900179,0.7921853173933653,0.0276199186918652,0.8005462665915453,21.22599478449687,-1.2466936143316993,17.256866327285405,9.714963244936166,0.7922656193786722,0.0276674932383963,0.8006755312364713,21.23486927674599,-1.2435396044605946,17.280697640304776,9.71419798626495,0.7705249103421871,0.0223447145931099,0.7672120533395063,18.83221692516123,-1.5964194028621226,19.863686182954552,9.04952769404878,0.7106385623266902,0.0401960942574874,0.6586978733032018,12.2139380711557,-0.41294143450191156,9.65498237708475,8.927807315445836,0.6113331708077618,0.0643421558122745,0.2468121906432529,1.2393037086063001,1.187849787802559,1.6488515398571764,5.589223658542553,3.013933170661562,1.7974643190243462,23.708082862011363,10.216259796727735,0.030503852861093,0.5996837629419538,-0.18759134662363816,0.5978843251917745,0.0065100177129101,-1.3049896632721507,-0.7047088795932208,-1.620825234641426,0.614719566656716,0.2735593171859358,0.7100200604281709,1.2452092588524346,0.9782311133678496,0.5434321512779025,24.678066331777245,20.535086923377985,24.73972946702106,0.13438641111339278,0.18496936475263592
12_30_33_41_18_43_39,Q2: Weak/Tough,3.5487441666666677,20.36439070167708,370,11470,1.0,0.0270270270270269,1.0,43.988225518259135,-1.2654758800058632,203.36767389502705,3.854018848868217,1.0,0.0270270270270269,1.0,43.988225518259135,-1.2654758800058632,203.36767389502705,7.708037697736433,0.978598579618459,0.026448087671776,0.9836458311189232,41.63396257028352,-1.3035916640843976,158.99615701026266,8.315959508439905,0.9786365747288184,0.0264509303494753,0.9836756645966006,41.63814222186406,-1.303404509957789,159.02781310277246,8.315718952795477,0.7707498484252581,0.0283358308523122,0.7667396625462302,18.769565819591765,-1.1793078149861433,13.671741154254704,9.627944089090434,0.7708925525159425,0.0283444203655967,0.7669654665363048,18.785263981079805,-1.178742304918945,13.700715471411806,9.626974624085648,0.7590433879888109,0.0394172078330168,0.7361546671637327,17.481796803978163,-0.4497402558653284,15.202049102210564,9.173681466694108,0.7316890742919582,0.0216798458284845,0.6756087514543571,14.472685910602733,-1.6175196686063342,9.885303666344331,8.982502000220139,0.6048591792246553,0.0647533100558756,0.2287903466962068,0.5207650880892994,1.2183194346002553,2.219474382148675,5.740494138265117,2.8823022368286595,0.810699436081129,22.719397309716218,9.701349326806152,0.0076697667447684,0.5982080175044621,-1.1400870326673835,0.6023258329640723,0.0046878148006493,1.4021025141243193,-1.3368065049851123,1.4316152751752897,0.6021268921644758,0.2493971870665,1.0238163457777547,0.8573297118900979,1.896516671584979,1.899785936097085,20.60596715592394,26.156502169764963,23.36123280616844,0.0858021631457473,0.2862573582001051
12_31_21_34_40_49_29,Q4: Strong/Tough,3.744863333333333,18.77977275992917,377,11687,1.0,0.0305039787798408,1.0,44.538595515138205,-1.0286824344689462,203.35919203315447,3.879719714891627,1.0,0.0305039787798408,1.0,44.538595515138205,-1.0286824344689462,203.3591920331544,7.759439429783254,0.9816476892932448,0.0302266746986327,0.986022805805822,42.496022952855355,-1.0472289695093802,169.37081194014243,8.228132864007002,0.9816590680430936,0.0302500010248864,0.9860312452926852,42.497289383148825,-1.0456688679582449,169.38284262024615,8.227989747253313,0.7916712900082753,0.0231480904356698,0.7991129581115465,21.35205983773999,-1.5206558678722055,22.14489751233125,9.72558608948993,0.7915940437504572,0.0231293677693422,0.7989954463309206,21.34346249600578,-1.5219080693745506,22.12587233454059,9.725849859647765,0.7532972212295563,0.0200714300113696,0.749910178001401,17.081108825466917,-1.7264277776046772,19.453695078658257,9.326703455071476,0.7226083949506331,0.03545098705759,0.6632676752190082,13.665508712347632,-0.6978187054936118,9.869431995568096,9.051608329569236,0.5938984174723853,0.0210904765195439,0.2621561079924787,-0.6596339190019276,-1.6582723372326942,0.706857682217446,5.604871118639476,2.7813401572751286,-0.5469464932491228,24.51449014280246,11.309292018054792,-0.028613557317172,0.5972131220680962,-1.6847608272201073,0.6006856806851109,0.0053828212140608,0.4435738941142412,-1.1091105977577453,0.3953224716586508,0.592900172114864,0.2887171950021231,0.760211409038338,1.3832046833826637,1.8376598133198463,0.708035400188241,23.615856677811472,21.98940787733254,24.761873039960086,0.04028254508783638,0.1340255736317403
12_31_35_36_12_57_33,Q1: Weak/Brittle,3.298036666666667,17.926995133535417,370,11470,1.0,0.0094594594594594,1.0,43.988225518259135,-2.4220764913087085,203.36702100319317,3.854994089964828,1.0,0.0094594594594594,1.0,43.988225518259135,-2.4220764913087085,203.36702100319317,7.709988179929656,0.9769257932715608,0.0119679958723549,0.9823696491593988,41.44994773172736,-2.2569213133097477,161.26700485381744,8.281668812470164,0.9768884079476672,0.011956757193343,0.9823405243953256,41.44583515969842,-2.2576612372044704,161.2375412219174,8.281949978343777,0.7935922870091673,0.0340769073236044,0.8051030093185461,21.282347954645253,-0.801331038708267,10.654842735464882,9.945403366930917,0.7936563114221977,0.0340519663946595,0.8051845860108245,21.289390959299908,-0.8029730812706866,10.659314893531112,9.9450228315348,0.7844582070428737,0.0204070021227925,0.7842681603179799,20.27755361646017,-1.7013202176825881,14.71839968637102,9.226787994779029,0.733048832343778,0.0291577300498692,0.683368210952986,14.622266075962791,-1.1251962192477147,9.951678548040652,8.951448929312022,0.6098506387493994,0.0226706699285403,0.2627251507956911,1.0698505228841115,-1.5522865192013018,0.6604537007407275,5.659678411742559,2.842049581266983,1.347128513056066,23.994098342653857,11.035740127063608,0.0080533164708467,0.5999415196583152,-0.06988583057574421,0.601382803153412,0.0060216504079602,0.8199101962586446,-0.8420130198232847,0.7021504407384568,0.6109197057910152,0.2893473172825525,1.013632247588431,1.189491632899187,1.777618506931293,0.7064722464088954,23.57700138775751,23.491940887784192,22.79944911747868,0.22305487388818993,0.3890141491022531
12_32_28_41_17_57_29,Q2: Weak/Tough,3.48753,21.4596123446,369,11439,1.0,0.0121951219512195,1.0,44.095197579514426,-2.2688563473945464,203.36765071098887,3.850551574248697,1.0,0.0121951219512195,1.0,44.095197579514426,-2.2688563473945464,203.36765071098884,7.701103148497393,0.9982978463460732,0.0124394513396077,0.9987215245934338,43.90756922355008,-2.252701902723388,201.8515016603781,7.812752802198941,0.9726072838648044,0.015205496000089,0.9788269317139484,41.07569914470045,-2.069817986382129,164.20121082595344,8.258560810124163,0.7895467957710384,0.0279136929202638,0.7978929965042653,20.89694598465122,-1.229583967169621,13.256650829866777,9.845521272420196,0.7896302865626608,0.0279265360634929,0.7980143147593349,20.906149172585597,-1.2287348108398526,13.288431671563862,9.844758992249552,0.7712210390243097,0.0378738899544948,0.7583163948663934,18.876898263190256,-0.5710407891886097,17.02408609394301,9.158765290548866,0.7102540638144316,0.043573960834952,0.6550250229485546,12.15651006535683,-0.19416643826638175,6.526281775201791,9.009409726065646,0.6241930714642551,0.0233333299534476,0.2853735125939632,2.6700089671319374,-1.5324260469103215,0.2933297358077512,5.622242805576988,2.8003029399016723,2.71033806457397,24.349382775534156,11.7758485416592,0.0627685644436004,0.5995786981518684,-0.28164755312377027,0.600708288791284,0.01269896711462,0.43756673568682913,1.6353374936932892,0.41491968134509016,0.627418490563923,0.3032749098654772,1.0368238233664644,0.8954111467062119,1.4661171565205489,1.7880659185566108,21.71990280995245,26.272023955275245,22.05997364217085,0.1761057818488411,0.2897854214053568
12_32_37_21_37_37_40,Q2: Weak/Tough,3.108419166666667,18.19157141376542,371,11501,1.0,0.013477088948787,1.0,44.231396870145275,-2.2014836242947293,203.3697992665365,3.8740383923574857,1.0,0.013477088948787,1.0,44.231396870145275,-2.2014836242947293,203.3697992665365,7.748076784714971,0.9812413204858592,0.0140129720436839,0.9856792973323308,42.15745403260602,-2.165594629177132,162.3679301925058,8.25936839194244,0.981313855745566,0.0140162390546995,0.9857356629437048,42.16547346607543,-2.1653758319366436,162.4219549904293,8.258723292092867,0.7989523942228866,0.0401858325961211,0.8094670990791222,22.00375330432046,-0.4127539937383898,15.347651661769731,9.8806117590751,0.7990231344895464,0.0401994790980666,0.8095818315926058,22.011574284963274,-0.41184006447591043,15.35118147626394,9.880080731940916,0.7729479460532022,0.0505443169609508,0.7643767790266478,19.12872476166517,0.2809711831429586,11.656039107917492,9.40316840787301,0.7228110642178862,0.0548350816392343,0.6674108038969337,13.585635926413085,0.5683309339096821,7.711748002105967,9.014840438802352,0.6069247602609171,0.0429978721190068,0.2275801656166089,0.7733497588671296,-0.22442696183836194,1.0981784082843449,5.557432832433287,3.003927761937278,0.8178589182989362,24.07555222867348,10.050183692398466,0.0288118515057289,0.5987030248167905,-0.8017341872473641,0.6000326907638245,0.0102841542743327,0.008463177611288725,0.7292714996810256,-0.12309831043640897,0.6065037788222141,0.2461337913249407,1.6558181811455868,1.670995355073777,1.184221737318745,1.152320340652683,23.52332694266413,25.131316549441834,21.41182571133785,0.15783843917334847,0.1268759761340889
12_33_13_43_47_20_48,Q1: Weak/Brittle,3.1020616666666663,15.737053334453128,382,11842,1.0,0.0340314136125654,1.0,44.71457616936401,-0.7747094809510882,203.37293123218728,3.8960993199930862,1.0,0.0340314136125654,1.0,44.71457616936401,-0.7747094809510882,203.37293123218728,7.792198639986173,0.9988358540412812,0.0340486166489243,0.9991258541259848,44.58445221096657,-0.773543294700849,202.10795339581716,7.88468718754186,0.998667832934826,0.034047502746796,0.9989995337143184,44.56567142896709,-0.7736188056350256,201.9411049553712,7.892454374127702,0.7980429889917812,0.0342476192808741,0.8072723992650783,22.140563433515798,-0.7600529940179019,18.8308730094768,9.677453969364048,0.7981744670599746,0.0342372154277594,0.8074331332958266,22.15525956895109,-0.760758266633663,18.86324032901132,9.6765559132432,0.7831217529952451,0.0138150452116231,0.7763514224449671,20.472722491827994,-2.1451681817924744,21.437711106276986,9.205462094996555,0.7359503765350492,0.0242855675146679,0.689814593531605,15.20007933047413,-1.435376091147119,6.0691014829286685,8.93031505142029,0.6153741247463392,0.0555919754887586,0.3078972286039539,1.7225088815412608,0.6868715029451495,0.2104324445340279,5.776630611907515,2.8618414345532224,1.7109951077872452,25.14909018818799,13.790996434886777,0.0323114655264524,0.6009638087196534,0.5914819318380624,0.601968298961814,0.0055782059093847,1.2094732305901716,-1.0303303938072061,1.0075462026665645,0.6164420481272932,0.3347158308087065,0.609748570227287,1.2098516223988995,1.2172120302480411,0.3661829336071169,22.404475955824207,22.72955540525405,25.53435634097549,0.22812831434545786,0.3127287531473899
12_33_1_50_62_41_17,Q1: Weak/Brittle,3.293385,14.726238487806247,370,11470,1.0,0.0189189189189189,1.0,43.988225518259135,-1.7992915467610175,203.36561717496565,3.854993603478341,1.0,0.0189189189189189,1.0,43.988225518259135,-1.7992915467610175,203.36561717496565,7.709987206956683,0.9313097652173276,0.0197218089927023,0.945126779606726,36.43195720739169,-1.7464314597526573,115.557511435994,8.805279104830301,0.9313097652173276,0.0197218089927023,0.945126779606726,36.43195720739169,-1.7464314597526573,115.557511435994,8.805279104830301,0.8122253584110576,0.0346591490373505,0.823930343704528,23.332078712062184,-0.7629978363764884,20.490109358398783,9.698405313676394,0.8123199017099674,0.0346219580963265,0.8240746249785702,23.34247894632863,-0.7654463862373525,20.50026449725014,9.69792677768403,0.7804389846968661,0.0249798074035212,0.7740545028063798,19.8354191188339,-1.4002592220314967,17.882388453551794,9.159358910076474,0.712881679223539,0.0432633876490922,0.6565353606774035,12.40377868070184,-0.19651829389797593,8.474615857050365,8.829003989573664,0.6131557385323396,0.0401403500513055,0.2214126621179272,1.4334279780071235,-0.4021305495975289,0.4872205338744682,5.7785836916498505,2.94446220851025,1.305819235898495,22.498707530381477,9.654954930772426,0.0192112410121814,0.6009996728660116,0.5833794868954255,0.5982287027561456,0.0050045822520615,-1.1273167103645971,-1.2192999169085958,-1.4333658501788487,0.6168841542695149,0.2537116821524972,0.6730644159455222,0.5724997708278821,1.1615537092379624,1.5302792956645876,22.413429127314718,23.12036907801677,24.30207935681004,0.05367337268981524,0.132952764431457
12_33_32_39_21_32_47,Q2: Weak/Tough,3.3967066666666668,18.75874235529188,370,11470,1.0,0.0189189189189189,1.0,43.988225518259135,-1.7992915467610175,203.3698179681795,3.854018229949297,1.0,0.0189189189189189,1.0,43.988225518259135,-1.7992915467610175,203.3698179681795,7.708036459898595,0.9934100423298216,0.0187077246220334,0.9950255466534804,43.26329731746503,-1.8131960017711921,194.62444863922465,7.969941505677279,0.9837760505085044,0.0182247077789243,0.9876473334491038,42.203510182701315,-1.8449965099440437,163.66726427486736,8.21098422713031,0.8058068297267337,0.0191882659707188,0.8124838427794882,22.626008554445182,-1.7815584733821217,15.57677466090376,9.637013595996786,0.8058801365864046,0.0191658809460795,0.812577267637054,22.634072674511927,-1.7830322421940115,15.58497427157532,9.636315057138836,0.7908952749642997,0.0340212208361122,0.7840053322934082,20.985663182593758,-0.8049972847737549,20.828078035257768,9.182433048347466,0.7300048869287518,0.0387383584464088,0.6776020474532715,14.287416903407983,-0.4944338432110743,10.01137944832552,9.006792728530092,0.6235566153447518,0.032345214089504,0.2940829513009674,2.577576285426966,-0.9153409860413941,0.742391851823741,5.658721869017088,2.9408265733486143,1.823935575075505,23.44437096068574,11.705004383073668,0.0536318742436496,0.600862302037778,0.49857173215386635,0.5977878339526399,0.0074881070638997,-1.3994930802801204,-0.2980230441066315,-0.9473004183443318,0.6280059542777673,0.3242949443540897,0.6836457138568584,1.202012365247619,0.9835624044064256,1.1296989951156284,23.55462185770493,22.371545195157296,23.97991735905859,0.06608877588417826,0.01347240531037804
12_35_31_26_18_51_43,Q4: Strong/Tough,3.928235833333333,18.26160390887917,380,11780,1.0,0.0026315789473684,1.0,44.55753400619793,-2.908911565677015,203.35705975611916,3.887392903327974,1.0,0.0026315789473684,1.0,44.55753400619793,-2.908911565677015,203.35705975611916,7.7747858066559505,0.9850878804780504,0.0034725245665577,0.9886684635973022,42.89671712517778,-2.852181880726386,163.26367839382718,8.265818260775417,0.9850959046565124,0.0034768470773311,0.9886747841915188,42.89761080706025,-2.851890286753155,163.27902342490125,8.265725513606666,0.7965355670090596,0.0246707026818575,0.802127647429262,21.896961543567247,-1.422165553193117,13.320693587194803,9.701322016911137,0.7964270875854615,0.0246890643161798,0.801988445487591,21.884879796389068,-1.4209268884013473,13.292714582133138,9.70168491798102,0.7661451032211427,0.0158139337337153,0.7509258511705222,18.51226527643289,-2.019637851809751,12.306704667731472,9.469700280100897,0.7155622560383966,0.031055055173848,0.6617917252067175,12.878669973799184,-0.9914809795181397,6.252561046060131,9.317679334871393,0.6188650190923921,0.0392978286345228,0.2676713276828337,2.109147691500969,-0.4354284466631873,0.4260137799382863,5.743593665130815,3.1100200749512457,1.8249397305731403,23.85370370940483,11.624121942905722,0.0517054170344746,0.5988872448293169,-0.6967758368761171,0.598300125418941,0.0059546355620109,-1.0567442581970732,-0.840157313891338,-0.5433143426444131,0.6189468659220976,0.3027895966105087,2.2113550430153297,1.517348499990119,1.703703266781936,1.1947808029978884,20.07970540240428,25.23258531590624,25.58189868168288,0.15965277387058027,0.18997327776749226
12_36_21_30_41_32_44,Q4: Strong/Tough,3.695090833333334,18.51648032232292,378,11718,1.0,0.0198412698412698,1.0,44.79242860437828,-1.7447761298140636,203.3672854918257,3.882173836940677,1.0,0.0198412698412698,1.0,44.79242860437828,-1.7447761298140636,203.36728549182567,7.764347673881354,0.9856661166798052,0.0201020602716343,0.9891144174042832,43.18671785884074,-1.7272904850992519,167.63888572902349,8.213560784004539,0.9857220422998988,0.020103009040247,0.9891575418071712,43.192982760481776,-1.7272268714503343,167.67397629283343,8.212933737210578,0.7981035744715393,0.0395273134703417,0.8108282294499239,22.175580628510698,-0.42485359946231444,18.750464004084368,9.823883724799536,0.7981384621914395,0.0395478998959819,0.8108840749319878,22.179488821809024,-0.4234733075390667,18.7857008126752,9.823587474279067,0.7753060936828057,0.0361833425262148,0.7735239052612816,19.621760490873502,-0.649062316722116,20.862762937713725,9.225573465742029,0.7043044826300668,0.0229450086425421,0.6455107020654345,11.668015698125279,-1.5366746519693057,11.957148660947992,9.024857031402094,0.6053857413146531,0.0364892264139811,0.2509348946106574,0.5869372271272341,-0.628553216836851,0.7713801657046352,5.647656590393013,2.9279912062190405,0.7098992628712866,23.980608928317714,10.55059194775743,0.0148443795319112,0.5987476219114363,-0.7810772798782256,0.5996554816549047,0.0092673088385907,-0.2106012399717295,0.41071577172734497,-0.42097652266412433,0.6063011740976233,0.2873809476988488,1.389625179737534,0.3009585005722157,2.1610165063734867,1.6004489056351023,24.443444469918383,23.87710550057291,22.0447389715418,0.03652649516162661,0.11050288116599183
12_36_25_33_26_31_53,Q1: Weak/Brittle,3.1876691666666663,13.604432183519371,381,11811,1.0,0.0078740157480314,1.0,44.90707726716092,-2.537130569323788,203.3649717404055,3.891750855690157,1.0,0.0078740157480314,1.0,44.90707726716092,-2.537130569323788,203.3649717404056,7.783501711380313,0.9999970164548204,0.0078755160843231,0.9999977623349722,44.906742233077004,-2.5370298315718003,203.3592809689688,7.788893894545367,0.95214049562392,0.0166622115318959,0.9621890606927842,39.532744304170826,-1.9470608015016864,133.4634352548213,8.610951965224341,0.7742288374448218,0.0310566067969186,0.7561856708003726,19.554340818445713,-0.9805714695768908,10.844918320071406,9.863032753492874,0.7742847770945037,0.0310751776442468,0.7562576434656646,19.56062250287063,-0.97932455885247,10.84389318432253,9.862355164171635,0.7594313712780119,0.0372316917775145,0.7474279604205843,17.892674839540078,-0.5659549714474323,12.090333385864156,9.476107524606157,0.7107397620518376,0.0418088479032427,0.6659105651164984,12.424901533135973,-0.2586289265096526,3.524082308561724,8.998126610259076,0.6115758989111456,0.0476527535038946,0.2763668921866141,1.2893992883442236,0.13375104609885408,0.7109533745237062,5.608282126439951,2.966149090752837,1.2778848571975352,24.975508023557474,11.920361340056207,0.0324653921092583,0.6014037640908942,0.8590613598701548,0.5993609202207987,0.0056430539778334,-0.441489014544742,-0.9305197085095707,-0.5515427461895537,0.6152630204245626,0.3235508888939239,0.9856478407726668,0.5844827471468688,1.5202276337188456,0.8397446065962486,23.366605595391576,23.34348775388352,23.78992608645413,0.20489272806834619,0.27881520009394467
12_36_31_28_27_40_42,Q1: Weak/Brittle,2.859960833333333,11.829653254734792,371,11501,1.0,0.0188679245283018,1.0,44.231396870145275,-1.8404502690063027,203.36710737355384,3.859101949800708,1.0,0.0188679245283018,1.0,44.231396870145275,-1.8404502690063027,203.3671073735538,7.718203899601417,0.9968132118241554,0.0191063684273832,0.9976027782026964,43.879068418291,-1.8244812787331544,199.61133041044707,7.890974542951552,0.9860387656823664,0.0193634658342806,0.9893890718839368,42.687855284798786,-1.8072630315655278,186.32017753983413,8.062309686907971,0.8037012436022035,0.0174129656145423,0.8112849759263772,22.52878184640749,-1.937891322567182,14.32637032127338,9.630287518606991,0.8037590106432497,0.0174186333730183,0.8113784145732071,22.535168518824026,-1.9375117432182347,14.342149234210714,9.630046860631976,0.781153423995136,0.012720410328167,0.7793545750033392,20.035915067540998,-2.2521596683416973,19.706880487934956,9.268958336544951,0.7265625385843759,0.0286186011369864,0.6817089771501135,14.00039557869716,-1.187431003172448,11.028697013793606,8.790170859617016,0.6180208944967399,0.0567364620620386,0.2580487283603575,2.000128440458828,0.6956695892256263,0.6550412877871133,5.652059362648178,2.857595919042127,2.135711206737133,23.149485144925563,10.883517532212796,0.0302128083252013,0.5985748169732089,-0.8798543024956457,0.6012276719017579,0.0119243496627775,0.7365938567258864,1.3337683610759912,1.0053769461699644,0.6169528063544732,0.2900238553151291,1.1459654961734476,0.338100227419265,1.3721503479316857,1.1181110123383882,23.03975237937181,22.24824954554382,24.6851206302864,0.15031128569347244,0.1776689946543352
12_40_10_50_27_32_45,Q1: Weak/Brittle,3.272765,16.638080835480835,374,11594,1.0,0.0026737967914438,1.0,44.228901369510815,-2.900056150339364,203.3635795281391,3.864274718121507,1.0,0.0026737967914438,1.0,44.228901369510815,-2.900056150339364,203.3635795281391,7.728549436243012,0.9999542787350532,0.0026782034188352,0.999965707640702,44.223844975733314,-2.8997614786207944,203.3467490373391,7.747839780000013,0.977782913189431,0.0034609358493528,0.9828745914441632,41.77187530879842,-2.847420064202437,154.72266581645422,8.31695335776843,0.7963252441115868,0.0187367667988332,0.805288432677103,21.70415780641675,-1.8259233596609001,16.098163248649186,9.63653386493078,0.7964077344997043,0.0187048594850709,0.8053790186707299,21.71328056112762,-1.8280570056777192,16.127128157797838,9.635972707204235,0.7782419235687573,0.0124851696019331,0.7706903387633235,19.704292107696467,-2.24396843726578,13.320853839753385,9.193153938029363,0.7315143158415766,0.0113148953323672,0.6775685793634,14.53660514138315,-2.322224822383212,6.391827888698763,8.880982913978666,0.610064725382959,0.054558535459069,0.2828803509000152,1.1052848533553374,0.5694827402295181,1.0834468812282405,5.6737671079990575,3.085836422210245,1.0478762828581214,23.96997165222448,11.912336637674272,0.0287550027717153,0.5995468732624605,-0.23485629673835345,0.5971475184083348,0.0044039520239038,-1.7434616577578836,-1.432626525478564,-1.6189231341044843,0.6095611537031875,0.3253875384799277,0.63215688381943,1.962339192149184,3.8460187787718376,1.7587858043833826,21.335899644848467,23.415350812298467,25.33963228654447,0.14641649159799078,0.29043307156948667
12_40_24_23_27_35_55,Q1: Weak/Brittle,3.3081208333333336,17.03155917496458,385,11935,1.0,0.0142857142857142,1.0,44.77920145452574,-2.09027143260983,203.36382777186267,3.9049750687111855,1.0,0.0142857142857142,1.0,44.77920145452574,-2.09027143260983,203.36382777186267,7.809950137422373,0.9845892721047468,0.016742047747586,0.9882735282066716,43.05399860913707,-1.92571047994605,184.1217936356899,8.200209292102143,0.9845164039992326,0.0168248948488064,0.988216650001326,43.04584115779371,-1.9201601757573539,183.9575020813157,8.200367386893817,0.7587775384937583,0.0221697510085919,0.7417953457103864,17.77478740018302,-1.5620839474447175,5.180554843018986,9.77932242433738,0.758851410630886,0.0221918672310247,0.7419261707133111,17.78305725103198,-1.5606022810955191,5.18591337981811,9.778450998512817,0.7725763463237265,0.0179003635207823,0.7443370611715157,19.319538737890127,-1.8481096370306043,9.77670617216784,9.33319114564424,0.7271582653831732,0.0129626303863281,0.6609306988756397,14.235067517366502,-2.1789108418418204,8.429176716546879,9.185478561540071,0.6162564572316198,0.0327512204673166,0.3314529422708721,1.8198126194624964,-0.8531831724727764,0.8781742785961123,5.807613023607583,2.851409114837986,1.6617938267203691,24.951034579871017,13.991294189653848,0.0358115746373174,0.5967102993094279,-2.0897846955046693,0.6005355909292875,0.0055779461436002,0.30410440389049304,-1.0328509057279125,0.3475948645082744,0.625963977176485,0.3618084813732037,0.7162230876247652,0.7587596754855462,2.326699522127816,0.5314460604257014,26.099761673323712,20.132778801472934,24.977773452470803,0.18281708181349846,0.23680847319410914
12_42_23_26_8_86_19,Q1: Weak/Brittle,2.521729166666667,11.5833652544375,371,11501,1.0,0.0309973045822102,1.0,44.231396870145275,-1.0281252196073363,203.3691607697945,3.859426689178584,1.0,0.0309973045822102,1.0,44.231396870145275,-1.0281252196073363,203.3691607697945,7.7188533783571645,0.989487706749683,0.0309403932553815,0.992045068531995,43.06916712597952,-1.0319366671975687,192.60120072523276,8.029283931166708,0.9784370737508172,0.0312924924756892,0.983521376811974,41.84741902046942,-1.008355988279224,156.43315896506044,8.325672198733448,0.8071605514811073,0.0423322320041634,0.8216041515576185,22.911239833009766,-0.26900600353454995,17.025793746163448,9.65503674932482,0.8072587446560792,0.042349421556785,0.8217107048136351,22.9220959826537,-0.2678547901897274,17.054707225703243,9.654358257785567,0.7844536837294441,0.0395279355114619,0.7828043362463375,20.400788833459753,-0.4568144716375067,15.77830407767548,9.21825545543218,0.7154611567674602,0.042660194276636,0.6498025978597777,12.77303672923097,-0.24704181674155284,5.476841890171198,9.111821249977186,0.6160702205748416,0.0480530298376664,0.2724047967651912,1.7844636754818524,0.11412548068375433,1.5370681345587986,5.776837158397696,3.2370441204647213,1.6194688787823617,23.458912750847837,11.500076940345117,0.0472006692746841,0.5983500847011516,-1.0167890679724136,0.6003809898630067,0.0052001353094994,0.22069017565507615,-1.1444525268376862,0.1845028540152847,0.6248849222808552,0.313699889548409,0.9545239202108896,1.2158715749337627,1.8983667006818417,0.8373401281220032,21.16743185852557,26.151636874967068,22.8415028247125,0.3094139758336742,0.35354481953855527
12_44_15_29_15_69_32,Q3: Strong/Brittle,3.6624658333333335,17.439112808633748,379,11749,1.0,0.0105540897097625,1.0,44.601299060790396,-2.363458126574143,203.36949441511968,3.887503433967315,1.0,0.0105540897097625,1.0,44.601299060790396,-2.363458126574143,203.3694944151196,7.77500686793463,0.9807032267232504,0.0108521870447332,0.9852733707293994,42.4494755653786,-2.3434688180162877,160.74809322913882,8.302388537736265,0.9807261081177004,0.0108640287969671,0.9852910485693656,42.452027117468646,-2.342674753757738,160.76747272574573,8.302232982320607,0.7744664848525944,0.0195877974667167,0.7503420350822007,19.451585689708814,-1.7576909807759613,7.699819126688311,9.53844280868807,0.7745143437292576,0.0195842479845868,0.7504405994834183,19.456922533013703,-1.7579289959649336,7.710636666309331,9.538062348169378,0.761470953323401,0.0239261107102211,0.7268449949254757,18.002426823673076,-1.4667796847941916,10.98154190684606,9.11486072276788,0.7221775718099016,0.0235683012605919,0.6504526399627621,13.620739774636576,-1.4907730676745097,11.28996991256603,8.989830103369908,0.6172817873057544,0.0583858360158996,0.294440851069672,1.9235917370607984,0.8439624827660624,1.4696757600890926,5.701455869244588,2.8864723087339677,2.0812691042190337,23.81313188452627,13.271889789385439,0.0336967884865436,0.5987052998985899,-0.7941783392757185,0.5996675361712916,0.0052428750655608,-0.2044606087979711,-1.1143118133142942,-0.3217166099961721,0.6137952332753341,0.3352472190003704,1.3592915780650603,1.203637266215968,2.401531504214961,1.6798941004948025,22.24009597334904,24.83279220144844,23.405961128886563,0.036512732531635624,0.14199271122142834
12_45_10_39_22_46_42,Q1: Weak/Brittle,3.381180833333333,15.031491029816666,376,11656,1.0,0.0186170212765957,1.0,44.41013672625182,-1.8150642004346385,203.35993158741255,3.874048132944751,1.0,0.0186170212765957,1.0,44.41013672625182,-1.8150642004346385,203.35993158741255,7.748096265889502,0.9874017305950636,0.0175698773928962,0.9904135982228816,43.01142593219111,-1.8845975781194322,186.2603315765024,8.081104620864595,0.9857366562920136,0.0175339749887571,0.989153020901219,42.82656265250313,-1.8869816014286038,164.72799577691703,8.221278199013659,0.7950386160968534,0.0263858669630758,0.8051393617109857,21.654495390416987,-1.2991904129810672,12.66971081242047,9.898219056475163,0.7951793068821812,0.0263926988878885,0.8053056466770302,21.670115450104365,-1.298736753445152,12.694065759771677,9.897078739597646,0.7769158841561514,0.0254612435602925,0.7865686438442524,19.642436434653064,-1.3605880769341716,13.766312679819722,9.344862536729512,0.7257263403159917,0.0096324194883931,0.6636937204128834,13.959166359144048,-2.411667703746362,6.454644854004646,9.121181547782095,0.6172978367467834,0.0771820153968944,0.293865619588235,1.9209956031926236,2.073820525595117,0.7544735326664012,5.798768549012165,2.911207243008881,1.8649585832555808,23.60756485479113,12.081688987335959,0.0486146717989091,0.601709065894448,1.0755995989902138,0.6041056926080052,0.0110690893627868,2.61309298915092,1.0361739406494828,2.0442160228943185,0.6242659487112929,0.3419405550819911,0.4997324074113658,0.8665431633989631,1.275876885794378,2.080393952376274,27.216351790468455,20.84044120981622,22.57218170763576,0.12579505334925847,0.2112392456319625
12_4_10_70_87_22_11,Q4: Strong/Tough,4.380181666666666,21.172974210795832,379,11749,1.0,0.0408970976253298,1.0,44.601299060790396,-0.32876785382371104,203.3569719393689,3.881746645465655,1.0,0.0408970976253298,1.0,44.601299060790396,-0.32876785382371104,203.3569719393689,7.76349329093131,0.9827594388738756,0.0402146373906705,0.986895255756982,42.678768077334354,-0.3745311217523282,183.3844982595067,8.199291641119203,0.9827302552567048,0.0402080532739755,0.9868728784584704,42.67551375122456,-0.3749726283501989,183.36047762492436,8.199493270308828,0.79367794737958,0.0398932349617777,0.8057096471782367,21.59389600521635,-0.39608318401083087,18.46684692041648,10.02975994301508,0.7938144667748573,0.0399531647285545,0.805882876071528,21.60911956814701,-0.3920645147395356,18.5014447130073,10.028633263425478,0.7752829181144029,0.0482153452512998,0.7809303900037786,19.54262786810824,0.16196685842281874,26.51332843318268,9.273110448430948,0.6974231235400441,0.0462149524008283,0.6523438900739513,10.860319540689167,0.027827886905572002,10.54460475303886,8.780163855335028,0.6075620804575543,0.0458376091636489,0.1911804565175499,0.8397269237828077,0.0025246402296492236,1.2400072263967372,5.43776573763332,2.783573906588179,0.6973444150717399,24.512202526198156,8.469954544978354,0.0104632215436439,0.5996878282990828,-0.19202434144131578,0.5981238016525892,0.0092815439211488,-1.150556326301189,0.4080419861279194,-0.8516491818387977,0.6068460916546272,0.192395067902119,1.6461534281266912,1.6118846496261083,0.9745189749425712,0.8841295921551886,26.77944352553249,21.285854971912634,22.635784721268656,0.08938914963959166,0.07322582636432275
12_4_18_68_82_24_8,Q4: Strong/Tough,4.152045,19.92273511228125,370,11470,1.0,0.0337837837837837,1.0,43.988225518259135,-0.8206294910432258,203.3649898929665,3.854994260235099,1.0,0.0337837837837837,1.0,43.988225518259135,-0.8206294910432258,203.3649898929665,7.709988520470196,0.9753087262912036,0.0329612802404204,0.9811269067631224,41.27206230130362,-0.874780875256998,175.48075813038528,8.282212748198404,0.9753157853452836,0.0329613199753865,0.9811323153761454,41.272838832448386,-0.8747782592154829,175.48346582819218,8.282233298962408,0.7991734822689542,0.0190458616916303,0.8108710440886168,21.896307260676483,-1.7909339817222731,14.71966942099114,10.10957781821346,0.7992521212534885,0.0190340384118426,0.8109993179099281,21.90495794106381,-1.7917123941335225,14.744315007170812,10.108694941363634,0.7642958813450028,0.0263147053958351,0.7660416706643215,18.059597261728918,-1.3123731884073788,25.124804712019188,9.145406839331532,0.6882028206095372,0.0207283886775038,0.6036429817648388,9.68898118607455,-1.6801610057305674,8.492498023609068,8.800467454774518,0.6052348407921002,0.0136309483630288,0.1776123789665125,0.5620897335309123,-2.147437068556828,1.0726113440761975,5.473008305874017,3.028449278251306,0.8481653499537346,23.144861409705868,7.592757928812197,0.0186300815007994,0.5996744912253742,-0.23473947629572167,0.6000577637907185,0.0048093090424879,0.001879070297086195,-1.2917375631927954,-0.05274230084023833,0.6060896566727937,0.1790925166280661,0.9369737664157072,0.8287875833503736,1.078989967350234,0.8732731342251592,23.93344286129432,21.217959183842808,24.840487860010583,0.0885535332098347,0.21480798602144566
12_4_36_51_41_55_17,Q1: Weak/Brittle,3.64144,17.128809544436255,385,11935,1.0,0.0207792207792207,1.0,44.77920145452574,-1.6552418931410384,203.3655481670255,3.903708629701301,1.0,0.0207792207792207,1.0,44.77920145452574,-1.6552418931410384,203.3655481670255,7.807417259402604,0.9814834390238176,0.0208933033540963,0.9859009329079976,42.706306267481246,-1.6475989824795685,184.51916688635413,8.252364922330441,0.9760665015649588,0.0209234730265622,0.9816944166035332,42.09989001116708,-1.6455777788768786,174.27189136782263,8.333435447988691,0.8115370506103877,0.022591206633648,0.8262573284586435,23.68111843422608,-1.5338487178876157,20.20180187794909,9.876715819743618,0.8115799795486291,0.0225837439180547,0.8263059177136868,23.68592425046701,-1.5343486791536876,20.2249327444037,9.876379928806948,0.7907821412236796,0.0239793000739535,0.7884512243578895,21.357644230209935,-1.44085402377595,32.2008793957314,9.08962490643195,0.7143329745917081,0.0254713206075784,0.6630889994301623,12.799299634320043,-1.3408967809103438,14.63770749170036,8.76829466497207,0.6203175179222019,0.0885663969329523,0.2801823433527234,2.2744409476186465,2.886129406562304,0.5900627645393443,5.469560016452854,2.8324673647655803,1.8269975695194378,24.48239851203835,12.167997397267166,0.0421187940993862,0.5998612236797729,-0.11791842940696326,0.5969377306689674,0.0065825278468338,-1.9474568662652803,-0.6594478268304818,-1.6032224144672325,0.6210593582082063,0.2857022317588937,0.4935962958758778,1.381347414991208,2.9999004226085595,0.9462933103149074,25.42279259316344,20.87184776736639,24.67406648753981,0.10692482659131143,0.42402655540598616
12_4_46_49_49_39_17,Q4: Strong/Tough,4.010450833333333,18.66670471568729,368,11408,1.0,0.0190217391304347,1.0,44.19242311122426,-1.8167199243576868,203.36556220776035,3.845773586430615,1.0,0.0190217391304347,1.0,44.19242311122426,-1.8167199243576868,203.36556220776035,7.69154717286123,0.9964411535108894,0.0190464326192659,0.9973229749291372,43.79912081038204,-1.8150828408076691,200.3893095084359,7.86866199931587,0.994384216643924,0.0190613775249963,0.995768978827788,43.571800524176936,-1.8140920509077465,198.35772252638537,7.91963834723159,0.7995473316280473,0.0249955752899325,0.8143661023145919,22.039600301394895,-1.4206775111504186,11.96256089679923,10.040701517360024,0.7996104732189034,0.0249465590268718,0.8144537184103666,22.046578330101266,-1.4239271012949521,11.984699656091475,10.040122368014568,0.7833836434364091,0.0242649777847537,0.7879829760532497,20.253286737345615,-1.4691133221282922,24.789033160409065,9.013504809935814,0.7085062112586106,0.0182752380408025,0.6476051972296358,11.978283461201263,-1.8662100819559573,10.8053800192835,8.838224294913044,0.6105681076872288,0.0594733377732886,0.241817770476256,1.1547535358141134,0.865065835557515,2.0321382411813667,5.547848270936569,3.0317922242440174,1.484074542443699,22.54790109413633,10.618289057216169,0.0240114296454004,0.6005119719908049,0.32670229700310804,0.6005140737698564,0.0049442365005547,0.32800744044247726,-1.2985399306973173,0.25578685232214954,0.6105648369744329,0.2444660158562619,0.7644939745910433,1.183151499899499,1.412015517704706,1.0168829834185935,25.706336009988057,22.874881069987836,21.378973787477115,0.06716771707286413,0.2588085456964005
12_5_15_75_78_22_9,Q4: Strong/Tough,3.749915833333333,21.222344150262504,368,11408,1.0,0.0176630434782608,1.0,44.19242311122426,-1.906796232199784,203.3662993520317,3.847078984354451,1.0,0.0176630434782608,1.0,44.19242311122426,-1.906796232199784,203.3662993520317,7.694157968708902,0.976161418487122,0.0191899942256506,0.981789464648925,41.55792651618492,-1.8055652572117225,174.51309045163575,8.283382237754868,0.9761847754668118,0.0191904568823275,0.9818081279459664,41.56050778904421,-1.805534584849456,174.5502594461293,8.282783885392474,0.7970944935416899,0.039812818517613,0.808760462183405,21.76852739451072,-0.4383511452624456,13.117298302892411,10.164163636163414,0.797201855432764,0.0397373443353352,0.8088924977845362,21.780392384729154,-0.4433547939207073,13.139202682493186,10.163584299922046,0.7741775644177727,0.0232639548295287,0.7693878854996841,19.235886276032154,-1.5354773027059765,25.51539320076168,9.110618130932728,0.6903108756944343,0.0288315268556683,0.6146590121734846,9.96744445370725,-1.1663686425309083,7.613927537562525,8.771728196836364,0.604998118540392,0.0450199179229536,0.201216195118455,0.5391918492338739,-0.09314043655854497,1.2990895683468058,5.5479938162114815,2.8552089145834936,0.5479334170362193,21.970200753651028,8.484244261938509,0.0144655529687895,0.6020999363270216,1.312781796563273,0.5989310337194096,0.0020811611105615,-0.6550142213961762,-2.3843768629672826,-0.9804373274974382,0.6049587313060881,0.2081035435480465,0.622446423529757,0.9028894471515512,1.5990174116785096,0.867577472344445,23.52098186898571,24.68205957781367,21.58646852288182,0.033572394108839616,0.0894963222413649
13_0_62_29_47_39_26,Q1: Weak/Brittle,3.511520833333334,15.83116812538958,375,11625,1.0,0.0399999999999999,1.0,44.239406385010234,-0.39786879575864503,202.3780603115598,3.869859729043287,1.0,0.0399999999999999,1.0,44.239406385010234,-0.39786879575864503,202.3780603115598,7.739719458086574,0.9793075974898092,0.0380679414928618,0.9842041710552784,41.95035507457778,-0.5273463401439125,178.9445445523376,8.221008177381812,0.9793082960573332,0.0380670010957273,0.9842049352670748,41.95043235206672,-0.5274093611711085,178.9398630949245,8.22102872252856,0.8021737064294413,0.0277593263261678,0.8203434193794104,22.355309731049076,-1.2181816191300383,13.456905431197242,10.060543075206631,0.8023639540935034,0.0277712703367377,0.8205460601239783,22.376355458557686,-1.2173811872833893,13.499604948762018,10.05897749563468,0.780537825335891,0.0355402009463694,0.7810478581278237,19.96188818682958,-0.6967437148060852,20.9864203032145,9.173207084816314,0.7174234886216967,0.0352816180361495,0.6745055319421587,12.980004131000342,-0.7140727346631819,9.187751542249146,8.791083543263374,0.6056531718201271,0.0494362839198165,0.1846281507890587,0.6156597772656063,0.2345069141621889,0.8646098103380414,5.55887181153422,3.1266907688529635,0.7797919439520677,23.525093867980605,7.697921727979973,0.0129158055772478,0.6019893398858946,1.241707690763684,0.6015369463369223,0.0138380093398382,0.9585638796255443,2.0478792296794657,0.7903017959161431,0.6056531718201271,0.1846281507890587,1.0588851944496982,1.8311292522563165,0.7346905243393212,0.6839181826335246,23.812357462994058,20.9834782435912,25.652789201748316,0.04256631586539189,0.0775094479472301
13_10_30_36_71_42_14,Q4: Strong/Tough,3.787753333333333,18.532255022200754,378,11718,1.0,0.0238095238095238,1.0,44.79242860437828,-1.4787100823365933,202.3672373538801,3.8820618579055095,1.0,0.0238095238095238,1.0,44.79242860437828,-1.4787100823365933,202.3672373538801,7.764123715811022,0.9986119660276952,0.0237481332907686,0.9989577307651436,44.63693821739007,-1.4828262333713957,201.05022793847715,7.870184581209992,0.9906556741700612,0.0233877750202751,0.9929316190233216,43.745658231007276,-1.5069877667493132,193.52801241108827,8.05229336827988,0.79561205686862,0.0189707368716085,0.8081491129059162,21.896475762206464,-1.8031441849560879,18.003744356009676,10.048675518327334,0.7957400013533732,0.0189766906538705,0.8082863530236947,21.910808363457026,-1.8027449919289618,18.0266121353975,10.048007320071884,0.7670473571094416,0.0307716247734406,0.7664283318218047,18.696600032665284,-1.0119106535632736,22.99148504357889,9.258128184087251,0.7041859882266412,0.0339150782290595,0.6501347854931727,11.654741714193898,-0.8011463619990645,9.826871057247985,8.819932132348258,0.6142099128233837,0.0339244442630591,0.2526470331329813,1.5754388561360586,-0.8005183821200678,1.014563044337278,5.579469923413461,2.826750239231447,1.6925748967175414,24.223021313647553,10.652709589839708,0.0270966722835218,0.602600129825916,1.6397409958220148,0.6022226370264822,0.0078519090670255,1.4025340936946766,-0.12736614482757844,1.1887156130034455,0.6137635260099714,0.2528707620195529,1.0150980103316498,1.0553252542376512,0.8753080325808668,1.1758277132296526,22.02692255398317,24.391750056304293,23.917751789272412,0.05072205745910788,0.09515190200489919
13_10_54_30_17_66_26,Q1: Weak/Brittle,3.220238333333333,13.665761724283334,381,11811,1.0,0.0078740157480314,1.0,44.90707726716092,-2.537130569323788,202.3636025155412,3.8894082214417622,1.0,0.0078740157480314,1.0,44.90707726716092,-2.537130569323788,202.3636025155412,7.778816442883524,0.9830443378085972,0.0072021642775142,0.9870616869280192,43.00305892404317,-2.5822409936894926,188.62060844652785,8.133998498131454,0.9830316181155054,0.0071964614868477,0.9870519403170692,43.00163057941751,-2.5826238987188384,188.60519369734936,8.134165865008152,0.8078198879605056,0.0098812077957295,0.8233427853983744,23.326412685912285,-2.402360774170366,12.253487691939275,10.040277570365836,0.8079507766576387,0.009860790068124,0.82348914649395,23.341110695192896,-2.4037316908048987,12.288572143530176,10.038995458277194,0.787170755255583,0.0257173768400157,0.7849608108581517,21.007639936383196,-1.3390657792738812,27.132253843017185,9.148625875520016,0.7158495421948661,0.0249444121320683,0.6550412095259895,12.998698947344783,-1.390965295052834,11.78798233314162,8.931641497637598,0.6106528639294705,0.0523930077253388,0.2846262619456532,1.185748040955024,0.4520280595674066,0.2240026072022076,5.456220916003822,3.2356439832385497,1.4475622288285863,24.68995883748616,12.360329628970684,0.0397441870245619,0.5979625969863316,-1.3317135846946617,0.6004014753321871,0.0127086553397819,0.22096706422170687,1.6987047693792723,0.33850619728923276,0.609625040613984,0.2934339739893686,1.1861798466076454,1.3336793188488796,1.3180745550913069,1.514831793426252,25.419672952946783,22.33129129118447,22.868797091032818,0.13297778893587958,0.10397819041849032
13_12_53_23_54_25_36,Q1: Weak/Brittle,3.169278333333333,12.996686863652084,372,11532,1.0,0.0282258064516128,1.0,43.92333013321453,-1.197383841466527,202.37027861172885,3.8588774100605874,1.0,0.0282258064516128,1.0,43.92333013321453,-1.197383841466527,202.37027861172885,7.717754820121175,0.9855924685620082,0.0275057773975666,0.9890570806033816,42.34107578269463,-1.2452992710331594,180.5440278535377,8.117518351630089,0.9856014937673864,0.0275010217520937,0.9890641096742102,42.342066942806646,-1.2456157427011012,180.54724479360684,8.117530413595357,0.7705100601373938,0.0367900901236546,0.750345144167271,18.72043834630817,-0.6274605463295385,13.73161549799306,9.658237107108828,0.7705636620548246,0.0367408716796824,0.7504225539140859,18.72632498049087,-0.6307358626133418,13.74950080986646,9.65795379241865,0.7434453819929169,0.0274964640063469,0.7265595102621754,15.74815923494027,-1.2459190448304893,10.55003674797035,9.314977895349864,0.7119208736076319,0.0366051183540681,0.6239837477397461,12.286095608336744,-0.6397697743358691,4.358270540657826,9.013994051839218,0.6170396391764008,0.0350354850093163,0.2890893126823845,1.8661116848146437,-0.7442234148566955,0.2143838629424727,5.520478738125737,2.852597266702525,1.3976425804262746,22.95768399389423,12.141060229863335,0.024947141471105,0.5997186252278983,-0.1528259912958166,0.599084922652738,0.0061479612191535,-0.5286687562867607,-0.7883019948920695,-0.7778431188708917,0.6189633299218781,0.3048388814028104,0.9515284881148696,0.7686513186004995,1.478195474530427,0.780711440047449,22.703674474923417,23.394841595132565,23.84281708652848,0.15825318311646328,0.17019933043916305
13_13_23_43_67_48_9,Q4: Strong/Tough,4.213564166666667,22.944542004562496,375,11625,1.0,0.024,1.0,44.239406385010234,-1.4701141250333416,202.3738779893264,3.869215317600154,1.0,0.024,1.0,44.239406385010234,-1.4701141250333416,202.3738779893264,7.738430635200307,0.973257005140284,0.0237408272439707,0.9795261929656016,41.28102166393335,-1.487482673603821,171.0376417656672,8.318718829712026,0.9732332749143908,0.0237529460082591,0.979507190406249,41.278396560122864,-1.48667053057852,171.02124530795516,8.318959907149802,0.7912328336497266,0.0271235993167056,0.8067327984030105,21.144999852273678,-1.2607850764168895,16.581930761201132,10.009512972941993,0.7912913404320115,0.0270981970214959,0.806804653738672,21.15147203580058,-1.2624874196913556,16.6001259458707,10.009403800914816,0.7778573869639657,0.0366506652143952,0.7806661310471259,19.665370614026354,-0.6223255820112653,26.004769691900595,9.10934068887856,0.7068584463016852,0.0272868923673644,0.6648095003643677,11.811269666479536,-1.2498419382373949,11.127484955321032,8.771658381767185,0.5970938296251075,0.0381106347014966,0.213668854098702,-0.3311985422698034,-0.5244852405470116,2.1490843586062094,5.51912243338174,3.005886070972609,-0.39689093123788255,23.610611965421626,9.220978278252291,-0.0157375578561432,0.6029722846768661,1.856912604463919,0.5998295868339746,0.0084205654195736,-0.11003729239766766,0.0737320406332465,-0.09182343738617892,0.5976691973081354,0.2265868049540125,0.9356020834630572,0.838766635468133,2.051137351000151,0.5298095252208614,22.290789793541563,24.63519561544488,23.298545361871252,0.00978913140266527,0.13423348642805366
13_17_23_52_44_31_36,Q4: Strong/Tough,3.910296666666667,18.326222255058337,383,11873,1.0,0.0065274151436031,1.0,45.040309241436596,-2.615647939350247,202.37143781849304,3.8961983394594566,1.0,0.0065274151436031,1.0,45.040309241436596,-2.615647939350247,202.37143781849304,7.792396678918913,0.985292300285562,0.0069383154777914,0.9888250185294956,43.384474320157544,-2.58817764222719,176.75979202456924,8.224417148165097,0.9852537282859596,0.0069390316157327,0.9887951261015232,43.380131774065,-2.588129765600203,176.71584473374455,8.224753112772179,0.7317937055438106,0.0159296412248611,0.7022548526464999,14.844877114722012,-1.9870722907552327,9.718388910188816,9.381531740376229,0.7317919434636073,0.0159360235979685,0.7023471926730824,14.84467873469037,-1.9866456041088059,9.716581765990744,9.380681869578265,0.7289656669622182,0.0255506791637326,0.681295469589437,14.526488438515337,-1.3438682122404304,13.47039609693084,9.067358671930656,0.6884735470474564,0.0282463087354022,0.6048583547295848,9.967769706607658,-1.1636548147172971,7.720078378782456,8.959200026980053,0.610781946450282,0.0729172860389538,0.2374926598453735,1.2210269897584163,1.8227750253314106,1.073472673116724,5.608320091080202,3.1198034016306204,1.2094294398332495,23.82449252495723,9.951133464697959,0.025074596824985,0.5987808600262011,-0.7566389951060393,0.6039278508757498,0.005534632346501,2.391448791012542,-1.074227015199867,1.958075961198113,0.611098464907195,0.254013831766935,0.8671034394408208,1.381943361411276,2.148885132203959,0.6518329698709121,24.403639655278376,20.711252669385352,25.79501721382813,0.09637970012428121,0.2551418601400978
13_18_2_86_37_14_46,Q3: Strong/Brittle,3.7015608333333336,17.689263714137503,387,11997,1.0,0.0232558139534883,1.0,45.36668422832275,-1.507949333840001,202.36647469838547,3.911916656428765,1.0,0.0232558139534883,1.0,45.36668422832275,-1.507949333840001,202.36647469838547,7.823833312857528,0.9870547608600068,0.0232378086355514,0.9901803853016526,43.8985162590004,-1.5091674016152083,187.02931861709496,8.19753754963677,0.9813208918905753,0.0236553858336634,0.9857554842517202,43.24821674192133,-1.4809181182388116,169.66823768980774,8.311057980633128,0.8029464663817111,0.0351791006485744,0.8168382856345282,23.018106255254366,-0.7013336801347729,15.673325390895798,10.041231550706827,0.8030958576713985,0.0351844335530334,0.8170216078145858,23.03504927994807,-0.7009729067736732,15.711429858585904,10.040051354865454,0.7843385275233732,0.0427390204952295,0.7830007792779291,20.90771033969969,-0.1899017364927607,20.65888481003475,9.367681473496727,0.7083536418026721,0.0305677410006613,0.6648291263191972,12.289980364893651,-1.013294213500483,10.58831178512832,9.009463189570097,0.6069674485884314,0.0645011396991816,0.1925326578124318,0.791393139200087,1.282315317127299,0.5841230805535592,5.64855720796853,3.0535467544358257,1.5243411000373863,24.034335077328596,8.925181206697157,0.0210166617847989,0.5975772788219801,-1.6120855590369343,0.5987315688485414,0.0052044597719535,-0.8637305803346012,-1.0918686698852826,-0.6617622504478082,0.6047266349350457,0.2092396968192145,0.670458198132048,1.96695439785804,1.3259198670697587,1.0241344994698605,23.063259001585035,25.498325328208853,22.33224209345148,0.19728340910254746,0.2924414689368458
13_19_41_19_63_36_25,Q4: Strong/Tough,4.338783333333333,20.05975950680625,370,11470,1.0,0.0135135135135134,1.0,43.988225518259135,-2.155168657931131,202.3814731130861,3.8757915948618367,1.0,0.0135135135135134,1.0,43.988225518259135,-2.155168657931131,202.3814731130861,7.751583189723671,0.9806650355832875,0.0131828131589419,0.9852691496807962,41.861283029621596,-2.1769410649979806,176.0524589594149,8.172240295383384,0.9806886435198274,0.01318779142705,0.9852876761179198,41.863880020348525,-2.176613309438487,176.06736580343394,8.171936300391607,0.777001825780587,0.0375216256428724,0.7877633122615303,19.457314500605875,-0.5745402039209359,13.5006355091013,9.995324903285672,0.7770504115723715,0.0375077235209634,0.7878353399319231,19.462659179947586,-0.5754554816129962,13.528707712756551,9.99505069055815,0.7712187605679934,0.0302226446197063,0.76911310262085,18.82114849325626,-1.0550851559077463,22.615766105292654,9.305147808643463,0.7228221774107839,0.0346046073462748,0.658799990335729,13.497283043937212,-0.7665887121762833,10.167765182550072,8.900741118028849,0.6046050427991929,0.0384020824461571,0.2423052706430458,0.4928088141817501,-0.5165733355432757,0.6073552902061854,5.596649784866949,2.9835564631947906,0.5791496244537085,22.56229276319077,10.539455776000425,0.0136906199263442,0.5995647285832668,-0.30250294071771283,0.5984515920652891,0.0065540962966889,-0.9897129548408253,-0.6444993565951049,-1.237314819352022,0.6040454171799005,0.2598996555359392,0.5164631438638282,0.7840339883823193,2.1129934683410485,0.6526670697316659,25.665292311971445,21.890616175772028,22.409103435914943,0.060350989073592445,0.2162896282378077
13_1_7_76_84_25_10,Q4: Strong/Tough,4.196435,21.182854074643757,382,11842,1.0,0.0405759162303664,1.0,44.71457616936401,-0.33106053385203515,202.3630043178724,3.8937613170413807,1.0,0.0405759162303664,1.0,44.71457616936401,-0.33106053385203515,202.3630043178724,7.78752263408276,0.9793088571019036,0.0395318129089805,0.9842439684263928,42.40179623184614,-0.40183983768110487,181.61705009054927,8.270250558678779,0.9793079790689856,0.0395392872933702,0.984243363547626,42.4016980885523,-0.401333152458658,181.6074454887167,8.270451495050022,0.7769046181499641,0.0451642873391395,0.788531774791612,19.777793999485894,-0.020016879324339064,16.420503149066246,10.186214555753711,0.7769461859128503,0.045191112858099,0.7885954172259294,19.78244029130863,-0.01819838922099682,16.4398604712795,10.185906925717436,0.7741869757634351,0.0358363907031797,0.7733335118831383,19.474025917661336,-0.6523508797625365,24.9625819250586,9.22226903592736,0.6966837589294861,0.0444574080504165,0.6485656390364862,10.811001073192974,-0.0679359146556228,14.012623890548772,8.93222351958347,0.600666496992057,0.0460689826019561,0.2341928219198824,0.07854428441335698,0.04131201367699754,0.3229885807142529,5.224535496621639,3.1649685183701095,0.15297632254486582,24.67232309220331,10.52322970809463,0.0038497165734812,0.6009055650259982,0.5556487356801375,0.600138496667192,0.0043176954633021,0.08372621080756054,-1.5093962014030116,-0.0829164838398496,0.601177358245898,0.2347598396030996,1.0382529199323416,0.8571296684873217,1.2211470552309056,0.8798819992615153,25.33054806458549,23.136590056337816,22.26442814889993,0.037734865091494055,0.05695974721542725
13_20_22_31_49_65_16,Q4: Strong/Tough,4.085312500000001,20.06475692164896,387,11997,1.0,0.0193798449612403,1.0,45.36668422832275,-1.7701603619210242,202.37387123903116,3.913178050937737,1.0,0.0193798449612403,1.0,45.36668422832275,-1.7701603619210242,202.37387123903116,7.826356101875473,0.9940512206818144,0.0194186437157397,0.9955176432874974,44.69201092510466,-1.767535608904192,196.72204458501548,8.052800164658654,0.9788101671640884,0.0194620977627591,0.9838438151257008,42.963466063826445,-1.7645959232756365,171.4499582951884,8.329961291951687,0.7969302005155996,0.0386773312928367,0.8058519167964947,22.33577905032358,-0.464676819481057,14.364033618911444,9.967537948798586,0.7970121625673295,0.0386463602442696,0.8059821344236785,22.345074673042365,-0.46677202470632284,14.388152013611332,9.96666481921369,0.7873097984865857,0.0197323952123717,0.7843722205083798,21.244693288349055,-1.746310180460782,24.129858331618376,9.277625223305751,0.7252235734588351,0.0374723898184784,0.6898410033182151,14.20326238575005,-0.5461916467154486,14.168971183758089,8.864291787149304,0.617147517314149,0.0549121296793253,0.269527791570198,1.9459527936775411,0.633614519826164,0.620780808873079,5.670100843028299,2.895627314346914,1.3464340544526978,25.82011191446139,11.761211719898688,0.0378184982967093,0.599148133415915,-0.5936613942794279,0.5981406471911702,0.0112480878009992,-1.2468398112392032,1.1291558851382062,-1.0731133946689317,0.6195526148636272,0.2824741670491791,0.4820408995151593,2.464494564925221,1.3087902950730437,1.478880602992366,24.958851753549936,23.466032206641632,22.452362821750462,0.06990490046729621,0.2977231955982581
13_21_13_47_61_32_29,Q3: Strong/Brittle,3.657492500000001,16.49866464609375,383,11873,1.0,0.0065274151436031,1.0,45.040309241436596,-2.615647939350247,202.36720683597997,3.8952459643899786,1.0,0.0065274151436031,1.0,45.040309241436596,-2.615647939350247,202.36720683597997,7.790491928779957,0.9977361451041962,0.0064309341015566,0.9982987639706984,44.78543797903921,-2.622098074994442,200.44091504028253,7.92519773532443,0.9826337698245396,0.0062589771388051,0.9867954819618416,43.08516935322763,-2.6335940716294743,173.62695238798025,8.242544419199133,0.7917825964956275,0.0165985266959898,0.8051832775718227,21.598598121774497,-1.9423546765203867,16.410478974072635,9.777249738734676,0.7918840187390904,0.0166217825000812,0.8052830953167536,21.610016528172572,-1.9407999349077074,16.4267297340091,9.776623425836512,0.7669868115572109,0.0051136680575911,0.7627204646729943,18.807017698001587,-2.710162470681364,15.56809319231224,9.316680050091012,0.7141599682177798,0.0215890347945537,0.6626850485187711,12.859620506005651,-1.6087196588380888,10.613547492288747,8.842514660044603,0.615799164855466,0.0197370604174655,0.2165321678297186,1.7858797950432783,-1.7325314014189275,1.1503769726372006,5.6987865895321415,2.9963703301063775,1.5374312847207072,23.193834593128095,9.114972149684018,0.0133520597011908,0.5977111819545973,-1.410893212905982,0.5958773634737218,0.0101241703606704,-2.5325236432590557,0.6745669184674336,-2.121890080669318,0.6129832577472067,0.2353777612025168,1.226793972416648,0.8942043981603749,2.053975584417743,0.6974764333233747,24.59567083463057,24.055052306453305,21.984728032046725,0.16997955185824803,0.33366078772723373
13_22_31_22_44_58_26,Q1: Weak/Brittle,3.614293333333333,14.994658318727083,386,11966,1.0,0.0090673575129534,1.0,44.87472679987692,-2.4495279927945766,202.3764512722773,3.9079193274759594,1.0,0.0090673575129534,1.0,44.87472679987692,-2.4495279927945766,202.3764512722773,7.815838654951917,0.9977004223518388,0.009206176373523,0.9982716694401692,44.61672939567646,-2.4401925132222626,200.2676156209572,7.942017356875,0.982587511612365,0.0105075480577421,0.9867324153980052,42.92116075775063,-2.3526760999325567,174.63542000774245,8.251748023815338,0.775973909491343,0.0347354716120704,0.7744054710850063,19.74048100886131,-0.7233637392564978,16.854358594590497,9.98415923812533,0.7760695232467619,0.034727923478185,0.7745400756713998,19.751208239891607,-0.7238713464318276,16.86563831222407,9.983615749327011,0.7790591273851933,0.0309938068798438,0.7752738799651776,20.08662205291027,-0.9749882989944438,17.434192679237285,9.29384445517789,0.7177262424854878,0.0247369013998694,0.6666709012472735,13.205477983301556,-1.3957611900448958,11.713657048300112,9.007173013484067,0.6118355465106605,0.0334511539369664,0.2675760358148283,1.325242187684846,-0.809733281342487,0.7422920828986226,5.693884520772215,3.1067116592180595,1.4207573132760094,24.148611874366836,11.552914738674028,0.012431450203485,0.600707315045084,0.43186618962677287,0.5979968277241037,0.0086898056883927,-1.2798849941453612,0.15676292798395183,-0.8427523835416332,0.6147893413981633,0.2837271016984365,0.908782392852029,0.8810960859982678,1.1217416591052245,0.9467366962616964,22.219976042794908,22.84509798696677,25.82649678694808,0.11653497152209168,0.18828911348569696
13_23_33_30_42_21_54,Q4: Strong/Tough,3.7240858333333335,23.891677284563546,388,12028,1.0,0.0219072164948453,1.0,44.81865812132556,-1.588795814891121,202.37387620181823,3.914016360009821,1.0,0.0219072164948453,1.0,44.81865812132556,-1.588795814891121,202.37387620181823,7.828032720019642,0.9999915097232726,0.0219073338765657,0.9999936322477868,44.81770659243753,-1.588787844548259,202.3984115365,7.836825341762576,0.9993580068538934,0.0218856524209278,0.9995182466690444,44.74670816680098,-1.5902600382986474,201.8723486526243,7.895935841810558,0.8095796895848723,0.0400173906315554,0.8159067626513669,23.47772518767205,-0.35909585249997106,15.385620540613962,9.819528012543309,0.8096532935476112,0.0400330240788749,0.8160183489086761,23.485974188154394,-0.358034324905829,15.407737722657274,9.81896259003314,0.7922843066869679,0.0337113122709603,0.7932755655257195,21.53938360172791,-0.787285237335347,21.629379713528905,9.307595964978816,0.7349390923210336,0.0407523001013518,0.695465967465642,15.112546195668495,-0.309194722861595,9.798603399593947,9.06118029793804,0.6256859611576118,0.0385438447705883,0.263445756025602,2.8682444199425414,-0.4591511736765815,1.301462956748621,5.728609190393266,2.7685713365642655,1.9685216344851253,24.43186089188028,11.05379656649085,0.0600446542600044,0.5992233111952517,-0.46627375948583466,0.6010226941249773,0.0101019662541375,0.6853751135863508,0.7726013775778182,0.7656479715051349,0.6270981440593945,0.2814979603178636,1.0498081064722014,1.0711835699497947,1.8507753083725715,1.0857927879172533,27.54679823239752,21.898921566346147,21.9249055173387,0.12691767525611916,0.26605963943782757
13_24_29_51_22_45_32,Q1: Weak/Brittle,3.43446,15.229833992847915,370,11470,1.0,0.0094594594594594,1.0,43.988225518259135,-2.4220764913087085,202.36439914132927,3.8526047688069474,1.0,0.0094594594594594,1.0,43.988225518259135,-2.4220764913087085,202.36439914132927,7.705209537613897,0.9800368880005133,0.0088816315143024,0.984744239920523,41.792183663615894,-2.4601191031857375,166.6355028324074,8.210246513681525,0.9800846037935702,0.0088787694924132,0.9847812958092972,41.797432638759815,-2.4603075308809137,166.669102686821,8.209864568775718,0.7562966678659877,0.0352820622239285,0.7332791904813319,17.179643895510505,-0.7219869354868967,9.95988920607278,9.643065820690698,0.7562617144104964,0.0352814179484553,0.733183382472979,17.17579884113094,-0.7220293528223234,9.958492425737376,9.643332587140282,0.7626100353680296,0.0379385769546459,0.7291719635473036,17.874145798750085,-0.5470892696794158,15.43436785954629,9.15354795867193,0.720345057033868,0.0257707370750595,0.6641128103936143,13.224787451725092,-1.3481865752020288,10.576645623041124,8.972378272495881,0.6220671382550093,0.0151690655155811,0.2819552947227221,2.413726379125235,-2.0461716411118993,0.4622269197936171,5.542473238379334,3.179702784577761,2.1930230460621254,23.590737176492546,12.400957644691553,0.0604005429868192,0.6019060997320258,1.142974477568101,0.6000921193320682,0.0052970447321524,0.023088932407268475,-1.1108093885330712,0.13384918107811064,0.620521535231274,0.3100709169692739,0.362504932686488,1.4406251109396226,1.5336549470735514,1.3878012367180437,24.262907783232784,22.993118388019997,22.684443928671357,0.09745015208018386,0.30949084253281073
13_25_20_35_37_78_8,Q1: Weak/Brittle,3.469470833333333,14.869339786979168,378,11718,1.0,0.0317460317460317,1.0,44.79242860437828,-0.94657798738166,202.35944317779453,3.881420884385958,1.0,0.0317460317460317,1.0,44.79242860437828,-0.94657798738166,202.35944317779453,7.762841768771917,0.9805421816628104,0.0299526943490512,0.985172889979543,42.61272424298418,-1.0668188280197095,172.11718321836076,8.247186761232053,0.9804881033821696,0.0299505203409557,0.985130937423777,42.60666628406367,-1.0669645923144804,172.08487152448342,8.247688933019434,0.7915380207320316,0.0326318235425619,0.803594855092236,21.440093953027667,-0.8871868485895896,21.03411439321648,9.974798111644963,0.7916369774427389,0.0326125704136509,0.8037111267263948,21.451179284907116,-0.8884777447751426,21.05947023571242,9.974331527753726,0.7968628942112641,0.0293676681842391,0.7995847708593091,22.03659710386504,-1.1060440390540087,23.826277875748445,9.0506342622606,0.7061179648557688,0.0276528678584964,0.6385897616667289,11.871165663253603,-1.2210190755646342,7.1876379996193664,8.935996470635953,0.6097282124111436,0.0531780785805369,0.2699590944609678,1.0733896661531102,0.4904116902517511,0.6381004453185347,5.482763335071865,3.1577641723320933,0.951875886537018,23.487321335021853,12.029014999800173,0.0184740836856059,0.5979425912498474,-1.2869381324279798,0.6014927367639475,0.0040343691521059,0.9438832786396242,-1.5786516651532638,1.2858695248286534,0.6114721350997713,0.2788242484329136,0.6860576607582703,0.9424000279108676,1.0804894290483258,0.362062175842039,25.552802971933115,21.924006236317503,22.94735377274786,0.10220626726423325,0.20568678343376162
13_25_23_38_61_23_33,Q4: Strong/Tough,3.659009166666666,21.359015445539583,371,11501,1.0,0.0215633423180593,1.0,44.231396870145275,-1.6599335913620825,202.37387892560412,3.855743849486207,1.0,0.0215633423180593,1.0,44.231396870145275,-1.6599335913620825,202.37387892560412,7.711487698972412,0.977828922741958,0.0201935405838227,0.983005550064461,41.78018238859375,-1.7516715249155774,179.193739155546,8.166580848449609,0.9657137797834228,0.0195126506736,0.973347582276436,40.44074301357391,-1.797271871140914,153.767885912279,8.35275749995255,0.7371937842284644,0.020344292769925,0.6982985196808961,15.175776593179386,-1.7415753966321628,7.573239183715496,9.47866450001762,0.7372318242287743,0.0203687817145885,0.698380087928043,15.179982261607343,-1.739935330685256,7.578384853955511,9.47837169518808,0.731975583357317,0.0214661499631224,0.6840250516690812,14.598856969737925,-1.6664427273751699,11.951111685639916,9.121650084486593,0.7032886383144336,0.0350777603167376,0.6356461879796775,11.427253970831652,-0.754850213680533,8.369249959960708,8.944236313254336,0.6194891139084663,0.0292458608584543,0.2672742216223807,2.1624534660871304,-1.145422361183923,1.8972036436593296,5.640165392379311,2.9883789675076304,1.3974950234681662,23.10503056058663,11.740134196302666,0.028407177530777,0.5987750782557452,-0.7578302980785888,0.5988728905319601,0.0126785861376321,-0.6982309313226243,1.6117435248956602,-0.5957110682481231,0.6146997748317371,0.2852187509498886,0.6964550028784832,1.1080257375471905,0.9153271109230712,0.6013856585725204,23.90095662628948,24.304994098870605,21.789409483096588,0.03640579849684215,0.4376061832555433
13_26_41_28_23_48_37,Q1: Weak/Brittle,3.1897008333333337,14.775547984286666,373,11563,1.0,0.0268096514745308,1.0,44.29201478100146,-1.2678238554322308,202.361647033282,3.864592297182158,1.0,0.0268096514745308,1.0,44.29201478100146,-1.2678238554322308,202.361647033282,7.729184594364316,0.9995935447960196,0.0268084687415297,0.9996950501009144,44.247012347920844,-1.267901673807386,201.946543852383,7.78648747076147,0.984964113156124,0.026556793118333,0.9885745571813794,42.62725201041105,-1.2844607687554277,173.67241832118555,8.16963897180709,0.7895577576899064,0.0331118303566621,0.79195616777259,20.9919983606132,-0.853169558908682,9.11771813090606,10.010910055345866,0.7896070826920654,0.0331726847707449,0.792022452972766,20.99745959001098,-0.8491656192024635,9.129806928926142,10.01064494090182,0.7869231916684813,0.0238899299928782,0.7783582352890078,20.70030107167561,-1.4599280593373285,18.04643230698829,9.30045481889474,0.7039783543561973,0.0251509382119398,0.6516530549661673,11.516707273454818,-1.3769595359480702,5.851079087730285,9.062376771349582,0.613604006921855,0.0309679191844036,0.2636110485368804,1.5105233624356842,-0.9942290235110552,0.5670742444484058,5.589482869111733,3.279570046585617,1.5340858242947515,24.047198659429387,11.457006688471909,0.0508065144610295,0.6011136523787958,0.668714762481155,0.6002793858586875,0.0047581637853854,0.15602080637812363,-1.3514462175679325,0.18674859339710506,0.6167824921805256,0.2820787170116769,1.2043414904147112,1.5970880959751232,0.91150982151586,0.7414539537438813,23.92525304607814,24.14922771572756,22.02332059055605,0.16721890723047209,0.10980483267024094
13_27_43_20_37_35_41,Q1: Weak/Brittle,2.8085616666666664,13.817847989595831,371,11501,1.0,0.0175202156334232,1.0,44.231396870145275,-1.9307086078284024,202.367959962048,3.858014884843825,1.0,0.0175202156334232,1.0,44.231396870145275,-1.9307086078284024,202.367959962048,7.71602976968765,0.9844055177631283,0.0179649252210598,0.9881405208067804,42.50728485490919,-1.9009256563387515,171.66522513525214,8.136878826888207,0.984450174847766,0.0179739124799792,0.9881752235330994,42.51222210226499,-1.9003237644437645,171.68084272008196,8.136568030778955,0.8162787457520992,0.031790652233485,0.8284171517313396,23.91933924029267,-0.9749933887018735,20.74725512591928,9.605254775287849,0.8164234858477615,0.0317439331587025,0.8286000366218227,23.935341575876958,-0.9781222439741047,20.78278760624201,9.60435403045812,0.7953545182246818,0.043037868701738,0.7914876714767575,21.605975350322886,-0.2217483232023794,28.34892135283467,9.019831289348566,0.7159465009251486,0.0299501182636239,0.6644955067739257,12.82669594542582,-1.0982570543915415,7.122084667690573,8.947269262209531,0.6125466639080505,0.0863612573907605,0.3143906236146725,1.394902400326715,2.6796921214476206,0.3894395168378781,5.664261301532968,2.9297942384515,1.1419528219330803,23.800437172368405,13.290964717675271,0.0455614927235942,0.5999571736376245,-0.037551219302036545,0.599540162850441,0.0050964768200876,-0.2916458974784136,-1.1826560432893392,-0.29396899283936234,0.6152100805445878,0.3311245110372789,0.950182789227198,1.18711154371756,0.4650488801588709,0.7013239702090478,19.777363325308315,25.03983595665985,25.48272548243324,0.13591704508431587,0.08427625419397324
13_29_39_24_37_31_43,Q1: Weak/Brittle,3.223276666666667,16.180913828935417,370,11470,1.0,0.0175675675675675,1.0,43.988225518259135,-1.8882608245535477,202.3728548453461,3.858130336792381,1.0,0.0175675675675675,1.0,43.988225518259135,-1.8882608245535477,202.3728548453461,7.716260673584762,0.9737767455161964,0.0177757098592371,0.9795327748469196,41.10353677770234,-1.8745573052212825,159.10272746538422,8.255303602255578,0.9737767455161964,0.0177757098592371,0.9795327748469196,41.10353677770234,-1.8745573052212825,159.10272746538422,8.255303602255578,0.8211333747292973,0.041171314675792,0.8335154986819672,24.31200492182358,-0.33425465782557534,22.001447869251205,9.608301217931391,0.8212576067826199,0.0411307967561409,0.8336703231917184,24.325671067101528,-0.33692224686184585,22.03735174804053,9.607268199249548,0.7843245742669808,0.0335865195210542,0.7839011224862783,20.26285334482814,-0.8336168306953219,17.432721397388693,9.030895493482763,0.7268445302954665,0.0345052600981784,0.6593708688891335,13.939761916426379,-0.7731294633325043,7.266438187070932,8.916969356479843,0.6271556706462507,0.0531838057675481,0.2402105530279562,2.973490313233367,0.4566149082972252,2.237359042299812,5.877991668478024,2.944983325881279,2.453244869472587,23.017445661590347,9.229287921959918,0.0397248168117004,0.6002918074227918,0.1463690992422118,0.6034850005231294,0.0071823123096883,2.1177304193859956,-0.41145925120077576,2.345889924968967,0.6291145798468245,0.2608322796925363,1.601901663091372,1.0451902779630409,2.3294889512333987,0.7244300134961149,21.78388878367411,22.40714225490359,25.976188620605903,0.09186212547294438,0.20263736141862562
13_2_6_78_81_28_8,Q4: Strong/Tough,4.534716666666667,25.06090913793854,380,11780,1.0,0.0328947368421053,1.0,44.55753400619793,-0.8673771622578808,202.35803420857064,3.8863238546465846,1.0,0.0328947368421053,1.0,44.55753400619793,-0.8673771622578808,202.35803420857064,7.772647709293169,0.9702580069621216,0.0315987417372359,0.9772080198689688,41.24506028039491,-0.9548042114262631,170.9982674688058,8.39064892837806,0.9702733217191176,0.03160377354923,0.9772198116933516,41.24676594047296,-0.9544647684199108,171.01807711841286,8.3903951790961,0.7810566724788771,0.033140150174675,0.7979925211006718,20.173020872529985,-0.8508217266605301,14.352878170875876,10.259898538748889,0.7811245576302739,0.0331186118529862,0.7980936285022704,20.180581488258984,-0.8522746888686554,14.374599462659502,10.25919990916489,0.7708750659898723,0.0333032853840973,0.7699596619094767,19.03905839939171,-0.8398167236927951,23.74009949653858,9.257128512578834,0.7008869038415295,0.0271153106718778,0.6392856868837408,11.24422272922086,-1.2572537706270388,11.38481400616041,8.627026592353364,0.61977693441355,0.049680478074351,0.2058859380254994,2.210711011001636,0.2649788308514957,2.162696614452137,5.507093391607716,2.818196070494327,2.0291943188901365,22.59564241277628,8.614667015811037,0.0203195601279227,0.5993224823791905,-0.42992760982245126,0.6008558357136815,0.0070682490887886,0.5101857119131376,-0.42156836885454085,0.5208153533175199,0.6196383129931131,0.2067152935898979,0.5896012385941037,1.81655072856912,1.898305031454248,0.9194466654635448,25.151033959995583,20.636947784447138,24.99567382167601,0.05138592588081132,0.10888092610988517
13_30_19_37_40_37_40,Q3: Strong/Brittle,3.7586883333333336,16.81570072699167,382,11842,1.0,0.0104712041884816,1.0,44.71457616936401,-2.3718456905076915,202.3686708864169,3.894396630613504,1.0,0.0104712041884816,1.0,44.71457616936401,-2.3718456905076915,202.3686708864169,7.788793261227006,0.9996647975834524,0.0104781126781126,0.9997485305840847,44.67710847471722,-2.3713773670414433,202.00033301301164,7.841967335373147,0.9861507565629744,0.0101397475367774,0.9894828511213694,43.16655861766556,-2.3943149907930286,170.5370834118407,8.229706237520027,0.7922346753285252,0.0212113200749985,0.8039244083206373,21.491331470963107,-1.6437779696980612,17.324290363335976,9.99690670387253,0.7923080085910036,0.0212292611400539,0.8040072182616724,21.49952839362939,-1.642561752807871,17.33840022877948,9.99611032014388,0.7760698214749426,0.0304344699069244,0.7825781622998687,19.684483494048614,-1.0185447089242092,17.941057526618202,9.29573110845255,0.7015189983271433,0.0417543498225873,0.6394751364689124,11.351466369241281,-0.2511750401870294,7.870337799439125,8.995786761024725,0.607017102492356,0.0623181260531675,0.2906349357832624,0.7883916362255835,1.1428342842592123,0.3082502781064687,5.620767661870298,2.8566032045194785,1.3660424484329607,22.788780570628543,13.01481768253142,0.0170364715396838,0.5991465246036971,-0.5265635442490847,0.6002673967107074,0.00923771406075,0.1630292263649242,0.36049126370912393,-0.081383697698906,0.6083567512333755,0.314342942024197,0.6373346288551366,1.485053466750999,1.5682698000739383,0.9492596961877662,22.05222813943197,23.809412054770245,24.772781027254144,0.05719298226865571,0.33884258769527575
13_31_25_14_73_9_51,Q2: Weak/Tough,3.6329533333333335,19.533233779127084,383,11873,1.0,0.0261096605744125,1.0,45.040309241436596,-1.3064981150172774,202.36430514765985,3.8958816948540513,1.0,0.0261096605744125,1.0,45.040309241436596,-1.3064981150172774,202.36430514765985,7.791763389708104,0.9982822540822156,0.0261432172311905,0.9987096578099413,44.84692049052541,-1.3042547210468902,200.69642377965883,7.909457628620522,0.9874431010475856,0.0263438510358547,0.990474277859709,43.62661762465921,-1.2908415651828473,172.02960592391767,8.190097996186495,0.808413788968433,0.0370141910648838,0.8145939878725335,23.470985362040974,-0.5774875310944737,18.874658733780144,9.616509205211544,0.8085031431415061,0.0370504757455987,0.8146989631100072,23.48104511054068,-0.5750617580363365,18.894837006383074,9.615955287186669,0.7706515464047722,0.0377364289392068,0.7690529413351274,19.21960403411391,-0.5292030996875956,17.944176277164818,9.23558856600672,0.7232388281241542,0.025463825774215,0.6883132939630231,13.881744534253082,-1.3496747015948531,11.120350287576658,8.919572545481026,0.6331955139457464,0.0355079800879682,0.3050501722342056,3.744410556870707,-0.6781836357779064,0.377412634939142,5.727174461699206,2.8413936227292726,2.2456889495155243,24.7899419381726,11.811477863185946,0.0824585687810788,0.6022235214516665,1.349018602128519,0.6016530032998563,0.0078511151477556,1.0000688413901464,-0.19155624141571612,1.2119158847611737,0.6339674485243639,0.3282100207932886,0.5995586921609847,1.11348261306332,2.430773663848006,0.7854478111039956,23.35115593502911,24.76703137586943,22.65301690901022,0.09767303414039503,0.19578308404883504
13_31_31_22_40_41_38,Q1: Weak/Brittle,2.729149166666667,12.39770077950625,376,11656,1.0,0.0332446808510638,1.0,44.41013672625182,-0.8437453648199106,202.3637192484571,3.874256666020321,1.0,0.0332446808510638,1.0,44.41013672625182,-0.8437453648199106,202.3637192484571,7.748513332040641,0.9805628731913404,0.0325039381147522,0.9851659655148264,42.2521483392003,-0.892932821532405,157.90620684507715,8.303624880657035,0.9806035658747292,0.0325059767869523,0.9851976285983924,42.2566662053981,-0.8927974478113033,157.93054882070464,8.303231446614381,0.8107116829721064,0.0334590463320946,0.8209538483259837,23.394582628578604,-0.8295108778624576,16.48723664356008,9.646422201355197,0.8108087091940794,0.0334253656296281,0.8210853026982826,23.405354871941448,-0.831747373765025,16.5313353988457,9.645718793734222,0.789446457582304,0.0421927779346762,0.7877698152805599,21.03363134750852,-0.24956587930655713,24.59885486999209,9.049539671882346,0.727226508220184,0.030236817662938,0.6868496220924636,14.125721063846187,-1.0434761662311127,11.157990226737938,8.932301929830846,0.6125155698719771,0.0380151212391942,0.2984215764144716,1.39004900387243,-0.5269743475851335,1.1151597537134728,5.443650347257847,3.0043469931123385,1.618087462904803,23.70072604066754,13.01365188625558,0.0424153070821247,0.5981856396996289,-1.1847626237160294,0.6019205828279666,0.0087027051428066,1.211292773631185,0.15507602620853875,0.9118287533180685,0.6146621309158422,0.3332889318544627,0.5014471440888064,0.6390782808644546,1.333601197621456,0.7239114000913984,24.88245860111396,24.489740161763933,21.01615029330022,0.2403451823863374,0.3989176136217705
13_33_24_38_22_47_39,Q3: Strong/Brittle,3.689889166666666,17.149119929539584,376,11656,1.0,0.0132978723404255,1.0,44.41013672625182,-2.1682710497490834,202.37546843508883,3.8742568787862783,1.0,0.0132978723404255,1.0,44.41013672625182,-2.1682710497490834,202.37546843508883,7.748513757572556,0.9838407518039776,0.0126492995354854,0.9877064328607984,42.616071672616236,-2.2113381568620616,185.19683709378887,8.131243750966659,0.9806131473696992,0.0125483811457384,0.9852189583758604,42.25772998169998,-2.2180394293603816,159.5298183332284,8.290721470268387,0.7826460969114559,0.0189957401699881,0.7856093053992983,20.27862781741301,-1.7899161722977734,11.322306813300782,9.929906637947774,0.7827440397908001,0.0189568794302131,0.7857381081997704,20.28950183178251,-1.792496637635869,11.343252651421226,9.928775261247658,0.7718400226975428,0.0426483575374678,0.7575853506252537,19.078893777871112,-0.219314078117135,15.268665185128876,9.21645074318474,0.7295295404638003,0.0277431261858712,0.6898155373067623,14.381413012849418,-1.2090644812691982,11.272430007454991,8.812005776462959,0.6095569036721276,0.0166735063154253,0.2417750238695228,1.0615659228446013,-1.9441192060883694,1.3999909518234712,5.744346392476716,2.928606757397554,1.1246006649125373,23.10735931677984,9.991913552764057,0.0225515336153617,0.6003875611082922,0.2278226538836832,0.6003524902445476,0.0087886433556653,0.20532385551452317,0.18707420278580486,0.0901347465078603,0.6150497243199909,0.2778871365430095,0.7246398946671508,0.5100976286524286,1.763461670979346,1.3392724379052825,23.675097596684505,22.66669277096329,23.852907234797627,0.03617085923698332,0.25878292433407557
13_33_27_45_18_32_48,Q3: Strong/Brittle,3.6536266666666672,17.447746017302624,371,11501,1.0,0.0148247978436657,1.0,44.231396870145275,-2.1112252854726226,202.36226240751049,3.8576904712444113,1.0,0.0148247978436657,1.0,44.231396870145275,-2.1112252854726226,202.36226240751049,7.715380942488824,0.967975451524782,0.0152608271322906,0.9750449539472414,40.69079141945029,-2.0820236682549735,154.98138580365287,8.321433958263098,0.967975451524782,0.0152608271322906,0.9750449539472414,40.69079141945029,-2.0820236682549735,154.98138580365287,8.321433958263098,0.7855174435488295,0.0309819877175334,0.7933247094626916,20.518397168130285,-1.0291510158805108,11.917519598134716,9.70901367118409,0.7856396074919066,0.0309360538213311,0.7935010810573394,20.53190350446699,-1.0322272864183113,11.93651807061803,9.70816129829142,0.7860119184068886,0.0253516039763783,0.7888188305837106,20.57306586639563,-1.4062273157689944,20.05131299367369,9.11080021997887,0.7195141815700129,0.0261730265293506,0.6781522109390071,13.221135528151576,-1.3512152613230923,8.486515457252176,8.827263493754193,0.6064225100142472,0.0445107585093087,0.2567058380617586,0.7178214205878684,-0.1231064074262662,0.3803863704783554,5.787754702345448,3.0355918378964333,0.5315231346364837,23.460587939600682,11.122193580030407,0.0301331185911795,0.5997201499337159,-0.18197544912013883,0.5980967471848223,0.0075993798626386,-1.171153695123815,-0.2602067764171874,-0.909138574418882,0.6093258073097834,0.2958513522027006,0.6305334540996818,1.1769537301547732,1.4460305837809182,1.276746101568574,26.20763478036703,23.160336007297914,20.83856792990438,0.14312420861987232,0.16390653611611705
13_33_9_49_24_56_32,Q1: Weak/Brittle,3.2610408333333325,14.705486740331253,383,11873,1.0,0.010443864229765,1.0,45.040309241436596,-2.353817974483652,202.36716476880235,3.8965163992084646,1.0,0.010443864229765,1.0,45.040309241436596,-2.353817974483652,202.36716476880235,7.793032798416929,0.9985062633497784,0.0104167950467318,0.998878199724452,44.87214009489064,-2.35562765541825,201.17867005580783,7.889276653090389,0.9957084882061372,0.0102692145166742,0.9967686351801288,44.55715856313011,-2.3654939920282434,198.62784244041003,7.967106513963442,0.7823118233177028,0.0235206077609451,0.7845533662714832,20.532351375920253,-1.4795864387192612,15.7973444343941,9.874080101550806,0.7824216746119145,0.0235179258839367,0.7847153168462785,20.544718748972134,-1.4797657327040514,15.83137062775613,9.87292760398576,0.7711856091366793,0.0237907609648576,0.7649838475634188,19.27973034474136,-1.4615256386596012,17.048111822733976,9.336194544088723,0.7289648317895776,0.030900962529644,0.6844385355347318,14.526394412389534,-0.9861808084458489,10.104493277109365,9.007903405597586,0.619071483623403,0.0747781794780247,0.2513688305140227,2.1542868059770046,1.9471830421479661,1.9145269185484903,5.698278751360608,2.837231635671746,1.6751454997292352,23.95382496532218,10.220586811126712,0.0375921130734915,0.6001652386514772,0.09009758729479123,0.5998258614531983,0.0079763229297382,-0.11747791536667054,-0.14384716723371763,-0.09363911968270057,0.620676651165757,0.2808285195361427,0.5523325181653816,1.8162875794222348,1.8304523757858568,0.7452355679011244,25.47417528149174,22.71545980985413,22.57447719794432,0.205815562868096,0.2837097099718634
13_34_13_38_38_46_34,Q1: Weak/Brittle,3.580904166666666,13.59731318447083,380,11780,1.0,0.025,1.0,44.55753400619793,-1.3999513544541782,202.37146803351564,3.8872808383038175,1.0,0.025,1.0,44.55753400619793,-1.3999513544541782,202.37146803351564,7.774561676607635,0.9644374486417692,0.024375436495924,0.9724474508131844,40.596803572072886,-1.4420840322509296,148.62557187683572,8.484005372444297,0.9644374486417692,0.024375436495924,0.9724474508131844,40.596803572072886,-1.4420840322509296,148.62557187683572,8.484005372444297,0.7882922458135436,0.0339799150998085,0.7950589882789347,20.97887293939314,-0.7941716906197475,13.941034444715283,9.87648501905506,0.7884165483877683,0.0339757876467808,0.7952241546836863,20.99271696829344,-0.794450126114941,13.95481083155419,9.8753253323987,0.7719003904253183,0.0197229128592963,0.7710432441817707,19.15325250361711,-1.7559404744614104,18.99826814207475,9.137643595531925,0.7202433055989395,0.0182372825209364,0.6686582862786898,13.400015455211012,-1.856160202259626,13.357283430395652,8.96675652788215,0.6164896071732344,0.0582645358718355,0.2609775942070594,1.844589443499628,0.8440541995046333,1.2733512710639223,5.663896112362043,3.023188923937229,1.5317107387724678,25.6593690152183,11.035210231709954,0.0535757779013098,0.5961237778386539,-2.391083387302012,0.6008039224005371,0.0080083964766692,0.4783571723556565,-0.06818248245034443,0.3109057867225593,0.6169615663289595,0.2996496206114419,0.6503592715957819,1.3723372647059833,1.7143144238246382,1.4465237062584504,26.10389813994584,22.60460775359532,22.001529436431,0.13455460395304455,0.21533525208877533
13_34_17_36_36_36_44,Q4: Strong/Tough,3.715780000000001,20.150395365042915,382,11842,1.0,0.0052356020942408,1.0,44.71457616936401,-2.7267648481869333,202.36586466070708,3.895669700166129,1.0,0.0052356020942408,1.0,44.71457616936401,-2.7267648481869333,202.36586466070708,7.791339400332257,0.985503481429356,0.0051035525309063,0.9889772579742312,43.09420858120505,-2.7357164298669367,168.16310564948824,8.238797976522521,0.9855636499462744,0.0051045637848367,0.9890238989898208,43.100933996977616,-2.7356478774088395,168.20594247346307,8.238229831804926,0.7963795967228329,0.0239770355756414,0.8047979550715411,21.954635556704318,-1.456291335267157,16.709421004848576,9.84066461326882,0.7964659424844189,0.0239767295655928,0.8049200167400775,21.964286968715218,-1.4563120795534368,16.72727494394838,9.840006823690706,0.7963863773772629,0.0280024138951579,0.8032937261362919,21.955393473345573,-1.1834127137090669,22.155545288407293,9.224821691068035,0.7323680977652468,0.0261034062124505,0.6863877812499185,14.799665370249754,-1.3121456072790953,11.805478183333287,8.836161920539576,0.6093688514015105,0.0555814125685256,0.2345105340342334,1.051261489377708,0.6861554472395693,0.8011117225681684,5.775038593781127,2.8718265205702456,1.0863682056130368,24.433574173270628,10.403169350501999,-0.0056945464722863,0.5999089164216944,-0.057518161838304195,0.6000696177286656,0.0055608169999068,0.041349906001440256,-1.0369391704247497,0.20049639922105555,0.6066167145062266,0.2471237494319844,1.057231797060507,0.7937585617628631,1.2251631186325902,0.8001890100654425,24.383715000051797,23.994529704602925,22.1934822210556,0.08164295767059356,0.1838642673309945
13_36_17_26_48_44_32,Q2: Weak/Tough,3.2683325,18.155588248265417,376,11656,1.0,0.0106382978723403,1.0,44.41013672625182,-2.344874474406313,202.35796140559532,3.870719676728698,1.0,0.0106382978723403,1.0,44.41013672625182,-2.344874474406313,202.35796140559532,7.741439353457397,0.984010797185913,0.0099300609649593,0.9878387570244896,42.63495079827615,-2.391903450211672,166.46963219004843,8.233115821010372,0.98405352838398,0.0099246232867902,0.9878718808461056,42.6396949886136,-2.3922645277443264,166.49248614926398,8.232787195616332,0.780198891532177,0.0316317231429007,0.785534486046898,20.006929184111865,-0.9508504143333255,15.157767085489963,9.773965041862564,0.7802906470621173,0.0316111684366355,0.7856625149858206,20.017116253940035,-0.9522153061845663,15.17925077053549,9.77306239237995,0.7668381836230418,0.0370643631720379,0.7682689686695405,18.523569385386065,-0.5901074287209203,16.056803941865397,9.450515121219585,0.7134014704856764,0.0345874459078079,0.6518206049549478,12.590809490993522,-0.7545818875882326,5.838519710658182,9.14438581770948,0.6105837825220878,0.0549094851427241,0.2709214244854686,1.17557416361688,0.5948602009759169,0.8089903941538186,5.617167366363828,2.988510586089377,0.9379257319464994,22.777167158824714,11.483363085611728,0.0259845265768426,0.5977016862422749,-1.495230348046259,0.6008931641566013,0.0059590701832624,0.5521791089056759,-0.8664871757561383,0.2364153398509463,0.6151661752099499,0.2958489738915905,0.929745460486584,1.3915764400806785,1.595420196916357,1.4559077182660318,24.03739989231259,24.34498467244217,21.962070839317757,0.26920488394718445,0.37631431041028385
13_36_23_33_32_21_58,Q1: Weak/Brittle,3.288018333333333,16.645861182166666,381,11811,1.0,0.0236220472440944,1.0,44.90707726716092,-1.4797534333252538,202.36583193901933,3.886539974278455,1.0,0.0236220472440944,1.0,44.90707726716092,-1.4797534333252538,202.36583193901927,7.77307994855691,0.9609349734730356,0.0222175859916682,0.9694867630654422,40.520310991560315,-1.5740538045864232,137.19453875871875,8.552731402706465,0.9609349734730356,0.0222175859916682,0.9694867630654422,40.520310991560315,-1.5740538045864232,137.19453875871875,8.552731402706465,0.7508773025709558,0.0265513765962291,0.7336268799666397,16.932104645190332,-1.2830681598972078,6.003531245701285,9.879783519031331,0.7509118517347473,0.0265925380782914,0.7336557456636822,16.935984307385525,-1.2803044360611606,6.006336192164365,9.879224043750115,0.7615359476112916,0.0349431483974987,0.7339560385704831,18.129006036624666,-0.7196156651902963,6.880762169397779,9.530250087104864,0.7208278414371073,0.0323288135672231,0.6598836007498623,13.557731851383334,-0.8951511202768011,5.975306317826341,9.178499554542636,0.6142075639899345,0.0455323524789114,0.2798082037109676,1.5849193645519868,-0.008619990149429033,1.657193110393365,5.722702108373977,2.9322120038805504,2.0523676216688362,24.406197770807783,12.047989506828166,0.0450833865261618,0.5995583794321809,-0.3157791377136509,0.6018156228082743,0.0075036975504111,1.121265935038976,-0.23814415899247468,1.4872872202698981,0.6229518783271707,0.3060336708644466,0.5221606345810094,1.4627372303094748,1.322697437087412,1.6474797784042725,24.677598396429183,23.08785630779676,22.78105015656452,0.07185814638444055,0.1950899397774293
13_36_24_31_34_39_39,Q1: Weak/Brittle,3.5682725000000004,17.08440309167604,371,11501,1.0,0.0107816711590296,1.0,44.231396870145275,-2.3820003019389424,202.36289571186825,3.8560682711718735,1.0,0.0107816711590296,1.0,44.231396870145275,-2.3820003019389424,202.36289571186825,7.712136542343746,0.9839789387790971,0.0116416004343475,0.9877980277689188,42.46012266378004,-2.324409387321081,185.3390585931751,8.097936384249273,0.9825285978914218,0.0117513635571938,0.986683641125609,42.2997742717881,-2.3170583657691117,163.73618484394808,8.229867656821522,0.787243563540959,0.034264777974671,0.7904411577628323,20.70923545137468,-0.809297012960018,12.648736924950612,9.958439889626073,0.7873126743093714,0.034229066222262,0.7905377460539675,20.716876276147953,-0.8116886892790739,12.678038765643018,9.957806877089356,0.7656039440967916,0.0298298949161422,0.7651808354288282,18.316778470622104,-1.1063086148379893,13.36774613618534,9.415328721322163,0.6974373954403124,0.036553119964408,0.6363520897116687,10.78034578945681,-0.6560428885453197,4.146382141351872,9.142128662999824,0.6056752769257683,0.0344243879785313,0.2250236109815975,0.6352079983235269,-0.798607661674615,0.6644895996416814,5.87790426938733,3.028017325021487,0.6804194931544034,21.629600461474734,9.52611486669884,0.0214087093197694,0.6012096312526254,0.7256012563512823,0.6034308850680044,0.0040907109899745,2.079064501699978,-1.5533327881972419,1.696206222225671,0.6075682773314661,0.2480263832718301,0.8683051505890208,1.173563634677615,0.8497734834873191,0.8282841458204352,24.81633916919761,21.987874382144632,23.22061223858367,0.16270225115906556,0.2970001099211211
13_3_13_78_79_21_9,Q2: Weak/Tough,3.63599,20.01708277495688,369,11439,1.0,0.024390243902439,1.0,44.095197579514426,-1.4625455547444357,202.367997322974,3.850437250451785,1.0,0.024390243902439,1.0,44.095197579514426,-1.4625455547444357,202.367997322974,7.700874500903569,0.9794627411074264,0.0244386049452736,0.984316819588138,41.83137603018588,-1.4593480442203648,177.3702077875288,8.222134458548407,0.9794929534359088,0.0244470977528531,0.984340617787434,41.834706334421305,-1.4587865211426423,177.3863215519901,8.22186767550868,0.8111918060657841,0.036334134772284,0.8282968400970712,23.2828749441582,-0.6728455293479612,19.051795872565908,10.023820714978944,0.8113475449768195,0.0362705568031635,0.8284807656811118,23.300042040542145,-0.6770491447674448,19.1006708610401,10.022179466398825,0.7837805371842311,0.0261929221768793,0.7901313991275256,20.261331440563485,-1.343357000979154,30.4020134876325,9.047382766737549,0.6878291093850508,0.0274550256865746,0.6112124783295533,9.684607882816783,-1.2599098911118238,9.210091329933109,8.657742402506841,0.5950312306575366,0.060590702357423,0.2388920451707741,-0.5445000372907479,0.9309377140486825,0.9509797973805664,5.620320454981656,2.8511166760198776,-0.6291295890077093,22.70913252758071,10.075452433274625,-0.0078150113289161,0.6005990282724443,0.36800018333556445,0.5997367682843325,0.0129988314663696,-0.18100375001893892,1.7456575113263932,-0.1265738382022889,0.5959969886318524,0.2382902458188666,0.4131739386149238,0.9533554238636326,0.7945889007677005,1.2854547310179858,24.33404288296445,23.041959559501805,22.48097771014652,0.1868284247546714,0.5424706355464469
13_3_18_61_91_22_8,Q3: Strong/Brittle,3.9553758333333326,17.924250159024584,372,11532,1.0,0.0120967741935483,1.0,43.92333013321453,-2.2707148477590096,202.37505240407515,3.8624403319862703,1.0,0.0120967741935483,1.0,43.92333013321453,-2.2707148477590096,202.3750524040752,7.724880663972541,0.9800196753804652,0.0164650694316175,0.9847941542914058,41.72906419042473,-1.9800199908921219,181.318134417232,8.205232306127263,0.9800159564633744,0.0164652058210914,0.984791159251953,41.72865577398146,-1.9800109146469433,181.31445215769293,8.205263922134407,0.7855955980690783,0.0322261204711475,0.7988164197092945,20.377152275760324,-0.9311768549979942,12.701142326401254,10.052489020115509,0.7857012207680331,0.0322423435720517,0.7989298676558707,20.388751901668073,-0.9300972640504356,12.72322280891136,10.051559335570415,0.7740062190018095,0.0268702211039093,0.7782853053902227,19.10439118355436,-1.2875933321592155,21.2210684943018,9.193826906405867,0.6966740685256185,0.0118493491228695,0.642448748714624,10.611671104987742,-2.287180125764817,6.901777103481289,8.825234273995273,0.6239508171099434,0.0391072137721317,0.2442968375204934,2.6251064785882163,-0.473264025575448,0.3263349399610582,5.571729467952757,3.1507501289364233,2.094961242226878,24.917371100687664,9.905183925043572,0.0694512327923702,0.5988450784765705,-0.6709179783527682,0.6013379535442888,0.010094412828005,0.8075817073890024,0.6739169662908576,0.9754374706638591,0.6242948832382315,0.2480564506927254,1.3317105867639467,1.2412815224283662,1.0611996890455937,1.0326627232331749,25.23998398155925,25.28075056041463,19.95302050933639,0.1477994016986061,0.27648056328035087
13_41_18_15_38_48_43,Q1: Weak/Brittle,3.228428333333333,17.72525738182583,386,11966,1.0,0.0259067357512953,1.0,44.87472679987692,-1.317090578242459,202.3744141575584,3.9091836450916126,1.0,0.0259067357512953,1.0,44.87472679987692,-1.317090578242459,202.3744141575584,7.818367290183225,0.9816365588362024,0.0268891802360388,0.9859974145756906,42.81447014525344,-1.2510218151030505,163.15969199776217,8.295298542692597,0.9816841876051466,0.026879289437668,0.9860346974581574,42.81981377814303,-1.2516869649664453,163.17970338835403,8.294989282911859,0.7918071074208187,0.0422816089856776,0.7968782386260118,21.5168611059905,-0.21589082806756962,19.750250317888405,9.632179233188191,0.7918727387148742,0.0422846172994966,0.7969808978728794,21.52422450314048,-0.21568852088762933,19.781687504467765,9.631651190316838,0.7708818375875793,0.0269868383447795,0.7620479467148515,19.16918421693798,-1.2444543697611223,19.90291189328416,9.189168212531,0.7143581855484986,0.0249541044330041,0.6635342033706831,12.827604269127406,-1.3811544250091248,7.887500400393388,9.18647578279084,0.6082459591477174,0.02539816226499,0.2676007982332059,0.922514224778,-1.3512918198672825,1.02739288922432,5.820250040846484,2.8296169830530102,0.8188521085870369,25.109457070410116,11.258849029909394,0.0171296364065411,0.6015939278796699,0.9917878529389944,0.6005850580754436,0.0089613192339416,0.3546573752241007,0.25857263866421215,0.48082684982525314,0.6091239014180747,0.2978790419615211,1.5953439931500426,0.8014915792088355,1.6356499925374577,1.529693483813336,26.061673430071487,23.220697632763503,21.67474148881164,0.20910270615358997,0.374518248635182
13_4_13_70_84_26_6,Q4: Strong/Tough,4.153121666666666,19.815168014858333,371,11501,1.0,0.0175202156334232,1.0,44.231396870145275,-1.9307086078284024,202.36798117922345,3.857365806971144,1.0,0.0175202156334232,1.0,44.231396870145275,-1.9307086078284024,202.36798117922345,7.714731613942288,0.9798986729740162,0.0178611352447392,0.9846911692960166,42.00901212397233,-1.907876646188771,178.0093762791604,8.226610976099584,0.9798997448486114,0.0178595158628417,0.9846920498809112,42.00913062946936,-1.9079850989270015,178.00804196040815,8.226521880046851,0.7962257945861907,0.0338811750436948,0.808272724663814,21.702302885963466,-0.8349875485413829,13.703639880977818,10.077883900473951,0.7963523282427714,0.0338717169442716,0.8084243507946784,21.71629233391876,-0.8356209734194081,13.746871538935553,10.076830937733185,0.7758901151096558,0.0233601195900534,0.7766408841802988,19.45400834235974,-1.5396003855638822,22.639366269141643,9.301820227717188,0.7045366751114944,0.0485127241789265,0.6522759896871572,11.565235803417396,0.14491198640893443,12.117014562278646,8.810488951225084,0.5973965072317905,0.024405893621236,0.2408039851213236,-0.2800853781382517,-1.4695631340502049,0.9562457188525242,5.322212836789766,2.8068696826165023,-0.33546690648527927,23.910481277627078,10.424203791063874,0.0054270525544079,0.6019986198856404,1.2063509610407268,0.598740117197778,0.0102298889269658,-0.7791329095359019,0.7092719115850596,-1.1862211980881592,0.5970862211200736,0.2404594997940048,2.995924639711244,1.2494194512724617,0.7308521813278467,1.9264414538044965,23.160296270486526,22.461329664667293,24.26831080315925,0.044602480697068216,0.14285616721735697
13_4_14_65_91_25_4,Q3: Strong/Brittle,3.737294166666667,17.14411815504562,370,11470,1.0,0.0256756756756756,1.0,43.988225518259135,-1.3544451577983867,202.36964561411085,3.852605266104245,1.0,0.0256756756756756,1.0,43.988225518259135,-1.3544451577983867,202.36964561411085,7.705210532208489,0.9910762735946538,0.0251764697095744,0.9932598231877422,43.00657112058661,-1.3873115135609577,193.9732021468368,8.031847346980653,0.9812735979037152,0.0247960659345233,0.9856834339669176,41.92822791911839,-1.4123562579214846,182.31751928749728,8.174583990858116,0.7839929897075466,0.0376211196789812,0.7977208081682426,20.22637739003264,-0.5679897886433607,10.664792569528474,10.201310887219243,0.784040868283551,0.0376201062144729,0.7977858044533971,20.2316442721124,-0.5680565123753359,10.678742947870248,10.201337493027346,0.7634616963762959,0.0361526091864081,0.762891034342093,17.967832755982432,-0.6646725039300434,22.52836523139325,9.468487506269987,0.7168939920073758,0.0490740844881842,0.6576906720870144,12.845153092038728,0.18604209702357138,10.753399164931826,8.74560611318389,0.6054219794720241,0.0303782632451439,0.2059357310957687,0.5826759213830964,-1.044839651137722,0.7950790806320924,5.563675378269569,2.9084198633916816,0.4654067562882008,23.655574837833303,8.618709971007984,0.0112914802830048,0.6000259366144647,-0.01776987113071653,0.6000004550707394,0.0091388172169254,-0.03350124975365675,0.31431675633867434,0.0028750066750627052,0.6043110222108853,0.2057593294945175,0.3562934816565872,0.9022647060245078,2.744693253062954,1.5244402185695307,21.47424671342421,24.53125951511811,24.00917724757377,0.11266188868424373,0.35402725160507653
13_4_17_73_71_31_7,Q4: Strong/Tough,4.093591666666667,19.840402550704376,369,11439,1.0,0.0081300813008129,1.0,44.095197579514426,-2.537626611611257,202.37440503957237,3.851089045240078,1.0,0.0081300813008129,1.0,44.095197579514426,-2.537626611611257,202.37440503957237,7.702178090480156,0.97489304711595,0.010011894568986,0.980804083718415,41.32765877240315,-2.413205851085085,175.464720599319,8.253902944863372,0.9749572103613684,0.010013297451279,0.9808544126726104,41.334731485388495,-2.4131130960361244,175.50602962432183,8.25336317802017,0.7618267633899566,0.0402543612315084,0.7517233545044297,17.841367487996543,-0.4136500152441374,7.638359769361294,9.898301827345042,0.7619157314652546,0.0402778771277959,0.7518535429517113,17.85117443677756,-0.4120952033241501,7.6574365723792255,9.89704099082279,0.7469028430181861,0.0198828258149965,0.7351287644679304,16.19630410759118,-1.7605647025175153,13.380044830357193,9.393392102251374,0.7064053857750697,0.0180862097150829,0.6419844782346499,11.732270378478002,-1.8793524405494766,8.969900886326705,8.967750923373108,0.6054114057786656,0.0650967312036978,0.246980386037499,0.5997064144043782,1.228865008689699,0.7213797206123255,5.507533547859412,2.84097063072238,0.6442339527352132,22.914649142931477,10.923132419985302,0.0122741693147703,0.5994051248018286,-0.3921623087788783,0.6020782147853179,0.006122808663293,1.3098033806646097,-0.7840295036692023,1.0403858046957015,0.6041144545956083,0.2439093132426504,1.1649867287134814,0.6640240978307923,0.9499672382705296,0.8441643233473495,20.5370162172148,25.57052803595096,23.937007970009734,0.09692595746958943,0.16560094141967677
13_4_30_60_52_26_31,Q1: Weak/Brittle,2.94257,12.070528793585416,384,11904,1.0,0.046875,1.0,44.982742523580626,0.08241357998315929,202.3672181417317,3.89990170049938,1.0,0.046875,1.0,44.982742523580626,0.08241357998315929,202.36721814173168,7.799803400998759,0.989301496349441,0.0454699583657959,0.9919022546683766,43.77947693293544,-0.01141285723875808,191.2829388603177,8.134795409723123,0.9802434427669156,0.0449002845149554,0.9849245729486268,42.760713510491435,-0.049454767529289165,178.3947194907843,8.256181388306512,0.8032401706531965,0.0290165028493726,0.8161249661386746,22.853074674015822,-1.1101483491373896,17.270172561925204,9.94993818538912,0.8033407638737473,0.0289989716803082,0.8162353771313615,22.864388439463255,-1.111319052619482,17.289238370540275,9.949200112493994,0.7826478867064148,0.0306734582645532,0.7846622009915315,20.53705109583412,-0.9994995117952679,23.271814716283703,9.175522585608547,0.7305228265890866,0.0292408058115344,0.6716413881306499,14.674521783502156,-1.0951697554177198,12.369669862818483,8.888578416191992,0.6126177331423382,0.0415210286194763,0.2517453724326671,1.4136820866474862,-0.2751160813405115,1.6119607113863832,5.561208891424497,3.3434228306279343,1.2566713804313665,23.90642175340892,10.705119213667425,0.0205513189015317,0.6018078247323678,1.1113124197160351,0.6005842708128519,0.0147926070802593,0.3619523030824606,2.3933785381969352,0.25466360771510227,0.6131002066562273,0.254792103754476,1.592720948597463,0.5626356590457534,1.9307359726332929,0.8114102774697058,22.351282607874,21.426169183202823,27.38606669220082,0.29309102622788646,0.3143967336653212
13_6_12_78_72_26_9,Q3: Strong/Brittle,4.267197499999999,18.056553587041662,368,11408,1.0,0.0230978260869565,1.0,44.19242311122426,-1.5464910008313892,202.3729765583959,3.847943472790526,1.0,0.0230978260869565,1.0,44.19242311122426,-1.5464910008313892,202.3729765583959,7.695886945581052,0.9817048572664157,0.023921394586805,0.986091274722637,42.170554015894524,-1.4918915696764328,180.63780882747935,8.159800234635878,0.9817829236168528,0.0239408615831123,0.9861516185917008,42.179181439229374,-1.4906009825244597,180.73157815218065,8.15838065800573,0.7888604950002329,0.0343000516697809,0.8021505342929351,20.85855541864845,-0.803826432426664,13.027606367529737,10.136656414690238,0.788988375853544,0.0343023289363852,0.8023074063808499,20.872688041113285,-0.8036754583896463,13.064049868007904,10.13573313497102,0.7720245878865685,0.0324596176582082,0.7739219422074651,18.997952263994016,-0.9258401448605287,28.54484976451579,9.067926739445651,0.6959930648561233,0.0307035842504497,0.6330366335512985,10.5954058108355,-1.04225842114277,10.10337993961728,8.606029271921578,0.5846272159711736,0.0491495820130737,0.1607220381741795,-1.7120777335427757,0.18064044532691573,1.0144377752389986,5.430738606052692,2.9040083701453363,-1.7590701170395933,24.95286491407348,6.956515396492639,-0.0260437566158469,0.6001867189341347,0.12472964306059757,0.5989148738989214,0.005497343235064,-0.6650489982085719,-1.088771189742556,-0.909571626347417,0.5856955955298918,0.1653046358403781,0.7019919818463981,1.5996119790567471,1.0857287026020863,0.4213429209850982,22.658508353603445,22.581249607102503,24.545436004308,0.1315000306824944,0.1537510519199961
13_6_52_41_29_29_46,Q4: Strong/Tough,4.380874166666667,22.711661327983336,385,11935,1.0,0.0246753246753246,1.0,44.77920145452574,-1.3942241694597635,202.3609062533901,3.903598466298548,1.0,0.0246753246753246,1.0,44.77920145452574,-1.3942241694597635,202.3609062533901,7.807196932597095,0.9997968362168334,0.0246525904196035,0.9998475956754164,44.756457640010204,-1.395747240670427,202.1929578496579,7.846359203658933,0.9992014816507968,0.0245749289500786,0.9994006028980958,44.689808783556266,-1.4009501358019976,201.6896693132568,7.882587567106084,0.814094812749637,0.0222452591634146,0.8300121867454947,23.96745523482714,-1.5570253126606441,14.975140699626872,9.911651593052742,0.8142254015731423,0.0222750964676889,0.8301606135259306,23.98207441514221,-1.5550263759150786,15.01812718999816,9.910431769259697,0.7987519702353376,0.0117459107200064,0.804150271690685,22.249852033866546,-2.260424427241613,25.57637808057152,9.07430965852394,0.7211901601680267,0.0187039301151713,0.6653209055058086,13.566949037257523,-1.7942750553852136,8.309484221149086,8.99530031152962,0.6140018556794958,0.052125356652725,0.2227647176000389,1.567414092969787,0.4447783450481775,0.4038583724088749,5.724881315695474,3.245456562669431,1.3409160219924314,24.512808685458225,9.223512903698282,0.0405006366574861,0.5966603397981303,-2.1210496398256544,0.6000082792269215,0.0065730203373629,-0.025890237491641245,-0.6629817686668231,0.17720955692422063,0.6152127891265983,0.2262648555095568,1.4948788068327217,0.7701751460895219,1.27857645085465,1.2324358418752954,22.26860075585297,23.477295043826786,25.116908160831727,0.04362476068167033,0.20721195746865242
13_8_36_60_35_24_40,Q4: Strong/Tough,3.8739950000000007,20.73952808312396,380,11780,1.0,0.0263157894736842,1.0,44.55753400619793,-1.3111889890881299,202.36573046762143,3.886962243751407,1.0,0.0263157894736842,1.0,44.55753400619793,-1.3111889890881299,202.36573046762143,7.773924487502813,0.9564073574274154,0.0218096361253799,0.9657861252189506,39.70246316490944,-1.61517137981033,149.16651670686144,8.545678840619608,0.9564073574274154,0.0218096361253799,0.9657861252189506,39.70246316490944,-1.61517137981033,149.16651670686144,8.545678840619608,0.8068090523332839,0.0164467795222629,0.8202004689240747,23.041156896097114,-1.976946456091146,15.875725315701697,10.094272906282391,0.8068985782364319,0.0164009326153514,0.8202974902738602,23.051127720902922,-1.9800392608168045,15.881965267195824,10.09384430787395,0.7943811368575722,0.032837286278696,0.8016787783540047,21.657014837178366,-0.8712527426617457,24.82054910067053,9.225023982223531,0.7288637596235138,0.0444546566369587,0.7041214025924307,14.360106711520862,-0.0875519356887999,17.48850327931177,8.81272765145824,0.6029455974003033,0.0622765309521173,0.2334550950692532,0.3361439113620772,1.1147009711083344,1.0673145952644056,5.509192711401662,3.0575170422680302,0.24170892911289443,25.28024883544767,10.381348668756454,0.0117719127016874,0.6026578418112598,1.615012564325777,0.6007823884401263,0.0061153917831768,0.4651544991057477,-0.7797317035625506,0.4085105564758935,0.6031169456131603,0.2403915614411697,0.3766376307317986,0.4310949961911141,2.9748119143189142,0.8948396249810979,24.16407042393474,24.980282937538227,21.46849717236526,0.0802241760528928,0.2324998422207954
14_0_14_69_86_23_10,Q4: Strong/Tough,4.230664999999999,19.018289227373756,377,11687,1.0,0.0689655172413793,1.0,44.538595515138205,1.5436860199664628,201.3749133032477,3.87660563014928,1.0,0.0689655172413793,1.0,44.538595515138205,1.5436860199664628,201.3749133032477,7.75321126029856,0.999811623817339,0.0689480137706918,0.9998586988965352,44.51762965267876,1.5425153601946322,201.20646129647992,7.797411023938885,0.9994062874744728,0.0689024698567491,0.9995545171003736,44.47251659276691,1.5394693112791709,200.8738572000209,7.827304815395683,0.7956096331883462,0.0536324283185424,0.8080110031319412,21.790388931498498,0.5181848093583389,15.651998051504464,10.103197660329656,0.7956971831528518,0.0536286239610104,0.808128878903157,21.800133053543146,0.5179303679164169,15.695608980318758,10.10217072962775,0.789820426379246,0.0651264973870846,0.7890064473032461,21.146062711514844,1.2869263071688521,28.27966842022366,9.126125136903712,0.712180850214647,0.0544095333786384,0.6638623597883853,12.50494549444929,0.5701588234600393,8.379780220025445,8.754097710640403,0.6112435302725786,0.0392584656454939,0.2452218720217473,1.270839690641961,-0.4431685224215928,1.528828142778344,5.320636550293004,2.888955466520877,1.2862625913297157,24.51578095769736,10.644956828726748,0.0271315078727343,0.5979311695080075,-1.2446688182787757,0.599519275453751,0.0133935411791045,-0.27131706291250324,1.8610291449547043,-0.4238707559419302,0.6112435302725786,0.2452218720217473,0.4600118810255875,0.7017660147472993,1.6357176194127585,1.518628202250914,23.386409241076176,20.30220199419496,27.033213100262916,0.06595927983394625,0.12191534241154806
14_10_31_54_46_26_35,Q4: Strong/Tough,3.870575,20.50423254864792,379,11749,1.0,0.025065963060686,1.0,44.601299060790396,-1.3903453874326313,201.364077328156,3.883761622480137,1.0,0.025065963060686,1.0,44.601299060790396,-1.3903453874326313,201.364077328156,7.767523244960276,0.9883510684086404,0.0251143091085904,0.991170048734976,43.30230236661591,-1.3871034796537214,188.8496315241432,8.128124871016615,0.9883508483292668,0.0251138004301157,0.991169881734392,43.30227782510526,-1.3871375897573508,188.84891051521083,8.128126448735939,0.800061813755289,0.0237269493523708,0.8149834396867449,22.305774279465,-1.4801347113839542,13.691213006030706,10.054963974642494,0.8002532126957901,0.0237334025328473,0.8151954893845677,22.32711757511658,-1.479701984886292,13.724611721225088,10.0534256848801,0.7830496980412279,0.0276729793649104,0.7842326364729674,20.408717721087537,-1.2155284829956214,24.750650360541098,9.26031983990123,0.7248237382869527,0.0299324425468916,0.6754906220514698,13.915819325835441,-1.0640172099271308,11.868115967855958,8.917277782884085,0.5935230822564174,0.0551281320155499,0.2084612441662711,-0.725791090446512,0.625512859727503,0.3124014233546727,5.737007279238656,3.1850479302554957,-1.0012041374845788,25.217938555806303,8.8635861676133,0.0023857111533524,0.5998564155306293,-0.08870368892013218,0.5999365002089072,0.0050500680492995,-0.03962285912820626,-1.186989347487066,-0.06596575430860424,0.5938254209941447,0.216421121981755,0.9851395478159348,0.7774811361730645,1.7349376146697104,1.2467306363336597,20.224303012230475,26.85407675775933,23.804000830679083,0.044498264703999604,0.22886626397163495
14_10_32_59_25_31_45,Q4: Strong/Tough,3.897950833333333,22.92608255209375,388,12028,1.0,0.0373711340206185,1.0,44.81865812132556,-0.5387794728993041,201.3574695975536,3.913906386425704,1.0,0.0373711340206185,1.0,44.81865812132556,-0.5387794728993041,201.3574695975536,7.827812772851406,0.9683247184828871,0.0353761191396703,0.9755115502213234,41.268721368057896,-0.674243091611777,166.24895729408766,8.426037588420916,0.9753281523142876,0.0370446602452539,0.9811157520479696,42.053615644174585,-0.5609473872582145,168.61400252942494,8.34806786356367,0.806703387186789,0.0267691266675789,0.8154102244161456,23.15536999120912,-1.258666976182685,22.414507083972897,9.894721566750428,0.806785805761067,0.0267230960409285,0.815512612212273,23.16460686968242,-1.2617925043765912,22.45895353322236,9.893976910144511,0.7742070042852081,0.0324664863958388,0.778091557788966,19.513410125808807,-0.871810229765846,23.88899954638012,9.20965891881892,0.7060744355464668,0.0283724096049068,0.6509444373812369,11.87760396163871,-1.1498023704173512,9.393841504876065,8.985152071681199,0.6217334610646715,0.0510078635044131,0.2750157943177142,2.425276759508585,0.3871688701024815,0.5941658641291157,5.615087759085517,2.915004164586528,2.3125192538829906,24.901809489159497,12.446290605794376,0.052681019713084,0.5981499136631345,-1.1532743071734664,0.6020430875437663,0.0071642710452727,1.3384517385923749,-0.3624567445848869,1.7448352116147345,0.6224458441120624,0.2770048024412388,1.2007930631531454,1.3137588448273758,2.0505774070846767,0.9628336970773764,25.56211922425216,21.572020328683926,23.889074792415755,0.11372470630340224,0.2412747221941709
14_13_29_20_87_25_28,Q4: Strong/Tough,4.25303,20.656217638738955,386,11966,1.0,0.0259067357512953,1.0,44.87472679987692,-1.317090578242459,201.3640945691696,3.90749382872476,1.0,0.0259067357512953,1.0,44.87472679987692,-1.317090578242459,201.36409456916965,7.814987657449519,0.9927196080149256,0.0261142078636332,0.9945092287271406,44.057914966967985,-1.303138211405503,194.29753567668504,8.05688834722626,0.9823123012041994,0.0262694868660868,0.9865581925076335,42.890283970018565,-1.2926957978208728,175.69370878429197,8.245145191516377,0.7831526753034262,0.0343787885240155,0.7971031226278433,20.545891057250593,-0.7473504487617015,14.17491716077484,9.996093871218257,0.7832998829391398,0.034385418119844,0.7972822173238394,20.562406780441304,-0.7469046126831189,14.209849380216191,9.99485120420419,0.7617312015525197,0.0255608491309892,0.7573788042687573,18.142543370208454,-1.3403512321979447,18.047687068616156,9.385336894424178,0.6962408798099043,0.0362252605061501,0.6369021548039036,10.794962381430805,-0.6231763891322095,9.66744980916156,9.026056883535936,0.6130335404285058,0.0209574589701873,0.2343980853095326,1.4596491825080706,-1.6499262757707214,0.9897772664038268,5.50017190978918,2.8613836263624606,1.7944822111232221,23.939382237368463,10.244613073624189,0.0254194691100446,0.5989089169075071,-0.7038742792780607,0.6007652428314876,0.0070772782923141,0.4684492631508876,-0.44788811190013056,0.707626856747557,0.6125162743787265,0.2455385510448331,1.3859419637339438,1.2273867485141228,0.6234462776854908,0.7555491948495049,24.06625880363857,22.302658983609653,24.560491294399824,0.06804868625604531,0.17189316863640522
14_14_22_40_73_32_21,Q4: Strong/Tough,4.214136666666668,20.413732692450207,378,11718,1.0,0.0119047619047618,1.0,44.79242860437828,-2.2769082247690036,201.37955382291557,3.880026747180658,1.0,0.0119047619047618,1.0,44.79242860437828,-2.2769082247690036,201.37955382291557,7.760053494361316,0.9997865250003904,0.0119058868120121,0.9998398672975328,44.768514700998466,-2.2768328012632852,201.1962768423863,7.802609933004075,0.9839356662411812,0.0119524753817401,0.9877939021342188,42.99286928327685,-2.2737091008387855,176.94291219633826,8.195271795519291,0.7966801863803362,0.020525636542708,0.8093400930779001,22.01612980126035,-1.6988902705082962,18.01686899297386,9.991676699367826,0.7967389106896118,0.0204993363408211,0.8094159416516669,22.022708217752356,-1.7006536633808007,18.040659373539818,9.99137674049703,0.7787718767572869,0.0149038560272327,0.7808020739812589,20.01000455565922,-2.0758230307359615,25.60058746591382,9.082608345325028,0.7119603499543204,0.0361067547377639,0.6570226613151854,12.525641517615814,-0.6541974240819751,11.156043688923567,8.922481764478926,0.6093278690419706,0.0357026404827756,0.2257979883508775,1.0285423881736535,-0.6812927368855932,0.4341183080895918,5.741881508114795,3.0519302160540653,1.7050807280183422,25.12074560005823,9.769650486026642,0.0244608825481318,0.5993814016375357,-0.3828261723481729,0.6011776515131492,0.0057875102954137,0.7458916974492453,-0.9121731441491393,0.8373748592844136,0.6093133500367907,0.2310749834440008,0.9423422282142784,1.5742889336190102,1.736039109158573,1.7419985291417914,24.7201454535874,22.31513621641274,23.338528819171263,0.06972273897573428,0.07771920502652511
14_15_47_38_31_25_46,Q1: Weak/Brittle,3.2617100000000003,15.843721412520834,374,11594,1.0,0.0307486631016042,1.0,44.228901369510815,-1.0226863685502716,201.37192591167985,3.869535400174891,1.0,0.0307486631016042,1.0,44.228901369510815,-1.0226863685502716,201.37192591167985,7.739070800349782,0.9987437675926404,0.0305476557419378,0.999056673661586,44.089972454594495,-1.0361277555469515,200.17596605676908,7.833602026148682,0.9851322638984868,0.0296609438388557,0.9887025619977852,42.58465271636002,-1.0954222901533932,176.8422337393467,8.145178239949727,0.8210293857220179,0.0152713591277354,0.8372322472462507,24.436231559465387,-2.057655599146031,14.803572956734804,9.86111591703168,0.8211759028515653,0.0152800141514108,0.8373775951038428,24.452435142262186,-2.05707683664261,14.830302016649648,9.859896375949193,0.7889709607404684,0.0284515614863806,0.7939714926395566,20.890834887225303,-1.1762938376109164,22.03746968257917,9.14625979297169,0.7137284427808399,0.0294309800448707,0.6428753693959188,12.569634674221653,-1.1107999974935976,6.506295867422955,9.038995230525256,0.608864573507136,0.0614138420064013,0.2232574520320656,0.9725579814277722,1.027897936750147,0.5690878080063886,5.74900955498145,2.749094797822006,1.1483624516834907,24.110898892368883,9.816088056838652,0.0150300048823436,0.6011284645109717,0.7595764493570668,0.6018043540424046,0.0106735498915243,1.184545089916184,0.9118700511525087,1.379190317550035,0.6124917263232584,0.2301631706297821,1.138585658328915,1.2329919927054385,1.0888972537406094,0.7518621210906739,24.179814566913592,21.41374421914451,24.7299697379475,0.24915618740086304,0.15778206710965567
14_16_25_60_20_50_31,Q3: Strong/Brittle,3.8989325,16.358146679233126,381,11811,1.0,0.0078740157480314,1.0,44.90707726716092,-2.537130569323788,201.3691166471026,3.889934362749448,1.0,0.0078740157480314,1.0,44.90707726716092,-2.537130569323788,201.3691166471026,7.779868725498896,0.986610788322008,0.0077991596587358,0.9898428176544376,43.403549752457934,-2.542156665273064,186.40080492979737,8.164105747835201,0.9763453823988008,0.0073466802504874,0.9818929795137225,42.25080673619009,-2.572537692953356,168.72456033701283,8.317296276725266,0.8021953515187373,0.027796074751981,0.8118214085705074,22.694811251785396,-1.1994948338316211,13.3853050592094,10.074405954234924,0.8022851905355448,0.027793471590259,0.8119333589526472,22.70489963016886,-1.1996696190856915,13.401132456643102,10.073577794097725,0.7801272908610307,0.0190923182061052,0.7789286633452887,20.21670147258647,-1.783895060057193,22.19044267108333,9.326514312940354,0.7371084772018266,0.031058853110296,0.6823854961567108,15.385948808274705,-0.9804206443511385,13.37204950276241,8.92053493288693,0.627146397764153,0.0555890176793833,0.2680301993994389,3.037872163833104,0.6666191881586354,1.6556336785851815,5.573323663938082,2.828288619615654,2.1622795293851795,24.19330573018362,11.300355407729704,0.0559278133371054,0.5998255074092825,-0.14571553387106884,0.599850185109169,0.00732793141145,-0.13000479244004298,-0.30354958045161745,-0.003707588895771343,0.6247624701409076,0.2742838012878102,0.7279433934783418,0.6424070680174199,2.880869532750944,2.3968979125836323,26.27776736451947,23.04054992958114,21.440558490412627,0.10571014139838332,0.08516171501285415
14_16_32_54_26_32_42,Q4: Strong/Tough,3.9904091666666655,21.469070846422085,379,11749,1.0,0.0092348284960422,1.0,44.601299060790396,-2.4519229210415516,201.364077328156,3.88408105544462,1.0,0.0092348284960422,1.0,44.601299060790396,-2.4519229210415516,201.364077328156,7.768162110889239,0.9878341911467734,0.0107790031294315,0.9907811026785256,43.24466430348597,-2.3483762616356056,187.49105687043743,8.125285988635603,0.9872092098378004,0.0107011331638944,0.9903029963366538,43.17497133225425,-2.353597934511895,186.54001380774784,8.134332068233327,0.7827326636960102,0.0399867262149601,0.7894185694179404,20.373364559027337,-0.3898140051618914,11.196647246674392,10.162156807010472,0.7828753795089378,0.0399784133745653,0.7896252595046663,20.389279097433317,-0.39037143359935184,11.223404375110482,10.160245215390075,0.7851614688520412,0.0361501654977599,0.7867985105442945,20.644205695292428,-0.6470796260860032,19.952161002056087,9.218435031115058,0.7273028968027437,0.0162295007121695,0.6840621226937517,14.192275470426058,-1.982885983146865,9.138567206360758,8.898004177604314,0.6097414478431376,0.0429923008750629,0.2588740237756492,1.0827527332367952,-0.1882712463835542,0.4660788364815533,5.61847265483847,2.8995774018366767,1.1833429708295458,25.098489487013392,11.015248111527104,0.0160972135598411,0.6040292013764741,2.4686368194271076,0.6012401206818316,0.0092428350038925,0.759316162925892,0.39345087470864926,1.0033259870245346,0.612141404510971,0.2698770934866423,0.8256736639042409,1.577984266983377,1.9162563925586635,1.2664780897217225,21.998527219289407,22.3613437938232,26.18520575431889,0.09321998259247498,0.17386385096509957
14_17_20_61_33_30_41,Q4: Strong/Tough,3.969455,22.743329070483338,384,11904,1.0,0.0234375,1.0,44.982742523580626,-1.482705252694254,201.36397202429197,3.900742400994994,1.0,0.0234375,1.0,44.982742523580626,-1.482705252694254,201.36397202429197,7.801484801989988,0.9926761932959126,0.0231186696205237,0.9944627569965746,44.15903063943275,-1.5039962364317703,194.302323552396,8.034863153362018,0.9860457591475714,0.0223085370924836,0.9893525321277769,43.41330268323199,-1.5580955933000422,186.21216358989545,8.124358683170245,0.7981532063202197,0.0402063237860323,0.8092603410131852,22.280941472716165,-0.3629099712278812,12.738236088721152,10.066626635956975,0.7982114654734148,0.0401956141389194,0.8093592842876234,22.28749390627786,-0.36362514436442406,12.74764693470914,10.065719294941228,0.7839239321028687,0.0324578821264358,0.787867105275677,20.68056850423113,-0.8803385350822474,23.52271518073329,9.196035957190466,0.7144243403298187,0.0281153078677193,0.6695760856444606,12.86391768315778,-1.1703287112792544,7.210721870912714,9.07864269569309,0.6016874857882861,0.0409711391741375,0.2382023496054754,0.1843521758534377,-0.3118368206168972,0.5927926895790482,5.593881323287534,3.045383222239549,0.2723946893846635,24.509562044007815,10.812337333004592,0.0310581222129097,0.5979309897274095,-1.2630378113175855,0.5985240039289299,0.0048812298668125,-0.8998489202285167,-1.2044905206996848,-1.173342757003576,0.6036362600215004,0.2567973728499614,0.8437978361727717,0.6449485188163855,0.8925440236389405,1.5162004413286594,23.18415354588675,23.134288153789026,24.4111122271938,0.0708827911860121,0.2880383196130974
14_17_23_70_31_23_38,Q2: Weak/Tough,3.645611666666667,23.21071342265625,370,11470,1.0,0.0135135135135134,1.0,43.988225518259135,-2.155168657931131,201.3676148509263,3.8541163752196415,1.0,0.0135135135135134,1.0,43.988225518259135,-2.155168657931131,201.3676148509263,7.7082327504392865,0.9743232829434112,0.0176735910822982,0.9803333744149244,41.163658619693884,-1.8812805262579322,160.78787382884897,8.30837598639189,0.9743852483452256,0.0176800334502108,0.9803820372157094,41.170475122848686,-1.8808563783707932,160.83169927449833,8.308049665866832,0.7969006427601698,0.0401315977207875,0.8109936544451778,21.646283582489147,-0.40270677910616814,17.49937034724606,9.866567323572902,0.7969412981226561,0.0401655204686126,0.8110312810288197,21.65075587506748,-0.4004733981488623,17.525081075388016,9.866464261237027,0.7770657189296479,0.0264471251592994,0.7742705531829632,19.464343065569416,-1.3036550332739307,16.870684990986547,9.251013466332438,0.7115098939104929,0.0163245064946312,0.6466145368689363,12.252875456639808,-1.9701005665277957,10.200616266019235,9.022644537872267,0.6152486657286259,0.0574246563114925,0.2383957406357544,1.6636604047892793,0.735820911786601,0.7754921716447193,5.519892872643861,3.0195190679316593,2.1510923998775744,23.008412081244217,10.544226288400372,0.032559470507065,0.601121070566835,0.6583260135342812,0.5995351595998357,0.0071963916842158,-0.32075775600147016,-0.40623643157204714,-0.5067076544140066,0.6160839836730946,0.2562512450386321,1.123613636204416,1.320318316350792,1.7928280428814756,2.110196822975971,25.63820345514984,22.48791911399271,21.862240082536115,0.044307966654965836,0.06773032536244242
14_18_23_57_34_29_41,Q1: Weak/Brittle,3.1877783333333327,14.248151145572397,381,11811,1.0,0.031496062992126,1.0,44.90707726716092,-0.95106486532598,201.36894191770665,3.8918464815160383,1.0,0.031496062992126,1.0,44.90707726716092,-0.95106486532598,201.3689419177067,7.783692963032077,0.979497058070467,0.0294083634588921,0.9843642622751168,42.60472085777794,-1.091240210659027,162.5223782809322,8.362246053658868,0.9794842274835458,0.0293964308394632,0.9843541745059106,42.60328006044574,-1.092041407872777,162.51579629748755,8.362585311967827,0.7899535544428912,0.0351089143386661,0.7994858932567762,21.320131459158077,-0.7084855683168233,11.525568525814748,9.988599653109562,0.7900248759490286,0.0351061573149208,0.7995680669540796,21.328140433057857,-0.7086706843976756,11.529990697483024,9.987971633038992,0.7913335963823328,0.0293367937830242,0.7901227495701616,21.475101824650555,-1.0960456454787673,21.221124272413665,9.244890101103197,0.7211010157042744,0.0357437663827407,0.6648879372246549,13.588407669861107,-0.6658594130215256,11.805655275848574,8.846739132741904,0.6110402792888127,0.0401644799429353,0.3041379230711849,1.2292524433349596,-0.3690374613688993,0.5589657241756497,5.422816164546844,3.018499767854521,1.1617850653814297,24.295549632699824,13.322663788809535,0.0432667564727812,0.6009081953248839,0.5435638548391466,0.5974586455136603,0.0067399386287115,-1.6525478325115817,-0.5223511994509243,-1.2834829609183578,0.6105553864516936,0.3239776136332674,0.7465721423654585,1.2879578342895637,0.5557171373983684,2.033708520760885,25.050506871776538,21.288712392600218,24.2329423909041,0.1836263431856707,0.24624170186517663
14_18_33_43_14_63_31,Q4: Strong/Tough,4.035500833333334,23.266790575810838,385,11935,1.0,0.0246753246753246,1.0,44.77920145452574,-1.3942241694597635,201.37339890215583,3.9047533706430473,1.0,0.0246753246753246,1.0,44.77920145452574,-1.3942241694597635,201.37339890215583,7.809506741286095,0.9751769337188952,0.0238662836265944,0.980951370645731,42.00030451529522,-1.4484255097051923,181.7493927561684,8.214725870962328,0.9751657872231388,0.0238898439407391,0.980942593475854,41.9990566854506,-1.4468470970829277,181.59962078201363,8.216374984295813,0.789854478918323,0.0270560458387233,0.794873717895666,21.253794129186872,-1.2347288286369547,11.329082214390674,9.888764469949868,0.7899608601193904,0.0270453067936492,0.7950064797752301,21.265703310377056,-1.2354482861192244,11.352835893797373,9.887540243638314,0.7608749971879623,0.0416188427186051,0.7464265037546607,18.00959407069989,-0.25910081835194515,18.2256574899136,9.322800856352655,0.7101654676699947,0.0306031251406599,0.6419081895925958,12.3327548449768,-0.9970938502591176,6.694764003637324,9.119861588600022,0.6229326118580071,0.028223592078691,0.2181654625321466,2.56719593814699,-1.1565095947623778,1.248929425822602,5.73109111170335,2.906016534818465,2.2870194917705167,24.04869082636083,9.234226357652071,0.0274480382428486,0.6020695868614071,1.2640877215943196,0.5988130599422404,0.0128481148973279,-0.7738652159560946,1.6694712528457427,-0.652889663839317,0.6252276827542822,0.2320020395047114,0.8628070747914202,1.0870252618833611,0.5959753918311717,0.6202118021668525,24.18737823884376,22.99157668628604,23.61408142805828,0.0561515548129576,0.08583130695874958
14_19_23_45_46_34_35,Q1: Weak/Brittle,3.362106666666667,15.822360746441875,382,11842,1.0,0.0104712041884816,1.0,44.71457616936401,-2.3718456905076915,201.3774498843358,3.896830833875618,1.0,0.0104712041884816,1.0,44.71457616936401,-2.3718456905076915,201.3774498843358,7.793661667751236,0.9987613404722128,0.0104883070360333,0.999070043708328,44.57612335796589,-2.3706862960125212,200.0853436809,7.8906321401576545,0.99668964717731,0.0105103203801967,0.9975102604206524,44.344557092499606,-2.3691940211169986,198.1860414061106,7.95167161577855,0.7978398765649869,0.0180731317054358,0.8089727594722795,22.11786027264818,-1.8565143756959845,18.54645308890049,9.821093552756338,0.7979064207990904,0.0181155454783519,0.809050612403938,22.125298342664415,-1.8536391647295247,18.57425194699651,9.820716849890305,0.7880295202097545,0.0174593314721643,0.7934483251100105,21.021294680789556,-1.898123622895209,20.64526008036003,9.15608998597346,0.7074928434441325,0.018474046971782,0.6394844238112946,12.019200829558743,-1.829336506547207,9.7307084144868,8.978721606871794,0.6261905528626996,0.0531801295431781,0.2632877714852911,2.9315294787275095,0.523373529636761,1.1564390113371796,5.685373131315153,2.919472949072756,2.1907039089914186,23.59460454700816,11.028676740441915,0.0760055943624387,0.6002440828495373,0.14868586817319707,0.5998479356538381,0.0038488540919371,-0.09503528479747618,-1.6875826423843823,-0.10364503865258617,0.62726865183415,0.2825768577344277,1.0796993070648309,0.5951012149788096,2.4781132115913223,1.094890766705121,23.795537482950465,21.582349562502,25.29320420892229,0.13557826459541536,0.21254658356115372
14_1_18_78_48_39_18,Q4: Strong/Tough,3.9618733333333336,20.75088490068833,383,11873,1.0,0.0287206266318538,1.0,45.040309241436596,-1.1319448051062118,201.3671577346814,3.8960881274033463,1.0,0.0287206266318538,1.0,45.040309241436596,-1.1319448051062118,201.3671577346814,7.792176254806693,0.9840313841179348,0.0275785197317533,0.9878734910728612,43.24251676977916,-1.2082991258054923,183.82247062912376,8.17719667583245,0.9840646383151744,0.0275817539928389,0.9878990921789306,43.24626062246432,-1.2080829027810684,183.85540990664623,8.176798341598596,0.7850365864728281,0.014962108420213,0.799476210449928,20.839113009083196,-2.051755649245296,15.73583764550058,10.110596284051752,0.7851021152540952,0.0149997971381615,0.7995589362081226,20.846490426794844,-2.0492360107975016,15.775868085855976,10.109902552748984,0.7931410257650889,0.0157902479744536,0.7906510489367004,21.751533976200033,-1.9963912756453448,31.41773389823796,9.105793530496772,0.7019967336429388,0.0490415058468434,0.644407150752977,11.490248751362087,0.2265855814417796,12.89018829921284,8.718045127759321,0.6091455655229538,0.0772414851706267,0.2386754559031441,1.03679854230615,2.1118646781811137,0.5816894072518446,5.461715056310451,3.184485521178539,1.5521995964537025,22.86833623681247,10.435174365728132,0.0202271667985158,0.6016128048145407,0.9754819780477593,0.6007783897947615,0.0035849338351332,0.4651232443517124,-1.8171385933660276,0.5897140556535715,0.6095863792334137,0.2384302962431635,0.497524754897577,1.5113137319480097,1.4286777780158584,0.9524002760589798,21.213884247743565,25.16878754707414,24.443646374826628,0.13465103570122164,0.2562741404997131
14_20_23_45_42_33_39,Q4: Strong/Tough,4.299339166666667,21.850277171522503,384,11904,1.0,0.01171875,1.0,44.982742523580626,-2.2652646690329603,201.36409328352804,3.8994741977068657,1.0,0.01171875,1.0,44.982742523580626,-2.2652646690329603,201.36409328352804,7.79894839541373,0.9999973967935676,0.0117189937211948,0.9999980475907596,44.98244973976452,-2.2652483937206656,201.3650928540359,7.80370166073559,0.9861667863208284,0.0126558449706886,0.989490408034744,43.42691466467068,-2.202686962936661,176.12421639387694,8.198729195852907,0.7823102474926538,0.0257393007347273,0.7865113169065729,20.499076659292246,-1.328994674390578,16.554215304996877,9.956657649207022,0.7823440409965082,0.0257115125922978,0.7865757845620421,20.502877430101282,-1.3308503221790167,16.551986382533105,9.956470179346594,0.7808884776540775,0.0129546356643052,0.7811232636911346,20.339169556350186,-2.1827341974280494,19.021313391462304,9.214702077986464,0.7098279025026154,0.0204992641000505,0.6628363189910247,12.34695422194284,-1.6789159552802733,8.039634072504628,8.84782640302064,0.6082087748467598,0.0396429633712411,0.2398953736680723,0.9178045339598305,-0.400530280338267,0.621635272204351,5.668455123305325,3.0042136316262535,0.9649550710543441,23.714865150357372,10.81860201072665,0.0239535677565211,0.5995323998406621,-0.28226136158016035,0.5991189529938878,0.0077510483469565,-0.5354750306950565,-0.16273508227771225,-0.49437308908445343,0.610489210841567,0.2591197253409515,0.9830075989240477,2.304844316217118,1.1746639086795756,0.3949379822027717,21.89742027243504,24.18831044050104,24.63531255347882,0.08545206245814167,0.16485805228817144
14_20_44_29_18_51_40,Q1: Weak/Brittle,2.647735,13.106974196339165,381,11811,1.0,0.0314960629921259,1.0,44.90707726716092,-0.9510648653259866,201.36558290815128,3.90354139700159,1.0,0.0314960629921259,1.0,44.90707726716092,-0.9510648653259866,201.36558290815128,7.807082794003183,0.9922673919310702,0.0329540593077569,0.9941473441606314,44.03875213558051,-0.8531699653250734,187.6085955228639,8.074658753326608,0.9840726458572996,0.0308930740805974,0.9878832807682256,43.118531700334835,-0.9915516200337274,168.7015218894283,8.26173450599257,0.8138518695924616,0.0288993729307885,0.8282975503388992,24.003767751314385,-1.1254155897844191,15.44072484296605,9.954844019567073,0.8139491614021914,0.0289192970820151,0.8284127825278953,24.01469303328035,-1.1240778135698841,15.44134026804152,9.95422824743939,0.7894411648482186,0.0353588091041413,0.7837926437705045,21.262593205796676,-0.6917067720917047,18.089028637839803,9.469421961505384,0.7390775499325951,0.031421221069755,0.6791969387394746,15.60706377010835,-0.9560900100590887,7.067768898657722,9.112962499053475,0.6154756334171045,0.0333181067721516,0.3064517587308626,1.727315893948688,-0.8287265632804792,0.1907448538222172,5.765059290097404,2.8252935621118183,1.5069064986392515,22.782208155113242,12.414979958670278,0.0553791255884357,0.5994685618739761,-0.37296033528937644,0.5979030478055277,0.0136119606477006,-1.3696248076345443,2.034839275831503,-0.9476514825964257,0.6174844321878538,0.330186218063528,0.8505888233934783,0.545207785867446,0.8252086906130035,0.1702866620844079,23.156163054060663,25.14237317612308,22.27720315752197,0.24991791071834926,0.26723718993609524
14_21_17_64_35_25_40,Q4: Strong/Tough,3.680155833333334,22.0539627359,376,11656,1.0,0.0053191489361701,1.0,44.41013672625182,-2.698081323720758,201.35819302775587,3.872858853790792,1.0,0.0053191489361701,1.0,44.41013672625182,-2.698081323720758,201.35819302775587,7.745717707581584,0.9946954825388316,0.0047261848453295,0.99600410465555,43.821207755792386,-2.7374558516378515,196.18949264201683,7.963547065116739,0.9945663223388854,0.0046976102698333,0.9959064118607368,43.806867868303,-2.739353285964776,195.99097930095184,7.967165992593695,0.8115909224675542,0.0154114386929264,0.8275667793026633,23.49219935142511,-2.027924140658516,14.6583916439248,9.799336774776569,0.8116919942667962,0.0154538526051064,0.8276766915540076,23.503420751129386,-2.025107734412335,14.672658035012113,9.798573971057172,0.7722758596437028,0.0240624329095344,0.7673051702531272,19.1272821573739,-1.4534731434496222,20.515243656612743,9.192102709688672,0.7182053007688372,0.0307243214517654,0.6572006642926399,13.124150147072838,-1.0111045069023634,13.597375544948292,8.936834790505591,0.6119403469949096,0.0377215800575841,0.2366786423477395,1.3261854348944826,-0.5464663296944353,0.4610479511654392,5.612303656845786,2.889453718843543,2.2344080491311358,23.827412082044237,10.091874788232227,0.0316191117630491,0.5988219314960254,-0.7765662092977857,0.5997550310054856,0.005703023874021,-0.17796054407599496,-0.9618232869286453,-0.23947792097498916,0.6084645560335976,0.2513002475085131,1.2456883903960896,0.6248136007026309,1.1037584298928598,1.056944185589079,24.324114580342037,25.03041569872849,21.09860909735496,0.16716796495003697,0.3546361097910041
14_21_25_31_54_40_31,Q4: Strong/Tough,3.871590833333333,20.510974614004173,383,11873,1.0,0.0404699738903394,1.0,45.040309241436596,-0.3464549105064327,201.37327577194787,3.896722691463174,1.0,0.0404699738903394,1.0,45.040309241436596,-0.3464549105064327,201.37327577194787,7.793445382926346,0.9940960764865135,0.0406780201370835,0.995548791092167,44.3756286376713,-0.33254620384965394,195.5892971476436,7.994301063319242,0.9831678625096116,0.0412177260009319,0.9871915750944108,43.14529903606809,-0.29646475244791864,172.46035023217598,8.213107068143392,0.7744480303555543,0.0467031684478807,0.7826581992716397,19.647023061278944,0.07025856542619593,17.78709312688916,9.815077737495503,0.7745741358430775,0.0466828330872022,0.782813616966369,19.661220377926693,0.06889906689707802,17.812641924174436,9.814214852085858,0.7773761260490091,0.0289977347069556,0.7746429931574496,19.976676453461657,-1.1134190446604766,26.645630201822712,9.189484947247331,0.7179816684073854,0.0284709325686865,0.6736816039019154,13.289878449496003,-1.1486378314543624,11.642524562241618,9.004138473204893,0.6067692401345209,0.0577501422995201,0.2897129879299787,0.7692650300039792,0.8087920460928644,0.973807855235122,5.644106665970701,2.9145215338751647,0.6365656949709962,24.568388220155562,11.795144623794396,0.0143424518687062,0.6001991365212013,0.11083076378045706,0.5988670316707642,0.0052743220969392,-0.7039332667128295,-1.1734154267348964,-0.8011674181213848,0.6058353968636878,0.3158632590865636,1.0661883213370285,1.1247423884925103,2.0785838468954165,0.3941640990039264,22.38312595167836,25.17198775875749,23.201946941751327,0.09864209946810946,0.11246048667617148
14_23_19_47_55_34_24,Q1: Weak/Brittle,3.3260241666666666,13.979768780756045,368,11408,1.0,0.0190217391304347,1.0,44.19242311122426,-1.8167199243576868,201.36397623407925,3.847176603637114,1.0,0.0190217391304347,1.0,44.19242311122426,-1.8167199243576868,201.36397623407925,7.694353207274228,0.9971104508290768,0.0189185155987931,0.9978277828152377,43.87308752290985,-1.8235632483926323,198.79742129802025,7.848387265475646,0.9813500187355536,0.0183740679153522,0.9858064156280296,42.13133939648272,-1.8596580405258611,172.26162572618023,8.173092273924839,0.7856422753971194,0.0311911358154095,0.7943048275619397,20.502897151737255,-1.0099356233300676,15.312199761008529,9.940153545058518,0.7856554620996186,0.0311881121302434,0.7943649434290323,20.504354466754723,-1.010136082053405,15.32819317862374,9.940041481169096,0.748611878548305,0.0320953866483982,0.7340534257892756,16.410520499273453,-0.9499872631005775,13.602019748790669,9.436099485646285,0.7067510950166576,0.0355135943893338,0.635382011218607,11.784318574455567,-0.7233732070033804,8.529623265619563,9.081961796747736,0.6044860839930114,0.0395152472872347,0.2547135802348235,0.48260487190521356,-0.4580789759282914,0.3661729476967472,5.662623566937273,3.0765161352651806,0.3834395932797623,23.070010097863683,10.506716507681114,0.0151235523520614,0.6001978831306478,0.1316622832084885,0.5998263651258237,0.0036215770154876,-0.0990395530477288,-1.8001657428302082,-0.05071373782384159,0.6064921507331374,0.2708717339173656,0.7329316987640456,1.1684575303744715,0.7834667050182187,0.9542557360579188,22.53672847320489,23.52046893899917,23.683936981823177,0.1763721376049319,0.28373993037975903
14_23_23_20_75_41_20,Q3: Strong/Brittle,3.8018916666666662,15.607904009908331,377,11687,1.0,0.0172413793103448,1.0,44.538595515138205,-1.9157060394466716,201.3745773709702,3.876606439167848,1.0,0.0172413793103448,1.0,44.538595515138205,-1.9157060394466716,201.3745773709702,7.753212878335695,0.9838049006606048,0.0170776163217747,0.9876961633357112,42.73611592100635,-1.926658766837518,173.5623232791348,8.202428643677546,0.983824126916967,0.0170796623758223,0.9877111086774932,42.73825576183339,-1.9265219235104272,173.57543886117222,8.202248868745933,0.7855042309378597,0.0217203626335659,0.7948035354163313,20.66567947678785,-1.6161445588231695,14.758225440675483,9.76937511200346,0.7856240141332818,0.021686174717877,0.7949439110207124,20.679011087847684,-1.6184311006350363,14.78725371748727,9.768636049875033,0.7711254260867105,0.0282812723044889,0.7724041850824107,19.065349538140605,-1.1773405550062244,19.34759308569186,9.18252294734382,0.7219866488520246,0.0259541290462878,0.6587811140504015,13.596309713811893,-1.3329835725712864,9.937031133208338,8.97054115624563,0.5936159934320463,0.0474714456557372,0.2186826276340971,-0.6910671049883157,0.10612855565512695,1.009738805717008,5.627996147395083,3.1228310372823413,-0.9527907934468097,21.98579920711694,9.914678629735583,0.0066119466937323,0.6022270930232645,1.3883070897214271,0.5979692655231273,0.0040437106327731,-1.2213197317214601,-1.6056134807352143,-1.372328482683542,0.5965484071359834,0.2331152712883796,0.729594734421284,1.7758013565320938,1.2290404898108491,0.4540708230999942,22.965758081803507,22.326204769800256,25.066277951268383,0.05305565125090158,0.19675778356145376
14_25_11_63_30_30_43,Q3: Strong/Brittle,3.8816741666666665,16.736725833871457,382,11842,1.0,0.0091623036649214,1.0,44.71457616936401,-2.4605754799275017,201.37882183795145,3.896512566791684,1.0,0.0091623036649214,1.0,44.71457616936401,-2.4605754799275017,201.37882183795145,7.793025133583368,0.99597472502544,0.0095501428963169,0.9969702682475824,44.26464572086223,-2.434284029423027,197.08495485665352,7.9682192692895075,0.9828410694858648,0.0106137968046184,0.9869236835330468,42.79661395539631,-2.3621793999264757,169.6154913740037,8.239991952576933,0.7976586901804283,0.0157727377162356,0.8095710423147078,22.097607924229234,-2.012457070018655,19.03844238149671,9.766940913536889,0.7977432171105076,0.0157367527935696,0.8096834856755968,22.107056033936367,-2.014896472061033,19.067009209496216,9.766252861799057,0.7725715610500711,0.0260040191000786,0.7657762448937656,19.293460795751944,-1.318883015808672,15.926906975274482,9.2882847425049,0.7147807828527392,0.0395484238342909,0.6587361914432824,12.833819922041155,-0.4007137903777919,9.544989540888302,8.937846885803538,0.598696821544646,0.0421428753244999,0.2863536847999606,-0.14161880085598275,-0.2248370677067656,2.0615451091992827,5.618648486481344,3.105019162752899,-0.09274173935873853,24.59830711382467,13.142421578023528,0.0184988427166351,0.600752160854835,0.461270075746853,0.6045525455451305,0.0078489727130931,2.799376084085512,-0.16730959452616256,2.0188820115407036,0.602188108752843,0.3036297325874888,0.8462337859049303,0.6231060720358501,1.2138998172358737,0.4807651287645325,22.850799536346194,21.924471469870305,25.89092448895821,0.08114754923840592,0.20163175610548978
14_25_17_33_67_12_48,Q1: Weak/Brittle,3.5978341666666664,16.419718941722916,387,11997,1.0,0.003875968992248,1.0,45.36668422832275,-2.8190044742451383,201.3752912301816,3.9108594590792016,1.0,0.003875968992248,1.0,45.36668422832275,-2.8190044742451383,201.3752912301817,7.8217189181584,0.9975990490156136,0.0038887872243897,0.9981951039575404,45.094383400731324,-2.8181373151334994,199.1009388527337,7.953724491128087,0.9866655029885794,0.0044113835347308,0.9898780072182952,43.85436906848071,-2.7827834420555795,173.61971851679695,8.216351520564052,0.7942611335222504,0.0287224342901419,0.8078435467937433,22.03307018374849,-1.1381300340805316,21.87560024236229,9.706827196100583,0.7943453103051684,0.0287039110739302,0.8079477623761748,22.042616987411552,-1.1393831379046209,21.91539435958044,9.706066588716,0.7847561169326791,0.009173933822169,0.7898528080378987,20.955070715853505,-2.4605947946091344,21.3221471246015,9.165554054156868,0.73687814919257,0.0303077996375757,0.6982870955086485,15.525051392756366,-1.0308793624507915,14.386685507760918,8.882447388203223,0.605135104413131,0.0477869287177629,0.2547637714044424,0.5835801356813387,0.15159150231704124,1.7546816493653563,5.636763545188067,3.0081745655026215,1.2125955592283533,23.93219211580127,10.654281723481233,0.0139866177796464,0.6007211873895186,0.4261886831059886,0.5981931474754307,0.0077815095302005,-1.2128025691201774,-0.14480661294268923,-1.4926121912249235,0.6063107803813484,0.2706156886627494,1.331018241651545,1.4391160871333717,1.8970505187424724,1.5755309660628856,24.63247275048998,24.41764314559576,22.08315261310032,0.044688998101039976,0.15077592634607573
14_25_20_29_59_28_41,Q1: Weak/Brittle,3.5281941666666667,15.63717119539792,387,11997,1.0,0.0232558139534884,1.0,45.36668422832275,-1.507949333839994,201.3781885593088,3.910544368507293,1.0,0.0232558139534884,1.0,45.36668422832275,-1.507949333839994,201.3781885593088,7.821088737014583,0.999259618127982,0.0232907616967667,0.999444328471514,45.28271475214633,-1.5055851034469125,200.7057770346787,7.889451599536628,0.9861591889841348,0.0241074609010268,0.9894946579432156,43.796946104276955,-1.450335038647557,172.58607280738102,8.224083128216037,0.8033177018498322,0.0508042177833078,0.8126537672544624,23.060209457634613,0.3557124510337376,18.57449337566075,9.744623488876188,0.8033934874627318,0.0507703692992332,0.8127735159196682,23.06880458733375,0.3534225860152261,18.604423419283663,9.743888787551914,0.7757334577389251,0.0307423875756378,0.7765836961389855,19.931777203611112,-1.001479294942825,15.611755001529325,9.250864667813469,0.7220959174421986,0.0141242312092826,0.673807371338709,13.84854322351397,-2.125704972276209,7.165974580926837,8.970389280837828,0.6315305989103602,0.0257388480532795,0.3048459581913396,3.577191851631175,-1.339970971430844,1.806833134237037,5.675561678291757,2.930926517452247,2.515214032981721,25.196642803638206,12.054869504109437,0.061397656657118,0.5990870819462744,-0.6332425828986984,0.5987285250137836,0.0123420069946899,-0.8657039742329542,1.5311696058241542,-0.9799294106047967,0.6316171628699119,0.3241113096526599,0.532970002890187,0.7454328251454665,1.1989786099609323,0.6428295658736934,23.6739500721929,22.667596219236085,24.6023790084234,0.07381790686571103,0.13619684329661266
14_25_39_29_35_38_36,Q4: Strong/Tough,3.6670175,19.161257746075,368,11408,1.0,0.0027173913043478,1.0,44.19242311122426,-2.897635618462858,201.3726499220314,3.8484817029085936,1.0,0.0027173913043478,1.0,44.19242311122426,-2.897635618462858,201.3726499220314,7.696963405817188,0.9577660117700874,0.0040065721911766,0.9667643914797972,39.524976848680105,-2.8121678728052193,151.66036396675997,8.350949295188569,0.9577660117700874,0.0040065721911766,0.9667643914797972,39.524976848680105,-2.8121678728052193,151.66036396675997,8.350949295188569,0.8048874846783441,0.0161901783023983,0.8178944574044938,22.629761885480594,-2.004441541345084,14.69651135263004,9.81487732002705,0.8050178618143772,0.0161873186991495,0.8180671162345976,22.644170382092042,-2.004631122066957,14.740940165117063,9.813738209555062,0.774387383579756,0.0175971105240843,0.7731418642365628,19.259074227358887,-1.9111673340487072,18.69251414531003,9.400247500530336,0.7061326453173716,0.0099039718666036,0.6496438447078531,11.715971234824988,-2.421192905172324,7.399817294008787,9.018299335927647,0.6108746423141618,0.014819982117414,0.2338844755192897,1.1886298984022279,-2.095280290380041,0.7885128430483691,5.834543152046266,2.9276629423135523,1.2701623949037133,23.059123496043437,9.779897735958805,0.0356064296984754,0.600957030844786,0.6030708539028992,0.5994057839929978,0.0035634289199301,-0.3602081596232445,-1.8222187247105235,-0.2978179574165515,0.6144529752522907,0.2469414415377608,1.88439020940873,0.5991992932849055,1.1127531514953983,0.6289148147416201,23.09565438533663,25.39553321230869,21.517471848163886,0.1293839298250058,0.12591517369849536
14_26_43_19_49_11_54,Q1: Weak/Brittle,3.4648191666666666,15.631411407693747,372,11532,1.0,0.0080645161290322,1.0,43.92333013321453,-2.5390475993321284,201.3717954818703,3.861355379732462,1.0,0.0080645161290322,1.0,43.92333013321453,-2.5390475993321284,201.3717954818703,7.722710759464927,0.9954463797754596,0.0078197696469605,0.996571333252152,43.423245476665016,-2.5553346265812196,195.7157251207801,7.9418819546945345,0.9946746967796236,0.0078333933851382,0.9959871632513246,43.33849821911859,-2.55442801418354,194.45417731856733,7.959022356677873,0.8142352966481736,0.0088195963672964,0.8262613929357241,23.52240223543478,-2.4887996353501323,10.928712862214905,9.891850286612158,0.8143182316132859,0.0088348781923556,0.8263598452077024,23.531510264101858,-2.4877826830366683,10.94188765996084,9.891476726633991,0.7809500058681813,0.0216940124465609,0.7769016445876942,19.86696713389572,-1.6320520174714561,14.816327776839172,9.33613592144994,0.7207201392046672,0.0213101357769716,0.6588793837406125,13.252442711739612,-1.6575976748593306,8.152359210338597,9.003655673157708,0.6103223974608748,0.0365982599589137,0.264023383197157,1.1284152255962128,-0.6402261766825718,0.1819591496723081,5.863051218258825,3.0516849682103686,0.8739174119788999,23.603542871382235,10.762999904965879,0.0224816687052235,0.6006576519754533,0.4041015375409678,0.5992284246544147,0.0051106083643936,-0.4435591304054757,-1.1726566415485875,-0.466331307496306,0.6143039869239968,0.2870968975622499,0.5580041677406989,0.7801711988985578,1.2094293384568533,0.5887179269153268,21.730935778422584,24.67939080082617,23.57211987515827,0.1038603292079565,0.3380320998067911
14_27_14_47_50_28_36,Q3: Strong/Brittle,3.668339166666666,16.618423341725002,376,11656,1.0,0.0292553191489361,1.0,44.41013672625182,-1.1086505018057478,201.38042869572945,3.873822754510226,1.0,0.0292553191489361,1.0,44.41013672625182,-1.1086505018057478,201.3804286957294,7.747645509020451,0.979952105147224,0.028815759852968,0.9847177105886712,42.18433840209591,-1.1378385083607123,167.82587264195067,8.254393937881508,0.979915811121859,0.028815544008162,0.984689415375875,42.18030889269218,-1.1378528410791195,167.79512022017917,8.254575669170418,0.8012249479800752,0.0231560270131174,0.8152102361555235,22.34132696248304,-1.5136611123738375,16.463099255602106,9.797482091358637,0.8012713274471035,0.023174339764971,0.8152666698526362,22.346476198387613,-1.5124450927695539,16.483930426153265,9.79725536490132,0.7732937013717434,0.0228433673153694,0.7703948069058416,19.2402870603408,-1.5344226191626829,20.62636812018842,9.136907918466076,0.7312718135867502,0.0442371083693987,0.6768864490407268,14.574847217575751,-0.11381643508703518,11.959050845728129,8.922791827350077,0.6077460710269059,0.0496883531457875,0.2942991595851069,0.8605199628243632,0.24816195946726705,0.3753722838251622,5.632797307169041,2.883475173641366,1.1457478896869582,24.02361977036678,12.487408596570845,0.029280768763218,0.599937901931157,-0.06064446899346407,0.6032077132541851,0.0052289711547279,2.037017744228893,-1.1383317587049249,1.3537156910440582,0.6125463259325437,0.331546757789438,0.5273256328710704,1.600076055932338,2.255612984384958,1.6474075302706994,24.264644463247443,23.31647292067188,22.61380935874805,0.021864972135325306,0.06562398192210571
14_27_1_4_143_23_4,Q3: Strong/Brittle,4.398495,16.98739896354521,376,11656,1.0,0.0066489361702127,1.0,44.41013672625182,-2.609779611392143,201.3761679921652,3.875430292056801,1.0,0.0066489361702127,1.0,44.41013672625182,-2.609779611392143,201.37616799216516,7.7508605841136,0.976340683066938,0.0082895392517913,0.981923831216206,41.783383724652204,-2.500838829253193,165.9959646005408,8.324794897513618,0.976354414989334,0.0082936701990261,0.9819343240472892,41.78490829818378,-2.500564522427985,166.0056367823196,8.324566655869184,0.7646253681395058,0.0194701134606716,0.771330767738997,18.27789366576113,-1.7584164159623394,14.689449060924517,9.908270384010835,0.764688387050358,0.0194731589198936,0.7714251939006602,18.28489027997899,-1.758214188675714,14.70946514826254,9.908269256633924,0.7594228190204814,0.0202293607281066,0.7544903466297206,17.700285632822954,-1.7080002049482514,21.761542844402936,9.29800532430537,0.6977228554835048,0.0211745682225255,0.627601833825122,10.850106277354755,-1.6452356978704563,7.878551864220977,8.88753607170195,0.6092050656719694,0.0395611023200667,0.2843430029066347,1.022503445867477,-0.4243167395302862,0.6569042979280414,5.492951939582065,2.7511127070710604,1.0306705603706203,22.887637481166724,12.29183387649136,0.017128332937716,0.6060801564150006,3.8797587720175177,0.5996402080758612,0.0117960167565702,-0.251622201245108,1.3068375992407761,-0.33490463738449594,0.6083101927933087,0.3081851461978947,0.8668369613911121,0.7696996995387995,2.312493371825688,1.3404954196458267,20.99934345639678,23.384335166235253,26.17327790498222,0.10986031798869308,0.16614495546008234
14_28_19_30_68_32_25,Q1: Weak/Brittle,3.425864166666667,15.952042654626831,369,11439,1.0,0.040650406504065,1.0,44.095197579514426,-0.3874644978776212,201.37779581493984,3.849997924485585,1.0,0.040650406504065,1.0,44.095197579514426,-0.3874644978776212,201.37779581493984,7.69999584897117,0.9999209195569418,0.0406493892615747,0.9999406857101014,44.086480544195254,-0.3875317553927121,201.3432771903665,7.725552238526987,0.9996860921191748,0.0406440689201198,0.9997645036561144,44.06059552142901,-0.38788352298903717,201.17032603353252,7.747158379101751,0.7838490093191356,0.0329324419971646,0.7958775120287326,20.268879122332315,-0.8977569003723729,15.135875261526683,9.901532013141678,0.7839929384182684,0.0329352896834677,0.7960514861470691,20.284744423436848,-0.8975686185159508,15.156471871327746,9.900854300486126,0.7826010063336662,0.0442731054149922,0.7887804117779772,20.131311783530666,-0.14794075698462367,21.015632879696465,9.374912904407708,0.6997889427782141,0.0374926097205143,0.6413501313587476,11.002940027502978,-0.5962500793385859,5.6476792226486365,9.05261473127408,0.6191977199650974,0.0502777930431042,0.2656046793250541,2.1193714926073812,0.24907408718059956,0.3095958575341506,5.69698443126327,2.7441905989906163,2.126959337566784,24.41406125227307,11.37925280185691,0.0481942046287994,0.6015548132335016,0.9765517922425802,0.6004662676553358,0.0092101186189745,0.2834710366837381,0.3517910323912151,0.31380043488229514,0.6204671467017989,0.2775724017860705,1.2950531260269875,0.3435531749640707,2.051074135700986,0.8551971214720654,22.745910250463623,25.468875359215183,21.73315866564135,0.16602875934611183,0.2593973840536968
14_28_21_32_42_40_39,Q1: Weak/Brittle,3.483145833333333,14.635574730231252,384,11904,1.0,0.0078125,1.0,44.982742523580626,-2.526117807812529,201.36397202429197,3.899791182122648,1.0,0.0078125,1.0,44.982742523580626,-2.526117807812529,201.36397202429197,7.799582364245296,0.9780225752204602,0.0117451560625571,0.9831816138815156,42.51093152346648,-2.2635013143319482,176.65042224255805,8.257069842866713,0.9594604015275102,0.0118899158332965,0.9683072582312472,40.423235372506255,-2.253834487946954,148.72548435480138,8.462196274779943,0.7857326420026505,0.0415926461760582,0.7901764135759555,20.88399493253851,-0.27033357524742674,21.033270754650164,9.893408157174775,0.7858505005208706,0.0415433140949515,0.7903424400836488,20.897250533898355,-0.2736278928664245,21.053995811804278,9.89214830237084,0.7704491991070267,0.0269580993948623,0.7591189284410452,19.165059131461895,-1.2476052456452218,15.49450077090002,9.317437102760772,0.7220092685611516,0.0365503572651947,0.6600828531696249,13.716998024706214,-0.6070495788396592,8.185794121901504,9.080563753460323,0.6143704580409315,0.0556917292082324,0.264299568553626,1.6108118563077618,0.6711806808438119,2.152787878162943,5.7576739556920815,3.1149312804373825,1.2676821815824026,23.11020575408968,11.688605663431662,0.0335445247029027,0.6027304211208858,1.676352444743372,0.6017522155103889,0.0111623507601297,1.0772548008376681,1.0755811616287188,1.2552626141924426,0.6159002080184842,0.2830511570965972,1.1246446969960897,1.144734727414491,2.377461402006864,1.3494609881328603,26.02910377967836,25.30908497253209,19.851238414392164,0.1004414477869301,0.166448427336701
14_28_22_46_20_58_28,Q1: Weak/Brittle,3.151096666666666,13.481300455557085,374,11594,1.0,0.0427807486631016,1.0,44.228901369510815,-0.2180993192120836,201.3619481216496,3.8653405833610206,1.0,0.0427807486631016,1.0,44.228901369510815,-0.2180993192120836,201.3619481216496,7.730681166722045,0.9855353568971772,0.0422867221869067,0.9890193846827592,42.62923146834121,-0.25113493076462756,167.44243672320465,8.209973499314025,0.9855462133691476,0.0422867011856831,0.989027844991123,42.630432104355556,-0.25113633511904665,167.46755512056572,8.209782067196588,0.7805824903084361,0.0390032119848357,0.7900911209657528,19.963139432067166,-0.4707036640032031,12.348543077184493,9.908172121669578,0.7807084850590758,0.0390017863502016,0.7902444379318961,19.977073409481672,-0.4707989963674739,12.363995289918458,9.907137965343976,0.7755706133329474,0.030930197032099,0.7767719210752358,19.40886728798021,-1.0105471721703052,21.43083032435816,9.244074567742548,0.7146368815855509,0.0433459546245733,0.6507039109272434,12.670100493019985,-0.1803039266773023,5.728319358807778,9.138146212806909,0.6108655873942036,0.0617009503297743,0.2789649296393573,1.193853568481684,1.0470969058367972,0.886569774425141,5.54782778497414,2.9860638847298233,0.9304438962662942,22.47606174104332,11.579432888953772,0.0236872766950661,0.601950062932259,1.2761602222107933,0.6013720334425439,0.0090260034293609,0.9127215313843303,0.295775187982485,0.7042563116416056,0.6104322112429457,0.3038220782304228,0.4374757474038604,0.6176126899775588,1.1574296773408428,1.2879490864951366,24.74250387141249,26.789003973527457,19.183157233625455,0.09528662663057287,0.23591473960567616
14_28_25_44_29_24_52,Q1: Weak/Brittle,3.06924,15.510309568354163,379,11749,1.0,0.0171503957783641,1.0,44.601299060790396,-1.9211341542370914,201.378816251787,3.886320033425549,1.0,0.0171503957783641,1.0,44.601299060790396,-1.9211341542370914,201.378816251787,7.772640066851097,0.9576569962485952,0.0195401221687359,0.9665895249699952,39.87954226591914,-1.7608879105372406,134.68980201891875,8.566123091631308,0.9576569962485952,0.0195401221687359,0.9665895249699952,39.87954226591914,-1.7608879105372406,134.68980201891875,8.566123091631308,0.8042436612266812,0.0387534157078803,0.8002286194416824,22.772100826090934,-0.4725152620385615,12.929243367225226,9.453819880293585,0.8044184185774188,0.0387720983587267,0.800444418408487,22.79158838330684,-0.47126247233319896,12.948366722016056,9.45289870558811,0.7599162412999293,0.0227838915170324,0.74562181517526,17.829057638435437,-1.543372693905116,11.804272104983207,9.09440576590086,0.7224224308557435,0.0153713699155371,0.6402675211353307,13.648044518302793,-2.040429071475947,9.45060060859458,8.966862826789558,0.6365380782582423,0.0557129482651694,0.3113208217095231,4.070900963934219,0.6647284819149364,0.3267382935167469,5.621264514543966,3.032821897946384,2.7088618778199485,23.48194510222907,12.902516332164613,0.0773739729050973,0.599330335482968,-0.4111179862791006,0.6037311849994229,0.0070889354075371,2.2859940044494866,-0.4184496180964974,1.95585756667277,0.6390925298968777,0.3510489853520154,0.5309212008532378,0.6724972867692994,1.3089592437845434,0.4543135798773962,26.55398313300022,22.28699231235668,21.692842577636284,0.10220050879317985,0.18681715487052392
14_29_22_35_32_38_46,Q1: Weak/Brittle,2.9837650000000004,14.030676846908127,386,11966,1.0,0.022020725388601,1.0,44.87472679987692,-1.5784222892929487,201.3648051964408,3.9059141650913913,1.0,0.022020725388601,1.0,44.87472679987692,-1.5784222892929487,201.3648051964408,7.811828330182781,0.9852923826484484,0.0215611955627014,0.9888100355110672,43.22462939972692,-1.6093253761282122,163.6689081389433,8.270887355901765,0.9853389560572962,0.0215685275840263,0.9888464929110048,43.22985462819315,-1.608832302384331,163.69409934114313,8.270531153908644,0.7979041183777056,0.0333132069136806,0.8004958248751057,22.200905413655587,-0.8190101304151705,12.81385921594558,9.762666835015132,0.7980080734676881,0.0333282526324517,0.8006314377105639,22.212568487259713,-0.8179983154524051,12.841327964298928,9.761859238447656,0.7793978525372961,0.0336935401052606,0.7710155401830059,20.124624774866536,-0.7934329665766309,16.235651132479788,9.30535080276658,0.7221463864591928,0.0235194878216959,0.6774764857877206,13.701388905170212,-1.4776314744101686,10.387480490571871,9.0929702318436,0.6174299271860543,0.034529644292549,0.319590428685864,1.9528947018388652,-0.7372054948287011,0.387819327837842,5.901702453633384,3.072070778825626,1.7859532118893489,24.05853990930023,13.937573242650167,0.051618289130611,0.6001907467349055,0.1056383524393695,0.598526204164505,0.0083103264101395,-0.9455684520593959,0.014469196560690954,-0.9610578291969988,0.6185926022819387,0.3449712233528287,0.792225604943808,0.3806442678185979,1.620743665155701,1.0130922572996988,27.03799841286341,22.61671211585676,21.586574300278315,0.26871557229739634,0.2996489316425264
14_29_31_25_38_30_49,Q1: Weak/Brittle,3.424666666666667,17.847920238116668,381,11811,1.0,0.0078740157480314,1.0,44.90707726716092,-2.537130569323788,201.37599429933883,3.893121710300064,1.0,0.0078740157480314,1.0,44.90707726716092,-2.537130569323788,201.37599429933883,7.78624342060013,0.9789279066888058,0.0100137452141663,0.9838842466504492,42.54080859894305,-2.3934617548894876,147.08015532357035,8.405780527357049,0.9789453958170234,0.0100176401568698,0.9838978244480056,42.54277252229536,-2.3932002350060833,147.10933613679754,8.40578499133183,0.7750949245973583,0.0117398703654828,0.7581959674404302,19.65159716895287,-2.2775637603159837,9.415120409384413,9.448083349874551,0.7750843429296587,0.0117725666787951,0.7581179406575113,19.65040891165136,-2.2753684170988637,9.410507168040034,9.448225631191407,0.7595189452680386,0.0180938997854838,0.7281876035965672,17.902508869111365,-1.85093231550012,8.446651080529522,9.402743868119863,0.721328764653841,0.0191494127154147,0.6765598642666212,13.61398249983268,-1.7800615378325255,5.580501915488526,9.214265591750705,0.6049581892992232,0.0555841687445993,0.2780455566637239,0.5462705123465615,0.6662936139574518,0.4371539226182455,5.689344848438246,2.892068655349653,0.5033080709831922,24.193756440784952,11.525136606379043,0.0252328443311831,0.6023643151367141,1.4705838754049083,0.5990501773864,0.0078861725779283,-0.6393194584371862,-0.0958190187793408,-0.7715365701873019,0.6083449894310784,0.3052372358675698,1.1249351295272942,0.8703049765805833,2.1568725249162983,1.141178146579949,24.64842639643661,21.67514035772408,24.3759712412133,0.08225516024965149,0.1859893465332244
14_29_33_26_25_43_46,Q1: Weak/Brittle,3.540162500000001,13.63217812648125,382,11842,1.0,0.0104712041884816,1.0,44.71457616936401,-2.3718456905076915,201.36600427316048,3.894286061078492,1.0,0.0104712041884816,1.0,44.71457616936401,-2.3718456905076915,201.36600427316048,7.788572122156983,0.9856492049118576,0.0109940767132175,0.9891043826242008,43.11049701671656,-2.33640039258159,169.57935868807203,8.202344949409195,0.9856602335031542,0.0109955673151541,0.9891129175210792,43.111729752134586,-2.3362993453334893,169.59046036542537,8.202322433557967,0.7824424965455631,0.0201665190017196,0.7821009800232245,20.39679770135164,-1.7146045738203302,11.034032296487116,10.033270185294487,0.7825089069063021,0.0201565212343955,0.7821854941823364,20.404220807495033,-1.7152823180593826,11.042775619838944,10.032503712364296,0.765577418305227,0.024011616988201,0.7615452703895191,18.51168121498747,-1.4539470765561078,18.44010285487256,9.29005327695634,0.7080003635390985,0.0212205012863538,0.658962535884083,12.075929561234183,-1.6431555794281278,12.438276834871516,8.90790488102511,0.6134887056861305,0.0512217277375741,0.2415128194138756,1.5117636656901907,0.3906143346614467,0.7759159032717889,5.837700731633259,3.046862120738055,1.7771808097717614,24.40625934200166,10.834758536321935,0.0346777245150609,0.5998286190490043,-0.10691941587976025,0.6016733185986035,0.0088363432972622,1.0279928237972484,0.207947498956358,0.7702467409044311,0.6185313279693972,0.2643231613382231,1.279070704776566,1.0564249499501328,1.366249776530985,0.8363680330897358,23.687392776371198,22.35013682594404,24.61692085217096,0.04440331650303704,0.09713617215500651
14_29_34_26_24_39_50,Q1: Weak/Brittle,2.8803183333333333,13.822169142952085,383,11873,1.0,0.02088772845953,1.0,45.040309241436596,-1.6556047348394025,201.3748131397211,3.897357780327177,1.0,0.02088772845953,1.0,45.040309241436596,-1.6556047348394025,201.37481313972117,7.794715560654353,0.9876229656752232,0.0201683046263552,0.9906113915179116,43.64686729913773,-1.703701036570966,169.9538214300809,8.19945075974298,0.9875884931498854,0.02016642247283,0.9905848317570158,43.64298628358892,-1.7038268659078308,169.9287700376261,8.199817357524273,0.821427583240767,0.0266310310760576,0.8370677013897118,24.936115561382657,-1.2716424544112066,19.154081145238347,9.711289193733847,0.8214393323093987,0.0265986375701765,0.8370957582761631,24.93743830515024,-1.2738080871872646,19.178359611127824,9.711025365300657,0.7717735760959109,0.0355091204966472,0.7754878692088542,19.34592534753287,-0.6781073949899405,14.87989007375782,9.24329119754811,0.7074906397994923,0.0481019047984851,0.6329028282228358,12.108768427781722,0.16376957028781758,4.2668597217941135,8.973102575048262,0.6202553707356484,0.0726753793128477,0.2846457564264745,2.287572204874817,1.8066026129742203,0.5496516183165298,5.71584512236972,2.6900933680426706,1.6317034499554797,22.855888059001167,11.727388571717592,0.0481183751771484,0.5990556143551181,-0.5885892020657759,0.5976182134212864,0.0066388495363623,-1.467756166962906,-0.6534769708340029,-0.9201572150493692,0.623931845562888,0.3080721282102092,0.6708661099093821,1.0776301051281354,0.5042034654167131,0.8315361118644843,24.37749134942223,25.107932295281927,21.388933538183725,0.3113064496373009,0.4920524161061936
14_29_35_19_25_74_20,Q3: Strong/Brittle,3.759005833333333,17.023075533108337,373,11563,1.0,0.0053619302949061,1.0,44.29201478100146,-2.678984964011061,201.36671284029103,3.861892936273788,1.0,0.0053619302949061,1.0,44.29201478100146,-2.678984964011061,201.36671284029103,7.723785872547576,0.999679481292026,0.0053943501632594,0.999759547162775,44.25652717605649,-2.6768518862363986,201.10827448508564,7.773963590365605,0.9838329854572152,0.0063223117402423,0.9877006193049108,42.50201435057232,-2.6157962954476774,170.70653739131652,8.193512987603778,0.7800380534368825,0.0377199330165084,0.7837613094607988,19.937983430065866,-0.5499776625084529,11.249373720193224,9.921154886697064,0.7800926279153454,0.0378055517800976,0.783846561847845,19.944025877772,-0.5443443428503973,11.264314331602655,9.92063948134242,0.7710822112382005,0.0316051733201551,0.765401619232655,18.946398907885136,-0.9523006412310846,18.66936377189948,9.253401759184957,0.7151788189486992,0.02849634950355,0.6503089621162168,12.756814801565655,-1.1568469063878888,12.540686009752834,8.99207228818826,0.6223946621623001,0.0697793160487752,0.2547677455806215,2.483818501282048,1.5593818410618283,1.2494831634007175,5.7290505009911925,2.94741041437099,2.045648270704025,23.60810561329906,10.60436006847946,0.0633455865308947,0.5990514406445598,-0.5986062516837656,0.599832824167898,0.0067491436119373,-0.1184112538526981,-0.6192260107123853,-0.06498837302710393,0.6247332182303852,0.2913559099456119,0.7702182901366288,0.3709227867288211,1.638438385328077,0.763010677259309,22.22397240799009,22.836783660973765,25.124069229341583,0.10343572970355286,0.16014941816935221
14_2_14_75_77_27_7,Q4: Strong/Tough,4.243061666666667,22.541099549212493,370,11470,1.0,0.0094594594594594,1.0,43.988225518259135,-2.4220764913087085,201.36972325838224,3.856066905082841,1.0,0.0094594594594594,1.0,43.988225518259135,-2.4220764913087085,201.36972325838224,7.712133810165684,0.9746259672142368,0.0119131410187293,0.9805981155758994,41.1969553986476,-2.2605328068755064,176.17108927956426,8.276348842076398,0.97315270400212,0.0120592385276295,0.979472202565616,41.03488909972597,-2.250914146383444,171.65386295579768,8.291543895470403,0.7856383933081507,0.042285742586206,0.7993484591331849,20.407379989967964,-0.26088377153296255,14.557115876195216,10.2418678554775,0.7857462609294485,0.0423175348418011,0.7994906793934268,20.419245966131253,-0.2587906563583911,14.573735405567623,10.240798029662464,0.7832320859139882,0.0202322767534163,0.7868363550118952,20.142674178927372,-1.7128236582274086,32.84439237673664,8.986895808832942,0.7005688276537642,0.0363304763432469,0.6293555335955684,11.049303616997829,-0.6529622166896946,10.577566152384316,8.476421429392285,0.6178295915758214,0.0360564057537707,0.2439575317610791,1.9475751162990667,-0.671006274872998,1.1954807781673942,5.367583774683099,2.920610607807365,1.135413542155385,22.63704037948088,9.94125330362523,0.0397724869207389,0.5991401545819263,-0.5646194922325403,0.5953949988728546,0.0063607156252452,-2.8767424584254995,-0.7162349556915084,-2.0902229304936824,0.6180358168611612,0.247762481058951,1.4604054082895788,0.453285454177419,1.2066318965626814,1.0350243784484443,21.698022979709236,22.626366880864357,25.759837805809997,0.08174662114366897,0.2943016710721371
14_2_16_67_88_21_8,Q4: Strong/Tough,4.035909166666666,24.130860147112298,370,11470,1.0,0.0378378378378378,1.0,43.988225518259135,-0.5537216576656424,201.37514395063224,3.856716692514718,1.0,0.0378378378378378,1.0,43.988225518259135,-0.5537216576656424,201.37514395063224,7.713433385029436,0.9756424204876412,0.0377816660216121,0.98138497172554,41.308770326688006,-0.5574198564478446,174.22455823348346,8.290585395412167,0.9756407362064988,0.0377776357734251,0.9813837799548922,41.30858504736464,-0.557685196968031,174.22816197607912,8.290567255506195,0.7891881271942485,0.0337379682834527,0.8026637122350447,20.797868416167073,-0.8236458583055788,12.094262395657902,10.18679996622175,0.7892678163457005,0.0337434049791355,0.802810487962119,20.806634620151417,-0.8232879211281062,12.10566269411906,10.186253910839028,0.7727611371920156,0.0306020419786424,0.7754944039996798,18.990817612082175,-1.030106671232253,19.42750283177161,9.257096062763887,0.694690652560252,0.0531425150477922,0.6219810793285309,10.402675048535855,0.4538964402152253,7.041458624449054,8.85658095547128,0.6098342073254014,0.0408795316284259,0.1843480896572458,1.068042984318386,-0.3534648558028112,0.9118471668655116,5.290384636488635,2.736952396078061,1.531243239637675,23.67521285019489,7.653694730542417,0.0235877846106528,0.5992023670457683,-0.5262117790140203,0.5995056238043407,0.0145717992178397,-0.33899208226016697,2.329710620709607,-0.2379689635768157,0.6091871874957394,0.181406246257039,0.7153359148094895,1.698398862175592,1.309615916458508,0.8172069761645573,24.58261032644192,23.61633584006001,21.78380355289299,0.11379055954920586,0.2902333934931667
14_30_25_31_30_35_51,Q3: Strong/Brittle,3.754955833333333,14.043499187801164,387,11997,1.0,0.0116279069767442,1.0,45.36668422832275,-2.2945824180830776,201.36395088530372,3.911175322260928,1.0,0.0116279069767442,1.0,45.36668422832275,-2.2945824180830776,201.36395088530375,7.822350644521856,0.9997528934983062,0.0116489362644322,0.999814627440428,45.338658956106855,-2.293159777407801,201.09939652058392,7.861669923767323,0.9852577319298867,0.0126954378827384,0.9887924217783848,43.69470848947092,-2.222363476979873,171.421026653548,8.207952026255677,0.8023956277467615,0.0300227864473952,0.8156863443923148,22.955633586240502,-1.050160631667173,24.697677277495625,9.764773665572056,0.8025111064634611,0.0299890748168374,0.8158260956969342,22.968730459242483,-1.05244123848434,24.722138678764043,9.764028575272595,0.7907304256392709,0.0326214256102376,0.7944828759553917,21.632639402457638,-0.8743615352700373,23.69835741887707,9.168271172981116,0.7269637438345766,0.0450099888629194,0.6671724064681422,14.40062161404999,-0.03626971528144328,14.614272579498468,9.03938567125297,0.6155287601456876,0.0661695014853932,0.3246028656268251,1.7623634911436385,1.3951807347940992,1.5730507550405533,5.631543211783518,3.023801415893644,1.7033596736320031,23.576686019416854,14.1665748267966,0.0465292255325933,0.5998114309995158,-0.16362904744570853,0.5987724237963012,0.005135108341598,-0.8372432999655688,-1.11735522018343,-0.6044530318824177,0.6229056193203795,0.3519778534772644,0.9531313730009602,0.8165274127960771,2.0541221509890515,0.5093700259155448,24.964621915819,23.75722596121719,22.188625934563184,0.03797928052720309,0.23664083781883197
14_31_28_25_39_36_43,Q1: Weak/Brittle,3.5857324999999998,17.14785180404792,378,11718,1.0,0.0039682539682539,1.0,44.79242860437828,-2.8090403197239366,201.37329730157103,3.881309481358261,1.0,0.0039682539682539,1.0,44.79242860437828,-2.8090403197239366,201.37329730157103,7.762618962716522,0.994020038692049,0.0044832706432268,0.9954864528505872,44.122541183392556,-2.7745091500479897,196.5057564161087,7.945332861970143,0.9837971093559336,0.0055264712634361,0.9876903900259172,42.977347859351426,-2.7045639630802167,168.42568099696695,8.19827781382992,0.8026065004360352,0.0194450769775373,0.8118173086491097,22.68000754800182,-1.7713403240756689,18.64045211930139,9.835042043220271,0.8026940618721028,0.0194021821174233,0.8119300203459062,22.68981635805334,-1.7742163662793518,18.67266572364277,9.834218319065672,0.7802856687498797,0.0181384966813703,0.7751564459018093,20.179582611704255,-1.8589447611641683,15.98210211845177,9.280767910199474,0.7062416053405468,0.0406961905904405,0.6524653396775714,11.885016121678344,-0.34648197359876776,4.8871290241032606,9.115706475502398,0.622856409275726,0.0388480897839012,0.2769280924431109,2.54403696417408,-0.47039462658659736,0.9307129837573198,5.7873682166170255,3.1119734961301444,2.5767899604983007,24.157614373205305,12.293435719845142,0.0651498417683944,0.6003595148386963,0.23179535877799107,0.6012768685098672,0.0076203552351334,0.8082371420912341,-0.21539422859104845,0.9044291358961244,0.6260584482205922,0.3061495414325661,1.3209052901486742,0.6762435274055321,0.7827240599258118,0.6378635606682846,25.055744872113387,20.617864027804284,24.870341776273523,0.06103882122225498,0.21717912027186584
14_31_33_29_20_34_55,Q1: Weak/Brittle,2.906795,13.359908801741666,382,11842,1.0,0.0052356020942408,1.0,44.71457616936401,-2.7267648481869333,201.37626688240823,3.8946040820891272,1.0,0.0052356020942408,1.0,44.71457616936401,-2.7267648481869333,201.37626688240823,7.7892081641782545,0.9997673005952672,0.0052313744392956,0.9998254412500348,44.688565884799786,-2.727051439051766,201.0736415949215,7.834283600395166,0.9960513253087688,0.0049744874077664,0.9970253956524506,44.273207819116706,-2.744465697661938,197.731161095378,7.946457758995855,0.7983211517702302,0.0198901237413619,0.8062568452925685,22.171655446969552,-1.733341286661934,11.47984919178284,9.802306585304583,0.7983991364440338,0.0198977260710491,0.8063770586611694,22.1803722873053,-1.7328259280841787,11.498231690472691,9.801714962608632,0.795153032242437,0.0142443663485398,0.7935054636494092,21.81753468526853,-2.1160646912013954,19.81141784229284,9.190239705352978,0.7269073286579278,0.0288802042823246,0.6743726785835309,14.189280661341934,-1.1239076903661274,7.162443745127838,9.084994795054907,0.6202212856669366,0.0243358047090803,0.319011027456512,2.2643067216262334,-1.4319705338866406,0.4912552724746377,5.755925145674011,2.9713511323272863,2.0866412270038963,24.368450359551666,13.080875302513308,0.0598592911067115,0.5986029323277637,-0.8609971529550128,0.5991685909038016,0.0056291742092467,-0.5129877215204424,-1.0109595351117804,-0.42035982951884754,0.622787584180938,0.3534478983098958,0.785463601753249,0.45018972865414,1.6905873021975684,0.4745180229357861,26.681388668041222,21.737578711059182,22.36172266869954,0.3236506026399079,0.4017259616919096
14_31_34_25_41_14_57,Q1: Weak/Brittle,3.492643333333333,16.25975474865562,375,11625,1.0,0.012,1.0,44.239406385010234,-2.2742981219893696,201.3703500644377,3.870391813414153,1.0,0.012,1.0,44.239406385010234,-2.2742981219893696,201.3703500644377,7.740783626828305,0.9999984950533688,0.0120008321473083,0.9999988712884452,44.23923990361415,-2.2742423553603324,201.36939204060369,7.7445251785108145,0.9936870678200292,0.0139793593706437,0.9952347755860568,43.54105221022959,-2.141650694481318,195.1088082087267,7.95181263391488,0.80329320831182,0.0415741614701761,0.8076418941035898,22.479152153388803,-0.2923758405136055,10.007926319124795,9.83955376916678,0.8034347044463186,0.0415588373103755,0.807801934418816,22.494804850649814,-0.2934027941868088,10.0365609104783,9.83832372332472,0.7808739826358009,0.0200920507294693,0.7757920912753933,19.99907484543489,-1.732006647056406,11.709995883120357,9.31874969363457,0.7294407792163005,0.0381532803246028,0.6834132997574695,14.309390352338243,-0.5216273299101596,10.881075415723709,8.983814728330659,0.606139601375401,0.0447614725247096,0.2874494613896987,0.669469972112938,-0.07877712856553197,0.4570987722334154,5.741288074083461,2.752978368024646,0.8338761320302633,24.64623835174682,12.989064217945486,0.0212238904798918,0.5990502193641376,-0.5978273508280525,0.6022686649900618,0.0030300718643893,1.4165315243928682,-1.8905942830288331,1.6533900781090747,0.6051837625884956,0.3052918307078943,0.5393624302175141,0.6999574538814933,2.069398821175584,0.9613985786631752,24.376718138300504,22.765582116146145,23.05555178928468,0.0572888150028846,0.061499433296187324
14_31_37_29_36_12_57,Q2: Weak/Tough,2.9291316666666667,18.866254118625,369,11439,1.0,0.0040650406504065,1.0,44.095197579514426,-2.806396875827954,201.36890558409365,3.848695569194181,1.0,0.0040650406504065,1.0,44.095197579514426,-2.806396875827954,201.36890558409365,7.697391138388362,0.9987595290752171,0.0044694781529834,0.9990686146147414,43.95846049957946,-2.7796564853189767,200.1582874308367,7.805844714235454,0.989171957228418,0.0065380754198671,0.991795516884032,42.90162268757875,-2.6428860365603186,168.6145044808192,8.142565952900583,0.801392170198467,0.0240633863603457,0.8099190046123463,22.202661320322182,-1.484156553380047,11.600851630526424,9.841422799131864,0.8015457537120458,0.0240526169733083,0.810081665198002,22.219590827296802,-1.4848685981659224,11.62271365808793,9.840527617456514,0.7837655259783919,0.0298273136949663,0.7785555480810358,20.259676755708117,-1.103060174307689,19.44497194365076,9.171636416127283,0.7193263618876411,0.0268472568901025,0.6556554421232433,13.15654926179946,-1.3000940353944006,8.109664428030074,8.960201259376463,0.6286075950815897,0.0335839857087777,0.3430847215013268,3.156621798338721,-0.8546784687947027,0.119189174133825,5.625756211737266,2.884659134374062,2.4532075250722056,22.486466514824603,14.596833201471979,0.0772017794466133,0.6003191083217686,0.18977417718412812,0.5980537313240328,0.0097094627928344,-1.2525992362121439,0.5354996251058723,-0.936411913951073,0.6370010618391144,0.386864888033792,1.712647175184389,0.693810883377951,1.1712352697290038,2.0933543876702774,24.78270524253877,20.451037421822114,24.85982971879121,0.2697805063979249,0.31428495668325207
14_32_18_37_42_47_26,Q4: Strong/Tough,4.016794166666666,19.517154182558336,369,11439,1.0,0.008130081300813,1.0,44.095197579514426,-2.5376266116112505,201.3695523635388,3.851301117175363,1.0,0.008130081300813,1.0,44.095197579514426,-2.5376266116112505,201.3695523635388,7.702602234350726,0.9999375080948696,0.0081314210621062,0.9999531287876064,44.08830909832846,-2.5375380299640473,201.3341793528879,7.724626089340358,0.9563980046916876,0.0088249325636498,0.965962071870596,39.28895069481587,-2.491684793665277,149.39882313751298,8.412568693407561,0.7798465512223404,0.0248683685954661,0.7916266597159239,19.827688263454554,-1.4309331525263735,14.211078273719494,9.76787523592329,0.7799421030101774,0.0248795185856619,0.7917481662900495,19.83822093470897,-1.4301959432168825,14.240395781057634,9.767047275484035,0.7712202553368114,0.0289538085590054,0.7679653611213094,18.876811877336333,-1.1608141370296565,15.525778757677164,9.192113070973583,0.7079523251570989,0.0192279151306188,0.6653163852258926,11.902789469017833,-1.8038657498664354,7.495244213316216,8.829467669356262,0.6113148478748957,0.0301754697342822,0.2575768587642958,1.2504426934066115,-1.0800409726014975,0.2081747601221365,5.667135547396109,3.02539194954523,0.9904046839154452,24.42396151620285,11.317655067758494,0.0222556014615561,0.5989387596760997,-0.689098606339497,0.5967032671513015,0.0061825686116765,-2.1124444718787645,-0.7620438340790862,-1.2483481476747242,0.6131098351838083,0.2871797625552077,0.4829422319955934,0.94811018198506,1.2278806789908188,1.5620097088170444,23.93483427884938,22.67978044903012,23.19053204123209,0.1060940462944737,0.0882828657649261
14_32_28_27_25_59_31,Q4: Strong/Tough,3.673805,19.595253897520838,375,11625,1.0,0.0,1.0,44.239406385010234,-3.0784821189453973,201.3783936851727,3.872001638491173,1.0,0.0,1.0,44.239406385010234,-3.0784821189453973,201.3783936851727,7.744003276982345,0.9986963177047298,0.0014078618125219,0.9990210172636158,44.09518941141782,-2.9841337906490955,200.3365905554112,7.830108222518104,0.9986515695603584,0.0014317098342532,0.9989873710409688,44.090239246812125,-2.9825356075294813,200.3014040334574,7.831705886029861,0.7857734200407919,0.0342102379362857,0.7946332915303834,20.541064283672096,-0.7858716289104836,13.746705444535555,9.774778813223476,0.7859050779508849,0.0342242614964132,0.7947820711846905,20.55562864909457,-0.7849318353575763,13.77250226253085,9.77374629092608,0.7826934355147102,0.0305367545848739,0.787695592702415,20.20034780031223,-1.032051339267964,21.033049996797143,9.164223099225133,0.714088054674564,0.022337984881319,0.6615590904945883,12.611029119820042,-1.5814946217951946,8.904777885638444,8.967405477081353,0.6176910897126027,0.0494239437027053,0.2666996748816789,1.9473278478571556,0.23367993040220664,0.230200048966637,5.909175012134333,2.7639295025820974,2.2675759501110293,23.237178716407474,10.833026152663308,0.0345562901000681,0.5986729670205049,-0.8339418281003717,0.6031798093952403,0.0086825402492092,1.9867980544207295,0.1691971494812438,1.437576970668822,0.62032996216769,0.2909816448271495,0.2433630727518171,0.3925528384186544,0.4749496693395212,0.5830859913198143,27.10037386775827,24.093601317787385,19.555141457097186,0.055457436250837364,0.2803277382761269
14_32_31_18_41_40_40,Q1: Weak/Brittle,3.2549624999999995,17.54495542164375,376,11656,1.0,0.0066489361702127,1.0,44.41013672625182,-2.609779611392143,201.36550152990125,3.874466106762899,1.0,0.0066489361702127,1.0,44.41013672625182,-2.609779611392143,201.3655015299012,7.748932213525797,0.9936746161488168,0.0071114787551234,0.995229412426171,43.707867042626816,-2.5790654480832105,194.7241522004116,7.983020954559747,0.981838461330698,0.0077369261853589,0.9861578172577736,42.39376929061417,-2.5375339326290947,166.64754981988173,8.243650924651838,0.8122202394127584,0.0145410145427329,0.8191472789673323,23.56206866250665,-2.0857228177300415,20.377237052946647,9.577242426737568,0.8122666037374959,0.0145417373344814,0.8192195771509803,23.56721621725288,-2.0856748222707564,20.408242377443788,9.57686061660736,0.7799185875218675,0.0324943387730792,0.774966280360782,19.97580869984243,-0.8935702455392335,17.496978591758747,9.127379329587814,0.7060092099752828,0.0416074105216827,0.6431027569204995,11.77009084813414,-0.288435965877896,8.891315939262215,8.990311272236843,0.6188898166605895,0.0403149835093154,0.3002752598274869,2.097743648324597,-0.3742568516032377,1.1682919059976415,5.876103246540223,2.8854491750170808,1.912200872594276,24.25967458817929,12.477923446522386,0.0439222606868257,0.6001551072275847,0.07869792658125144,0.5995000043193318,0.0067133432206207,-0.3415662662595619,-0.585641658564093,-0.05356055525792298,0.6227167975174768,0.3296351155621942,0.8513171319353198,0.8277961108356611,1.0943942196771632,1.1133893831255688,25.21340387606525,20.540538057407154,24.85065036805505,0.1834867552885125,0.30314342729984234
14_33_11_35_55_22_46,Q1: Weak/Brittle,3.583433333333333,17.03648397230417,383,11873,1.0,0.0287206266318538,1.0,45.040309241436596,-1.1319448051062118,201.36337209916317,3.895770414564033,1.0,0.0287206266318538,1.0,45.040309241436596,-1.1319448051062118,201.36337209916323,7.791540829128068,0.9857336943484104,0.0288190289148847,0.9891704075526062,43.43416772684249,-1.1253662269753717,170.25668815572632,8.218777935754275,0.9857829199674748,0.0288242905172763,0.9892082881230608,43.43970968790037,-1.1250144682421348,170.298220275333,8.218332990804694,0.8019353253437705,0.041811055183928,0.8124447712075763,22.741621388460416,-0.25679837208129974,18.25165955628833,9.748659491879929,0.80200132061508,0.0418086620919343,0.8125169981273731,22.74905132495594,-0.25695835965648545,18.269019174147346,9.74820159751191,0.7606084453546168,0.0179166746791152,0.7542843117772691,18.088922978635406,-1.8542313197454559,14.65561035497564,9.442448531700885,0.7116650392934466,0.0328242798049647,0.6570867395510334,12.578734268236959,-0.8575995136183852,6.375771888159778,9.249020345740528,0.6041179008178872,0.0334897964048393,0.2797480177995002,0.4707696626874545,-0.8131071216250885,1.3480667815307823,5.43594867038163,2.817417681227692,0.3970908891498067,24.0754255033722,12.592022604344214,0.0121968120438126,0.5979141324013172,-1.2867612994866484,0.6013342456938923,0.0082486372890678,0.805105035275033,-0.04008471921044157,0.7938964916500253,0.6048682349291618,0.3043528790841611,1.02088596240759,0.7849116939918583,1.9686602594141984,0.7439355261119417,21.45598076727124,23.1698116959926,26.181502217381464,0.09604163825718835,0.27278477249695443
14_33_20_47_27_18_57,Q1: Weak/Brittle,3.0645841666666667,16.274442390241667,377,11687,1.0,0.0251989389920423,1.0,44.538595515138205,-1.3834918764600432,201.3625659455,3.874359958497642,1.0,0.0251989389920423,1.0,44.538595515138205,-1.3834918764600432,201.36256594550005,7.748719916995284,0.9999335738263136,0.0251953166082491,0.9999501773537608,44.53120242540922,-1.3837341472108298,201.3210131764881,7.773196073912884,0.9979742407238984,0.0250136766267031,0.9984771067288368,44.31313288096255,-1.3958825161342518,199.52752473764292,7.869277704959688,0.769364522640421,0.0343273672465462,0.763001407238252,18.86936478604634,-0.7729681735680132,6.792156827634673,9.562722727315652,0.7694809530871946,0.0343706447555881,0.7631955318396741,18.882323243419584,-0.770073705392819,6.805699801395413,9.561801104956048,0.7469381600054917,0.0433008941728052,0.7269472212765965,16.373359039312188,-0.1728045162244933,9.010615882832251,9.239681319170488,0.7102945354119128,0.0289182235651868,0.6361150114775922,12.29500272912357,-1.1347402484253888,7.544688441145982,9.249993478176542,0.6085635179414075,0.0604532250362908,0.305109724745938,0.9725601038532067,0.9743704694405056,0.8125896919182255,5.69973104580135,2.9104281573905535,0.9011558616053565,23.396259215163123,13.09432194525421,0.0180798005806192,0.5998443227022261,-0.07209527249723735,0.600445646564607,0.0068997948613659,0.2964567366182611,-0.5466613125287667,0.2400478325781933,0.609341036529466,0.3315559720878293,1.137550952553634,0.6796958946189386,1.0130342091293694,0.8424677332954749,25.70232376471442,20.039192900020154,24.92383625768152,0.29230285906024095,0.4024296473259164
14_33_21_34_50_23_41,Q1: Weak/Brittle,2.8978641666666665,14.3345681827375,369,11439,1.0,0.0203252032520325,1.0,44.095197579514426,-1.7313158189611395,201.3784712108037,3.8526033369654127,1.0,0.0203252032520325,1.0,44.095197579514426,-1.7313158189611395,201.3784712108037,7.705206673930825,0.9848713367442568,0.0217629065213118,0.988507164322409,42.42756539597746,-1.6362584946239829,166.46285366445773,8.195880509586484,0.9848358885099804,0.0217444628113329,0.9884794342990888,42.42365793797344,-1.6374779463418077,166.4490424953096,8.196022728493347,0.8013053312791356,0.0374239394254199,0.8078214450864473,22.193089068351696,-0.6007903865442507,11.368614175525405,9.76249810286561,0.8014457094869643,0.03739006997323,0.8079984871742494,22.20856295479394,-0.6030297495412831,11.39385506385175,9.761611578170683,0.7674855894339327,0.0324904154099901,0.761091078541378,18.465139745495193,-0.9269825866182948,13.869005260594244,9.28246424250039,0.7209359007776995,0.0257074661194292,0.6567317307202093,13.333968694590183,-1.3754541345744637,6.797310014161958,9.1564351879144,0.6174064068210708,0.0192822946649964,0.2749085393924588,1.921915088213062,-1.8002703118180636,0.8910079253838918,5.741355941697642,3.0969135714042086,1.4936479594172292,24.433319326702772,11.385890490766132,0.0319770474194885,0.600565740702843,0.3468058719968835,0.5995038133227685,0.0103912952764821,-0.3293269842596794,0.786345619903043,-0.24928599884503774,0.6200227449347583,0.3077665994362176,1.2934564655346532,2.259992773157903,1.16348150555673,0.4227672556678408,23.90990258342503,23.39862704213032,22.540667359047813,0.2889090303265768,0.38801758964245264
14_33_38_23_21_42_45,Q1: Weak/Brittle,2.825698333333333,14.281321200166667,371,11501,1.0,0.013477088948787,1.0,44.231396870145275,-2.2014836242947293,201.3704246919536,3.857252697924713,1.0,0.013477088948787,1.0,44.231396870145275,-2.2014836242947293,201.3704246919536,7.714505395849426,0.984297936035293,0.0131028035235911,0.9880591064294506,42.49539071525368,-2.226550150791572,167.87675913057353,8.164050551735704,0.9843721549848296,0.0131054030373694,0.9881167009623898,42.50359629596552,-2.2263760569674043,167.9278209559436,8.163411154754645,0.7949600672416081,0.018705218082606,0.8016027806270024,21.562365202258388,-1.8513469942263836,14.149316849678687,9.845063984060063,0.7950479586178109,0.0186740275432186,0.8017151236827538,21.57208239423983,-1.853435877280261,14.170241869605166,9.844338438693145,0.7591756429074993,0.0109520806557013,0.7567253202353811,17.60607123779008,-2.370587690396831,11.418311491766238,9.3921932292508,0.7108297707691692,0.0418494593802562,0.6462268900703064,12.260994833542382,-0.3013381007910392,7.831932355295536,9.075000919585976,0.6250761338566098,0.0686379727775898,0.2590384805791945,2.7801493969710944,1.4927338445267218,0.4212831494816451,5.813393213416604,2.9435201552165893,1.70787364057019,23.22537587086123,10.682991640704197,0.0721987334314729,0.6012981946669423,0.7795650696402816,0.5951091123548745,0.0082427186404148,-2.9915912808069516,-0.023103151617870014,-2.4058932124690706,0.6263135614377908,0.2973953811742622,1.1612955802507603,2.077077375497501,0.8533946026359019,1.4983742227268522,21.5241214670532,24.396547929621462,23.994233322931727,0.14151149565561913,0.35103439923823615
14_33_38_27_23_28_53,Q1: Weak/Brittle,2.85645,10.288577847986458,370,11470,1.0,0.0189189189189189,1.0,43.988225518259135,-1.7992915467610175,201.3774769352266,3.856392025825807,1.0,0.0189189189189189,1.0,43.988225518259135,-1.7992915467610175,201.3774769352266,7.712784051651615,0.959531080701391,0.0226675113393159,0.9684617806693616,39.53644262017142,-1.552494472078884,138.3004137751305,8.454771814860356,0.959531080701391,0.0226675113393159,0.9684617806693616,39.53644262017142,-1.552494472078884,138.3004137751305,8.454771814860356,0.8119149684376415,0.0271237353699942,0.8189226662803548,23.29793426740342,-1.2591088671474318,19.771457777400474,9.521924374658695,0.8119657178961762,0.0271582101610847,0.8190005399007724,23.303516960875534,-1.2568391411710582,19.78290324317888,9.521613051939196,0.7700611944772343,0.0207323248114116,0.7674596145938961,18.69381045172806,-1.6799018614371741,14.3463725255086,9.031128024032414,0.7102312501906137,0.0290953515725314,0.6509228177355147,12.112218272223691,-1.1293030476258354,6.22805048981339,8.98553142875325,0.6217520882695066,0.0551491569018074,0.2546163237728733,2.3790693099024383,0.5860082528548172,0.5022622563649953,5.930572841164701,3.217143645480756,1.8404979565163768,24.655946080870663,10.250728574408656,0.0595372008166158,0.5996959090838236,-0.2215168692122074,0.5995944378490773,0.0043743821798715,-0.2841615201933964,-1.4530760197199253,0.016644403921404215,0.6265575990220515,0.2762214721313592,2.606986851706694,2.411273262512152,0.8026058605952823,0.7650052077496986,22.09942909330318,25.91091774217616,22.11072278187894,0.1603791473342056,0.4067686360847544
14_34_0_48_42_44_34,Q1: Weak/Brittle,3.5638141666666665,16.576016777656246,385,11935,1.0,0.0064935064935064,1.0,44.77920145452574,-2.61230687997238,201.3738182657418,3.9038039055468903,1.0,0.0064935064935064,1.0,44.77920145452574,-2.61230687997238,201.3738182657418,7.807607811093779,0.9976942728022298,0.0066298670549708,0.998267082694317,44.52107950536664,-2.603171465645023,199.39112088461343,7.936274236829613,0.9847578099469964,0.0076838935644307,0.9884130991986136,43.07286611279951,-2.5325574349272943,165.31708901069123,8.291289386427067,0.7879319922051068,0.0288185206552372,0.796347532471553,21.0385752524144,-1.1166526230429334,15.298107407791072,9.78935789029039,0.7880108824475675,0.0288534518766092,0.7964553495708896,21.047406870991512,-1.1143124216183657,15.320950343713358,9.78880326157842,0.7732681282472419,0.0202995068024694,0.7700634919677842,19.396982460921844,-1.6873801146999992,20.668447900417505,9.297844433313786,0.713616238303008,0.0195043411345879,0.6556919891683876,12.719062315676611,-1.7406518800621809,9.15608878616459,8.925213044245364,0.6176108276922964,0.0372149644574645,0.2982289169393934,1.9714319192354324,-0.5541366566523201,1.5811897488507327,5.612947596038718,2.955169122439823,1.8036208823375337,23.50637254712722,12.839084551430737,0.0348247426066711,0.5974118487425166,-1.6507510982126452,0.5995083568198424,0.01007421357109,-0.3387445031995978,0.6384119647451678,-0.3619767075636111,0.618426578786712,0.3222406393221863,0.709713159409492,0.8268782584175967,1.4258123806359553,1.1459668474145193,22.8626656418372,26.480448051518938,21.66029302625452,0.044029293394221146,0.22213084075602593
14_34_29_37_20_35_47,Q1: Weak/Brittle,2.8756924999999995,14.63517335401729,370,11470,1.0,0.0108108108108108,1.0,43.988225518259135,-2.3331072135161786,201.3727006813614,3.856391377177158,1.0,0.0108108108108108,1.0,43.988225518259135,-2.3331072135161786,201.3727006813614,7.712782754354317,0.976878355108336,0.0118558579575912,0.9822989673028834,41.44472929724922,-2.2643041669841155,172.7060473141772,8.223762599349905,0.963118921973981,0.0108911517022555,0.9712612043383192,39.93112304888547,-2.327817788910287,144.085211590305,8.420762324630573,0.796323962292172,0.0191618717972276,0.8050018991634839,21.58284585572034,-1.7832961935916694,11.820901956513774,9.73099631964061,0.7964230767648227,0.0191532296588376,0.8051192896571081,21.59374894188985,-1.783865168351914,11.830245689967285,9.730133623658777,0.7739349851028404,0.0357496960835031,0.7664830277587403,19.11994673499764,-0.6911992008862105,11.036193334261926,9.371212633921948,0.7168613106092918,0.0232330242713881,0.64796761909196,12.841557975302294,-1.5152626469887736,6.608700487753737,9.12322645041713,0.6262815528667118,0.0502470629858974,0.2965590108521739,2.8773329991931296,0.26326779388127436,0.6363014203894516,5.662231264141482,2.9308980904170303,1.8054025849403728,23.99424046342919,12.023397290490202,0.0472542902287081,0.5976948912885421,-1.4568725018296884,0.5990571449684997,0.0091755873661671,-0.6158666094494403,0.3279568407639966,-0.3828216562668834,0.6272489531941912,0.3294845383954975,0.7818856333341517,0.7437495903447752,1.7427173519756558,1.0020000936061997,22.736214351753343,24.813012603484445,22.38160909803373,0.12037407035471824,0.30673050972816096
14_34_30_23_31_55_29,Q3: Strong/Brittle,3.7459775,16.475127681185416,368,11408,1.0,0.0067934782608695,1.0,44.19242311122426,-2.627406694936567,201.367576256783,3.847829021479375,1.0,0.0067934782608695,1.0,44.19242311122426,-2.627406694936567,201.367576256783,7.695658042958752,0.999695086998894,0.006805575946612,0.9997712548561992,44.15872596096542,-2.62660466479584,201.04969406117996,7.742927035122322,0.984021334686916,0.007160893863146,0.9878511479887476,42.426557162453264,-2.603048450436634,166.25288908409823,8.175183453761083,0.7918530575905018,0.0236686874600469,0.8048219058570115,21.18927543025009,-1.5086450824350361,14.38269893121262,9.92810868652145,0.7919323614215881,0.0236500558395104,0.8049142406253756,21.1980396125005,-1.5098802873790997,14.414841725235682,9.927694005684057,0.7835638565828021,0.0424530994627367,0.7847646717521094,20.27320280996501,-0.2633106504893413,21.98081019637497,9.293197546408877,0.7100962088505768,0.0275626647442706,0.6505138764637511,12.154000428248688,-1.2504893313493075,6.788266963624871,8.894968800514414,0.6137828416430039,0.0316926610587142,0.2535463557095724,1.5100265899541696,-0.9766864242660857,1.5862418004268928,5.657937307864105,3.19214048901234,1.7672925782245044,25.05467991947955,10.859869860927782,0.05159884799121,0.597545642562188,-1.515301689981773,0.5986867327006877,0.0044553846583041,-0.8067180227908723,-1.483939653868831,-1.1477940242363036,0.6169091023587959,0.2833061156139443,0.6672369912359767,1.063816186487468,1.965512233924283,2.1484363758222607,25.158763149744992,21.991090174706123,22.8109179833978,0.017545864679063775,0.12133504784154842
14_34_36_19_25_51_37,Q1: Weak/Brittle,3.097681666666667,13.87969834025,370,11470,1.0,0.0297297297297297,1.0,43.988225518259135,-1.087537324420803,201.36900712261985,3.8550917374485394,1.0,0.0297297297297297,1.0,43.988225518259135,-1.087537324420803,201.36900712261985,7.710183474897079,0.9951606919760088,0.0293337403747795,0.996354486783445,43.455877507164026,-1.1136081807441545,196.31109745727736,7.909366921287015,0.9951582045036405,0.0293291781574371,0.996352616122307,43.45560387280115,-1.113908544658898,196.3195415486119,7.909377015260172,0.7914351232274521,0.0148397707142532,0.7975837517523231,21.045049183186737,-2.067851510396582,11.864020339216296,9.78894123518943,0.7914888672624668,0.0148530444091423,0.7976566147046362,21.050961295002406,-2.06697760662112,11.879737611659,9.788554491386028,0.7734672794962563,0.0430151484952895,0.7606549415075067,19.068496786325483,-0.21286168099087985,15.57876482034768,9.188077162622402,0.7200508413322465,0.0300501637257628,0.6651126529746576,13.192422257607532,-1.0664408263274467,7.908559204303572,8.894158185553398,0.6319203649784118,0.0458727207499564,0.2684847739291199,3.497630446208435,-0.024726937584998908,0.4581071537101897,5.9144383534787135,2.8895136627101325,1.980439145508347,23.62671527786102,10.962818161118795,0.0601479822667808,0.5993988456572695,-0.4049130279588341,0.5998418951421124,0.0087622971447993,-0.1313903846722436,0.1746446125605905,-0.11056396025282147,0.6251496877810379,0.3235527955085131,0.9088231335912924,1.3666880779761827,1.92216887721382,1.4773797608626702,22.879242920867576,24.726574365754782,22.22081790466736,0.1785472243657895,0.4884774172272092
14_34_6_58_40_26_38,Q3: Strong/Brittle,3.797228333333333,15.726670807633331,369,11439,1.0,0.040650406504065,1.0,44.095197579514426,-0.3874644978776212,201.36335754816375,3.849672659510972,1.0,0.040650406504065,1.0,44.095197579514426,-0.3874644978776212,201.36335754816375,7.699345319021944,0.996749948727744,0.0405101926701797,0.9975547445801872,43.736944506646154,-0.3967350839359478,198.5141075777933,7.852707179328428,0.9962554495383806,0.0404809802740876,0.9971818927070084,43.68243587300317,-0.39866653409630254,197.8675867137625,7.869172243948489,0.7725166222267309,0.0322516366372491,0.741555244964131,19.019710368151827,-0.9427700385426736,13.577045121787116,9.831893177765402,0.7725503389761966,0.0322395114264815,0.7416497156833082,19.02342696462719,-0.9435717269836896,13.594739380695486,9.83130473915518,0.7549558462741729,0.0231423548807633,0.7088011886393903,17.083986461067674,-1.5450528384133857,12.888473920430314,9.349370185744585,0.7164554158731734,0.0270364737963475,0.6378389767274795,12.840084952297035,-1.2875834894345095,10.971753320145371,9.05058287284757,0.6077259679334889,0.0213671067239082,0.2550568161759898,0.854840544560569,-1.6624277817907533,0.232200436331435,5.635536073796928,3.0252557295771574,0.7134077210613804,21.636071187085957,10.82009966745407,0.0108903109854746,0.5981529522588371,-1.1894249219337305,0.6023621493803708,0.0133229939448845,1.4905855248539106,1.8649168035266779,0.985500696092972,0.6124734816386955,0.2741907475112171,0.86811202753185,0.5147249294673989,1.0453974012494271,0.8351338793313712,22.82066152074231,24.93412656647769,22.061776796258663,0.1131075979602037,0.26174540730834456
14_35_17_2_90_25_33,Q4: Strong/Tough,3.993205,21.79081754858125,379,11749,1.0,0.0171503957783641,1.0,44.601299060790396,-1.9211341542370914,201.3810235352196,3.885680357470199,1.0,0.0171503957783641,1.0,44.601299060790396,-1.9211341542370914,201.3810235352196,7.771360714940398,0.9851674416730348,0.0176791329032145,0.988731110302223,42.94728949933248,-1.8856789914605891,154.1386092133083,8.320780270490994,0.985195844623377,0.0176762018186356,0.9887530676427292,42.950456771653535,-1.8858755391890771,154.16543401892633,8.320012742428188,0.7951341779280294,0.0146836190144612,0.8067560680439659,21.756283315465026,-2.0865471119941565,18.193218106505697,9.85259734367692,0.7952304443183358,0.0146270054844985,0.8068953320578978,21.76701818173043,-2.0903434066476625,18.218125435053494,9.851870332792233,0.7694356917288009,0.0183847942236718,0.7607569159873956,18.890591440096195,-1.8383599442327743,18.598140405473192,9.32402510720186,0.717009235314753,0.0345440807359133,0.6541683392248893,13.04440777638198,-0.7547777505183343,12.032132258583024,8.939601128494655,0.6090046081766678,0.0800103412483413,0.2437413270961132,1.0005862029096022,2.294022100188383,0.9708567190268256,5.579161300298325,2.8812135930343437,0.8644171232825469,24.157498370268883,10.40438475469096,0.0210941559618383,0.5996682977080457,-0.2039938921099345,0.6021089585067176,0.0092395050868135,1.2917935645586254,0.39219568095587826,0.454963705666297,0.6095340451137959,0.2632758269372997,0.7435611353317123,0.8601552126758151,1.168345721306996,0.6387253557969697,26.725789231882917,20.629937734668736,23.36426502949673,0.03127948106972827,0.12446260286584872
14_35_9_6_65_77_10,Q3: Strong/Brittle,4.189283333333333,16.65959526338604,388,12028,1.0,0.0296391752577319,1.0,44.81865812132556,-1.0637876438952125,201.36528705472708,3.9129615817084087,1.0,0.0296391752577319,1.0,44.81865812132556,-1.0637876438952125,201.36528705472708,7.825923163416819,0.9398558889882952,0.029403736770367,0.952553495726678,38.078140596399635,-1.0797741659944773,152.641921488353,8.607180697538922,0.941943187016002,0.0305694598757191,0.9541876495823836,38.31206988222386,-1.0006203352257144,136.23741888574395,8.687030535199609,0.7752587911096934,0.0367472657386766,0.7863384536634099,19.63128679575493,-0.5811407885360156,17.200656400695998,9.858146607600448,0.7753789470272857,0.0366759204738754,0.7864834808864407,19.644753003079817,-0.5859852074124186,17.241009735937002,9.857189562938029,0.786167223068211,0.0210466488720999,0.7871257990263949,20.853825055095733,-1.6472292659080254,19.89184617347909,9.325724540771263,0.7238449606593749,0.0305635267389017,0.6750215453002912,13.869196054959072,-1.001023201485649,11.75147374133168,8.924678167991775,0.6263468837784808,0.0584858436475865,0.2392395052541887,2.942315853265759,0.894931624419795,0.997375874491945,5.84684121468761,3.0048413450756657,2.1942923983147193,23.954850184592736,9.614364444151525,0.0492078083759465,0.6016221700212192,1.0690542787800423,0.6029529372535885,0.0038661927121697,1.9207776991601355,-1.6367586490918506,2.2312915924764942,0.6220372496601692,0.2671504986507187,0.5176087140622134,0.6473013656011649,1.7166545660648873,2.0419337452642443,20.940812362034603,23.91103969899823,26.413841068823743,0.042507889086564755,0.25323874207535163
14_36_22_23_13_79_29,Q2: Weak/Tough,3.411235,18.2457734241875,385,11935,1.0,0.0051948051948051,1.0,44.77920145452574,-2.6993127878661385,201.37838089801252,3.905702822752192,1.0,0.0051948051948051,1.0,44.77920145452574,-2.6993127878661385,201.37838089801255,7.811405645504383,0.999923074031987,0.0051974587481889,0.9999423017403836,44.77058973288596,-2.6991350142537356,201.28090749260755,7.834455090209285,0.9673045093970984,0.0053143830753035,0.9747125718623676,41.11900098879183,-2.691301721682422,174.52542298650982,8.2919980422717,0.7921738906185544,0.0215397430390557,0.8010596023450259,21.51344803340637,-1.6042910472794638,11.19559737264052,9.892778904053053,0.79226571667082,0.0215416601784497,0.8011890287552387,21.523727792268268,-1.6041626093902426,11.232695340645812,9.8921304151017,0.7690765369321004,0.0273455419756523,0.764534517984728,18.927741467716334,-1.2153341654835172,17.58326216775237,9.38822808111015,0.7108088730576847,0.0420154699024177,0.65287112879871,12.40478290316626,-0.23252895902026607,8.303263959823632,9.261848058048992,0.6215872532330594,0.0357935792198984,0.3210770514523394,2.4165854969268303,-0.6493617197094627,0.8797834434007697,5.725431852119441,2.970766199140247,2.3243093766601457,24.9111777052317,13.869471198227702,0.0529763295409816,0.5974472326285724,-1.6286076624852124,0.6002157807064651,0.0096140735994928,0.10396536029048983,0.467377909909095,-0.0336773884258833,0.621547896740788,0.3522255698286374,1.5853299062973658,0.978613290543266,0.821502278648277,0.8648673834463062,25.567229058583635,22.88501729932228,22.39822779413844,0.2918619296717284,0.5576786901007477
14_39_21_37_23_32_50,Q1: Weak/Brittle,2.5283625,11.416795933968103,372,11532,1.0,0.0161290322580645,1.0,43.92333013321453,-2.002382096185884,201.36933915966253,3.8616789563336953,1.0,0.0161290322580645,1.0,43.92333013321453,-2.002382096185884,201.3693391596626,7.723357912667392,0.9810379281389582,0.0173532926303978,0.9855207356396908,41.84089006871544,-1.9209118259070523,176.34242090836776,8.189550661223226,0.9815614149345616,0.0172124333359201,0.9859350355174796,41.89838008797016,-1.930285522100871,156.3501471896316,8.282323515716893,0.8151837767064628,0.0364497969372923,0.8275651512225314,23.626565582575015,-0.6501058744750072,20.08531385594447,9.536737034235642,0.8152740483504014,0.036479468868682,0.8276547183623428,23.636479335112373,-0.6481313106284239,20.116383718720645,9.53603717531318,0.772861219363289,0.048369168396882,0.7700705381122556,18.97864579356926,0.14308684523690263,19.183808983503564,9.137631742775827,0.7235497876425987,0.0305274288776366,0.6606382705862947,13.563198483512759,-1.0442188731594995,9.965980131607472,8.961220125065218,0.6199455827069427,0.0246738934690503,0.3006159289760264,2.1852462855860506,-1.43375129828843,0.3306318390528613,5.779741594193562,3.07986669087375,1.6775824881282257,24.23976066919024,12.671429621677298,0.0678909648582604,0.5999801586745169,0.0022869237651502957,0.6017450360576999,0.0053466906041972,1.0490183425190007,-1.0851846637685736,1.3420537775994341,0.6232548657110479,0.3330198723329315,1.6781792371997308,2.478725510118005,3.889861699667069,1.7131880412967648,26.714859727277663,21.739788170047994,21.851072489875257,0.21220408933940296,0.26818817935030187
14_3_11_74_83_27_4,Q4: Strong/Tough,3.856120833333333,19.39148075970729,369,11439,1.0,0.0447154471544715,1.0,44.095197579514426,-0.11869423366091766,201.35750777061895,3.849998444810789,1.0,0.0447154471544715,1.0,44.095197579514426,-0.11869423366091766,201.35750777061895,7.699996889621577,0.9812528998534592,0.0440812816934887,0.9857335140996942,42.028705185317364,-0.16062365901325956,181.33781643881528,8.17049142353955,0.9812044433768432,0.0440615913478669,0.985696302757394,42.023363829075926,-0.16192553514450062,181.32037615962432,8.170641342337229,0.7824038673811017,0.0426728370989213,0.7921019652559531,20.109581161573658,-0.25374647336411066,10.478633142421458,10.200857412222351,0.7824551548736588,0.042642191389995,0.7921697383067962,20.11523458063358,-0.2557726905642773,10.483312953616236,10.200235490305268,0.7804383024222818,0.0466492457735795,0.7873507527012054,19.892916983863437,0.009163667525772806,22.03132228542835,9.216625145426956,0.7180374677003898,0.0505597544171329,0.6712196345959378,13.014474486817734,0.2677166640977629,10.756952276847676,8.711273365191087,0.6079936922323522,0.0511079386296985,0.2429611049445613,0.8843517875271211,0.3039612255478305,0.9669025572975696,5.355246579739324,3.1388781986034187,0.9499985431484188,23.86577436080942,10.634443013644765,0.0120024457086028,0.5982481127307916,-1.1288359184740238,0.5979684273826867,0.0076506961135143,-1.3069125523526792,-0.2219201049816113,-1.5242317313193992,0.6076705298995945,0.2402680879094262,1.2769785160399365,1.3880713403839997,0.8839837065594188,1.3083361665290487,23.85785246630116,21.86108837052273,24.15868773823836,0.157161456000215,0.3405095628081101
14_42_13_30_31_52_34,Q4: Strong/Tough,3.771225833333333,19.639929621127084,373,11563,1.0,0.0214477211796246,1.0,44.29201478100146,-1.62061413257694,201.3717912278968,3.867388976724808,1.0,0.0214477211796246,1.0,44.29201478100146,-1.62061413257694,201.3717912278968,7.734777953449616,0.9841871072315655,0.0225504421246385,0.9879767440203752,42.541222463290595,-1.5480601815913584,162.58458782560206,8.226063723223065,0.9842141748355796,0.0225537200139931,0.98799762675363,42.54421936928753,-1.5478445115937536,162.61349926447755,8.225886759032493,0.7484438832741812,0.0475434845411643,0.7339405993288758,16.4398992265401,0.09636670870074264,6.242872711751026,10.03153898834332,0.7485159969982353,0.0475344382091595,0.7340369487898515,16.447883607129054,0.0957715017883836,6.258765620000221,10.031071268078229,0.7499175938468478,0.0333801186091688,0.7178344156116859,16.603067420174117,-0.8355174295912932,9.018395606249772,9.457216549544912,0.7196914920677111,0.0148092314977943,0.647935812332399,13.256454781726518,-2.057396128213863,6.299374472513826,9.081998236759729,0.6177682085941479,0.033637655537457,0.2856011555991307,1.971580830162446,-0.8185726878082633,0.8037310472453042,5.711307136368809,2.8205113982470853,2.3701449889176542,23.431287699418117,11.2422928918843,0.0395496840257049,0.600487515414704,0.28392569394600436,0.5975329318023913,0.0064670383494238,-1.5317976082873326,-0.7229755168188394,-1.3320766144329954,0.6234398293395521,0.3108963808574388,0.8430419603844662,0.6292078688341243,1.4285405516183978,0.4921459772313292,24.071216519482384,21.22146542537489,24.88800600758985,0.05160165105089382,0.1961514488603808
14_43_15_28_34_33_49,Q2: Weak/Tough,3.3600825000000003,18.09504051730425,376,11656,1.0,0.0106382978723403,1.0,44.41013672625182,-2.344874474406313,201.3778206345886,3.877359830197797,1.0,0.0106382978723403,1.0,44.41013672625182,-2.344874474406313,201.3778206345885,7.754719660395594,0.996171761336705,0.0105752464699234,0.9971186523010072,43.985110195346465,-2.3490612695985083,196.91905775183184,7.927476412909644,0.9869891507703186,0.0098234273397214,0.990125970942837,42.96561965231774,-2.3989842308503078,166.02275448248483,8.19717782908217,0.8103641750087947,0.0183747817006416,0.823368013202612,23.356000889795045,-1.831149607786217,15.085326349203871,9.83718509104568,0.8104690916861405,0.0183305821591252,0.8234778853595464,23.367649163408167,-1.8340845849766454,15.109984464643397,9.83674308560155,0.7746625560773177,0.0218591098669635,0.7713457658673305,19.39226284293817,-1.5997801559486389,20.660116886516885,9.33982784536632,0.7034724821759344,0.0338827001701301,0.6340831681057674,11.488453073889348,-0.8013790396439493,11.222459170177196,9.184159068879554,0.6267325044914014,0.0341560496033679,0.3011514535434434,2.9684705530141384,-0.7832278479336966,1.1263652269319244,5.650020632277508,3.000008587381726,2.107118390349942,23.539793542187272,12.734573680677409,0.0436701528986498,0.600722512510265,0.44270199393488874,0.6000223177890041,0.0086515172569615,-0.006489676037869353,0.1360167631007346,0.10386292146128571,0.6293895605634835,0.3571813507557289,1.6297910066725887,0.6368312354674421,2.1358362900844043,0.9769283442458064,23.115929068364,23.102277197413507,24.06322401518393,0.09784135855585985,0.18528503267510793
14_44_2_40_31_52_33,Q3: Strong/Brittle,3.703779166666666,14.585206849770836,375,11625,1.0,0.008,1.0,44.239406385010234,-2.542359454308045,201.3782073057827,3.872968600737385,1.0,0.008,1.0,44.239406385010234,-2.542359454308045,201.3782073057827,7.745937201474769,0.9832599483184846,0.0078580524782847,0.9872767656540968,42.38757515277859,-2.55187211475563,163.55177916101604,8.236774067823944,0.9832790070246674,0.0078578628459834,0.9872914331201872,42.38968348004225,-2.5518848230274638,163.5661109273592,8.236696533949287,0.7840709763002619,0.012065117589016,0.7925772582229836,20.352735206211012,-2.269934245072117,17.910255610917996,9.813626976831038,0.7841342309369803,0.0120801342447219,0.7926780469673604,20.35973261064483,-2.2689278988882435,17.92448703112972,9.81299244956298,0.7768161112363677,0.0116524839167532,0.7768331336833016,19.550181787228418,-2.297587028058696,20.25163506198062,9.20154968282204,0.7196264961589204,0.0173998437075435,0.6696064992423967,13.223706972538,-1.912425797350187,10.360114248524656,8.907386660420288,0.6085750649618915,0.0305482567274886,0.2704986737905203,0.9388877505183708,-1.03128051934951,1.269560062304228,5.800111636088186,3.0312137807218305,0.7665959266261777,25.047902000188895,11.56815102921544,0.0221098661416571,0.5990135693365882,-0.6207658487403738,0.6032832505411676,0.0076898023432111,2.0515397386310568,-0.1925621553552806,1.8850853198938429,0.6095156924922599,0.2944567971317403,1.7793397744407955,0.576045592772965,1.8487676798831647,0.6135782665054018,21.8350988033571,24.39215941192279,23.92872484499466,0.08655129106009928,0.17633975981802458
14_6_54_29_28_55_30,Q3: Strong/Brittle,3.712755833333333,17.993143473012502,384,11904,1.0,0.01171875,1.0,44.982742523580626,-2.2652646690329603,201.37126167578143,3.900425538975045,1.0,0.01171875,1.0,44.982742523580626,-2.2652646690329603,201.37126167578148,7.80085107795009,0.995098791970252,0.0122334787926885,0.9963081526458814,44.4315014185237,-2.230891902007549,196.6195871313273,7.998027413231679,0.9941992831411818,0.0122665093376369,0.9956284912386556,44.330333249791515,-2.2286861749482494,196.10427548161763,8.004919622005474,0.7939738485481437,0.0422708964009542,0.8084935583792663,21.810887195745217,-0.22504110803665658,14.29643106252454,9.92218457687818,0.7940712785643796,0.0422306519120886,0.8086065404303238,21.821845194159003,-0.22772857075388458,14.324561051352196,9.92151941006015,0.7715996568801599,0.0303430812951079,0.7693574304046914,19.29445164251919,-1.0215615583771016,16.957412307198123,9.31433534405619,0.7382314864451832,0.0268234891176544,0.698074702763385,15.541518277385132,-1.256594305055569,13.1326860518487,8.942145054648336,0.6213951187997572,0.0557701538269404,0.2771203946899359,2.400878659398378,0.6764177516783906,1.3560822107632635,5.525434376749511,3.1391404292407263,2.031448883877085,25.120646097871337,11.639765456981086,0.0617449440288354,0.5978373723338288,-1.3203733646214655,0.599226784659336,0.0087112360076636,-0.46943401026419207,0.18581682940873753,-0.2747582150406282,0.6208705950519903,0.2822070182141979,0.3791731164332727,1.1040818402504122,2.213564207706946,0.6385945479746489,21.02303278223056,26.903210679068863,23.18066585952124,0.239476078498033,0.26194031027899595
14_7_32_59_26_60_18,Q4: Strong/Tough,3.969046666666667,20.98217093583604,380,11780,1.0,0.025,1.0,44.55753400619793,-1.3999513544541782,201.3776108612426,3.903330149147865,1.0,0.025,1.0,44.55753400619793,-1.3999513544541782,201.37761086124257,7.80666029829573,0.9947354783715696,0.0240954231738842,0.9960285899321988,43.97120512262621,-1.4609735622976054,195.68644622769,7.992487533176444,0.9947268187926483,0.0240936704745243,0.9960220163995704,43.97024067388813,-1.4610917983407354,195.67793190915455,7.992635873648108,0.7835224171374684,0.0288422313283401,0.7983196549089395,20.447639805623023,-1.1407567433040549,9.0175123430077,10.254340893442704,0.7836209870304859,0.0288218632878593,0.7984414042809099,20.458617892409602,-1.142130759046775,9.020744500910864,10.253689651670625,0.776743725296234,0.057301025894168,0.7728584351679995,19.69267228912851,0.7790563967542506,20.688872326500235,9.448042209103518,0.7128778712797583,0.0487674862740354,0.6555985652202154,12.57970029911696,0.2033889539170723,10.477573716474236,8.881272354311644,0.623884190147117,0.0390368707529414,0.2899363332511305,2.668150991075186,-0.4530325081740472,1.164561951655094,5.595816244599351,3.051103376785886,1.796146212416663,23.17161763959141,12.098179378276887,0.0648042739239447,0.6000809319312148,0.03508492948189096,0.5988901510530356,0.0056381453205972,-0.6949940038358013,-0.9591207721129152,-0.6830342653305498,0.624277576724836,0.2977829344702674,0.4559614339841097,1.6200657569072825,1.732914100644902,1.043454698812718,24.364412365760785,21.194037423923614,25.103806666115872,0.0813433294708119,0.1391748671034525
14_7_52_31_38_30_44,Q4: Strong/Tough,3.981113333333333,21.72249018865833,385,11935,1.0,0.0259740259740259,1.0,44.77920145452574,-1.3072182615660053,201.3678338461128,3.9022219780056777,1.0,0.0259740259740259,1.0,44.77920145452574,-1.3072182615660053,201.36783384611283,7.804443956011355,0.9856462045288276,0.0249716775023533,0.9891007448723548,43.17232026388313,-1.374370145444928,180.59754623072283,8.16700740838394,0.985698035977684,0.0249809659199333,0.9891408391979436,43.17812269992999,-1.3737478720975058,180.6318168497725,8.166347845457432,0.8081822534141999,0.0214534576370813,0.8214780224953773,23.305555014515846,-1.6100716988767694,16.09218023401772,9.927414080092664,0.8083047600519113,0.0214470951277295,0.8216465760389268,23.31926940889068,-1.610497952321799,16.125349896103362,9.926466114560366,0.784251606683827,0.0257716636715192,0.788490072996368,20.62656281428713,-1.3207754327728665,19.43644047865185,9.174228164829762,0.7269906015246099,0.0247306814679239,0.6897888991183111,14.216297854581704,-1.3905155661011583,7.95668412128567,9.056030540077536,0.6096942750504732,0.0261312557828715,0.2454690808912203,1.0851883078905558,-1.2966847214207438,0.8598229860736978,5.562464274032126,2.8679012510646587,1.230164271064203,25.216455638822698,11.16244635987401,0.0257609974889733,0.6011708553473729,0.7016564644426666,0.5990375030022945,0.0057677450553209,-0.6334074814113768,-0.9623026389420789,-0.7854820843647126,0.6084832226368866,0.2481420780270292,1.1696940994714502,1.423414311389774,1.388624010443393,0.4911732469744538,25.845205033828343,23.652345905778,21.56417162972205,0.028966978950995138,0.3173103221342533
14_7_8_69_89_24_5,Q4: Strong/Tough,4.3970191666666665,19.721224616847707,368,11408,1.0,0.0339673913043477,1.0,44.19242311122426,-0.8258805380946127,201.37004024636076,3.846850329498592,1.0,0.0339673913043477,1.0,44.19242311122426,-0.8258805380946127,201.37004024636067,7.693700658997184,0.947297858198708,0.028535038764516,0.9585248624734894,38.368099501542254,-1.186024665222539,146.56172469899087,8.586413194441922,0.947297858198708,0.028535038764516,0.9585248624734894,38.368099501542254,-1.186024665222539,146.56172469899087,8.586413194441922,0.7889516228133233,0.0361801307757211,0.7982640521563498,20.868626316246544,-0.6791844023714381,13.725046262845282,10.13896185565761,0.7890738580474028,0.0361491059941794,0.7984001584499201,20.88213501884289,-0.6812412263322809,13.754422622277112,10.138535646358775,0.7815693665667919,0.0372585740087142,0.7814729498928014,20.05278377399257,-0.6076877544724874,23.41693424348592,9.144183636058306,0.7096329687711199,0.0409466305532504,0.6801213887554358,12.102805921924746,-0.36318375822198307,10.884175971432647,8.536241090018574,0.5950230433895031,0.0486172504691906,0.2074081932802182,-0.5631934376625757,0.14534890675155276,1.1373704473927615,5.393924121750103,2.9084569187461287,-0.7523226098865408,23.951390240559594,8.562970909984806,-0.0150144532735308,0.6027183130881166,1.6967757145708562,0.600881467139579,0.0078850479023375,0.5561479987001465,-0.18322119265180786,0.4216082322358319,0.5954085087621832,0.2116600460112729,1.672465791350482,1.1358700042091183,0.6447988972688838,1.0209537276491256,24.870631157948097,24.77177665720945,20.419434127633444,0.07343394879852622,0.13179895183660484
15_0_14_77_77_23_10,Q3: Strong/Brittle,4.215168333333334,17.08619292473979,371,11501,1.0,0.0579514824797843,1.0,44.231396870145275,0.7770415568348032,200.37155230654403,3.859086802679356,1.0,0.0579514824797843,1.0,44.231396870145275,0.7770415568348032,200.37155230654403,7.718173605358713,0.935217041434023,0.0565303964053645,0.9488264145719782,37.06905088458539,0.6818690244817359,130.3958130974362,8.770958688582894,0.935217041434023,0.0565303964053645,0.9488264145719782,37.06905088458539,0.6818690244817359,130.3958130974362,8.770958688582894,0.7898564122004287,0.0497951164421293,0.8037870130523735,20.99810966337858,0.23079596019202964,14.521402292104463,10.140473600126771,0.7899928751500932,0.0498318868566238,0.8039420850860169,21.013196885100815,0.23325853689734444,14.55598080359385,10.139743693856587,0.7590904846005575,0.0541304228103189,0.7413352135088761,17.596656211502875,0.5211387430916796,18.51356467182566,9.39886559547503,0.6779570919147293,0.0535501268039088,0.6079837502368344,8.626620846316841,0.48227534034743,7.315028113662566,8.969373745085479,0.6185002753892488,0.0452558990455931,0.2433963548842194,2.053128363386372,-0.07320308835668533,0.5097299437919197,5.272279463874451,2.81388337011697,1.780766521473617,22.461913160718176,10.329797801944256,0.0451935163591075,0.6001026084559579,0.05106570499782785,0.6052078413352558,0.0105491679346515,3.1618065907244106,0.8269427448376189,2.124206297019488,0.6185002753892488,0.2433963548842194,2.0449175987952666,2.8274111689939647,1.0636479344431482,1.0181047744781535,24.220914469714245,23.93939711370784,21.814155442044832,0.19161787024975308,0.18087898590816573
15_10_42_35_43_31_40,Q1: Weak/Brittle,3.4251433333333328,17.37671857453542,383,11873,1.0,0.0065274151436031,1.0,45.040309241436596,-2.615647939350247,200.36788120620025,3.897881915069543,1.0,0.0065274151436031,1.0,45.040309241436596,-2.615647939350247,200.36788120620025,7.795763830139086,0.9818338530828306,0.0073477830207866,0.9861576473636308,42.995112437411116,-2.560803132808631,177.1743260967011,8.190057252339201,0.9817665567622654,0.0073385137483267,0.9861058213999212,42.98753602506732,-2.561422819986767,177.133338215306,8.190549892775339,0.788355559817935,0.0289569962222302,0.7847960488598367,21.212772525821048,-1.1161425719653655,9.266710369447727,9.655347263989118,0.7883071017986525,0.0290335113539141,0.7847249214896331,21.207316983343166,-1.1110272356492763,9.253739492406106,9.655963406074804,0.7750272434235521,0.0241988628875225,0.7676148361043855,19.712232525945293,-1.4342424263102083,18.69061965578531,9.268744557215824,0.7154959580574514,0.0215652452082073,0.6646605880606833,13.010030065212963,-1.6103100858857113,7.59607895327926,9.133142367269938,0.6238654748563566,0.035500261916915,0.2951208190638513,2.694008057427198,-0.67869962575026,0.2627677430517989,5.490045253905643,3.148693229201518,2.2376160684485003,24.560348171544994,12.495441094959988,0.0562039857085059,0.6013746402831693,0.8298118429701686,0.6014099191812776,0.0081657998694701,0.8513897069083066,-0.07164902403281471,0.8123856655789249,0.6227010894709206,0.3039427616736662,0.475595834899118,1.2916400008938669,1.0170663830234827,0.9117628724564606,23.716385497519365,24.03348692474507,22.80728441019205,0.21074067849633882,0.3888406438387029
15_12_33_55_17_75_9,Q4: Strong/Tough,3.8639108333333336,18.5686711715625,370,11470,1.0,0.0175675675675675,1.0,43.988225518259135,-1.8882608245535477,200.37297784434608,3.8530284974723,1.0,0.0175675675675675,1.0,43.988225518259135,-1.8882608245535477,200.37297784434608,7.7060569949446,0.9756359593430448,0.0157824301418572,0.981371376336406,41.308059568567586,-2.005789391322681,172.64775543788255,8.209855709517184,0.9756693492812488,0.0157813863921472,0.981397368085096,41.311732628249956,-2.005858108949523,172.6550387194744,8.209703767611657,0.7860142776859257,0.0238207427940294,0.79247217090803,20.448729145656802,-1.476568866535305,16.390979557491132,10.016179249947973,0.7860798228613781,0.0238056927217316,0.7925638496741161,20.455939441760293,-1.4775597221419696,16.409679849895046,10.01555652059759,0.7798640922545772,0.0266992699179772,0.7700930147584106,19.772178083808047,-1.2870545118356669,17.79425352499235,9.23518363418546,0.6972034058770953,0.0468168318293724,0.6369607654041386,10.679090441803368,0.037430754274758775,6.575117817368265,8.938065133572316,0.6045828514213017,0.0688067921450998,0.2206643674360975,0.49036765196904186,1.4851896113774379,0.6167924945411783,5.568424400966635,2.747974327314129,0.5896014912190077,23.170087995605027,9.054033404242352,-0.004229603018233,0.5999282337961034,-0.07808803885008733,0.6001920488134185,0.0068626787695665,0.08478176089771156,-0.5300290302834653,0.3200265651226429,0.6061308247091053,0.224790700729566,0.8481510269190525,1.0974506602882768,1.232827861445078,0.9748963867925806,25.74961735393557,21.48371001051396,22.77557106521506,0.24575481466005317,0.3876310506643276
15_13_23_52_33_51_29,Q4: Strong/Tough,3.841460833333333,19.19212450599375,388,12028,1.0,0.0296391752577319,1.0,44.81865812132556,-1.0637876438952125,200.3723026510307,3.914740329441288,1.0,0.0296391752577319,1.0,44.81865812132556,-1.0637876438952125,200.3723026510308,7.8294806588825745,0.9937608971480886,0.0296699847621814,0.9952953093947412,44.11942454041953,-1.0616956459841573,194.50668341626235,8.052469440529144,0.9805445092337868,0.0293422027779211,0.9851723683110546,42.63822724854779,-1.0839523891095777,174.52595329347272,8.274045702954862,0.786444836458364,0.026334837669404,0.8011737951648075,20.8849379585871,-1.2881556581076163,13.101945133308035,10.02691739407036,0.7865965320847019,0.0262971659635239,0.8013434853948362,20.901938908648294,-1.290713606747661,13.121761697006717,10.026051099550603,0.799139983175193,0.031784645484531,0.8044280880667833,22.307718302112963,-0.9181079482009415,28.38849252468552,9.21915679200468,0.7143943519533253,0.0303080641670944,0.6654830476476695,12.810040095501178,-1.0183693800796474,12.726877499866154,8.939694465552492,0.6117497743601678,0.0448040671301681,0.2780677881340573,1.306377268551254,-0.03407545976994687,1.1100959115050013,5.538769749437547,3.0620144345753864,1.0062877638130685,25.3613739777096,12.1016357990784,0.0106098269800198,0.6016496894381217,1.0866673754365652,0.6004997281996262,0.0073053577937893,0.35066419206078286,-0.3079440574449653,0.4473825515565519,0.6105454751808228,0.2796930524958007,1.5374357512961472,1.64559151711956,1.1269780026017648,0.5208484099643742,21.67190519315146,26.04222581428381,23.56471034232093,0.012177661867085045,0.01695886061801291
15_13_24_59_32_50_23,Q3: Strong/Brittle,3.9039683333333337,18.02430709795209,377,11687,1.0,0.0305039787798408,1.0,44.538595515138205,-1.0286824344689462,200.37985795979617,3.8774576806215326,1.0,0.0305039787798408,1.0,44.538595515138205,-1.0286824344689462,200.37985795979617,7.754915361243065,0.9941398316495114,0.0301343737365865,0.99558412325287,43.886371428791385,-1.0534022036695039,194.9022694684303,7.970891928044441,0.9933748087031196,0.0300848924751737,0.9950045046933992,43.80122602640663,-1.0567115886040468,194.175090618725,7.984161547662064,0.7752616639844758,0.0331747131795917,0.7854123139861968,19.525703886758954,-0.8500594985464844,14.017763481230098,10.0915928810205,0.7754408799167778,0.0331722839578341,0.7856321028449822,19.545650233128796,-0.8502219687353543,14.041381495854196,10.090232526413104,0.7681714211434462,0.0273298672888441,0.7675575115900353,18.736575165127253,-1.2409720254967684,21.975636409029136,9.205490469539,0.6935819820254517,0.0223464125236733,0.6375518672859571,10.43493161664467,-1.574273353129579,6.819031916172789,8.906778048532097,0.6178355006979537,0.0417389768532427,0.2475328698205847,2.0045117680929483,-0.27726801409774404,0.2122794746432073,5.735842808078703,2.8781457382242763,1.9168619660842854,23.74684038584109,10.39166026619035,0.0532983873966237,0.6016967389925822,1.063252562903666,0.5997945943531817,0.0122368402717212,-0.10257382839178601,1.4321584129303138,-0.23069791492674893,0.6186801186934583,0.2539973856277643,0.9274291192198272,0.5759763967641109,2.110801719191344,0.2773615416888944,21.687955742217877,24.721107787963625,23.965011045770662,0.04755601671614437,0.22279450442526091
15_13_37_32_39_53_27,Q4: Strong/Tough,3.7382516666666663,20.8063783599175,383,11873,1.0,0.010443864229765,1.0,45.040309241436596,-2.353817974483652,200.37057482947532,3.8969290183235072,1.0,0.010443864229765,1.0,45.040309241436596,-2.353817974483652,200.37057482947537,7.7938580366470145,0.9978152646461323,0.0104283459062588,0.998358417273842,44.79434548347819,-2.3548554352061144,198.64396035616107,7.915056447533785,0.9805772645193732,0.0109529015652136,0.9851631515276644,42.85364210109401,-2.3197868343554124,174.7181704019218,8.235008813952241,0.7954705703379493,0.0269588569289724,0.8098068992793351,22.01380077041747,-1.2497260118218403,17.391445877915533,9.880522603324351,0.7951719758003921,0.0271011864053122,0.8094347758228659,21.980184142923704,-1.2402107287249136,17.29864398524518,9.882921145803044,0.7965176447800499,0.0302753367690355,0.8000869231111571,22.131683407408417,-1.0280063415540277,26.32776616462812,9.080468921871736,0.7198549995781044,0.039687166524523,0.6892041289208883,13.50078343340399,-0.3987886497124956,10.720528984065126,8.873329245483133,0.6010598179020695,0.0679860317468483,0.2453711464943356,0.1264819370408027,1.4931013567492533,0.2305573276580026,5.484582223416914,3.1334286008836267,0.11895226630958129,24.58919184059908,10.723817765377174,0.010108496757939,0.5972914276294103,-1.667630305105645,0.6008149578799462,0.0089490220185724,0.487489622240613,0.22678932397416898,0.7358094288231687,0.5999892094160085,0.2535367813123174,0.5566882233854943,1.6402585652179753,1.8699108817906995,3.4961741137121187,22.854039578401967,20.79370391403444,27.45542412834613,0.1126812299153822,0.16267314078559492
15_15_44_39_12_74_17,Q4: Strong/Tough,3.8547216666666655,19.500642852745624,370,11470,1.0,0.0297297297297297,1.0,43.988225518259135,-1.087537324420803,200.37485184612805,3.853027943418246,1.0,0.0297297297297297,1.0,43.988225518259135,-1.087537324420803,200.37485184612805,7.706055886836492,0.9767853298636068,0.0287120072361328,0.9822531343366292,41.434496056511556,-1.1545413905047122,169.80270594125184,8.22564503564914,0.976798238771222,0.0287098498061443,0.9822634290318212,41.43591610071215,-1.1546834297958062,169.8065759332026,8.225584928869793,0.7763560345057509,0.0426261990917068,0.7858946877422267,19.386274240503145,-0.23846904616647424,9.18258478489894,10.14566373826504,0.7764397178042084,0.0426352727736389,0.7859861297071196,19.39547982057263,-0.23787165975944494,9.195371605433822,10.145043479935648,0.7717653610018852,0.033120200584757,0.7705894165317401,18.881277266296422,-0.8643179943429944,15.85259515934098,9.31979922870036,0.7317719296213294,0.0265536403322212,0.6778181225432248,14.48180040994453,-1.2966423655474197,7.318889963842376,8.768853684563535,0.607619206742423,0.0505428438844005,0.2580884037269597,0.8243818763506093,0.2827411994455121,0.6812610381549565,5.640489051956516,3.025450667719542,0.9367502254376336,24.73014731566997,11.034725068904407,0.0326214865238204,0.5968316024621586,-1.9898356352727893,0.6032853130746266,0.0063468950938644,1.994450649034844,-0.7213617560642177,1.7896839947786696,0.6115984833597239,0.2711920792675087,0.5838240868751297,0.7442698506364485,1.0906365533055604,1.6800723880179902,23.85895734746682,21.92481428191096,24.16870636267985,0.02383944656498209,0.15124293573579042
15_16_27_50_27_52_29,Q2: Weak/Tough,3.5530875,19.3008571357725,381,11811,1.0,0.047244094488189,1.0,44.90707726716092,0.10631227067255421,200.37058545909903,3.8901415680295774,1.0,0.047244094488189,1.0,44.90707726716092,0.10631227067255421,200.37058545909903,7.7802831360591584,0.9670184197989072,0.04607686006193,0.9745015744558028,41.20344523091223,0.02794012651058824,170.0269702080238,8.345623314934539,0.9551567638969568,0.0441649277627788,0.9648573925395902,39.871452993621965,-0.10043360065683571,150.32158852561977,8.49459546377546,0.8042403132774447,0.0428407885549912,0.8219939800581632,22.924448092599988,-0.18934087287964338,15.49646998401535,9.843725006152049,0.8042842438931826,0.0427971854239738,0.8220575176982483,22.92938123512461,-0.19226853744567296,15.503571002852938,9.843672022265835,0.8003308194024027,0.0337393283506364,0.8023786658083374,22.485435568856694,-0.8004442940717602,29.728426348159232,9.183974057182636,0.7220070690162418,0.0354434222711095,0.6696665799633453,13.690151978420355,-0.6860255523037605,10.737012071862752,8.875990858189839,0.6203352395374592,0.073371498761077,0.2786892791287756,2.2730202780672903,1.860596284395082,0.988635391158783,5.517678981307342,3.0924564855777,1.8183786762809975,24.196982535477414,11.604500878796852,0.0441522044497759,0.5992399009452097,-0.5185343856974837,0.6005218125060785,0.0094223745637405,0.29757818406863495,0.4758265719032666,0.39610821214157294,0.6202416320780694,0.2888364054320915,1.09563377581099,0.7346855438566584,1.418849307536054,1.775218982946143,27.33558049160936,19.45210359018092,24.309428222658937,0.1148969188426772,0.24251266708952618
15_17_35_35_40_46_28,Q1: Weak/Brittle,3.1171441666666664,14.757442827489582,375,11625,1.0,0.0359999999999999,1.0,44.239406385010234,-0.6659301280773207,200.3719924109688,3.874143763625011,1.0,0.0359999999999999,1.0,44.239406385010234,-0.6659301280773207,200.3719924109688,7.748287527250023,0.9894745727363208,0.0348357159325497,0.9920272104463002,43.07505424857172,-0.7439550126568476,190.40168620586485,8.020200812969684,0.9805119586525975,0.0342912001940401,0.9851425689513126,42.08358486732692,-0.7804459162401906,169.3702157775884,8.201506067458267,0.7923447093297026,0.0465132057664134,0.7983647296192538,21.26799864282173,0.038615858093976545,13.825762456951814,9.858371741861845,0.792449142999703,0.0465147177518195,0.7984902668453026,21.27955138683249,0.038717184299577906,13.856162847781537,9.85717062075888,0.783047628804123,0.0412492548017485,0.7832638139987547,20.239529650408066,-0.31414956911808656,22.786815687334343,9.013794056251928,0.7091490816171032,0.0423342803239865,0.6427513889452491,12.064666137377408,-0.24143622234536524,7.231010389751361,8.80154217904004,0.6351338942096048,0.0395977871897663,0.2751691542191479,3.8768995576581786,-0.42482322120535904,0.8902246731919806,5.768270995502641,2.8212519733768806,2.0431863644747827,23.026425205505955,10.528924603638428,0.0838257362823237,0.6018084728888531,1.1285067599197445,0.6009736239519525,0.0094080097520236,0.6059919931737723,0.4335623373445741,0.5262885749183335,0.635464406545668,0.2893131629989995,1.3332038725390298,1.7398004956753184,0.9606275828258042,2.033530074454802,24.90237046987748,22.42053639412264,22.858475197425854,0.14155389346948868,0.3323289433499147
15_18_23_31_74_39_16,Q3: Strong/Brittle,3.7055466666666663,15.632897277181042,372,11532,1.0,0.0241935483870967,1.0,43.92333013321453,-1.4657165930396459,200.3613517366712,3.858975536772911,1.0,0.0241935483870967,1.0,43.92333013321453,-1.4657165930396459,200.3613517366712,7.717951073545821,0.9772762664727817,0.0221767747403344,0.982661603453155,41.42777935907666,-1.5999258656797455,168.71836953848245,8.272646057571496,0.9772892026958726,0.0221801780716581,0.9826718486741498,41.42920003237889,-1.5996993858156119,168.73168802220587,8.272505865147304,0.8086518059326608,0.0321305357395288,0.8173753660232217,22.90921582569275,-0.9375376864808128,17.127298159693698,9.935484804933644,0.8087624040493478,0.0321040100555884,0.8175053188131848,22.921361858622856,-0.9393028785010665,17.16542322330592,9.9342728339992,0.7813085886288147,0.0400612005153566,0.783330974485766,19.90634717172354,-0.4097795254075411,21.38670255516942,9.33204799122738,0.7256741988424615,0.0186202395957027,0.6777256260713562,13.796504159626883,-1.8366009113132775,6.481941989661228,8.91746103665244,0.6073490933341522,0.0373625190102073,0.2199577356680099,0.8018829941606431,-0.5893673946137998,0.6486320781415852,5.561392928107262,2.759764393707406,1.0515398367311537,23.240708303365974,9.787609554751487,0.0272205930065909,0.6022277423857691,1.335306718377795,0.6002068965003388,0.0081388818635502,0.13676289833943778,-0.050636313164732646,0.18569346947978882,0.6084439227879678,0.2232882780302909,0.5201058893153657,1.1767634561165532,1.2470613913148485,0.3274896023173269,23.03769255445919,22.8419680299273,23.97603182964118,0.10045508244316564,0.17221440595628593
15_18_27_45_50_35_26,Q1: Weak/Brittle,3.304628333333334,16.89918098674271,369,11439,1.0,0.0284552845528455,1.0,44.095197579514426,-1.1937752905277321,200.3719774933904,3.853140809355494,1.0,0.0284552845528455,1.0,44.095197579514426,-1.1937752905277321,200.37197749339043,7.706281618710988,0.9813184390535832,0.0273879963656114,0.9857575093185812,42.03592956975652,-1.264341701234988,169.4936221193486,8.176218000656926,0.981328368600518,0.0273935429002163,0.9857655181556594,42.037024103474174,-1.2639749783164613,169.49660375963276,8.176188995474096,0.8093116744028389,0.0293253162324563,0.817307535750611,23.075628076578937,-1.1362509840038812,16.21445553639343,9.674101728586496,0.8092534083423913,0.029365190405954,0.8172224491243646,23.069205410149806,-1.1336146039358672,16.207597543805566,9.674697380553315,0.7718135838570214,0.048103633775152,0.7622998218955663,18.942214465720134,0.10532414440000903,19.1405581771857,9.120927828819806,0.7015154036025096,0.0305760896336442,0.6350433934626096,11.193247762267182,-1.053552992415807,9.272449585920048,9.001489102895487,0.6249894776094503,0.0524267519171229,0.28646950467244,2.757796797189564,0.39115784329336517,0.774729793738333,5.543366504608732,3.197579138378577,2.350139077201419,23.623800248913177,12.015585953797697,0.0739824619756437,0.6015248535499892,0.9574763575510401,0.5995934732523076,0.0071093707462342,-0.2722401952865924,-0.4210735679229319,-0.24732124730556623,0.6253957976824036,0.2964120841327586,1.0043206125037731,1.2466999827117258,2.049647417063305,1.0758018384188754,26.62359109537459,21.87229141983321,21.600699801023133,0.13076660702424997,0.3342431221780229
15_18_7_86_23_22_45,Q4: Strong/Tough,3.8395525,20.075392199477083,381,11811,1.0,0.0118110236220472,1.0,44.90707726716092,-2.272786285324151,200.3642080943644,3.8891858107424473,1.0,0.0118110236220472,1.0,44.90707726716092,-2.272786285324151,200.3642080943644,7.778371621484897,0.9838705794133432,0.0131395203085323,0.9877134799070094,43.095840860456185,-2.1835864369564146,173.82525956088432,8.20717980097566,0.9838608347713996,0.0131457751013737,0.9877057976676707,43.094746596086075,-2.1831664685976673,173.81767055137848,8.207185080563084,0.8051653065751401,0.0362736081547342,0.8190926573222012,23.02831924703747,-0.6302840094834431,14.744997957866524,9.84126313308397,0.8052716227266689,0.0362872111626157,0.8191944981857444,23.040257908022536,-0.6293706566292596,14.777700987388544,9.840812615718852,0.7795939808434795,0.0125734898167785,0.7758718139259617,20.15681398222937,-2.221591675922828,22.01084999959256,9.185434272718112,0.7258930077396644,0.0251684041945675,0.6656893985743904,14.126519401061019,-1.375925695621564,9.187990391248505,8.85338951596763,0.6037266501097811,0.0774212431905086,0.2331843800687614,0.40797610776972154,2.1325100894563005,0.4852059621133104,5.75065875666034,2.957032589678993,0.6853742564498608,23.648210300858867,9.49483628932575,0.0090617632808159,0.5979463049455352,-1.342085703713562,0.599414731658713,0.0098026642432528,-0.4072306520963477,0.617338508798969,-0.4020660610949603,0.6044440081585313,0.2443223940630028,1.9852106850357776,1.1200432032245564,1.8887839480007391,1.0746874872439691,25.48371023871414,21.3460396120352,23.848589724062165,0.07459912947316161,0.10254044489556467
15_19_34_33_30_56_29,Q4: Strong/Tough,3.7667625,20.23931452035625,380,11780,1.0,0.0407894736842104,1.0,44.55753400619793,-0.33480297006159704,200.3749020483646,3.888016059752446,1.0,0.0407894736842104,1.0,44.55753400619793,-0.33480297006159704,200.3749020483646,7.776032119504893,0.9938899777362148,0.0402158521763585,0.99539316399959,43.87703864776368,-0.37349913147654573,194.6864427029209,7.993627602347194,0.9812990987820858,0.0390221285102838,0.985756393475578,42.47474675470857,-0.45402701098415477,174.19652334874522,8.220644881180851,0.8019617320145298,0.0302611985995822,0.8154315864053504,22.501293236793078,-1.0450340658609878,15.447085757792625,9.899235566164586,0.8020666968059258,0.0302424022315842,0.8155608065179154,22.512983546625065,-1.0463020575246704,15.471781864948872,9.89858356761368,0.7750779155529861,0.0278849706287822,0.784188240526066,19.507145011260214,-1.205332973517241,21.125531382300807,9.234577403107156,0.6988191613418803,0.0284262024975202,0.6481153864454775,11.013930741286787,-1.16882179764793,8.607454333724922,8.92182296680743,0.6189018000137823,0.0402725605244263,0.255806114108954,2.113244116228139,-0.3696736204725664,0.7667755267103976,5.655600653172561,2.930327368029229,1.8016425571736827,23.523318525220088,11.043754138014203,0.0426652127900406,0.5997908040241667,-0.14279521352748367,0.6024580056179435,0.0090218222161778,1.4924911185013154,0.3127475269053356,1.0805234621344622,0.6213836868580169,0.2796169985170953,0.5243972878779852,0.3994609158199679,1.1096276988836726,0.9724746413820184,20.63101454766887,24.940784303428025,25.155933187950545,0.05439734679390826,0.3185692607774789
15_22_26_46_47_12_48,Q1: Weak/Brittle,3.264825833333333,15.48434213371875,374,11594,1.0,0.0213903743315507,1.0,44.228901369510815,-1.6484762958133046,200.38121484647425,3.8658730127888727,1.0,0.0213903743315507,1.0,44.228901369510815,-1.6484762958133046,200.38121484647425,7.731746025577747,0.9834378567054528,0.0212215158423723,0.9873722247920144,42.39726529395671,-1.6597678838650474,180.30063703322975,8.156108850225207,0.9806469991579656,0.0212840743498577,0.9852216805440422,42.08861953025335,-1.6555845887337575,165.4342170176005,8.226700059706188,0.818835804159987,0.0241585115541288,0.8303396736184349,24.193639580140534,-1.463370617442435,21.74022798042491,9.636282398330929,0.8189844314318746,0.0241623529224206,0.8305224881941308,24.210076527228782,-1.4631137446697537,21.78864973368583,9.635391887825076,0.7815986026820736,0.0244524869787068,0.7840956912792236,20.075513057103013,-1.4437124444490477,21.22969471426581,9.14450493847717,0.7253102242405511,0.0205518889432337,0.6770158462530996,13.850483919607363,-1.704545917413901,11.753911534286363,8.98558351610956,0.6331282566712297,0.0468386420959376,0.2766448694981043,3.655920673006511,0.05325251642496305,0.6793156077089438,5.655261606092411,3.162147515570467,2.4335826749088736,24.20596692046097,11.285434497850122,0.0700222461906449,0.5944594510807261,-3.4335963096785966,0.6024204728647088,0.008908801280156,1.571932623175331,0.2519478096742522,2.253330368522618,0.6328101330550827,0.3034785678142933,0.5739292669142055,1.6684743445800396,2.0682783095567343,0.3790322426556781,21.733094553430107,26.44274537325605,22.288680600459664,0.12996387185532868,0.39131710402600955
15_22_44_31_27_23_54,Q1: Weak/Brittle,3.11111,14.498306112958124,375,11625,1.0,0.024,1.0,44.239406385010234,-1.4701141250333416,200.38267446451857,3.873821714515236,1.0,0.024,1.0,44.239406385010234,-1.4701141250333416,200.38267446451857,7.747643429030472,0.9897733726229526,0.0247437634464881,0.9922607549265732,43.108108325869644,-1.4202705699344593,187.22754235808716,8.078432928796783,0.9811022284904408,0.0241871749476513,0.985595565115026,42.14888216401147,-1.4575705335723201,166.1195428623222,8.239795534358505,0.8099411362321588,0.029923275129331,0.817132557634305,23.21456449181676,-1.0731638693187053,20.404714843112004,9.656788708462752,0.8100138539990455,0.0299329770345379,0.8172454132697072,23.22260873411785,-1.0725136929097576,20.433588379453028,9.656228170328454,0.7764719715692621,0.0201780768978094,0.7715947495414037,19.512112096888107,-1.7262415747315265,18.897980917233223,9.216059896176958,0.7260273085546911,0.0217313683553615,0.6548670220447331,13.931782702031251,-1.622147230333868,7.953042802181915,9.074656180339227,0.6083061626331691,0.0466750824360342,0.2288222864299511,0.9091410245092798,0.04946407702644209,0.762751440100224,5.899017365066861,3.010550812225434,1.4543332534398503,22.004533548112864,9.76134771769354,0.0184001459964496,0.5980671158402158,-1.2131316122148634,0.6026672688441961,0.0042186752540931,1.6660094726313261,-1.4574604887135325,1.4148263491467616,0.6059943366348116,0.2532929938625539,1.607091590157486,0.423382712931014,3.07161693940689,2.5547574601116256,21.76459808931908,22.49310922672568,26.0726354349848,0.1543209880690222,0.27227530641621406
15_23_35_31_40_40_32,Q2: Weak/Tough,3.648125,20.288630585870624,369,11439,1.0,0.0040650406504065,1.0,44.095197579514426,-2.806396875827954,200.3726740585284,3.852164273483762,1.0,0.0040650406504065,1.0,44.095197579514426,-2.806396875827954,200.3726740585284,7.704328546967523,0.9727289019582358,0.0078652560358311,0.978866187902674,41.08910510418795,-2.5551361920955995,162.7353732317424,8.256384777822399,0.9727289019582358,0.0078652560358311,0.978866187902674,41.08910510418795,-2.5551361920955995,162.7353732317424,8.256384777822399,0.8028216639958555,0.0155269266390351,0.8144798801138229,22.36023438691725,-2.0485658009339347,18.19785699287191,9.723777853576694,0.8028860434481585,0.0155568756167409,0.8145589168283301,22.36733093238224,-2.0465856498497867,18.210484058924933,9.72336628107599,0.7760924374580533,0.0179701186521567,0.7705388590085208,19.41387239432233,-1.8870280896608214,21.518963286660068,9.067790867867645,0.7018711460605135,0.0344871670875384,0.6243602491504096,11.23246124477976,-0.7949623875346431,4.768368014731994,8.92610257468065,0.5954902893283586,0.0390172889388002,0.2395826333543089,-0.49389801114651527,-0.4954421239978585,0.2708580546228059,5.607849983503416,3.116274819944412,-0.4192358151552126,22.565970989410534,10.305258582578778,-0.0046513664453164,0.6022272009169454,1.4046633688427606,0.5992968233286466,0.0072853060926323,-0.46111823342429337,-0.3563469993805923,-0.9557588759231652,0.5984548133500951,0.2561918967219645,0.6214364219573497,0.922313782499527,0.8747593447665459,0.8264588005015754,20.4812071384521,26.45373866036857,23.264307283693142,0.0411140530296416,0.16000671798408744
15_25_21_44_30_39_42,Q4: Strong/Tough,3.949014166666666,21.153320312545837,383,11873,1.0,0.0130548302872062,1.0,45.040309241436596,-2.179264664572593,200.36779273552443,3.897564136606765,1.0,0.0130548302872062,1.0,45.040309241436596,-2.179264664572593,200.36779273552443,7.79512827321353,0.9999245007620564,0.0130528251645046,0.9999433720709472,45.03180932118094,-2.179398714880656,200.2822550310469,7.820992774203493,0.9732472681455626,0.0110154371281027,0.9792748512002396,42.028410133875525,-2.315606086980955,160.02357712394848,8.33511970029057,0.7833288853926025,0.0230084106989191,0.7955945898706861,20.646855134728593,-1.5138288189480482,13.6614471476369,9.809286620042627,0.7834069075738367,0.0230145774910012,0.7956976162593461,20.655639095159547,-1.5134165447377435,13.6951012202555,9.808455765669388,0.7724112259616632,0.0128750241420394,0.7658385144816408,19.417713794112665,-2.191285409802798,20.855950765845044,9.171030251922376,0.7234271416464565,0.0088734193411189,0.6688968036071781,13.90294540947024,-2.4588083678152035,11.697200039065322,8.976409285491206,0.6041547670527718,0.0388867107008018,0.2666205751110133,0.47492016890686906,-0.45230225747078573,1.2281242619199335,5.579814768696553,2.8885796560159487,0.338614442394036,24.745382340623,11.89318507881648,0.0042525974441186,0.5995750078007606,-0.2709091808237737,0.6008733964091033,0.0068402985045997,0.523232763282788,-0.5767170153636569,0.4690812313244055,0.6058035743475816,0.283863316709932,0.7724216177203092,0.4040520042851184,1.0784216899618897,0.4720850905652821,23.988589662004472,27.32533501032938,19.945983822454146,0.06489928781595117,0.04444755192812361
15_26_2_80_21_16_56,Q2: Weak/Tough,3.4509391666666662,19.01304851586271,385,11935,1.0,0.0363636363636363,1.0,44.77920145452574,-0.6111709984159388,200.37690777312184,3.9030603883738233,1.0,0.0363636363636363,1.0,44.77920145452574,-0.6111709984159388,200.37690777312187,7.806120776747647,0.985035023622692,0.0368062944774422,0.988613541821668,43.103899677556576,-0.5815153176857086,167.82714266322546,8.258602482547351,0.9850849928857212,0.0368078935346261,0.9886520119920506,43.10949364530072,-0.5814081895707229,167.88317621385949,8.258380949314006,0.7855403805004353,0.0535461331268608,0.7679083176014142,20.77083868954672,0.5399626242738119,12.95377186228516,9.624433886799483,0.7856150206427761,0.0535949040024266,0.7680363136599792,20.77919451717679,0.5432300070904912,12.964967987516674,9.623885702308812,0.7632777235670066,0.0519592418289868,0.7423038733693378,18.278574901066413,0.4336495573366333,15.121671510202995,9.23258033296488,0.7260847777180548,0.0311325336521755,0.6695934011966876,14.114892533618828,-0.961626365751972,9.033453309378244,9.042475745969057,0.6164979261775673,0.0368365906308655,0.2952731177032517,1.8468446269999124,-0.5794856405483108,1.3339678258745378,5.617699039801168,2.9123166238722638,1.7348534537884817,25.020153363883324,13.309970841967273,0.0342488144083687,0.5979625460800039,-1.3061215942991562,0.6032224434560655,0.0054265773197636,1.985551889395391,-1.0891147065593776,1.509334989797162,0.61815366769071,0.3005398955844832,0.945677633975689,1.1621707269664634,1.502431903685242,0.9782266763646454,22.77967141820922,23.25221107569329,24.789656827975996,0.11006395902132604,0.11304782645725059
15_27_11_55_42_26_40,Q1: Weak/Brittle,3.5790191666666678,15.62458013137292,376,11656,1.0,0.0186170212765957,1.0,44.41013672625182,-1.8150642004346385,200.38272781389333,3.875960770122344,1.0,0.0186170212765957,1.0,44.41013672625182,-1.8150642004346385,200.38272781389333,7.751921540244688,0.979541477136808,0.018961337388609,0.9843716476818472,42.13874882053898,-1.7922006163252637,163.03733078087103,8.293815814784042,0.9796123658978072,0.0189563897392566,0.9844271424326774,42.146619177331665,-1.7925291545294473,163.0744322429321,8.293250469440727,0.783388620716113,0.0197778067009011,0.7901314461042239,20.361065811635772,-1.7379846962942183,14.23324987631606,9.948952416333546,0.7834067439558413,0.0197487122786964,0.7901614829510768,20.363077926968163,-1.7399166499437329,14.248731928182956,9.948785384220372,0.7800540135743644,0.0140524249467635,0.7794508967798092,19.99084424760983,-2.1181665777884735,20.173362993922098,9.171482449273295,0.7013273176253476,0.0317513855659392,0.6580345555309042,11.250288234299042,-0.9429044838978465,8.538693628599782,8.897170810023292,0.6152530431565102,0.0206751107846406,0.2499813449345957,1.6939743533358265,-1.6784011140148307,1.048482868069202,5.537408905559586,2.8755034451367685,1.6685067540864538,24.50952765002316,10.794691901568434,0.0328073140343112,0.5984618540248823,-1.0075645240109516,0.5996297386184548,0.0076006539247037,-0.258338608714729,-0.2552609857098774,-0.2332264646381188,0.618889261649631,0.2777615137827532,0.8223672152000331,0.6532465458555777,1.6654338784630678,2.046598932508076,22.838408313945894,22.958687328395385,24.34057790027213,0.07567838679520517,0.10611909166870698
15_28_27_29_30_71_16,Q2: Weak/Tough,3.5778833333333337,18.65545196539167,370,11470,1.0,0.0189189189189189,1.0,43.988225518259135,-1.7992915467610175,200.36494041388997,3.852052407108882,1.0,0.0189189189189189,1.0,43.988225518259135,-1.7992915467610175,200.36494041388997,7.704104814217763,0.9781125678042546,0.0189439347422826,0.9832686041177364,41.580498847499655,-1.7976445733548578,163.21836866010406,8.257397138440671,0.9781300182543728,0.0189518511175938,0.9832821175188996,41.5824184840194,-1.7971233808511702,163.2377507459237,8.257129749017103,0.7832951017821365,0.0286710680427667,0.7904283023401075,20.149606238616457,-1.157236715050433,16.818925115463877,9.703688231285614,0.7833772664053243,0.0286303929291566,0.7905170472669589,20.158644756834267,-1.1599146533071276,16.84237913349479,9.70326886036546,0.7765412608961546,0.0326194161103712,0.7749744401948278,19.406650066973565,-0.8972882747746976,23.948289251074005,9.04535062501194,0.7189345995932859,0.0221598456629715,0.6580000244050664,13.069630100817532,-1.5859177920313519,10.591798705185688,8.836746581831513,0.6111349689836956,0.0269864268665324,0.268107067840063,1.2111332522386684,-1.268148883554381,1.2251978036252282,5.561880538242839,2.888005834281252,1.3707648825388514,24.450177888782342,11.723258195920772,0.0292140411403162,0.6017438988383629,1.0428375432167043,0.5970382986934429,0.0045742445954311,-1.862228897261755,-1.3789359828176524,-1.314165877725764,0.6146502221225495,0.3017072548123101,0.5901048237729817,1.2120673625086047,2.530625434471654,0.4874323226480153,19.81407287929356,24.77151371573717,25.729102815235127,0.15662007064899092,0.3892657308586305
15_28_42_25_29_25_52,Q4: Strong/Tough,3.73696,18.546997680477087,370,11470,1.0,0.0256756756756756,1.0,43.988225518259135,-1.3544451577983867,200.3720098559111,3.8530276190939214,1.0,0.0256756756756756,1.0,43.988225518259135,-1.3544451577983867,200.3720098559111,7.706055238187843,0.9973997225757224,0.0256170805354299,0.998044893895553,43.702182036784684,-1.3583029016076476,197.10382952636252,7.871482774476866,0.9854525354873772,0.024326784234606,0.98892359294203,42.387931889215814,-1.4432524818244243,165.6455060172932,8.174052469092855,0.8054503006064707,0.0344552724056327,0.8075587980989309,22.586788573586652,-0.7764205163216903,12.872795107370967,9.858051030630156,0.8055544524258893,0.0344653452141528,0.8076842360972862,22.598245793016485,-0.7757573501521524,12.872453390212668,9.857469322294412,0.7802094090275489,0.0440321060324435,0.7758707709505696,19.810164650560548,-0.14590797754744872,23.000251636183005,9.202735656493203,0.7198043798214138,0.0230042489717603,0.6669532708727869,13.165310262575835,-1.5303245871454179,6.797241798826634,8.967152278943521,0.6106133456328731,0.0593526733337457,0.2725728771821261,1.1537520828701384,0.8627562804973592,1.2669333763669397,5.836205414144115,2.7940583177956273,1.6526110284555275,24.038195720212126,11.347464634183758,0.0288482556583099,0.5993504598229245,-0.4347846828426821,0.5975052804578049,0.0077819439492163,-1.5739313347440342,-0.1890226727280254,-1.5016415133417842,0.6116464084871917,0.2830487546480334,0.6416014861989053,0.7410875628840683,1.219113874003074,0.5623653801853606,24.60405667467397,20.91093130334496,24.487707604303267,0.11400339581062614,0.27285564790973715
15_29_38_37_21_18_58,Q1: Weak/Brittle,3.24973,17.299383569135205,369,11439,1.0,0.024390243902439,1.0,44.095197579514426,-1.4625455547444357,200.37784201278745,3.85086118500438,1.0,0.024390243902439,1.0,44.095197579514426,-1.4625455547444357,200.37784201278745,7.701722370008759,0.9838136875171696,0.0244089074547521,0.9876803493785123,42.31098074734276,-1.4613115676043777,165.31261928695417,8.16045189271125,0.9838011021842368,0.0244318998252878,0.9876705821320108,42.309593466399,-1.4597913698904312,165.31184071978322,8.160446336230905,0.8129429168099701,0.0279712703089563,0.8216302919402296,23.475899838993726,-1.22577709503656,15.911606579911409,9.650280167185487,0.8130871017129562,0.0279774037522711,0.821796517496624,23.49179333735079,-1.2253715671902121,15.950883034373271,9.64916619063584,0.7787671057418973,0.0383185943677509,0.7796578900016871,19.708701014341386,-0.5416380518169123,19.55542212482436,9.244515769501565,0.7084609011546298,0.0182062719043623,0.6589462407103533,11.958849788883494,-1.871414230551052,10.278926253805372,9.075493726967569,0.6069036013569025,0.0223056256195254,0.2433645450247704,0.7641910967807072,-1.6003752727900922,1.1900837980593078,5.736963603605743,2.7926958943459654,0.45361384196758214,23.789242811260305,10.050832679827971,0.0134647549625615,0.6015171138033665,0.9525484339576668,0.5993340972041403,0.0055705457995082,-0.4373858272596394,-0.9872068687523423,-0.3296000046875699,0.6079901064921299,0.2657420159861401,0.7108912373111179,1.3424301012818938,1.1844632248221452,2.2308908256296576,22.192273090501413,23.08193711455685,24.48820102109082,0.09676403755230478,0.25399370482945804
15_29_45_16_37_23_51,Q1: Weak/Brittle,3.352870833333333,16.553625123203897,368,11408,1.0,0.0230978260869565,1.0,44.19242311122426,-1.5464910008313892,200.3762429484253,3.847062227668402,1.0,0.0230978260869565,1.0,44.19242311122426,-1.5464910008313892,200.3762429484253,7.694124455336804,0.9977102340931688,0.0230944875201427,0.9982786463179854,43.939371960436404,-1.5467123349996335,198.06916049472656,7.8232984316628436,0.9976930364304638,0.0230951312361289,0.9982657033382708,43.937471378230434,-1.5466696590999625,198.03884661925204,7.824244922562838,0.8114691289995697,0.0151998364262808,0.8181546130390586,23.3571256149316,-2.070097407365815,19.16505012010512,9.59872941001906,0.8115462391797952,0.0152324318860849,0.8182682421416515,23.36564736808781,-2.0679364534635405,19.182848249293084,9.598408845247397,0.7765801749614473,0.0303084359688051,0.7763179274332134,19.50140833711187,-1.0684552358626416,15.555855945396456,9.188396971676438,0.6914246109023466,0.0257515995848123,0.6373780059995526,10.090527767680252,-1.370556001588849,7.354280350742243,9.060849869197302,0.607980035128127,0.0393472530496519,0.2980665618277029,0.8687353286911346,-0.4692163492142035,2.065156696829088,5.580997272618321,2.8408387613127717,0.9699520934537191,23.164929008646773,12.677276972310077,0.0310242219391459,0.6020580607094783,1.286778260432691,0.6012522718057431,0.0097818470094631,0.7864068724710884,0.5361501975715425,1.1202726457016403,0.6091196123047958,0.3161472516497268,0.7860262635903745,0.8855972526036104,1.5474226105076632,0.4376973571944007,24.093320398891265,21.209014543106285,24.503814068083717,0.17774313758921617,0.2708635649963361
15_2_33_45_64_53_4,Q4: Strong/Tough,3.9130441666666673,23.24874898751875,374,11594,1.0,0.0173796791443849,1.0,44.228901369510815,-1.916671978926034,200.37059658743425,3.866518229264008,1.0,0.0173796791443849,1.0,44.228901369510815,-1.916671978926034,200.3705965874342,7.733036458528016,0.9999991389812092,0.0173797234142953,0.9999993542354936,44.22880614795338,-1.9166690185916513,200.3708088799227,7.735803250928948,0.9699516515306588,0.0191106307010957,0.9769235047457084,40.905802535715154,-1.8009230342860523,169.95595466721775,8.343752911146943,0.7795071234287669,0.0230251813828351,0.7918448107821935,19.844212748712934,-1.5391565461400414,17.861703800892087,10.015790430104722,0.779584281220786,0.0229834461353374,0.7919390707848406,19.85274576239715,-1.541947387301031,17.892706230585915,10.015114326447163,0.7678651133515235,0.0359777840126132,0.7723939855393197,18.556702716333003,-0.6730144066183661,22.050117530376024,9.153790388466762,0.7134956476317915,0.0257397857363808,0.6725146531534956,12.543889456007571,-1.3576306173410346,11.925338678104447,8.84948885545917,0.6184291189107168,0.048800474196646,0.2340086781835559,2.030317602022389,0.1844404715918537,0.8783088749295652,5.528017901811901,3.019633310277412,1.910144063394406,24.335870849542452,9.977986570494895,0.0333839877736603,0.5981910200715195,-1.0873552045559682,0.6026891763710001,0.0052790576211165,1.7408811842515404,-1.1053835156115628,1.3629246944361233,0.6186211833258973,0.2353775400539318,1.187906885646756,1.2784062923234998,2.7767351590090854,0.9836233509429816,23.48389355020628,23.775812530970303,22.93858298407928,0.06093562636166161,0.19416645696551751
15_2_6_81_86_21_5,Q4: Strong/Tough,4.243072500000001,18.53529578174792,368,11408,1.0,0.0720108695652174,1.0,44.19242311122426,1.6962560814841383,200.3707922265813,3.8457575589731015,1.0,0.0720108695652174,1.0,44.19242311122426,1.6962560814841383,200.3707922265813,7.691515117946203,0.9817689724778826,0.0701036060766996,0.9861385058202118,42.17763964329265,1.569811831182134,181.0848858397188,8.142620281164188,0.9817758288610522,0.0701090284067537,0.9861436853409432,42.17839736950655,1.5701713108569186,181.08778610245687,8.142534512114539,0.7825686267851545,0.0619424141068865,0.7942944341954054,20.163216000902228,1.028756121571866,13.959304114140505,10.11836562114575,0.7826931823724893,0.0620122022417712,0.7944523597604833,20.17698113497908,1.0333828071077638,13.994669943874342,10.117429161511264,0.7702045901955037,0.0560568814544524,0.7689495701739032,18.796817069876052,0.6385678920245514,22.326824777382864,9.11382606063854,0.7066186343798659,0.0673579581973177,0.6479456624031643,11.769679821876444,1.3877859130057573,10.597318497224018,8.613696359193602,0.6041499670023286,0.0393512147862217,0.1615373844235978,0.44545924446885055,-0.46895370128250535,0.7228119543173782,5.428427621958417,3.0131539420699056,0.21859276486580625,23.41799187163517,7.331295895719248,0.0090398970885747,0.6021402572044704,1.3378198844785394,0.5986517097411115,0.0076694027295702,-0.828466258355369,-0.2650057986998619,-1.0581058545518671,0.6022135148400971,0.1650217617805538,0.9255872446985264,1.543700968281171,1.4793488835355797,0.826445960435678,20.20155591106805,22.8459470644505,27.17611126834161,0.055840090351889776,0.18118074928844394
15_30_10_43_42_47_29,Q4: Strong/Tough,4.018889166666667,21.292822260082293,378,11718,1.0,0.0317460317460317,1.0,44.79242860437828,-0.94657798738166,200.3722563161266,3.883440067353321,1.0,0.0317460317460317,1.0,44.79242860437828,-0.94657798738166,200.3722563161266,7.766880134706641,0.9818928154947008,0.0319434692500361,0.9862252001884624,42.76402499022114,-0.933340070470465,166.90006896197053,8.228517817705098,0.981938068071968,0.0319392203990945,0.9862604718807176,42.769094275910035,-0.9336249501645058,166.9369273178264,8.228071398529536,0.7711509388556537,0.0257450313455067,0.7789517679865904,19.1562916010905,-1.348936926666214,14.193760711424895,9.900571142756302,0.7712444330231613,0.025707104515312,0.7790991309583571,19.166765007777194,-1.3514798692006338,14.211498854701558,9.8996661074271,0.7733016737534204,0.0346717064567109,0.773095151431086,19.39722129606584,-0.75041546534991,22.2231204945123,9.32686108894461,0.7391094369650744,0.0425108962505281,0.7041128945115115,15.56693742960939,-0.2248084198955148,14.195721829570353,8.848795556771323,0.6124995052020248,0.052678726499262,0.3064759400203164,1.3838355177025812,0.4569308103415073,0.7699706363778175,5.723983935013012,2.990966104632119,1.487410747767711,25.414017950556477,12.669273775492844,0.0399525108448509,0.6019082562562664,1.2049851902371425,0.6022487739213026,0.0091489418221155,1.4189578555806905,0.36571707075155474,1.24059693344542,0.6108959067356652,0.3238215103105644,1.6090292212216963,0.7044001696940252,1.7337411774983085,0.5061451491455512,23.09232407336955,23.05260833346213,24.283711562475048,0.016836418167845778,0.06676856066261941
15_32_25_23_47_45_29,Q2: Weak/Tough,3.3355558333333337,19.288462536741665,369,11439,1.0,0.024390243902439,1.0,44.095197579514426,-1.4625455547444357,200.37944699758893,3.848256243817971,1.0,0.024390243902439,1.0,44.095197579514426,-1.4625455547444357,200.37944699758893,7.6965124876359425,0.9753336492026746,0.0249049657602582,0.9809930701427642,41.37622632973023,-1.4285134400322876,155.86181887588896,8.278364802982967,0.9753336492026746,0.0249049657602582,0.9809930701427642,41.37622632973023,-1.4285134400322876,155.86181887588896,8.278364802982967,0.8220006337714065,0.0320072369226544,0.8383097705151804,24.474331759839462,-0.9589291330057355,15.936186982130726,9.59157161353637,0.822098655850021,0.0320105059989046,0.8384121974925516,24.48513673118632,-0.9587129899058078,15.971636740817232,9.59122427317882,0.7783386626057308,0.0226742009321407,0.7732471289199636,19.661473737839245,-1.5760060000878715,16.576831106381466,9.000662596839378,0.7074826218544108,0.0471644229718181,0.6478624668277079,11.851014085361317,0.043225888201269526,9.890961712766757,8.996243028455373,0.6211965037790386,0.0334449143861509,0.2530211353140597,2.3396973839114676,-0.8638735148820359,0.7950565282221392,5.641689491141716,2.970598452862652,2.2544901127929284,22.978812831970618,10.540254537241962,0.0477331092760078,0.5958558190389824,-2.652017632400658,0.5979703620063748,0.0054089826003386,-1.3056807707219282,-1.046645928037837,-0.8398754801933721,0.6187782783952881,0.2889010585787686,0.6804741169821987,0.8943450229061697,1.618339209165132,0.7768292932213666,23.81074656751521,25.469163515777275,20.702783456913075,0.10809431519792861,0.3214472418219158
15_34_11_33_51_49_23,Q4: Strong/Tough,4.1047183333333335,22.820298196095838,371,11501,1.0,0.0094339622641509,1.0,44.231396870145275,-2.472258640761049,200.3794599892757,3.856166017068381,1.0,0.0094339622641509,1.0,44.231396870145275,-2.472258640761049,200.3794599892757,7.712332034136761,0.9811556709655004,0.0129869046929048,0.9856452127277224,42.14798469820255,-2.2343120910510166,163.96790905961288,8.23780187559885,0.9811659466022178,0.0129875076370696,0.9856531123511226,42.149120763412,-2.234271710862888,163.97422914823542,8.237716464475918,0.7955378402799609,0.0290061409166708,0.8037437415567104,21.626243272871612,-1.1614768101900328,16.853124199561183,9.75191425104551,0.795607789170916,0.0290220600370832,0.8038285185062224,21.63397675972397,-1.160410679833995,16.868698896661314,9.751309104191211,0.783668185961452,0.0380099411137865,0.7879464210131516,20.3139449024356,-0.5584771179226882,22.71582265910774,9.17462307391259,0.7162189918157269,0.041469714848553,0.6751036220620055,12.856822294691698,-0.32677023286240486,12.00403114141324,8.990403038128065,0.607416733626297,0.0406705553277808,0.2628317303175206,0.8277418943381004,-0.38029129447509236,0.2989372492770841,5.609550111482604,3.043719495759504,0.8043791696411047,24.30957962042281,11.453198630752942,0.0161676670306582,0.598827932367287,-0.7256250197613573,0.602072731939236,0.0042248312947093,1.2515092135036052,-1.503902516759644,1.2890889817681865,0.6110929943366058,0.2849675467180856,0.4497453987500019,1.1247924676405672,1.073526923107724,0.4025309800976632,22.05810193677982,25.174542802005075,22.763358749912328,0.03707191224765931,0.049704558601737024
15_34_24_15_56_25_47,Q1: Weak/Brittle,3.560760833333333,16.598543393237495,379,11749,1.0,0.0092348284960422,1.0,44.601299060790396,-2.4519229210415516,200.38133441147733,3.886208364137653,1.0,0.0092348284960422,1.0,44.601299060790396,-2.4519229210415516,200.38133441147733,7.772416728275307,0.973057598076034,0.011486421945762,0.9791954346947416,41.59689554465065,-2.300939363212301,162.82670185264723,8.320704845559177,0.982279318759548,0.0110043084318862,0.9864952294603434,42.625228880505276,-2.333268118481859,159.90200399027594,8.26764020978253,0.7951587390617764,0.0252197271015752,0.8054936612807271,21.759022178792726,-1.3800345375931353,22.36898747691843,9.500513727625192,0.7952686714147308,0.025180787907288,0.8056458961105234,21.771280965098633,-1.3826456564401979,22.38444191241661,9.500153240962463,0.7597751673359432,0.0324893743009124,0.750592037147543,17.81332618603443,-0.8925587908254545,16.37589761896638,9.19544956292322,0.7009599719606833,0.0259508105470007,0.6285303488630958,11.254720895884207,-1.3310107763656611,6.7177338602445245,9.13625232247014,0.6081090396710713,0.033265106709572,0.2586387025008564,0.9007194881767693,-0.840541034690369,1.053693156922438,5.7779484455000665,2.855319814067875,1.0762977038509787,23.91214459134438,10.767171564100588,0.0241226646038373,0.5990195130220054,-0.601609159248195,0.5972433513135679,0.0033544482796492,-1.6901505927573326,-1.8261438043237217,-0.9162331998908734,0.6156265978783084,0.2818345536953402,0.3651360762339528,0.682541694936555,1.0868524771232602,1.1904533670085753,24.488372599518627,23.602328481773338,22.37037691766589,0.07561085006782446,0.1688303811450279
15_37_16_44_24_41_39,Q1: Weak/Brittle,2.778280833333333,10.548203700958334,368,11408,1.0,0.0190217391304347,1.0,44.19242311122426,-1.8167199243576868,200.3800606598984,3.851629565384564,1.0,0.0190217391304347,1.0,44.19242311122426,-1.8167199243576868,200.3800606598984,7.703259130769127,0.9863330711214252,0.0191783702802173,0.9896281154890372,42.68203636376618,-1.8063358801878941,160.5205685596741,8.190024249139281,0.9862678228517238,0.0191747582128915,0.9895779659522198,42.674825517589454,-1.8065753463905456,160.48947662110004,8.190527376297261,0.8024677993080896,0.0303408335980656,0.8104386297151812,22.36235281730436,-1.0663073973662471,16.56261679149334,9.664427644646151,0.8026213761075169,0.0303090575493795,0.8106149108812369,22.379325201124665,-1.0684140274558298,16.603468424254455,9.663454036936209,0.7839443631715892,0.0281567773782913,0.7759319971331362,20.315254108697197,-1.2111019435783204,19.033059843580563,9.1234871942923,0.7168092028022599,0.027760834796108,0.6440523819959124,12.895880128543565,-1.2373514173758362,11.783744627390588,8.89779165732468,0.6138251650752823,0.0414963946262346,0.3078017301760552,1.514703921034778,-0.3267365098632966,1.145425516307178,5.5721342296174985,2.9633343388234845,1.5785742527584454,23.559212498975334,13.33982569294076,0.0319725463760749,0.5996645338382668,-0.19953205870905857,0.5978436483329499,0.0108174834631226,-1.3302488052305819,0.9289209620854479,-1.1263096950334681,0.6179133692449342,0.3350769195250511,0.9929841635943096,1.218925177414679,1.5136927451159805,0.8847275268710553,23.42683705140131,23.463797439360064,22.903417727391,0.28669642061578327,0.41730596203175346
15_40_26_21_26_45_43,Q1: Weak/Brittle,2.718625,10.198635268297917,371,11501,1.0,0.0417789757412399,1.0,44.231396870145275,-0.3060585090304765,200.3823655569976,3.857463501898176,1.0,0.0417789757412399,1.0,44.231396870145275,-0.3060585090304765,200.3823655569976,7.714927003796355,0.9840845053511436,0.0407541747573719,0.9878847307177664,42.471794009613006,-0.374691160175449,160.57147811946683,8.21684216598487,0.9840679687230984,0.0407529944126034,0.9878719987767836,42.46996573479945,-0.3747702098563164,160.56237729153153,8.216962446450284,0.776023246228085,0.0358087116927169,0.7710382513836499,19.468727199799137,-0.7058971666194594,7.384280917368232,9.617432688710014,0.776094535007297,0.0357810620055602,0.7711367989554719,19.476608823499355,-0.7077489128245915,7.392607787789349,9.616839728149506,0.7626636349588652,0.0358404813427459,0.7491147076760645,17.991700520857215,-0.7037694995487188,8.334432073064756,9.2897533686264,0.7262106054882044,0.0241775765581936,0.6806101808124402,13.961486170199203,-1.4848539130257372,5.30032020057445,9.163704495368048,0.626091506872115,0.0494327575636382,0.322318417012492,2.892408129860599,0.20652817465293374,1.2102085910697198,5.631679651049533,2.917048261886187,2.4022592536165295,23.396599385968372,13.43463875722807,0.0537379461343836,0.5982856467007662,-1.056052687699936,0.6003433588106666,0.007988288535773,0.19776067256384625,-0.11687380893339458,0.21278265253037493,0.6295607150262923,0.3558931918641007,0.9979899768954296,0.6801000162267585,1.1802217561667243,0.4861184573228915,23.600409609545174,23.179770935834423,23.13484106833381,0.11436527369954466,0.31093673404066124
15_4_0_106_42_48_1,Q4: Strong/Tough,4.268621666666666,20.26627324558229,368,11408,1.0,0.029891304347826,1.0,44.19242311122426,-1.0961094616209037,200.3827956179472,3.84999841022196,1.0,0.029891304347826,1.0,44.19242311122426,-1.0961094616209037,200.3827956179472,7.699996820443917,0.9783855504966832,0.0292534532373705,0.9835141562876276,41.803724203557444,-1.1383965425362546,176.22249140471612,8.206870565721534,0.9784410171977432,0.029259166667502,0.9835574044591152,41.8098540496224,-1.1380177640434141,176.2724113204215,8.206369328178743,0.7971515532171172,0.0309977070419194,0.8122211748653724,21.774833286518007,-1.0227592087434279,18.414148637876902,9.905006567629972,0.7972303863332929,0.0309594131983546,0.8123090189492455,21.78354544818875,-1.0252979436218983,18.455934309230084,9.904647927009792,0.7857701577430352,0.029437960901338,0.7917980278580413,20.51702993915578,-1.1261643924501252,28.59659859495705,8.990741775871724,0.7328107197854343,0.0433573073239547,0.6856652945088332,14.664271506397315,-0.2033651391233474,9.75202952181716,8.623720161600755,0.5902640523556394,0.0280965233008365,0.1611900051138985,-1.0891284924712539,-1.2150965576928765,0.9832008242083754,5.542023466982992,3.167807864675646,-1.1476450083203538,22.7984593235959,7.1453310757516535,0.0063314805172202,0.5993072854862703,-0.42137285709540084,0.6013433563825081,0.0083332252182874,0.8429677358517179,-0.013247505069246114,0.7926957088556126,0.5905550247457734,0.1648114666457944,1.15087527820201,0.4376829358608638,1.487741121886837,0.3985600548055534,24.52438117983148,20.50440487215788,24.872797880454375,0.04327109900548692,0.08479860166469404
15_8_29_55_35_41_33,Q4: Strong/Tough,4.171101666666666,22.982821192789377,387,11997,1.0,0.0193798449612402,1.0,45.36668422832275,-1.770160361921031,200.36781016034917,3.912010960675074,1.0,0.0193798449612402,1.0,45.36668422832275,-1.770160361921031,200.36781016034917,7.824021921350148,0.9839595836287726,0.0198251126140251,0.9877997351693244,43.547480637245464,-1.7400378069569786,178.71785445615012,8.21314046462254,0.9839157040793984,0.0198442219142038,0.9877656158831838,43.54250409349817,-1.738745054291571,178.6910381337408,8.213441984267522,0.8076385797992617,0.0279650301171774,0.8213796463491998,23.550256380375888,-1.1893687636119292,19.81598466044998,9.909789236793918,0.8077648882612483,0.0280050729745725,0.8215478828090258,23.564581495280112,-1.1866598464802725,19.843919937317413,9.909042819711292,0.7756273025508021,0.0295399430328385,0.7846622545824902,19.919737746842948,-1.0828252036455042,18.58438789367308,9.370311105927248,0.7309548314631219,0.0397291319604938,0.6976861333046995,14.853265783510418,-0.39352203600516555,11.993095014327665,8.93338671526733,0.6040000769563829,0.0269345281548383,0.2659495452075578,0.45485242827648154,-1.2590826801899178,1.1120931288655806,5.453316555454597,2.8718952594097633,0.7750023080461587,25.66343650716972,12.274646173054798,0.0266495286269889,0.6012136492678241,0.7454639865137969,0.5985538433347416,0.0079273918716752,-0.9789544582457081,-0.09119506355506224,-1.024409370317591,0.6048810914872779,0.2754977943465084,1.5964371115861271,0.8593915291006039,3.054876238463749,2.622913498190282,25.19867358714017,24.79578441675841,21.10151485477837,0.03924807178096238,0.023596159062651157
15_8_45_29_47_29_43,Q1: Weak/Brittle,3.437021666666667,17.799201179366666,388,12028,1.0,0.0438144329896907,1.0,44.81865812132556,-0.10127266373604488,200.37477314941864,3.9474344351899218,1.0,0.0438144329896907,1.0,44.81865812132556,-0.10127266373604488,200.37477314941864,7.894868870379843,0.9828639750056284,0.0417403376597216,0.9869596634747666,42.89817621812391,-0.24210592850784282,178.62820480991252,8.256394971023894,0.9829073625837688,0.0417451873399978,0.9869933217640774,42.90303878448161,-0.2417766300920335,178.65527791674364,8.256029373910266,0.7858565783048357,0.04278549677714,0.8000718420492654,20.819010233888218,-0.17113851992964746,15.666385633082973,10.11662933572107,0.7859923639488738,0.0427887862028272,0.8002362302792374,20.834228108055388,-0.17091516444927998,15.685642886844922,10.115727928413376,0.7716557908161795,0.031798315106812,0.7742369354266508,19.227488548308607,-0.9171797664022491,18.95768155943969,9.281144687418866,0.7054609221245677,0.0546727532851936,0.6554916594128394,11.808845808886511,0.6360187592075336,9.406756186775278,8.955451730844453,0.6183413534623308,0.0537068154942915,0.2787362919357835,2.045113841553697,0.5704305624194776,0.966341961244917,5.6875054255772985,3.034935484317064,1.7609097359445367,24.776258819564866,12.364610652741998,0.0525274699252711,0.5986003472141624,-0.8649858706957937,0.6015975578522864,0.0070579490056989,1.0533018915882653,-0.403537144695483,1.1448497336072447,0.6169714219103425,0.2867470883157737,0.5432659296984464,1.3345654175611863,1.3323964101418004,0.5964881720863107,19.47958576545786,24.38361511857037,27.845251470137,0.15689133031655345,0.1315595793304733
